Row,Sample,Study,Country,Set,Model,Fold,y_true,prob,pred
0,PD0003-C,1016-PF-TH-NOSTEN,Thailand,ExtendedStrict,XGBoost,1,0,0.11861944943666458,0
1,PD0004-03,1016-PF-TH-NOSTEN,Thailand,ExtendedStrict,XGBoost,1,0,0.07138217985630035,0
2,PD0004-C,1016-PF-TH-NOSTEN,Thailand,ExtendedStrict,XGBoost,1,0,0.13995398581027985,0
3,PD0005-01,1016-PF-TH-NOSTEN,Thailand,ExtendedStrict,XGBoost,1,0,0.032265111804008484,0
4,PD0005-C,1016-PF-TH-NOSTEN,Thailand,ExtendedStrict,XGBoost,1,0,0.1232495829463005,0
5,PD0006-01,1016-PF-TH-NOSTEN,Thailand,ExtendedStrict,XGBoost,1,0,0.0255241971462965,0
6,PD0007-01,1016-PF-TH-NOSTEN,Thailand,ExtendedStrict,XGBoost,1,0,0.016068710014224052,0
7,PD0008-02,1016-PF-TH-NOSTEN,Thailand,ExtendedStrict,XGBoost,1,0,0.0281969103962183,0
8,PD0009-01,1016-PF-TH-NOSTEN,Thailand,ExtendedStrict,XGBoost,1,0,0.023158933967351913,0
9,PD0011-01,1016-PF-TH-NOSTEN,Thailand,ExtendedStrict,XGBoost,1,0,0.026158098131418228,0
10,PD0015-02,1016-PF-TH-NOSTEN,Thailand,ExtendedStrict,XGBoost,1,0,0.06438154727220535,0
11,PD0016-C,1016-PF-TH-NOSTEN,Thailand,ExtendedStrict,XGBoost,1,0,0.11698973923921585,0
12,PD0017-C,1016-PF-TH-NOSTEN,Thailand,ExtendedStrict,XGBoost,1,0,0.1084556058049202,0
13,PD0018-C,1016-PF-TH-NOSTEN,Thailand,ExtendedStrict,XGBoost,1,0,0.04536369815468788,0
14,PD0019-C,1016-PF-TH-NOSTEN,Thailand,ExtendedStrict,XGBoost,1,0,0.03893802687525749,0
15,PD0020-C,1016-PF-TH-NOSTEN,Thailand,ExtendedStrict,XGBoost,1,0,0.03634336590766907,0
16,PD0021-C,1016-PF-TH-NOSTEN,Thailand,ExtendedStrict,XGBoost,1,0,0.04798625037074089,0
17,PD0022-C,1016-PF-TH-NOSTEN,Thailand,ExtendedStrict,XGBoost,1,0,0.11861944943666458,0
18,PD0023-C,1016-PF-TH-NOSTEN,Thailand,ExtendedStrict,XGBoost,1,0,0.04798625037074089,0
847,PG0607-C,1185-PF-KH-KYLE,Cambodia,ExtendedStrict,XGBoost,1,0,0.0490916445851326,0
848,PG0608-C,1185-PF-KH-KYLE,Cambodia,ExtendedStrict,XGBoost,1,0,0.06527183949947357,0
849,PG0609-C,1185-PF-KH-KYLE,Cambodia,ExtendedStrict,XGBoost,1,0,0.14598844945430756,0
850,PG0610-C,1185-PF-KH-KYLE,Cambodia,ExtendedStrict,XGBoost,1,0,0.07808130234479904,0
851,PG0611-C,1185-PF-KH-KYLE,Cambodia,ExtendedStrict,XGBoost,1,0,0.06529282033443451,0
1756,PV0002-C,1020-PF-VN-BONI,Vietnam,ExtendedStrict,XGBoost,1,1,0.02148769423365593,0
1757,PV0004-C,1020-PF-VN-BONI,Vietnam,ExtendedStrict,XGBoost,1,0,0.20636862516403198,0
1758,PV0006-C,1020-PF-VN-BONI,Vietnam,ExtendedStrict,XGBoost,1,0,0.10333769023418427,0
1759,PV0008-C,1020-PF-VN-BONI,Vietnam,ExtendedStrict,XGBoost,1,1,0.4102862775325775,0
1760,PV0014-C,1020-PF-VN-BONI,Vietnam,ExtendedStrict,XGBoost,1,0,0.07941684126853943,0
1761,PV0015-C,1020-PF-VN-BONI,Vietnam,ExtendedStrict,XGBoost,1,0,0.10390693694353104,0
1762,PV0017-C,1020-PF-VN-BONI,Vietnam,ExtendedStrict,XGBoost,1,0,0.011154286563396454,0
1763,PV0018-C,1020-PF-VN-BONI,Vietnam,ExtendedStrict,XGBoost,1,0,0.11159416288137436,0
1764,PV0020-C,1020-PF-VN-BONI,Vietnam,ExtendedStrict,XGBoost,1,0,0.030172962695360184,0
1765,PV0023-C,1020-PF-VN-BONI,Vietnam,ExtendedStrict,XGBoost,1,0,0.02173433266580105,0
1766,PV0028-C,1020-PF-VN-BONI,Vietnam,ExtendedStrict,XGBoost,1,1,0.9536572694778442,1
1767,PV0030-C,1020-PF-VN-BONI,Vietnam,ExtendedStrict,XGBoost,1,0,0.02708844095468521,0
1768,PV0031-C,1020-PF-VN-BONI,Vietnam,ExtendedStrict,XGBoost,1,1,0.23078636825084686,0
1769,PV0035-C,1020-PF-VN-BONI,Vietnam,ExtendedStrict,XGBoost,1,0,0.05902060493826866,0
1770,PV0037-C,1020-PF-VN-BONI,Vietnam,ExtendedStrict,XGBoost,1,0,0.5103238821029663,1
1771,PV0039-C,1020-PF-VN-BONI,Vietnam,ExtendedStrict,XGBoost,1,1,0.01607806794345379,0
1772,PV0041-C,1020-PF-VN-BONI,Vietnam,ExtendedStrict,XGBoost,1,0,0.039904188364744186,0
1773,PV0046-C,1020-PF-VN-BONI,Vietnam,ExtendedStrict,XGBoost,1,0,0.029546214267611504,0
1774,PV0048-C,1020-PF-VN-BONI,Vietnam,ExtendedStrict,XGBoost,1,0,0.50574791431427,1
2200,QC0392-CW,1149-PF-MM-RINGWALD,Myanmar,ExtendedStrict,XGBoost,1,1,0.589240312576294,1
2201,QC0396-CW,1149-PF-MM-RINGWALD,Myanmar,ExtendedStrict,XGBoost,1,0,0.548329770565033,1
2202,QC0399-CW,1149-PF-MM-RINGWALD,Myanmar,ExtendedStrict,XGBoost,1,0,0.670318067073822,1
2203,QC0402-CW,1149-PF-MM-RINGWALD,Myanmar,ExtendedStrict,XGBoost,1,1,0.17433124780654907,0
2204,QC0404-CW,1149-PF-MM-RINGWALD,Myanmar,ExtendedStrict,XGBoost,1,0,0.548329770565033,1
2205,QC0409-CW,1149-PF-MM-RINGWALD,Myanmar,ExtendedStrict,XGBoost,1,0,0.1834026277065277,0
2206,QC0417-CW,1149-PF-MM-RINGWALD,Myanmar,ExtendedStrict,XGBoost,1,0,0.21444973349571228,0
2207,QC0420-CW,1149-PF-MM-RINGWALD,Myanmar,ExtendedStrict,XGBoost,1,1,0.6030480265617371,1
2208,QC0421-CW,1149-PF-MM-RINGWALD,Myanmar,ExtendedStrict,XGBoost,1,0,0.2147136926651001,0
2209,QC0424-CW,1149-PF-MM-RINGWALD,Myanmar,ExtendedStrict,XGBoost,1,0,0.30323249101638794,0
2210,QC0428-CW,1149-PF-MM-RINGWALD,Myanmar,ExtendedStrict,XGBoost,1,0,0.5487449169158936,1
2211,QC0436-CW,1149-PF-MM-RINGWALD,Myanmar,ExtendedStrict,XGBoost,1,0,0.01846315898001194,0
2212,QC0438-CW,1149-PF-MM-RINGWALD,Myanmar,ExtendedStrict,XGBoost,1,1,0.2949824929237366,0
2213,QC0439-CW,1149-PF-MM-RINGWALD,Myanmar,ExtendedStrict,XGBoost,1,1,0.6732144951820374,1
2214,QC0442-CW,1149-PF-MM-RINGWALD,Myanmar,ExtendedStrict,XGBoost,1,0,0.5509649515151978,1
2215,QC0443-CW,1149-PF-MM-RINGWALD,Myanmar,ExtendedStrict,XGBoost,1,0,0.256479948759079,0
2216,QC0444-CW,1149-PF-MM-RINGWALD,Myanmar,ExtendedStrict,XGBoost,1,0,0.5569319128990173,1
2217,QC0445-CW,1149-PF-MM-RINGWALD,Myanmar,ExtendedStrict,XGBoost,1,1,0.2633017599582672,0
2218,QC0446-CW,1149-PF-MM-RINGWALD,Myanmar,ExtendedStrict,XGBoost,1,0,0.6686715483665466,1
2219,QC0448-CW,1149-PF-MM-RINGWALD,Myanmar,ExtendedStrict,XGBoost,1,1,0.17007280886173248,0
2220,QC0462-C,1149-PF-MM-RINGWALD,Myanmar,ExtendedStrict,XGBoost,1,0,0.5128014087677002,1
2221,QC0471-CW,1149-PF-MM-RINGWALD,Myanmar,ExtendedStrict,XGBoost,1,1,0.2717091143131256,0
2222,QC0477-CW,1149-PF-MM-RINGWALD,Myanmar,ExtendedStrict,XGBoost,1,0,0.7700833678245544,1
2223,QC0479-CW,1149-PF-MM-RINGWALD,Myanmar,ExtendedStrict,XGBoost,1,1,0.582686185836792,1
2224,QC0481-CW,1149-PF-MM-RINGWALD,Myanmar,ExtendedStrict,XGBoost,1,1,0.6157727241516113,1
2225,QC0485-CW,1149-PF-MM-RINGWALD,Myanmar,ExtendedStrict,XGBoost,1,0,0.1299160122871399,0
2226,QC0487-CW,1149-PF-MM-RINGWALD,Myanmar,ExtendedStrict,XGBoost,1,0,0.5411260724067688,1
2227,QC0488-CW,1149-PF-MM-RINGWALD,Myanmar,ExtendedStrict,XGBoost,1,0,0.03684202954173088,0
2228,QC0490-CW,1149-PF-MM-RINGWALD,Myanmar,ExtendedStrict,XGBoost,1,0,0.6582063436508179,1
2229,QC0491-CW,1149-PF-MM-RINGWALD,Myanmar,ExtendedStrict,XGBoost,1,0,0.4580821692943573,0
2230,QC0494-CW,1149-PF-MM-RINGWALD,Myanmar,ExtendedStrict,XGBoost,1,1,0.18975625932216644,0
2231,QC0497-CW,1149-PF-MM-RINGWALD,Myanmar,ExtendedStrict,XGBoost,1,0,0.5509649515151978,1
2232,QC0504-CW,1149-PF-MM-RINGWALD,Myanmar,ExtendedStrict,XGBoost,1,1,0.1893051117658615,0
2233,QC0505-CW,1149-PF-MM-RINGWALD,Myanmar,ExtendedStrict,XGBoost,1,1,0.5156591534614563,1
2234,QC0506-CW,1149-PF-MM-RINGWALD,Myanmar,ExtendedStrict,XGBoost,1,0,0.07125117629766464,0
2235,QC0507-CW,1149-PF-MM-RINGWALD,Myanmar,ExtendedStrict,XGBoost,1,0,0.615764856338501,1
2236,QC0523-CW,1149-PF-MM-RINGWALD,Myanmar,ExtendedStrict,XGBoost,1,0,0.12443552911281586,0
2237,QC0524-CW,1149-PF-MM-RINGWALD,Myanmar,ExtendedStrict,XGBoost,1,0,0.5082110166549683,1
2238,QC0530-CW,1149-PF-MM-RINGWALD,Myanmar,ExtendedStrict,XGBoost,1,0,0.5136863589286804,1
2239,QC0534-C,1149-PF-MM-RINGWALD,Myanmar,ExtendedStrict,XGBoost,1,0,0.5096758604049683,1
2240,QC0535-CW,1149-PF-MM-RINGWALD,Myanmar,ExtendedStrict,XGBoost,1,0,0.5502833724021912,1
2241,QC0536-CW,1149-PF-MM-RINGWALD,Myanmar,ExtendedStrict,XGBoost,1,0,0.13969704508781433,0
2242,QC0537-CW,1149-PF-MM-RINGWALD,Myanmar,ExtendedStrict,XGBoost,1,0,0.47658711671829224,0
2243,QC0542-CW,1149-PF-MM-RINGWALD,Myanmar,ExtendedStrict,XGBoost,1,0,0.47658711671829224,0
2244,QC0544-CW,1149-PF-MM-RINGWALD,Myanmar,ExtendedStrict,XGBoost,1,1,0.6551970839500427,1
2245,QC0547-CW,1149-PF-MM-RINGWALD,Myanmar,ExtendedStrict,XGBoost,1,0,0.5649977326393127,1
2246,QC0548-CW,1149-PF-MM-RINGWALD,Myanmar,ExtendedStrict,XGBoost,1,0,0.2555220127105713,0
2247,QC0551-CW,1149-PF-MM-RINGWALD,Myanmar,ExtendedStrict,XGBoost,1,1,0.5252655148506165,1
2248,QC0552-C,1149-PF-MM-RINGWALD,Myanmar,ExtendedStrict,XGBoost,1,0,0.485189825296402,0
2249,QC0554-CW,1149-PF-MM-RINGWALD,Myanmar,ExtendedStrict,XGBoost,1,1,0.5682932734489441,1
2250,QC0557-CW,1149-PF-MM-RINGWALD,Myanmar,ExtendedStrict,XGBoost,1,0,0.5682932734489441,1
2251,QC0558-CW,1149-PF-MM-RINGWALD,Myanmar,ExtendedStrict,XGBoost,1,0,0.42360323667526245,0
2252,QC0564-CW,1149-PF-MM-RINGWALD,Myanmar,ExtendedStrict,XGBoost,1,0,0.5040992498397827,1
2253,QC0572-CW,1149-PF-MM-RINGWALD,Myanmar,ExtendedStrict,XGBoost,1,0,0.5647164583206177,1
2254,QC0573-CW,1149-PF-MM-RINGWALD,Myanmar,ExtendedStrict,XGBoost,1,0,0.5775081515312195,1
2255,QC0574-CW,1149-PF-MM-RINGWALD,Myanmar,ExtendedStrict,XGBoost,1,0,0.2633017599582672,0
2256,QC0576-CW,1149-PF-MM-RINGWALD,Myanmar,ExtendedStrict,XGBoost,1,0,0.44151443243026733,0
2257,QC0581-CW,1149-PF-MM-RINGWALD,Myanmar,ExtendedStrict,XGBoost,1,0,0.6815367341041565,1
2258,QC0599-CW,1149-PF-MM-RINGWALD,Myanmar,ExtendedStrict,XGBoost,1,1,0.22770340740680695,0
2259,QC0603-CW,1149-PF-MM-RINGWALD,Myanmar,ExtendedStrict,XGBoost,1,0,0.5964376926422119,1
2260,QC0604-CW,1149-PF-MM-RINGWALD,Myanmar,ExtendedStrict,XGBoost,1,0,0.5964376926422119,1
2261,QC0606-CW,1149-PF-MM-RINGWALD,Myanmar,ExtendedStrict,XGBoost,1,1,0.1831681728363037,0
2262,QC0607-CW,1149-PF-MM-RINGWALD,Myanmar,ExtendedStrict,XGBoost,1,0,0.5647164583206177,1
2263,QC0608-CW,1149-PF-MM-RINGWALD,Myanmar,ExtendedStrict,XGBoost,1,1,0.25671151280403137,0
2264,QC0609-C,1149-PF-MM-RINGWALD,Myanmar,ExtendedStrict,XGBoost,1,0,0.06609655171632767,0
2904,RCN08807,1209-PF-VN-IMPEQN-GENRE,Vietnam,ExtendedStrict,XGBoost,1,1,0.9942001104354858,1
2905,RCN08808,1209-PF-VN-IMPEQN-GENRE,Vietnam,ExtendedStrict,XGBoost,1,1,0.9923362135887146,1
2906,RCN08809,1209-PF-VN-IMPEQN-GENRE,Vietnam,ExtendedStrict,XGBoost,1,1,0.9930914640426636,1
2907,RCN08810,1209-PF-VN-IMPEQN-GENRE,Vietnam,ExtendedStrict,XGBoost,1,1,0.9865440726280212,1
2908,RCN08811,1209-PF-VN-IMPEQN-GENRE,Vietnam,ExtendedStrict,XGBoost,1,0,0.03362976387143135,0
2909,RCN08812,1209-PF-VN-IMPEQN-GENRE,Vietnam,ExtendedStrict,XGBoost,1,1,0.8917224407196045,1
2910,RCN08813,1209-PF-VN-IMPEQN-GENRE,Vietnam,ExtendedStrict,XGBoost,1,1,0.9926241636276245,1
2911,RCN08814,1209-PF-VN-IMPEQN-GENRE,Vietnam,ExtendedStrict,XGBoost,1,1,0.9926241636276245,1
2912,RCN08815,1209-PF-VN-IMPEQN-GENRE,Vietnam,ExtendedStrict,XGBoost,1,1,0.6134564876556396,1
2913,RCN08816,1209-PF-VN-IMPEQN-GENRE,Vietnam,ExtendedStrict,XGBoost,1,1,0.9947136044502258,1
2914,RCN08817,1209-PF-VN-IMPEQN-GENRE,Vietnam,ExtendedStrict,XGBoost,1,1,0.9922710657119751,1
2915,RCN08818,1209-PF-VN-IMPEQN-GENRE,Vietnam,ExtendedStrict,XGBoost,1,1,0.9944331049919128,1
2916,RCN08819,1209-PF-VN-IMPEQN-GENRE,Vietnam,ExtendedStrict,XGBoost,1,1,0.9936289191246033,1
2917,RCN08820,1209-PF-VN-IMPEQN-GENRE,Vietnam,ExtendedStrict,XGBoost,1,1,0.9926241636276245,1
2918,RCN08821,1209-PF-VN-IMPEQN-GENRE,Vietnam,ExtendedStrict,XGBoost,1,0,0.14368562400341034,0
2919,RCN08822,1209-PF-VN-IMPEQN-GENRE,Vietnam,ExtendedStrict,XGBoost,1,0,0.14368562400341034,0
2920,RCN08824,1209-PF-VN-IMPEQN-GENRE,Vietnam,ExtendedStrict,XGBoost,1,0,0.05505342781543732,0
2921,RCN08827,1209-PF-VN-IMPEQN-GENRE,Vietnam,ExtendedStrict,XGBoost,1,1,0.1308015137910843,0
2922,RCN08828,1209-PF-VN-IMPEQN-GENRE,Vietnam,ExtendedStrict,XGBoost,1,0,0.3262871205806732,0
2923,RCN08829,1209-PF-VN-IMPEQN-GENRE,Vietnam,ExtendedStrict,XGBoost,1,1,0.15490779280662537,0
2924,RCN08830,1209-PF-VN-IMPEQN-GENRE,Vietnam,ExtendedStrict,XGBoost,1,0,0.1308015137910843,0
2925,RCN08831,1209-PF-VN-IMPEQN-GENRE,Vietnam,ExtendedStrict,XGBoost,1,0,0.13376887142658234,0
2926,RCN08833,1209-PF-VN-IMPEQN-GENRE,Vietnam,ExtendedStrict,XGBoost,1,0,0.02772870846092701,0
2927,RCN08834,1209-PF-VN-IMPEQN-GENRE,Vietnam,ExtendedStrict,XGBoost,1,0,0.0671263039112091,0
2928,RCN08878,1209-PF-VN-IMPEQN-GENRE,Vietnam,ExtendedStrict,XGBoost,1,0,0.03362976387143135,0
2929,RCN08883,1209-PF-VN-IMPEQN-GENRE,Vietnam,ExtendedStrict,XGBoost,1,0,0.017417078837752342,0
2930,RCN08884,1209-PF-VN-IMPEQN-GENRE,Vietnam,ExtendedStrict,XGBoost,1,0,0.04590009152889252,0
2931,RCN08887,1209-PF-VN-IMPEQN-GENRE,Vietnam,ExtendedStrict,XGBoost,1,0,0.012872917577624321,0
2932,RCN08888,1209-PF-VN-IMPEQN-GENRE,Vietnam,ExtendedStrict,XGBoost,1,0,0.13615041971206665,0
2933,RCN08889,1209-PF-VN-IMPEQN-GENRE,Vietnam,ExtendedStrict,XGBoost,1,0,0.6448981165885925,1
2934,RCN08890,1209-PF-VN-IMPEQN-GENRE,Vietnam,ExtendedStrict,XGBoost,1,0,0.07378127425909042,0
2935,RCN08891,1209-PF-VN-IMPEQN-GENRE,Vietnam,ExtendedStrict,XGBoost,1,0,0.07378127425909042,0
3123,RCN09220,1209-PF-VN-IMPEQN-GENRE,Vietnam,ExtendedStrict,XGBoost,1,0,0.4150281250476837,0
3124,RCN09225,1209-PF-VN-IMPEQN-GENRE,Vietnam,ExtendedStrict,XGBoost,1,1,0.15832242369651794,0
3125,RCN09226,1209-PF-VN-IMPEQN-GENRE,Vietnam,ExtendedStrict,XGBoost,1,1,0.09904111176729202,0
3126,RCN09229,1209-PF-VN-IMPEQN-GENRE,Vietnam,ExtendedStrict,XGBoost,1,1,0.1308015137910843,0
3127,RCN09230,1209-PF-VN-IMPEQN-GENRE,Vietnam,ExtendedStrict,XGBoost,1,1,0.15490779280662537,0
3128,RCN09234,1209-PF-VN-IMPEQN-GENRE,Vietnam,ExtendedStrict,XGBoost,1,1,0.9246420860290527,1
3129,RCN09235,1209-PF-VN-IMPEQN-GENRE,Vietnam,ExtendedStrict,XGBoost,1,1,0.9944331049919128,1
3130,RCN09236,1209-PF-VN-IMPEQN-GENRE,Vietnam,ExtendedStrict,XGBoost,1,1,0.9942001104354858,1
3131,RCN09238,1209-PF-VN-IMPEQN-GENRE,Vietnam,ExtendedStrict,XGBoost,1,1,0.9944331049919128,1
3132,RCN09239,1209-PF-VN-IMPEQN-GENRE,Vietnam,ExtendedStrict,XGBoost,1,0,0.20541496574878693,0
3133,RCN09240,1209-PF-VN-IMPEQN-GENRE,Vietnam,ExtendedStrict,XGBoost,1,1,0.9943646192550659,1
3134,RCN09241,1209-PF-VN-IMPEQN-GENRE,Vietnam,ExtendedStrict,XGBoost,1,1,0.9879528880119324,1
3135,RCN09245,1209-PF-VN-IMPEQN-GENRE,Vietnam,ExtendedStrict,XGBoost,1,1,0.99000483751297,1
3136,RCN09250,1209-PF-VN-IMPEQN-GENRE,Vietnam,ExtendedStrict,XGBoost,1,1,0.9730070233345032,1
3137,RCN09251,1209-PF-VN-IMPEQN-GENRE,Vietnam,ExtendedStrict,XGBoost,1,1,0.9944331049919128,1
3138,RCN09254,1209-PF-VN-IMPEQN-GENRE,Vietnam,ExtendedStrict,XGBoost,1,1,0.9563574194908142,1
3139,RCN09258,1209-PF-VN-IMPEQN-GENRE,Vietnam,ExtendedStrict,XGBoost,1,1,0.9865440726280212,1
3140,RCN09259,1209-PF-VN-IMPEQN-GENRE,Vietnam,ExtendedStrict,XGBoost,1,1,0.982915997505188,1
3141,RCN09260,1209-PF-VN-IMPEQN-GENRE,Vietnam,ExtendedStrict,XGBoost,1,1,0.982915997505188,1
3142,RCN09261,1209-PF-VN-IMPEQN-GENRE,Vietnam,ExtendedStrict,XGBoost,1,1,0.9873513579368591,1
3143,RCN09262,1209-PF-VN-IMPEQN-GENRE,Vietnam,ExtendedStrict,XGBoost,1,1,0.9942001104354858,1
3144,RCN09264,1209-PF-VN-IMPEQN-GENRE,Vietnam,ExtendedStrict,XGBoost,1,1,0.9920696020126343,1
3145,RCN09265,1209-PF-VN-IMPEQN-GENRE,Vietnam,ExtendedStrict,XGBoost,1,1,0.989095151424408,1
3146,RCN09266,1209-PF-VN-IMPEQN-GENRE,Vietnam,ExtendedStrict,XGBoost,1,1,0.9870872497558594,1
3147,RCN09268,1209-PF-VN-IMPEQN-GENRE,Vietnam,ExtendedStrict,XGBoost,1,1,0.9942001104354858,1
3148,RCN09269,1209-PF-VN-IMPEQN-GENRE,Vietnam,ExtendedStrict,XGBoost,1,1,0.9794703125953674,1
3149,RCN09270,1209-PF-VN-IMPEQN-GENRE,Vietnam,ExtendedStrict,XGBoost,1,1,0.9794878363609314,1
3150,RCN09271,1209-PF-VN-IMPEQN-GENRE,Vietnam,ExtendedStrict,XGBoost,1,1,0.99000483751297,1
3151,RCN09272,1209-PF-VN-IMPEQN-GENRE,Vietnam,ExtendedStrict,XGBoost,1,1,0.9904156923294067,1
3152,RCN09273,1209-PF-VN-IMPEQN-GENRE,Vietnam,ExtendedStrict,XGBoost,1,1,0.9821568131446838,1
3153,RCN09274,1209-PF-VN-IMPEQN-GENRE,Vietnam,ExtendedStrict,XGBoost,1,1,0.9942001104354858,1
3154,RCN09276,1209-PF-VN-IMPEQN-GENRE,Vietnam,ExtendedStrict,XGBoost,1,0,0.1517634093761444,0
3155,RCN09278,1209-PF-VN-IMPEQN-GENRE,Vietnam,ExtendedStrict,XGBoost,1,1,0.9820656180381775,1
3156,RCN09282,1209-PF-VN-IMPEQN-GENRE,Vietnam,ExtendedStrict,XGBoost,1,0,0.11766205728054047,0
3157,RCN09283,1209-PF-VN-IMPEQN-GENRE,Vietnam,ExtendedStrict,XGBoost,1,1,0.9758262038230896,1
3158,RCN09284,1209-PF-VN-IMPEQN-GENRE,Vietnam,ExtendedStrict,XGBoost,1,1,0.9947136044502258,1
3159,RCN09285,1209-PF-VN-IMPEQN-GENRE,Vietnam,ExtendedStrict,XGBoost,1,1,0.10264014452695847,0
3160,RCN09286,1209-PF-VN-IMPEQN-GENRE,Vietnam,ExtendedStrict,XGBoost,1,0,0.007863868959248066,0
3601,RCN10143,1209-PF-VN-IMPEQN-GENRE,Vietnam,ExtendedStrict,XGBoost,1,0,0.43723079562187195,0
3602,RCN10145,1209-PF-VN-IMPEQN-GENRE,Vietnam,ExtendedStrict,XGBoost,1,0,0.280278742313385,0
3603,RCN10151,1209-PF-VN-IMPEQN-GENRE,Vietnam,ExtendedStrict,XGBoost,1,1,0.9831995964050293,1
3604,RCN10159,1209-PF-VN-IMPEQN-GENRE,Vietnam,ExtendedStrict,XGBoost,1,1,0.9944331049919128,1
3605,RCN10162,1209-PF-VN-IMPEQN-GENRE,Vietnam,ExtendedStrict,XGBoost,1,0,0.39236652851104736,0
3606,RCN10167,1209-PF-VN-IMPEQN-GENRE,Vietnam,ExtendedStrict,XGBoost,1,1,0.8602015376091003,1
3607,RCN10168,1209-PF-VN-IMPEQN-GENRE,Vietnam,ExtendedStrict,XGBoost,1,1,0.9846156239509583,1
3608,RCN10169,1209-PF-VN-IMPEQN-GENRE,Vietnam,ExtendedStrict,XGBoost,1,1,0.9873067140579224,1
3609,RCN10170,1209-PF-VN-IMPEQN-GENRE,Vietnam,ExtendedStrict,XGBoost,1,0,0.14368562400341034,0
3618,RCN10238,1209-PF-VN-IMPEQN-GENRE,Vietnam,ExtendedStrict,XGBoost,1,1,0.9769656658172607,1
3619,RCN10244,1209-PF-VN-IMPEQN-GENRE,Vietnam,ExtendedStrict,XGBoost,1,0,0.14368562400341034,0
3620,RCN10246,1209-PF-VN-IMPEQN-GENRE,Vietnam,ExtendedStrict,XGBoost,1,1,0.9758262038230896,1
3621,RCN10247,1209-PF-VN-IMPEQN-GENRE,Vietnam,ExtendedStrict,XGBoost,1,1,0.982915997505188,1
3622,RCN10250,1209-PF-VN-IMPEQN-GENRE,Vietnam,ExtendedStrict,XGBoost,1,1,0.9846550226211548,1
3623,RCN10252,1209-PF-VN-IMPEQN-GENRE,Vietnam,ExtendedStrict,XGBoost,1,1,0.9808953404426575,1
3624,RCN10254,1209-PF-VN-IMPEQN-GENRE,Vietnam,ExtendedStrict,XGBoost,1,1,0.9769656658172607,1
3625,RCN10256,1209-PF-VN-IMPEQN-GENRE,Vietnam,ExtendedStrict,XGBoost,1,1,0.9579359889030457,1
3626,RCN10268,1209-PF-VN-IMPEQN-GENRE,Vietnam,ExtendedStrict,XGBoost,1,1,0.9665555357933044,1
3627,RCN10286,1209-PF-VN-IMPEQN-GENRE,Vietnam,ExtendedStrict,XGBoost,1,1,0.970782458782196,1
3628,RCN10290,1209-PF-VN-IMPEQN-GENRE,Vietnam,ExtendedStrict,XGBoost,1,1,0.9941483736038208,1
3629,RCN10291,1209-PF-VN-IMPEQN-GENRE,Vietnam,ExtendedStrict,XGBoost,1,1,0.9858717322349548,1
3630,RCN10292,1209-PF-VN-IMPEQN-GENRE,Vietnam,ExtendedStrict,XGBoost,1,1,0.982915997505188,1
3631,RCN10293,1209-PF-VN-IMPEQN-GENRE,Vietnam,ExtendedStrict,XGBoost,1,1,0.988548755645752,1
3632,RCN10296,1209-PF-VN-IMPEQN-GENRE,Vietnam,ExtendedStrict,XGBoost,1,1,0.9858717322349548,1
3633,RCN10297,1209-PF-VN-IMPEQN-GENRE,Vietnam,ExtendedStrict,XGBoost,1,1,0.982915997505188,1
3634,RCN10298,1209-PF-VN-IMPEQN-GENRE,Vietnam,ExtendedStrict,XGBoost,1,1,0.9942001104354858,1
3635,RCN10299,1209-PF-VN-IMPEQN-GENRE,Vietnam,ExtendedStrict,XGBoost,1,1,0.6028515696525574,1
3636,RCN10300,1209-PF-VN-IMPEQN-GENRE,Vietnam,ExtendedStrict,XGBoost,1,1,0.989095151424408,1
3637,RCN10305,1209-PF-VN-IMPEQN-GENRE,Vietnam,ExtendedStrict,XGBoost,1,1,0.9850519895553589,1
3638,RCN10306,1209-PF-VN-IMPEQN-GENRE,Vietnam,ExtendedStrict,XGBoost,1,1,0.982915997505188,1
3639,RCN10307,1209-PF-VN-IMPEQN-GENRE,Vietnam,ExtendedStrict,XGBoost,1,1,0.9878169894218445,1
3640,RCN10308,1209-PF-VN-IMPEQN-GENRE,Vietnam,ExtendedStrict,XGBoost,1,1,0.9900708794593811,1
3641,RCN10309,1209-PF-VN-IMPEQN-GENRE,Vietnam,ExtendedStrict,XGBoost,1,1,0.994255006313324,1
3642,RCN10311,1209-PF-VN-IMPEQN-GENRE,Vietnam,ExtendedStrict,XGBoost,1,1,0.9922710657119751,1
3643,RCN10312,1209-PF-VN-IMPEQN-GENRE,Vietnam,ExtendedStrict,XGBoost,1,1,0.9911260008811951,1
3644,RCN10313,1209-PF-VN-IMPEQN-GENRE,Vietnam,ExtendedStrict,XGBoost,1,1,0.9944331049919128,1
3645,RCN10315,1209-PF-VN-IMPEQN-GENRE,Vietnam,ExtendedStrict,XGBoost,1,1,0.982559323310852,1
3646,RCN10316,1209-PF-VN-IMPEQN-GENRE,Vietnam,ExtendedStrict,XGBoost,1,1,0.9844575524330139,1
3647,RCN10317,1209-PF-VN-IMPEQN-GENRE,Vietnam,ExtendedStrict,XGBoost,1,1,0.9865440726280212,1
3648,RCN10318,1209-PF-VN-IMPEQN-GENRE,Vietnam,ExtendedStrict,XGBoost,1,1,0.982915997505188,1
3649,RCN10319,1209-PF-VN-IMPEQN-GENRE,Vietnam,ExtendedStrict,XGBoost,1,1,0.8574731945991516,1
3650,RCN10320,1209-PF-VN-IMPEQN-GENRE,Vietnam,ExtendedStrict,XGBoost,1,1,0.982915997505188,1
3651,RCN10321,1209-PF-VN-IMPEQN-GENRE,Vietnam,ExtendedStrict,XGBoost,1,1,0.9926241636276245,1
3652,RCN10322,1209-PF-VN-IMPEQN-GENRE,Vietnam,ExtendedStrict,XGBoost,1,1,0.9944331049919128,1
3653,RCN10323,1209-PF-VN-IMPEQN-GENRE,Vietnam,ExtendedStrict,XGBoost,1,1,0.9944331049919128,1
3654,RCN10324,1209-PF-VN-IMPEQN-GENRE,Vietnam,ExtendedStrict,XGBoost,1,1,0.9944331049919128,1
3655,RCN10325,1209-PF-VN-IMPEQN-GENRE,Vietnam,ExtendedStrict,XGBoost,1,1,0.9720179438591003,1
3656,RCN10330,1209-PF-VN-IMPEQN-GENRE,Vietnam,ExtendedStrict,XGBoost,1,1,0.9858717322349548,1
3657,RCN10332,1209-PF-VN-IMPEQN-GENRE,Vietnam,ExtendedStrict,XGBoost,1,0,0.4395531415939331,0
3658,RCN10333,1209-PF-VN-IMPEQN-GENRE,Vietnam,ExtendedStrict,XGBoost,1,1,0.9758262038230896,1
3659,RCN10337,1209-PF-VN-IMPEQN-GENRE,Vietnam,ExtendedStrict,XGBoost,1,1,0.9941483736038208,1
3660,RCN10338,1209-PF-VN-IMPEQN-GENRE,Vietnam,ExtendedStrict,XGBoost,1,1,0.2430669516324997,0
3661,RCN10339,1209-PF-VN-IMPEQN-GENRE,Vietnam,ExtendedStrict,XGBoost,1,0,0.013143505901098251,0
3662,RCN10340,1209-PF-VN-IMPEQN-GENRE,Vietnam,ExtendedStrict,XGBoost,1,0,0.013143505901098251,0
3663,RCN10341,1209-PF-VN-IMPEQN-GENRE,Vietnam,ExtendedStrict,XGBoost,1,0,0.02133077383041382,0
3664,RCN10345,1209-PF-VN-IMPEQN-GENRE,Vietnam,ExtendedStrict,XGBoost,1,1,0.9944331049919128,1
3665,RCN10346,1209-PF-VN-IMPEQN-GENRE,Vietnam,ExtendedStrict,XGBoost,1,1,0.9944331049919128,1
3666,RCN10347,1209-PF-VN-IMPEQN-GENRE,Vietnam,ExtendedStrict,XGBoost,1,0,0.14368562400341034,0
3667,RCN10348,1209-PF-VN-IMPEQN-GENRE,Vietnam,ExtendedStrict,XGBoost,1,1,0.9758262038230896,1
3668,RCN10349,1209-PF-VN-IMPEQN-GENRE,Vietnam,ExtendedStrict,XGBoost,1,0,0.2929384708404541,0
3669,RCN10350,1209-PF-VN-IMPEQN-GENRE,Vietnam,ExtendedStrict,XGBoost,1,1,0.9942001104354858,1
3670,RCN10351,1209-PF-VN-IMPEQN-GENRE,Vietnam,ExtendedStrict,XGBoost,1,1,0.9780799150466919,1
3671,RCN10352,1209-PF-VN-IMPEQN-GENRE,Vietnam,ExtendedStrict,XGBoost,1,1,0.9758262038230896,1
3672,RCN10353,1209-PF-VN-IMPEQN-GENRE,Vietnam,ExtendedStrict,XGBoost,1,1,0.9942001104354858,1
3673,RCN10354,1209-PF-VN-IMPEQN-GENRE,Vietnam,ExtendedStrict,XGBoost,1,1,0.9865440726280212,1
3674,RCN10356,1209-PF-VN-IMPEQN-GENRE,Vietnam,ExtendedStrict,XGBoost,1,0,0.14368562400341034,0
3675,RCN10357,1209-PF-VN-IMPEQN-GENRE,Vietnam,ExtendedStrict,XGBoost,1,0,0.16361944377422333,0
3676,RCN10362,1209-PF-VN-IMPEQN-GENRE,Vietnam,ExtendedStrict,XGBoost,1,1,0.0787389725446701,0
3677,RCN10363,1209-PF-VN-IMPEQN-GENRE,Vietnam,ExtendedStrict,XGBoost,1,1,0.9904156923294067,1
3678,RCN10364,1209-PF-VN-IMPEQN-GENRE,Vietnam,ExtendedStrict,XGBoost,1,1,0.9904156923294067,1
3679,RCN10365,1209-PF-VN-IMPEQN-GENRE,Vietnam,ExtendedStrict,XGBoost,1,1,0.9904156923294067,1
3680,RCN10370,1209-PF-VN-IMPEQN-GENRE,Vietnam,ExtendedStrict,XGBoost,1,1,0.982915997505188,1
3681,RCN10372,1209-PF-VN-IMPEQN-GENRE,Vietnam,ExtendedStrict,XGBoost,1,0,0.32024040818214417,0
3682,RCN10373,1209-PF-VN-IMPEQN-GENRE,Vietnam,ExtendedStrict,XGBoost,1,1,0.7559314966201782,1
3683,RCN10377,1209-PF-VN-IMPEQN-GENRE,Vietnam,ExtendedStrict,XGBoost,1,1,0.982915997505188,1
3684,RCN10379,1209-PF-VN-IMPEQN-GENRE,Vietnam,ExtendedStrict,XGBoost,1,1,0.982915997505188,1
3685,RCN10380,1209-PF-VN-IMPEQN-GENRE,Vietnam,ExtendedStrict,XGBoost,1,0,0.04030837491154671,0
3686,RCN10381,1209-PF-VN-IMPEQN-GENRE,Vietnam,ExtendedStrict,XGBoost,1,1,0.982915997505188,1
3687,RCN10382,1209-PF-VN-IMPEQN-GENRE,Vietnam,ExtendedStrict,XGBoost,1,1,0.982915997505188,1
3688,RCN10384,1209-PF-VN-IMPEQN-GENRE,Vietnam,ExtendedStrict,XGBoost,1,1,0.9942001104354858,1
3689,RCN10385,1209-PF-VN-IMPEQN-GENRE,Vietnam,ExtendedStrict,XGBoost,1,0,0.05505342781543732,0
3690,RCN10386,1209-PF-VN-IMPEQN-GENRE,Vietnam,ExtendedStrict,XGBoost,1,1,0.9361353516578674,1
3691,RCN10387,1209-PF-VN-IMPEQN-GENRE,Vietnam,ExtendedStrict,XGBoost,1,1,0.9268050789833069,1
3692,RCN10388,1209-PF-VN-IMPEQN-GENRE,Vietnam,ExtendedStrict,XGBoost,1,0,0.513311505317688,1
3693,RCN10390,1209-PF-VN-IMPEQN-GENRE,Vietnam,ExtendedStrict,XGBoost,1,0,0.2281249761581421,0
3694,RCN10391,1209-PF-VN-IMPEQN-GENRE,Vietnam,ExtendedStrict,XGBoost,1,1,0.9944331049919128,1
3695,RCN10392,1209-PF-VN-IMPEQN-GENRE,Vietnam,ExtendedStrict,XGBoost,1,0,0.010994287207722664,0
3696,RCN10393,1209-PF-VN-IMPEQN-GENRE,Vietnam,ExtendedStrict,XGBoost,1,0,0.011154591105878353,0
3697,RCN10396,1209-PF-VN-IMPEQN-GENRE,Vietnam,ExtendedStrict,XGBoost,1,1,0.982915997505188,1
3698,RCN10397,1209-PF-VN-IMPEQN-GENRE,Vietnam,ExtendedStrict,XGBoost,1,1,0.9858717322349548,1
3699,RCN10398,1209-PF-VN-IMPEQN-GENRE,Vietnam,ExtendedStrict,XGBoost,1,1,0.9821122884750366,1
3700,RCN10399,1209-PF-VN-IMPEQN-GENRE,Vietnam,ExtendedStrict,XGBoost,1,0,0.011154591105878353,0
3701,RCN10400,1209-PF-VN-IMPEQN-GENRE,Vietnam,ExtendedStrict,XGBoost,1,0,0.011154591105878353,0
3702,RCN10401,1209-PF-VN-IMPEQN-GENRE,Vietnam,ExtendedStrict,XGBoost,1,0,0.1355854570865631,0
3703,RCN10402,1209-PF-VN-IMPEQN-GENRE,Vietnam,ExtendedStrict,XGBoost,1,0,0.011154591105878353,0
3704,RCN10405,1209-PF-VN-IMPEQN-GENRE,Vietnam,ExtendedStrict,XGBoost,1,1,0.036941420286893845,0
3705,RCN10406,1209-PF-VN-IMPEQN-GENRE,Vietnam,ExtendedStrict,XGBoost,1,0,0.6619796752929688,1
3706,RCN10689,1209-PF-VN-IMPEQN-GENRE,Vietnam,ExtendedStrict,XGBoost,1,1,0.9941323399543762,1
3707,RCN10690,1209-PF-VN-IMPEQN-GENRE,Vietnam,ExtendedStrict,XGBoost,1,1,0.9944331049919128,1
3708,RCN10691,1209-PF-VN-IMPEQN-GENRE,Vietnam,ExtendedStrict,XGBoost,1,0,0.08949057757854462,0
3709,RCN10692,1209-PF-VN-IMPEQN-GENRE,Vietnam,ExtendedStrict,XGBoost,1,1,0.982915997505188,1
3710,RCN10693,1209-PF-VN-IMPEQN-GENRE,Vietnam,ExtendedStrict,XGBoost,1,1,0.9234790802001953,1
3711,RCN10694,1209-PF-VN-IMPEQN-GENRE,Vietnam,ExtendedStrict,XGBoost,1,1,0.9234790802001953,1
3712,RCN10695,1209-PF-VN-IMPEQN-GENRE,Vietnam,ExtendedStrict,XGBoost,1,1,0.9873067140579224,1
3713,RCN10696,1209-PF-VN-IMPEQN-GENRE,Vietnam,ExtendedStrict,XGBoost,1,1,0.8987472057342529,1
3714,RCN10697,1209-PF-VN-IMPEQN-GENRE,Vietnam,ExtendedStrict,XGBoost,1,1,0.982915997505188,1
3715,RCN10699,1209-PF-VN-IMPEQN-GENRE,Vietnam,ExtendedStrict,XGBoost,1,1,0.9234790802001953,1
3716,RCN10703,1209-PF-VN-IMPEQN-GENRE,Vietnam,ExtendedStrict,XGBoost,1,1,0.994186282157898,1
3717,RCN10706,1209-PF-VN-IMPEQN-GENRE,Vietnam,ExtendedStrict,XGBoost,1,1,0.982915997505188,1
3718,RCN10709,1209-PF-VN-IMPEQN-GENRE,Vietnam,ExtendedStrict,XGBoost,1,1,0.5695896148681641,1
3719,RCN10710,1209-PF-VN-IMPEQN-GENRE,Vietnam,ExtendedStrict,XGBoost,1,1,0.9877479076385498,1
3720,RCN10712,1209-PF-VN-IMPEQN-GENRE,Vietnam,ExtendedStrict,XGBoost,1,1,0.9204108715057373,1
3721,RCN10715,1209-PF-VN-IMPEQN-GENRE,Vietnam,ExtendedStrict,XGBoost,1,0,0.14368562400341034,0
3722,RCN10716,1209-PF-VN-IMPEQN-GENRE,Vietnam,ExtendedStrict,XGBoost,1,0,0.23124921321868896,0
3723,RCN10717,1209-PF-VN-IMPEQN-GENRE,Vietnam,ExtendedStrict,XGBoost,1,0,0.2910603880882263,0
3724,RCN10718,1209-PF-VN-IMPEQN-GENRE,Vietnam,ExtendedStrict,XGBoost,1,0,0.14093229174613953,0
3725,RCN10719,1209-PF-VN-IMPEQN-GENRE,Vietnam,ExtendedStrict,XGBoost,1,0,0.13261288404464722,0
3726,RCN10720,1209-PF-VN-IMPEQN-GENRE,Vietnam,ExtendedStrict,XGBoost,1,0,0.13261288404464722,0
3727,RCN10721,1209-PF-VN-IMPEQN-GENRE,Vietnam,ExtendedStrict,XGBoost,1,0,0.14746375381946564,0
3728,RCN10722,1209-PF-VN-IMPEQN-GENRE,Vietnam,ExtendedStrict,XGBoost,1,1,0.9361940026283264,1
3729,RCN10723,1209-PF-VN-IMPEQN-GENRE,Vietnam,ExtendedStrict,XGBoost,1,1,0.9293246269226074,1
3730,RCN10724,1209-PF-VN-IMPEQN-GENRE,Vietnam,ExtendedStrict,XGBoost,1,1,0.9787086844444275,1
3731,RCN10725,1209-PF-VN-IMPEQN-GENRE,Vietnam,ExtendedStrict,XGBoost,1,1,0.9912035465240479,1
3732,RCN10726,1209-PF-VN-IMPEQN-GENRE,Vietnam,ExtendedStrict,XGBoost,1,1,0.9905024766921997,1
3733,RCN10727,1209-PF-VN-IMPEQN-GENRE,Vietnam,ExtendedStrict,XGBoost,1,1,0.9912035465240479,1
3734,RCN10728,1209-PF-VN-IMPEQN-GENRE,Vietnam,ExtendedStrict,XGBoost,1,1,0.9361353516578674,1
3735,RCN10729,1209-PF-VN-IMPEQN-GENRE,Vietnam,ExtendedStrict,XGBoost,1,1,0.9024685025215149,1
3736,RCN10730,1209-PF-VN-IMPEQN-GENRE,Vietnam,ExtendedStrict,XGBoost,1,1,0.9944331049919128,1
3737,RCN10731,1209-PF-VN-IMPEQN-GENRE,Vietnam,ExtendedStrict,XGBoost,1,0,0.14368562400341034,0
3738,RCN10732,1209-PF-VN-IMPEQN-GENRE,Vietnam,ExtendedStrict,XGBoost,1,0,0.14368562400341034,0
3739,RCN10733,1209-PF-VN-IMPEQN-GENRE,Vietnam,ExtendedStrict,XGBoost,1,1,0.9868863224983215,1
3740,RCN10734,1209-PF-VN-IMPEQN-GENRE,Vietnam,ExtendedStrict,XGBoost,1,1,0.933070182800293,1
3741,RCN10735,1209-PF-VN-IMPEQN-GENRE,Vietnam,ExtendedStrict,XGBoost,1,1,0.9942001104354858,1
3742,RCN10736,1209-PF-VN-IMPEQN-GENRE,Vietnam,ExtendedStrict,XGBoost,1,1,0.982915997505188,1
3743,RCN10737,1209-PF-VN-IMPEQN-GENRE,Vietnam,ExtendedStrict,XGBoost,1,1,0.9234790802001953,1
3744,RCN10738,1209-PF-VN-IMPEQN-GENRE,Vietnam,ExtendedStrict,XGBoost,1,1,0.986572265625,1
3745,RCN10741,1209-PF-VN-IMPEQN-GENRE,Vietnam,ExtendedStrict,XGBoost,1,1,0.9942001104354858,1
3746,RCN10742,1209-PF-VN-IMPEQN-GENRE,Vietnam,ExtendedStrict,XGBoost,1,1,0.9942001104354858,1
3747,RCN10743,1209-PF-VN-IMPEQN-GENRE,Vietnam,ExtendedStrict,XGBoost,1,1,0.9877479076385498,1
3748,RCN10744,1209-PF-VN-IMPEQN-GENRE,Vietnam,ExtendedStrict,XGBoost,1,1,0.9844575524330139,1
3749,RCN10745,1209-PF-VN-IMPEQN-GENRE,Vietnam,ExtendedStrict,XGBoost,1,1,0.9942001104354858,1
3750,RCN10746,1209-PF-VN-IMPEQN-GENRE,Vietnam,ExtendedStrict,XGBoost,1,1,0.9861360788345337,1
3751,RCN10752,1209-PF-VN-IMPEQN-GENRE,Vietnam,ExtendedStrict,XGBoost,1,1,0.7298309206962585,1
3752,RCN10761,1209-PF-VN-IMPEQN-GENRE,Vietnam,ExtendedStrict,XGBoost,1,1,0.9858717322349548,1
3753,RCN10762,1209-PF-VN-IMPEQN-GENRE,Vietnam,ExtendedStrict,XGBoost,1,1,0.9943646192550659,1
3754,RCN10764,1209-PF-VN-IMPEQN-GENRE,Vietnam,ExtendedStrict,XGBoost,1,1,0.9940329194068909,1
3755,RCN10766,1209-PF-VN-IMPEQN-GENRE,Vietnam,ExtendedStrict,XGBoost,1,0,0.010191655717790127,0
3756,RCN10768,1209-PF-VN-IMPEQN-GENRE,Vietnam,ExtendedStrict,XGBoost,1,0,0.026683468371629715,0
3757,RCN10769,1209-PF-VN-IMPEQN-GENRE,Vietnam,ExtendedStrict,XGBoost,1,0,0.020260969176888466,0
3758,RCN10770,1209-PF-VN-IMPEQN-GENRE,Vietnam,ExtendedStrict,XGBoost,1,1,0.7979679107666016,1
3759,RCN10772,1209-PF-VN-IMPEQN-GENRE,Vietnam,ExtendedStrict,XGBoost,1,0,0.009375365450978279,0
3760,RCN10773,1209-PF-VN-IMPEQN-GENRE,Vietnam,ExtendedStrict,XGBoost,1,1,0.7979679107666016,1
3761,RCN10774,1209-PF-VN-IMPEQN-GENRE,Vietnam,ExtendedStrict,XGBoost,1,1,0.7635065317153931,1
3762,RCN10776,1209-PF-VN-IMPEQN-GENRE,Vietnam,ExtendedStrict,XGBoost,1,0,0.02475813589990139,0
3763,RCN10777,1209-PF-VN-IMPEQN-GENRE,Vietnam,ExtendedStrict,XGBoost,1,0,0.006807744037359953,0
3764,RCN10779,1209-PF-VN-IMPEQN-GENRE,Vietnam,ExtendedStrict,XGBoost,1,0,0.027833905071020126,0
3765,RCN10780,1209-PF-VN-IMPEQN-GENRE,Vietnam,ExtendedStrict,XGBoost,1,0,0.05693315342068672,0
3766,RCN10782,1209-PF-VN-IMPEQN-GENRE,Vietnam,ExtendedStrict,XGBoost,1,0,0.09659284353256226,0
3767,RCN10785,1209-PF-VN-IMPEQN-GENRE,Vietnam,ExtendedStrict,XGBoost,1,1,0.7979679107666016,1
3768,RCN10786,1209-PF-VN-IMPEQN-GENRE,Vietnam,ExtendedStrict,XGBoost,1,1,0.7979679107666016,1
3769,RCN10788,1209-PF-VN-IMPEQN-GENRE,Vietnam,ExtendedStrict,XGBoost,1,0,0.021967368200421333,0
3770,RCN10789,1209-PF-VN-IMPEQN-GENRE,Vietnam,ExtendedStrict,XGBoost,1,0,0.012935246340930462,0
3771,RCN10790,1209-PF-VN-IMPEQN-GENRE,Vietnam,ExtendedStrict,XGBoost,1,0,0.024973899126052856,0
3772,RCN10792,1209-PF-VN-IMPEQN-GENRE,Vietnam,ExtendedStrict,XGBoost,1,0,0.007439779583364725,0
3773,RCN10794,1209-PF-VN-IMPEQN-GENRE,Vietnam,ExtendedStrict,XGBoost,1,1,0.7979679107666016,1
3774,RCN11011,1209-PF-VN-IMPEQN-GENRE,Vietnam,ExtendedStrict,XGBoost,1,0,0.758091390132904,1
3775,RCN11012,1209-PF-VN-IMPEQN-GENRE,Vietnam,ExtendedStrict,XGBoost,1,1,0.9858717322349548,1
3776,RCN11013,1209-PF-VN-IMPEQN-GENRE,Vietnam,ExtendedStrict,XGBoost,1,0,0.758091390132904,1
3777,RCN11014,1209-PF-VN-IMPEQN-GENRE,Vietnam,ExtendedStrict,XGBoost,1,1,0.9942001104354858,1
3778,RCN11015,1209-PF-VN-IMPEQN-GENRE,Vietnam,ExtendedStrict,XGBoost,1,1,0.9872073531150818,1
3779,RCN11016,1209-PF-VN-IMPEQN-GENRE,Vietnam,ExtendedStrict,XGBoost,1,1,0.9942001104354858,1
3780,RCN11017,1209-PF-VN-IMPEQN-GENRE,Vietnam,ExtendedStrict,XGBoost,1,1,0.8334271907806396,1
3781,RCN11018,1209-PF-VN-IMPEQN-GENRE,Vietnam,ExtendedStrict,XGBoost,1,1,0.9831995964050293,1
3782,RCN11019,1209-PF-VN-IMPEQN-GENRE,Vietnam,ExtendedStrict,XGBoost,1,1,0.981659471988678,1
3783,RCN11020,1209-PF-VN-IMPEQN-GENRE,Vietnam,ExtendedStrict,XGBoost,1,1,0.982915997505188,1
3784,RCN11021,1209-PF-VN-IMPEQN-GENRE,Vietnam,ExtendedStrict,XGBoost,1,1,0.9942001104354858,1
3785,RCN11022,1209-PF-VN-IMPEQN-GENRE,Vietnam,ExtendedStrict,XGBoost,1,1,0.7774358987808228,1
3786,RCN11023,1209-PF-VN-IMPEQN-GENRE,Vietnam,ExtendedStrict,XGBoost,1,1,0.9702328443527222,1
3787,RCN11024,1209-PF-VN-IMPEQN-GENRE,Vietnam,ExtendedStrict,XGBoost,1,1,0.837093710899353,1
3788,RCN11025,1209-PF-VN-IMPEQN-GENRE,Vietnam,ExtendedStrict,XGBoost,1,0,0.758091390132904,1
3789,RCN11026,1209-PF-VN-IMPEQN-GENRE,Vietnam,ExtendedStrict,XGBoost,1,1,0.982915997505188,1
3790,RCN11027,1209-PF-VN-IMPEQN-GENRE,Vietnam,ExtendedStrict,XGBoost,1,1,0.7774358987808228,1
3791,RCN11029,1209-PF-VN-IMPEQN-GENRE,Vietnam,ExtendedStrict,XGBoost,1,1,0.87724369764328,1
3792,RCN11030,1209-PF-VN-IMPEQN-GENRE,Vietnam,ExtendedStrict,XGBoost,1,1,0.9942001104354858,1
3793,RCN11032,1209-PF-VN-IMPEQN-GENRE,Vietnam,ExtendedStrict,XGBoost,1,1,0.9904156923294067,1
3794,RCN11034,1209-PF-VN-IMPEQN-GENRE,Vietnam,ExtendedStrict,XGBoost,1,1,0.7566017508506775,1
3795,RCN11036,1209-PF-VN-IMPEQN-GENRE,Vietnam,ExtendedStrict,XGBoost,1,1,0.9842745661735535,1
3796,RCN11038,1209-PF-VN-IMPEQN-GENRE,Vietnam,ExtendedStrict,XGBoost,1,0,0.6268342137336731,1
3797,RCN11040,1209-PF-VN-IMPEQN-GENRE,Vietnam,ExtendedStrict,XGBoost,1,1,0.982915997505188,1
3798,RCN11042,1209-PF-VN-IMPEQN-GENRE,Vietnam,ExtendedStrict,XGBoost,1,1,0.9942001104354858,1
3799,RCN11043,1209-PF-VN-IMPEQN-GENRE,Vietnam,ExtendedStrict,XGBoost,1,1,0.9758262038230896,1
3800,RCN11045,1209-PF-VN-IMPEQN-GENRE,Vietnam,ExtendedStrict,XGBoost,1,1,0.9858717322349548,1
3801,RCN11048,1209-PF-VN-IMPEQN-GENRE,Vietnam,ExtendedStrict,XGBoost,1,1,0.9942001104354858,1
3802,RCN11049,1209-PF-VN-IMPEQN-GENRE,Vietnam,ExtendedStrict,XGBoost,1,1,0.9293246269226074,1
3803,RCN11050,1209-PF-VN-IMPEQN-GENRE,Vietnam,ExtendedStrict,XGBoost,1,1,0.9877479076385498,1
3804,RCN11054,1209-PF-VN-IMPEQN-GENRE,Vietnam,ExtendedStrict,XGBoost,1,1,0.9948805570602417,1
3805,RCN11056,1209-PF-VN-IMPEQN-GENRE,Vietnam,ExtendedStrict,XGBoost,1,1,0.9948805570602417,1
3806,RCN11058,1209-PF-VN-IMPEQN-GENRE,Vietnam,ExtendedStrict,XGBoost,1,1,0.9946660995483398,1
3807,RCN11062,1209-PF-VN-IMPEQN-GENRE,Vietnam,ExtendedStrict,XGBoost,1,1,0.9842619895935059,1
3808,RCN11063,1209-PF-VN-IMPEQN-GENRE,Vietnam,ExtendedStrict,XGBoost,1,1,0.9842745661735535,1
3809,RCN11067,1209-PF-VN-IMPEQN-GENRE,Vietnam,ExtendedStrict,XGBoost,1,1,0.983574628829956,1
3810,RCN11070,1209-PF-VN-IMPEQN-GENRE,Vietnam,ExtendedStrict,XGBoost,1,1,0.9831162095069885,1
3811,RCN11071,1209-PF-VN-IMPEQN-GENRE,Vietnam,ExtendedStrict,XGBoost,1,1,0.9929486513137817,1
3812,RCN11072,1209-PF-VN-IMPEQN-GENRE,Vietnam,ExtendedStrict,XGBoost,1,1,0.7774358987808228,1
3813,RCN11075,1209-PF-VN-IMPEQN-GENRE,Vietnam,ExtendedStrict,XGBoost,1,1,0.9942001104354858,1
3814,RCN11077,1209-PF-VN-IMPEQN-GENRE,Vietnam,ExtendedStrict,XGBoost,1,1,0.9928526282310486,1
3815,RCN11080,1209-PF-VN-IMPEQN-GENRE,Vietnam,ExtendedStrict,XGBoost,1,1,0.9820656180381775,1
3816,RCN11081,1209-PF-VN-IMPEQN-GENRE,Vietnam,ExtendedStrict,XGBoost,1,1,0.9942001104354858,1
3817,RCN11085,1209-PF-VN-IMPEQN-GENRE,Vietnam,ExtendedStrict,XGBoost,1,1,0.9848072528839111,1
3818,RCN11086,1209-PF-VN-IMPEQN-GENRE,Vietnam,ExtendedStrict,XGBoost,1,1,0.9884831309318542,1
3819,RCN11088,1209-PF-VN-IMPEQN-GENRE,Vietnam,ExtendedStrict,XGBoost,1,0,0.7506436109542847,1
3820,RCN11089,1209-PF-VN-IMPEQN-GENRE,Vietnam,ExtendedStrict,XGBoost,1,1,0.8074731230735779,1
3821,RCN11094,1209-PF-VN-IMPEQN-GENRE,Vietnam,ExtendedStrict,XGBoost,1,1,0.9949659705162048,1
3822,RCN11096,1209-PF-VN-IMPEQN-GENRE,Vietnam,ExtendedStrict,XGBoost,1,1,0.9909577369689941,1
3823,RCN11104,1209-PF-VN-IMPEQN-GENRE,Vietnam,ExtendedStrict,XGBoost,1,1,0.9948805570602417,1
3824,RCN11105,1209-PF-VN-IMPEQN-GENRE,Vietnam,ExtendedStrict,XGBoost,1,1,0.983161449432373,1
3825,RCN11106,1209-PF-VN-IMPEQN-GENRE,Vietnam,ExtendedStrict,XGBoost,1,1,0.9877479076385498,1
3826,RCN11107,1209-PF-VN-IMPEQN-GENRE,Vietnam,ExtendedStrict,XGBoost,1,1,0.9942968487739563,1
3827,RCN11108,1209-PF-VN-IMPEQN-GENRE,Vietnam,ExtendedStrict,XGBoost,1,1,0.9879541397094727,1
3828,RCN11109,1209-PF-VN-IMPEQN-GENRE,Vietnam,ExtendedStrict,XGBoost,1,1,0.2430669516324997,0
3829,RCN11110,1209-PF-VN-IMPEQN-GENRE,Vietnam,ExtendedStrict,XGBoost,1,1,0.9942001104354858,1
3830,RCN11111,1209-PF-VN-IMPEQN-GENRE,Vietnam,ExtendedStrict,XGBoost,1,1,0.9911260008811951,1
3831,RCN11112,1209-PF-VN-IMPEQN-GENRE,Vietnam,ExtendedStrict,XGBoost,1,1,0.9234790802001953,1
3832,RCN11114,1209-PF-VN-IMPEQN-GENRE,Vietnam,ExtendedStrict,XGBoost,1,1,0.4758368730545044,0
3833,RCN11115,1209-PF-VN-IMPEQN-GENRE,Vietnam,ExtendedStrict,XGBoost,1,1,0.23424872756004333,0
3834,RCN11118,1209-PF-VN-IMPEQN-GENRE,Vietnam,ExtendedStrict,XGBoost,1,0,0.14368562400341034,0
3835,RCN11119,1209-PF-VN-IMPEQN-GENRE,Vietnam,ExtendedStrict,XGBoost,1,1,0.9870975613594055,1
3836,RCN11121,1209-PF-VN-IMPEQN-GENRE,Vietnam,ExtendedStrict,XGBoost,1,1,0.982915997505188,1
3837,RCN11122,1209-PF-VN-IMPEQN-GENRE,Vietnam,ExtendedStrict,XGBoost,1,1,0.9897936582565308,1
3838,RCN11123,1209-PF-VN-IMPEQN-GENRE,Vietnam,ExtendedStrict,XGBoost,1,0,0.20319484174251556,0
3839,RCN11124,1209-PF-VN-IMPEQN-GENRE,Vietnam,ExtendedStrict,XGBoost,1,1,0.9942001104354858,1
3840,RCN11125,1209-PF-VN-IMPEQN-GENRE,Vietnam,ExtendedStrict,XGBoost,1,1,0.9858717322349548,1
3841,RCN11126,1209-PF-VN-IMPEQN-GENRE,Vietnam,ExtendedStrict,XGBoost,1,1,0.9932159781455994,1
3842,RCN11127,1209-PF-VN-IMPEQN-GENRE,Vietnam,ExtendedStrict,XGBoost,1,1,0.9292235970497131,1
3843,RCN11128,1209-PF-VN-IMPEQN-GENRE,Vietnam,ExtendedStrict,XGBoost,1,1,0.9842745661735535,1
3844,RCN11129,1209-PF-VN-IMPEQN-GENRE,Vietnam,ExtendedStrict,XGBoost,1,1,0.9217930436134338,1
3845,RCN11131,1209-PF-VN-IMPEQN-GENRE,Vietnam,ExtendedStrict,XGBoost,1,1,0.9769656658172607,1
3846,RCN11133,1209-PF-VN-IMPEQN-GENRE,Vietnam,ExtendedStrict,XGBoost,1,1,0.9943646192550659,1
3847,RCN11134,1209-PF-VN-IMPEQN-GENRE,Vietnam,ExtendedStrict,XGBoost,1,1,0.9791361689567566,1
3848,RCN11135,1209-PF-VN-IMPEQN-GENRE,Vietnam,ExtendedStrict,XGBoost,1,1,0.9942001104354858,1
3849,RCN11136,1209-PF-VN-IMPEQN-GENRE,Vietnam,ExtendedStrict,XGBoost,1,1,0.9942001104354858,1
3850,RCN11137,1209-PF-VN-IMPEQN-GENRE,Vietnam,ExtendedStrict,XGBoost,1,1,0.9942001104354858,1
3851,RCN11138,1209-PF-VN-IMPEQN-GENRE,Vietnam,ExtendedStrict,XGBoost,1,1,0.9794715642929077,1
3852,RCN11139,1209-PF-VN-IMPEQN-GENRE,Vietnam,ExtendedStrict,XGBoost,1,1,0.982915997505188,1
3853,RCN11141,1209-PF-VN-IMPEQN-GENRE,Vietnam,ExtendedStrict,XGBoost,1,1,0.9943205118179321,1
3854,RCN11143,1209-PF-VN-IMPEQN-GENRE,Vietnam,ExtendedStrict,XGBoost,1,1,0.9946882724761963,1
3855,RCN11144,1209-PF-VN-IMPEQN-GENRE,Vietnam,ExtendedStrict,XGBoost,1,1,0.9842745661735535,1
3856,RCN11145,1209-PF-VN-IMPEQN-GENRE,Vietnam,ExtendedStrict,XGBoost,1,1,0.5295993685722351,1
3857,RCN11146,1209-PF-VN-IMPEQN-GENRE,Vietnam,ExtendedStrict,XGBoost,1,1,0.9720179438591003,1
3858,RCN11147,1209-PF-VN-IMPEQN-GENRE,Vietnam,ExtendedStrict,XGBoost,1,1,0.9858717322349548,1
3859,RCN11150,1209-PF-VN-IMPEQN-GENRE,Vietnam,ExtendedStrict,XGBoost,1,1,0.9865440726280212,1
3860,RCN11151,1209-PF-VN-IMPEQN-GENRE,Vietnam,ExtendedStrict,XGBoost,1,1,0.9942001104354858,1
3861,RCN11152,1209-PF-VN-IMPEQN-GENRE,Vietnam,ExtendedStrict,XGBoost,1,1,0.9942001104354858,1
3862,RCN11153,1209-PF-VN-IMPEQN-GENRE,Vietnam,ExtendedStrict,XGBoost,1,1,0.9942001104354858,1
3863,RCN11154,1209-PF-VN-IMPEQN-GENRE,Vietnam,ExtendedStrict,XGBoost,1,1,0.982915997505188,1
3864,RCN11155,1209-PF-VN-IMPEQN-GENRE,Vietnam,ExtendedStrict,XGBoost,1,1,0.9942001104354858,1
3865,RCN11156,1209-PF-VN-IMPEQN-GENRE,Vietnam,ExtendedStrict,XGBoost,1,1,0.9713701605796814,1
3866,RCN11158,1209-PF-VN-IMPEQN-GENRE,Vietnam,ExtendedStrict,XGBoost,1,1,0.982915997505188,1
3867,RCN11159,1209-PF-VN-IMPEQN-GENRE,Vietnam,ExtendedStrict,XGBoost,1,1,0.9942001104354858,1
3868,RCN11160,1209-PF-VN-IMPEQN-GENRE,Vietnam,ExtendedStrict,XGBoost,1,1,0.982915997505188,1
3869,RCN11161,1209-PF-VN-IMPEQN-GENRE,Vietnam,ExtendedStrict,XGBoost,1,1,0.982915997505188,1
3870,RCN11162,1209-PF-VN-IMPEQN-GENRE,Vietnam,ExtendedStrict,XGBoost,1,1,0.9865440726280212,1
3871,RCN11163,1209-PF-VN-IMPEQN-GENRE,Vietnam,ExtendedStrict,XGBoost,1,1,0.8574731945991516,1
3872,RCN11164,1209-PF-VN-IMPEQN-GENRE,Vietnam,ExtendedStrict,XGBoost,1,1,0.9942001104354858,1
3873,RCN11165,1209-PF-VN-IMPEQN-GENRE,Vietnam,ExtendedStrict,XGBoost,1,1,0.982915997505188,1
3874,RCN11166,1209-PF-VN-IMPEQN-GENRE,Vietnam,ExtendedStrict,XGBoost,1,1,0.9942001104354858,1
3875,RCN11167,1209-PF-VN-IMPEQN-GENRE,Vietnam,ExtendedStrict,XGBoost,1,1,0.982915997505188,1
3876,RCN11168,1209-PF-VN-IMPEQN-GENRE,Vietnam,ExtendedStrict,XGBoost,1,1,0.9758262038230896,1
3877,RCN11169,1209-PF-VN-IMPEQN-GENRE,Vietnam,ExtendedStrict,XGBoost,1,1,0.9942001104354858,1
3878,RCN11170,1209-PF-VN-IMPEQN-GENRE,Vietnam,ExtendedStrict,XGBoost,1,1,0.9620338678359985,1
3879,RCN11171,1209-PF-VN-IMPEQN-GENRE,Vietnam,ExtendedStrict,XGBoost,1,1,0.9808953404426575,1
3880,RCN11172,1209-PF-VN-IMPEQN-GENRE,Vietnam,ExtendedStrict,XGBoost,1,1,0.982915997505188,1
3881,RCN11173,1209-PF-VN-IMPEQN-GENRE,Vietnam,ExtendedStrict,XGBoost,1,1,0.9946660995483398,1
3882,RCN11175,1209-PF-VN-IMPEQN-GENRE,Vietnam,ExtendedStrict,XGBoost,1,1,0.9869982600212097,1
3883,RCN11176,1209-PF-VN-IMPEQN-GENRE,Vietnam,ExtendedStrict,XGBoost,1,1,0.9889165163040161,1
3884,RCN11177,1209-PF-VN-IMPEQN-GENRE,Vietnam,ExtendedStrict,XGBoost,1,1,0.9823756814002991,1
3885,RCN11178,1209-PF-VN-IMPEQN-GENRE,Vietnam,ExtendedStrict,XGBoost,1,1,0.9858717322349548,1
3886,RCN11179,1209-PF-VN-IMPEQN-GENRE,Vietnam,ExtendedStrict,XGBoost,1,1,0.9785333275794983,1
3887,RCN11181,1209-PF-VN-IMPEQN-GENRE,Vietnam,ExtendedStrict,XGBoost,1,1,0.982915997505188,1
3888,RCN11182,1209-PF-VN-IMPEQN-GENRE,Vietnam,ExtendedStrict,XGBoost,1,1,0.9946660995483398,1
3889,RCN11183,1209-PF-VN-IMPEQN-GENRE,Vietnam,ExtendedStrict,XGBoost,1,1,0.9821122884750366,1
3890,RCN11184,1209-PF-VN-IMPEQN-GENRE,Vietnam,ExtendedStrict,XGBoost,1,1,0.977316677570343,1
3891,RCN11185,1209-PF-VN-IMPEQN-GENRE,Vietnam,ExtendedStrict,XGBoost,1,1,0.9812094569206238,1
3892,RCN11186,1209-PF-VN-IMPEQN-GENRE,Vietnam,ExtendedStrict,XGBoost,1,1,0.9821122884750366,1
3893,RCN11187,1209-PF-VN-IMPEQN-GENRE,Vietnam,ExtendedStrict,XGBoost,1,1,0.9808953404426575,1
3894,RCN11189,1209-PF-VN-IMPEQN-GENRE,Vietnam,ExtendedStrict,XGBoost,1,1,0.8792183995246887,1
3895,RCN11190,1209-PF-VN-IMPEQN-GENRE,Vietnam,ExtendedStrict,XGBoost,1,1,0.9825112223625183,1
3896,RCN11191,1209-PF-VN-IMPEQN-GENRE,Vietnam,ExtendedStrict,XGBoost,1,0,0.18893064558506012,0
3897,RCN11192,1209-PF-VN-IMPEQN-GENRE,Vietnam,ExtendedStrict,XGBoost,1,1,0.9835335612297058,1
3898,RCN11193,1209-PF-VN-IMPEQN-GENRE,Vietnam,ExtendedStrict,XGBoost,1,0,0.5038793683052063,1
3899,RCN11194,1209-PF-VN-IMPEQN-GENRE,Vietnam,ExtendedStrict,XGBoost,1,1,0.0787389725446701,0
3900,RCN11195,1209-PF-VN-IMPEQN-GENRE,Vietnam,ExtendedStrict,XGBoost,1,1,0.1308015137910843,0
3901,RCN11196,1209-PF-VN-IMPEQN-GENRE,Vietnam,ExtendedStrict,XGBoost,1,1,0.1308015137910843,0
3902,RCN11197,1209-PF-VN-IMPEQN-GENRE,Vietnam,ExtendedStrict,XGBoost,1,0,0.04241817817091942,0
3903,RCN11208,1209-PF-VN-IMPEQN-GENRE,Vietnam,ExtendedStrict,XGBoost,1,0,0.07378127425909042,0
3904,RCN11217,1209-PF-VN-IMPEQN-GENRE,Vietnam,ExtendedStrict,XGBoost,1,0,0.07378127425909042,0
3905,RCN11221,1209-PF-VN-IMPEQN-GENRE,Vietnam,ExtendedStrict,XGBoost,1,0,0.547145426273346,1
3906,RCN11222,1209-PF-VN-IMPEQN-GENRE,Vietnam,ExtendedStrict,XGBoost,1,1,0.9858717322349548,1
3907,RCN11223,1209-PF-VN-IMPEQN-GENRE,Vietnam,ExtendedStrict,XGBoost,1,1,0.982915997505188,1
3908,RCN11224,1209-PF-VN-IMPEQN-GENRE,Vietnam,ExtendedStrict,XGBoost,1,1,0.982915997505188,1
3909,RCN11225,1209-PF-VN-IMPEQN-GENRE,Vietnam,ExtendedStrict,XGBoost,1,1,0.982915997505188,1
3910,RCN11228,1209-PF-VN-IMPEQN-GENRE,Vietnam,ExtendedStrict,XGBoost,1,1,0.9944331049919128,1
3911,RCN11229,1209-PF-VN-IMPEQN-GENRE,Vietnam,ExtendedStrict,XGBoost,1,1,0.9693841934204102,1
3912,RCN11230,1209-PF-VN-IMPEQN-GENRE,Vietnam,ExtendedStrict,XGBoost,1,1,0.924575924873352,1
3913,RCN11231,1209-PF-VN-IMPEQN-GENRE,Vietnam,ExtendedStrict,XGBoost,1,1,0.9579359889030457,1
3914,RCN11232,1209-PF-VN-IMPEQN-GENRE,Vietnam,ExtendedStrict,XGBoost,1,1,0.9931249022483826,1
3915,RCN11233,1209-PF-VN-IMPEQN-GENRE,Vietnam,ExtendedStrict,XGBoost,1,1,0.9842745661735535,1
3916,RCN11234,1209-PF-VN-IMPEQN-GENRE,Vietnam,ExtendedStrict,XGBoost,1,1,0.9842745661735535,1
3917,RCN11235,1209-PF-VN-IMPEQN-GENRE,Vietnam,ExtendedStrict,XGBoost,1,0,0.37988990545272827,0
3918,RCN11236,1209-PF-VN-IMPEQN-GENRE,Vietnam,ExtendedStrict,XGBoost,1,0,0.014279631897807121,0
3919,RCN11237,1209-PF-VN-IMPEQN-GENRE,Vietnam,ExtendedStrict,XGBoost,1,0,0.011154591105878353,0
3920,RCN11238,1209-PF-VN-IMPEQN-GENRE,Vietnam,ExtendedStrict,XGBoost,1,0,0.011154591105878353,0
3921,RCN11239,1209-PF-VN-IMPEQN-GENRE,Vietnam,ExtendedStrict,XGBoost,1,0,0.011154591105878353,0
3922,RCN11240,1209-PF-VN-IMPEQN-GENRE,Vietnam,ExtendedStrict,XGBoost,1,0,0.2281249761581421,0
3923,RCN11241,1209-PF-VN-IMPEQN-GENRE,Vietnam,ExtendedStrict,XGBoost,1,0,0.2281249761581421,0
3924,RCN11242,1209-PF-VN-IMPEQN-GENRE,Vietnam,ExtendedStrict,XGBoost,1,0,0.4348338544368744,0
3925,RCN11243,1209-PF-VN-IMPEQN-GENRE,Vietnam,ExtendedStrict,XGBoost,1,0,0.513311505317688,1
3926,RCN11244,1209-PF-VN-IMPEQN-GENRE,Vietnam,ExtendedStrict,XGBoost,1,0,0.2281249761581421,0
3927,RCN11245,1209-PF-VN-IMPEQN-GENRE,Vietnam,ExtendedStrict,XGBoost,1,0,0.011154591105878353,0
3928,RCN11246,1209-PF-VN-IMPEQN-GENRE,Vietnam,ExtendedStrict,XGBoost,1,1,0.9821122884750366,1
3929,RCN11247,1209-PF-VN-IMPEQN-GENRE,Vietnam,ExtendedStrict,XGBoost,1,0,0.010279283858835697,0
3930,RCN11248,1209-PF-VN-IMPEQN-GENRE,Vietnam,ExtendedStrict,XGBoost,1,0,0.22209122776985168,0
3931,RCN11249,1209-PF-VN-IMPEQN-GENRE,Vietnam,ExtendedStrict,XGBoost,1,0,0.5112746357917786,1
3932,RCN11250,1209-PF-VN-IMPEQN-GENRE,Vietnam,ExtendedStrict,XGBoost,1,0,0.011437613517045975,0
3933,RCN11251,1209-PF-VN-IMPEQN-GENRE,Vietnam,ExtendedStrict,XGBoost,1,0,0.3497019410133362,0
3934,RCN11252,1209-PF-VN-IMPEQN-GENRE,Vietnam,ExtendedStrict,XGBoost,1,0,0.013038437813520432,0
3935,RCN11253,1209-PF-VN-IMPEQN-GENRE,Vietnam,ExtendedStrict,XGBoost,1,0,0.9263672828674316,1
3936,RCN11254,1209-PF-VN-IMPEQN-GENRE,Vietnam,ExtendedStrict,XGBoost,1,0,0.010522059164941311,0
3937,RCN11255,1209-PF-VN-IMPEQN-GENRE,Vietnam,ExtendedStrict,XGBoost,1,1,0.9946660995483398,1
3938,RCN11256,1209-PF-VN-IMPEQN-GENRE,Vietnam,ExtendedStrict,XGBoost,1,1,0.9946660995483398,1
3939,RCN11257,1209-PF-VN-IMPEQN-GENRE,Vietnam,ExtendedStrict,XGBoost,1,1,0.9848072528839111,1
3940,RCN11258,1209-PF-VN-IMPEQN-GENRE,Vietnam,ExtendedStrict,XGBoost,1,1,0.9946660995483398,1
3941,RCN11259,1209-PF-VN-IMPEQN-GENRE,Vietnam,ExtendedStrict,XGBoost,1,1,0.9869982600212097,1
3942,RCN11260,1209-PF-VN-IMPEQN-GENRE,Vietnam,ExtendedStrict,XGBoost,1,1,0.9869982600212097,1
3943,RCN11261,1209-PF-VN-IMPEQN-GENRE,Vietnam,ExtendedStrict,XGBoost,1,1,0.9913873076438904,1
3944,RCN11262,1209-PF-VN-IMPEQN-GENRE,Vietnam,ExtendedStrict,XGBoost,1,1,0.9526253342628479,1
3945,RCN11265,1209-PF-VN-IMPEQN-GENRE,Vietnam,ExtendedStrict,XGBoost,1,1,0.8074731230735779,1
3946,RCN11266,1209-PF-VN-IMPEQN-GENRE,Vietnam,ExtendedStrict,XGBoost,1,1,0.9948805570602417,1
3947,RCN11267,1209-PF-VN-IMPEQN-GENRE,Vietnam,ExtendedStrict,XGBoost,1,1,0.9835335612297058,1
3948,RCN11268,1209-PF-VN-IMPEQN-GENRE,Vietnam,ExtendedStrict,XGBoost,1,1,0.9807284474372864,1
3949,RCN11269,1209-PF-VN-IMPEQN-GENRE,Vietnam,ExtendedStrict,XGBoost,1,1,0.9946660995483398,1
3950,RCN11270,1209-PF-VN-IMPEQN-GENRE,Vietnam,ExtendedStrict,XGBoost,1,1,0.9813463091850281,1
3951,RCN11271,1209-PF-VN-IMPEQN-GENRE,Vietnam,ExtendedStrict,XGBoost,1,1,0.9939660429954529,1
3952,RCN11273,1209-PF-VN-IMPEQN-GENRE,Vietnam,ExtendedStrict,XGBoost,1,1,0.9894640445709229,1
3953,RCN11274,1209-PF-VN-IMPEQN-GENRE,Vietnam,ExtendedStrict,XGBoost,1,1,0.9831162095069885,1
3954,RCN11275,1209-PF-VN-IMPEQN-GENRE,Vietnam,ExtendedStrict,XGBoost,1,1,0.979033887386322,1
3955,RCN11276,1209-PF-VN-IMPEQN-GENRE,Vietnam,ExtendedStrict,XGBoost,1,1,0.8553254008293152,1
3956,RCN11277,1209-PF-VN-IMPEQN-GENRE,Vietnam,ExtendedStrict,XGBoost,1,1,0.47927048802375793,0
3957,RCN11278,1209-PF-VN-IMPEQN-GENRE,Vietnam,ExtendedStrict,XGBoost,1,1,0.9947167038917542,1
3958,RCN11282,1209-PF-VN-IMPEQN-GENRE,Vietnam,ExtendedStrict,XGBoost,1,0,0.4862602651119232,0
3959,RCN11283,1209-PF-VN-IMPEQN-GENRE,Vietnam,ExtendedStrict,XGBoost,1,1,0.9894640445709229,1
3960,RCN11284,1209-PF-VN-IMPEQN-GENRE,Vietnam,ExtendedStrict,XGBoost,1,1,0.981762170791626,1
3961,RCN11285,1209-PF-VN-IMPEQN-GENRE,Vietnam,ExtendedStrict,XGBoost,1,1,0.9883612990379333,1
3962,RCN11286,1209-PF-VN-IMPEQN-GENRE,Vietnam,ExtendedStrict,XGBoost,1,1,0.7007613182067871,1
3963,RCN11287,1209-PF-VN-IMPEQN-GENRE,Vietnam,ExtendedStrict,XGBoost,1,1,0.9871341586112976,1
3964,RCN11288,1209-PF-VN-IMPEQN-GENRE,Vietnam,ExtendedStrict,XGBoost,1,1,0.9910522103309631,1
3965,RCN11289,1209-PF-VN-IMPEQN-GENRE,Vietnam,ExtendedStrict,XGBoost,1,1,0.9941405653953552,1
3966,RCN11290,1209-PF-VN-IMPEQN-GENRE,Vietnam,ExtendedStrict,XGBoost,1,1,0.4930163323879242,0
3967,RCN11292,1209-PF-VN-IMPEQN-GENRE,Vietnam,ExtendedStrict,XGBoost,1,1,0.9869982600212097,1
3968,RCN11293,1209-PF-VN-IMPEQN-GENRE,Vietnam,ExtendedStrict,XGBoost,1,1,0.9869982600212097,1
3969,RCN11294,1209-PF-VN-IMPEQN-GENRE,Vietnam,ExtendedStrict,XGBoost,1,1,0.8074731230735779,1
3970,RCN11295,1209-PF-VN-IMPEQN-GENRE,Vietnam,ExtendedStrict,XGBoost,1,1,0.991129994392395,1
3971,RCN11298,1209-PF-VN-IMPEQN-GENRE,Vietnam,ExtendedStrict,XGBoost,1,1,0.993661642074585,1
3972,RCN11299,1209-PF-VN-IMPEQN-GENRE,Vietnam,ExtendedStrict,XGBoost,1,1,0.9869982600212097,1
3973,RCN11300,1209-PF-VN-IMPEQN-GENRE,Vietnam,ExtendedStrict,XGBoost,1,1,0.9942001104354858,1
3974,RCN11301,1209-PF-VN-IMPEQN-GENRE,Vietnam,ExtendedStrict,XGBoost,1,1,0.9909021258354187,1
3975,RCN11302,1209-PF-VN-IMPEQN-GENRE,Vietnam,ExtendedStrict,XGBoost,1,1,0.9944331049919128,1
3976,RCN11303,1209-PF-VN-IMPEQN-GENRE,Vietnam,ExtendedStrict,XGBoost,1,1,0.9868863224983215,1
3977,RCN11304,1209-PF-VN-IMPEQN-GENRE,Vietnam,ExtendedStrict,XGBoost,1,0,0.8691533803939819,1
3978,RCN11305,1209-PF-VN-IMPEQN-GENRE,Vietnam,ExtendedStrict,XGBoost,1,1,0.9868863224983215,1
3979,RCN11306,1209-PF-VN-IMPEQN-GENRE,Vietnam,ExtendedStrict,XGBoost,1,1,0.9842745661735535,1
3980,RCN11307,1209-PF-VN-IMPEQN-GENRE,Vietnam,ExtendedStrict,XGBoost,1,1,0.9911831617355347,1
3981,RCN11308,1209-PF-VN-IMPEQN-GENRE,Vietnam,ExtendedStrict,XGBoost,1,1,0.9911831617355347,1
3982,RCN11309,1209-PF-VN-IMPEQN-GENRE,Vietnam,ExtendedStrict,XGBoost,1,1,0.9946660995483398,1
3983,RCN11310,1209-PF-VN-IMPEQN-GENRE,Vietnam,ExtendedStrict,XGBoost,1,0,0.010411801747977734,0
3984,RCN11312,1209-PF-VN-IMPEQN-GENRE,Vietnam,ExtendedStrict,XGBoost,1,1,0.9842745661735535,1
3985,RCN11313,1209-PF-VN-IMPEQN-GENRE,Vietnam,ExtendedStrict,XGBoost,1,1,0.9842745661735535,1
3986,RCN11314,1209-PF-VN-IMPEQN-GENRE,Vietnam,ExtendedStrict,XGBoost,1,1,0.9842745661735535,1
3987,RCN11315,1209-PF-VN-IMPEQN-GENRE,Vietnam,ExtendedStrict,XGBoost,1,1,0.738674521446228,1
3988,RCN11316,1209-PF-VN-IMPEQN-GENRE,Vietnam,ExtendedStrict,XGBoost,1,1,0.7550538182258606,1
3989,RCN11317,1209-PF-VN-IMPEQN-GENRE,Vietnam,ExtendedStrict,XGBoost,1,1,0.9726529121398926,1
3990,RCN11318,1209-PF-VN-IMPEQN-GENRE,Vietnam,ExtendedStrict,XGBoost,1,1,0.9946660995483398,1
3991,RCN11319,1209-PF-VN-IMPEQN-GENRE,Vietnam,ExtendedStrict,XGBoost,1,1,0.7794666290283203,1
3992,RCN11320,1209-PF-VN-IMPEQN-GENRE,Vietnam,ExtendedStrict,XGBoost,1,1,0.9947167038917542,1
3993,RCN11321,1209-PF-VN-IMPEQN-GENRE,Vietnam,ExtendedStrict,XGBoost,1,1,0.9509038925170898,1
3994,RCN11322,1209-PF-VN-IMPEQN-GENRE,Vietnam,ExtendedStrict,XGBoost,1,1,0.7651498317718506,1
3995,RCN11324,1209-PF-VN-IMPEQN-GENRE,Vietnam,ExtendedStrict,XGBoost,1,1,0.9834229946136475,1
3996,RCN11325,1209-PF-VN-IMPEQN-GENRE,Vietnam,ExtendedStrict,XGBoost,1,1,0.9869982600212097,1
3997,RCN11326,1209-PF-VN-IMPEQN-GENRE,Vietnam,ExtendedStrict,XGBoost,1,1,0.9947551488876343,1
3998,RCN11327,1209-PF-VN-IMPEQN-GENRE,Vietnam,ExtendedStrict,XGBoost,1,1,0.22317925095558167,0
3999,RCN11328,1209-PF-VN-IMPEQN-GENRE,Vietnam,ExtendedStrict,XGBoost,1,1,0.9946660995483398,1
4000,RCN11331,1209-PF-VN-IMPEQN-GENRE,Vietnam,ExtendedStrict,XGBoost,1,1,0.9834905862808228,1
4001,RCN11332,1209-PF-VN-IMPEQN-GENRE,Vietnam,ExtendedStrict,XGBoost,1,1,0.9842745661735535,1
4002,RCN11334,1209-PF-VN-IMPEQN-GENRE,Vietnam,ExtendedStrict,XGBoost,1,1,0.9858717322349548,1
4003,RCN11335,1209-PF-VN-IMPEQN-GENRE,Vietnam,ExtendedStrict,XGBoost,1,1,0.9946660995483398,1
4004,RCN11336,1209-PF-VN-IMPEQN-GENRE,Vietnam,ExtendedStrict,XGBoost,1,1,0.9919083714485168,1
4005,RCN11337,1209-PF-VN-IMPEQN-GENRE,Vietnam,ExtendedStrict,XGBoost,1,1,0.9381428360939026,1
4006,RCN11339,1209-PF-VN-IMPEQN-GENRE,Vietnam,ExtendedStrict,XGBoost,1,1,0.9946660995483398,1
4007,RCN11341,1209-PF-VN-IMPEQN-GENRE,Vietnam,ExtendedStrict,XGBoost,1,1,0.9381428360939026,1
4453,RCN12025,1209-PF-VN-IMPEQN-GENRE,Vietnam,ExtendedStrict,XGBoost,1,1,0.99080491065979,1
4454,RCN12026,1209-PF-VN-IMPEQN-GENRE,Vietnam,ExtendedStrict,XGBoost,1,1,0.9948805570602417,1
4455,RCN12027,1209-PF-VN-IMPEQN-GENRE,Vietnam,ExtendedStrict,XGBoost,1,1,0.9869891405105591,1
4456,RCN12028,1209-PF-VN-IMPEQN-GENRE,Vietnam,ExtendedStrict,XGBoost,1,1,0.9948805570602417,1
4457,RCN12031,1209-PF-VN-IMPEQN-GENRE,Vietnam,ExtendedStrict,XGBoost,1,1,0.9944331049919128,1
4458,RCN12032,1209-PF-VN-IMPEQN-GENRE,Vietnam,ExtendedStrict,XGBoost,1,1,0.6024908423423767,1
4459,RCN12033,1209-PF-VN-IMPEQN-GENRE,Vietnam,ExtendedStrict,XGBoost,1,1,0.9912630319595337,1
4460,RCN12034,1209-PF-VN-IMPEQN-GENRE,Vietnam,ExtendedStrict,XGBoost,1,1,0.9946660995483398,1
4461,RCN12035,1209-PF-VN-IMPEQN-GENRE,Vietnam,ExtendedStrict,XGBoost,1,1,0.9946660995483398,1
4462,RCN12036,1209-PF-VN-IMPEQN-GENRE,Vietnam,ExtendedStrict,XGBoost,1,1,0.9852228164672852,1
4463,RCN12040,1209-PF-VN-IMPEQN-GENRE,Vietnam,ExtendedStrict,XGBoost,1,1,0.9842745661735535,1
4464,RCN12041,1209-PF-VN-IMPEQN-GENRE,Vietnam,ExtendedStrict,XGBoost,1,1,0.9869982600212097,1
4465,RCN12042,1209-PF-VN-IMPEQN-GENRE,Vietnam,ExtendedStrict,XGBoost,1,1,0.9947551488876343,1
4466,RCN12043,1209-PF-VN-IMPEQN-GENRE,Vietnam,ExtendedStrict,XGBoost,1,1,0.9821122884750366,1
4467,RCN12044,1209-PF-VN-IMPEQN-GENRE,Vietnam,ExtendedStrict,XGBoost,1,1,0.9835335612297058,1
4468,RCN12048,1209-PF-VN-IMPEQN-GENRE,Vietnam,ExtendedStrict,XGBoost,1,0,0.5729569792747498,1
4469,RCN12050,1209-PF-VN-IMPEQN-GENRE,Vietnam,ExtendedStrict,XGBoost,1,0,0.2910603880882263,0
4470,RCN12051,1209-PF-VN-IMPEQN-GENRE,Vietnam,ExtendedStrict,XGBoost,1,0,0.4826694130897522,0
4471,RCN12052,1209-PF-VN-IMPEQN-GENRE,Vietnam,ExtendedStrict,XGBoost,1,0,0.35403239727020264,0
4472,RCN12057,1209-PF-VN-IMPEQN-GENRE,Vietnam,ExtendedStrict,XGBoost,1,1,0.8995916843414307,1
4473,RCN12058,1209-PF-VN-IMPEQN-GENRE,Vietnam,ExtendedStrict,XGBoost,1,1,0.9946660995483398,1
4474,RCN12059,1209-PF-VN-IMPEQN-GENRE,Vietnam,ExtendedStrict,XGBoost,1,1,0.9842745661735535,1
4475,RCN12060,1209-PF-VN-IMPEQN-GENRE,Vietnam,ExtendedStrict,XGBoost,1,0,0.010411801747977734,0
4476,RCN12063,1209-PF-VN-IMPEQN-GENRE,Vietnam,ExtendedStrict,XGBoost,1,0,0.11766205728054047,0
4477,RCN12064,1209-PF-VN-IMPEQN-GENRE,Vietnam,ExtendedStrict,XGBoost,1,1,0.9858717322349548,1
4478,RCN12066,1209-PF-VN-IMPEQN-GENRE,Vietnam,ExtendedStrict,XGBoost,1,0,0.3556969165802002,0
4479,RCN12068,1209-PF-VN-IMPEQN-GENRE,Vietnam,ExtendedStrict,XGBoost,1,1,0.9363614916801453,1
4480,RCN12070,1209-PF-VN-IMPEQN-GENRE,Vietnam,ExtendedStrict,XGBoost,1,0,0.5371681451797485,1
4481,RCN12071,1209-PF-VN-IMPEQN-GENRE,Vietnam,ExtendedStrict,XGBoost,1,1,0.9946660995483398,1
4482,RCN12072,1209-PF-VN-IMPEQN-GENRE,Vietnam,ExtendedStrict,XGBoost,1,1,0.9777357578277588,1
4483,RCN12074,1209-PF-VN-IMPEQN-GENRE,Vietnam,ExtendedStrict,XGBoost,1,1,0.993059515953064,1
4484,RCN12075,1209-PF-VN-IMPEQN-GENRE,Vietnam,ExtendedStrict,XGBoost,1,0,0.6134564876556396,1
4485,RCN12076,1209-PF-VN-IMPEQN-GENRE,Vietnam,ExtendedStrict,XGBoost,1,0,0.012252061627805233,0
4486,RCN12077,1209-PF-VN-IMPEQN-GENRE,Vietnam,ExtendedStrict,XGBoost,1,0,0.2561553418636322,0
4487,RCN12079,1209-PF-VN-IMPEQN-GENRE,Vietnam,ExtendedStrict,XGBoost,1,0,0.5423157215118408,1
4488,RCN12080,1209-PF-VN-IMPEQN-GENRE,Vietnam,ExtendedStrict,XGBoost,1,0,0.6536381244659424,1
4489,RCN12081,1209-PF-VN-IMPEQN-GENRE,Vietnam,ExtendedStrict,XGBoost,1,0,0.01333155669271946,0
4490,RCN12082,1209-PF-VN-IMPEQN-GENRE,Vietnam,ExtendedStrict,XGBoost,1,0,0.010411801747977734,0
4491,RCN12083,1209-PF-VN-IMPEQN-GENRE,Vietnam,ExtendedStrict,XGBoost,1,1,0.9882286787033081,1
4492,RCN12084,1209-PF-VN-IMPEQN-GENRE,Vietnam,ExtendedStrict,XGBoost,1,1,0.9858717322349548,1
4493,RCN12087,1209-PF-VN-IMPEQN-GENRE,Vietnam,ExtendedStrict,XGBoost,1,1,0.9910457730293274,1
4494,RCN12088,1209-PF-VN-IMPEQN-GENRE,Vietnam,ExtendedStrict,XGBoost,1,1,0.9909846782684326,1
4495,RCN12091,1209-PF-VN-IMPEQN-GENRE,Vietnam,ExtendedStrict,XGBoost,1,1,0.9913873076438904,1
4496,RCN12096,1209-PF-VN-IMPEQN-GENRE,Vietnam,ExtendedStrict,XGBoost,1,1,0.9949659705162048,1
4497,RCN12100,1209-PF-VN-IMPEQN-GENRE,Vietnam,ExtendedStrict,XGBoost,1,1,0.9842745661735535,1
4498,RCN12103,1209-PF-VN-IMPEQN-GENRE,Vietnam,ExtendedStrict,XGBoost,1,1,0.980719268321991,1
4499,RCN12106,1209-PF-VN-IMPEQN-GENRE,Vietnam,ExtendedStrict,XGBoost,1,1,0.99080491065979,1
4500,RCN12107,1209-PF-VN-IMPEQN-GENRE,Vietnam,ExtendedStrict,XGBoost,1,1,0.9615962505340576,1
4501,RCN12111,1209-PF-VN-IMPEQN-GENRE,Vietnam,ExtendedStrict,XGBoost,1,1,0.9946660995483398,1
4502,RCN12112,1209-PF-VN-IMPEQN-GENRE,Vietnam,ExtendedStrict,XGBoost,1,1,0.9822492599487305,1
4503,RCN12113,1209-PF-VN-IMPEQN-GENRE,Vietnam,ExtendedStrict,XGBoost,1,1,0.9348772764205933,1
4504,RCN12115,1209-PF-VN-IMPEQN-GENRE,Vietnam,ExtendedStrict,XGBoost,1,1,0.9882286787033081,1
4505,RCN12116,1209-PF-VN-IMPEQN-GENRE,Vietnam,ExtendedStrict,XGBoost,1,1,0.9842745661735535,1
4643,RCN12676,1209-PF-VN-IMPEQN-GENRE,Vietnam,ExtendedStrict,XGBoost,1,1,0.9842745661735535,1
4644,RCN12680,1209-PF-VN-IMPEQN-GENRE,Vietnam,ExtendedStrict,XGBoost,1,1,0.9953687191009521,1
4645,RCN12681,1209-PF-VN-IMPEQN-GENRE,Vietnam,ExtendedStrict,XGBoost,1,1,0.9852826595306396,1
4646,RCN12685,1209-PF-VN-IMPEQN-GENRE,Vietnam,ExtendedStrict,XGBoost,1,0,0.228208988904953,0
4647,RCN12688,1209-PF-VN-IMPEQN-GENRE,Vietnam,ExtendedStrict,XGBoost,1,0,0.1395183801651001,0
4648,RCN12689,1209-PF-VN-IMPEQN-GENRE,Vietnam,ExtendedStrict,XGBoost,1,0,0.1395183801651001,0
4649,RCN12693,1209-PF-VN-IMPEQN-GENRE,Vietnam,ExtendedStrict,XGBoost,1,0,0.1395183801651001,0
4650,RCN12694,1209-PF-VN-IMPEQN-GENRE,Vietnam,ExtendedStrict,XGBoost,1,0,0.1395183801651001,0
4651,RCN12696,1209-PF-VN-IMPEQN-GENRE,Vietnam,ExtendedStrict,XGBoost,1,0,0.1395183801651001,0
4652,RCN12698,1209-PF-VN-IMPEQN-GENRE,Vietnam,ExtendedStrict,XGBoost,1,0,0.1395183801651001,0
4653,RCN12700,1209-PF-VN-IMPEQN-GENRE,Vietnam,ExtendedStrict,XGBoost,1,0,0.1395183801651001,0
4654,RCN12704,1209-PF-VN-IMPEQN-GENRE,Vietnam,ExtendedStrict,XGBoost,1,0,0.1395183801651001,0
4655,RCN12708,1209-PF-VN-IMPEQN-GENRE,Vietnam,ExtendedStrict,XGBoost,1,0,0.1613752692937851,0
4656,RCN12710,1209-PF-VN-IMPEQN-GENRE,Vietnam,ExtendedStrict,XGBoost,1,1,0.2900094985961914,0
4657,RCN12712,1209-PF-VN-IMPEQN-GENRE,Vietnam,ExtendedStrict,XGBoost,1,1,0.9898075461387634,1
4658,RCN12713,1209-PF-VN-IMPEQN-GENRE,Vietnam,ExtendedStrict,XGBoost,1,1,0.9846961498260498,1
4659,RCN12716,1209-PF-VN-IMPEQN-GENRE,Vietnam,ExtendedStrict,XGBoost,1,1,0.98390132188797,1
4660,RCN12720,1209-PF-VN-IMPEQN-GENRE,Vietnam,ExtendedStrict,XGBoost,1,1,0.9948805570602417,1
4661,RCN12722,1209-PF-VN-IMPEQN-GENRE,Vietnam,ExtendedStrict,XGBoost,1,1,0.9842745661735535,1
4662,RCN12724,1209-PF-VN-IMPEQN-GENRE,Vietnam,ExtendedStrict,XGBoost,1,1,0.9946660995483398,1
4663,RCN12725,1209-PF-VN-IMPEQN-GENRE,Vietnam,ExtendedStrict,XGBoost,1,1,0.9912630319595337,1
4664,RCN12726,1209-PF-VN-IMPEQN-GENRE,Vietnam,ExtendedStrict,XGBoost,1,1,0.9946660995483398,1
4665,RCN12729,1209-PF-VN-IMPEQN-GENRE,Vietnam,ExtendedStrict,XGBoost,1,1,0.7037343978881836,1
4666,RCN12732,1209-PF-VN-IMPEQN-GENRE,Vietnam,ExtendedStrict,XGBoost,1,1,0.9842745661735535,1
4667,RCN12733,1209-PF-VN-IMPEQN-GENRE,Vietnam,ExtendedStrict,XGBoost,1,1,0.9842745661735535,1
4668,RCN12734,1209-PF-VN-IMPEQN-GENRE,Vietnam,ExtendedStrict,XGBoost,1,1,0.9842745661735535,1
4669,RCN12736,1209-PF-VN-IMPEQN-GENRE,Vietnam,ExtendedStrict,XGBoost,1,1,0.9946660995483398,1
4670,RCN12737,1209-PF-VN-IMPEQN-GENRE,Vietnam,ExtendedStrict,XGBoost,1,1,0.99080491065979,1
4671,RCN12738,1209-PF-VN-IMPEQN-GENRE,Vietnam,ExtendedStrict,XGBoost,1,1,0.99080491065979,1
4672,RCN12740,1209-PF-VN-IMPEQN-GENRE,Vietnam,ExtendedStrict,XGBoost,1,1,0.9842745661735535,1
4673,RCN12741,1209-PF-VN-IMPEQN-GENRE,Vietnam,ExtendedStrict,XGBoost,1,1,0.9842745661735535,1
4674,RCN12742,1209-PF-VN-IMPEQN-GENRE,Vietnam,ExtendedStrict,XGBoost,1,1,0.9842745661735535,1
4675,RCN12744,1209-PF-VN-IMPEQN-GENRE,Vietnam,ExtendedStrict,XGBoost,1,1,0.9842745661735535,1
4676,RCN12745,1209-PF-VN-IMPEQN-GENRE,Vietnam,ExtendedStrict,XGBoost,1,1,0.9842745661735535,1
4677,RCN12746,1209-PF-VN-IMPEQN-GENRE,Vietnam,ExtendedStrict,XGBoost,1,1,0.9842745661735535,1
4678,RCN12749,1209-PF-VN-IMPEQN-GENRE,Vietnam,ExtendedStrict,XGBoost,1,1,0.9869982600212097,1
4679,RCN12750,1209-PF-VN-IMPEQN-GENRE,Vietnam,ExtendedStrict,XGBoost,1,0,0.1395183801651001,0
4680,RCN12751,1209-PF-VN-IMPEQN-GENRE,Vietnam,ExtendedStrict,XGBoost,1,0,0.1395183801651001,0
4681,RCN12752,1209-PF-VN-IMPEQN-GENRE,Vietnam,ExtendedStrict,XGBoost,1,0,0.1395183801651001,0
5173,RCN14185,1209-PF-VN-IMPEQN-GENRE,Vietnam,ExtendedStrict,XGBoost,1,1,0.9842745661735535,1
5174,RCN14197,1209-PF-VN-IMPEQN-GENRE,Vietnam,ExtendedStrict,XGBoost,1,1,0.9842745661735535,1
5175,RCN14210,1209-PF-VN-IMPEQN-GENRE,Vietnam,ExtendedStrict,XGBoost,1,1,0.9777357578277588,1
5176,RCN14217,1209-PF-VN-IMPEQN-GENRE,Vietnam,ExtendedStrict,XGBoost,1,0,0.3784538507461548,0
5177,RCN14220,1209-PF-VN-IMPEQN-GENRE,Vietnam,ExtendedStrict,XGBoost,1,1,0.9393829703330994,1
5178,RCN14222,1209-PF-VN-IMPEQN-GENRE,Vietnam,ExtendedStrict,XGBoost,1,1,0.9947167038917542,1
5179,RCN14223,1209-PF-VN-IMPEQN-GENRE,Vietnam,ExtendedStrict,XGBoost,1,1,0.9946660995483398,1
5180,RCN14225,1209-PF-VN-IMPEQN-GENRE,Vietnam,ExtendedStrict,XGBoost,1,1,0.9865949153900146,1
5181,RCN14226,1209-PF-VN-IMPEQN-GENRE,Vietnam,ExtendedStrict,XGBoost,1,1,0.9948805570602417,1
5182,RCN14233,1209-PF-VN-IMPEQN-GENRE,Vietnam,ExtendedStrict,XGBoost,1,1,0.9777357578277588,1
5183,RCN14234,1209-PF-VN-IMPEQN-GENRE,Vietnam,ExtendedStrict,XGBoost,1,0,0.1395183801651001,0
5184,RCN14238,1209-PF-VN-IMPEQN-GENRE,Vietnam,ExtendedStrict,XGBoost,1,0,0.0934758335351944,0
5185,RCN14239,1209-PF-VN-IMPEQN-GENRE,Vietnam,ExtendedStrict,XGBoost,1,0,0.010411801747977734,0
5186,RCN14241,1209-PF-VN-IMPEQN-GENRE,Vietnam,ExtendedStrict,XGBoost,1,1,0.9876177906990051,1
5187,RCN14243,1209-PF-VN-IMPEQN-GENRE,Vietnam,ExtendedStrict,XGBoost,1,0,0.638215959072113,1
5188,RCN14251,1209-PF-VN-IMPEQN-GENRE,Vietnam,ExtendedStrict,XGBoost,1,0,0.047672055661678314,0
5189,RCN14255,1209-PF-VN-IMPEQN-GENRE,Vietnam,ExtendedStrict,XGBoost,1,0,0.0067700715735554695,0
5190,RCN14262,1209-PF-VN-IMPEQN-GENRE,Vietnam,ExtendedStrict,XGBoost,1,1,0.9946660995483398,1
5191,RCN14263,1209-PF-VN-IMPEQN-GENRE,Vietnam,ExtendedStrict,XGBoost,1,1,0.9842745661735535,1
5192,RCN14264,1209-PF-VN-IMPEQN-GENRE,Vietnam,ExtendedStrict,XGBoost,1,1,0.9876177906990051,1
5193,RCN14265,1209-PF-VN-IMPEQN-GENRE,Vietnam,ExtendedStrict,XGBoost,1,1,0.9869891405105591,1
5194,RCN14269,1209-PF-VN-IMPEQN-GENRE,Vietnam,ExtendedStrict,XGBoost,1,1,0.9842745661735535,1
5195,RCN14270,1209-PF-VN-IMPEQN-GENRE,Vietnam,ExtendedStrict,XGBoost,1,1,0.9866390228271484,1
5196,RCN14271,1209-PF-VN-IMPEQN-GENRE,Vietnam,ExtendedStrict,XGBoost,1,1,0.9856953024864197,1
5197,RCN14272,1209-PF-VN-IMPEQN-GENRE,Vietnam,ExtendedStrict,XGBoost,1,1,0.9842745661735535,1
5198,RCN14273,1209-PF-VN-IMPEQN-GENRE,Vietnam,ExtendedStrict,XGBoost,1,1,0.9842745661735535,1
5199,RCN14276,1209-PF-VN-IMPEQN-GENRE,Vietnam,ExtendedStrict,XGBoost,1,1,0.9946660995483398,1
5200,RCN14277,1209-PF-VN-IMPEQN-GENRE,Vietnam,ExtendedStrict,XGBoost,1,1,0.9842745661735535,1
5201,RCN14278,1209-PF-VN-IMPEQN-GENRE,Vietnam,ExtendedStrict,XGBoost,1,1,0.9842745661735535,1
5202,RCN14279,1209-PF-VN-IMPEQN-GENRE,Vietnam,ExtendedStrict,XGBoost,1,1,0.9842745661735535,1
5203,RCN14280,1209-PF-VN-IMPEQN-GENRE,Vietnam,ExtendedStrict,XGBoost,1,1,0.9842745661735535,1
5204,RCN14281,1209-PF-VN-IMPEQN-GENRE,Vietnam,ExtendedStrict,XGBoost,1,1,0.9842745661735535,1
5205,RCN14284,1209-PF-VN-IMPEQN-GENRE,Vietnam,ExtendedStrict,XGBoost,1,1,0.9842745661735535,1
5206,RCN14285,1209-PF-VN-IMPEQN-GENRE,Vietnam,ExtendedStrict,XGBoost,1,1,0.9842745661735535,1
5207,RCN14286,1209-PF-VN-IMPEQN-GENRE,Vietnam,ExtendedStrict,XGBoost,1,1,0.9842745661735535,1
5208,RCN14287,1209-PF-VN-IMPEQN-GENRE,Vietnam,ExtendedStrict,XGBoost,1,1,0.9842745661735535,1
5209,RCN14288,1209-PF-VN-IMPEQN-GENRE,Vietnam,ExtendedStrict,XGBoost,1,1,0.9876177906990051,1
5210,RCN14289,1209-PF-VN-IMPEQN-GENRE,Vietnam,ExtendedStrict,XGBoost,1,1,0.9946660995483398,1
5211,RCN14291,1209-PF-VN-IMPEQN-GENRE,Vietnam,ExtendedStrict,XGBoost,1,1,0.9852228164672852,1
5212,RCN14292,1209-PF-VN-IMPEQN-GENRE,Vietnam,ExtendedStrict,XGBoost,1,1,0.9842745661735535,1
5213,RCN14293,1209-PF-VN-IMPEQN-GENRE,Vietnam,ExtendedStrict,XGBoost,1,1,0.9876177906990051,1
5214,RCN14294,1209-PF-VN-IMPEQN-GENRE,Vietnam,ExtendedStrict,XGBoost,1,1,0.9842745661735535,1
5215,RCN14295,1209-PF-VN-IMPEQN-GENRE,Vietnam,ExtendedStrict,XGBoost,1,1,0.9876177906990051,1
5216,RCN14296,1209-PF-VN-IMPEQN-GENRE,Vietnam,ExtendedStrict,XGBoost,1,1,0.9842745661735535,1
5217,RCN14297,1209-PF-VN-IMPEQN-GENRE,Vietnam,ExtendedStrict,XGBoost,1,1,0.8074731230735779,1
5218,RCN14300,1209-PF-VN-IMPEQN-GENRE,Vietnam,ExtendedStrict,XGBoost,1,1,0.9852228164672852,1
5219,RCN14301,1209-PF-VN-IMPEQN-GENRE,Vietnam,ExtendedStrict,XGBoost,1,1,0.9777357578277588,1
5220,RCN14302,1209-PF-VN-IMPEQN-GENRE,Vietnam,ExtendedStrict,XGBoost,1,1,0.9869891405105591,1
5221,RCN14303,1209-PF-VN-IMPEQN-GENRE,Vietnam,ExtendedStrict,XGBoost,1,1,0.9842745661735535,1
5222,RCN14304,1209-PF-VN-IMPEQN-GENRE,Vietnam,ExtendedStrict,XGBoost,1,1,0.9842745661735535,1
5223,RCN14305,1209-PF-VN-IMPEQN-GENRE,Vietnam,ExtendedStrict,XGBoost,1,1,0.9842745661735535,1
5224,RCN14309,1209-PF-VN-IMPEQN-GENRE,Vietnam,ExtendedStrict,XGBoost,1,1,0.9842745661735535,1
5225,RCN14310,1209-PF-VN-IMPEQN-GENRE,Vietnam,ExtendedStrict,XGBoost,1,1,0.9842745661735535,1
5226,RCN14311,1209-PF-VN-IMPEQN-GENRE,Vietnam,ExtendedStrict,XGBoost,1,1,0.9777357578277588,1
5227,RCN14312,1209-PF-VN-IMPEQN-GENRE,Vietnam,ExtendedStrict,XGBoost,1,1,0.9842745661735535,1
5228,RCN14313,1209-PF-VN-IMPEQN-GENRE,Vietnam,ExtendedStrict,XGBoost,1,0,0.09068246930837631,0
5229,RCN14316,1209-PF-VN-IMPEQN-GENRE,Vietnam,ExtendedStrict,XGBoost,1,1,0.9877745509147644,1
5230,RCN14317,1209-PF-VN-IMPEQN-GENRE,Vietnam,ExtendedStrict,XGBoost,1,1,0.9842745661735535,1
5231,RCN14318,1209-PF-VN-IMPEQN-GENRE,Vietnam,ExtendedStrict,XGBoost,1,1,0.9876177906990051,1
5232,RCN14319,1209-PF-VN-IMPEQN-GENRE,Vietnam,ExtendedStrict,XGBoost,1,1,0.9946660995483398,1
5233,RCN14320,1209-PF-VN-IMPEQN-GENRE,Vietnam,ExtendedStrict,XGBoost,1,1,0.9842745661735535,1
5234,RCN14321,1209-PF-VN-IMPEQN-GENRE,Vietnam,ExtendedStrict,XGBoost,1,1,0.9864805340766907,1
5235,RCN14324,1209-PF-VN-IMPEQN-GENRE,Vietnam,ExtendedStrict,XGBoost,1,1,0.9842745661735535,1
5236,RCN14325,1209-PF-VN-IMPEQN-GENRE,Vietnam,ExtendedStrict,XGBoost,1,1,0.9911831617355347,1
5237,RCN14572,1209-PF-VN-IMPEQN-GENRE,Vietnam,ExtendedStrict,XGBoost,1,0,0.013219025917351246,0
5238,RCN14573,1209-PF-VN-IMPEQN-GENRE,Vietnam,ExtendedStrict,XGBoost,1,0,0.02600964717566967,0
5239,RCN14574,1209-PF-VN-IMPEQN-GENRE,Vietnam,ExtendedStrict,XGBoost,1,0,0.02600964717566967,0
5240,RCN14575,1209-PF-VN-IMPEQN-GENRE,Vietnam,ExtendedStrict,XGBoost,1,1,0.9941405653953552,1
5241,RCN14576,1209-PF-VN-IMPEQN-GENRE,Vietnam,ExtendedStrict,XGBoost,1,1,0.9946660995483398,1
5242,RCN14577,1209-PF-VN-IMPEQN-GENRE,Vietnam,ExtendedStrict,XGBoost,1,1,0.9869891405105591,1
5243,RCN14578,1209-PF-VN-IMPEQN-GENRE,Vietnam,ExtendedStrict,XGBoost,1,1,0.9887901544570923,1
5244,RCN14580,1209-PF-VN-IMPEQN-GENRE,Vietnam,ExtendedStrict,XGBoost,1,1,0.978752851486206,1
5245,RCN14581,1209-PF-VN-IMPEQN-GENRE,Vietnam,ExtendedStrict,XGBoost,1,1,0.9876177906990051,1
5246,RCN14582,1209-PF-VN-IMPEQN-GENRE,Vietnam,ExtendedStrict,XGBoost,1,1,0.99080491065979,1
5247,RCN14584,1209-PF-VN-IMPEQN-GENRE,Vietnam,ExtendedStrict,XGBoost,1,0,0.04834098368883133,0
5248,RCN14585,1209-PF-VN-IMPEQN-GENRE,Vietnam,ExtendedStrict,XGBoost,1,1,0.9911831617355347,1
5249,RCN14586,1209-PF-VN-IMPEQN-GENRE,Vietnam,ExtendedStrict,XGBoost,1,1,0.9814417958259583,1
5250,RCN14587,1209-PF-VN-IMPEQN-GENRE,Vietnam,ExtendedStrict,XGBoost,1,1,0.9876177906990051,1
5251,RCN14588,1209-PF-VN-IMPEQN-GENRE,Vietnam,ExtendedStrict,XGBoost,1,1,0.9946660995483398,1
5252,RCN14589,1209-PF-VN-IMPEQN-GENRE,Vietnam,ExtendedStrict,XGBoost,1,1,0.9842745661735535,1
5253,RCN14590,1209-PF-VN-IMPEQN-GENRE,Vietnam,ExtendedStrict,XGBoost,1,1,0.9842745661735535,1
5254,RCN14591,1209-PF-VN-IMPEQN-GENRE,Vietnam,ExtendedStrict,XGBoost,1,1,0.9948805570602417,1
5255,RCN14592,1209-PF-VN-IMPEQN-GENRE,Vietnam,ExtendedStrict,XGBoost,1,1,0.9842745661735535,1
5256,RCN14593,1209-PF-VN-IMPEQN-GENRE,Vietnam,ExtendedStrict,XGBoost,1,1,0.9876177906990051,1
5257,RCN14594,1209-PF-VN-IMPEQN-GENRE,Vietnam,ExtendedStrict,XGBoost,1,1,0.9876177906990051,1
5258,RCN14595,1209-PF-VN-IMPEQN-GENRE,Vietnam,ExtendedStrict,XGBoost,1,1,0.9876177906990051,1
5259,RCN14596,1209-PF-VN-IMPEQN-GENRE,Vietnam,ExtendedStrict,XGBoost,1,1,0.9876177906990051,1
5260,RCN14597,1209-PF-VN-IMPEQN-GENRE,Vietnam,ExtendedStrict,XGBoost,1,1,0.99080491065979,1
5261,RCN14598,1209-PF-VN-IMPEQN-GENRE,Vietnam,ExtendedStrict,XGBoost,1,1,0.9876177906990051,1
5262,RCN14599,1209-PF-VN-IMPEQN-GENRE,Vietnam,ExtendedStrict,XGBoost,1,1,0.9864805340766907,1
5263,RCN14600,1209-PF-VN-IMPEQN-GENRE,Vietnam,ExtendedStrict,XGBoost,1,1,0.9842745661735535,1
5264,RCN14601,1209-PF-VN-IMPEQN-GENRE,Vietnam,ExtendedStrict,XGBoost,1,1,0.99080491065979,1
5265,RCN14602,1209-PF-VN-IMPEQN-GENRE,Vietnam,ExtendedStrict,XGBoost,1,1,0.9842745661735535,1
5266,RCN14603,1209-PF-VN-IMPEQN-GENRE,Vietnam,ExtendedStrict,XGBoost,1,1,0.9842745661735535,1
5267,RCN14604,1209-PF-VN-IMPEQN-GENRE,Vietnam,ExtendedStrict,XGBoost,1,1,0.9866390228271484,1
5268,RCN14605,1209-PF-VN-IMPEQN-GENRE,Vietnam,ExtendedStrict,XGBoost,1,1,0.9824116826057434,1
5269,RCN14606,1209-PF-VN-IMPEQN-GENRE,Vietnam,ExtendedStrict,XGBoost,1,1,0.9876177906990051,1
5270,RCN14607,1209-PF-VN-IMPEQN-GENRE,Vietnam,ExtendedStrict,XGBoost,1,1,0.9948805570602417,1
5271,RCN14608,1209-PF-VN-IMPEQN-GENRE,Vietnam,ExtendedStrict,XGBoost,1,1,0.9876177906990051,1
5272,RCN14609,1209-PF-VN-IMPEQN-GENRE,Vietnam,ExtendedStrict,XGBoost,1,1,0.9876177906990051,1
5273,RCN14610,1209-PF-VN-IMPEQN-GENRE,Vietnam,ExtendedStrict,XGBoost,1,1,0.9842745661735535,1
5274,RCN14611,1209-PF-VN-IMPEQN-GENRE,Vietnam,ExtendedStrict,XGBoost,1,1,0.9876177906990051,1
5275,RCN14612,1209-PF-VN-IMPEQN-GENRE,Vietnam,ExtendedStrict,XGBoost,1,1,0.9842745661735535,1
5276,RCN14613,1209-PF-VN-IMPEQN-GENRE,Vietnam,ExtendedStrict,XGBoost,1,1,0.9845359921455383,1
5277,RCN14614,1209-PF-VN-IMPEQN-GENRE,Vietnam,ExtendedStrict,XGBoost,1,1,0.9842745661735535,1
5278,RCN14615,1209-PF-VN-IMPEQN-GENRE,Vietnam,ExtendedStrict,XGBoost,1,1,0.99080491065979,1
5279,RCN14616,1209-PF-VN-IMPEQN-GENRE,Vietnam,ExtendedStrict,XGBoost,1,1,0.9842745661735535,1
5280,RCN14617,1209-PF-VN-IMPEQN-GENRE,Vietnam,ExtendedStrict,XGBoost,1,1,0.9777357578277588,1
5281,RCN14618,1209-PF-VN-IMPEQN-GENRE,Vietnam,ExtendedStrict,XGBoost,1,1,0.9876177906990051,1
5282,RCN14620,1209-PF-VN-IMPEQN-GENRE,Vietnam,ExtendedStrict,XGBoost,1,1,0.9852544069290161,1
5283,RCN14621,1209-PF-VN-IMPEQN-GENRE,Vietnam,ExtendedStrict,XGBoost,1,1,0.9856953024864197,1
5284,RCN14622,1209-PF-VN-IMPEQN-GENRE,Vietnam,ExtendedStrict,XGBoost,1,1,0.9842745661735535,1
5285,RCN14623,1209-PF-VN-IMPEQN-GENRE,Vietnam,ExtendedStrict,XGBoost,1,1,0.9876177906990051,1
5286,RCN14624,1209-PF-VN-IMPEQN-GENRE,Vietnam,ExtendedStrict,XGBoost,1,1,0.9876177906990051,1
5287,RCN14625,1209-PF-VN-IMPEQN-GENRE,Vietnam,ExtendedStrict,XGBoost,1,1,0.9842745661735535,1
5288,RCN14626,1209-PF-VN-IMPEQN-GENRE,Vietnam,ExtendedStrict,XGBoost,1,1,0.8616728186607361,1
5289,RCN14627,1209-PF-VN-IMPEQN-GENRE,Vietnam,ExtendedStrict,XGBoost,1,1,0.9852228164672852,1
5290,RCN14628,1209-PF-VN-IMPEQN-GENRE,Vietnam,ExtendedStrict,XGBoost,1,1,0.9876177906990051,1
5291,RCN14629,1209-PF-VN-IMPEQN-GENRE,Vietnam,ExtendedStrict,XGBoost,1,1,0.9876177906990051,1
5292,RCN14630,1209-PF-VN-IMPEQN-GENRE,Vietnam,ExtendedStrict,XGBoost,1,0,0.638215959072113,1
5293,RCN14631,1209-PF-VN-IMPEQN-GENRE,Vietnam,ExtendedStrict,XGBoost,1,1,0.9842745661735535,1
5294,RCN14632,1209-PF-VN-IMPEQN-GENRE,Vietnam,ExtendedStrict,XGBoost,1,1,0.9899673461914062,1
5295,RCN14633,1209-PF-VN-IMPEQN-GENRE,Vietnam,ExtendedStrict,XGBoost,1,1,0.8616728186607361,1
5296,RCN14634,1209-PF-VN-IMPEQN-GENRE,Vietnam,ExtendedStrict,XGBoost,1,1,0.9887901544570923,1
5297,RCN14635,1209-PF-VN-IMPEQN-GENRE,Vietnam,ExtendedStrict,XGBoost,1,1,0.9842745661735535,1
5298,RCN14636,1209-PF-VN-IMPEQN-GENRE,Vietnam,ExtendedStrict,XGBoost,1,1,0.9876177906990051,1
5299,RCN14638,1209-PF-VN-IMPEQN-GENRE,Vietnam,ExtendedStrict,XGBoost,1,1,0.9645876884460449,1
5300,RCN14639,1209-PF-VN-IMPEQN-GENRE,Vietnam,ExtendedStrict,XGBoost,1,1,0.9842745661735535,1
5301,RCN14640,1209-PF-VN-IMPEQN-GENRE,Vietnam,ExtendedStrict,XGBoost,1,1,0.9946185350418091,1
5302,RCN14641,1209-PF-VN-IMPEQN-GENRE,Vietnam,ExtendedStrict,XGBoost,1,1,0.9842745661735535,1
5303,RCN14642,1209-PF-VN-IMPEQN-GENRE,Vietnam,ExtendedStrict,XGBoost,1,1,0.7773948311805725,1
5304,RCN14643,1209-PF-VN-IMPEQN-GENRE,Vietnam,ExtendedStrict,XGBoost,1,1,0.9876177906990051,1
5305,RCN14644,1209-PF-VN-IMPEQN-GENRE,Vietnam,ExtendedStrict,XGBoost,1,1,0.9842745661735535,1
5306,RCN14645,1209-PF-VN-IMPEQN-GENRE,Vietnam,ExtendedStrict,XGBoost,1,1,0.9876177906990051,1
5307,RCN14646,1209-PF-VN-IMPEQN-GENRE,Vietnam,ExtendedStrict,XGBoost,1,1,0.9842745661735535,1
5308,RCN14647,1209-PF-VN-IMPEQN-GENRE,Vietnam,ExtendedStrict,XGBoost,1,1,0.9899673461914062,1
5309,RCN14648,1209-PF-VN-IMPEQN-GENRE,Vietnam,ExtendedStrict,XGBoost,1,1,0.9842745661735535,1
5310,RCN14649,1209-PF-VN-IMPEQN-GENRE,Vietnam,ExtendedStrict,XGBoost,1,1,0.9842745661735535,1
5311,RCN14650,1209-PF-VN-IMPEQN-GENRE,Vietnam,ExtendedStrict,XGBoost,1,1,0.9948805570602417,1
5312,RCN14651,1209-PF-VN-IMPEQN-GENRE,Vietnam,ExtendedStrict,XGBoost,1,1,0.9835335612297058,1
5313,RCN14652,1209-PF-VN-IMPEQN-GENRE,Vietnam,ExtendedStrict,XGBoost,1,1,0.9842745661735535,1
5314,RCN14653,1209-PF-VN-IMPEQN-GENRE,Vietnam,ExtendedStrict,XGBoost,1,1,0.9869891405105591,1
5315,RCN14654,1209-PF-VN-IMPEQN-GENRE,Vietnam,ExtendedStrict,XGBoost,1,1,0.9842745661735535,1
5316,RCN14655,1209-PF-VN-IMPEQN-GENRE,Vietnam,ExtendedStrict,XGBoost,1,1,0.9845359921455383,1
5317,RCN14656,1209-PF-VN-IMPEQN-GENRE,Vietnam,ExtendedStrict,XGBoost,1,1,0.9842745661735535,1
5318,RCN14657,1209-PF-VN-IMPEQN-GENRE,Vietnam,ExtendedStrict,XGBoost,1,1,0.9842745661735535,1
5319,RCN14658,1209-PF-VN-IMPEQN-GENRE,Vietnam,ExtendedStrict,XGBoost,1,1,0.9852228164672852,1
5320,RCN14659,1209-PF-VN-IMPEQN-GENRE,Vietnam,ExtendedStrict,XGBoost,1,1,0.9785771369934082,1
5321,RCN14660,1209-PF-VN-IMPEQN-GENRE,Vietnam,ExtendedStrict,XGBoost,1,1,0.9946660995483398,1
5322,RCN14661,1209-PF-VN-IMPEQN-GENRE,Vietnam,ExtendedStrict,XGBoost,1,1,0.9848072528839111,1
5323,RCN14662,1209-PF-VN-IMPEQN-GENRE,Vietnam,ExtendedStrict,XGBoost,1,1,0.9876177906990051,1
5324,RCN14663,1209-PF-VN-IMPEQN-GENRE,Vietnam,ExtendedStrict,XGBoost,1,1,0.9946038126945496,1
5325,RCN14664,1209-PF-VN-IMPEQN-GENRE,Vietnam,ExtendedStrict,XGBoost,1,1,0.9866390228271484,1
5326,RCN14665,1209-PF-VN-IMPEQN-GENRE,Vietnam,ExtendedStrict,XGBoost,1,1,0.9946660995483398,1
5327,RCN14666,1209-PF-VN-IMPEQN-GENRE,Vietnam,ExtendedStrict,XGBoost,1,0,0.5371681451797485,1
5328,RCN14667,1209-PF-VN-IMPEQN-GENRE,Vietnam,ExtendedStrict,XGBoost,1,1,0.7239648699760437,1
5329,RCN14672,1209-PF-VN-IMPEQN-GENRE,Vietnam,ExtendedStrict,XGBoost,1,0,0.5423157215118408,1
5330,RCN14673,1209-PF-VN-IMPEQN-GENRE,Vietnam,ExtendedStrict,XGBoost,1,0,0.6536381244659424,1
5331,RCN14674,1209-PF-VN-IMPEQN-GENRE,Vietnam,ExtendedStrict,XGBoost,1,1,0.9869891405105591,1
5332,RCN14675,1209-PF-VN-IMPEQN-GENRE,Vietnam,ExtendedStrict,XGBoost,1,1,0.9795896410942078,1
5333,RCN14676,1209-PF-VN-IMPEQN-GENRE,Vietnam,ExtendedStrict,XGBoost,1,1,0.9842745661735535,1
5334,RCN14677,1209-PF-VN-IMPEQN-GENRE,Vietnam,ExtendedStrict,XGBoost,1,0,0.5423157215118408,1
5335,RCN14680,1209-PF-VN-IMPEQN-GENRE,Vietnam,ExtendedStrict,XGBoost,1,0,0.1921534538269043,0
5336,RCN14681,1209-PF-VN-IMPEQN-GENRE,Vietnam,ExtendedStrict,XGBoost,1,1,0.9773470759391785,1
5337,RCN14682,1209-PF-VN-IMPEQN-GENRE,Vietnam,ExtendedStrict,XGBoost,1,1,0.9787870049476624,1
5338,RCN14683,1209-PF-VN-IMPEQN-GENRE,Vietnam,ExtendedStrict,XGBoost,1,1,0.9754334688186646,1
5339,RCN14684,1209-PF-VN-IMPEQN-GENRE,Vietnam,ExtendedStrict,XGBoost,1,1,0.9919083714485168,1
5340,RCN14685,1209-PF-VN-IMPEQN-GENRE,Vietnam,ExtendedStrict,XGBoost,1,1,0.9787870049476624,1
5341,RCN14688,1209-PF-VN-IMPEQN-GENRE,Vietnam,ExtendedStrict,XGBoost,1,1,0.9911831617355347,1
5342,RCN14689,1209-PF-VN-IMPEQN-GENRE,Vietnam,ExtendedStrict,XGBoost,1,0,0.020519491285085678,0
5343,RCN14691,1209-PF-VN-IMPEQN-GENRE,Vietnam,ExtendedStrict,XGBoost,1,0,0.006236650515347719,0
5344,RCN14693,1209-PF-VN-IMPEQN-GENRE,Vietnam,ExtendedStrict,XGBoost,1,0,0.020519491285085678,0
5345,RCN14696,1209-PF-VN-IMPEQN-GENRE,Vietnam,ExtendedStrict,XGBoost,1,0,0.17512443661689758,0
5346,RCN14697,1209-PF-VN-IMPEQN-GENRE,Vietnam,ExtendedStrict,XGBoost,1,0,0.639326274394989,1
5347,RCN14698,1209-PF-VN-IMPEQN-GENRE,Vietnam,ExtendedStrict,XGBoost,1,1,0.9777357578277588,1
5348,RCN14699,1209-PF-VN-IMPEQN-GENRE,Vietnam,ExtendedStrict,XGBoost,1,1,0.9946660995483398,1
5349,RCN14700,1209-PF-VN-IMPEQN-GENRE,Vietnam,ExtendedStrict,XGBoost,1,1,0.9948805570602417,1
5350,RCN14701,1209-PF-VN-IMPEQN-GENRE,Vietnam,ExtendedStrict,XGBoost,1,1,0.9842745661735535,1
5351,RCN14705,1209-PF-VN-IMPEQN-GENRE,Vietnam,ExtendedStrict,XGBoost,1,1,0.994105339050293,1
5352,RCN14706,1209-PF-VN-IMPEQN-GENRE,Vietnam,ExtendedStrict,XGBoost,1,1,0.9948805570602417,1
5353,RCN14707,1209-PF-VN-IMPEQN-GENRE,Vietnam,ExtendedStrict,XGBoost,1,1,0.9842745661735535,1
5354,RCN14708,1209-PF-VN-IMPEQN-GENRE,Vietnam,ExtendedStrict,XGBoost,1,1,0.9946660995483398,1
5355,RCN14709,1209-PF-VN-IMPEQN-GENRE,Vietnam,ExtendedStrict,XGBoost,1,1,0.9946660995483398,1
5356,RCN14712,1209-PF-VN-IMPEQN-GENRE,Vietnam,ExtendedStrict,XGBoost,1,1,0.9787870049476624,1
5357,RCN14713,1209-PF-VN-IMPEQN-GENRE,Vietnam,ExtendedStrict,XGBoost,1,1,0.9946038126945496,1
5358,RCN14714,1209-PF-VN-IMPEQN-GENRE,Vietnam,ExtendedStrict,XGBoost,1,1,0.9946660995483398,1
5359,RCN14715,1209-PF-VN-IMPEQN-GENRE,Vietnam,ExtendedStrict,XGBoost,1,1,0.9948805570602417,1
5360,RCN14717,1209-PF-VN-IMPEQN-GENRE,Vietnam,ExtendedStrict,XGBoost,1,1,0.9887901544570923,1
5361,RCN14719,1209-PF-VN-IMPEQN-GENRE,Vietnam,ExtendedStrict,XGBoost,1,1,0.9004959464073181,1
5362,RCN14720,1209-PF-VN-IMPEQN-GENRE,Vietnam,ExtendedStrict,XGBoost,1,1,0.9877471923828125,1
5363,RCN14721,1209-PF-VN-IMPEQN-GENRE,Vietnam,ExtendedStrict,XGBoost,1,1,0.9946660995483398,1
5364,RCN14722,1209-PF-VN-IMPEQN-GENRE,Vietnam,ExtendedStrict,XGBoost,1,1,0.98390132188797,1
5365,RCN14723,1209-PF-VN-IMPEQN-GENRE,Vietnam,ExtendedStrict,XGBoost,1,1,0.99080491065979,1
5366,RCN14724,1209-PF-VN-IMPEQN-GENRE,Vietnam,ExtendedStrict,XGBoost,1,0,0.1395183801651001,0
5367,RCN14725,1209-PF-VN-IMPEQN-GENRE,Vietnam,ExtendedStrict,XGBoost,1,0,0.1395183801651001,0
5368,RCN14727,1209-PF-VN-IMPEQN-GENRE,Vietnam,ExtendedStrict,XGBoost,1,0,0.1395183801651001,0
5369,RCN14728,1209-PF-VN-IMPEQN-GENRE,Vietnam,ExtendedStrict,XGBoost,1,0,0.1395183801651001,0
5370,RCN14729,1209-PF-VN-IMPEQN-GENRE,Vietnam,ExtendedStrict,XGBoost,1,0,0.15210558474063873,0
5371,RCN14730,1209-PF-VN-IMPEQN-GENRE,Vietnam,ExtendedStrict,XGBoost,1,0,0.1395183801651001,0
5372,RCN14731,1209-PF-VN-IMPEQN-GENRE,Vietnam,ExtendedStrict,XGBoost,1,0,0.1395183801651001,0
5373,RCN14732,1209-PF-VN-IMPEQN-GENRE,Vietnam,ExtendedStrict,XGBoost,1,0,0.1395183801651001,0
5374,RCN14733,1209-PF-VN-IMPEQN-GENRE,Vietnam,ExtendedStrict,XGBoost,1,0,0.1395183801651001,0
5375,RCN14738,1209-PF-VN-IMPEQN-GENRE,Vietnam,ExtendedStrict,XGBoost,1,1,0.9946660995483398,1
5376,RCN14739,1209-PF-VN-IMPEQN-GENRE,Vietnam,ExtendedStrict,XGBoost,1,0,0.6098421216011047,1
5377,RCN14740,1209-PF-VN-IMPEQN-GENRE,Vietnam,ExtendedStrict,XGBoost,1,0,0.6371129155158997,1
5378,RCN14741,1209-PF-VN-IMPEQN-GENRE,Vietnam,ExtendedStrict,XGBoost,1,0,0.7970936298370361,1
5379,RCN14744,1209-PF-VN-IMPEQN-GENRE,Vietnam,ExtendedStrict,XGBoost,1,1,0.9777357578277588,1
5380,RCN14746,1209-PF-VN-IMPEQN-GENRE,Vietnam,ExtendedStrict,XGBoost,1,1,0.9864805340766907,1
5381,RCN14748,1209-PF-VN-IMPEQN-GENRE,Vietnam,ExtendedStrict,XGBoost,1,1,0.9842745661735535,1
5382,RCN14752,1209-PF-VN-IMPEQN-GENRE,Vietnam,ExtendedStrict,XGBoost,1,1,0.9842745661735535,1
5383,RCN14753,1209-PF-VN-IMPEQN-GENRE,Vietnam,ExtendedStrict,XGBoost,1,1,0.9842745661735535,1
5384,RCN14754,1209-PF-VN-IMPEQN-GENRE,Vietnam,ExtendedStrict,XGBoost,1,1,0.9864805340766907,1
5385,RCN14755,1209-PF-VN-IMPEQN-GENRE,Vietnam,ExtendedStrict,XGBoost,1,1,0.9876177906990051,1
5386,RCN14756,1209-PF-VN-IMPEQN-GENRE,Vietnam,ExtendedStrict,XGBoost,1,1,0.8074731230735779,1
5387,RCN14757,1209-PF-VN-IMPEQN-GENRE,Vietnam,ExtendedStrict,XGBoost,1,1,0.9876177906990051,1
5388,RCN14760,1209-PF-VN-IMPEQN-GENRE,Vietnam,ExtendedStrict,XGBoost,1,1,0.9842745661735535,1
5389,RCN14762,1209-PF-VN-IMPEQN-GENRE,Vietnam,ExtendedStrict,XGBoost,1,1,0.9946660995483398,1
5390,RCN14763,1209-PF-VN-IMPEQN-GENRE,Vietnam,ExtendedStrict,XGBoost,1,1,0.9842745661735535,1
5391,RCN14766,1209-PF-VN-IMPEQN-GENRE,Vietnam,ExtendedStrict,XGBoost,1,1,0.9842745661735535,1
5392,RCN14770,1209-PF-VN-IMPEQN-GENRE,Vietnam,ExtendedStrict,XGBoost,1,1,0.9842745661735535,1
5393,RCN14771,1209-PF-VN-IMPEQN-GENRE,Vietnam,ExtendedStrict,XGBoost,1,1,0.8074731230735779,1
5394,RCN14776,1209-PF-VN-IMPEQN-GENRE,Vietnam,ExtendedStrict,XGBoost,1,1,0.9869891405105591,1
5395,RCN14777,1209-PF-VN-IMPEQN-GENRE,Vietnam,ExtendedStrict,XGBoost,1,1,0.8074731230735779,1
5396,RCN14787,1209-PF-VN-IMPEQN-GENRE,Vietnam,ExtendedStrict,XGBoost,1,1,0.9842745661735535,1
5397,RCN14794,1209-PF-VN-IMPEQN-GENRE,Vietnam,ExtendedStrict,XGBoost,1,1,0.9842745661735535,1
5398,RCN14795,1209-PF-VN-IMPEQN-GENRE,Vietnam,ExtendedStrict,XGBoost,1,1,0.8074731230735779,1
5399,RCN14799,1209-PF-VN-IMPEQN-GENRE,Vietnam,ExtendedStrict,XGBoost,1,1,0.8074731230735779,1
5400,RCN14800,1209-PF-VN-IMPEQN-GENRE,Vietnam,ExtendedStrict,XGBoost,1,1,0.8340682983398438,1
5401,RCN14802,1209-PF-VN-IMPEQN-GENRE,Vietnam,ExtendedStrict,XGBoost,1,1,0.9856953024864197,1
5402,RCN14803,1209-PF-VN-IMPEQN-GENRE,Vietnam,ExtendedStrict,XGBoost,1,1,0.9869891405105591,1
5403,RCN14807,1209-PF-VN-IMPEQN-GENRE,Vietnam,ExtendedStrict,XGBoost,1,1,0.9842745661735535,1
5404,RCN14809,1209-PF-VN-IMPEQN-GENRE,Vietnam,ExtendedStrict,XGBoost,1,1,0.9762889742851257,1
5405,RCN14810,1209-PF-VN-IMPEQN-GENRE,Vietnam,ExtendedStrict,XGBoost,1,1,0.9842745661735535,1
5406,RCN14811,1209-PF-VN-IMPEQN-GENRE,Vietnam,ExtendedStrict,XGBoost,1,1,0.8074731230735779,1
5407,RCN14814,1209-PF-VN-IMPEQN-GENRE,Vietnam,ExtendedStrict,XGBoost,1,1,0.9842745661735535,1
5408,RCN14815,1209-PF-VN-IMPEQN-GENRE,Vietnam,ExtendedStrict,XGBoost,1,1,0.9948805570602417,1
5409,RCN14816,1209-PF-VN-IMPEQN-GENRE,Vietnam,ExtendedStrict,XGBoost,1,1,0.9842745661735535,1
5410,RCN14818,1209-PF-VN-IMPEQN-GENRE,Vietnam,ExtendedStrict,XGBoost,1,1,0.9842745661735535,1
5411,RCN14819,1209-PF-VN-IMPEQN-GENRE,Vietnam,ExtendedStrict,XGBoost,1,1,0.9842745661735535,1
5412,RCN14827,1209-PF-VN-IMPEQN-GENRE,Vietnam,ExtendedStrict,XGBoost,1,1,0.9842745661735535,1
5413,RCN14834,1209-PF-VN-IMPEQN-GENRE,Vietnam,ExtendedStrict,XGBoost,1,1,0.9876177906990051,1
5414,RCN14835,1209-PF-VN-IMPEQN-GENRE,Vietnam,ExtendedStrict,XGBoost,1,1,0.9842745661735535,1
5415,RCN14839,1209-PF-VN-IMPEQN-GENRE,Vietnam,ExtendedStrict,XGBoost,1,1,0.9842745661735535,1
5416,RCN14840,1209-PF-VN-IMPEQN-GENRE,Vietnam,ExtendedStrict,XGBoost,1,1,0.9842745661735535,1
5417,RCN14841,1209-PF-VN-IMPEQN-GENRE,Vietnam,ExtendedStrict,XGBoost,1,1,0.9901155233383179,1
5418,RCN14843,1209-PF-VN-IMPEQN-GENRE,Vietnam,ExtendedStrict,XGBoost,1,1,0.9842745661735535,1
5419,RCN14847,1209-PF-VN-IMPEQN-GENRE,Vietnam,ExtendedStrict,XGBoost,1,1,0.9842745661735535,1
5420,RCN14848,1209-PF-VN-IMPEQN-GENRE,Vietnam,ExtendedStrict,XGBoost,1,1,0.8074731230735779,1
5421,RCN14849,1209-PF-VN-IMPEQN-GENRE,Vietnam,ExtendedStrict,XGBoost,1,1,0.9842745661735535,1
5422,RCN14850,1209-PF-VN-IMPEQN-GENRE,Vietnam,ExtendedStrict,XGBoost,1,1,0.9856953024864197,1
5423,RCN14851,1209-PF-VN-IMPEQN-GENRE,Vietnam,ExtendedStrict,XGBoost,1,1,0.9876177906990051,1
5819,RCN15829,1209-PF-VN-IMPEQN-GENRE,Vietnam,ExtendedStrict,XGBoost,1,1,0.9886858463287354,1
5820,RCN15837,1209-PF-VN-IMPEQN-GENRE,Vietnam,ExtendedStrict,XGBoost,1,1,0.9946660995483398,1
5821,RCN15845,1209-PF-VN-IMPEQN-GENRE,Vietnam,ExtendedStrict,XGBoost,1,1,0.9911831617355347,1
5822,RCN15851,1209-PF-VN-IMPEQN-GENRE,Vietnam,ExtendedStrict,XGBoost,1,0,0.21181300282478333,0
5823,RCN15853,1209-PF-VN-IMPEQN-GENRE,Vietnam,ExtendedStrict,XGBoost,1,0,0.014237088151276112,0
5824,RCN15861,1209-PF-VN-IMPEQN-GENRE,Vietnam,ExtendedStrict,XGBoost,1,0,0.009570611640810966,0
5825,RCN15869,1209-PF-VN-IMPEQN-GENRE,Vietnam,ExtendedStrict,XGBoost,1,1,0.9869982600212097,1
5826,RCN15872,1209-PF-VN-IMPEQN-GENRE,Vietnam,ExtendedStrict,XGBoost,1,1,0.8893364071846008,1
5827,RCN15876,1209-PF-VN-IMPEQN-GENRE,Vietnam,ExtendedStrict,XGBoost,1,1,0.9869982600212097,1
5828,RCN15877,1209-PF-VN-IMPEQN-GENRE,Vietnam,ExtendedStrict,XGBoost,1,0,0.0067700715735554695,0
5829,RCN15878,1209-PF-VN-IMPEQN-GENRE,Vietnam,ExtendedStrict,XGBoost,1,1,0.9812864661216736,1
5830,RCN15879,1209-PF-VN-IMPEQN-GENRE,Vietnam,ExtendedStrict,XGBoost,1,1,0.9812864661216736,1
5831,RCN15885,1209-PF-VN-IMPEQN-GENRE,Vietnam,ExtendedStrict,XGBoost,1,1,0.9955852031707764,1
5832,RCN15887,1209-PF-VN-IMPEQN-GENRE,Vietnam,ExtendedStrict,XGBoost,1,1,0.723819375038147,1
5833,RCN15888,1209-PF-VN-IMPEQN-GENRE,Vietnam,ExtendedStrict,XGBoost,1,1,0.9955667853355408,1
5834,RCN15889,1209-PF-VN-IMPEQN-GENRE,Vietnam,ExtendedStrict,XGBoost,1,1,0.6576122045516968,1
5835,RCN15893,1209-PF-VN-IMPEQN-GENRE,Vietnam,ExtendedStrict,XGBoost,1,1,0.9381428360939026,1
5836,RCN15894,1209-PF-VN-IMPEQN-GENRE,Vietnam,ExtendedStrict,XGBoost,1,1,0.9869982600212097,1
5837,RCN15895,1209-PF-VN-IMPEQN-GENRE,Vietnam,ExtendedStrict,XGBoost,1,1,0.9358986020088196,1
5838,RCN15896,1209-PF-VN-IMPEQN-GENRE,Vietnam,ExtendedStrict,XGBoost,1,1,0.9361702799797058,1
5839,RCN15897,1209-PF-VN-IMPEQN-GENRE,Vietnam,ExtendedStrict,XGBoost,1,1,0.9646328091621399,1
5840,RCN15899,1209-PF-VN-IMPEQN-GENRE,Vietnam,ExtendedStrict,XGBoost,1,1,0.9405137896537781,1
5841,RCN15903,1209-PF-VN-IMPEQN-GENRE,Vietnam,ExtendedStrict,XGBoost,1,1,0.9866390228271484,1
5842,RCN15904,1209-PF-VN-IMPEQN-GENRE,Vietnam,ExtendedStrict,XGBoost,1,0,0.015379957854747772,0
5843,RCN15905,1209-PF-VN-IMPEQN-GENRE,Vietnam,ExtendedStrict,XGBoost,1,1,0.8435854911804199,1
5844,RCN15908,1209-PF-VN-IMPEQN-GENRE,Vietnam,ExtendedStrict,XGBoost,1,1,0.9842745661735535,1
5845,RCN15911,1209-PF-VN-IMPEQN-GENRE,Vietnam,ExtendedStrict,XGBoost,1,1,0.9948805570602417,1
5846,RCN15912,1209-PF-VN-IMPEQN-GENRE,Vietnam,ExtendedStrict,XGBoost,1,1,0.9946660995483398,1
5847,RCN15913,1209-PF-VN-IMPEQN-GENRE,Vietnam,ExtendedStrict,XGBoost,1,1,0.9896962642669678,1
5848,RCN15917,1209-PF-VN-IMPEQN-GENRE,Vietnam,ExtendedStrict,XGBoost,1,1,0.9955667853355408,1
5849,RCN15920,1209-PF-VN-IMPEQN-GENRE,Vietnam,ExtendedStrict,XGBoost,1,1,0.88237464427948,1
5850,RCN15921,1209-PF-VN-IMPEQN-GENRE,Vietnam,ExtendedStrict,XGBoost,1,1,0.9876983761787415,1
5851,RCN15926,1209-PF-VN-IMPEQN-GENRE,Vietnam,ExtendedStrict,XGBoost,1,1,0.9896962642669678,1
5852,RCN15927,1209-PF-VN-IMPEQN-GENRE,Vietnam,ExtendedStrict,XGBoost,1,1,0.8347305655479431,1
5853,RCN15928,1209-PF-VN-IMPEQN-GENRE,Vietnam,ExtendedStrict,XGBoost,1,1,0.9869067668914795,1
5854,RCN15930,1209-PF-VN-IMPEQN-GENRE,Vietnam,ExtendedStrict,XGBoost,1,1,0.9955667853355408,1
5855,RCN15932,1209-PF-VN-IMPEQN-GENRE,Vietnam,ExtendedStrict,XGBoost,1,1,0.88237464427948,1
5856,RCN15934,1209-PF-VN-IMPEQN-GENRE,Vietnam,ExtendedStrict,XGBoost,1,1,0.9814417958259583,1
5857,RCN15936,1209-PF-VN-IMPEQN-GENRE,Vietnam,ExtendedStrict,XGBoost,1,1,0.9956088662147522,1
5858,RCN15937,1209-PF-VN-IMPEQN-GENRE,Vietnam,ExtendedStrict,XGBoost,1,1,0.8347305655479431,1
5859,RCN15942,1209-PF-VN-IMPEQN-GENRE,Vietnam,ExtendedStrict,XGBoost,1,1,0.9869067668914795,1
5860,RCN15943,1209-PF-VN-IMPEQN-GENRE,Vietnam,ExtendedStrict,XGBoost,1,1,0.965214729309082,1
5861,RCN15944,1209-PF-VN-IMPEQN-GENRE,Vietnam,ExtendedStrict,XGBoost,1,1,0.9880926012992859,1
5862,RCN15946,1209-PF-VN-IMPEQN-GENRE,Vietnam,ExtendedStrict,XGBoost,1,1,0.9869067668914795,1
5863,RCN15948,1209-PF-VN-IMPEQN-GENRE,Vietnam,ExtendedStrict,XGBoost,1,1,0.8630349040031433,1
5864,RCN15949,1209-PF-VN-IMPEQN-GENRE,Vietnam,ExtendedStrict,XGBoost,1,1,0.9955667853355408,1
5865,RCN15950,1209-PF-VN-IMPEQN-GENRE,Vietnam,ExtendedStrict,XGBoost,1,1,0.9956088662147522,1
5866,RCN15958,1209-PF-VN-IMPEQN-GENRE,Vietnam,ExtendedStrict,XGBoost,1,1,0.9896962642669678,1
5867,RCN15959,1209-PF-VN-IMPEQN-GENRE,Vietnam,ExtendedStrict,XGBoost,1,1,0.8973923921585083,1
5868,RCN15960,1209-PF-VN-IMPEQN-GENRE,Vietnam,ExtendedStrict,XGBoost,1,1,0.9907790422439575,1
5869,RCN15961,1209-PF-VN-IMPEQN-GENRE,Vietnam,ExtendedStrict,XGBoost,1,1,0.9955852031707764,1
5870,RCN15966,1209-PF-VN-IMPEQN-GENRE,Vietnam,ExtendedStrict,XGBoost,1,1,0.9869067668914795,1
5871,RCN15967,1209-PF-VN-IMPEQN-GENRE,Vietnam,ExtendedStrict,XGBoost,1,1,0.8435854911804199,1
5872,RCN15968,1209-PF-VN-IMPEQN-GENRE,Vietnam,ExtendedStrict,XGBoost,1,1,0.9955667853355408,1
5873,RCN15969,1209-PF-VN-IMPEQN-GENRE,Vietnam,ExtendedStrict,XGBoost,1,1,0.88237464427948,1
5874,RCN15972,1209-PF-VN-IMPEQN-GENRE,Vietnam,ExtendedStrict,XGBoost,1,1,0.995692789554596,1
5875,RCN15973,1209-PF-VN-IMPEQN-GENRE,Vietnam,ExtendedStrict,XGBoost,1,1,0.9923226237297058,1
5876,RCN15974,1209-PF-VN-IMPEQN-GENRE,Vietnam,ExtendedStrict,XGBoost,1,1,0.9896962642669678,1
5877,RCN15975,1209-PF-VN-IMPEQN-GENRE,Vietnam,ExtendedStrict,XGBoost,1,1,0.8347305655479431,1
5878,RCN15978,1209-PF-VN-IMPEQN-GENRE,Vietnam,ExtendedStrict,XGBoost,1,1,0.8347305655479431,1
5879,RCN15979,1209-PF-VN-IMPEQN-GENRE,Vietnam,ExtendedStrict,XGBoost,1,1,0.9869067668914795,1
5880,RCN15980,1209-PF-VN-IMPEQN-GENRE,Vietnam,ExtendedStrict,XGBoost,1,1,0.9869067668914795,1
5881,RCN15982,1209-PF-VN-IMPEQN-GENRE,Vietnam,ExtendedStrict,XGBoost,1,1,0.9957451224327087,1
5882,RCN15983,1209-PF-VN-IMPEQN-GENRE,Vietnam,ExtendedStrict,XGBoost,1,1,0.9869067668914795,1
5883,RCN15986,1209-PF-VN-IMPEQN-GENRE,Vietnam,ExtendedStrict,XGBoost,1,1,0.9869067668914795,1
5884,RCN15987,1209-PF-VN-IMPEQN-GENRE,Vietnam,ExtendedStrict,XGBoost,1,1,0.9896962642669678,1
5885,RCN15988,1209-PF-VN-IMPEQN-GENRE,Vietnam,ExtendedStrict,XGBoost,1,1,0.9871249794960022,1
5886,RCN15989,1209-PF-VN-IMPEQN-GENRE,Vietnam,ExtendedStrict,XGBoost,1,1,0.9869067668914795,1
5887,RCN15990,1209-PF-VN-IMPEQN-GENRE,Vietnam,ExtendedStrict,XGBoost,1,1,0.9948531985282898,1
5888,RCN15991,1209-PF-VN-IMPEQN-GENRE,Vietnam,ExtendedStrict,XGBoost,1,1,0.8347305655479431,1
5889,RCN15994,1209-PF-VN-IMPEQN-GENRE,Vietnam,ExtendedStrict,XGBoost,1,1,0.9896962642669678,1
5890,RCN15995,1209-PF-VN-IMPEQN-GENRE,Vietnam,ExtendedStrict,XGBoost,1,1,0.9887477159500122,1
5891,RCN15996,1209-PF-VN-IMPEQN-GENRE,Vietnam,ExtendedStrict,XGBoost,1,1,0.9957451224327087,1
5892,RCN15997,1209-PF-VN-IMPEQN-GENRE,Vietnam,ExtendedStrict,XGBoost,1,1,0.9869067668914795,1
5893,RCN15998,1209-PF-VN-IMPEQN-GENRE,Vietnam,ExtendedStrict,XGBoost,1,1,0.9957451224327087,1
5894,RCN15999,1209-PF-VN-IMPEQN-GENRE,Vietnam,ExtendedStrict,XGBoost,1,1,0.8347305655479431,1
5895,RCN16002,1209-PF-VN-IMPEQN-GENRE,Vietnam,ExtendedStrict,XGBoost,1,1,0.9946986436843872,1
5896,RCN16003,1209-PF-VN-IMPEQN-GENRE,Vietnam,ExtendedStrict,XGBoost,1,1,0.88237464427948,1
5897,RCN16004,1209-PF-VN-IMPEQN-GENRE,Vietnam,ExtendedStrict,XGBoost,1,1,0.9869067668914795,1
5898,RCN16005,1209-PF-VN-IMPEQN-GENRE,Vietnam,ExtendedStrict,XGBoost,1,1,0.9888800382614136,1
5899,RCN16006,1209-PF-VN-IMPEQN-GENRE,Vietnam,ExtendedStrict,XGBoost,1,1,0.9869067668914795,1
5900,RCN16007,1209-PF-VN-IMPEQN-GENRE,Vietnam,ExtendedStrict,XGBoost,1,0,0.012729909271001816,0
5901,RCN16010,1209-PF-VN-IMPEQN-GENRE,Vietnam,ExtendedStrict,XGBoost,1,1,0.9882347583770752,1
5902,RCN16011,1209-PF-VN-IMPEQN-GENRE,Vietnam,ExtendedStrict,XGBoost,1,1,0.9749426245689392,1
5903,RCN16012,1209-PF-VN-IMPEQN-GENRE,Vietnam,ExtendedStrict,XGBoost,1,1,0.944732666015625,1
5904,RCN16014,1209-PF-VN-IMPEQN-GENRE,Vietnam,ExtendedStrict,XGBoost,1,0,0.1585574895143509,0
5905,RCN16015,1209-PF-VN-IMPEQN-GENRE,Vietnam,ExtendedStrict,XGBoost,1,0,0.1353803426027298,0
5906,RCN16019,1209-PF-VN-IMPEQN-GENRE,Vietnam,ExtendedStrict,XGBoost,1,1,0.7029889225959778,1
5907,RCN16020,1209-PF-VN-IMPEQN-GENRE,Vietnam,ExtendedStrict,XGBoost,1,0,0.5879572033882141,1
5908,RCN16022,1209-PF-VN-IMPEQN-GENRE,Vietnam,ExtendedStrict,XGBoost,1,1,0.8347305655479431,1
5909,RCN16023,1209-PF-VN-IMPEQN-GENRE,Vietnam,ExtendedStrict,XGBoost,1,0,0.7119787931442261,1
5910,RCN16026,1209-PF-VN-IMPEQN-GENRE,Vietnam,ExtendedStrict,XGBoost,1,1,0.8702053427696228,1
5911,RCN16027,1209-PF-VN-IMPEQN-GENRE,Vietnam,ExtendedStrict,XGBoost,1,1,0.8347305655479431,1
5912,RCN16029,1209-PF-VN-IMPEQN-GENRE,Vietnam,ExtendedStrict,XGBoost,1,1,0.9869067668914795,1
5913,RCN16031,1209-PF-VN-IMPEQN-GENRE,Vietnam,ExtendedStrict,XGBoost,1,0,0.7178508043289185,1
5914,RCN16036,1209-PF-VN-IMPEQN-GENRE,Vietnam,ExtendedStrict,XGBoost,1,1,0.9879976511001587,1
5915,RCN16037,1209-PF-VN-IMPEQN-GENRE,Vietnam,ExtendedStrict,XGBoost,1,0,0.5962864756584167,1
5916,RCN16038,1209-PF-VN-IMPEQN-GENRE,Vietnam,ExtendedStrict,XGBoost,1,0,0.7119787931442261,1
5917,RCN16039,1209-PF-VN-IMPEQN-GENRE,Vietnam,ExtendedStrict,XGBoost,1,0,0.5859807729721069,1
5918,RCN16042,1209-PF-VN-IMPEQN-GENRE,Vietnam,ExtendedStrict,XGBoost,1,0,0.5962864756584167,1
5919,RCN16043,1209-PF-VN-IMPEQN-GENRE,Vietnam,ExtendedStrict,XGBoost,1,0,0.5962864756584167,1
5920,RCN16045,1209-PF-VN-IMPEQN-GENRE,Vietnam,ExtendedStrict,XGBoost,1,1,0.9842745661735535,1
5921,RCN16046,1209-PF-VN-IMPEQN-GENRE,Vietnam,ExtendedStrict,XGBoost,1,1,0.8074731230735779,1
5922,RCN16047,1209-PF-VN-IMPEQN-GENRE,Vietnam,ExtendedStrict,XGBoost,1,1,0.9876177906990051,1
5923,RCN16048,1209-PF-VN-IMPEQN-GENRE,Vietnam,ExtendedStrict,XGBoost,1,1,0.8074731230735779,1
5924,RCN16049,1209-PF-VN-IMPEQN-GENRE,Vietnam,ExtendedStrict,XGBoost,1,1,0.9842745661735535,1
5925,RCN16050,1209-PF-VN-IMPEQN-GENRE,Vietnam,ExtendedStrict,XGBoost,1,1,0.8074731230735779,1
5974,RCN18470,1209-PF-VN-IMPEQN-GENRE,Vietnam,ExtendedStrict,XGBoost,1,1,0.9869067668914795,1
5975,RCN18472,1209-PF-VN-IMPEQN-GENRE,Vietnam,ExtendedStrict,XGBoost,1,1,0.8941172361373901,1
5976,RCN18475,1209-PF-VN-IMPEQN-GENRE,Vietnam,ExtendedStrict,XGBoost,1,1,0.9904530048370361,1
5977,RCN18477,1209-PF-VN-IMPEQN-GENRE,Vietnam,ExtendedStrict,XGBoost,1,1,0.9878659844398499,1
5978,RCN18478,1209-PF-VN-IMPEQN-GENRE,Vietnam,ExtendedStrict,XGBoost,1,1,0.9887477159500122,1
5979,RCN18481,1209-PF-VN-IMPEQN-GENRE,Vietnam,ExtendedStrict,XGBoost,1,1,0.9896962642669678,1
5980,RCN18485,1209-PF-VN-IMPEQN-GENRE,Vietnam,ExtendedStrict,XGBoost,1,1,0.9869067668914795,1
5981,RCN18488,1209-PF-VN-IMPEQN-GENRE,Vietnam,ExtendedStrict,XGBoost,1,1,0.9871249794960022,1
5982,RCN18489,1209-PF-VN-IMPEQN-GENRE,Vietnam,ExtendedStrict,XGBoost,1,1,0.9955667853355408,1
5983,RCN18492,1209-PF-VN-IMPEQN-GENRE,Vietnam,ExtendedStrict,XGBoost,1,1,0.9922726154327393,1
5984,RCN18493,1209-PF-VN-IMPEQN-GENRE,Vietnam,ExtendedStrict,XGBoost,1,1,0.9869067668914795,1
5985,RCN18494,1209-PF-VN-IMPEQN-GENRE,Vietnam,ExtendedStrict,XGBoost,1,1,0.9869067668914795,1
5986,RCN18495,1209-PF-VN-IMPEQN-GENRE,Vietnam,ExtendedStrict,XGBoost,1,1,0.9892337322235107,1
5987,RCN18496,1209-PF-VN-IMPEQN-GENRE,Vietnam,ExtendedStrict,XGBoost,1,1,0.9896962642669678,1
5988,RCN18497,1209-PF-VN-IMPEQN-GENRE,Vietnam,ExtendedStrict,XGBoost,1,1,0.9621825814247131,1
5989,RCN18500,1209-PF-VN-IMPEQN-GENRE,Vietnam,ExtendedStrict,XGBoost,1,1,0.9891720414161682,1
5990,RCN18502,1209-PF-VN-IMPEQN-GENRE,Vietnam,ExtendedStrict,XGBoost,1,1,0.9908243417739868,1
5991,RCN18503,1209-PF-VN-IMPEQN-GENRE,Vietnam,ExtendedStrict,XGBoost,1,1,0.9896962642669678,1
5992,RCN18504,1209-PF-VN-IMPEQN-GENRE,Vietnam,ExtendedStrict,XGBoost,1,1,0.8347305655479431,1
5993,RCN18505,1209-PF-VN-IMPEQN-GENRE,Vietnam,ExtendedStrict,XGBoost,1,1,0.9896962642669678,1
5994,RCN18508,1209-PF-VN-IMPEQN-GENRE,Vietnam,ExtendedStrict,XGBoost,1,1,0.9896962642669678,1
5995,RCN18509,1209-PF-VN-IMPEQN-GENRE,Vietnam,ExtendedStrict,XGBoost,1,1,0.9891720414161682,1
5996,RCN18510,1209-PF-VN-IMPEQN-GENRE,Vietnam,ExtendedStrict,XGBoost,1,1,0.9955667853355408,1
5997,RCN18511,1209-PF-VN-IMPEQN-GENRE,Vietnam,ExtendedStrict,XGBoost,1,1,0.9869067668914795,1
5998,RCN18512,1209-PF-VN-IMPEQN-GENRE,Vietnam,ExtendedStrict,XGBoost,1,1,0.9955272078514099,1
5999,RCN18513,1209-PF-VN-IMPEQN-GENRE,Vietnam,ExtendedStrict,XGBoost,1,1,0.9896962642669678,1
6000,RCN18518,1209-PF-VN-IMPEQN-GENRE,Vietnam,ExtendedStrict,XGBoost,1,1,0.9888800382614136,1
6001,RCN18519,1209-PF-VN-IMPEQN-GENRE,Vietnam,ExtendedStrict,XGBoost,1,1,0.99327152967453,1
6002,RCN18520,1209-PF-VN-IMPEQN-GENRE,Vietnam,ExtendedStrict,XGBoost,1,1,0.9952929615974426,1
6003,RCN18521,1209-PF-VN-IMPEQN-GENRE,Vietnam,ExtendedStrict,XGBoost,1,1,0.9644594788551331,1
6004,RCN18524,1209-PF-VN-IMPEQN-GENRE,Vietnam,ExtendedStrict,XGBoost,1,1,0.9896962642669678,1
6005,RCN18525,1209-PF-VN-IMPEQN-GENRE,Vietnam,ExtendedStrict,XGBoost,1,1,0.9809943437576294,1
6006,RCN18527,1209-PF-VN-IMPEQN-GENRE,Vietnam,ExtendedStrict,XGBoost,1,1,0.9956229329109192,1
6007,RCN18528,1209-PF-VN-IMPEQN-GENRE,Vietnam,ExtendedStrict,XGBoost,1,1,0.9927898049354553,1
6008,RCN18529,1209-PF-VN-IMPEQN-GENRE,Vietnam,ExtendedStrict,XGBoost,1,1,0.9869067668914795,1
6009,RCN18534,1209-PF-VN-IMPEQN-GENRE,Vietnam,ExtendedStrict,XGBoost,1,1,0.9948126077651978,1
6010,RCN18536,1209-PF-VN-IMPEQN-GENRE,Vietnam,ExtendedStrict,XGBoost,1,1,0.9869067668914795,1
6011,RCN18540,1209-PF-VN-IMPEQN-GENRE,Vietnam,ExtendedStrict,XGBoost,1,1,0.9869067668914795,1
6012,RCN18542,1209-PF-VN-IMPEQN-GENRE,Vietnam,ExtendedStrict,XGBoost,1,1,0.9869067668914795,1
6013,RCN18543,1209-PF-VN-IMPEQN-GENRE,Vietnam,ExtendedStrict,XGBoost,1,1,0.9957451224327087,1
6014,RCN18544,1209-PF-VN-IMPEQN-GENRE,Vietnam,ExtendedStrict,XGBoost,1,1,0.9945093989372253,1
6015,RCN18545,1209-PF-VN-IMPEQN-GENRE,Vietnam,ExtendedStrict,XGBoost,1,1,0.9678630828857422,1
6016,RCN18549,1209-PF-VN-IMPEQN-GENRE,Vietnam,ExtendedStrict,XGBoost,1,1,0.9869067668914795,1
6017,RCN18550,1209-PF-VN-IMPEQN-GENRE,Vietnam,ExtendedStrict,XGBoost,1,1,0.9869067668914795,1
6018,RCN18551,1209-PF-VN-IMPEQN-GENRE,Vietnam,ExtendedStrict,XGBoost,1,1,0.9869067668914795,1
6019,RCN18552,1209-PF-VN-IMPEQN-GENRE,Vietnam,ExtendedStrict,XGBoost,1,1,0.9959598183631897,1
6020,RCN18553,1209-PF-VN-IMPEQN-GENRE,Vietnam,ExtendedStrict,XGBoost,1,1,0.9956088662147522,1
6021,RCN18560,1209-PF-VN-IMPEQN-GENRE,Vietnam,ExtendedStrict,XGBoost,1,1,0.9896962642669678,1
6022,RCN18564,1209-PF-VN-IMPEQN-GENRE,Vietnam,ExtendedStrict,XGBoost,1,1,0.9648370742797852,1
6023,RCN18565,1209-PF-VN-IMPEQN-GENRE,Vietnam,ExtendedStrict,XGBoost,1,1,0.9787870049476624,1
6024,RCN18566,1209-PF-VN-IMPEQN-GENRE,Vietnam,ExtendedStrict,XGBoost,1,1,0.9911831617355347,1
6025,RCN18567,1209-PF-VN-IMPEQN-GENRE,Vietnam,ExtendedStrict,XGBoost,1,1,0.9904345273971558,1
6026,RCN18572,1209-PF-VN-IMPEQN-GENRE,Vietnam,ExtendedStrict,XGBoost,1,1,0.9891796112060547,1
6027,RCN18573,1209-PF-VN-IMPEQN-GENRE,Vietnam,ExtendedStrict,XGBoost,1,1,0.9955667853355408,1
6028,RCN18574,1209-PF-VN-IMPEQN-GENRE,Vietnam,ExtendedStrict,XGBoost,1,1,0.9926676154136658,1
6029,RCN18575,1209-PF-VN-IMPEQN-GENRE,Vietnam,ExtendedStrict,XGBoost,1,1,0.9923525452613831,1
6030,RCN18578,1209-PF-VN-IMPEQN-GENRE,Vietnam,ExtendedStrict,XGBoost,1,0,0.23698672652244568,0
6031,RCN18581,1209-PF-VN-IMPEQN-GENRE,Vietnam,ExtendedStrict,XGBoost,1,0,0.1353803426027298,0
6032,RCN18582,1209-PF-VN-IMPEQN-GENRE,Vietnam,ExtendedStrict,XGBoost,1,0,0.11130896955728531,0
6033,RCN18583,1209-PF-VN-IMPEQN-GENRE,Vietnam,ExtendedStrict,XGBoost,1,1,0.9860132336616516,1
6034,RCN18586,1209-PF-VN-IMPEQN-GENRE,Vietnam,ExtendedStrict,XGBoost,1,1,0.9869067668914795,1
6035,RCN18587,1209-PF-VN-IMPEQN-GENRE,Vietnam,ExtendedStrict,XGBoost,1,1,0.9896962642669678,1
6036,RCN18588,1209-PF-VN-IMPEQN-GENRE,Vietnam,ExtendedStrict,XGBoost,1,1,0.9869067668914795,1
6037,RCN18589,1209-PF-VN-IMPEQN-GENRE,Vietnam,ExtendedStrict,XGBoost,1,1,0.9869067668914795,1
6038,RCN18590,1209-PF-VN-IMPEQN-GENRE,Vietnam,ExtendedStrict,XGBoost,1,1,0.8082336783409119,1
6039,RCN18591,1209-PF-VN-IMPEQN-GENRE,Vietnam,ExtendedStrict,XGBoost,1,1,0.8045936226844788,1
6040,RCN18593,1209-PF-VN-IMPEQN-GENRE,Vietnam,ExtendedStrict,XGBoost,1,1,0.9893094301223755,1
6041,RCN18594,1209-PF-VN-IMPEQN-GENRE,Vietnam,ExtendedStrict,XGBoost,1,1,0.9893094301223755,1
6042,RCN18603,1209-PF-VN-IMPEQN-GENRE,Vietnam,ExtendedStrict,XGBoost,1,1,0.9914194345474243,1
6043,RCN18605,1209-PF-VN-IMPEQN-GENRE,Vietnam,ExtendedStrict,XGBoost,1,1,0.9923226237297058,1
6044,RCN18607,1209-PF-VN-IMPEQN-GENRE,Vietnam,ExtendedStrict,XGBoost,1,1,0.9869067668914795,1
6045,RCN18609,1209-PF-VN-IMPEQN-GENRE,Vietnam,ExtendedStrict,XGBoost,1,1,0.9956408739089966,1
6046,RCN18611,1209-PF-VN-IMPEQN-GENRE,Vietnam,ExtendedStrict,XGBoost,1,1,0.9955667853355408,1
6047,RCN18612,1209-PF-VN-IMPEQN-GENRE,Vietnam,ExtendedStrict,XGBoost,1,1,0.9914194345474243,1
6048,RCN18613,1209-PF-VN-IMPEQN-GENRE,Vietnam,ExtendedStrict,XGBoost,1,1,0.88237464427948,1
6049,RCN18614,1209-PF-VN-IMPEQN-GENRE,Vietnam,ExtendedStrict,XGBoost,1,1,0.88237464427948,1
6050,RCN18615,1209-PF-VN-IMPEQN-GENRE,Vietnam,ExtendedStrict,XGBoost,1,1,0.9896962642669678,1
6051,RCN18618,1209-PF-VN-IMPEQN-GENRE,Vietnam,ExtendedStrict,XGBoost,1,1,0.9044500589370728,1
6052,RCN18619,1209-PF-VN-IMPEQN-GENRE,Vietnam,ExtendedStrict,XGBoost,1,1,0.8834750652313232,1
6053,RCN18620,1209-PF-VN-IMPEQN-GENRE,Vietnam,ExtendedStrict,XGBoost,1,1,0.8347305655479431,1
6054,RCN18621,1209-PF-VN-IMPEQN-GENRE,Vietnam,ExtendedStrict,XGBoost,1,1,0.8347305655479431,1
6055,RCN18622,1209-PF-VN-IMPEQN-GENRE,Vietnam,ExtendedStrict,XGBoost,1,1,0.8347305655479431,1
6056,RCN18623,1209-PF-VN-IMPEQN-GENRE,Vietnam,ExtendedStrict,XGBoost,1,1,0.88237464427948,1
6057,RCN18627,1209-PF-VN-IMPEQN-GENRE,Vietnam,ExtendedStrict,XGBoost,1,1,0.9951295852661133,1
6058,RCN18628,1209-PF-VN-IMPEQN-GENRE,Vietnam,ExtendedStrict,XGBoost,1,1,0.8973923921585083,1
6059,RCN18630,1209-PF-VN-IMPEQN-GENRE,Vietnam,ExtendedStrict,XGBoost,1,1,0.9957451224327087,1
6060,RCN18631,1209-PF-VN-IMPEQN-GENRE,Vietnam,ExtendedStrict,XGBoost,1,1,0.8347305655479431,1
6061,RCN18633,1209-PF-VN-IMPEQN-GENRE,Vietnam,ExtendedStrict,XGBoost,1,1,0.9869067668914795,1
6062,RCN18634,1209-PF-VN-IMPEQN-GENRE,Vietnam,ExtendedStrict,XGBoost,1,1,0.9955149292945862,1
6063,RCN18635,1209-PF-VN-IMPEQN-GENRE,Vietnam,ExtendedStrict,XGBoost,1,1,0.9955667853355408,1
6064,RCN18636,1209-PF-VN-IMPEQN-GENRE,Vietnam,ExtendedStrict,XGBoost,1,1,0.9869067668914795,1
6065,RCN18637,1209-PF-VN-IMPEQN-GENRE,Vietnam,ExtendedStrict,XGBoost,1,1,0.9955667853355408,1
6066,RCN18638,1209-PF-VN-IMPEQN-GENRE,Vietnam,ExtendedStrict,XGBoost,1,1,0.9891720414161682,1
6067,RCN18639,1209-PF-VN-IMPEQN-GENRE,Vietnam,ExtendedStrict,XGBoost,1,1,0.9869067668914795,1
6068,RCN18641,1209-PF-VN-IMPEQN-GENRE,Vietnam,ExtendedStrict,XGBoost,1,1,0.9876983761787415,1
6069,RCN18644,1209-PF-VN-IMPEQN-GENRE,Vietnam,ExtendedStrict,XGBoost,1,1,0.9896962642669678,1
6070,RCN18646,1209-PF-VN-IMPEQN-GENRE,Vietnam,ExtendedStrict,XGBoost,1,1,0.9869067668914795,1
6071,RCN18647,1209-PF-VN-IMPEQN-GENRE,Vietnam,ExtendedStrict,XGBoost,1,1,0.9869067668914795,1
6072,RCN18649,1209-PF-VN-IMPEQN-GENRE,Vietnam,ExtendedStrict,XGBoost,1,1,0.9953870177268982,1
6073,RCN18651,1209-PF-VN-IMPEQN-GENRE,Vietnam,ExtendedStrict,XGBoost,1,1,0.9880926012992859,1
6074,RCN18654,1209-PF-VN-IMPEQN-GENRE,Vietnam,ExtendedStrict,XGBoost,1,1,0.9955667853355408,1
6075,RCN18655,1209-PF-VN-IMPEQN-GENRE,Vietnam,ExtendedStrict,XGBoost,1,1,0.9957451224327087,1
6076,RCN18658,1209-PF-VN-IMPEQN-GENRE,Vietnam,ExtendedStrict,XGBoost,1,1,0.9896962642669678,1
6077,RCN18659,1209-PF-VN-IMPEQN-GENRE,Vietnam,ExtendedStrict,XGBoost,1,1,0.9896962642669678,1
6078,RCN18660,1209-PF-VN-IMPEQN-GENRE,Vietnam,ExtendedStrict,XGBoost,1,1,0.9896962642669678,1
6079,RCN18662,1209-PF-VN-IMPEQN-GENRE,Vietnam,ExtendedStrict,XGBoost,1,1,0.995692789554596,1
6080,RCN18664,1209-PF-VN-IMPEQN-GENRE,Vietnam,ExtendedStrict,XGBoost,1,1,0.9951295852661133,1
6081,RCN18665,1209-PF-VN-IMPEQN-GENRE,Vietnam,ExtendedStrict,XGBoost,1,1,0.9869067668914795,1
6082,RCN18666,1209-PF-VN-IMPEQN-GENRE,Vietnam,ExtendedStrict,XGBoost,1,1,0.9955667853355408,1
6083,RCN18667,1209-PF-VN-IMPEQN-GENRE,Vietnam,ExtendedStrict,XGBoost,1,1,0.9955272078514099,1
6084,RCN18668,1209-PF-VN-IMPEQN-GENRE,Vietnam,ExtendedStrict,XGBoost,1,1,0.9951419830322266,1
6085,RCN18669,1209-PF-VN-IMPEQN-GENRE,Vietnam,ExtendedStrict,XGBoost,1,1,0.9955667853355408,1
6086,RCN18671,1209-PF-VN-IMPEQN-GENRE,Vietnam,ExtendedStrict,XGBoost,1,1,0.9955667853355408,1
6087,RCN18672,1209-PF-VN-IMPEQN-GENRE,Vietnam,ExtendedStrict,XGBoost,1,1,0.9955667853355408,1
6088,RCN18673,1209-PF-VN-IMPEQN-GENRE,Vietnam,ExtendedStrict,XGBoost,1,1,0.9955667853355408,1
6089,RCN18675,1209-PF-VN-IMPEQN-GENRE,Vietnam,ExtendedStrict,XGBoost,1,1,0.9947530031204224,1
6090,RCN18676,1209-PF-VN-IMPEQN-GENRE,Vietnam,ExtendedStrict,XGBoost,1,1,0.9955667853355408,1
6091,RCN18677,1209-PF-VN-IMPEQN-GENRE,Vietnam,ExtendedStrict,XGBoost,1,1,0.9869067668914795,1
6092,RCN18680,1209-PF-VN-IMPEQN-GENRE,Vietnam,ExtendedStrict,XGBoost,1,1,0.9926676154136658,1
6093,RCN18681,1209-PF-VN-IMPEQN-GENRE,Vietnam,ExtendedStrict,XGBoost,1,1,0.994731068611145,1
6094,RCN18682,1209-PF-VN-IMPEQN-GENRE,Vietnam,ExtendedStrict,XGBoost,1,1,0.9957451224327087,1
6095,RCN18683,1209-PF-VN-IMPEQN-GENRE,Vietnam,ExtendedStrict,XGBoost,1,1,0.9955149292945862,1
6096,RCN18684,1209-PF-VN-IMPEQN-GENRE,Vietnam,ExtendedStrict,XGBoost,1,1,0.9955667853355408,1
6097,RCN18685,1209-PF-VN-IMPEQN-GENRE,Vietnam,ExtendedStrict,XGBoost,1,1,0.9955272078514099,1
6098,RCN18687,1209-PF-VN-IMPEQN-GENRE,Vietnam,ExtendedStrict,XGBoost,1,1,0.9953870177268982,1
6099,RCN18688,1209-PF-VN-IMPEQN-GENRE,Vietnam,ExtendedStrict,XGBoost,1,1,0.9880926012992859,1
6100,RCN18689,1209-PF-VN-IMPEQN-GENRE,Vietnam,ExtendedStrict,XGBoost,1,1,0.9957451224327087,1
6101,RCN18690,1209-PF-VN-IMPEQN-GENRE,Vietnam,ExtendedStrict,XGBoost,1,1,0.9922045469284058,1
6102,RCN18691,1209-PF-VN-IMPEQN-GENRE,Vietnam,ExtendedStrict,XGBoost,1,1,0.9955667853355408,1
6103,RCN18692,1209-PF-VN-IMPEQN-GENRE,Vietnam,ExtendedStrict,XGBoost,1,1,0.9955272078514099,1
6104,RCN18693,1209-PF-VN-IMPEQN-GENRE,Vietnam,ExtendedStrict,XGBoost,1,1,0.9949225783348083,1
6105,RCN18695,1209-PF-VN-IMPEQN-GENRE,Vietnam,ExtendedStrict,XGBoost,1,1,0.9951295852661133,1
6106,RCN18696,1209-PF-VN-IMPEQN-GENRE,Vietnam,ExtendedStrict,XGBoost,1,1,0.9869067668914795,1
6107,RCN18697,1209-PF-VN-IMPEQN-GENRE,Vietnam,ExtendedStrict,XGBoost,1,1,0.9896962642669678,1
6108,RCN18698,1209-PF-VN-IMPEQN-GENRE,Vietnam,ExtendedStrict,XGBoost,1,1,0.9955667853355408,1
6109,RCN18699,1209-PF-VN-IMPEQN-GENRE,Vietnam,ExtendedStrict,XGBoost,1,1,0.9955667853355408,1
6110,RCN18700,1209-PF-VN-IMPEQN-GENRE,Vietnam,ExtendedStrict,XGBoost,1,1,0.9914194345474243,1
6111,RCN18701,1209-PF-VN-IMPEQN-GENRE,Vietnam,ExtendedStrict,XGBoost,1,1,0.9957451224327087,1
6112,RCN18704,1209-PF-VN-IMPEQN-GENRE,Vietnam,ExtendedStrict,XGBoost,1,1,0.9869067668914795,1
6113,RCN18705,1209-PF-VN-IMPEQN-GENRE,Vietnam,ExtendedStrict,XGBoost,1,1,0.9896962642669678,1
6114,RCN18706,1209-PF-VN-IMPEQN-GENRE,Vietnam,ExtendedStrict,XGBoost,1,1,0.9955667853355408,1
6115,RCN18707,1209-PF-VN-IMPEQN-GENRE,Vietnam,ExtendedStrict,XGBoost,1,1,0.9957451224327087,1
6116,RCN18708,1209-PF-VN-IMPEQN-GENRE,Vietnam,ExtendedStrict,XGBoost,1,1,0.9887477159500122,1
6117,RCN18709,1209-PF-VN-IMPEQN-GENRE,Vietnam,ExtendedStrict,XGBoost,1,1,0.9914194345474243,1
6118,RCN18712,1209-PF-VN-IMPEQN-GENRE,Vietnam,ExtendedStrict,XGBoost,1,1,0.9947498440742493,1
6119,RCN18713,1209-PF-VN-IMPEQN-GENRE,Vietnam,ExtendedStrict,XGBoost,1,1,0.9914194345474243,1
6120,RCN18714,1209-PF-VN-IMPEQN-GENRE,Vietnam,ExtendedStrict,XGBoost,1,0,0.03952348977327347,0
6121,RCN18715,1209-PF-VN-IMPEQN-GENRE,Vietnam,ExtendedStrict,XGBoost,1,0,0.03952348977327347,0
6122,RCN18716,1209-PF-VN-IMPEQN-GENRE,Vietnam,ExtendedStrict,XGBoost,1,0,0.1626030057668686,0
6123,RCN18717,1209-PF-VN-IMPEQN-GENRE,Vietnam,ExtendedStrict,XGBoost,1,0,0.14594995975494385,0
6124,RCN18718,1209-PF-VN-IMPEQN-GENRE,Vietnam,ExtendedStrict,XGBoost,1,0,0.024929245933890343,0
6125,RCN18719,1209-PF-VN-IMPEQN-GENRE,Vietnam,ExtendedStrict,XGBoost,1,0,0.07239377498626709,0
6126,RCN18720,1209-PF-VN-IMPEQN-GENRE,Vietnam,ExtendedStrict,XGBoost,1,0,0.17389969527721405,0
6127,RCN18722,1209-PF-VN-IMPEQN-GENRE,Vietnam,ExtendedStrict,XGBoost,1,0,0.03952348977327347,0
6128,RCN18723,1209-PF-VN-IMPEQN-GENRE,Vietnam,ExtendedStrict,XGBoost,1,0,0.7119787931442261,1
6129,RCN18724,1209-PF-VN-IMPEQN-GENRE,Vietnam,ExtendedStrict,XGBoost,1,0,0.7119787931442261,1
6130,RCN18725,1209-PF-VN-IMPEQN-GENRE,Vietnam,ExtendedStrict,XGBoost,1,1,0.9891796112060547,1
6131,RCN18728,1209-PF-VN-IMPEQN-GENRE,Vietnam,ExtendedStrict,XGBoost,1,1,0.9921905398368835,1
6132,RCN18729,1209-PF-VN-IMPEQN-GENRE,Vietnam,ExtendedStrict,XGBoost,1,1,0.8347305655479431,1
6133,RCN18730,1209-PF-VN-IMPEQN-GENRE,Vietnam,ExtendedStrict,XGBoost,1,1,0.8347305655479431,1
6134,RCN18731,1209-PF-VN-IMPEQN-GENRE,Vietnam,ExtendedStrict,XGBoost,1,1,0.8347305655479431,1
6135,RCN18732,1209-PF-VN-IMPEQN-GENRE,Vietnam,ExtendedStrict,XGBoost,1,1,0.8347305655479431,1
6136,RCN18733,1209-PF-VN-IMPEQN-GENRE,Vietnam,ExtendedStrict,XGBoost,1,1,0.9044500589370728,1
6137,RCN18734,1209-PF-VN-IMPEQN-GENRE,Vietnam,ExtendedStrict,XGBoost,1,1,0.8347305655479431,1
6138,RCN18735,1209-PF-VN-IMPEQN-GENRE,Vietnam,ExtendedStrict,XGBoost,1,1,0.8347305655479431,1
6139,RCN18736,1209-PF-VN-IMPEQN-GENRE,Vietnam,ExtendedStrict,XGBoost,1,1,0.8347305655479431,1
6140,RCN18737,1209-PF-VN-IMPEQN-GENRE,Vietnam,ExtendedStrict,XGBoost,1,1,0.8347305655479431,1
6141,RCN18738,1209-PF-VN-IMPEQN-GENRE,Vietnam,ExtendedStrict,XGBoost,1,1,0.8347305655479431,1
6142,RCN18739,1209-PF-VN-IMPEQN-GENRE,Vietnam,ExtendedStrict,XGBoost,1,0,0.027452614158391953,0
6143,RCN18740,1209-PF-VN-IMPEQN-GENRE,Vietnam,ExtendedStrict,XGBoost,1,1,0.9845239520072937,1
6144,RCN18741,1209-PF-VN-IMPEQN-GENRE,Vietnam,ExtendedStrict,XGBoost,1,1,0.9814417958259583,1
6145,RCN18743,1209-PF-VN-IMPEQN-GENRE,Vietnam,ExtendedStrict,XGBoost,1,1,0.9919365644454956,1
6146,RCN18744,1209-PF-VN-IMPEQN-GENRE,Vietnam,ExtendedStrict,XGBoost,1,1,0.9814417958259583,1
6147,RCN18745,1209-PF-VN-IMPEQN-GENRE,Vietnam,ExtendedStrict,XGBoost,1,1,0.9814417958259583,1
6148,RCN18747,1209-PF-VN-IMPEQN-GENRE,Vietnam,ExtendedStrict,XGBoost,1,1,0.9919365644454956,1
6149,RCN18748,1209-PF-VN-IMPEQN-GENRE,Vietnam,ExtendedStrict,XGBoost,1,1,0.9821457266807556,1
6150,RCN18749,1209-PF-VN-IMPEQN-GENRE,Vietnam,ExtendedStrict,XGBoost,1,1,0.9926676154136658,1
6418,RCN24787,1209-PF-VN-IMPEQN-GENRE,Vietnam,ExtendedStrict,XGBoost,1,1,0.9955667853355408,1
6419,RCN24788,1209-PF-VN-IMPEQN-GENRE,Vietnam,ExtendedStrict,XGBoost,1,1,0.9869067668914795,1
6420,RCN24789,1209-PF-VN-IMPEQN-GENRE,Vietnam,ExtendedStrict,XGBoost,1,0,0.7088151574134827,1
6421,RCN24790,1209-PF-VN-IMPEQN-GENRE,Vietnam,ExtendedStrict,XGBoost,1,1,0.9923525452613831,1
6422,RCN24791,1209-PF-VN-IMPEQN-GENRE,Vietnam,ExtendedStrict,XGBoost,1,0,0.03952348977327347,0
6423,RCN24792,1209-PF-VN-IMPEQN-GENRE,Vietnam,ExtendedStrict,XGBoost,1,1,0.9955667853355408,1
6424,RCN24793,1209-PF-VN-IMPEQN-GENRE,Vietnam,ExtendedStrict,XGBoost,1,1,0.9891796112060547,1
6425,RCN24794,1209-PF-VN-IMPEQN-GENRE,Vietnam,ExtendedStrict,XGBoost,1,0,0.6306419968605042,1
6426,RCN24795,1209-PF-VN-IMPEQN-GENRE,Vietnam,ExtendedStrict,XGBoost,1,1,0.9869067668914795,1
6427,RCN24796,1209-PF-VN-IMPEQN-GENRE,Vietnam,ExtendedStrict,XGBoost,1,1,0.9876983761787415,1
6428,RCN24797,1209-PF-VN-IMPEQN-GENRE,Vietnam,ExtendedStrict,XGBoost,1,1,0.9956088662147522,1
6429,RCN24798,1209-PF-VN-IMPEQN-GENRE,Vietnam,ExtendedStrict,XGBoost,1,1,0.9825277924537659,1
6430,RCN24799,1209-PF-VN-IMPEQN-GENRE,Vietnam,ExtendedStrict,XGBoost,1,1,0.9869067668914795,1
6431,RCN24800,1209-PF-VN-IMPEQN-GENRE,Vietnam,ExtendedStrict,XGBoost,1,1,0.9823213815689087,1
6432,RCN24801,1209-PF-VN-IMPEQN-GENRE,Vietnam,ExtendedStrict,XGBoost,1,1,0.9869067668914795,1
6433,RCN24802,1209-PF-VN-IMPEQN-GENRE,Vietnam,ExtendedStrict,XGBoost,1,1,0.9896962642669678,1
6434,RCN24803,1209-PF-VN-IMPEQN-GENRE,Vietnam,ExtendedStrict,XGBoost,1,1,0.9869067668914795,1
6435,RCN24804,1209-PF-VN-IMPEQN-GENRE,Vietnam,ExtendedStrict,XGBoost,1,1,0.9955667853355408,1
6436,RCN24805,1209-PF-VN-IMPEQN-GENRE,Vietnam,ExtendedStrict,XGBoost,1,1,0.9957451224327087,1
6437,RCN24806,1209-PF-VN-IMPEQN-GENRE,Vietnam,ExtendedStrict,XGBoost,1,1,0.9955667853355408,1
6438,RCN24807,1209-PF-VN-IMPEQN-GENRE,Vietnam,ExtendedStrict,XGBoost,1,1,0.9876983761787415,1
6439,RCN24808,1209-PF-VN-IMPEQN-GENRE,Vietnam,ExtendedStrict,XGBoost,1,1,0.9891720414161682,1
6440,RCN24809,1209-PF-VN-IMPEQN-GENRE,Vietnam,ExtendedStrict,XGBoost,1,1,0.9869067668914795,1
6441,RCN24810,1209-PF-VN-IMPEQN-GENRE,Vietnam,ExtendedStrict,XGBoost,1,1,0.9957451224327087,1
6442,RCN24811,1209-PF-VN-IMPEQN-GENRE,Vietnam,ExtendedStrict,XGBoost,1,1,0.9869067668914795,1
6443,RCN24812,1209-PF-VN-IMPEQN-GENRE,Vietnam,ExtendedStrict,XGBoost,1,1,0.9955667853355408,1
6444,RCN24813,1209-PF-VN-IMPEQN-GENRE,Vietnam,ExtendedStrict,XGBoost,1,1,0.9955667853355408,1
6445,RCN24814,1209-PF-VN-IMPEQN-GENRE,Vietnam,ExtendedStrict,XGBoost,1,1,0.9887477159500122,1
6446,RCN24815,1209-PF-VN-IMPEQN-GENRE,Vietnam,ExtendedStrict,XGBoost,1,1,0.9914194345474243,1
6447,RCN24816,1209-PF-VN-IMPEQN-GENRE,Vietnam,ExtendedStrict,XGBoost,1,1,0.9898042678833008,1
6448,RCN24817,1209-PF-VN-IMPEQN-GENRE,Vietnam,ExtendedStrict,XGBoost,1,1,0.9891796112060547,1
6449,RCN24818,1209-PF-VN-IMPEQN-GENRE,Vietnam,ExtendedStrict,XGBoost,1,1,0.9888800382614136,1
6450,RCN24819,1209-PF-VN-IMPEQN-GENRE,Vietnam,ExtendedStrict,XGBoost,1,1,0.9956088662147522,1
6451,RCN24820,1209-PF-VN-IMPEQN-GENRE,Vietnam,ExtendedStrict,XGBoost,1,1,0.9945637583732605,1
6452,RCN24821,1209-PF-VN-IMPEQN-GENRE,Vietnam,ExtendedStrict,XGBoost,1,1,0.9955667853355408,1
6453,RCN24822,1209-PF-VN-IMPEQN-GENRE,Vietnam,ExtendedStrict,XGBoost,1,1,0.7567968368530273,1
6454,RCN24823,1209-PF-VN-IMPEQN-GENRE,Vietnam,ExtendedStrict,XGBoost,1,1,0.9891796112060547,1
6455,RCN24824,1209-PF-VN-IMPEQN-GENRE,Vietnam,ExtendedStrict,XGBoost,1,1,0.9957451224327087,1
6456,RCN24825,1209-PF-VN-IMPEQN-GENRE,Vietnam,ExtendedStrict,XGBoost,1,1,0.9957451224327087,1
6457,RCN24826,1209-PF-VN-IMPEQN-GENRE,Vietnam,ExtendedStrict,XGBoost,1,1,0.9896962642669678,1
6458,RCN24827,1209-PF-VN-IMPEQN-GENRE,Vietnam,ExtendedStrict,XGBoost,1,1,0.9955667853355408,1
6459,RCN24828,1209-PF-VN-IMPEQN-GENRE,Vietnam,ExtendedStrict,XGBoost,1,1,0.9891720414161682,1
6460,RCN24829,1209-PF-VN-IMPEQN-GENRE,Vietnam,ExtendedStrict,XGBoost,1,1,0.9955667853355408,1
6461,RCN24831,1209-PF-VN-IMPEQN-GENRE,Vietnam,ExtendedStrict,XGBoost,1,1,0.9955667853355408,1
6462,RCN24832,1209-PF-VN-IMPEQN-GENRE,Vietnam,ExtendedStrict,XGBoost,1,1,0.9896962642669678,1
6463,RCN24833,1209-PF-VN-IMPEQN-GENRE,Vietnam,ExtendedStrict,XGBoost,1,0,0.033741503953933716,0
6464,RCN24834,1209-PF-VN-IMPEQN-GENRE,Vietnam,ExtendedStrict,XGBoost,1,1,0.9949225783348083,1
6465,RCN24835,1209-PF-VN-IMPEQN-GENRE,Vietnam,ExtendedStrict,XGBoost,1,1,0.9955667853355408,1
6466,RCN24836,1209-PF-VN-IMPEQN-GENRE,Vietnam,ExtendedStrict,XGBoost,1,1,0.9955667853355408,1
6467,RCN24837,1209-PF-VN-IMPEQN-GENRE,Vietnam,ExtendedStrict,XGBoost,1,1,0.9945637583732605,1
6468,RCN24838,1209-PF-VN-IMPEQN-GENRE,Vietnam,ExtendedStrict,XGBoost,1,1,0.9869067668914795,1
6469,RCN24839,1209-PF-VN-IMPEQN-GENRE,Vietnam,ExtendedStrict,XGBoost,1,1,0.9955667853355408,1
6470,RCN24840,1209-PF-VN-IMPEQN-GENRE,Vietnam,ExtendedStrict,XGBoost,1,1,0.9955667853355408,1
6471,RCN24841,1209-PF-VN-IMPEQN-GENRE,Vietnam,ExtendedStrict,XGBoost,1,1,0.9710608124732971,1
6472,RCN24842,1209-PF-VN-IMPEQN-GENRE,Vietnam,ExtendedStrict,XGBoost,1,1,0.9955667853355408,1
6473,RCN24844,1209-PF-VN-IMPEQN-GENRE,Vietnam,ExtendedStrict,XGBoost,1,1,0.9951655864715576,1
6474,RCN24845,1209-PF-VN-IMPEQN-GENRE,Vietnam,ExtendedStrict,XGBoost,1,1,0.9886001944541931,1
6475,RCN24848,1209-PF-VN-IMPEQN-GENRE,Vietnam,ExtendedStrict,XGBoost,1,1,0.9896962642669678,1
6476,RCN24849,1209-PF-VN-IMPEQN-GENRE,Vietnam,ExtendedStrict,XGBoost,1,1,0.9868525862693787,1
6477,RCN24850,1209-PF-VN-IMPEQN-GENRE,Vietnam,ExtendedStrict,XGBoost,1,1,0.9923226237297058,1
6478,RCN24851,1209-PF-VN-IMPEQN-GENRE,Vietnam,ExtendedStrict,XGBoost,1,1,0.9955667853355408,1
6479,RCN24853,1209-PF-VN-IMPEQN-GENRE,Vietnam,ExtendedStrict,XGBoost,1,1,0.9955667853355408,1
6480,RCN24854,1209-PF-VN-IMPEQN-GENRE,Vietnam,ExtendedStrict,XGBoost,1,1,0.9923226237297058,1
6481,RCN24855,1209-PF-VN-IMPEQN-GENRE,Vietnam,ExtendedStrict,XGBoost,1,0,0.7119787931442261,1
6482,RCN24856,1209-PF-VN-IMPEQN-GENRE,Vietnam,ExtendedStrict,XGBoost,1,1,0.9869067668914795,1
6483,RCN24857,1209-PF-VN-IMPEQN-GENRE,Vietnam,ExtendedStrict,XGBoost,1,1,0.9896962642669678,1
6484,RCN24859,1209-PF-VN-IMPEQN-GENRE,Vietnam,ExtendedStrict,XGBoost,1,1,0.9896962642669678,1
6485,RCN24860,1209-PF-VN-IMPEQN-GENRE,Vietnam,ExtendedStrict,XGBoost,1,1,0.9869067668914795,1
6486,RCN24861,1209-PF-VN-IMPEQN-GENRE,Vietnam,ExtendedStrict,XGBoost,1,1,0.9907790422439575,1
6487,RCN24862,1209-PF-VN-IMPEQN-GENRE,Vietnam,ExtendedStrict,XGBoost,1,1,0.9957451224327087,1
6488,RCN24863,1209-PF-VN-IMPEQN-GENRE,Vietnam,ExtendedStrict,XGBoost,1,1,0.9956229329109192,1
6489,RCN24864,1209-PF-VN-IMPEQN-GENRE,Vietnam,ExtendedStrict,XGBoost,1,1,0.9896962642669678,1
6490,RCN24865,1209-PF-VN-IMPEQN-GENRE,Vietnam,ExtendedStrict,XGBoost,1,1,0.9869067668914795,1
6491,RCN24866,1209-PF-VN-IMPEQN-GENRE,Vietnam,ExtendedStrict,XGBoost,1,1,0.9934049248695374,1
6492,RCN24867,1209-PF-VN-IMPEQN-GENRE,Vietnam,ExtendedStrict,XGBoost,1,1,0.9869067668914795,1
6493,RCN24868,1209-PF-VN-IMPEQN-GENRE,Vietnam,ExtendedStrict,XGBoost,1,1,0.9958879351615906,1
6494,RCN24869,1209-PF-VN-IMPEQN-GENRE,Vietnam,ExtendedStrict,XGBoost,1,1,0.9889658093452454,1
6495,RCN24870,1209-PF-VN-IMPEQN-GENRE,Vietnam,ExtendedStrict,XGBoost,1,1,0.9896962642669678,1
6496,RCN24871,1209-PF-VN-IMPEQN-GENRE,Vietnam,ExtendedStrict,XGBoost,1,1,0.9869067668914795,1
6497,RCN24872,1209-PF-VN-IMPEQN-GENRE,Vietnam,ExtendedStrict,XGBoost,1,1,0.993756890296936,1
6498,RCN24873,1209-PF-VN-IMPEQN-GENRE,Vietnam,ExtendedStrict,XGBoost,1,1,0.9955272078514099,1
6499,RCN24874,1209-PF-VN-IMPEQN-GENRE,Vietnam,ExtendedStrict,XGBoost,1,1,0.8770679831504822,1
6500,RCN24875,1209-PF-VN-IMPEQN-GENRE,Vietnam,ExtendedStrict,XGBoost,1,1,0.9886526465415955,1
6501,RCN24876,1209-PF-VN-IMPEQN-GENRE,Vietnam,ExtendedStrict,XGBoost,1,1,0.8770679831504822,1
6502,RCN24877,1209-PF-VN-IMPEQN-GENRE,Vietnam,ExtendedStrict,XGBoost,1,1,0.7865124344825745,1
6503,RCN24878,1209-PF-VN-IMPEQN-GENRE,Vietnam,ExtendedStrict,XGBoost,1,1,0.8347305655479431,1
6504,RCN24879,1209-PF-VN-IMPEQN-GENRE,Vietnam,ExtendedStrict,XGBoost,1,1,0.8504231572151184,1
6505,RCN24880,1209-PF-VN-IMPEQN-GENRE,Vietnam,ExtendedStrict,XGBoost,1,1,0.9880926012992859,1
6506,RCN24883,1209-PF-VN-IMPEQN-GENRE,Vietnam,ExtendedStrict,XGBoost,1,1,0.8347305655479431,1
6507,RCN24884,1209-PF-VN-IMPEQN-GENRE,Vietnam,ExtendedStrict,XGBoost,1,1,0.9955667853355408,1
6508,RCN24885,1209-PF-VN-IMPEQN-GENRE,Vietnam,ExtendedStrict,XGBoost,1,1,0.8732140064239502,1
6509,RCN24886,1209-PF-VN-IMPEQN-GENRE,Vietnam,ExtendedStrict,XGBoost,1,1,0.9896962642669678,1
6510,RCN24887,1209-PF-VN-IMPEQN-GENRE,Vietnam,ExtendedStrict,XGBoost,1,1,0.9907790422439575,1
6511,RCN24888,1209-PF-VN-IMPEQN-GENRE,Vietnam,ExtendedStrict,XGBoost,1,0,0.5962864756584167,1
6512,RCN24889,1209-PF-VN-IMPEQN-GENRE,Vietnam,ExtendedStrict,XGBoost,1,1,0.9869067668914795,1
6513,RCN24890,1209-PF-VN-IMPEQN-GENRE,Vietnam,ExtendedStrict,XGBoost,1,1,0.9866088032722473,1
6514,RCN24891,1209-PF-VN-IMPEQN-GENRE,Vietnam,ExtendedStrict,XGBoost,1,1,0.9926952123641968,1
6515,RCN24892,1209-PF-VN-IMPEQN-GENRE,Vietnam,ExtendedStrict,XGBoost,1,1,0.9869067668914795,1
6516,RCN24893,1209-PF-VN-IMPEQN-GENRE,Vietnam,ExtendedStrict,XGBoost,1,1,0.9896962642669678,1
6517,RCN24894,1209-PF-VN-IMPEQN-GENRE,Vietnam,ExtendedStrict,XGBoost,1,1,0.9869067668914795,1
6518,RCN24895,1209-PF-VN-IMPEQN-GENRE,Vietnam,ExtendedStrict,XGBoost,1,1,0.9795148372650146,1
6519,RCN24896,1209-PF-VN-IMPEQN-GENRE,Vietnam,ExtendedStrict,XGBoost,1,1,0.9869067668914795,1
6520,RCN24897,1209-PF-VN-IMPEQN-GENRE,Vietnam,ExtendedStrict,XGBoost,1,1,0.9955667853355408,1
6521,RCN24898,1209-PF-VN-IMPEQN-GENRE,Vietnam,ExtendedStrict,XGBoost,1,1,0.8347305655479431,1
6522,RCN24900,1209-PF-VN-IMPEQN-GENRE,Vietnam,ExtendedStrict,XGBoost,1,1,0.9891796112060547,1
6523,RCN24903,1209-PF-VN-IMPEQN-GENRE,Vietnam,ExtendedStrict,XGBoost,1,0,0.8575189709663391,1
6524,RCN24904,1209-PF-VN-IMPEQN-GENRE,Vietnam,ExtendedStrict,XGBoost,1,1,0.8347305655479431,1
6525,RCN24905,1209-PF-VN-IMPEQN-GENRE,Vietnam,ExtendedStrict,XGBoost,1,1,0.9923226237297058,1
6526,RCN24906,1209-PF-VN-IMPEQN-GENRE,Vietnam,ExtendedStrict,XGBoost,1,0,0.7119787931442261,1
6527,RCN24907,1209-PF-VN-IMPEQN-GENRE,Vietnam,ExtendedStrict,XGBoost,1,1,0.88237464427948,1
6528,RCN24909,1209-PF-VN-IMPEQN-GENRE,Vietnam,ExtendedStrict,XGBoost,1,0,0.7119787931442261,1
6529,RCN24910,1209-PF-VN-IMPEQN-GENRE,Vietnam,ExtendedStrict,XGBoost,1,0,0.5962864756584167,1
6530,RCN24911,1209-PF-VN-IMPEQN-GENRE,Vietnam,ExtendedStrict,XGBoost,1,0,0.7119787931442261,1
6531,RCN24912,1209-PF-VN-IMPEQN-GENRE,Vietnam,ExtendedStrict,XGBoost,1,1,0.8347305655479431,1
6532,RCN24913,1209-PF-VN-IMPEQN-GENRE,Vietnam,ExtendedStrict,XGBoost,1,0,0.7119787931442261,1
6533,RCN24914,1209-PF-VN-IMPEQN-GENRE,Vietnam,ExtendedStrict,XGBoost,1,0,0.5879572033882141,1
6534,RCN24915,1209-PF-VN-IMPEQN-GENRE,Vietnam,ExtendedStrict,XGBoost,1,1,0.7567968368530273,1
6535,RCN24916,1209-PF-VN-IMPEQN-GENRE,Vietnam,ExtendedStrict,XGBoost,1,1,0.8347305655479431,1
6536,RCN24917,1209-PF-VN-IMPEQN-GENRE,Vietnam,ExtendedStrict,XGBoost,1,1,0.8347305655479431,1
6537,RCN24918,1209-PF-VN-IMPEQN-GENRE,Vietnam,ExtendedStrict,XGBoost,1,0,0.014238184317946434,0
6538,RCN24919,1209-PF-VN-IMPEQN-GENRE,Vietnam,ExtendedStrict,XGBoost,1,1,0.9909884333610535,1
6539,RCN24921,1209-PF-VN-IMPEQN-GENRE,Vietnam,ExtendedStrict,XGBoost,1,1,0.9955667853355408,1
6540,RCN24922,1209-PF-VN-IMPEQN-GENRE,Vietnam,ExtendedStrict,XGBoost,1,1,0.9869067668914795,1
6541,RCN24923,1209-PF-VN-IMPEQN-GENRE,Vietnam,ExtendedStrict,XGBoost,1,1,0.9869067668914795,1
6542,RCN24925,1209-PF-VN-IMPEQN-GENRE,Vietnam,ExtendedStrict,XGBoost,1,1,0.9795148372650146,1
6543,RCN24926,1209-PF-VN-IMPEQN-GENRE,Vietnam,ExtendedStrict,XGBoost,1,1,0.9795148372650146,1
6544,RCN24927,1209-PF-VN-IMPEQN-GENRE,Vietnam,ExtendedStrict,XGBoost,1,1,0.9871249794960022,1
6545,RCN24928,1209-PF-VN-IMPEQN-GENRE,Vietnam,ExtendedStrict,XGBoost,1,1,0.9955667853355408,1
6546,RCN24929,1209-PF-VN-IMPEQN-GENRE,Vietnam,ExtendedStrict,XGBoost,1,1,0.9956229329109192,1
6547,RCN24930,1209-PF-VN-IMPEQN-GENRE,Vietnam,ExtendedStrict,XGBoost,1,1,0.9955667853355408,1
6548,RCN24931,1209-PF-VN-IMPEQN-GENRE,Vietnam,ExtendedStrict,XGBoost,1,1,0.9955667853355408,1
6549,RCN24932,1209-PF-VN-IMPEQN-GENRE,Vietnam,ExtendedStrict,XGBoost,1,1,0.9955667853355408,1
6550,RCN24933,1209-PF-VN-IMPEQN-GENRE,Vietnam,ExtendedStrict,XGBoost,1,1,0.9955667853355408,1
6551,RCN24934,1209-PF-VN-IMPEQN-GENRE,Vietnam,ExtendedStrict,XGBoost,1,1,0.9957451224327087,1
6552,RCN24935,1209-PF-VN-IMPEQN-GENRE,Vietnam,ExtendedStrict,XGBoost,1,1,0.9869067668914795,1
6553,RCN24936,1209-PF-VN-IMPEQN-GENRE,Vietnam,ExtendedStrict,XGBoost,1,1,0.9795148372650146,1
6554,RCN24937,1209-PF-VN-IMPEQN-GENRE,Vietnam,ExtendedStrict,XGBoost,1,1,0.9955667853355408,1
6555,RCN24938,1209-PF-VN-IMPEQN-GENRE,Vietnam,ExtendedStrict,XGBoost,1,1,0.8347305655479431,1
6556,RCN24939,1209-PF-VN-IMPEQN-GENRE,Vietnam,ExtendedStrict,XGBoost,1,1,0.8347305655479431,1
6557,RCN24940,1209-PF-VN-IMPEQN-GENRE,Vietnam,ExtendedStrict,XGBoost,1,1,0.8347305655479431,1
6558,RCN24941,1209-PF-VN-IMPEQN-GENRE,Vietnam,ExtendedStrict,XGBoost,1,1,0.9896962642669678,1
6559,RCN24942,1209-PF-VN-IMPEQN-GENRE,Vietnam,ExtendedStrict,XGBoost,1,1,0.8834750652313232,1
6560,RCN24943,1209-PF-VN-IMPEQN-GENRE,Vietnam,ExtendedStrict,XGBoost,1,1,0.8347305655479431,1
6561,RCN24944,1209-PF-VN-IMPEQN-GENRE,Vietnam,ExtendedStrict,XGBoost,1,1,0.8347305655479431,1
6562,RCN24945,1209-PF-VN-IMPEQN-GENRE,Vietnam,ExtendedStrict,XGBoost,1,1,0.8484297394752502,1
6563,RCN24946,1209-PF-VN-IMPEQN-GENRE,Vietnam,ExtendedStrict,XGBoost,1,1,0.8347305655479431,1
6564,RCN24947,1209-PF-VN-IMPEQN-GENRE,Vietnam,ExtendedStrict,XGBoost,1,1,0.8347305655479431,1
6565,RCN24948,1209-PF-VN-IMPEQN-GENRE,Vietnam,ExtendedStrict,XGBoost,1,1,0.9923226237297058,1
6566,RCN24949,1209-PF-VN-IMPEQN-GENRE,Vietnam,ExtendedStrict,XGBoost,1,1,0.9957451224327087,1
6567,RCN24951,1209-PF-VN-IMPEQN-GENRE,Vietnam,ExtendedStrict,XGBoost,1,1,0.9880926012992859,1
6568,RCN24953,1209-PF-VN-IMPEQN-GENRE,Vietnam,ExtendedStrict,XGBoost,1,1,0.9955667853355408,1
6569,RCN24954,1209-PF-VN-IMPEQN-GENRE,Vietnam,ExtendedStrict,XGBoost,1,1,0.9957451224327087,1
6570,RCN24955,1209-PF-VN-IMPEQN-GENRE,Vietnam,ExtendedStrict,XGBoost,1,1,0.9957451224327087,1
6571,RCN24956,1209-PF-VN-IMPEQN-GENRE,Vietnam,ExtendedStrict,XGBoost,1,1,0.9953259229660034,1
6572,RCN24957,1209-PF-VN-IMPEQN-GENRE,Vietnam,ExtendedStrict,XGBoost,1,1,0.9728315472602844,1
6573,RCN24958,1209-PF-VN-IMPEQN-GENRE,Vietnam,ExtendedStrict,XGBoost,1,1,0.982505202293396,1
6574,RCN24959,1209-PF-VN-IMPEQN-GENRE,Vietnam,ExtendedStrict,XGBoost,1,1,0.9869067668914795,1
6575,RCN24960,1209-PF-VN-IMPEQN-GENRE,Vietnam,ExtendedStrict,XGBoost,1,1,0.9955667853355408,1
6576,RCN24961,1209-PF-VN-IMPEQN-GENRE,Vietnam,ExtendedStrict,XGBoost,1,1,0.9955667853355408,1
6577,RCN24963,1209-PF-VN-IMPEQN-GENRE,Vietnam,ExtendedStrict,XGBoost,1,1,0.9888800382614136,1
6578,RCN24964,1209-PF-VN-IMPEQN-GENRE,Vietnam,ExtendedStrict,XGBoost,1,1,0.9869067668914795,1
6579,RCN24965,1209-PF-VN-IMPEQN-GENRE,Vietnam,ExtendedStrict,XGBoost,1,1,0.9955667853355408,1
6580,RCN24966,1209-PF-VN-IMPEQN-GENRE,Vietnam,ExtendedStrict,XGBoost,1,1,0.9955667853355408,1
6581,RCN24967,1209-PF-VN-IMPEQN-GENRE,Vietnam,ExtendedStrict,XGBoost,1,1,0.9955667853355408,1
6582,RCN24968,1209-PF-VN-IMPEQN-GENRE,Vietnam,ExtendedStrict,XGBoost,1,1,0.9955667853355408,1
6583,RCN24969,1209-PF-VN-IMPEQN-GENRE,Vietnam,ExtendedStrict,XGBoost,1,1,0.9945637583732605,1
6584,RCN24970,1209-PF-VN-IMPEQN-GENRE,Vietnam,ExtendedStrict,XGBoost,1,1,0.9956408739089966,1
6585,RCN24971,1209-PF-VN-IMPEQN-GENRE,Vietnam,ExtendedStrict,XGBoost,1,1,0.9955667853355408,1
6586,RCN24972,1209-PF-VN-IMPEQN-GENRE,Vietnam,ExtendedStrict,XGBoost,1,1,0.9955667853355408,1
6587,RCN24974,1209-PF-VN-IMPEQN-GENRE,Vietnam,ExtendedStrict,XGBoost,1,1,0.9863386750221252,1
6588,RCN24975,1209-PF-VN-IMPEQN-GENRE,Vietnam,ExtendedStrict,XGBoost,1,1,0.9777357578277588,1
6589,RCN24978,1209-PF-VN-IMPEQN-GENRE,Vietnam,ExtendedStrict,XGBoost,1,1,0.9891796112060547,1
6590,RCN24979,1209-PF-VN-IMPEQN-GENRE,Vietnam,ExtendedStrict,XGBoost,1,1,0.9891796112060547,1
6591,RCN24980,1209-PF-VN-IMPEQN-GENRE,Vietnam,ExtendedStrict,XGBoost,1,1,0.9891796112060547,1
6592,RCN24981,1209-PF-VN-IMPEQN-GENRE,Vietnam,ExtendedStrict,XGBoost,1,1,0.9891796112060547,1
6593,RCN24982,1209-PF-VN-IMPEQN-GENRE,Vietnam,ExtendedStrict,XGBoost,1,1,0.9891796112060547,1
6594,RCN24983,1209-PF-VN-IMPEQN-GENRE,Vietnam,ExtendedStrict,XGBoost,1,1,0.9891796112060547,1
6595,RCN24985,1209-PF-VN-IMPEQN-GENRE,Vietnam,ExtendedStrict,XGBoost,1,1,0.9891796112060547,1
6596,RCN24986,1209-PF-VN-IMPEQN-GENRE,Vietnam,ExtendedStrict,XGBoost,1,1,0.9845239520072937,1
6597,RCN24987,1209-PF-VN-IMPEQN-GENRE,Vietnam,ExtendedStrict,XGBoost,1,1,0.9814417958259583,1
6598,RCN24988,1209-PF-VN-IMPEQN-GENRE,Vietnam,ExtendedStrict,XGBoost,1,1,0.9891796112060547,1
6599,RCN24989,1209-PF-VN-IMPEQN-GENRE,Vietnam,ExtendedStrict,XGBoost,1,1,0.9891796112060547,1
6600,RCN24991,1209-PF-VN-IMPEQN-GENRE,Vietnam,ExtendedStrict,XGBoost,1,1,0.9891796112060547,1
6601,RCN24992,1209-PF-VN-IMPEQN-GENRE,Vietnam,ExtendedStrict,XGBoost,1,1,0.9891796112060547,1
6602,RCN24994,1209-PF-VN-IMPEQN-GENRE,Vietnam,ExtendedStrict,XGBoost,1,1,0.9814417958259583,1
6603,RCN24995,1209-PF-VN-IMPEQN-GENRE,Vietnam,ExtendedStrict,XGBoost,1,1,0.9814417958259583,1
6604,RCN24996,1209-PF-VN-IMPEQN-GENRE,Vietnam,ExtendedStrict,XGBoost,1,1,0.9891796112060547,1
6605,RCN24997,1209-PF-VN-IMPEQN-GENRE,Vietnam,ExtendedStrict,XGBoost,1,1,0.9881840944290161,1
6606,RCN24998,1209-PF-VN-IMPEQN-GENRE,Vietnam,ExtendedStrict,XGBoost,1,1,0.9891796112060547,1
6607,RCN25000,1209-PF-VN-IMPEQN-GENRE,Vietnam,ExtendedStrict,XGBoost,1,1,0.9955667853355408,1
6608,RCN25003,1209-PF-VN-IMPEQN-GENRE,Vietnam,ExtendedStrict,XGBoost,1,1,0.9957451224327087,1
6609,RCN25004,1209-PF-VN-IMPEQN-GENRE,Vietnam,ExtendedStrict,XGBoost,1,1,0.9667876958847046,1
6610,RCN25005,1209-PF-VN-IMPEQN-GENRE,Vietnam,ExtendedStrict,XGBoost,1,1,0.9955667853355408,1
6611,RCN25006,1209-PF-VN-IMPEQN-GENRE,Vietnam,ExtendedStrict,XGBoost,1,1,0.6215770244598389,1
6612,RCN25007,1209-PF-VN-IMPEQN-GENRE,Vietnam,ExtendedStrict,XGBoost,1,1,0.8347305655479431,1
6613,RCN25008,1209-PF-VN-IMPEQN-GENRE,Vietnam,ExtendedStrict,XGBoost,1,1,0.8347305655479431,1
6614,RCN25009,1209-PF-VN-IMPEQN-GENRE,Vietnam,ExtendedStrict,XGBoost,1,1,0.88237464427948,1
6615,RCN25010,1209-PF-VN-IMPEQN-GENRE,Vietnam,ExtendedStrict,XGBoost,1,1,0.8347305655479431,1
6616,RCN25011,1209-PF-VN-IMPEQN-GENRE,Vietnam,ExtendedStrict,XGBoost,1,1,0.8347305655479431,1
6617,RCN25012,1209-PF-VN-IMPEQN-GENRE,Vietnam,ExtendedStrict,XGBoost,1,1,0.8582215905189514,1
6618,RCN25013,1209-PF-VN-IMPEQN-GENRE,Vietnam,ExtendedStrict,XGBoost,1,1,0.8347305655479431,1
6619,RCN25014,1209-PF-VN-IMPEQN-GENRE,Vietnam,ExtendedStrict,XGBoost,1,1,0.8347305655479431,1
6620,RCN25015,1209-PF-VN-IMPEQN-GENRE,Vietnam,ExtendedStrict,XGBoost,1,1,0.8347305655479431,1
6621,RCN25016,1209-PF-VN-IMPEQN-GENRE,Vietnam,ExtendedStrict,XGBoost,1,1,0.8347305655479431,1
6622,RCN25017,1209-PF-VN-IMPEQN-GENRE,Vietnam,ExtendedStrict,XGBoost,1,1,0.8702053427696228,1
6623,RCN25018,1209-PF-VN-IMPEQN-GENRE,Vietnam,ExtendedStrict,XGBoost,1,1,0.8347305655479431,1
6624,RCN25019,1209-PF-VN-IMPEQN-GENRE,Vietnam,ExtendedStrict,XGBoost,1,1,0.8347305655479431,1
6625,RCN25020,1209-PF-VN-IMPEQN-GENRE,Vietnam,ExtendedStrict,XGBoost,1,1,0.8347305655479431,1
6626,RCN25021,1209-PF-VN-IMPEQN-GENRE,Vietnam,ExtendedStrict,XGBoost,1,1,0.8347305655479431,1
6627,RCN25022,1209-PF-VN-IMPEQN-GENRE,Vietnam,ExtendedStrict,XGBoost,1,1,0.8688490390777588,1
6628,RCN25023,1209-PF-VN-IMPEQN-GENRE,Vietnam,ExtendedStrict,XGBoost,1,1,0.8347305655479431,1
6629,RCN25024,1209-PF-VN-IMPEQN-GENRE,Vietnam,ExtendedStrict,XGBoost,1,1,0.7567968368530273,1
6630,RCN25025,1209-PF-VN-IMPEQN-GENRE,Vietnam,ExtendedStrict,XGBoost,1,1,0.8347305655479431,1
6631,RCN25026,1209-PF-VN-IMPEQN-GENRE,Vietnam,ExtendedStrict,XGBoost,1,1,0.8347305655479431,1
6632,RCN25027,1209-PF-VN-IMPEQN-GENRE,Vietnam,ExtendedStrict,XGBoost,1,1,0.9957451224327087,1
6633,RCN25028,1209-PF-VN-IMPEQN-GENRE,Vietnam,ExtendedStrict,XGBoost,1,1,0.8347305655479431,1
6634,RCN25029,1209-PF-VN-IMPEQN-GENRE,Vietnam,ExtendedStrict,XGBoost,1,1,0.8347305655479431,1
6635,RCN25030,1209-PF-VN-IMPEQN-GENRE,Vietnam,ExtendedStrict,XGBoost,1,1,0.8347305655479431,1
6636,RCN25036,1209-PF-VN-IMPEQN-GENRE,Vietnam,ExtendedStrict,XGBoost,1,1,0.9953870177268982,1
6637,RCN25047,1209-PF-VN-IMPEQN-GENRE,Vietnam,ExtendedStrict,XGBoost,1,1,0.9956589937210083,1
6638,RCN25053,1209-PF-VN-IMPEQN-GENRE,Vietnam,ExtendedStrict,XGBoost,1,1,0.9954388737678528,1
6639,RCN25061,1209-PF-VN-IMPEQN-GENRE,Vietnam,ExtendedStrict,XGBoost,1,1,0.9920302629470825,1
6640,RCN25063,1209-PF-VN-IMPEQN-GENRE,Vietnam,ExtendedStrict,XGBoost,1,1,0.98918217420578,1
6641,RCN25064,1209-PF-VN-IMPEQN-GENRE,Vietnam,ExtendedStrict,XGBoost,1,1,0.9891796112060547,1
6642,RCN25065,1209-PF-VN-IMPEQN-GENRE,Vietnam,ExtendedStrict,XGBoost,1,1,0.88237464427948,1
6643,RCN25068,1209-PF-VN-IMPEQN-GENRE,Vietnam,ExtendedStrict,XGBoost,1,1,0.9869067668914795,1
6644,RCN25076,1209-PF-VN-IMPEQN-GENRE,Vietnam,ExtendedStrict,XGBoost,1,1,0.9895963072776794,1
6645,RCN25079,1209-PF-VN-IMPEQN-GENRE,Vietnam,ExtendedStrict,XGBoost,1,0,0.7119787931442261,1
6646,RCN25080,1209-PF-VN-IMPEQN-GENRE,Vietnam,ExtendedStrict,XGBoost,1,1,0.9955667853355408,1
6647,RCN25081,1209-PF-VN-IMPEQN-GENRE,Vietnam,ExtendedStrict,XGBoost,1,1,0.8347305655479431,1
6648,RCN25083,1209-PF-VN-IMPEQN-GENRE,Vietnam,ExtendedStrict,XGBoost,1,1,0.7567968368530273,1
6649,RCN25084,1209-PF-VN-IMPEQN-GENRE,Vietnam,ExtendedStrict,XGBoost,1,1,0.8347305655479431,1
6650,RCN25085,1209-PF-VN-IMPEQN-GENRE,Vietnam,ExtendedStrict,XGBoost,1,1,0.7567968368530273,1
6651,RCN25088,1209-PF-VN-IMPEQN-GENRE,Vietnam,ExtendedStrict,XGBoost,1,1,0.88237464427948,1
6652,RCN25089,1209-PF-VN-IMPEQN-GENRE,Vietnam,ExtendedStrict,XGBoost,1,1,0.9956408739089966,1
6653,RCN25090,1209-PF-VN-IMPEQN-GENRE,Vietnam,ExtendedStrict,XGBoost,1,1,0.7779206037521362,1
6654,RCN25091,1209-PF-VN-IMPEQN-GENRE,Vietnam,ExtendedStrict,XGBoost,1,1,0.990199089050293,1
6655,RCN25093,1209-PF-VN-IMPEQN-GENRE,Vietnam,ExtendedStrict,XGBoost,1,1,0.8347305655479431,1
6656,RCN25095,1209-PF-VN-IMPEQN-GENRE,Vietnam,ExtendedStrict,XGBoost,1,1,0.9956408739089966,1
6657,RCN25097,1209-PF-VN-IMPEQN-GENRE,Vietnam,ExtendedStrict,XGBoost,1,1,0.9955667853355408,1
6658,RCN25099,1209-PF-VN-IMPEQN-GENRE,Vietnam,ExtendedStrict,XGBoost,1,1,0.9955667853355408,1
6659,RCN25102,1209-PF-VN-IMPEQN-GENRE,Vietnam,ExtendedStrict,XGBoost,1,1,0.9955667853355408,1
6660,RCN25103,1209-PF-VN-IMPEQN-GENRE,Vietnam,ExtendedStrict,XGBoost,1,1,0.9955667853355408,1
6661,RCN25104,1209-PF-VN-IMPEQN-GENRE,Vietnam,ExtendedStrict,XGBoost,1,1,0.8347305655479431,1
6662,RCN25105,1209-PF-VN-IMPEQN-GENRE,Vietnam,ExtendedStrict,XGBoost,1,1,0.9891720414161682,1
6663,RCN25107,1209-PF-VN-IMPEQN-GENRE,Vietnam,ExtendedStrict,XGBoost,1,1,0.9955667853355408,1
6664,RCN25108,1209-PF-VN-IMPEQN-GENRE,Vietnam,ExtendedStrict,XGBoost,1,1,0.8347305655479431,1
6665,RCN25112,1209-PF-VN-IMPEQN-GENRE,Vietnam,ExtendedStrict,XGBoost,1,1,0.916914701461792,1
6666,RCN25116,1209-PF-VN-IMPEQN-GENRE,Vietnam,ExtendedStrict,XGBoost,1,1,0.992553174495697,1
6667,RCN25118,1209-PF-VN-IMPEQN-GENRE,Vietnam,ExtendedStrict,XGBoost,1,1,0.9955667853355408,1
6668,RCN25119,1209-PF-VN-IMPEQN-GENRE,Vietnam,ExtendedStrict,XGBoost,1,1,0.9955667853355408,1
6669,RCN25120,1209-PF-VN-IMPEQN-GENRE,Vietnam,ExtendedStrict,XGBoost,1,1,0.9955667853355408,1
6670,RCN25124,1209-PF-VN-IMPEQN-GENRE,Vietnam,ExtendedStrict,XGBoost,1,1,0.8504231572151184,1
6671,RCN25125,1209-PF-VN-IMPEQN-GENRE,Vietnam,ExtendedStrict,XGBoost,1,1,0.9955272078514099,1
6672,RCN25129,1209-PF-VN-IMPEQN-GENRE,Vietnam,ExtendedStrict,XGBoost,1,1,0.9917024970054626,1
6673,RCN25130,1209-PF-VN-IMPEQN-GENRE,Vietnam,ExtendedStrict,XGBoost,1,1,0.8347305655479431,1
6674,RCN25134,1209-PF-VN-IMPEQN-GENRE,Vietnam,ExtendedStrict,XGBoost,1,1,0.9935991764068604,1
6675,RCN25137,1209-PF-VN-IMPEQN-GENRE,Vietnam,ExtendedStrict,XGBoost,1,1,0.9955667853355408,1
6676,RCN25142,1209-PF-VN-IMPEQN-GENRE,Vietnam,ExtendedStrict,XGBoost,1,1,0.8504231572151184,1
6677,RCN25143,1209-PF-VN-IMPEQN-GENRE,Vietnam,ExtendedStrict,XGBoost,1,1,0.9917476177215576,1
6678,RCN25145,1209-PF-VN-IMPEQN-GENRE,Vietnam,ExtendedStrict,XGBoost,1,1,0.9869067668914795,1
6679,RCN25151,1209-PF-VN-IMPEQN-GENRE,Vietnam,ExtendedStrict,XGBoost,1,1,0.9903162121772766,1
6680,RCN25153,1209-PF-VN-IMPEQN-GENRE,Vietnam,ExtendedStrict,XGBoost,1,0,0.6306419968605042,1
6681,RCN25154,1209-PF-VN-IMPEQN-GENRE,Vietnam,ExtendedStrict,XGBoost,1,1,0.8347305655479431,1
6682,RCN25158,1209-PF-VN-IMPEQN-GENRE,Vietnam,ExtendedStrict,XGBoost,1,1,0.9869067668914795,1
6683,RCN25162,1209-PF-VN-IMPEQN-GENRE,Vietnam,ExtendedStrict,XGBoost,1,1,0.9869067668914795,1
6684,RCN25166,1209-PF-VN-IMPEQN-GENRE,Vietnam,ExtendedStrict,XGBoost,1,1,0.995816171169281,1
6685,RCN25170,1209-PF-VN-IMPEQN-GENRE,Vietnam,ExtendedStrict,XGBoost,1,1,0.9955667853355408,1
6686,RCN25177,1209-PF-VN-IMPEQN-GENRE,Vietnam,ExtendedStrict,XGBoost,1,1,0.9896962642669678,1
6687,RCN25178,1209-PF-VN-IMPEQN-GENRE,Vietnam,ExtendedStrict,XGBoost,1,1,0.9955667853355408,1
6688,RCN25179,1209-PF-VN-IMPEQN-GENRE,Vietnam,ExtendedStrict,XGBoost,1,1,0.9917476177215576,1
2622,RCN06881,1180-PF-TRAC2-DONDORP,Thailand,ExtendedStrict,XGBoost,2,1,0.9795690178871155,1
2623,RCN06893,1180-PF-TRAC2-DONDORP,Thailand,ExtendedStrict,XGBoost,2,1,0.9789769649505615,1
2936,RCN08922,1208-PF-LA-CMPE-GENRE,Laos,ExtendedStrict,XGBoost,2,0,0.2407776117324829,0
2937,RCN08923,1208-PF-LA-CMPE-GENRE,Laos,ExtendedStrict,XGBoost,2,0,0.16909533739089966,0
2938,RCN08925,1208-PF-LA-CMPE-GENRE,Laos,ExtendedStrict,XGBoost,2,0,0.13203559815883636,0
2939,RCN08926,1208-PF-LA-CMPE-GENRE,Laos,ExtendedStrict,XGBoost,2,1,0.9755769968032837,1
2940,RCN08927,1208-PF-LA-CMPE-GENRE,Laos,ExtendedStrict,XGBoost,2,0,0.149438738822937,0
2941,RCN08929,1208-PF-LA-CMPE-GENRE,Laos,ExtendedStrict,XGBoost,2,1,0.9982732534408569,1
2942,RCN08930,1208-PF-LA-CMPE-GENRE,Laos,ExtendedStrict,XGBoost,2,0,0.13407231867313385,0
2943,RCN08931,1208-PF-LA-CMPE-GENRE,Laos,ExtendedStrict,XGBoost,2,1,0.9980939030647278,1
2944,RCN08933,1208-PF-LA-CMPE-GENRE,Laos,ExtendedStrict,XGBoost,2,0,0.16607500612735748,0
2945,RCN08934,1208-PF-LA-CMPE-GENRE,Laos,ExtendedStrict,XGBoost,2,0,0.0784326046705246,0
2946,RCN08935,1208-PF-LA-CMPE-GENRE,Laos,ExtendedStrict,XGBoost,2,0,0.1104433462023735,0
2947,RCN08936,1208-PF-LA-CMPE-GENRE,Laos,ExtendedStrict,XGBoost,2,0,0.16607500612735748,0
2948,RCN08937,1208-PF-LA-CMPE-GENRE,Laos,ExtendedStrict,XGBoost,2,0,0.23943819105625153,0
2949,RCN08938,1208-PF-LA-CMPE-GENRE,Laos,ExtendedStrict,XGBoost,2,0,0.22642497718334198,0
2950,RCN08939,1208-PF-LA-CMPE-GENRE,Laos,ExtendedStrict,XGBoost,2,0,0.256245881319046,0
2951,RCN08941,1208-PF-LA-CMPE-GENRE,Laos,ExtendedStrict,XGBoost,2,0,0.24146728217601776,0
2952,RCN08942,1208-PF-LA-CMPE-GENRE,Laos,ExtendedStrict,XGBoost,2,1,0.9966268539428711,1
2953,RCN08943,1208-PF-LA-CMPE-GENRE,Laos,ExtendedStrict,XGBoost,2,0,0.25338321924209595,0
2954,RCN08945,1208-PF-LA-CMPE-GENRE,Laos,ExtendedStrict,XGBoost,2,0,0.2449575960636139,0
2955,RCN08946,1208-PF-LA-CMPE-GENRE,Laos,ExtendedStrict,XGBoost,2,0,0.032785430550575256,0
2956,RCN08947,1208-PF-LA-CMPE-GENRE,Laos,ExtendedStrict,XGBoost,2,0,0.16607500612735748,0
2957,RCN08949,1208-PF-LA-CMPE-GENRE,Laos,ExtendedStrict,XGBoost,2,0,0.08842003345489502,0
2958,RCN08950,1208-PF-LA-CMPE-GENRE,Laos,ExtendedStrict,XGBoost,2,0,0.149438738822937,0
2959,RCN08951,1208-PF-LA-CMPE-GENRE,Laos,ExtendedStrict,XGBoost,2,0,0.13041704893112183,0
2960,RCN08952,1208-PF-LA-CMPE-GENRE,Laos,ExtendedStrict,XGBoost,2,0,0.13203559815883636,0
2961,RCN08953,1208-PF-LA-CMPE-GENRE,Laos,ExtendedStrict,XGBoost,2,0,0.13407231867313385,0
2962,RCN08954,1208-PF-LA-CMPE-GENRE,Laos,ExtendedStrict,XGBoost,2,0,0.0662352442741394,0
2963,RCN08955,1208-PF-LA-CMPE-GENRE,Laos,ExtendedStrict,XGBoost,2,0,0.7210156917572021,1
2964,RCN08957,1208-PF-LA-CMPE-GENRE,Laos,ExtendedStrict,XGBoost,2,0,0.24743299186229706,0
2965,RCN08958,1208-PF-LA-CMPE-GENRE,Laos,ExtendedStrict,XGBoost,2,1,0.9961710572242737,1
2966,RCN08959,1208-PF-LA-CMPE-GENRE,Laos,ExtendedStrict,XGBoost,2,1,0.9962737560272217,1
2967,RCN08960,1208-PF-LA-CMPE-GENRE,Laos,ExtendedStrict,XGBoost,2,1,0.9972881078720093,1
2968,RCN08961,1208-PF-LA-CMPE-GENRE,Laos,ExtendedStrict,XGBoost,2,1,0.37892860174179077,0
2969,RCN08962,1208-PF-LA-CMPE-GENRE,Laos,ExtendedStrict,XGBoost,2,0,0.9597886204719543,1
2970,RCN08963,1208-PF-LA-CMPE-GENRE,Laos,ExtendedStrict,XGBoost,2,1,0.9954243302345276,1
2971,RCN08966,1208-PF-LA-CMPE-GENRE,Laos,ExtendedStrict,XGBoost,2,1,0.9966288208961487,1
2972,RCN08971,1208-PF-LA-CMPE-GENRE,Laos,ExtendedStrict,XGBoost,2,1,0.9969218373298645,1
2973,RCN08973,1208-PF-LA-CMPE-GENRE,Laos,ExtendedStrict,XGBoost,2,0,0.0784326046705246,0
2974,RCN08974,1208-PF-LA-CMPE-GENRE,Laos,ExtendedStrict,XGBoost,2,0,0.0662352442741394,0
2975,RCN08975,1208-PF-LA-CMPE-GENRE,Laos,ExtendedStrict,XGBoost,2,1,0.9948581457138062,1
2976,RCN08976,1208-PF-LA-CMPE-GENRE,Laos,ExtendedStrict,XGBoost,2,1,0.9736314415931702,1
2977,RCN08977,1208-PF-LA-CMPE-GENRE,Laos,ExtendedStrict,XGBoost,2,1,0.9972881078720093,1
2978,RCN08978,1208-PF-LA-CMPE-GENRE,Laos,ExtendedStrict,XGBoost,2,0,0.07741259783506393,0
2979,RCN08979,1208-PF-LA-CMPE-GENRE,Laos,ExtendedStrict,XGBoost,2,0,0.07820979505777359,0
2980,RCN08981,1208-PF-LA-CMPE-GENRE,Laos,ExtendedStrict,XGBoost,2,1,0.8642396926879883,1
2981,RCN08982,1208-PF-LA-CMPE-GENRE,Laos,ExtendedStrict,XGBoost,2,1,0.8231406211853027,1
2982,RCN08984,1208-PF-LA-CMPE-GENRE,Laos,ExtendedStrict,XGBoost,2,1,0.9756067395210266,1
2983,RCN08985,1208-PF-LA-CMPE-GENRE,Laos,ExtendedStrict,XGBoost,2,1,0.9969218373298645,1
2984,RCN08987,1208-PF-LA-CMPE-GENRE,Laos,ExtendedStrict,XGBoost,2,1,0.9972881078720093,1
2985,RCN08989,1208-PF-LA-CMPE-GENRE,Laos,ExtendedStrict,XGBoost,2,1,0.995822548866272,1
2986,RCN08990,1208-PF-LA-CMPE-GENRE,Laos,ExtendedStrict,XGBoost,2,1,0.9303752183914185,1
2987,RCN08991,1208-PF-LA-CMPE-GENRE,Laos,ExtendedStrict,XGBoost,2,1,0.9788026809692383,1
2988,RCN08992,1208-PF-LA-CMPE-GENRE,Laos,ExtendedStrict,XGBoost,2,1,0.9954748749732971,1
2989,RCN08993,1208-PF-LA-CMPE-GENRE,Laos,ExtendedStrict,XGBoost,2,1,0.9979487061500549,1
2990,RCN08994,1208-PF-LA-CMPE-GENRE,Laos,ExtendedStrict,XGBoost,2,1,0.9965180158615112,1
2991,RCN08995,1208-PF-LA-CMPE-GENRE,Laos,ExtendedStrict,XGBoost,2,1,0.9972881078720093,1
2992,RCN08998,1208-PF-LA-CMPE-GENRE,Laos,ExtendedStrict,XGBoost,2,1,0.996566891670227,1
2993,RCN08999,1208-PF-LA-CMPE-GENRE,Laos,ExtendedStrict,XGBoost,2,1,0.9952895641326904,1
2994,RCN09000,1208-PF-LA-CMPE-GENRE,Laos,ExtendedStrict,XGBoost,2,1,0.9808897972106934,1
2995,RCN09001,1208-PF-LA-CMPE-GENRE,Laos,ExtendedStrict,XGBoost,2,1,0.9954748749732971,1
2996,RCN09002,1208-PF-LA-CMPE-GENRE,Laos,ExtendedStrict,XGBoost,2,1,0.9765213131904602,1
2997,RCN09003,1208-PF-LA-CMPE-GENRE,Laos,ExtendedStrict,XGBoost,2,1,0.9980345368385315,1
2998,RCN09006,1208-PF-LA-CMPE-GENRE,Laos,ExtendedStrict,XGBoost,2,1,0.9957776069641113,1
2999,RCN09007,1208-PF-LA-CMPE-GENRE,Laos,ExtendedStrict,XGBoost,2,1,0.9952704310417175,1
3000,RCN09010,1208-PF-LA-CMPE-GENRE,Laos,ExtendedStrict,XGBoost,2,1,0.6661561727523804,1
3001,RCN09012,1208-PF-LA-CMPE-GENRE,Laos,ExtendedStrict,XGBoost,2,1,0.9954748749732971,1
3002,RCN09014,1208-PF-LA-CMPE-GENRE,Laos,ExtendedStrict,XGBoost,2,0,0.0784326046705246,0
3003,RCN09016,1208-PF-LA-CMPE-GENRE,Laos,ExtendedStrict,XGBoost,2,1,0.9962372779846191,1
3004,RCN09018,1208-PF-LA-CMPE-GENRE,Laos,ExtendedStrict,XGBoost,2,1,0.996715784072876,1
3005,RCN09019,1208-PF-LA-CMPE-GENRE,Laos,ExtendedStrict,XGBoost,2,1,0.997025191783905,1
3006,RCN09020,1208-PF-LA-CMPE-GENRE,Laos,ExtendedStrict,XGBoost,2,1,0.9961710572242737,1
3007,RCN09021,1208-PF-LA-CMPE-GENRE,Laos,ExtendedStrict,XGBoost,2,1,0.9960381984710693,1
3008,RCN09022,1208-PF-LA-CMPE-GENRE,Laos,ExtendedStrict,XGBoost,2,1,0.9960575103759766,1
3009,RCN09023,1208-PF-LA-CMPE-GENRE,Laos,ExtendedStrict,XGBoost,2,1,0.9961710572242737,1
3010,RCN09024,1208-PF-LA-CMPE-GENRE,Laos,ExtendedStrict,XGBoost,2,1,0.9966875910758972,1
3011,RCN09025,1208-PF-LA-CMPE-GENRE,Laos,ExtendedStrict,XGBoost,2,1,0.9959099292755127,1
3012,RCN09027,1208-PF-LA-CMPE-GENRE,Laos,ExtendedStrict,XGBoost,2,1,0.605535089969635,1
3013,RCN09029,1208-PF-LA-CMPE-GENRE,Laos,ExtendedStrict,XGBoost,2,0,0.01313849724829197,0
3014,RCN09031,1208-PF-LA-CMPE-GENRE,Laos,ExtendedStrict,XGBoost,2,0,0.03582844138145447,0
3015,RCN09032,1208-PF-LA-CMPE-GENRE,Laos,ExtendedStrict,XGBoost,2,0,0.03582844138145447,0
3016,RCN09033,1208-PF-LA-CMPE-GENRE,Laos,ExtendedStrict,XGBoost,2,0,0.012416194193065166,0
3017,RCN09034,1208-PF-LA-CMPE-GENRE,Laos,ExtendedStrict,XGBoost,2,1,0.9960381984710693,1
3018,RCN09035,1208-PF-LA-CMPE-GENRE,Laos,ExtendedStrict,XGBoost,2,0,0.015638569369912148,0
3019,RCN09036,1208-PF-LA-CMPE-GENRE,Laos,ExtendedStrict,XGBoost,2,0,0.018018318340182304,0
3020,RCN09037,1208-PF-LA-CMPE-GENRE,Laos,ExtendedStrict,XGBoost,2,1,0.5811596512794495,1
3021,RCN09038,1208-PF-LA-CMPE-GENRE,Laos,ExtendedStrict,XGBoost,2,1,0.03157569468021393,0
3022,RCN09039,1208-PF-LA-CMPE-GENRE,Laos,ExtendedStrict,XGBoost,2,1,0.036291200667619705,0
3023,RCN09040,1208-PF-LA-CMPE-GENRE,Laos,ExtendedStrict,XGBoost,2,1,0.5435399413108826,1
3024,RCN09041,1208-PF-LA-CMPE-GENRE,Laos,ExtendedStrict,XGBoost,2,0,0.018018318340182304,0
3025,RCN09042,1208-PF-LA-CMPE-GENRE,Laos,ExtendedStrict,XGBoost,2,0,0.028360866010189056,0
3026,RCN09043,1208-PF-LA-CMPE-GENRE,Laos,ExtendedStrict,XGBoost,2,0,0.040937576442956924,0
3027,RCN09044,1208-PF-LA-CMPE-GENRE,Laos,ExtendedStrict,XGBoost,2,0,0.16871169209480286,0
3028,RCN09046,1208-PF-LA-CMPE-GENRE,Laos,ExtendedStrict,XGBoost,2,1,0.5443459749221802,1
3029,RCN09047,1208-PF-LA-CMPE-GENRE,Laos,ExtendedStrict,XGBoost,2,0,0.1267583817243576,0
3030,RCN09048,1208-PF-LA-CMPE-GENRE,Laos,ExtendedStrict,XGBoost,2,0,0.07741259783506393,0
3031,RCN09049,1208-PF-LA-CMPE-GENRE,Laos,ExtendedStrict,XGBoost,2,0,0.417269766330719,0
3032,RCN09050,1208-PF-LA-CMPE-GENRE,Laos,ExtendedStrict,XGBoost,2,0,0.417269766330719,0
3033,RCN09052,1208-PF-LA-CMPE-GENRE,Laos,ExtendedStrict,XGBoost,2,0,0.22173632681369781,0
3034,RCN09053,1208-PF-LA-CMPE-GENRE,Laos,ExtendedStrict,XGBoost,2,1,0.691408097743988,1
3035,RCN09054,1208-PF-LA-CMPE-GENRE,Laos,ExtendedStrict,XGBoost,2,1,0.6697105169296265,1
3036,RCN09055,1208-PF-LA-CMPE-GENRE,Laos,ExtendedStrict,XGBoost,2,1,0.5627259016036987,1
3037,RCN09056,1208-PF-LA-CMPE-GENRE,Laos,ExtendedStrict,XGBoost,2,1,0.6100764870643616,1
3038,RCN09057,1208-PF-LA-CMPE-GENRE,Laos,ExtendedStrict,XGBoost,2,1,0.5925284028053284,1
3039,RCN09058,1208-PF-LA-CMPE-GENRE,Laos,ExtendedStrict,XGBoost,2,1,0.5443459749221802,1
3040,RCN09059,1208-PF-LA-CMPE-GENRE,Laos,ExtendedStrict,XGBoost,2,1,0.5643251538276672,1
3041,RCN09060,1208-PF-LA-CMPE-GENRE,Laos,ExtendedStrict,XGBoost,2,1,0.5811596512794495,1
3042,RCN09061,1208-PF-LA-CMPE-GENRE,Laos,ExtendedStrict,XGBoost,2,0,0.21883273124694824,0
3043,RCN09062,1208-PF-LA-CMPE-GENRE,Laos,ExtendedStrict,XGBoost,2,1,0.5627259016036987,1
3044,RCN09063,1208-PF-LA-CMPE-GENRE,Laos,ExtendedStrict,XGBoost,2,0,0.0978085994720459,0
3045,RCN09064,1208-PF-LA-CMPE-GENRE,Laos,ExtendedStrict,XGBoost,2,0,0.10024896264076233,0
3046,RCN09065,1208-PF-LA-CMPE-GENRE,Laos,ExtendedStrict,XGBoost,2,0,0.08842003345489502,0
3047,RCN09066,1208-PF-LA-CMPE-GENRE,Laos,ExtendedStrict,XGBoost,2,0,0.35978811979293823,0
3048,RCN09069,1208-PF-LA-CMPE-GENRE,Laos,ExtendedStrict,XGBoost,2,0,0.05056869611144066,0
3049,RCN09070,1208-PF-LA-CMPE-GENRE,Laos,ExtendedStrict,XGBoost,2,0,0.3589203655719757,0
3050,RCN09071,1208-PF-LA-CMPE-GENRE,Laos,ExtendedStrict,XGBoost,2,0,0.07436802983283997,0
3051,RCN09072,1208-PF-LA-CMPE-GENRE,Laos,ExtendedStrict,XGBoost,2,0,0.29222407937049866,0
3052,RCN09073,1208-PF-LA-CMPE-GENRE,Laos,ExtendedStrict,XGBoost,2,0,0.07533718645572662,0
3053,RCN09074,1208-PF-LA-CMPE-GENRE,Laos,ExtendedStrict,XGBoost,2,0,0.03700186312198639,0
3054,RCN09075,1208-PF-LA-CMPE-GENRE,Laos,ExtendedStrict,XGBoost,2,0,0.3589203655719757,0
3055,RCN09076,1208-PF-LA-CMPE-GENRE,Laos,ExtendedStrict,XGBoost,2,0,0.08842003345489502,0
3056,RCN09077,1208-PF-LA-CMPE-GENRE,Laos,ExtendedStrict,XGBoost,2,0,0.10024896264076233,0
3057,RCN09079,1208-PF-LA-CMPE-GENRE,Laos,ExtendedStrict,XGBoost,2,0,0.3589203655719757,0
3058,RCN09080,1208-PF-LA-CMPE-GENRE,Laos,ExtendedStrict,XGBoost,2,0,0.07741259783506393,0
3059,RCN09081,1208-PF-LA-CMPE-GENRE,Laos,ExtendedStrict,XGBoost,2,0,0.010570329613983631,0
3060,RCN09082,1208-PF-LA-CMPE-GENRE,Laos,ExtendedStrict,XGBoost,2,0,0.022989362478256226,0
3061,RCN09083,1208-PF-LA-CMPE-GENRE,Laos,ExtendedStrict,XGBoost,2,0,0.03582844138145447,0
3062,RCN09084,1208-PF-LA-CMPE-GENRE,Laos,ExtendedStrict,XGBoost,2,0,0.07741259783506393,0
3063,RCN09088,1208-PF-LA-CMPE-GENRE,Laos,ExtendedStrict,XGBoost,2,0,0.11219146847724915,0
3064,RCN09093,1208-PF-LA-CMPE-GENRE,Laos,ExtendedStrict,XGBoost,2,0,0.2214195728302002,0
3065,RCN09095,1208-PF-LA-CMPE-GENRE,Laos,ExtendedStrict,XGBoost,2,0,0.22841623425483704,0
3066,RCN09096,1208-PF-LA-CMPE-GENRE,Laos,ExtendedStrict,XGBoost,2,0,0.02127520553767681,0
3067,RCN09098,1208-PF-LA-CMPE-GENRE,Laos,ExtendedStrict,XGBoost,2,0,0.07533718645572662,0
3068,RCN09105,1208-PF-LA-CMPE-GENRE,Laos,ExtendedStrict,XGBoost,2,0,0.0797184631228447,0
3069,RCN09106,1208-PF-LA-CMPE-GENRE,Laos,ExtendedStrict,XGBoost,2,0,0.07820979505777359,0
3070,RCN09110,1208-PF-LA-CMPE-GENRE,Laos,ExtendedStrict,XGBoost,2,0,0.04697989299893379,0
3071,RCN09111,1208-PF-LA-CMPE-GENRE,Laos,ExtendedStrict,XGBoost,2,0,0.04174049198627472,0
3072,RCN09112,1208-PF-LA-CMPE-GENRE,Laos,ExtendedStrict,XGBoost,2,0,0.040937576442956924,0
3073,RCN09113,1208-PF-LA-CMPE-GENRE,Laos,ExtendedStrict,XGBoost,2,0,0.017784245312213898,0
3074,RCN09114,1208-PF-LA-CMPE-GENRE,Laos,ExtendedStrict,XGBoost,2,0,0.03212013468146324,0
3075,RCN09115,1208-PF-LA-CMPE-GENRE,Laos,ExtendedStrict,XGBoost,2,0,0.014951004646718502,0
3076,RCN09116,1208-PF-LA-CMPE-GENRE,Laos,ExtendedStrict,XGBoost,2,0,0.02037467248737812,0
3077,RCN09117,1208-PF-LA-CMPE-GENRE,Laos,ExtendedStrict,XGBoost,2,0,0.013606076128780842,0
3078,RCN09118,1208-PF-LA-CMPE-GENRE,Laos,ExtendedStrict,XGBoost,2,0,0.08842003345489502,0
3079,RCN09119,1208-PF-LA-CMPE-GENRE,Laos,ExtendedStrict,XGBoost,2,0,0.014120329171419144,0
3080,RCN09120,1208-PF-LA-CMPE-GENRE,Laos,ExtendedStrict,XGBoost,2,0,0.011671895161271095,0
3081,RCN09121,1208-PF-LA-CMPE-GENRE,Laos,ExtendedStrict,XGBoost,2,0,0.02037467248737812,0
3082,RCN09122,1208-PF-LA-CMPE-GENRE,Laos,ExtendedStrict,XGBoost,2,0,0.058053962886333466,0
3083,RCN09126,1208-PF-LA-CMPE-GENRE,Laos,ExtendedStrict,XGBoost,2,0,0.017784245312213898,0
3084,RCN09127,1208-PF-LA-CMPE-GENRE,Laos,ExtendedStrict,XGBoost,2,0,0.04568702355027199,0
3085,RCN09128,1208-PF-LA-CMPE-GENRE,Laos,ExtendedStrict,XGBoost,2,0,0.040937576442956924,0
3086,RCN09129,1208-PF-LA-CMPE-GENRE,Laos,ExtendedStrict,XGBoost,2,0,0.2348356693983078,0
3087,RCN09130,1208-PF-LA-CMPE-GENRE,Laos,ExtendedStrict,XGBoost,2,1,0.4708566963672638,0
3088,RCN09131,1208-PF-LA-CMPE-GENRE,Laos,ExtendedStrict,XGBoost,2,0,0.014427694492042065,0
3089,RCN09132,1208-PF-LA-CMPE-GENRE,Laos,ExtendedStrict,XGBoost,2,0,0.39769628643989563,0
3090,RCN09133,1208-PF-LA-CMPE-GENRE,Laos,ExtendedStrict,XGBoost,2,0,0.2826554477214813,0
3091,RCN09134,1208-PF-LA-CMPE-GENRE,Laos,ExtendedStrict,XGBoost,2,1,0.6992307901382446,1
3092,RCN09135,1208-PF-LA-CMPE-GENRE,Laos,ExtendedStrict,XGBoost,2,1,0.642867386341095,1
3093,RCN09136,1208-PF-LA-CMPE-GENRE,Laos,ExtendedStrict,XGBoost,2,1,0.6205265522003174,1
3094,RCN09137,1208-PF-LA-CMPE-GENRE,Laos,ExtendedStrict,XGBoost,2,0,0.07741259783506393,0
3095,RCN09138,1208-PF-LA-CMPE-GENRE,Laos,ExtendedStrict,XGBoost,2,0,0.027262039482593536,0
3096,RCN09139,1208-PF-LA-CMPE-GENRE,Laos,ExtendedStrict,XGBoost,2,0,0.09984251856803894,0
3097,RCN09140,1208-PF-LA-CMPE-GENRE,Laos,ExtendedStrict,XGBoost,2,0,0.0797184631228447,0
3098,RCN09141,1208-PF-LA-CMPE-GENRE,Laos,ExtendedStrict,XGBoost,2,0,0.01389425527304411,0
3099,RCN09143,1208-PF-LA-CMPE-GENRE,Laos,ExtendedStrict,XGBoost,2,0,0.040907878428697586,0
3100,RCN09144,1208-PF-LA-CMPE-GENRE,Laos,ExtendedStrict,XGBoost,2,0,0.020282074809074402,0
3101,RCN09145,1208-PF-LA-CMPE-GENRE,Laos,ExtendedStrict,XGBoost,2,0,0.0482378788292408,0
3102,RCN09146,1208-PF-LA-CMPE-GENRE,Laos,ExtendedStrict,XGBoost,2,0,0.07741259783506393,0
3103,RCN09147,1208-PF-LA-CMPE-GENRE,Laos,ExtendedStrict,XGBoost,2,0,0.015093489550054073,0
3104,RCN09148,1208-PF-LA-CMPE-GENRE,Laos,ExtendedStrict,XGBoost,2,0,0.08842003345489502,0
3105,RCN09149,1208-PF-LA-CMPE-GENRE,Laos,ExtendedStrict,XGBoost,2,0,0.027270251885056496,0
3106,RCN09150,1208-PF-LA-CMPE-GENRE,Laos,ExtendedStrict,XGBoost,2,0,0.02017797902226448,0
3107,RCN09151,1208-PF-LA-CMPE-GENRE,Laos,ExtendedStrict,XGBoost,2,0,0.015421525575220585,0
3108,RCN09155,1208-PF-LA-CMPE-GENRE,Laos,ExtendedStrict,XGBoost,2,0,0.010243311524391174,0
3109,RCN09156,1208-PF-LA-CMPE-GENRE,Laos,ExtendedStrict,XGBoost,2,0,0.01656411774456501,0
3110,RCN09157,1208-PF-LA-CMPE-GENRE,Laos,ExtendedStrict,XGBoost,2,0,0.03600028157234192,0
3111,RCN09158,1208-PF-LA-CMPE-GENRE,Laos,ExtendedStrict,XGBoost,2,0,0.009532430209219456,0
3112,RCN09159,1208-PF-LA-CMPE-GENRE,Laos,ExtendedStrict,XGBoost,2,0,0.02037467248737812,0
3113,RCN09160,1208-PF-LA-CMPE-GENRE,Laos,ExtendedStrict,XGBoost,2,0,0.02037467248737812,0
3114,RCN09161,1208-PF-LA-CMPE-GENRE,Laos,ExtendedStrict,XGBoost,2,0,0.03114444762468338,0
3115,RCN09162,1208-PF-LA-CMPE-GENRE,Laos,ExtendedStrict,XGBoost,2,0,0.015638569369912148,0
3116,RCN09163,1208-PF-LA-CMPE-GENRE,Laos,ExtendedStrict,XGBoost,2,0,0.01035684160888195,0
3117,RCN09164,1208-PF-LA-CMPE-GENRE,Laos,ExtendedStrict,XGBoost,2,0,0.015638569369912148,0
3118,RCN09165,1208-PF-LA-CMPE-GENRE,Laos,ExtendedStrict,XGBoost,2,0,0.018416933715343475,0
3119,RCN09166,1208-PF-LA-CMPE-GENRE,Laos,ExtendedStrict,XGBoost,2,0,0.03663448244333267,0
3120,RCN09167,1208-PF-LA-CMPE-GENRE,Laos,ExtendedStrict,XGBoost,2,0,0.03686464950442314,0
3121,RCN09168,1208-PF-LA-CMPE-GENRE,Laos,ExtendedStrict,XGBoost,2,1,0.9958586096763611,1
3122,RCN09170,1208-PF-LA-CMPE-GENRE,Laos,ExtendedStrict,XGBoost,2,0,0.5719186067581177,1
4083,RCN11492,1208-PF-LA-CMPE-GENRE,Laos,ExtendedStrict,XGBoost,2,0,0.007621761877089739,0
4084,RCN11493,1208-PF-LA-CMPE-GENRE,Laos,ExtendedStrict,XGBoost,2,0,0.018079834058880806,0
4085,RCN11494,1208-PF-LA-CMPE-GENRE,Laos,ExtendedStrict,XGBoost,2,0,0.01834144815802574,0
4086,RCN11495,1208-PF-LA-CMPE-GENRE,Laos,ExtendedStrict,XGBoost,2,0,0.00830406416207552,0
4087,RCN11497,1208-PF-LA-CMPE-GENRE,Laos,ExtendedStrict,XGBoost,2,0,0.023448143154382706,0
4088,RCN11498,1208-PF-LA-CMPE-GENRE,Laos,ExtendedStrict,XGBoost,2,0,0.011053739115595818,0
4089,RCN11499,1208-PF-LA-CMPE-GENRE,Laos,ExtendedStrict,XGBoost,2,0,0.01015121303498745,0
4090,RCN11500,1208-PF-LA-CMPE-GENRE,Laos,ExtendedStrict,XGBoost,2,0,0.007149640470743179,0
4091,RCN11501,1208-PF-LA-CMPE-GENRE,Laos,ExtendedStrict,XGBoost,2,0,0.03487318381667137,0
4092,RCN11504,1208-PF-LA-CMPE-GENRE,Laos,ExtendedStrict,XGBoost,2,0,0.03942812606692314,0
4093,RCN11505,1208-PF-LA-CMPE-GENRE,Laos,ExtendedStrict,XGBoost,2,0,0.05291396379470825,0
4094,RCN11506,1208-PF-LA-CMPE-GENRE,Laos,ExtendedStrict,XGBoost,2,0,0.05018647015094757,0
4095,RCN11507,1208-PF-LA-CMPE-GENRE,Laos,ExtendedStrict,XGBoost,2,0,0.030817875638604164,0
4096,RCN11508,1208-PF-LA-CMPE-GENRE,Laos,ExtendedStrict,XGBoost,2,0,0.025226790457963943,0
4097,RCN11510,1208-PF-LA-CMPE-GENRE,Laos,ExtendedStrict,XGBoost,2,0,0.006334409117698669,0
4098,RCN11511,1208-PF-LA-CMPE-GENRE,Laos,ExtendedStrict,XGBoost,2,1,0.6960638761520386,1
4099,RCN11512,1208-PF-LA-CMPE-GENRE,Laos,ExtendedStrict,XGBoost,2,0,0.07533718645572662,0
4100,RCN11513,1208-PF-LA-CMPE-GENRE,Laos,ExtendedStrict,XGBoost,2,0,0.017880070954561234,0
4101,RCN11514,1208-PF-LA-CMPE-GENRE,Laos,ExtendedStrict,XGBoost,2,0,0.38491034507751465,0
4102,RCN11515,1208-PF-LA-CMPE-GENRE,Laos,ExtendedStrict,XGBoost,2,0,0.03967127203941345,0
4103,RCN11516,1208-PF-LA-CMPE-GENRE,Laos,ExtendedStrict,XGBoost,2,0,0.08188312500715256,0
4104,RCN11517,1208-PF-LA-CMPE-GENRE,Laos,ExtendedStrict,XGBoost,2,0,0.07533718645572662,0
4105,RCN11518,1208-PF-LA-CMPE-GENRE,Laos,ExtendedStrict,XGBoost,2,0,0.1445583701133728,0
4106,RCN11519,1208-PF-LA-CMPE-GENRE,Laos,ExtendedStrict,XGBoost,2,0,0.07079590857028961,0
4107,RCN11520,1208-PF-LA-CMPE-GENRE,Laos,ExtendedStrict,XGBoost,2,0,0.02521980181336403,0
4108,RCN11521,1208-PF-LA-CMPE-GENRE,Laos,ExtendedStrict,XGBoost,2,0,0.015421525575220585,0
4109,RCN11522,1208-PF-LA-CMPE-GENRE,Laos,ExtendedStrict,XGBoost,2,0,0.022657059133052826,0
4110,RCN11523,1208-PF-LA-CMPE-GENRE,Laos,ExtendedStrict,XGBoost,2,0,0.046728335320949554,0
4111,RCN11524,1208-PF-LA-CMPE-GENRE,Laos,ExtendedStrict,XGBoost,2,0,0.02037467248737812,0
4112,RCN11525,1208-PF-LA-CMPE-GENRE,Laos,ExtendedStrict,XGBoost,2,0,0.015912722796201706,0
4113,RCN11526,1208-PF-LA-CMPE-GENRE,Laos,ExtendedStrict,XGBoost,2,0,0.02854059636592865,0
4114,RCN11527,1208-PF-LA-CMPE-GENRE,Laos,ExtendedStrict,XGBoost,2,0,0.00765193672850728,0
4115,RCN11528,1208-PF-LA-CMPE-GENRE,Laos,ExtendedStrict,XGBoost,2,0,0.025088248774409294,0
4116,RCN11529,1208-PF-LA-CMPE-GENRE,Laos,ExtendedStrict,XGBoost,2,0,0.014682745561003685,0
4117,RCN11530,1208-PF-LA-CMPE-GENRE,Laos,ExtendedStrict,XGBoost,2,0,0.027640722692012787,0
4118,RCN11531,1208-PF-LA-CMPE-GENRE,Laos,ExtendedStrict,XGBoost,2,0,0.027586420997977257,0
4119,RCN11532,1208-PF-LA-CMPE-GENRE,Laos,ExtendedStrict,XGBoost,2,0,0.013273700140416622,0
4120,RCN11533,1208-PF-LA-CMPE-GENRE,Laos,ExtendedStrict,XGBoost,2,0,0.017784245312213898,0
4121,RCN11534,1208-PF-LA-CMPE-GENRE,Laos,ExtendedStrict,XGBoost,2,0,0.08015487343072891,0
4122,RCN11535,1208-PF-LA-CMPE-GENRE,Laos,ExtendedStrict,XGBoost,2,0,0.08799472451210022,0
4123,RCN11537,1208-PF-LA-CMPE-GENRE,Laos,ExtendedStrict,XGBoost,2,0,0.02764148823916912,0
4124,RCN11538,1208-PF-LA-CMPE-GENRE,Laos,ExtendedStrict,XGBoost,2,0,0.037503790110349655,0
4125,RCN11539,1208-PF-LA-CMPE-GENRE,Laos,ExtendedStrict,XGBoost,2,0,0.09582166373729706,0
4126,RCN11540,1208-PF-LA-CMPE-GENRE,Laos,ExtendedStrict,XGBoost,2,0,0.07079590857028961,0
4127,RCN11541,1208-PF-LA-CMPE-GENRE,Laos,ExtendedStrict,XGBoost,2,0,0.015047079883515835,0
4128,RCN11542,1208-PF-LA-CMPE-GENRE,Laos,ExtendedStrict,XGBoost,2,0,0.015591132454574108,0
4129,RCN11543,1208-PF-LA-CMPE-GENRE,Laos,ExtendedStrict,XGBoost,2,0,0.07530829310417175,0
4130,RCN11544,1208-PF-LA-CMPE-GENRE,Laos,ExtendedStrict,XGBoost,2,0,0.015047079883515835,0
4131,RCN11545,1208-PF-LA-CMPE-GENRE,Laos,ExtendedStrict,XGBoost,2,0,0.021874960511922836,0
4132,RCN11546,1208-PF-LA-CMPE-GENRE,Laos,ExtendedStrict,XGBoost,2,1,0.5077410936355591,1
4133,RCN11547,1208-PF-LA-CMPE-GENRE,Laos,ExtendedStrict,XGBoost,2,0,0.017784245312213898,0
4134,RCN11548,1208-PF-LA-CMPE-GENRE,Laos,ExtendedStrict,XGBoost,2,0,0.07122483104467392,0
4135,RCN11550,1208-PF-LA-CMPE-GENRE,Laos,ExtendedStrict,XGBoost,2,0,0.05319337919354439,0
4136,RCN11551,1208-PF-LA-CMPE-GENRE,Laos,ExtendedStrict,XGBoost,2,0,0.08799472451210022,0
4137,RCN11552,1208-PF-LA-CMPE-GENRE,Laos,ExtendedStrict,XGBoost,2,0,0.009532430209219456,0
4138,RCN11553,1208-PF-LA-CMPE-GENRE,Laos,ExtendedStrict,XGBoost,2,0,0.046353939920663834,0
4139,RCN11554,1208-PF-LA-CMPE-GENRE,Laos,ExtendedStrict,XGBoost,2,0,0.058053962886333466,0
4140,RCN11555,1208-PF-LA-CMPE-GENRE,Laos,ExtendedStrict,XGBoost,2,0,0.07741259783506393,0
4141,RCN11556,1208-PF-LA-CMPE-GENRE,Laos,ExtendedStrict,XGBoost,2,0,0.01313849724829197,0
4142,RCN11557,1208-PF-LA-CMPE-GENRE,Laos,ExtendedStrict,XGBoost,2,0,0.07741259783506393,0
4143,RCN11558,1208-PF-LA-CMPE-GENRE,Laos,ExtendedStrict,XGBoost,2,0,0.027625665068626404,0
4144,RCN11559,1208-PF-LA-CMPE-GENRE,Laos,ExtendedStrict,XGBoost,2,0,0.04568702355027199,0
4145,RCN11560,1208-PF-LA-CMPE-GENRE,Laos,ExtendedStrict,XGBoost,2,0,0.006720359902828932,0
4146,RCN11561,1208-PF-LA-CMPE-GENRE,Laos,ExtendedStrict,XGBoost,2,1,0.5077410936355591,1
4147,RCN11562,1208-PF-LA-CMPE-GENRE,Laos,ExtendedStrict,XGBoost,2,1,0.5077410936355591,1
4148,RCN11564,1208-PF-LA-CMPE-GENRE,Laos,ExtendedStrict,XGBoost,2,0,0.07436802983283997,0
4149,RCN11565,1208-PF-LA-CMPE-GENRE,Laos,ExtendedStrict,XGBoost,2,0,0.07564858347177505,0
4150,RCN11566,1208-PF-LA-CMPE-GENRE,Laos,ExtendedStrict,XGBoost,2,0,0.07741259783506393,0
4151,RCN11567,1208-PF-LA-CMPE-GENRE,Laos,ExtendedStrict,XGBoost,2,0,0.07820979505777359,0
4152,RCN11568,1208-PF-LA-CMPE-GENRE,Laos,ExtendedStrict,XGBoost,2,0,0.013544254004955292,0
4153,RCN11569,1208-PF-LA-CMPE-GENRE,Laos,ExtendedStrict,XGBoost,2,0,0.027919448912143707,0
4154,RCN11570,1208-PF-LA-CMPE-GENRE,Laos,ExtendedStrict,XGBoost,2,0,0.06062309071421623,0
4155,RCN11571,1208-PF-LA-CMPE-GENRE,Laos,ExtendedStrict,XGBoost,2,0,0.050358694046735764,0
4156,RCN11572,1208-PF-LA-CMPE-GENRE,Laos,ExtendedStrict,XGBoost,2,0,0.03114444762468338,0
4157,RCN11573,1208-PF-LA-CMPE-GENRE,Laos,ExtendedStrict,XGBoost,2,0,0.04148118942975998,0
4158,RCN11574,1208-PF-LA-CMPE-GENRE,Laos,ExtendedStrict,XGBoost,2,0,0.07820979505777359,0
4159,RCN11575,1208-PF-LA-CMPE-GENRE,Laos,ExtendedStrict,XGBoost,2,0,0.07530829310417175,0
4160,RCN11576,1208-PF-LA-CMPE-GENRE,Laos,ExtendedStrict,XGBoost,2,0,0.033589884638786316,0
4161,RCN11577,1208-PF-LA-CMPE-GENRE,Laos,ExtendedStrict,XGBoost,2,0,0.033589884638786316,0
4162,RCN11578,1208-PF-LA-CMPE-GENRE,Laos,ExtendedStrict,XGBoost,2,0,0.033589884638786316,0
4163,RCN11579,1208-PF-LA-CMPE-GENRE,Laos,ExtendedStrict,XGBoost,2,0,0.033589884638786316,0
4164,RCN11580,1208-PF-LA-CMPE-GENRE,Laos,ExtendedStrict,XGBoost,2,0,0.033589884638786316,0
4165,RCN11581,1208-PF-LA-CMPE-GENRE,Laos,ExtendedStrict,XGBoost,2,0,0.033589884638786316,0
4166,RCN11582,1208-PF-LA-CMPE-GENRE,Laos,ExtendedStrict,XGBoost,2,0,0.033589884638786316,0
4167,RCN11593,1208-PF-LA-CMPE-GENRE,Laos,ExtendedStrict,XGBoost,2,0,0.03700186312198639,0
4168,RCN11594,1208-PF-LA-CMPE-GENRE,Laos,ExtendedStrict,XGBoost,2,0,0.033589884638786316,0
4169,RCN11595,1208-PF-LA-CMPE-GENRE,Laos,ExtendedStrict,XGBoost,2,0,0.033589884638786316,0
4170,RCN11596,1208-PF-LA-CMPE-GENRE,Laos,ExtendedStrict,XGBoost,2,0,0.033537011593580246,0
4171,RCN11597,1208-PF-LA-CMPE-GENRE,Laos,ExtendedStrict,XGBoost,2,0,0.033589884638786316,0
4172,RCN11598,1208-PF-LA-CMPE-GENRE,Laos,ExtendedStrict,XGBoost,2,0,0.033589884638786316,0
4173,RCN11599,1208-PF-LA-CMPE-GENRE,Laos,ExtendedStrict,XGBoost,2,0,0.04320735111832619,0
4174,RCN11600,1208-PF-LA-CMPE-GENRE,Laos,ExtendedStrict,XGBoost,2,0,0.09854459017515182,0
4175,RCN11601,1208-PF-LA-CMPE-GENRE,Laos,ExtendedStrict,XGBoost,2,0,0.045662205666303635,0
4176,RCN11602,1208-PF-LA-CMPE-GENRE,Laos,ExtendedStrict,XGBoost,2,0,0.0333770215511322,0
4177,RCN11603,1208-PF-LA-CMPE-GENRE,Laos,ExtendedStrict,XGBoost,2,0,0.0784326046705246,0
4178,RCN11604,1208-PF-LA-CMPE-GENRE,Laos,ExtendedStrict,XGBoost,2,0,0.07741259783506393,0
4179,RCN11605,1208-PF-LA-CMPE-GENRE,Laos,ExtendedStrict,XGBoost,2,0,0.04296531528234482,0
4180,RCN11606,1208-PF-LA-CMPE-GENRE,Laos,ExtendedStrict,XGBoost,2,0,0.040937576442956924,0
4181,RCN11607,1208-PF-LA-CMPE-GENRE,Laos,ExtendedStrict,XGBoost,2,0,0.08842003345489502,0
4182,RCN11608,1208-PF-LA-CMPE-GENRE,Laos,ExtendedStrict,XGBoost,2,0,0.02128014527261257,0
4183,RCN11610,1208-PF-LA-CMPE-GENRE,Laos,ExtendedStrict,XGBoost,2,0,0.016500573605298996,0
4184,RCN11611,1208-PF-LA-CMPE-GENRE,Laos,ExtendedStrict,XGBoost,2,0,0.04979544132947922,0
4185,RCN11612,1208-PF-LA-CMPE-GENRE,Laos,ExtendedStrict,XGBoost,2,0,0.01160093117505312,0
4186,RCN11613,1208-PF-LA-CMPE-GENRE,Laos,ExtendedStrict,XGBoost,2,0,0.04062733054161072,0
4187,RCN11614,1208-PF-LA-CMPE-GENRE,Laos,ExtendedStrict,XGBoost,2,0,0.014120329171419144,0
4188,RCN11615,1208-PF-LA-CMPE-GENRE,Laos,ExtendedStrict,XGBoost,2,0,0.07741259783506393,0
4189,RCN11616,1208-PF-LA-CMPE-GENRE,Laos,ExtendedStrict,XGBoost,2,0,0.04568702355027199,0
4190,RCN11617,1208-PF-LA-CMPE-GENRE,Laos,ExtendedStrict,XGBoost,2,0,0.056118179112672806,0
4191,RCN11618,1208-PF-LA-CMPE-GENRE,Laos,ExtendedStrict,XGBoost,2,0,0.08279842883348465,0
4192,RCN11619,1208-PF-LA-CMPE-GENRE,Laos,ExtendedStrict,XGBoost,2,0,0.09582166373729706,0
4193,RCN11620,1208-PF-LA-CMPE-GENRE,Laos,ExtendedStrict,XGBoost,2,0,0.07122483104467392,0
4194,RCN11621,1208-PF-LA-CMPE-GENRE,Laos,ExtendedStrict,XGBoost,2,0,0.015047079883515835,0
4195,RCN11622,1208-PF-LA-CMPE-GENRE,Laos,ExtendedStrict,XGBoost,2,0,0.0662352442741394,0
4196,RCN11623,1208-PF-LA-CMPE-GENRE,Laos,ExtendedStrict,XGBoost,2,0,0.04333951696753502,0
4197,RCN11624,1208-PF-LA-CMPE-GENRE,Laos,ExtendedStrict,XGBoost,2,0,0.05738786980509758,0
4198,RCN11625,1208-PF-LA-CMPE-GENRE,Laos,ExtendedStrict,XGBoost,2,0,0.014120329171419144,0
4199,RCN11626,1208-PF-LA-CMPE-GENRE,Laos,ExtendedStrict,XGBoost,2,0,0.03743915259838104,0
4200,RCN11627,1208-PF-LA-CMPE-GENRE,Laos,ExtendedStrict,XGBoost,2,0,0.07741259783506393,0
4201,RCN11628,1208-PF-LA-CMPE-GENRE,Laos,ExtendedStrict,XGBoost,2,0,0.0784326046705246,0
4202,RCN11629,1208-PF-LA-CMPE-GENRE,Laos,ExtendedStrict,XGBoost,2,0,0.03663448244333267,0
4203,RCN11630,1208-PF-LA-CMPE-GENRE,Laos,ExtendedStrict,XGBoost,2,0,0.015591132454574108,0
4204,RCN11631,1208-PF-LA-CMPE-GENRE,Laos,ExtendedStrict,XGBoost,2,0,0.09854459017515182,0
4205,RCN11632,1208-PF-LA-CMPE-GENRE,Laos,ExtendedStrict,XGBoost,2,0,0.03062809817492962,0
4206,RCN11633,1208-PF-LA-CMPE-GENRE,Laos,ExtendedStrict,XGBoost,2,0,0.061328087002038956,0
4207,RCN11634,1208-PF-LA-CMPE-GENRE,Laos,ExtendedStrict,XGBoost,2,0,0.061328087002038956,0
4208,RCN11635,1208-PF-LA-CMPE-GENRE,Laos,ExtendedStrict,XGBoost,2,0,0.0533720999956131,0
4209,RCN11636,1208-PF-LA-CMPE-GENRE,Laos,ExtendedStrict,XGBoost,2,0,0.010570329613983631,0
4210,RCN11637,1208-PF-LA-CMPE-GENRE,Laos,ExtendedStrict,XGBoost,2,0,0.08340350538492203,0
4211,RCN11638,1208-PF-LA-CMPE-GENRE,Laos,ExtendedStrict,XGBoost,2,0,0.07820979505777359,0
4212,RCN11639,1208-PF-LA-CMPE-GENRE,Laos,ExtendedStrict,XGBoost,2,0,0.18619173765182495,0
4213,RCN11640,1208-PF-LA-CMPE-GENRE,Laos,ExtendedStrict,XGBoost,2,0,0.08571141213178635,0
4214,RCN11641,1208-PF-LA-CMPE-GENRE,Laos,ExtendedStrict,XGBoost,2,0,0.082551971077919,0
4215,RCN11642,1208-PF-LA-CMPE-GENRE,Laos,ExtendedStrict,XGBoost,2,0,0.04767259582877159,0
4216,RCN11643,1208-PF-LA-CMPE-GENRE,Laos,ExtendedStrict,XGBoost,2,0,0.082551971077919,0
4217,RCN11644,1208-PF-LA-CMPE-GENRE,Laos,ExtendedStrict,XGBoost,2,0,0.034769207239151,0
4218,RCN11645,1208-PF-LA-CMPE-GENRE,Laos,ExtendedStrict,XGBoost,2,0,0.017784245312213898,0
4219,RCN11646,1208-PF-LA-CMPE-GENRE,Laos,ExtendedStrict,XGBoost,2,0,0.05626970902085304,0
4220,RCN11647,1208-PF-LA-CMPE-GENRE,Laos,ExtendedStrict,XGBoost,2,0,0.07820979505777359,0
4221,RCN11648,1208-PF-LA-CMPE-GENRE,Laos,ExtendedStrict,XGBoost,2,0,0.015421525575220585,0
4222,RCN11649,1208-PF-LA-CMPE-GENRE,Laos,ExtendedStrict,XGBoost,2,0,0.015421525575220585,0
4223,RCN11650,1208-PF-LA-CMPE-GENRE,Laos,ExtendedStrict,XGBoost,2,0,0.018018318340182304,0
4224,RCN11651,1208-PF-LA-CMPE-GENRE,Laos,ExtendedStrict,XGBoost,2,0,0.07820979505777359,0
4225,RCN11652,1208-PF-LA-CMPE-GENRE,Laos,ExtendedStrict,XGBoost,2,0,0.0797184631228447,0
4226,RCN11653,1208-PF-LA-CMPE-GENRE,Laos,ExtendedStrict,XGBoost,2,0,0.06657269597053528,0
4227,RCN11654,1208-PF-LA-CMPE-GENRE,Laos,ExtendedStrict,XGBoost,2,0,0.015912722796201706,0
4228,RCN11655,1208-PF-LA-CMPE-GENRE,Laos,ExtendedStrict,XGBoost,2,0,0.07741259783506393,0
4229,RCN11658,1208-PF-LA-CMPE-GENRE,Laos,ExtendedStrict,XGBoost,2,0,0.007655804511159658,0
4230,RCN11660,1208-PF-LA-CMPE-GENRE,Laos,ExtendedStrict,XGBoost,2,0,0.007655804511159658,0
4231,RCN11661,1208-PF-LA-CMPE-GENRE,Laos,ExtendedStrict,XGBoost,2,0,0.03686464950442314,0
4232,RCN11662,1208-PF-LA-CMPE-GENRE,Laos,ExtendedStrict,XGBoost,2,0,0.027855338528752327,0
4233,RCN11663,1208-PF-LA-CMPE-GENRE,Laos,ExtendedStrict,XGBoost,2,0,0.09953591972589493,0
4234,RCN11664,1208-PF-LA-CMPE-GENRE,Laos,ExtendedStrict,XGBoost,2,0,0.09953591972589493,0
4235,RCN11665,1208-PF-LA-CMPE-GENRE,Laos,ExtendedStrict,XGBoost,2,0,0.02037467248737812,0
4236,RCN11666,1208-PF-LA-CMPE-GENRE,Laos,ExtendedStrict,XGBoost,2,0,0.017784245312213898,0
4237,RCN11667,1208-PF-LA-CMPE-GENRE,Laos,ExtendedStrict,XGBoost,2,0,0.009499980136752129,0
4238,RCN11668,1208-PF-LA-CMPE-GENRE,Laos,ExtendedStrict,XGBoost,2,0,0.02451576665043831,0
4239,RCN11669,1208-PF-LA-CMPE-GENRE,Laos,ExtendedStrict,XGBoost,2,0,0.09471899271011353,0
4240,RCN11670,1208-PF-LA-CMPE-GENRE,Laos,ExtendedStrict,XGBoost,2,0,0.07741259783506393,0
4241,RCN11671,1208-PF-LA-CMPE-GENRE,Laos,ExtendedStrict,XGBoost,2,0,0.0543053038418293,0
4242,RCN11672,1208-PF-LA-CMPE-GENRE,Laos,ExtendedStrict,XGBoost,2,0,0.0797184631228447,0
4243,RCN11673,1208-PF-LA-CMPE-GENRE,Laos,ExtendedStrict,XGBoost,2,0,0.009499980136752129,0
4244,RCN11674,1208-PF-LA-CMPE-GENRE,Laos,ExtendedStrict,XGBoost,2,0,0.020206592977046967,0
4245,RCN11675,1208-PF-LA-CMPE-GENRE,Laos,ExtendedStrict,XGBoost,2,0,0.023240046575665474,0
4246,RCN11676,1208-PF-LA-CMPE-GENRE,Laos,ExtendedStrict,XGBoost,2,0,0.015047079883515835,0
4247,RCN11677,1208-PF-LA-CMPE-GENRE,Laos,ExtendedStrict,XGBoost,2,0,0.07564858347177505,0
4248,RCN11678,1208-PF-LA-CMPE-GENRE,Laos,ExtendedStrict,XGBoost,2,0,0.061328087002038956,0
4249,RCN11679,1208-PF-LA-CMPE-GENRE,Laos,ExtendedStrict,XGBoost,2,0,0.061328087002038956,0
4250,RCN11680,1208-PF-LA-CMPE-GENRE,Laos,ExtendedStrict,XGBoost,2,0,0.07820979505777359,0
4251,RCN11681,1208-PF-LA-CMPE-GENRE,Laos,ExtendedStrict,XGBoost,2,0,0.019171424210071564,0
4252,RCN11682,1208-PF-LA-CMPE-GENRE,Laos,ExtendedStrict,XGBoost,2,0,0.07122483104467392,0
4253,RCN11684,1208-PF-LA-CMPE-GENRE,Laos,ExtendedStrict,XGBoost,2,0,0.056118179112672806,0
4254,RCN11685,1208-PF-LA-CMPE-GENRE,Laos,ExtendedStrict,XGBoost,2,0,0.019171424210071564,0
4255,RCN11687,1208-PF-LA-CMPE-GENRE,Laos,ExtendedStrict,XGBoost,2,0,0.025088248774409294,0
4256,RCN11688,1208-PF-LA-CMPE-GENRE,Laos,ExtendedStrict,XGBoost,2,0,0.019171424210071564,0
4257,RCN11689,1208-PF-LA-CMPE-GENRE,Laos,ExtendedStrict,XGBoost,2,0,0.019387217238545418,0
4258,RCN11691,1208-PF-LA-CMPE-GENRE,Laos,ExtendedStrict,XGBoost,2,0,0.019171424210071564,0
4259,RCN11692,1208-PF-LA-CMPE-GENRE,Laos,ExtendedStrict,XGBoost,2,0,0.02037467248737812,0
4260,RCN11693,1208-PF-LA-CMPE-GENRE,Laos,ExtendedStrict,XGBoost,2,0,0.022969044744968414,0
4261,RCN11694,1208-PF-LA-CMPE-GENRE,Laos,ExtendedStrict,XGBoost,2,0,0.053800713270902634,0
4262,RCN11695,1208-PF-LA-CMPE-GENRE,Laos,ExtendedStrict,XGBoost,2,0,0.021902861073613167,0
4263,RCN11696,1208-PF-LA-CMPE-GENRE,Laos,ExtendedStrict,XGBoost,2,0,0.025088248774409294,0
4264,RCN11699,1208-PF-LA-CMPE-GENRE,Laos,ExtendedStrict,XGBoost,2,0,0.07741259783506393,0
4265,RCN11700,1208-PF-LA-CMPE-GENRE,Laos,ExtendedStrict,XGBoost,2,0,0.01063836831599474,0
4266,RCN11701,1208-PF-LA-CMPE-GENRE,Laos,ExtendedStrict,XGBoost,2,0,0.0797184631228447,0
4267,RCN11702,1208-PF-LA-CMPE-GENRE,Laos,ExtendedStrict,XGBoost,2,0,0.07820979505777359,0
4268,RCN11703,1208-PF-LA-CMPE-GENRE,Laos,ExtendedStrict,XGBoost,2,0,0.015591132454574108,0
4269,RCN11704,1208-PF-LA-CMPE-GENRE,Laos,ExtendedStrict,XGBoost,2,0,0.07820979505777359,0
4270,RCN11706,1208-PF-LA-CMPE-GENRE,Laos,ExtendedStrict,XGBoost,2,0,0.07820979505777359,0
4271,RCN11707,1208-PF-LA-CMPE-GENRE,Laos,ExtendedStrict,XGBoost,2,0,0.061328087002038956,0
4272,RCN11708,1208-PF-LA-CMPE-GENRE,Laos,ExtendedStrict,XGBoost,2,0,0.02451576665043831,0
4273,RCN11709,1208-PF-LA-CMPE-GENRE,Laos,ExtendedStrict,XGBoost,2,0,0.03335679695010185,0
4274,RCN11710,1208-PF-LA-CMPE-GENRE,Laos,ExtendedStrict,XGBoost,2,0,0.015638569369912148,0
4275,RCN11711,1208-PF-LA-CMPE-GENRE,Laos,ExtendedStrict,XGBoost,2,0,0.053800713270902634,0
4276,RCN11712,1208-PF-LA-CMPE-GENRE,Laos,ExtendedStrict,XGBoost,2,0,0.07530829310417175,0
4277,RCN11713,1208-PF-LA-CMPE-GENRE,Laos,ExtendedStrict,XGBoost,2,0,0.03335679695010185,0
4278,RCN11714,1208-PF-LA-CMPE-GENRE,Laos,ExtendedStrict,XGBoost,2,0,0.014951004646718502,0
4279,RCN11715,1208-PF-LA-CMPE-GENRE,Laos,ExtendedStrict,XGBoost,2,0,0.021510694175958633,0
4280,RCN11716,1208-PF-LA-CMPE-GENRE,Laos,ExtendedStrict,XGBoost,2,0,0.07533718645572662,0
4281,RCN11722,1208-PF-LA-CMPE-GENRE,Laos,ExtendedStrict,XGBoost,2,0,0.011586135253310204,0
4282,RCN11723,1208-PF-LA-CMPE-GENRE,Laos,ExtendedStrict,XGBoost,2,0,0.011586135253310204,0
4283,RCN11725,1208-PF-LA-CMPE-GENRE,Laos,ExtendedStrict,XGBoost,2,0,0.03663448244333267,0
4284,RCN11726,1208-PF-LA-CMPE-GENRE,Laos,ExtendedStrict,XGBoost,2,0,0.022657059133052826,0
4285,RCN11727,1208-PF-LA-CMPE-GENRE,Laos,ExtendedStrict,XGBoost,2,0,0.022657059133052826,0
4286,RCN11730,1208-PF-LA-CMPE-GENRE,Laos,ExtendedStrict,XGBoost,2,0,0.015638569369912148,0
4287,RCN11731,1208-PF-LA-CMPE-GENRE,Laos,ExtendedStrict,XGBoost,2,0,0.017784245312213898,0
4288,RCN11732,1208-PF-LA-CMPE-GENRE,Laos,ExtendedStrict,XGBoost,2,0,0.015591132454574108,0
4289,RCN11740,1208-PF-LA-CMPE-GENRE,Laos,ExtendedStrict,XGBoost,2,0,0.027067895978689194,0
4290,RCN11741,1208-PF-LA-CMPE-GENRE,Laos,ExtendedStrict,XGBoost,2,0,0.03663448244333267,0
4291,RCN11742,1208-PF-LA-CMPE-GENRE,Laos,ExtendedStrict,XGBoost,2,0,0.07079590857028961,0
4292,RCN11743,1208-PF-LA-CMPE-GENRE,Laos,ExtendedStrict,XGBoost,2,0,0.03748881816864014,0
4293,RCN11747,1208-PF-LA-CMPE-GENRE,Laos,ExtendedStrict,XGBoost,2,1,0.23818564414978027,0
4294,RCN11748,1208-PF-LA-CMPE-GENRE,Laos,ExtendedStrict,XGBoost,2,1,0.22379428148269653,0
4295,RCN11749,1208-PF-LA-CMPE-GENRE,Laos,ExtendedStrict,XGBoost,2,1,0.1935844123363495,0
4296,RCN11751,1208-PF-LA-CMPE-GENRE,Laos,ExtendedStrict,XGBoost,2,1,0.19668613374233246,0
4297,RCN11752,1208-PF-LA-CMPE-GENRE,Laos,ExtendedStrict,XGBoost,2,1,0.17882812023162842,0
4298,RCN11754,1208-PF-LA-CMPE-GENRE,Laos,ExtendedStrict,XGBoost,2,0,0.017784245312213898,0
4299,RCN11755,1208-PF-LA-CMPE-GENRE,Laos,ExtendedStrict,XGBoost,2,0,0.006720359902828932,0
4300,RCN11756,1208-PF-LA-CMPE-GENRE,Laos,ExtendedStrict,XGBoost,2,0,0.017784245312213898,0
4301,RCN11758,1208-PF-LA-CMPE-GENRE,Laos,ExtendedStrict,XGBoost,2,0,0.015591132454574108,0
4302,RCN11759,1208-PF-LA-CMPE-GENRE,Laos,ExtendedStrict,XGBoost,2,0,0.017784245312213898,0
4303,RCN11760,1208-PF-LA-CMPE-GENRE,Laos,ExtendedStrict,XGBoost,2,0,0.0482378788292408,0
4304,RCN11761,1208-PF-LA-CMPE-GENRE,Laos,ExtendedStrict,XGBoost,2,0,0.16658338904380798,0
4305,RCN11762,1208-PF-LA-CMPE-GENRE,Laos,ExtendedStrict,XGBoost,2,0,0.015591132454574108,0
4306,RCN11764,1208-PF-LA-CMPE-GENRE,Laos,ExtendedStrict,XGBoost,2,0,0.3644062876701355,0
4307,RCN11765,1208-PF-LA-CMPE-GENRE,Laos,ExtendedStrict,XGBoost,2,1,0.7420591115951538,1
4308,RCN11766,1208-PF-LA-CMPE-GENRE,Laos,ExtendedStrict,XGBoost,2,1,0.5811596512794495,1
4309,RCN11767,1208-PF-LA-CMPE-GENRE,Laos,ExtendedStrict,XGBoost,2,0,0.04979544132947922,0
4310,RCN11768,1208-PF-LA-CMPE-GENRE,Laos,ExtendedStrict,XGBoost,2,0,0.046353939920663834,0
4311,RCN11769,1208-PF-LA-CMPE-GENRE,Laos,ExtendedStrict,XGBoost,2,1,0.5811596512794495,1
4312,RCN11770,1208-PF-LA-CMPE-GENRE,Laos,ExtendedStrict,XGBoost,2,1,0.5435399413108826,1
4313,RCN11771,1208-PF-LA-CMPE-GENRE,Laos,ExtendedStrict,XGBoost,2,1,0.5811596512794495,1
4314,RCN11772,1208-PF-LA-CMPE-GENRE,Laos,ExtendedStrict,XGBoost,2,1,0.3189501464366913,0
4315,RCN11773,1208-PF-LA-CMPE-GENRE,Laos,ExtendedStrict,XGBoost,2,1,0.22379428148269653,0
4316,RCN11774,1208-PF-LA-CMPE-GENRE,Laos,ExtendedStrict,XGBoost,2,1,0.22173632681369781,0
4317,RCN11776,1208-PF-LA-CMPE-GENRE,Laos,ExtendedStrict,XGBoost,2,1,0.23818564414978027,0
4318,RCN11777,1208-PF-LA-CMPE-GENRE,Laos,ExtendedStrict,XGBoost,2,0,0.017784245312213898,0
4319,RCN11778,1208-PF-LA-CMPE-GENRE,Laos,ExtendedStrict,XGBoost,2,0,0.04634832963347435,0
4320,RCN11779,1208-PF-LA-CMPE-GENRE,Laos,ExtendedStrict,XGBoost,2,0,0.16658338904380798,0
4321,RCN11780,1208-PF-LA-CMPE-GENRE,Laos,ExtendedStrict,XGBoost,2,0,0.34435099363327026,0
4322,RCN11781,1208-PF-LA-CMPE-GENRE,Laos,ExtendedStrict,XGBoost,2,0,0.021273378282785416,0
4323,RCN11782,1208-PF-LA-CMPE-GENRE,Laos,ExtendedStrict,XGBoost,2,0,0.34585079550743103,0
4324,RCN11783,1208-PF-LA-CMPE-GENRE,Laos,ExtendedStrict,XGBoost,2,0,0.028942305594682693,0
4325,RCN11784,1208-PF-LA-CMPE-GENRE,Laos,ExtendedStrict,XGBoost,2,1,0.038725633174180984,0
4326,RCN11786,1208-PF-LA-CMPE-GENRE,Laos,ExtendedStrict,XGBoost,2,0,0.015591132454574108,0
4327,RCN11787,1208-PF-LA-CMPE-GENRE,Laos,ExtendedStrict,XGBoost,2,0,0.022959735244512558,0
4328,RCN11789,1208-PF-LA-CMPE-GENRE,Laos,ExtendedStrict,XGBoost,2,0,0.03014962188899517,0
4329,RCN11790,1208-PF-LA-CMPE-GENRE,Laos,ExtendedStrict,XGBoost,2,0,0.015591132454574108,0
4330,RCN11792,1208-PF-LA-CMPE-GENRE,Laos,ExtendedStrict,XGBoost,2,0,0.25783100724220276,0
4331,RCN11793,1208-PF-LA-CMPE-GENRE,Laos,ExtendedStrict,XGBoost,2,0,0.08949904143810272,0
4332,RCN11795,1208-PF-LA-CMPE-GENRE,Laos,ExtendedStrict,XGBoost,2,0,0.10024896264076233,0
4333,RCN11796,1208-PF-LA-CMPE-GENRE,Laos,ExtendedStrict,XGBoost,2,1,0.03157569468021393,0
4334,RCN11797,1208-PF-LA-CMPE-GENRE,Laos,ExtendedStrict,XGBoost,2,0,0.07079590857028961,0
4335,RCN11798,1208-PF-LA-CMPE-GENRE,Laos,ExtendedStrict,XGBoost,2,0,0.02037467248737812,0
4336,RCN11799,1208-PF-LA-CMPE-GENRE,Laos,ExtendedStrict,XGBoost,2,1,0.03157569468021393,0
4337,RCN11800,1208-PF-LA-CMPE-GENRE,Laos,ExtendedStrict,XGBoost,2,0,0.030684176832437515,0
4338,RCN11801,1208-PF-LA-CMPE-GENRE,Laos,ExtendedStrict,XGBoost,2,0,0.35978811979293823,0
4339,RCN11802,1208-PF-LA-CMPE-GENRE,Laos,ExtendedStrict,XGBoost,2,0,0.4697149991989136,0
4340,RCN11803,1208-PF-LA-CMPE-GENRE,Laos,ExtendedStrict,XGBoost,2,1,0.03582844138145447,0
4341,RCN11804,1208-PF-LA-CMPE-GENRE,Laos,ExtendedStrict,XGBoost,2,1,0.011028939858078957,0
4342,RCN11805,1208-PF-LA-CMPE-GENRE,Laos,ExtendedStrict,XGBoost,2,0,0.04465063288807869,0
4343,RCN11806,1208-PF-LA-CMPE-GENRE,Laos,ExtendedStrict,XGBoost,2,0,0.010381556116044521,0
4344,RCN11807,1208-PF-LA-CMPE-GENRE,Laos,ExtendedStrict,XGBoost,2,0,0.03557815030217171,0
4345,RCN11808,1208-PF-LA-CMPE-GENRE,Laos,ExtendedStrict,XGBoost,2,0,0.006626250222325325,0
4346,RCN11809,1208-PF-LA-CMPE-GENRE,Laos,ExtendedStrict,XGBoost,2,0,0.018306486308574677,0
4347,RCN11810,1208-PF-LA-CMPE-GENRE,Laos,ExtendedStrict,XGBoost,2,0,0.039669327437877655,0
4348,RCN11811,1208-PF-LA-CMPE-GENRE,Laos,ExtendedStrict,XGBoost,2,0,0.012357091531157494,0
4349,RCN11812,1208-PF-LA-CMPE-GENRE,Laos,ExtendedStrict,XGBoost,2,0,0.07820979505777359,0
4350,RCN11813,1208-PF-LA-CMPE-GENRE,Laos,ExtendedStrict,XGBoost,2,1,0.6122859716415405,1
4351,RCN11816,1208-PF-LA-CMPE-GENRE,Laos,ExtendedStrict,XGBoost,2,1,0.6069967150688171,1
4352,RCN11817,1208-PF-LA-CMPE-GENRE,Laos,ExtendedStrict,XGBoost,2,1,0.6069967150688171,1
4353,RCN11819,1208-PF-LA-CMPE-GENRE,Laos,ExtendedStrict,XGBoost,2,0,0.0342993326485157,0
4354,RCN11820,1208-PF-LA-CMPE-GENRE,Laos,ExtendedStrict,XGBoost,2,0,0.032012760639190674,0
4355,RCN11822,1208-PF-LA-CMPE-GENRE,Laos,ExtendedStrict,XGBoost,2,1,0.5942657589912415,1
4356,RCN11823,1208-PF-LA-CMPE-GENRE,Laos,ExtendedStrict,XGBoost,2,1,0.5958325266838074,1
4357,RCN11824,1208-PF-LA-CMPE-GENRE,Laos,ExtendedStrict,XGBoost,2,1,0.5825757384300232,1
4358,RCN11827,1208-PF-LA-CMPE-GENRE,Laos,ExtendedStrict,XGBoost,2,1,0.6069967150688171,1
4359,RCN11828,1208-PF-LA-CMPE-GENRE,Laos,ExtendedStrict,XGBoost,2,1,0.6069967150688171,1
4360,RCN11829,1208-PF-LA-CMPE-GENRE,Laos,ExtendedStrict,XGBoost,2,0,0.05924973636865616,0
4361,RCN11830,1208-PF-LA-CMPE-GENRE,Laos,ExtendedStrict,XGBoost,2,1,0.9982157945632935,1
4362,RCN11831,1208-PF-LA-CMPE-GENRE,Laos,ExtendedStrict,XGBoost,2,1,0.9987371563911438,1
4363,RCN11833,1208-PF-LA-CMPE-GENRE,Laos,ExtendedStrict,XGBoost,2,0,0.787653386592865,1
4364,RCN11834,1208-PF-LA-CMPE-GENRE,Laos,ExtendedStrict,XGBoost,2,1,0.40629157423973083,0
4365,RCN11835,1208-PF-LA-CMPE-GENRE,Laos,ExtendedStrict,XGBoost,2,0,0.10901176929473877,0
4366,RCN11836,1208-PF-LA-CMPE-GENRE,Laos,ExtendedStrict,XGBoost,2,1,0.6605860590934753,1
4367,RCN11837,1208-PF-LA-CMPE-GENRE,Laos,ExtendedStrict,XGBoost,2,1,0.6676912307739258,1
4368,RCN11839,1208-PF-LA-CMPE-GENRE,Laos,ExtendedStrict,XGBoost,2,1,0.9781382083892822,1
4369,RCN11840,1208-PF-LA-CMPE-GENRE,Laos,ExtendedStrict,XGBoost,2,1,0.9693722128868103,1
4370,RCN11841,1208-PF-LA-CMPE-GENRE,Laos,ExtendedStrict,XGBoost,2,1,0.703967809677124,1
4371,RCN11843,1208-PF-LA-CMPE-GENRE,Laos,ExtendedStrict,XGBoost,2,0,0.24406279623508453,0
4372,RCN11844,1208-PF-LA-CMPE-GENRE,Laos,ExtendedStrict,XGBoost,2,0,0.3232831656932831,0
4373,RCN11845,1208-PF-LA-CMPE-GENRE,Laos,ExtendedStrict,XGBoost,2,1,0.9966943264007568,1
4374,RCN11847,1208-PF-LA-CMPE-GENRE,Laos,ExtendedStrict,XGBoost,2,1,0.7115392684936523,1
4375,RCN11848,1208-PF-LA-CMPE-GENRE,Laos,ExtendedStrict,XGBoost,2,0,0.06362408399581909,0
4376,RCN11849,1208-PF-LA-CMPE-GENRE,Laos,ExtendedStrict,XGBoost,2,0,0.24651886522769928,0
4377,RCN11850,1208-PF-LA-CMPE-GENRE,Laos,ExtendedStrict,XGBoost,2,1,0.9964564442634583,1
4378,RCN11852,1208-PF-LA-CMPE-GENRE,Laos,ExtendedStrict,XGBoost,2,1,0.9972881078720093,1
4379,RCN11854,1208-PF-LA-CMPE-GENRE,Laos,ExtendedStrict,XGBoost,2,1,0.9959099292755127,1
4380,RCN11855,1208-PF-LA-CMPE-GENRE,Laos,ExtendedStrict,XGBoost,2,1,0.9456896781921387,1
4381,RCN11856,1208-PF-LA-CMPE-GENRE,Laos,ExtendedStrict,XGBoost,2,1,0.995772659778595,1
4382,RCN11859,1208-PF-LA-CMPE-GENRE,Laos,ExtendedStrict,XGBoost,2,1,0.996566891670227,1
4383,RCN11862,1208-PF-LA-CMPE-GENRE,Laos,ExtendedStrict,XGBoost,2,1,0.9982157945632935,1
4384,RCN11863,1208-PF-LA-CMPE-GENRE,Laos,ExtendedStrict,XGBoost,2,1,0.9966288208961487,1
4385,RCN11864,1208-PF-LA-CMPE-GENRE,Laos,ExtendedStrict,XGBoost,2,1,0.996986448764801,1
4386,RCN11865,1208-PF-LA-CMPE-GENRE,Laos,ExtendedStrict,XGBoost,2,1,0.9966589212417603,1
4387,RCN11866,1208-PF-LA-CMPE-GENRE,Laos,ExtendedStrict,XGBoost,2,1,0.996986448764801,1
4388,RCN11868,1208-PF-LA-CMPE-GENRE,Laos,ExtendedStrict,XGBoost,2,0,0.37697866559028625,0
4389,RCN11869,1208-PF-LA-CMPE-GENRE,Laos,ExtendedStrict,XGBoost,2,1,0.9959099292755127,1
4390,RCN11870,1208-PF-LA-CMPE-GENRE,Laos,ExtendedStrict,XGBoost,2,1,0.9961710572242737,1
4391,RCN11871,1208-PF-LA-CMPE-GENRE,Laos,ExtendedStrict,XGBoost,2,1,0.9984285235404968,1
4392,RCN11872,1208-PF-LA-CMPE-GENRE,Laos,ExtendedStrict,XGBoost,2,1,0.9966268539428711,1
4393,RCN11873,1208-PF-LA-CMPE-GENRE,Laos,ExtendedStrict,XGBoost,2,1,0.9966288208961487,1
4394,RCN11874,1208-PF-LA-CMPE-GENRE,Laos,ExtendedStrict,XGBoost,2,1,0.9952704310417175,1
4395,RCN11875,1208-PF-LA-CMPE-GENRE,Laos,ExtendedStrict,XGBoost,2,1,0.9988172650337219,1
4396,RCN11876,1208-PF-LA-CMPE-GENRE,Laos,ExtendedStrict,XGBoost,2,1,0.9954643845558167,1
4397,RCN11877,1208-PF-LA-CMPE-GENRE,Laos,ExtendedStrict,XGBoost,2,1,0.9958462119102478,1
4398,RCN11878,1208-PF-LA-CMPE-GENRE,Laos,ExtendedStrict,XGBoost,2,1,0.9982157945632935,1
4399,RCN11879,1208-PF-LA-CMPE-GENRE,Laos,ExtendedStrict,XGBoost,2,0,0.981143593788147,1
4400,RCN11880,1208-PF-LA-CMPE-GENRE,Laos,ExtendedStrict,XGBoost,2,1,0.7852520942687988,1
4401,RCN11881,1208-PF-LA-CMPE-GENRE,Laos,ExtendedStrict,XGBoost,2,0,0.06961431354284286,0
4402,RCN11882,1208-PF-LA-CMPE-GENRE,Laos,ExtendedStrict,XGBoost,2,1,0.9966738224029541,1
4403,RCN11883,1208-PF-LA-CMPE-GENRE,Laos,ExtendedStrict,XGBoost,2,1,0.9967405200004578,1
4404,RCN11884,1208-PF-LA-CMPE-GENRE,Laos,ExtendedStrict,XGBoost,2,0,0.23323364555835724,0
4405,RCN11885,1208-PF-LA-CMPE-GENRE,Laos,ExtendedStrict,XGBoost,2,1,0.9693722128868103,1
4406,RCN11886,1208-PF-LA-CMPE-GENRE,Laos,ExtendedStrict,XGBoost,2,0,0.24570561945438385,0
4407,RCN11887,1208-PF-LA-CMPE-GENRE,Laos,ExtendedStrict,XGBoost,2,0,0.1859118938446045,0
4408,RCN11888,1208-PF-LA-CMPE-GENRE,Laos,ExtendedStrict,XGBoost,2,1,0.8822131752967834,1
4409,RCN11889,1208-PF-LA-CMPE-GENRE,Laos,ExtendedStrict,XGBoost,2,0,0.005667921621352434,0
4410,RCN11890,1208-PF-LA-CMPE-GENRE,Laos,ExtendedStrict,XGBoost,2,1,0.9978604912757874,1
4411,RCN11891,1208-PF-LA-CMPE-GENRE,Laos,ExtendedStrict,XGBoost,2,1,0.9983945488929749,1
4412,RCN11892,1208-PF-LA-CMPE-GENRE,Laos,ExtendedStrict,XGBoost,2,1,0.9986276626586914,1
4413,RCN11893,1208-PF-LA-CMPE-GENRE,Laos,ExtendedStrict,XGBoost,2,1,0.6727038621902466,1
4414,RCN11895,1208-PF-LA-CMPE-GENRE,Laos,ExtendedStrict,XGBoost,2,1,0.9986270666122437,1
4415,RCN11896,1208-PF-LA-CMPE-GENRE,Laos,ExtendedStrict,XGBoost,2,1,0.8216958045959473,1
4416,RCN11897,1208-PF-LA-CMPE-GENRE,Laos,ExtendedStrict,XGBoost,2,0,0.22642497718334198,0
4417,RCN11898,1208-PF-LA-CMPE-GENRE,Laos,ExtendedStrict,XGBoost,2,0,0.2013453096151352,0
4418,RCN11899,1208-PF-LA-CMPE-GENRE,Laos,ExtendedStrict,XGBoost,2,0,0.15515802800655365,0
4419,RCN11900,1208-PF-LA-CMPE-GENRE,Laos,ExtendedStrict,XGBoost,2,1,0.7589497566223145,1
4420,RCN11901,1208-PF-LA-CMPE-GENRE,Laos,ExtendedStrict,XGBoost,2,0,0.1354198008775711,0
4421,RCN11903,1208-PF-LA-CMPE-GENRE,Laos,ExtendedStrict,XGBoost,2,1,0.9966288208961487,1
4422,RCN11904,1208-PF-LA-CMPE-GENRE,Laos,ExtendedStrict,XGBoost,2,0,0.13041704893112183,0
4423,RCN11905,1208-PF-LA-CMPE-GENRE,Laos,ExtendedStrict,XGBoost,2,0,0.19904524087905884,0
4424,RCN11906,1208-PF-LA-CMPE-GENRE,Laos,ExtendedStrict,XGBoost,2,1,0.8216958045959473,1
4425,RCN11907,1208-PF-LA-CMPE-GENRE,Laos,ExtendedStrict,XGBoost,2,0,0.08500731736421585,0
4426,RCN11908,1208-PF-LA-CMPE-GENRE,Laos,ExtendedStrict,XGBoost,2,0,0.09690386801958084,0
4427,RCN11909,1208-PF-LA-CMPE-GENRE,Laos,ExtendedStrict,XGBoost,2,1,0.8216958045959473,1
4428,RCN11910,1208-PF-LA-CMPE-GENRE,Laos,ExtendedStrict,XGBoost,2,0,0.07338377088308334,0
4429,RCN11913,1208-PF-LA-CMPE-GENRE,Laos,ExtendedStrict,XGBoost,2,1,0.09475432336330414,0
4430,RCN11914,1208-PF-LA-CMPE-GENRE,Laos,ExtendedStrict,XGBoost,2,0,0.06124769523739815,0
4431,RCN11915,1208-PF-LA-CMPE-GENRE,Laos,ExtendedStrict,XGBoost,2,1,0.9980939030647278,1
4432,RCN11916,1208-PF-LA-CMPE-GENRE,Laos,ExtendedStrict,XGBoost,2,1,0.9982157945632935,1
4433,RCN11917,1208-PF-LA-CMPE-GENRE,Laos,ExtendedStrict,XGBoost,2,0,0.23943819105625153,0
4434,RCN11918,1208-PF-LA-CMPE-GENRE,Laos,ExtendedStrict,XGBoost,2,1,0.9965180158615112,1
4435,RCN11919,1208-PF-LA-CMPE-GENRE,Laos,ExtendedStrict,XGBoost,2,1,0.9961011409759521,1
4436,RCN11920,1208-PF-LA-CMPE-GENRE,Laos,ExtendedStrict,XGBoost,2,0,0.23082685470581055,0
4437,RCN11921,1208-PF-LA-CMPE-GENRE,Laos,ExtendedStrict,XGBoost,2,0,0.01891268417239189,0
4438,RCN11922,1208-PF-LA-CMPE-GENRE,Laos,ExtendedStrict,XGBoost,2,1,0.9977430105209351,1
4439,RCN11923,1208-PF-LA-CMPE-GENRE,Laos,ExtendedStrict,XGBoost,2,0,0.2020283192396164,0
4440,RCN11924,1208-PF-LA-CMPE-GENRE,Laos,ExtendedStrict,XGBoost,2,1,0.9938459992408752,1
4441,RCN11925,1208-PF-LA-CMPE-GENRE,Laos,ExtendedStrict,XGBoost,2,0,0.1661520004272461,0
4442,RCN11926,1208-PF-LA-CMPE-GENRE,Laos,ExtendedStrict,XGBoost,2,1,0.8186341524124146,1
4443,RCN11927,1208-PF-LA-CMPE-GENRE,Laos,ExtendedStrict,XGBoost,2,0,0.48570549488067627,0
4444,RCN11928,1208-PF-LA-CMPE-GENRE,Laos,ExtendedStrict,XGBoost,2,1,0.996986448764801,1
4445,RCN11929,1208-PF-LA-CMPE-GENRE,Laos,ExtendedStrict,XGBoost,2,1,0.9969937801361084,1
4446,RCN11930,1208-PF-LA-CMPE-GENRE,Laos,ExtendedStrict,XGBoost,2,0,0.787653386592865,1
4447,RCN11931,1208-PF-LA-CMPE-GENRE,Laos,ExtendedStrict,XGBoost,2,0,0.787653386592865,1
4448,RCN11933,1208-PF-LA-CMPE-GENRE,Laos,ExtendedStrict,XGBoost,2,1,0.9959099292755127,1
4449,RCN11936,1208-PF-LA-CMPE-GENRE,Laos,ExtendedStrict,XGBoost,2,1,0.9949933886528015,1
4450,RCN11937,1208-PF-LA-CMPE-GENRE,Laos,ExtendedStrict,XGBoost,2,0,0.1616572141647339,0
4451,RCN11939,1208-PF-LA-CMPE-GENRE,Laos,ExtendedStrict,XGBoost,2,1,0.9948581457138062,1
4452,RCN11940,1208-PF-LA-CMPE-GENRE,Laos,ExtendedStrict,XGBoost,2,1,0.9982157945632935,1
4883,RCN13263,1208-PF-LA-CMPE-GENRE,Laos,ExtendedStrict,XGBoost,2,0,0.008310601115226746,0
4884,RCN13264,1208-PF-LA-CMPE-GENRE,Laos,ExtendedStrict,XGBoost,2,0,0.008310601115226746,0
4885,RCN13265,1208-PF-LA-CMPE-GENRE,Laos,ExtendedStrict,XGBoost,2,0,0.014989803545176983,0
4886,RCN13266,1208-PF-LA-CMPE-GENRE,Laos,ExtendedStrict,XGBoost,2,0,0.07374449819326401,0
4887,RCN13267,1208-PF-LA-CMPE-GENRE,Laos,ExtendedStrict,XGBoost,2,0,0.02522573620080948,0
4888,RCN13268,1208-PF-LA-CMPE-GENRE,Laos,ExtendedStrict,XGBoost,2,0,0.3744993805885315,0
4889,RCN13269,1208-PF-LA-CMPE-GENRE,Laos,ExtendedStrict,XGBoost,2,0,0.030966157093644142,0
4890,RCN13270,1208-PF-LA-CMPE-GENRE,Laos,ExtendedStrict,XGBoost,2,0,0.008310601115226746,0
4891,RCN13271,1208-PF-LA-CMPE-GENRE,Laos,ExtendedStrict,XGBoost,2,0,0.012277987785637379,0
4892,RCN13272,1208-PF-LA-CMPE-GENRE,Laos,ExtendedStrict,XGBoost,2,0,0.013653816655278206,0
4893,RCN13273,1208-PF-LA-CMPE-GENRE,Laos,ExtendedStrict,XGBoost,2,0,0.01527355145663023,0
4894,RCN13274,1208-PF-LA-CMPE-GENRE,Laos,ExtendedStrict,XGBoost,2,0,0.00765193672850728,0
4895,RCN13275,1208-PF-LA-CMPE-GENRE,Laos,ExtendedStrict,XGBoost,2,0,0.013653816655278206,0
4896,RCN13276,1208-PF-LA-CMPE-GENRE,Laos,ExtendedStrict,XGBoost,2,0,0.00765193672850728,0
4897,RCN13277,1208-PF-LA-CMPE-GENRE,Laos,ExtendedStrict,XGBoost,2,0,0.012357091531157494,0
4898,RCN13278,1208-PF-LA-CMPE-GENRE,Laos,ExtendedStrict,XGBoost,2,0,0.012357091531157494,0
4899,RCN13279,1208-PF-LA-CMPE-GENRE,Laos,ExtendedStrict,XGBoost,2,0,0.008779698051512241,0
4900,RCN13280,1208-PF-LA-CMPE-GENRE,Laos,ExtendedStrict,XGBoost,2,0,0.013653816655278206,0
4901,RCN13281,1208-PF-LA-CMPE-GENRE,Laos,ExtendedStrict,XGBoost,2,0,0.012357091531157494,0
4902,RCN13282,1208-PF-LA-CMPE-GENRE,Laos,ExtendedStrict,XGBoost,2,0,0.006720359902828932,0
4903,RCN13283,1208-PF-LA-CMPE-GENRE,Laos,ExtendedStrict,XGBoost,2,0,0.007054062560200691,0
4904,RCN13284,1208-PF-LA-CMPE-GENRE,Laos,ExtendedStrict,XGBoost,2,0,0.0314132459461689,0
4905,RCN13285,1208-PF-LA-CMPE-GENRE,Laos,ExtendedStrict,XGBoost,2,0,0.030966157093644142,0
4906,RCN13286,1208-PF-LA-CMPE-GENRE,Laos,ExtendedStrict,XGBoost,2,0,0.012357091531157494,0
4907,RCN13287,1208-PF-LA-CMPE-GENRE,Laos,ExtendedStrict,XGBoost,2,0,0.03487318381667137,0
4908,RCN13288,1208-PF-LA-CMPE-GENRE,Laos,ExtendedStrict,XGBoost,2,0,0.013653816655278206,0
4909,RCN13289,1208-PF-LA-CMPE-GENRE,Laos,ExtendedStrict,XGBoost,2,0,0.006699783727526665,0
4910,RCN13290,1208-PF-LA-CMPE-GENRE,Laos,ExtendedStrict,XGBoost,2,0,0.013505001552402973,0
4911,RCN13291,1208-PF-LA-CMPE-GENRE,Laos,ExtendedStrict,XGBoost,2,0,0.014979345723986626,0
4912,RCN13292,1208-PF-LA-CMPE-GENRE,Laos,ExtendedStrict,XGBoost,2,0,0.03487318381667137,0
4913,RCN13293,1208-PF-LA-CMPE-GENRE,Laos,ExtendedStrict,XGBoost,2,0,0.015655040740966797,0
4914,RCN13294,1208-PF-LA-CMPE-GENRE,Laos,ExtendedStrict,XGBoost,2,0,0.015484750270843506,0
4915,RCN13295,1208-PF-LA-CMPE-GENRE,Laos,ExtendedStrict,XGBoost,2,0,0.016631947830319405,0
4916,RCN13296,1208-PF-LA-CMPE-GENRE,Laos,ExtendedStrict,XGBoost,2,0,0.007753702346235514,0
4917,RCN13297,1208-PF-LA-CMPE-GENRE,Laos,ExtendedStrict,XGBoost,2,0,0.015702668577432632,0
4918,RCN13298,1208-PF-LA-CMPE-GENRE,Laos,ExtendedStrict,XGBoost,2,0,0.015655040740966797,0
4919,RCN13299,1208-PF-LA-CMPE-GENRE,Laos,ExtendedStrict,XGBoost,2,0,0.015977943316102028,0
4920,RCN13300,1208-PF-LA-CMPE-GENRE,Laos,ExtendedStrict,XGBoost,2,0,0.015655040740966797,0
4921,RCN13301,1208-PF-LA-CMPE-GENRE,Laos,ExtendedStrict,XGBoost,2,0,0.019807089120149612,0
4922,RCN13302,1208-PF-LA-CMPE-GENRE,Laos,ExtendedStrict,XGBoost,2,0,0.00765193672850728,0
4923,RCN13303,1208-PF-LA-CMPE-GENRE,Laos,ExtendedStrict,XGBoost,2,0,0.006699783727526665,0
4924,RCN13304,1208-PF-LA-CMPE-GENRE,Laos,ExtendedStrict,XGBoost,2,0,0.006720359902828932,0
4925,RCN13305,1208-PF-LA-CMPE-GENRE,Laos,ExtendedStrict,XGBoost,2,0,0.00765193672850728,0
4926,RCN13306,1208-PF-LA-CMPE-GENRE,Laos,ExtendedStrict,XGBoost,2,0,0.006720359902828932,0
4927,RCN13307,1208-PF-LA-CMPE-GENRE,Laos,ExtendedStrict,XGBoost,2,0,0.004640841390937567,0
4928,RCN13308,1208-PF-LA-CMPE-GENRE,Laos,ExtendedStrict,XGBoost,2,0,0.0068392581306397915,0
4929,RCN13309,1208-PF-LA-CMPE-GENRE,Laos,ExtendedStrict,XGBoost,2,0,0.006626250222325325,0
4930,RCN13310,1208-PF-LA-CMPE-GENRE,Laos,ExtendedStrict,XGBoost,2,0,0.006699783727526665,0
4931,RCN13311,1208-PF-LA-CMPE-GENRE,Laos,ExtendedStrict,XGBoost,2,0,0.0034635881893336773,0
4932,RCN13312,1208-PF-LA-CMPE-GENRE,Laos,ExtendedStrict,XGBoost,2,0,0.07774054259061813,0
4933,RCN13313,1208-PF-LA-CMPE-GENRE,Laos,ExtendedStrict,XGBoost,2,0,0.03450118377804756,0
4934,RCN13316,1208-PF-LA-CMPE-GENRE,Laos,ExtendedStrict,XGBoost,2,0,0.039669327437877655,0
4935,RCN13319,1208-PF-LA-CMPE-GENRE,Laos,ExtendedStrict,XGBoost,2,0,0.044484056532382965,0
4936,RCN13320,1208-PF-LA-CMPE-GENRE,Laos,ExtendedStrict,XGBoost,2,0,0.0068392581306397915,0
4937,RCN13321,1208-PF-LA-CMPE-GENRE,Laos,ExtendedStrict,XGBoost,2,0,0.006626250222325325,0
4938,RCN13322,1208-PF-LA-CMPE-GENRE,Laos,ExtendedStrict,XGBoost,2,0,0.0077695962972939014,0
4939,RCN13323,1208-PF-LA-CMPE-GENRE,Laos,ExtendedStrict,XGBoost,2,0,0.039669327437877655,0
4940,RCN13324,1208-PF-LA-CMPE-GENRE,Laos,ExtendedStrict,XGBoost,2,0,0.014979345723986626,0
4941,RCN13329,1208-PF-LA-CMPE-GENRE,Laos,ExtendedStrict,XGBoost,2,1,0.17882812023162842,0
4942,RCN13330,1208-PF-LA-CMPE-GENRE,Laos,ExtendedStrict,XGBoost,2,1,0.10433981567621231,0
4943,RCN13331,1208-PF-LA-CMPE-GENRE,Laos,ExtendedStrict,XGBoost,2,1,0.17882812023162842,0
4944,RCN13332,1208-PF-LA-CMPE-GENRE,Laos,ExtendedStrict,XGBoost,2,1,0.17882812023162842,0
4945,RCN13333,1208-PF-LA-CMPE-GENRE,Laos,ExtendedStrict,XGBoost,2,1,0.2058718204498291,0
4946,RCN13336,1208-PF-LA-CMPE-GENRE,Laos,ExtendedStrict,XGBoost,2,0,0.0453004390001297,0
4947,RCN13337,1208-PF-LA-CMPE-GENRE,Laos,ExtendedStrict,XGBoost,2,0,0.018212519586086273,0
4948,RCN13338,1208-PF-LA-CMPE-GENRE,Laos,ExtendedStrict,XGBoost,2,0,0.03487318381667137,0
4949,RCN13339,1208-PF-LA-CMPE-GENRE,Laos,ExtendedStrict,XGBoost,2,0,0.03450118377804756,0
4950,RCN13340,1208-PF-LA-CMPE-GENRE,Laos,ExtendedStrict,XGBoost,2,0,0.006720359902828932,0
4951,RCN13341,1208-PF-LA-CMPE-GENRE,Laos,ExtendedStrict,XGBoost,2,0,0.014979345723986626,0
4952,RCN13342,1208-PF-LA-CMPE-GENRE,Laos,ExtendedStrict,XGBoost,2,0,0.013528870418667793,0
4953,RCN13343,1208-PF-LA-CMPE-GENRE,Laos,ExtendedStrict,XGBoost,2,0,0.017715219408273697,0
4954,RCN13344,1208-PF-LA-CMPE-GENRE,Laos,ExtendedStrict,XGBoost,2,0,0.017715219408273697,0
4955,RCN13345,1208-PF-LA-CMPE-GENRE,Laos,ExtendedStrict,XGBoost,2,0,0.013176463544368744,0
4956,RCN13346,1208-PF-LA-CMPE-GENRE,Laos,ExtendedStrict,XGBoost,2,0,0.01527355145663023,0
4957,RCN13347,1208-PF-LA-CMPE-GENRE,Laos,ExtendedStrict,XGBoost,2,0,0.039669327437877655,0
4958,RCN13348,1208-PF-LA-CMPE-GENRE,Laos,ExtendedStrict,XGBoost,2,0,0.033679306507110596,0
4959,RCN13349,1208-PF-LA-CMPE-GENRE,Laos,ExtendedStrict,XGBoost,2,0,0.027294719591736794,0
4960,RCN13350,1208-PF-LA-CMPE-GENRE,Laos,ExtendedStrict,XGBoost,2,0,0.01118509005755186,0
4961,RCN13351,1208-PF-LA-CMPE-GENRE,Laos,ExtendedStrict,XGBoost,2,0,0.03448445349931717,0
4962,RCN13352,1208-PF-LA-CMPE-GENRE,Laos,ExtendedStrict,XGBoost,2,0,0.03062203899025917,0
4963,RCN13353,1208-PF-LA-CMPE-GENRE,Laos,ExtendedStrict,XGBoost,2,0,0.018092012032866478,0
4964,RCN13354,1208-PF-LA-CMPE-GENRE,Laos,ExtendedStrict,XGBoost,2,0,0.01867816224694252,0
4965,RCN13355,1208-PF-LA-CMPE-GENRE,Laos,ExtendedStrict,XGBoost,2,0,0.01939656026661396,0
4966,RCN13356,1208-PF-LA-CMPE-GENRE,Laos,ExtendedStrict,XGBoost,2,0,0.006720359902828932,0
4967,RCN13357,1208-PF-LA-CMPE-GENRE,Laos,ExtendedStrict,XGBoost,2,0,0.009929601103067398,0
4968,RCN13358,1208-PF-LA-CMPE-GENRE,Laos,ExtendedStrict,XGBoost,2,1,0.30403822660446167,0
4969,RCN13359,1208-PF-LA-CMPE-GENRE,Laos,ExtendedStrict,XGBoost,2,0,0.027578452602028847,0
4970,RCN13360,1208-PF-LA-CMPE-GENRE,Laos,ExtendedStrict,XGBoost,2,0,0.027578452602028847,0
4971,RCN13361,1208-PF-LA-CMPE-GENRE,Laos,ExtendedStrict,XGBoost,2,1,0.3154843747615814,0
4972,RCN13362,1208-PF-LA-CMPE-GENRE,Laos,ExtendedStrict,XGBoost,2,1,0.2962675392627716,0
4973,RCN13363,1208-PF-LA-CMPE-GENRE,Laos,ExtendedStrict,XGBoost,2,1,0.30403822660446167,0
4974,RCN13364,1208-PF-LA-CMPE-GENRE,Laos,ExtendedStrict,XGBoost,2,0,0.039822544902563095,0
4975,RCN13365,1208-PF-LA-CMPE-GENRE,Laos,ExtendedStrict,XGBoost,2,0,0.00765193672850728,0
4976,RCN13366,1208-PF-LA-CMPE-GENRE,Laos,ExtendedStrict,XGBoost,2,0,0.01376294530928135,0
4977,RCN13367,1208-PF-LA-CMPE-GENRE,Laos,ExtendedStrict,XGBoost,2,0,0.2462773323059082,0
4978,RCN13368,1208-PF-LA-CMPE-GENRE,Laos,ExtendedStrict,XGBoost,2,1,0.46087828278541565,0
4979,RCN13369,1208-PF-LA-CMPE-GENRE,Laos,ExtendedStrict,XGBoost,2,0,0.014979345723986626,0
4980,RCN13370,1208-PF-LA-CMPE-GENRE,Laos,ExtendedStrict,XGBoost,2,0,0.04353199154138565,0
4981,RCN13371,1208-PF-LA-CMPE-GENRE,Laos,ExtendedStrict,XGBoost,2,0,0.013505001552402973,0
4982,RCN13372,1208-PF-LA-CMPE-GENRE,Laos,ExtendedStrict,XGBoost,2,0,0.018868830054998398,0
4983,RCN13373,1208-PF-LA-CMPE-GENRE,Laos,ExtendedStrict,XGBoost,2,0,0.018868830054998398,0
4984,RCN13374,1208-PF-LA-CMPE-GENRE,Laos,ExtendedStrict,XGBoost,2,1,0.5077410936355591,1
4985,RCN13375,1208-PF-LA-CMPE-GENRE,Laos,ExtendedStrict,XGBoost,2,0,0.013689768500626087,0
4986,RCN13376,1208-PF-LA-CMPE-GENRE,Laos,ExtendedStrict,XGBoost,2,0,0.006373863201588392,0
4987,RCN13377,1208-PF-LA-CMPE-GENRE,Laos,ExtendedStrict,XGBoost,2,0,0.02513175457715988,0
4988,RCN13378,1208-PF-LA-CMPE-GENRE,Laos,ExtendedStrict,XGBoost,2,0,0.009505401365458965,0
4989,RCN13379,1208-PF-LA-CMPE-GENRE,Laos,ExtendedStrict,XGBoost,2,0,0.0060088192112743855,0
4990,RCN13380,1208-PF-LA-CMPE-GENRE,Laos,ExtendedStrict,XGBoost,2,1,0.4491043984889984,0
4991,RCN13381,1208-PF-LA-CMPE-GENRE,Laos,ExtendedStrict,XGBoost,2,0,0.010120423510670662,0
4992,RCN13382,1208-PF-LA-CMPE-GENRE,Laos,ExtendedStrict,XGBoost,2,1,0.5077410936355591,1
4993,RCN13383,1208-PF-LA-CMPE-GENRE,Laos,ExtendedStrict,XGBoost,2,0,0.017769010737538338,0
4994,RCN13384,1208-PF-LA-CMPE-GENRE,Laos,ExtendedStrict,XGBoost,2,0,0.00712190754711628,0
4995,RCN13385,1208-PF-LA-CMPE-GENRE,Laos,ExtendedStrict,XGBoost,2,0,0.013064021244645119,0
4996,RCN13386,1208-PF-LA-CMPE-GENRE,Laos,ExtendedStrict,XGBoost,2,0,0.012870433740317822,0
4997,RCN13387,1208-PF-LA-CMPE-GENRE,Laos,ExtendedStrict,XGBoost,2,1,0.23911170661449432,0
4998,RCN13388,1208-PF-LA-CMPE-GENRE,Laos,ExtendedStrict,XGBoost,2,1,0.34866371750831604,0
4999,RCN13389,1208-PF-LA-CMPE-GENRE,Laos,ExtendedStrict,XGBoost,2,0,0.049580641090869904,0
5000,RCN13390,1208-PF-LA-CMPE-GENRE,Laos,ExtendedStrict,XGBoost,2,0,0.061588384211063385,0
5001,RCN13391,1208-PF-LA-CMPE-GENRE,Laos,ExtendedStrict,XGBoost,2,1,0.34866371750831604,0
5002,RCN13392,1208-PF-LA-CMPE-GENRE,Laos,ExtendedStrict,XGBoost,2,0,0.006626250222325325,0
5003,RCN13394,1208-PF-LA-CMPE-GENRE,Laos,ExtendedStrict,XGBoost,2,0,0.08547118306159973,0
5004,RCN13395,1208-PF-LA-CMPE-GENRE,Laos,ExtendedStrict,XGBoost,2,0,0.0070183719508349895,0
5005,RCN13396,1208-PF-LA-CMPE-GENRE,Laos,ExtendedStrict,XGBoost,2,0,0.0068392581306397915,0
5006,RCN13397,1208-PF-LA-CMPE-GENRE,Laos,ExtendedStrict,XGBoost,2,0,0.015655040740966797,0
5007,RCN13398,1208-PF-LA-CMPE-GENRE,Laos,ExtendedStrict,XGBoost,2,0,0.00765193672850728,0
5008,RCN13400,1208-PF-LA-CMPE-GENRE,Laos,ExtendedStrict,XGBoost,2,0,0.01234438270330429,0
5009,RCN13401,1208-PF-LA-CMPE-GENRE,Laos,ExtendedStrict,XGBoost,2,0,0.0068392581306397915,0
5010,RCN13403,1208-PF-LA-CMPE-GENRE,Laos,ExtendedStrict,XGBoost,2,1,0.9962573051452637,1
5011,RCN13404,1208-PF-LA-CMPE-GENRE,Laos,ExtendedStrict,XGBoost,2,1,0.9978154897689819,1
5012,RCN13405,1208-PF-LA-CMPE-GENRE,Laos,ExtendedStrict,XGBoost,2,1,0.9976813793182373,1
5013,RCN13406,1208-PF-LA-CMPE-GENRE,Laos,ExtendedStrict,XGBoost,2,1,0.9983471632003784,1
5014,RCN13407,1208-PF-LA-CMPE-GENRE,Laos,ExtendedStrict,XGBoost,2,1,0.9978154897689819,1
5015,RCN13408,1208-PF-LA-CMPE-GENRE,Laos,ExtendedStrict,XGBoost,2,1,0.9965975880622864,1
5016,RCN13409,1208-PF-LA-CMPE-GENRE,Laos,ExtendedStrict,XGBoost,2,1,0.9979310035705566,1
5017,RCN13410,1208-PF-LA-CMPE-GENRE,Laos,ExtendedStrict,XGBoost,2,1,0.9961400628089905,1
5018,RCN13411,1208-PF-LA-CMPE-GENRE,Laos,ExtendedStrict,XGBoost,2,1,0.7040413618087769,1
5019,RCN13412,1208-PF-LA-CMPE-GENRE,Laos,ExtendedStrict,XGBoost,2,1,0.1935844123363495,0
5020,RCN13413,1208-PF-LA-CMPE-GENRE,Laos,ExtendedStrict,XGBoost,2,1,0.34866371750831604,0
5021,RCN13414,1208-PF-LA-CMPE-GENRE,Laos,ExtendedStrict,XGBoost,2,1,0.4367172420024872,0
5022,RCN13415,1208-PF-LA-CMPE-GENRE,Laos,ExtendedStrict,XGBoost,2,1,0.3354741632938385,0
5023,RCN13416,1208-PF-LA-CMPE-GENRE,Laos,ExtendedStrict,XGBoost,2,1,0.3354741632938385,0
5024,RCN13417,1208-PF-LA-CMPE-GENRE,Laos,ExtendedStrict,XGBoost,2,0,0.01036069355905056,0
5025,RCN13418,1208-PF-LA-CMPE-GENRE,Laos,ExtendedStrict,XGBoost,2,0,0.015012342482805252,0
5026,RCN13419,1208-PF-LA-CMPE-GENRE,Laos,ExtendedStrict,XGBoost,2,0,0.04585784301161766,0
5027,RCN13420,1208-PF-LA-CMPE-GENRE,Laos,ExtendedStrict,XGBoost,2,0,0.013505001552402973,0
5028,RCN13421,1208-PF-LA-CMPE-GENRE,Laos,ExtendedStrict,XGBoost,2,0,0.01527355145663023,0
5029,RCN13422,1208-PF-LA-CMPE-GENRE,Laos,ExtendedStrict,XGBoost,2,0,0.016616497188806534,0
5030,RCN13424,1208-PF-LA-CMPE-GENRE,Laos,ExtendedStrict,XGBoost,2,0,0.3461449444293976,0
5031,RCN13427,1208-PF-LA-CMPE-GENRE,Laos,ExtendedStrict,XGBoost,2,0,0.33320626616477966,0
5032,RCN13429,1208-PF-LA-CMPE-GENRE,Laos,ExtendedStrict,XGBoost,2,0,0.33320626616477966,0
5033,RCN13430,1208-PF-LA-CMPE-GENRE,Laos,ExtendedStrict,XGBoost,2,0,0.030776003375649452,0
5034,RCN13431,1208-PF-LA-CMPE-GENRE,Laos,ExtendedStrict,XGBoost,2,0,0.005195350851863623,0
5035,RCN13432,1208-PF-LA-CMPE-GENRE,Laos,ExtendedStrict,XGBoost,2,0,0.03557815030217171,0
5036,RCN13433,1208-PF-LA-CMPE-GENRE,Laos,ExtendedStrict,XGBoost,2,0,0.03487318381667137,0
5037,RCN13434,1208-PF-LA-CMPE-GENRE,Laos,ExtendedStrict,XGBoost,2,0,0.03557815030217171,0
5038,RCN13435,1208-PF-LA-CMPE-GENRE,Laos,ExtendedStrict,XGBoost,2,0,0.03497721627354622,0
5039,RCN13436,1208-PF-LA-CMPE-GENRE,Laos,ExtendedStrict,XGBoost,2,0,0.03450118377804756,0
5040,RCN13437,1208-PF-LA-CMPE-GENRE,Laos,ExtendedStrict,XGBoost,2,0,0.01939656026661396,0
5041,RCN13438,1208-PF-LA-CMPE-GENRE,Laos,ExtendedStrict,XGBoost,2,0,0.0332225039601326,0
5042,RCN13439,1208-PF-LA-CMPE-GENRE,Laos,ExtendedStrict,XGBoost,2,0,0.2952967584133148,0
5043,RCN13441,1208-PF-LA-CMPE-GENRE,Laos,ExtendedStrict,XGBoost,2,0,0.01939656026661396,0
5044,RCN13442,1208-PF-LA-CMPE-GENRE,Laos,ExtendedStrict,XGBoost,2,0,0.030432235449552536,0
5045,RCN13443,1208-PF-LA-CMPE-GENRE,Laos,ExtendedStrict,XGBoost,2,0,0.05874825641512871,0
5046,RCN13445,1208-PF-LA-CMPE-GENRE,Laos,ExtendedStrict,XGBoost,2,0,0.07803118973970413,0
5047,RCN13446,1208-PF-LA-CMPE-GENRE,Laos,ExtendedStrict,XGBoost,2,0,0.03557815030217171,0
5048,RCN13447,1208-PF-LA-CMPE-GENRE,Laos,ExtendedStrict,XGBoost,2,0,0.013653816655278206,0
5049,RCN13448,1208-PF-LA-CMPE-GENRE,Laos,ExtendedStrict,XGBoost,2,0,0.12584570050239563,0
5050,RCN13449,1208-PF-LA-CMPE-GENRE,Laos,ExtendedStrict,XGBoost,2,1,0.9980223178863525,1
5051,RCN13450,1208-PF-LA-CMPE-GENRE,Laos,ExtendedStrict,XGBoost,2,1,0.989342451095581,1
5052,RCN13452,1208-PF-LA-CMPE-GENRE,Laos,ExtendedStrict,XGBoost,2,1,0.9975396394729614,1
5053,RCN13454,1208-PF-LA-CMPE-GENRE,Laos,ExtendedStrict,XGBoost,2,0,0.952096164226532,1
5054,RCN13455,1208-PF-LA-CMPE-GENRE,Laos,ExtendedStrict,XGBoost,2,0,0.2877143323421478,0
5055,RCN13457,1208-PF-LA-CMPE-GENRE,Laos,ExtendedStrict,XGBoost,2,1,0.9979477524757385,1
5056,RCN13458,1208-PF-LA-CMPE-GENRE,Laos,ExtendedStrict,XGBoost,2,0,0.3110239803791046,0
5057,RCN13459,1208-PF-LA-CMPE-GENRE,Laos,ExtendedStrict,XGBoost,2,0,0.2825259864330292,0
5058,RCN13460,1208-PF-LA-CMPE-GENRE,Laos,ExtendedStrict,XGBoost,2,0,0.11915655434131622,0
5059,RCN13461,1208-PF-LA-CMPE-GENRE,Laos,ExtendedStrict,XGBoost,2,0,0.040502309799194336,0
5060,RCN13462,1208-PF-LA-CMPE-GENRE,Laos,ExtendedStrict,XGBoost,2,1,0.9985319375991821,1
5061,RCN13463,1208-PF-LA-CMPE-GENRE,Laos,ExtendedStrict,XGBoost,2,1,0.9935324192047119,1
5062,RCN13464,1208-PF-LA-CMPE-GENRE,Laos,ExtendedStrict,XGBoost,2,0,0.0628347396850586,0
5063,RCN13465,1208-PF-LA-CMPE-GENRE,Laos,ExtendedStrict,XGBoost,2,1,0.9980223178863525,1
5064,RCN13466,1208-PF-LA-CMPE-GENRE,Laos,ExtendedStrict,XGBoost,2,0,0.8657365441322327,1
5065,RCN13467,1208-PF-LA-CMPE-GENRE,Laos,ExtendedStrict,XGBoost,2,0,0.07461943477392197,0
5066,RCN13468,1208-PF-LA-CMPE-GENRE,Laos,ExtendedStrict,XGBoost,2,0,0.07461943477392197,0
5067,RCN13469,1208-PF-LA-CMPE-GENRE,Laos,ExtendedStrict,XGBoost,2,0,0.05837487801909447,0
5068,RCN13470,1208-PF-LA-CMPE-GENRE,Laos,ExtendedStrict,XGBoost,2,1,0.9886943697929382,1
5069,RCN13471,1208-PF-LA-CMPE-GENRE,Laos,ExtendedStrict,XGBoost,2,1,0.9957776069641113,1
5070,RCN13472,1208-PF-LA-CMPE-GENRE,Laos,ExtendedStrict,XGBoost,2,1,0.9966268539428711,1
5071,RCN13473,1208-PF-LA-CMPE-GENRE,Laos,ExtendedStrict,XGBoost,2,1,0.9965355396270752,1
5072,RCN13474,1208-PF-LA-CMPE-GENRE,Laos,ExtendedStrict,XGBoost,2,1,0.9958586096763611,1
5073,RCN13475,1208-PF-LA-CMPE-GENRE,Laos,ExtendedStrict,XGBoost,2,1,0.9974600672721863,1
5074,RCN13476,1208-PF-LA-CMPE-GENRE,Laos,ExtendedStrict,XGBoost,2,1,0.9964346885681152,1
5075,RCN13477,1208-PF-LA-CMPE-GENRE,Laos,ExtendedStrict,XGBoost,2,1,0.9965218305587769,1
5076,RCN13478,1208-PF-LA-CMPE-GENRE,Laos,ExtendedStrict,XGBoost,2,1,0.9953355193138123,1
5077,RCN13479,1208-PF-LA-CMPE-GENRE,Laos,ExtendedStrict,XGBoost,2,1,0.9974602460861206,1
5078,RCN13480,1208-PF-LA-CMPE-GENRE,Laos,ExtendedStrict,XGBoost,2,1,0.9986888766288757,1
5079,RCN13481,1208-PF-LA-CMPE-GENRE,Laos,ExtendedStrict,XGBoost,2,1,0.4933755099773407,0
5080,RCN13482,1208-PF-LA-CMPE-GENRE,Laos,ExtendedStrict,XGBoost,2,1,0.9989898800849915,1
5081,RCN13483,1208-PF-LA-CMPE-GENRE,Laos,ExtendedStrict,XGBoost,2,1,0.9886943697929382,1
5082,RCN13484,1208-PF-LA-CMPE-GENRE,Laos,ExtendedStrict,XGBoost,2,0,0.10830080509185791,0
5083,RCN13485,1208-PF-LA-CMPE-GENRE,Laos,ExtendedStrict,XGBoost,2,1,0.9335451722145081,1
5084,RCN13486,1208-PF-LA-CMPE-GENRE,Laos,ExtendedStrict,XGBoost,2,1,0.9966261386871338,1
5085,RCN13487,1208-PF-LA-CMPE-GENRE,Laos,ExtendedStrict,XGBoost,2,0,0.16719943284988403,0
5086,RCN13488,1208-PF-LA-CMPE-GENRE,Laos,ExtendedStrict,XGBoost,2,0,0.8573224544525146,1
5087,RCN13489,1208-PF-LA-CMPE-GENRE,Laos,ExtendedStrict,XGBoost,2,1,0.9979310035705566,1
5088,RCN13490,1208-PF-LA-CMPE-GENRE,Laos,ExtendedStrict,XGBoost,2,1,0.3461449444293976,0
5089,RCN13491,1208-PF-LA-CMPE-GENRE,Laos,ExtendedStrict,XGBoost,2,0,0.9701917767524719,1
5090,RCN13492,1208-PF-LA-CMPE-GENRE,Laos,ExtendedStrict,XGBoost,2,0,0.42519718408584595,0
5091,RCN13493,1208-PF-LA-CMPE-GENRE,Laos,ExtendedStrict,XGBoost,2,0,0.06120311841368675,0
5092,RCN13494,1208-PF-LA-CMPE-GENRE,Laos,ExtendedStrict,XGBoost,2,1,0.989342451095581,1
5093,RCN13495,1208-PF-LA-CMPE-GENRE,Laos,ExtendedStrict,XGBoost,2,1,0.9974107146263123,1
5094,RCN13497,1208-PF-LA-CMPE-GENRE,Laos,ExtendedStrict,XGBoost,2,1,0.9950760006904602,1
5095,RCN13498,1208-PF-LA-CMPE-GENRE,Laos,ExtendedStrict,XGBoost,2,1,0.9970126152038574,1
5096,RCN13499,1208-PF-LA-CMPE-GENRE,Laos,ExtendedStrict,XGBoost,2,1,0.9415430426597595,1
5097,RCN13500,1208-PF-LA-CMPE-GENRE,Laos,ExtendedStrict,XGBoost,2,0,0.11256499588489532,0
5098,RCN13501,1208-PF-LA-CMPE-GENRE,Laos,ExtendedStrict,XGBoost,2,1,0.9633826017379761,1
5099,RCN13502,1208-PF-LA-CMPE-GENRE,Laos,ExtendedStrict,XGBoost,2,1,0.9494883418083191,1
5100,RCN13503,1208-PF-LA-CMPE-GENRE,Laos,ExtendedStrict,XGBoost,2,1,0.9985190033912659,1
5101,RCN13505,1208-PF-LA-CMPE-GENRE,Laos,ExtendedStrict,XGBoost,2,1,0.9989768266677856,1
5102,RCN13506,1208-PF-LA-CMPE-GENRE,Laos,ExtendedStrict,XGBoost,2,0,0.9440735578536987,1
5103,RCN13507,1208-PF-LA-CMPE-GENRE,Laos,ExtendedStrict,XGBoost,2,1,0.997802197933197,1
5104,RCN13508,1208-PF-LA-CMPE-GENRE,Laos,ExtendedStrict,XGBoost,2,1,0.9972666501998901,1
5105,RCN13510,1208-PF-LA-CMPE-GENRE,Laos,ExtendedStrict,XGBoost,2,0,0.7150808572769165,1
5106,RCN13511,1208-PF-LA-CMPE-GENRE,Laos,ExtendedStrict,XGBoost,2,1,0.9886943697929382,1
5107,RCN13512,1208-PF-LA-CMPE-GENRE,Laos,ExtendedStrict,XGBoost,2,1,0.9986433386802673,1
5108,RCN13513,1208-PF-LA-CMPE-GENRE,Laos,ExtendedStrict,XGBoost,2,0,0.14094720780849457,0
5109,RCN13514,1208-PF-LA-CMPE-GENRE,Laos,ExtendedStrict,XGBoost,2,0,0.7133324146270752,1
5110,RCN13515,1208-PF-LA-CMPE-GENRE,Laos,ExtendedStrict,XGBoost,2,1,0.4917503595352173,0
5111,RCN13516,1208-PF-LA-CMPE-GENRE,Laos,ExtendedStrict,XGBoost,2,1,0.9860014915466309,1
5112,RCN13517,1208-PF-LA-CMPE-GENRE,Laos,ExtendedStrict,XGBoost,2,0,0.07977117598056793,0
5113,RCN13518,1208-PF-LA-CMPE-GENRE,Laos,ExtendedStrict,XGBoost,2,1,0.9370974898338318,1
5114,RCN13521,1208-PF-LA-CMPE-GENRE,Laos,ExtendedStrict,XGBoost,2,1,0.9978154897689819,1
5115,RCN13523,1208-PF-LA-CMPE-GENRE,Laos,ExtendedStrict,XGBoost,2,0,0.013653816655278206,0
5116,RCN13524,1208-PF-LA-CMPE-GENRE,Laos,ExtendedStrict,XGBoost,2,0,0.1093783751130104,0
5117,RCN13525,1208-PF-LA-CMPE-GENRE,Laos,ExtendedStrict,XGBoost,2,0,0.021777885034680367,0
5118,RCN13526,1208-PF-LA-CMPE-GENRE,Laos,ExtendedStrict,XGBoost,2,1,0.9985993504524231,1
5119,RCN13527,1208-PF-LA-CMPE-GENRE,Laos,ExtendedStrict,XGBoost,2,1,0.999000608921051,1
5120,RCN13528,1208-PF-LA-CMPE-GENRE,Laos,ExtendedStrict,XGBoost,2,1,0.13258987665176392,0
5121,RCN13529,1208-PF-LA-CMPE-GENRE,Laos,ExtendedStrict,XGBoost,2,1,0.9554933905601501,1
5122,RCN13530,1208-PF-LA-CMPE-GENRE,Laos,ExtendedStrict,XGBoost,2,1,0.5001417398452759,1
5123,RCN13531,1208-PF-LA-CMPE-GENRE,Laos,ExtendedStrict,XGBoost,2,0,0.04260155186057091,0
5124,RCN13532,1208-PF-LA-CMPE-GENRE,Laos,ExtendedStrict,XGBoost,2,1,0.7049488425254822,1
5125,RCN13533,1208-PF-LA-CMPE-GENRE,Laos,ExtendedStrict,XGBoost,2,1,0.7049488425254822,1
5126,RCN13534,1208-PF-LA-CMPE-GENRE,Laos,ExtendedStrict,XGBoost,2,1,0.9954828023910522,1
5127,RCN13536,1208-PF-LA-CMPE-GENRE,Laos,ExtendedStrict,XGBoost,2,0,0.13106799125671387,0
5128,RCN13537,1208-PF-LA-CMPE-GENRE,Laos,ExtendedStrict,XGBoost,2,1,0.6720352172851562,1
5129,RCN13538,1208-PF-LA-CMPE-GENRE,Laos,ExtendedStrict,XGBoost,2,1,0.6954951286315918,1
5130,RCN13539,1208-PF-LA-CMPE-GENRE,Laos,ExtendedStrict,XGBoost,2,1,0.6561395525932312,1
5131,RCN13540,1208-PF-LA-CMPE-GENRE,Laos,ExtendedStrict,XGBoost,2,1,0.9959059953689575,1
5132,RCN13541,1208-PF-LA-CMPE-GENRE,Laos,ExtendedStrict,XGBoost,2,0,0.1093783751130104,0
5133,RCN13542,1208-PF-LA-CMPE-GENRE,Laos,ExtendedStrict,XGBoost,2,1,0.9507190585136414,1
5134,RCN13543,1208-PF-LA-CMPE-GENRE,Laos,ExtendedStrict,XGBoost,2,1,0.623997688293457,1
5135,RCN13544,1208-PF-LA-CMPE-GENRE,Laos,ExtendedStrict,XGBoost,2,1,0.9763066172599792,1
5136,RCN13545,1208-PF-LA-CMPE-GENRE,Laos,ExtendedStrict,XGBoost,2,1,0.9461835622787476,1
5137,RCN13546,1208-PF-LA-CMPE-GENRE,Laos,ExtendedStrict,XGBoost,2,1,0.9586400985717773,1
5138,RCN13548,1208-PF-LA-CMPE-GENRE,Laos,ExtendedStrict,XGBoost,2,1,0.9812074303627014,1
5139,RCN13549,1208-PF-LA-CMPE-GENRE,Laos,ExtendedStrict,XGBoost,2,0,0.8340291976928711,1
5140,RCN13551,1208-PF-LA-CMPE-GENRE,Laos,ExtendedStrict,XGBoost,2,1,0.8796399235725403,1
5141,RCN13552,1208-PF-LA-CMPE-GENRE,Laos,ExtendedStrict,XGBoost,2,0,0.8509346842765808,1
5142,RCN13553,1208-PF-LA-CMPE-GENRE,Laos,ExtendedStrict,XGBoost,2,1,0.8154665231704712,1
5143,RCN13554,1208-PF-LA-CMPE-GENRE,Laos,ExtendedStrict,XGBoost,2,1,0.7298322916030884,1
5144,RCN13555,1208-PF-LA-CMPE-GENRE,Laos,ExtendedStrict,XGBoost,2,0,0.959747314453125,1
5145,RCN13556,1208-PF-LA-CMPE-GENRE,Laos,ExtendedStrict,XGBoost,2,0,0.07818092405796051,0
5146,RCN13557,1208-PF-LA-CMPE-GENRE,Laos,ExtendedStrict,XGBoost,2,1,0.9279277324676514,1
5147,RCN13558,1208-PF-LA-CMPE-GENRE,Laos,ExtendedStrict,XGBoost,2,1,0.9980223178863525,1
5148,RCN13559,1208-PF-LA-CMPE-GENRE,Laos,ExtendedStrict,XGBoost,2,0,0.9402980804443359,1
5149,RCN13560,1208-PF-LA-CMPE-GENRE,Laos,ExtendedStrict,XGBoost,2,1,0.922879159450531,1
5150,RCN13561,1208-PF-LA-CMPE-GENRE,Laos,ExtendedStrict,XGBoost,2,1,0.9381999373435974,1
5151,RCN13562,1208-PF-LA-CMPE-GENRE,Laos,ExtendedStrict,XGBoost,2,1,0.9507190585136414,1
5152,RCN13563,1208-PF-LA-CMPE-GENRE,Laos,ExtendedStrict,XGBoost,2,1,0.8848654627799988,1
5153,RCN13564,1208-PF-LA-CMPE-GENRE,Laos,ExtendedStrict,XGBoost,2,1,0.7049488425254822,1
5154,RCN13565,1208-PF-LA-CMPE-GENRE,Laos,ExtendedStrict,XGBoost,2,1,0.7174791693687439,1
5155,RCN13566,1208-PF-LA-CMPE-GENRE,Laos,ExtendedStrict,XGBoost,2,0,0.11506746709346771,0
5156,RCN13567,1208-PF-LA-CMPE-GENRE,Laos,ExtendedStrict,XGBoost,2,1,0.9971848130226135,1
5157,RCN13568,1208-PF-LA-CMPE-GENRE,Laos,ExtendedStrict,XGBoost,2,1,0.8594918847084045,1
5158,RCN13569,1208-PF-LA-CMPE-GENRE,Laos,ExtendedStrict,XGBoost,2,0,0.07776451110839844,0
5159,RCN13570,1208-PF-LA-CMPE-GENRE,Laos,ExtendedStrict,XGBoost,2,1,0.9375526309013367,1
5160,RCN13571,1208-PF-LA-CMPE-GENRE,Laos,ExtendedStrict,XGBoost,2,1,0.8821128010749817,1
5161,RCN13574,1208-PF-LA-CMPE-GENRE,Laos,ExtendedStrict,XGBoost,2,0,0.07776451110839844,0
5162,RCN13575,1208-PF-LA-CMPE-GENRE,Laos,ExtendedStrict,XGBoost,2,1,0.8880712389945984,1
5163,RCN13576,1208-PF-LA-CMPE-GENRE,Laos,ExtendedStrict,XGBoost,2,0,0.1947678029537201,0
5164,RCN13577,1208-PF-LA-CMPE-GENRE,Laos,ExtendedStrict,XGBoost,2,1,0.9968953132629395,1
5165,RCN13578,1208-PF-LA-CMPE-GENRE,Laos,ExtendedStrict,XGBoost,2,1,0.9968953132629395,1
5166,RCN13579,1208-PF-LA-CMPE-GENRE,Laos,ExtendedStrict,XGBoost,2,1,0.7174791693687439,1
5167,RCN13580,1208-PF-LA-CMPE-GENRE,Laos,ExtendedStrict,XGBoost,2,1,0.9947338104248047,1
5168,RCN13581,1208-PF-LA-CMPE-GENRE,Laos,ExtendedStrict,XGBoost,2,1,0.9293174147605896,1
5169,RCN13582,1208-PF-LA-CMPE-GENRE,Laos,ExtendedStrict,XGBoost,2,1,0.8489171862602234,1
5170,RCN13583,1208-PF-LA-CMPE-GENRE,Laos,ExtendedStrict,XGBoost,2,0,0.07818092405796051,0
5171,RCN13584,1208-PF-LA-CMPE-GENRE,Laos,ExtendedStrict,XGBoost,2,0,0.08349643647670746,0
5172,RCN13585,1208-PF-LA-CMPE-GENRE,Laos,ExtendedStrict,XGBoost,2,1,0.46020007133483887,0
5424,RCN14904,1208-PF-LA-CMPE-GENRE,Laos,ExtendedStrict,XGBoost,2,1,0.30403822660446167,0
5425,RCN14906,1208-PF-LA-CMPE-GENRE,Laos,ExtendedStrict,XGBoost,2,1,0.3154843747615814,0
5426,RCN14910,1208-PF-LA-CMPE-GENRE,Laos,ExtendedStrict,XGBoost,2,1,0.29459282755851746,0
5427,RCN14912,1208-PF-LA-CMPE-GENRE,Laos,ExtendedStrict,XGBoost,2,1,0.30403822660446167,0
5428,RCN14913,1208-PF-LA-CMPE-GENRE,Laos,ExtendedStrict,XGBoost,2,1,0.30403822660446167,0
5429,RCN14915,1208-PF-LA-CMPE-GENRE,Laos,ExtendedStrict,XGBoost,2,1,0.30403822660446167,0
5430,RCN14916,1208-PF-LA-CMPE-GENRE,Laos,ExtendedStrict,XGBoost,2,1,0.34866371750831604,0
5431,RCN14917,1208-PF-LA-CMPE-GENRE,Laos,ExtendedStrict,XGBoost,2,0,0.003522964660078287,0
5432,RCN14918,1208-PF-LA-CMPE-GENRE,Laos,ExtendedStrict,XGBoost,2,0,0.013505001552402973,0
5433,RCN14919,1208-PF-LA-CMPE-GENRE,Laos,ExtendedStrict,XGBoost,2,0,0.013653816655278206,0
5434,RCN14920,1208-PF-LA-CMPE-GENRE,Laos,ExtendedStrict,XGBoost,2,0,0.03487318381667137,0
5435,RCN14921,1208-PF-LA-CMPE-GENRE,Laos,ExtendedStrict,XGBoost,2,0,0.01978549174964428,0
5436,RCN14923,1208-PF-LA-CMPE-GENRE,Laos,ExtendedStrict,XGBoost,2,0,0.019312230870127678,0
5437,RCN14924,1208-PF-LA-CMPE-GENRE,Laos,ExtendedStrict,XGBoost,2,0,0.04895634576678276,0
5438,RCN14925,1208-PF-LA-CMPE-GENRE,Laos,ExtendedStrict,XGBoost,2,0,0.01834144815802574,0
5439,RCN14926,1208-PF-LA-CMPE-GENRE,Laos,ExtendedStrict,XGBoost,2,0,0.023437565192580223,0
5440,RCN14927,1208-PF-LA-CMPE-GENRE,Laos,ExtendedStrict,XGBoost,2,0,0.030831409618258476,0
5441,RCN14928,1208-PF-LA-CMPE-GENRE,Laos,ExtendedStrict,XGBoost,2,0,0.008779698051512241,0
5442,RCN14929,1208-PF-LA-CMPE-GENRE,Laos,ExtendedStrict,XGBoost,2,0,0.006699783727526665,0
5443,RCN14930,1208-PF-LA-CMPE-GENRE,Laos,ExtendedStrict,XGBoost,2,0,0.008008220233023167,0
5444,RCN14932,1208-PF-LA-CMPE-GENRE,Laos,ExtendedStrict,XGBoost,2,0,0.008299915120005608,0
5445,RCN14933,1208-PF-LA-CMPE-GENRE,Laos,ExtendedStrict,XGBoost,2,0,0.008325362578034401,0
5446,RCN14934,1208-PF-LA-CMPE-GENRE,Laos,ExtendedStrict,XGBoost,2,0,0.03689635545015335,0
5447,RCN14935,1208-PF-LA-CMPE-GENRE,Laos,ExtendedStrict,XGBoost,2,1,0.5077410936355591,1
5448,RCN14936,1208-PF-LA-CMPE-GENRE,Laos,ExtendedStrict,XGBoost,2,0,0.008849228732287884,0
5449,RCN14937,1208-PF-LA-CMPE-GENRE,Laos,ExtendedStrict,XGBoost,2,0,0.007788871414959431,0
5450,RCN14938,1208-PF-LA-CMPE-GENRE,Laos,ExtendedStrict,XGBoost,2,0,0.03487318381667137,0
5451,RCN14939,1208-PF-LA-CMPE-GENRE,Laos,ExtendedStrict,XGBoost,2,0,0.007788871414959431,0
5452,RCN14940,1208-PF-LA-CMPE-GENRE,Laos,ExtendedStrict,XGBoost,2,0,0.030256208032369614,0
5453,RCN14941,1208-PF-LA-CMPE-GENRE,Laos,ExtendedStrict,XGBoost,2,0,0.013936026021838188,0
5454,RCN14942,1208-PF-LA-CMPE-GENRE,Laos,ExtendedStrict,XGBoost,2,0,0.030256208032369614,0
5455,RCN14943,1208-PF-LA-CMPE-GENRE,Laos,ExtendedStrict,XGBoost,2,0,0.03487318381667137,0
5456,RCN14944,1208-PF-LA-CMPE-GENRE,Laos,ExtendedStrict,XGBoost,2,0,0.006282872520387173,0
5457,RCN14946,1208-PF-LA-CMPE-GENRE,Laos,ExtendedStrict,XGBoost,2,0,0.017006875947117805,0
5458,RCN14948,1208-PF-LA-CMPE-GENRE,Laos,ExtendedStrict,XGBoost,2,0,0.024085843935608864,0
5459,RCN14949,1208-PF-LA-CMPE-GENRE,Laos,ExtendedStrict,XGBoost,2,0,0.10600150376558304,0
5460,RCN14950,1208-PF-LA-CMPE-GENRE,Laos,ExtendedStrict,XGBoost,2,0,0.03450118377804756,0
5461,RCN14951,1208-PF-LA-CMPE-GENRE,Laos,ExtendedStrict,XGBoost,2,0,0.11233817785978317,0
5462,RCN14952,1208-PF-LA-CMPE-GENRE,Laos,ExtendedStrict,XGBoost,2,0,0.006463951896876097,0
5463,RCN14953,1208-PF-LA-CMPE-GENRE,Laos,ExtendedStrict,XGBoost,2,0,0.04145117104053497,0
5464,RCN14954,1208-PF-LA-CMPE-GENRE,Laos,ExtendedStrict,XGBoost,2,0,0.006463951896876097,0
5465,RCN14955,1208-PF-LA-CMPE-GENRE,Laos,ExtendedStrict,XGBoost,2,0,0.0314132459461689,0
5466,RCN14957,1208-PF-LA-CMPE-GENRE,Laos,ExtendedStrict,XGBoost,2,0,0.039428845047950745,0
5467,RCN14958,1208-PF-LA-CMPE-GENRE,Laos,ExtendedStrict,XGBoost,2,0,0.05988938361406326,0
5468,RCN14959,1208-PF-LA-CMPE-GENRE,Laos,ExtendedStrict,XGBoost,2,0,0.039428845047950745,0
5469,RCN14965,1208-PF-LA-CMPE-GENRE,Laos,ExtendedStrict,XGBoost,2,0,0.01978549174964428,0
5470,RCN14966,1208-PF-LA-CMPE-GENRE,Laos,ExtendedStrict,XGBoost,2,0,0.006626250222325325,0
5471,RCN14969,1208-PF-LA-CMPE-GENRE,Laos,ExtendedStrict,XGBoost,2,0,0.04101162776350975,0
5472,RCN14970,1208-PF-LA-CMPE-GENRE,Laos,ExtendedStrict,XGBoost,2,0,0.017522918060421944,0
5473,RCN14971,1208-PF-LA-CMPE-GENRE,Laos,ExtendedStrict,XGBoost,2,0,0.03487318381667137,0
5474,RCN14973,1208-PF-LA-CMPE-GENRE,Laos,ExtendedStrict,XGBoost,2,0,0.014508903957903385,0
5475,RCN14974,1208-PF-LA-CMPE-GENRE,Laos,ExtendedStrict,XGBoost,2,0,0.03142732381820679,0
5476,RCN14975,1208-PF-LA-CMPE-GENRE,Laos,ExtendedStrict,XGBoost,2,0,0.0314132459461689,0
5477,RCN14976,1208-PF-LA-CMPE-GENRE,Laos,ExtendedStrict,XGBoost,2,0,0.03162584826350212,0
5478,RCN14978,1208-PF-LA-CMPE-GENRE,Laos,ExtendedStrict,XGBoost,2,0,0.009929601103067398,0
5479,RCN14979,1208-PF-LA-CMPE-GENRE,Laos,ExtendedStrict,XGBoost,2,0,0.030831409618258476,0
5480,RCN14981,1208-PF-LA-CMPE-GENRE,Laos,ExtendedStrict,XGBoost,2,0,0.01834144815802574,0
5481,RCN14982,1208-PF-LA-CMPE-GENRE,Laos,ExtendedStrict,XGBoost,2,0,0.012357091531157494,0
5482,RCN14988,1208-PF-LA-CMPE-GENRE,Laos,ExtendedStrict,XGBoost,2,0,0.024864621460437775,0
5483,RCN14989,1208-PF-LA-CMPE-GENRE,Laos,ExtendedStrict,XGBoost,2,0,0.030817875638604164,0
5484,RCN14990,1208-PF-LA-CMPE-GENRE,Laos,ExtendedStrict,XGBoost,2,0,0.03450118377804756,0
5485,RCN14991,1208-PF-LA-CMPE-GENRE,Laos,ExtendedStrict,XGBoost,2,0,0.03487318381667137,0
5486,RCN14992,1208-PF-LA-CMPE-GENRE,Laos,ExtendedStrict,XGBoost,2,0,0.03487318381667137,0
5487,RCN14994,1208-PF-LA-CMPE-GENRE,Laos,ExtendedStrict,XGBoost,2,0,0.01022258773446083,0
5488,RCN14996,1208-PF-LA-CMPE-GENRE,Laos,ExtendedStrict,XGBoost,2,0,0.03557815030217171,0
5489,RCN14997,1208-PF-LA-CMPE-GENRE,Laos,ExtendedStrict,XGBoost,2,0,0.03487318381667137,0
5490,RCN14998,1208-PF-LA-CMPE-GENRE,Laos,ExtendedStrict,XGBoost,2,0,0.03487318381667137,0
5491,RCN14999,1208-PF-LA-CMPE-GENRE,Laos,ExtendedStrict,XGBoost,2,0,0.03487318381667137,0
5492,RCN15000,1208-PF-LA-CMPE-GENRE,Laos,ExtendedStrict,XGBoost,2,0,0.017602022737264633,0
5493,RCN15001,1208-PF-LA-CMPE-GENRE,Laos,ExtendedStrict,XGBoost,2,0,0.044126931577920914,0
5494,RCN15002,1208-PF-LA-CMPE-GENRE,Laos,ExtendedStrict,XGBoost,2,0,0.032986752688884735,0
5495,RCN15003,1208-PF-LA-CMPE-GENRE,Laos,ExtendedStrict,XGBoost,2,0,0.009505401365458965,0
5496,RCN15004,1208-PF-LA-CMPE-GENRE,Laos,ExtendedStrict,XGBoost,2,0,0.0092712277546525,0
5497,RCN15005,1208-PF-LA-CMPE-GENRE,Laos,ExtendedStrict,XGBoost,2,0,0.015977943316102028,0
5498,RCN15006,1208-PF-LA-CMPE-GENRE,Laos,ExtendedStrict,XGBoost,2,0,0.02161199040710926,0
5499,RCN15007,1208-PF-LA-CMPE-GENRE,Laos,ExtendedStrict,XGBoost,2,0,0.032986752688884735,0
5500,RCN15008,1208-PF-LA-CMPE-GENRE,Laos,ExtendedStrict,XGBoost,2,0,0.029618769884109497,0
5501,RCN15009,1208-PF-LA-CMPE-GENRE,Laos,ExtendedStrict,XGBoost,2,0,0.0356719084084034,0
5502,RCN15010,1208-PF-LA-CMPE-GENRE,Laos,ExtendedStrict,XGBoost,2,0,0.039669327437877655,0
5503,RCN15011,1208-PF-LA-CMPE-GENRE,Laos,ExtendedStrict,XGBoost,2,0,0.03450118377804756,0
5504,RCN15012,1208-PF-LA-CMPE-GENRE,Laos,ExtendedStrict,XGBoost,2,0,0.017715219408273697,0
5505,RCN15013,1208-PF-LA-CMPE-GENRE,Laos,ExtendedStrict,XGBoost,2,0,0.022740909829735756,0
5506,RCN15014,1208-PF-LA-CMPE-GENRE,Laos,ExtendedStrict,XGBoost,2,0,0.03487318381667137,0
5507,RCN15015,1208-PF-LA-CMPE-GENRE,Laos,ExtendedStrict,XGBoost,2,0,0.03673926368355751,0
5508,RCN15016,1208-PF-LA-CMPE-GENRE,Laos,ExtendedStrict,XGBoost,2,0,0.008779698051512241,0
5509,RCN15017,1208-PF-LA-CMPE-GENRE,Laos,ExtendedStrict,XGBoost,2,0,0.033679306507110596,0
5510,RCN15018,1208-PF-LA-CMPE-GENRE,Laos,ExtendedStrict,XGBoost,2,0,0.006720359902828932,0
5511,RCN15019,1208-PF-LA-CMPE-GENRE,Laos,ExtendedStrict,XGBoost,2,0,0.026907021179795265,0
5512,RCN15020,1208-PF-LA-CMPE-GENRE,Laos,ExtendedStrict,XGBoost,2,0,0.006463951896876097,0
5513,RCN15021,1208-PF-LA-CMPE-GENRE,Laos,ExtendedStrict,XGBoost,2,0,0.008303491398692131,0
5514,RCN15022,1208-PF-LA-CMPE-GENRE,Laos,ExtendedStrict,XGBoost,2,0,0.01834144815802574,0
5515,RCN15024,1208-PF-LA-CMPE-GENRE,Laos,ExtendedStrict,XGBoost,2,0,0.019807089120149612,0
5516,RCN15025,1208-PF-LA-CMPE-GENRE,Laos,ExtendedStrict,XGBoost,2,0,0.03792284429073334,0
5517,RCN15026,1208-PF-LA-CMPE-GENRE,Laos,ExtendedStrict,XGBoost,2,0,0.019807089120149612,0
5518,RCN15027,1208-PF-LA-CMPE-GENRE,Laos,ExtendedStrict,XGBoost,2,0,0.04081191495060921,0
5519,RCN15028,1208-PF-LA-CMPE-GENRE,Laos,ExtendedStrict,XGBoost,2,0,0.04343507066369057,0
5520,RCN15029,1208-PF-LA-CMPE-GENRE,Laos,ExtendedStrict,XGBoost,2,0,0.03487318381667137,0
5521,RCN15030,1208-PF-LA-CMPE-GENRE,Laos,ExtendedStrict,XGBoost,2,0,0.0060088192112743855,0
5522,RCN15031,1208-PF-LA-CMPE-GENRE,Laos,ExtendedStrict,XGBoost,2,0,0.01785375364124775,0
5523,RCN15032,1208-PF-LA-CMPE-GENRE,Laos,ExtendedStrict,XGBoost,2,0,0.015578745864331722,0
5524,RCN15033,1208-PF-LA-CMPE-GENRE,Laos,ExtendedStrict,XGBoost,2,0,0.01785375364124775,0
5525,RCN15034,1208-PF-LA-CMPE-GENRE,Laos,ExtendedStrict,XGBoost,2,0,0.009505401365458965,0
5526,RCN15035,1208-PF-LA-CMPE-GENRE,Laos,ExtendedStrict,XGBoost,2,0,0.009112832136452198,0
5527,RCN15036,1208-PF-LA-CMPE-GENRE,Laos,ExtendedStrict,XGBoost,2,0,0.009505401365458965,0
5528,RCN15037,1208-PF-LA-CMPE-GENRE,Laos,ExtendedStrict,XGBoost,2,0,0.009112832136452198,0
5529,RCN15038,1208-PF-LA-CMPE-GENRE,Laos,ExtendedStrict,XGBoost,2,0,0.011498368345201015,0
5530,RCN15039,1208-PF-LA-CMPE-GENRE,Laos,ExtendedStrict,XGBoost,2,0,0.01134503073990345,0
5531,RCN15040,1208-PF-LA-CMPE-GENRE,Laos,ExtendedStrict,XGBoost,2,0,0.012994025833904743,0
5532,RCN15041,1208-PF-LA-CMPE-GENRE,Laos,ExtendedStrict,XGBoost,2,0,0.01785375364124775,0
5533,RCN15042,1208-PF-LA-CMPE-GENRE,Laos,ExtendedStrict,XGBoost,2,0,0.01785375364124775,0
5534,RCN15043,1208-PF-LA-CMPE-GENRE,Laos,ExtendedStrict,XGBoost,2,0,0.01791374571621418,0
5535,RCN15044,1208-PF-LA-CMPE-GENRE,Laos,ExtendedStrict,XGBoost,2,0,0.013936026021838188,0
5536,RCN15046,1208-PF-LA-CMPE-GENRE,Laos,ExtendedStrict,XGBoost,2,0,0.016373753547668457,0
5537,RCN15047,1208-PF-LA-CMPE-GENRE,Laos,ExtendedStrict,XGBoost,2,0,0.016373753547668457,0
5538,RCN15048,1208-PF-LA-CMPE-GENRE,Laos,ExtendedStrict,XGBoost,2,0,0.017414191737771034,0
5539,RCN15049,1208-PF-LA-CMPE-GENRE,Laos,ExtendedStrict,XGBoost,2,0,0.01785375364124775,0
5540,RCN15050,1208-PF-LA-CMPE-GENRE,Laos,ExtendedStrict,XGBoost,2,0,0.01939656026661396,0
5541,RCN15053,1208-PF-LA-CMPE-GENRE,Laos,ExtendedStrict,XGBoost,2,0,0.014979345723986626,0
5542,RCN15054,1208-PF-LA-CMPE-GENRE,Laos,ExtendedStrict,XGBoost,2,0,0.016373753547668457,0
5543,RCN15055,1208-PF-LA-CMPE-GENRE,Laos,ExtendedStrict,XGBoost,2,0,0.0060088192112743855,0
5544,RCN15056,1208-PF-LA-CMPE-GENRE,Laos,ExtendedStrict,XGBoost,2,0,0.0060088192112743855,0
5545,RCN15057,1208-PF-LA-CMPE-GENRE,Laos,ExtendedStrict,XGBoost,2,0,0.0060088192112743855,0
5546,RCN15058,1208-PF-LA-CMPE-GENRE,Laos,ExtendedStrict,XGBoost,2,0,0.0060088192112743855,0
5547,RCN15059,1208-PF-LA-CMPE-GENRE,Laos,ExtendedStrict,XGBoost,2,0,0.01791374571621418,0
5548,RCN15060,1208-PF-LA-CMPE-GENRE,Laos,ExtendedStrict,XGBoost,2,0,0.0189512986689806,0
5549,RCN15062,1208-PF-LA-CMPE-GENRE,Laos,ExtendedStrict,XGBoost,2,0,0.015936754643917084,0
5550,RCN15063,1208-PF-LA-CMPE-GENRE,Laos,ExtendedStrict,XGBoost,2,0,0.04081191495060921,0
5551,RCN15064,1208-PF-LA-CMPE-GENRE,Laos,ExtendedStrict,XGBoost,2,0,0.0189512986689806,0
5552,RCN15065,1208-PF-LA-CMPE-GENRE,Laos,ExtendedStrict,XGBoost,2,0,0.012357091531157494,0
5553,RCN15067,1208-PF-LA-CMPE-GENRE,Laos,ExtendedStrict,XGBoost,2,0,0.020042473450303078,0
5554,RCN15068,1208-PF-LA-CMPE-GENRE,Laos,ExtendedStrict,XGBoost,2,0,0.013936026021838188,0
5555,RCN15070,1208-PF-LA-CMPE-GENRE,Laos,ExtendedStrict,XGBoost,2,0,0.006699783727526665,0
5556,RCN15071,1208-PF-LA-CMPE-GENRE,Laos,ExtendedStrict,XGBoost,2,0,0.01785375364124775,0
5557,RCN15072,1208-PF-LA-CMPE-GENRE,Laos,ExtendedStrict,XGBoost,2,0,0.006463951896876097,0
5558,RCN15073,1208-PF-LA-CMPE-GENRE,Laos,ExtendedStrict,XGBoost,2,0,0.006699783727526665,0
5559,RCN15074,1208-PF-LA-CMPE-GENRE,Laos,ExtendedStrict,XGBoost,2,0,0.006699783727526665,0
5560,RCN15075,1208-PF-LA-CMPE-GENRE,Laos,ExtendedStrict,XGBoost,2,0,0.03487318381667137,0
5561,RCN15076,1208-PF-LA-CMPE-GENRE,Laos,ExtendedStrict,XGBoost,2,0,0.0092712277546525,0
5562,RCN15077,1208-PF-LA-CMPE-GENRE,Laos,ExtendedStrict,XGBoost,2,0,0.03487318381667137,0
5563,RCN15078,1208-PF-LA-CMPE-GENRE,Laos,ExtendedStrict,XGBoost,2,0,0.013653816655278206,0
5564,RCN15079,1208-PF-LA-CMPE-GENRE,Laos,ExtendedStrict,XGBoost,2,0,0.03450118377804756,0
5565,RCN15080,1208-PF-LA-CMPE-GENRE,Laos,ExtendedStrict,XGBoost,2,0,0.030608465895056725,0
5566,RCN15081,1208-PF-LA-CMPE-GENRE,Laos,ExtendedStrict,XGBoost,2,0,0.0052450550720095634,0
5567,RCN15082,1208-PF-LA-CMPE-GENRE,Laos,ExtendedStrict,XGBoost,2,0,0.0052450550720095634,0
5568,RCN15083,1208-PF-LA-CMPE-GENRE,Laos,ExtendedStrict,XGBoost,2,0,0.00765193672850728,0
5569,RCN15084,1208-PF-LA-CMPE-GENRE,Laos,ExtendedStrict,XGBoost,2,0,0.0052450550720095634,0
5570,RCN15085,1208-PF-LA-CMPE-GENRE,Laos,ExtendedStrict,XGBoost,2,0,0.0052450550720095634,0
5571,RCN15086,1208-PF-LA-CMPE-GENRE,Laos,ExtendedStrict,XGBoost,2,0,0.007753702346235514,0
5572,RCN15087,1208-PF-LA-CMPE-GENRE,Laos,ExtendedStrict,XGBoost,2,0,0.006699783727526665,0
5573,RCN15088,1208-PF-LA-CMPE-GENRE,Laos,ExtendedStrict,XGBoost,2,0,0.0052450550720095634,0
5574,RCN15089,1208-PF-LA-CMPE-GENRE,Laos,ExtendedStrict,XGBoost,2,0,0.0068392581306397915,0
5575,RCN15090,1208-PF-LA-CMPE-GENRE,Laos,ExtendedStrict,XGBoost,2,0,0.006699783727526665,0
5576,RCN15091,1208-PF-LA-CMPE-GENRE,Laos,ExtendedStrict,XGBoost,2,0,0.0052450550720095634,0
5577,RCN15092,1208-PF-LA-CMPE-GENRE,Laos,ExtendedStrict,XGBoost,2,0,0.0052450550720095634,0
5578,RCN15093,1208-PF-LA-CMPE-GENRE,Laos,ExtendedStrict,XGBoost,2,0,0.006626250222325325,0
5579,RCN15094,1208-PF-LA-CMPE-GENRE,Laos,ExtendedStrict,XGBoost,2,0,0.0052450550720095634,0
5580,RCN15095,1208-PF-LA-CMPE-GENRE,Laos,ExtendedStrict,XGBoost,2,0,0.006699783727526665,0
5581,RCN15096,1208-PF-LA-CMPE-GENRE,Laos,ExtendedStrict,XGBoost,2,0,0.006720359902828932,0
5582,RCN15097,1208-PF-LA-CMPE-GENRE,Laos,ExtendedStrict,XGBoost,2,0,0.0052450550720095634,0
5583,RCN15098,1208-PF-LA-CMPE-GENRE,Laos,ExtendedStrict,XGBoost,2,0,0.008779698051512241,0
5584,RCN15099,1208-PF-LA-CMPE-GENRE,Laos,ExtendedStrict,XGBoost,2,0,0.006463951896876097,0
5585,RCN15102,1208-PF-LA-CMPE-GENRE,Laos,ExtendedStrict,XGBoost,2,0,0.10705894976854324,0
5586,RCN15104,1208-PF-LA-CMPE-GENRE,Laos,ExtendedStrict,XGBoost,2,0,0.04017964377999306,0
5587,RCN15108,1208-PF-LA-CMPE-GENRE,Laos,ExtendedStrict,XGBoost,2,0,0.02081175148487091,0
5588,RCN15109,1208-PF-LA-CMPE-GENRE,Laos,ExtendedStrict,XGBoost,2,0,0.012357091531157494,0
5589,RCN15110,1208-PF-LA-CMPE-GENRE,Laos,ExtendedStrict,XGBoost,2,0,0.00765193672850728,0
5590,RCN15111,1208-PF-LA-CMPE-GENRE,Laos,ExtendedStrict,XGBoost,2,0,0.006699783727526665,0
5591,RCN15112,1208-PF-LA-CMPE-GENRE,Laos,ExtendedStrict,XGBoost,2,0,0.03324032947421074,0
5592,RCN15113,1208-PF-LA-CMPE-GENRE,Laos,ExtendedStrict,XGBoost,2,0,0.01709863916039467,0
5593,RCN15115,1208-PF-LA-CMPE-GENRE,Laos,ExtendedStrict,XGBoost,2,0,0.08554786443710327,0
5594,RCN15116,1208-PF-LA-CMPE-GENRE,Laos,ExtendedStrict,XGBoost,2,0,0.03573101386427879,0
5595,RCN15117,1208-PF-LA-CMPE-GENRE,Laos,ExtendedStrict,XGBoost,2,0,0.023983310908079147,0
5596,RCN15120,1208-PF-LA-CMPE-GENRE,Laos,ExtendedStrict,XGBoost,2,0,0.013653816655278206,0
5597,RCN15121,1208-PF-LA-CMPE-GENRE,Laos,ExtendedStrict,XGBoost,2,0,0.014507682994008064,0
5598,RCN15122,1208-PF-LA-CMPE-GENRE,Laos,ExtendedStrict,XGBoost,2,0,0.01785375364124775,0
5599,RCN15123,1208-PF-LA-CMPE-GENRE,Laos,ExtendedStrict,XGBoost,2,0,0.0332225039601326,0
5600,RCN15126,1208-PF-LA-CMPE-GENRE,Laos,ExtendedStrict,XGBoost,2,0,0.013936026021838188,0
5601,RCN15128,1208-PF-LA-CMPE-GENRE,Laos,ExtendedStrict,XGBoost,2,0,0.013653816655278206,0
5602,RCN15129,1208-PF-LA-CMPE-GENRE,Laos,ExtendedStrict,XGBoost,2,0,0.03339778259396553,0
5603,RCN15133,1208-PF-LA-CMPE-GENRE,Laos,ExtendedStrict,XGBoost,2,0,0.013653816655278206,0
5604,RCN15135,1208-PF-LA-CMPE-GENRE,Laos,ExtendedStrict,XGBoost,2,0,0.028817296028137207,0
5605,RCN15139,1208-PF-LA-CMPE-GENRE,Laos,ExtendedStrict,XGBoost,2,0,0.013505001552402973,0
5606,RCN15140,1208-PF-LA-CMPE-GENRE,Laos,ExtendedStrict,XGBoost,2,0,0.03673926368355751,0
5607,RCN15141,1208-PF-LA-CMPE-GENRE,Laos,ExtendedStrict,XGBoost,2,0,0.10083043575286865,0
5608,RCN15143,1208-PF-LA-CMPE-GENRE,Laos,ExtendedStrict,XGBoost,2,0,0.0189512986689806,0
5609,RCN15146,1208-PF-LA-CMPE-GENRE,Laos,ExtendedStrict,XGBoost,2,0,0.01785375364124775,0
5610,RCN15147,1208-PF-LA-CMPE-GENRE,Laos,ExtendedStrict,XGBoost,2,0,0.018021542578935623,0
5611,RCN15152,1208-PF-LA-CMPE-GENRE,Laos,ExtendedStrict,XGBoost,2,0,0.014507682994008064,0
5612,RCN15153,1208-PF-LA-CMPE-GENRE,Laos,ExtendedStrict,XGBoost,2,0,0.007949857972562313,0
5613,RCN15154,1208-PF-LA-CMPE-GENRE,Laos,ExtendedStrict,XGBoost,2,0,0.01785375364124775,0
5614,RCN15155,1208-PF-LA-CMPE-GENRE,Laos,ExtendedStrict,XGBoost,2,0,0.007788871414959431,0
5615,RCN15160,1208-PF-LA-CMPE-GENRE,Laos,ExtendedStrict,XGBoost,2,0,0.015578745864331722,0
5616,RCN15161,1208-PF-LA-CMPE-GENRE,Laos,ExtendedStrict,XGBoost,2,0,0.01785375364124775,0
5617,RCN15162,1208-PF-LA-CMPE-GENRE,Laos,ExtendedStrict,XGBoost,2,0,0.01660708151757717,0
5618,RCN15163,1208-PF-LA-CMPE-GENRE,Laos,ExtendedStrict,XGBoost,2,0,0.06895393878221512,0
5619,RCN15164,1208-PF-LA-CMPE-GENRE,Laos,ExtendedStrict,XGBoost,2,0,0.0318291001021862,0
5620,RCN15165,1208-PF-LA-CMPE-GENRE,Laos,ExtendedStrict,XGBoost,2,0,0.007788871414959431,0
5621,RCN15167,1208-PF-LA-CMPE-GENRE,Laos,ExtendedStrict,XGBoost,2,0,0.01785375364124775,0
5622,RCN15168,1208-PF-LA-CMPE-GENRE,Laos,ExtendedStrict,XGBoost,2,0,0.03487318381667137,0
5623,RCN15169,1208-PF-LA-CMPE-GENRE,Laos,ExtendedStrict,XGBoost,2,0,0.01651841402053833,0
5624,RCN15170,1208-PF-LA-CMPE-GENRE,Laos,ExtendedStrict,XGBoost,2,0,0.03741651773452759,0
5625,RCN15171,1208-PF-LA-CMPE-GENRE,Laos,ExtendedStrict,XGBoost,2,0,0.039669327437877655,0
5626,RCN15172,1208-PF-LA-CMPE-GENRE,Laos,ExtendedStrict,XGBoost,2,0,0.033679306507110596,0
5627,RCN15173,1208-PF-LA-CMPE-GENRE,Laos,ExtendedStrict,XGBoost,2,0,0.01785375364124775,0
5628,RCN15174,1208-PF-LA-CMPE-GENRE,Laos,ExtendedStrict,XGBoost,2,0,0.01785375364124775,0
5629,RCN15175,1208-PF-LA-CMPE-GENRE,Laos,ExtendedStrict,XGBoost,2,0,0.0332225039601326,0
5630,RCN15176,1208-PF-LA-CMPE-GENRE,Laos,ExtendedStrict,XGBoost,2,0,0.030071396380662918,0
5631,RCN15178,1208-PF-LA-CMPE-GENRE,Laos,ExtendedStrict,XGBoost,2,0,0.0314132459461689,0
5632,RCN15179,1208-PF-LA-CMPE-GENRE,Laos,ExtendedStrict,XGBoost,2,0,0.015578745864331722,0
5633,RCN15180,1208-PF-LA-CMPE-GENRE,Laos,ExtendedStrict,XGBoost,2,0,0.17762720584869385,0
5634,RCN15182,1208-PF-LA-CMPE-GENRE,Laos,ExtendedStrict,XGBoost,2,0,0.00895402766764164,0
5635,RCN15183,1208-PF-LA-CMPE-GENRE,Laos,ExtendedStrict,XGBoost,2,0,0.015655040740966797,0
5636,RCN15184,1208-PF-LA-CMPE-GENRE,Laos,ExtendedStrict,XGBoost,2,0,0.03450118377804756,0
5637,RCN15185,1208-PF-LA-CMPE-GENRE,Laos,ExtendedStrict,XGBoost,2,0,0.019620256498456,0
5638,RCN15186,1208-PF-LA-CMPE-GENRE,Laos,ExtendedStrict,XGBoost,2,0,0.007732801139354706,0
5639,RCN15187,1208-PF-LA-CMPE-GENRE,Laos,ExtendedStrict,XGBoost,2,0,0.025260252878069878,0
5640,RCN15189,1208-PF-LA-CMPE-GENRE,Laos,ExtendedStrict,XGBoost,2,0,0.005049350671470165,0
5641,RCN15190,1208-PF-LA-CMPE-GENRE,Laos,ExtendedStrict,XGBoost,2,0,0.006408431567251682,0
5642,RCN15191,1208-PF-LA-CMPE-GENRE,Laos,ExtendedStrict,XGBoost,2,0,0.013653816655278206,0
5643,RCN15192,1208-PF-LA-CMPE-GENRE,Laos,ExtendedStrict,XGBoost,2,0,0.006720359902828932,0
5644,RCN15193,1208-PF-LA-CMPE-GENRE,Laos,ExtendedStrict,XGBoost,2,0,0.015484750270843506,0
5645,RCN15194,1208-PF-LA-CMPE-GENRE,Laos,ExtendedStrict,XGBoost,2,0,0.03700423985719681,0
5646,RCN15195,1208-PF-LA-CMPE-GENRE,Laos,ExtendedStrict,XGBoost,2,0,0.02349996380507946,0
5647,RCN15196,1208-PF-LA-CMPE-GENRE,Laos,ExtendedStrict,XGBoost,2,0,0.006699783727526665,0
5648,RCN15197,1208-PF-LA-CMPE-GENRE,Laos,ExtendedStrict,XGBoost,2,0,0.006408431567251682,0
5649,RCN15198,1208-PF-LA-CMPE-GENRE,Laos,ExtendedStrict,XGBoost,2,0,0.0038179417606443167,0
5650,RCN15199,1208-PF-LA-CMPE-GENRE,Laos,ExtendedStrict,XGBoost,2,0,0.016373753547668457,0
5651,RCN15200,1208-PF-LA-CMPE-GENRE,Laos,ExtendedStrict,XGBoost,2,0,0.016373753547668457,0
5652,RCN15201,1208-PF-LA-CMPE-GENRE,Laos,ExtendedStrict,XGBoost,2,0,0.08797229826450348,0
5653,RCN15202,1208-PF-LA-CMPE-GENRE,Laos,ExtendedStrict,XGBoost,2,0,0.010053103789687157,0
5654,RCN15204,1208-PF-LA-CMPE-GENRE,Laos,ExtendedStrict,XGBoost,2,0,0.009154070168733597,0
5655,RCN15205,1208-PF-LA-CMPE-GENRE,Laos,ExtendedStrict,XGBoost,2,0,0.0047498163767158985,0
5656,RCN15206,1208-PF-LA-CMPE-GENRE,Laos,ExtendedStrict,XGBoost,2,0,0.04389866068959236,0
5657,RCN15207,1208-PF-LA-CMPE-GENRE,Laos,ExtendedStrict,XGBoost,2,0,0.012357091531157494,0
5658,RCN15208,1208-PF-LA-CMPE-GENRE,Laos,ExtendedStrict,XGBoost,2,0,0.018868830054998398,0
5659,RCN15209,1208-PF-LA-CMPE-GENRE,Laos,ExtendedStrict,XGBoost,2,1,0.33320626616477966,0
5660,RCN15210,1208-PF-LA-CMPE-GENRE,Laos,ExtendedStrict,XGBoost,2,0,0.006463951896876097,0
5661,RCN15211,1208-PF-LA-CMPE-GENRE,Laos,ExtendedStrict,XGBoost,2,0,0.016373753547668457,0
5662,RCN15212,1208-PF-LA-CMPE-GENRE,Laos,ExtendedStrict,XGBoost,2,0,0.013653816655278206,0
5663,RCN15213,1208-PF-LA-CMPE-GENRE,Laos,ExtendedStrict,XGBoost,2,0,0.005373579915612936,0
5664,RCN15215,1208-PF-LA-CMPE-GENRE,Laos,ExtendedStrict,XGBoost,2,1,0.3401176333427429,0
5665,RCN15216,1208-PF-LA-CMPE-GENRE,Laos,ExtendedStrict,XGBoost,2,0,0.07776451110839844,0
5666,RCN15217,1208-PF-LA-CMPE-GENRE,Laos,ExtendedStrict,XGBoost,2,0,0.006720359902828932,0
5667,RCN15218,1208-PF-LA-CMPE-GENRE,Laos,ExtendedStrict,XGBoost,2,0,0.00765193672850728,0
5668,RCN15219,1208-PF-LA-CMPE-GENRE,Laos,ExtendedStrict,XGBoost,2,0,0.006699783727526665,0
5669,RCN15220,1208-PF-LA-CMPE-GENRE,Laos,ExtendedStrict,XGBoost,2,0,0.015655040740966797,0
5670,RCN15221,1208-PF-LA-CMPE-GENRE,Laos,ExtendedStrict,XGBoost,2,0,0.005373579915612936,0
5671,RCN15222,1208-PF-LA-CMPE-GENRE,Laos,ExtendedStrict,XGBoost,2,0,0.007408492732793093,0
5672,RCN15224,1208-PF-LA-CMPE-GENRE,Laos,ExtendedStrict,XGBoost,2,0,0.008779698051512241,0
5673,RCN15225,1208-PF-LA-CMPE-GENRE,Laos,ExtendedStrict,XGBoost,2,0,0.00765193672850728,0
5674,RCN15226,1208-PF-LA-CMPE-GENRE,Laos,ExtendedStrict,XGBoost,2,0,0.00712190754711628,0
5675,RCN15227,1208-PF-LA-CMPE-GENRE,Laos,ExtendedStrict,XGBoost,2,0,0.00765193672850728,0
5676,RCN15228,1208-PF-LA-CMPE-GENRE,Laos,ExtendedStrict,XGBoost,2,0,0.006463951896876097,0
5677,RCN15229,1208-PF-LA-CMPE-GENRE,Laos,ExtendedStrict,XGBoost,2,0,0.006349580828100443,0
5678,RCN15230,1208-PF-LA-CMPE-GENRE,Laos,ExtendedStrict,XGBoost,2,0,0.046852387487888336,0
5679,RCN15231,1208-PF-LA-CMPE-GENRE,Laos,ExtendedStrict,XGBoost,2,0,0.011379875242710114,0
5680,RCN15233,1208-PF-LA-CMPE-GENRE,Laos,ExtendedStrict,XGBoost,2,1,0.9974959492683411,1
5681,RCN15234,1208-PF-LA-CMPE-GENRE,Laos,ExtendedStrict,XGBoost,2,0,0.051973845809698105,0
5682,RCN15235,1208-PF-LA-CMPE-GENRE,Laos,ExtendedStrict,XGBoost,2,1,0.9975396394729614,1
5683,RCN15236,1208-PF-LA-CMPE-GENRE,Laos,ExtendedStrict,XGBoost,2,1,0.9986888766288757,1
5684,RCN15237,1208-PF-LA-CMPE-GENRE,Laos,ExtendedStrict,XGBoost,2,1,0.9968646168708801,1
5685,RCN15238,1208-PF-LA-CMPE-GENRE,Laos,ExtendedStrict,XGBoost,2,0,0.5738875269889832,1
5686,RCN15239,1208-PF-LA-CMPE-GENRE,Laos,ExtendedStrict,XGBoost,2,0,0.9446572065353394,1
5687,RCN15240,1208-PF-LA-CMPE-GENRE,Laos,ExtendedStrict,XGBoost,2,1,0.9975207448005676,1
5688,RCN15241,1208-PF-LA-CMPE-GENRE,Laos,ExtendedStrict,XGBoost,2,1,0.9974602460861206,1
5689,RCN15242,1208-PF-LA-CMPE-GENRE,Laos,ExtendedStrict,XGBoost,2,1,0.997370719909668,1
5690,RCN15243,1208-PF-LA-CMPE-GENRE,Laos,ExtendedStrict,XGBoost,2,1,0.9957451224327087,1
5691,RCN15244,1208-PF-LA-CMPE-GENRE,Laos,ExtendedStrict,XGBoost,2,1,0.9957451224327087,1
5692,RCN15245,1208-PF-LA-CMPE-GENRE,Laos,ExtendedStrict,XGBoost,2,1,0.9959059953689575,1
5693,RCN15246,1208-PF-LA-CMPE-GENRE,Laos,ExtendedStrict,XGBoost,2,0,0.06923552602529526,0
5694,RCN15247,1208-PF-LA-CMPE-GENRE,Laos,ExtendedStrict,XGBoost,2,0,0.23989972472190857,0
5695,RCN15248,1208-PF-LA-CMPE-GENRE,Laos,ExtendedStrict,XGBoost,2,1,0.9960338473320007,1
5696,RCN15249,1208-PF-LA-CMPE-GENRE,Laos,ExtendedStrict,XGBoost,2,1,0.9025209546089172,1
5697,RCN15250,1208-PF-LA-CMPE-GENRE,Laos,ExtendedStrict,XGBoost,2,0,0.015108794905245304,0
5698,RCN15251,1208-PF-LA-CMPE-GENRE,Laos,ExtendedStrict,XGBoost,2,0,0.013418396934866905,0
5699,RCN15252,1208-PF-LA-CMPE-GENRE,Laos,ExtendedStrict,XGBoost,2,0,0.01777205616235733,0
5700,RCN15253,1208-PF-LA-CMPE-GENRE,Laos,ExtendedStrict,XGBoost,2,0,0.24225454032421112,0
5701,RCN15255,1208-PF-LA-CMPE-GENRE,Laos,ExtendedStrict,XGBoost,2,0,0.62795490026474,1
5702,RCN15256,1208-PF-LA-CMPE-GENRE,Laos,ExtendedStrict,XGBoost,2,0,0.7241654396057129,1
5703,RCN15258,1208-PF-LA-CMPE-GENRE,Laos,ExtendedStrict,XGBoost,2,1,0.9964575171470642,1
5704,RCN15259,1208-PF-LA-CMPE-GENRE,Laos,ExtendedStrict,XGBoost,2,0,0.061859130859375,0
5705,RCN15260,1208-PF-LA-CMPE-GENRE,Laos,ExtendedStrict,XGBoost,2,1,0.9974602460861206,1
5706,RCN15261,1208-PF-LA-CMPE-GENRE,Laos,ExtendedStrict,XGBoost,2,1,0.997802197933197,1
5707,RCN15262,1208-PF-LA-CMPE-GENRE,Laos,ExtendedStrict,XGBoost,2,0,0.13950665295124054,0
5708,RCN15264,1208-PF-LA-CMPE-GENRE,Laos,ExtendedStrict,XGBoost,2,0,0.06901859492063522,0
5709,RCN15265,1208-PF-LA-CMPE-GENRE,Laos,ExtendedStrict,XGBoost,2,0,0.015108794905245304,0
5710,RCN15267,1208-PF-LA-CMPE-GENRE,Laos,ExtendedStrict,XGBoost,2,0,0.030326448380947113,0
5711,RCN15268,1208-PF-LA-CMPE-GENRE,Laos,ExtendedStrict,XGBoost,2,0,0.029336491599678993,0
5712,RCN15269,1208-PF-LA-CMPE-GENRE,Laos,ExtendedStrict,XGBoost,2,1,0.9629841446876526,1
5713,RCN15270,1208-PF-LA-CMPE-GENRE,Laos,ExtendedStrict,XGBoost,2,0,0.0683458223938942,0
5714,RCN15271,1208-PF-LA-CMPE-GENRE,Laos,ExtendedStrict,XGBoost,2,0,0.06901859492063522,0
5715,RCN15272,1208-PF-LA-CMPE-GENRE,Laos,ExtendedStrict,XGBoost,2,0,0.11349617689847946,0
5716,RCN15273,1208-PF-LA-CMPE-GENRE,Laos,ExtendedStrict,XGBoost,2,0,0.022351767867803574,0
5717,RCN15274,1208-PF-LA-CMPE-GENRE,Laos,ExtendedStrict,XGBoost,2,1,0.36212342977523804,0
5718,RCN15275,1208-PF-LA-CMPE-GENRE,Laos,ExtendedStrict,XGBoost,2,1,0.9983495473861694,1
5719,RCN15276,1208-PF-LA-CMPE-GENRE,Laos,ExtendedStrict,XGBoost,2,1,0.9986888766288757,1
5720,RCN15277,1208-PF-LA-CMPE-GENRE,Laos,ExtendedStrict,XGBoost,2,0,0.04328364133834839,0
5721,RCN15278,1208-PF-LA-CMPE-GENRE,Laos,ExtendedStrict,XGBoost,2,1,0.998552143573761,1
5722,RCN15279,1208-PF-LA-CMPE-GENRE,Laos,ExtendedStrict,XGBoost,2,1,0.9986888766288757,1
5723,RCN15280,1208-PF-LA-CMPE-GENRE,Laos,ExtendedStrict,XGBoost,2,1,0.9983727931976318,1
5724,RCN15281,1208-PF-LA-CMPE-GENRE,Laos,ExtendedStrict,XGBoost,2,1,0.9978850483894348,1
5725,RCN15282,1208-PF-LA-CMPE-GENRE,Laos,ExtendedStrict,XGBoost,2,1,0.9988075494766235,1
5726,RCN15283,1208-PF-LA-CMPE-GENRE,Laos,ExtendedStrict,XGBoost,2,1,0.998552143573761,1
5727,RCN15284,1208-PF-LA-CMPE-GENRE,Laos,ExtendedStrict,XGBoost,2,0,0.9475839138031006,1
5728,RCN15285,1208-PF-LA-CMPE-GENRE,Laos,ExtendedStrict,XGBoost,2,0,0.26598885655403137,0
5729,RCN15287,1208-PF-LA-CMPE-GENRE,Laos,ExtendedStrict,XGBoost,2,0,0.015108794905245304,0
5730,RCN15288,1208-PF-LA-CMPE-GENRE,Laos,ExtendedStrict,XGBoost,2,0,0.06961431354284286,0
5731,RCN15290,1208-PF-LA-CMPE-GENRE,Laos,ExtendedStrict,XGBoost,2,0,0.28986021876335144,0
5732,RCN15291,1208-PF-LA-CMPE-GENRE,Laos,ExtendedStrict,XGBoost,2,0,0.010080094449222088,0
5733,RCN15292,1208-PF-LA-CMPE-GENRE,Laos,ExtendedStrict,XGBoost,2,0,0.07818092405796051,0
5734,RCN15293,1208-PF-LA-CMPE-GENRE,Laos,ExtendedStrict,XGBoost,2,0,0.025260252878069878,0
5735,RCN15294,1208-PF-LA-CMPE-GENRE,Laos,ExtendedStrict,XGBoost,2,0,0.060451723635196686,0
5736,RCN15295,1208-PF-LA-CMPE-GENRE,Laos,ExtendedStrict,XGBoost,2,1,0.9381999373435974,1
5737,RCN15296,1208-PF-LA-CMPE-GENRE,Laos,ExtendedStrict,XGBoost,2,0,0.02689948119223118,0
5738,RCN15297,1208-PF-LA-CMPE-GENRE,Laos,ExtendedStrict,XGBoost,2,0,0.017602022737264633,0
5739,RCN15298,1208-PF-LA-CMPE-GENRE,Laos,ExtendedStrict,XGBoost,2,0,0.01639244146645069,0
5740,RCN15299,1208-PF-LA-CMPE-GENRE,Laos,ExtendedStrict,XGBoost,2,0,0.04267464205622673,0
5741,RCN15300,1208-PF-LA-CMPE-GENRE,Laos,ExtendedStrict,XGBoost,2,0,0.06253322213888168,0
5742,RCN15301,1208-PF-LA-CMPE-GENRE,Laos,ExtendedStrict,XGBoost,2,0,0.015108794905245304,0
5743,RCN15302,1208-PF-LA-CMPE-GENRE,Laos,ExtendedStrict,XGBoost,2,0,0.03933725878596306,0
5744,RCN15303,1208-PF-LA-CMPE-GENRE,Laos,ExtendedStrict,XGBoost,2,0,0.04343507066369057,0
5745,RCN15304,1208-PF-LA-CMPE-GENRE,Laos,ExtendedStrict,XGBoost,2,0,0.044958680868148804,0
5746,RCN15305,1208-PF-LA-CMPE-GENRE,Laos,ExtendedStrict,XGBoost,2,0,0.029359251260757446,0
5747,RCN15306,1208-PF-LA-CMPE-GENRE,Laos,ExtendedStrict,XGBoost,2,1,0.7049488425254822,1
5748,RCN15307,1208-PF-LA-CMPE-GENRE,Laos,ExtendedStrict,XGBoost,2,0,0.07325537502765656,0
5749,RCN15308,1208-PF-LA-CMPE-GENRE,Laos,ExtendedStrict,XGBoost,2,0,0.07818092405796051,0
5750,RCN15309,1208-PF-LA-CMPE-GENRE,Laos,ExtendedStrict,XGBoost,2,0,0.07818092405796051,0
5751,RCN15310,1208-PF-LA-CMPE-GENRE,Laos,ExtendedStrict,XGBoost,2,1,0.7049488425254822,1
5752,RCN15311,1208-PF-LA-CMPE-GENRE,Laos,ExtendedStrict,XGBoost,2,0,0.06875693798065186,0
5753,RCN15312,1208-PF-LA-CMPE-GENRE,Laos,ExtendedStrict,XGBoost,2,0,0.06961431354284286,0
5754,RCN15313,1208-PF-LA-CMPE-GENRE,Laos,ExtendedStrict,XGBoost,2,0,0.07818092405796051,0
5755,RCN15315,1208-PF-LA-CMPE-GENRE,Laos,ExtendedStrict,XGBoost,2,1,0.998552143573761,1
5756,RCN15316,1208-PF-LA-CMPE-GENRE,Laos,ExtendedStrict,XGBoost,2,0,0.010080094449222088,0
5757,RCN15317,1208-PF-LA-CMPE-GENRE,Laos,ExtendedStrict,XGBoost,2,0,0.01639244146645069,0
5758,RCN15318,1208-PF-LA-CMPE-GENRE,Laos,ExtendedStrict,XGBoost,2,0,0.015655040740966797,0
5759,RCN15319,1208-PF-LA-CMPE-GENRE,Laos,ExtendedStrict,XGBoost,2,0,0.061859130859375,0
5760,RCN15320,1208-PF-LA-CMPE-GENRE,Laos,ExtendedStrict,XGBoost,2,0,0.018306486308574677,0
5761,RCN15321,1208-PF-LA-CMPE-GENRE,Laos,ExtendedStrict,XGBoost,2,0,0.017368720844388008,0
5762,RCN15322,1208-PF-LA-CMPE-GENRE,Laos,ExtendedStrict,XGBoost,2,0,0.06003612279891968,0
5763,RCN15323,1208-PF-LA-CMPE-GENRE,Laos,ExtendedStrict,XGBoost,2,0,0.03929508104920387,0
5764,RCN15324,1208-PF-LA-CMPE-GENRE,Laos,ExtendedStrict,XGBoost,2,0,0.04328364133834839,0
5765,RCN15325,1208-PF-LA-CMPE-GENRE,Laos,ExtendedStrict,XGBoost,2,0,0.02833576314151287,0
5766,RCN15326,1208-PF-LA-CMPE-GENRE,Laos,ExtendedStrict,XGBoost,2,0,0.04041697457432747,0
5767,RCN15327,1208-PF-LA-CMPE-GENRE,Laos,ExtendedStrict,XGBoost,2,1,0.9983495473861694,1
5768,RCN15328,1208-PF-LA-CMPE-GENRE,Laos,ExtendedStrict,XGBoost,2,1,0.9983495473861694,1
5769,RCN15329,1208-PF-LA-CMPE-GENRE,Laos,ExtendedStrict,XGBoost,2,1,0.9986433386802673,1
5770,RCN15330,1208-PF-LA-CMPE-GENRE,Laos,ExtendedStrict,XGBoost,2,0,0.06875693798065186,0
5771,RCN15331,1208-PF-LA-CMPE-GENRE,Laos,ExtendedStrict,XGBoost,2,0,0.04081191495060921,0
5772,RCN15332,1208-PF-LA-CMPE-GENRE,Laos,ExtendedStrict,XGBoost,2,0,0.015012342482805252,0
5773,RCN15333,1208-PF-LA-CMPE-GENRE,Laos,ExtendedStrict,XGBoost,2,1,0.9978304505348206,1
5774,RCN15334,1208-PF-LA-CMPE-GENRE,Laos,ExtendedStrict,XGBoost,2,0,0.07818092405796051,0
5775,RCN15335,1208-PF-LA-CMPE-GENRE,Laos,ExtendedStrict,XGBoost,2,0,0.008267468772828579,0
5776,RCN15337,1208-PF-LA-CMPE-GENRE,Laos,ExtendedStrict,XGBoost,2,0,0.005977623630315065,0
5777,RCN15338,1208-PF-LA-CMPE-GENRE,Laos,ExtendedStrict,XGBoost,2,0,0.005977623630315065,0
5778,RCN15340,1208-PF-LA-CMPE-GENRE,Laos,ExtendedStrict,XGBoost,2,1,0.7614017724990845,1
5779,RCN15341,1208-PF-LA-CMPE-GENRE,Laos,ExtendedStrict,XGBoost,2,0,0.015484750270843506,0
5780,RCN15342,1208-PF-LA-CMPE-GENRE,Laos,ExtendedStrict,XGBoost,2,1,0.9986888766288757,1
5781,RCN15343,1208-PF-LA-CMPE-GENRE,Laos,ExtendedStrict,XGBoost,2,1,0.9455677270889282,1
5782,RCN15345,1208-PF-LA-CMPE-GENRE,Laos,ExtendedStrict,XGBoost,2,0,0.015655040740966797,0
5783,RCN15346,1208-PF-LA-CMPE-GENRE,Laos,ExtendedStrict,XGBoost,2,0,0.015655040740966797,0
5784,RCN15347,1208-PF-LA-CMPE-GENRE,Laos,ExtendedStrict,XGBoost,2,1,0.8918113708496094,1
5785,RCN15348,1208-PF-LA-CMPE-GENRE,Laos,ExtendedStrict,XGBoost,2,1,0.8918113708496094,1
5786,RCN15349,1208-PF-LA-CMPE-GENRE,Laos,ExtendedStrict,XGBoost,2,1,0.8821128010749817,1
5787,RCN15350,1208-PF-LA-CMPE-GENRE,Laos,ExtendedStrict,XGBoost,2,1,0.8880712389945984,1
5788,RCN15351,1208-PF-LA-CMPE-GENRE,Laos,ExtendedStrict,XGBoost,2,1,0.9420373439788818,1
5789,RCN15352,1208-PF-LA-CMPE-GENRE,Laos,ExtendedStrict,XGBoost,2,0,0.017368720844388008,0
5790,RCN15353,1208-PF-LA-CMPE-GENRE,Laos,ExtendedStrict,XGBoost,2,1,0.8859925270080566,1
5791,RCN15354,1208-PF-LA-CMPE-GENRE,Laos,ExtendedStrict,XGBoost,2,1,0.997802197933197,1
5792,RCN15355,1208-PF-LA-CMPE-GENRE,Laos,ExtendedStrict,XGBoost,2,1,0.8859925270080566,1
5793,RCN15356,1208-PF-LA-CMPE-GENRE,Laos,ExtendedStrict,XGBoost,2,0,0.017368720844388008,0
5794,RCN15357,1208-PF-LA-CMPE-GENRE,Laos,ExtendedStrict,XGBoost,2,0,0.060666173696517944,0
5795,RCN15358,1208-PF-LA-CMPE-GENRE,Laos,ExtendedStrict,XGBoost,2,1,0.998552143573761,1
5796,RCN15359,1208-PF-LA-CMPE-GENRE,Laos,ExtendedStrict,XGBoost,2,1,0.9953005313873291,1
5797,RCN15360,1208-PF-LA-CMPE-GENRE,Laos,ExtendedStrict,XGBoost,2,0,0.9698687195777893,1
5798,RCN15362,1208-PF-LA-CMPE-GENRE,Laos,ExtendedStrict,XGBoost,2,0,0.017368720844388008,0
5799,RCN15363,1208-PF-LA-CMPE-GENRE,Laos,ExtendedStrict,XGBoost,2,0,0.017559796571731567,0
5800,RCN15364,1208-PF-LA-CMPE-GENRE,Laos,ExtendedStrict,XGBoost,2,0,0.015108794905245304,0
5801,RCN15365,1208-PF-LA-CMPE-GENRE,Laos,ExtendedStrict,XGBoost,2,0,0.015108794905245304,0
5802,RCN15366,1208-PF-LA-CMPE-GENRE,Laos,ExtendedStrict,XGBoost,2,0,0.015012342482805252,0
5803,RCN15368,1208-PF-LA-CMPE-GENRE,Laos,ExtendedStrict,XGBoost,2,0,0.06618014723062515,0
5804,RCN15369,1208-PF-LA-CMPE-GENRE,Laos,ExtendedStrict,XGBoost,2,0,0.015655040740966797,0
5805,RCN15370,1208-PF-LA-CMPE-GENRE,Laos,ExtendedStrict,XGBoost,2,0,0.017447978258132935,0
5806,RCN15371,1208-PF-LA-CMPE-GENRE,Laos,ExtendedStrict,XGBoost,2,1,0.9986888766288757,1
5807,RCN15372,1208-PF-LA-CMPE-GENRE,Laos,ExtendedStrict,XGBoost,2,0,0.015655040740966797,0
5808,RCN15373,1208-PF-LA-CMPE-GENRE,Laos,ExtendedStrict,XGBoost,2,0,0.015012342482805252,0
5809,RCN15374,1208-PF-LA-CMPE-GENRE,Laos,ExtendedStrict,XGBoost,2,0,0.015108794905245304,0
5810,RCN15376,1208-PF-LA-CMPE-GENRE,Laos,ExtendedStrict,XGBoost,2,0,0.06084229797124863,0
5811,RCN15377,1208-PF-LA-CMPE-GENRE,Laos,ExtendedStrict,XGBoost,2,0,0.06875693798065186,0
5812,RCN15378,1208-PF-LA-CMPE-GENRE,Laos,ExtendedStrict,XGBoost,2,0,0.037866394966840744,0
5813,RCN15379,1208-PF-LA-CMPE-GENRE,Laos,ExtendedStrict,XGBoost,2,0,0.017368720844388008,0
5814,RCN15380,1208-PF-LA-CMPE-GENRE,Laos,ExtendedStrict,XGBoost,2,0,0.015655040740966797,0
5815,RCN15381,1208-PF-LA-CMPE-GENRE,Laos,ExtendedStrict,XGBoost,2,0,0.015655040740966797,0
5816,RCN15382,1208-PF-LA-CMPE-GENRE,Laos,ExtendedStrict,XGBoost,2,0,0.015655040740966797,0
5817,RCN15386,1208-PF-LA-CMPE-GENRE,Laos,ExtendedStrict,XGBoost,2,0,0.015108794905245304,0
5818,RCN15387,1208-PF-LA-CMPE-GENRE,Laos,ExtendedStrict,XGBoost,2,0,0.015108794905245304,0
5926,RCN16513,1210-PF-TH-MAUDE,Thailand,ExtendedStrict,XGBoost,2,1,0.9969034790992737,1
5927,RCN16514,1210-PF-TH-MAUDE,Thailand,ExtendedStrict,XGBoost,2,1,0.9721136689186096,1
5928,RCN16515,1210-PF-TH-MAUDE,Thailand,ExtendedStrict,XGBoost,2,1,0.9964374303817749,1
5929,RCN16516,1210-PF-TH-MAUDE,Thailand,ExtendedStrict,XGBoost,2,1,0.9962978959083557,1
5930,RCN16517,1210-PF-TH-MAUDE,Thailand,ExtendedStrict,XGBoost,2,1,0.9624298810958862,1
5931,RCN16518,1210-PF-TH-MAUDE,Thailand,ExtendedStrict,XGBoost,2,1,0.9313712120056152,1
5932,RCN16519,1210-PF-TH-MAUDE,Thailand,ExtendedStrict,XGBoost,2,1,0.9465542435646057,1
5933,RCN16520,1210-PF-TH-MAUDE,Thailand,ExtendedStrict,XGBoost,2,1,0.9547348618507385,1
5934,RCN16521,1210-PF-TH-MAUDE,Thailand,ExtendedStrict,XGBoost,2,1,0.9762682318687439,1
5935,RCN16522,1210-PF-TH-MAUDE,Thailand,ExtendedStrict,XGBoost,2,1,0.9965863227844238,1
5936,RCN16524,1210-PF-TH-MAUDE,Thailand,ExtendedStrict,XGBoost,2,1,0.9339691400527954,1
5937,RCN16528,1210-PF-TH-MAUDE,Thailand,ExtendedStrict,XGBoost,2,1,0.940021276473999,1
5938,RCN16529,1210-PF-TH-MAUDE,Thailand,ExtendedStrict,XGBoost,2,1,0.9979937076568604,1
5939,RCN16530,1210-PF-TH-MAUDE,Thailand,ExtendedStrict,XGBoost,2,1,0.9962790608406067,1
5940,RCN16531,1210-PF-TH-MAUDE,Thailand,ExtendedStrict,XGBoost,2,1,0.9981811046600342,1
5941,RCN16532,1210-PF-TH-MAUDE,Thailand,ExtendedStrict,XGBoost,2,1,0.9966636300086975,1
5942,RCN16534,1210-PF-TH-MAUDE,Thailand,ExtendedStrict,XGBoost,2,1,0.9920503497123718,1
5943,RCN16536,1210-PF-TH-MAUDE,Thailand,ExtendedStrict,XGBoost,2,1,0.994624674320221,1
5944,RCN16537,1210-PF-TH-MAUDE,Thailand,ExtendedStrict,XGBoost,2,1,0.9665437340736389,1
5945,RCN16538,1210-PF-TH-MAUDE,Thailand,ExtendedStrict,XGBoost,2,1,0.99399334192276,1
5946,RCN16539,1210-PF-TH-MAUDE,Thailand,ExtendedStrict,XGBoost,2,1,0.9675508737564087,1
5947,RCN16540,1210-PF-TH-MAUDE,Thailand,ExtendedStrict,XGBoost,2,1,0.9970445036888123,1
5948,RCN16541,1210-PF-TH-MAUDE,Thailand,ExtendedStrict,XGBoost,2,1,0.9971411228179932,1
5949,RCN16542,1210-PF-TH-MAUDE,Thailand,ExtendedStrict,XGBoost,2,1,0.995762050151825,1
5950,RCN16544,1210-PF-TH-MAUDE,Thailand,ExtendedStrict,XGBoost,2,1,0.9938715696334839,1
5951,RCN16545,1210-PF-TH-MAUDE,Thailand,ExtendedStrict,XGBoost,2,1,0.9602214694023132,1
5952,RCN16546,1210-PF-TH-MAUDE,Thailand,ExtendedStrict,XGBoost,2,1,0.931871771812439,1
5953,RCN16548,1210-PF-TH-MAUDE,Thailand,ExtendedStrict,XGBoost,2,1,0.9971731901168823,1
5954,RCN16549,1210-PF-TH-MAUDE,Thailand,ExtendedStrict,XGBoost,2,1,0.9970445036888123,1
5955,RCN16550,1210-PF-TH-MAUDE,Thailand,ExtendedStrict,XGBoost,2,1,0.9959057569503784,1
5956,RCN16551,1210-PF-TH-MAUDE,Thailand,ExtendedStrict,XGBoost,2,1,0.9952371120452881,1
5957,RCN16552,1210-PF-TH-MAUDE,Thailand,ExtendedStrict,XGBoost,2,1,0.9975207448005676,1
5958,RCN16553,1210-PF-TH-MAUDE,Thailand,ExtendedStrict,XGBoost,2,1,0.9964564442634583,1
5959,RCN16554,1210-PF-TH-MAUDE,Thailand,ExtendedStrict,XGBoost,2,1,0.9960338473320007,1
5960,RCN16555,1210-PF-TH-MAUDE,Thailand,ExtendedStrict,XGBoost,2,1,0.9965863227844238,1
5961,RCN16557,1210-PF-TH-MAUDE,Thailand,ExtendedStrict,XGBoost,2,1,0.9972898960113525,1
5962,RCN16558,1210-PF-TH-MAUDE,Thailand,ExtendedStrict,XGBoost,2,1,0.9972666501998901,1
5963,RCN16559,1210-PF-TH-MAUDE,Thailand,ExtendedStrict,XGBoost,2,1,0.9975396394729614,1
5964,RCN16560,1210-PF-TH-MAUDE,Thailand,ExtendedStrict,XGBoost,2,1,0.9972666501998901,1
5965,RCN16561,1210-PF-TH-MAUDE,Thailand,ExtendedStrict,XGBoost,2,1,0.997802197933197,1
5966,RCN16562,1210-PF-TH-MAUDE,Thailand,ExtendedStrict,XGBoost,2,1,0.9972898960113525,1
5967,RCN16563,1210-PF-TH-MAUDE,Thailand,ExtendedStrict,XGBoost,2,1,0.9972898960113525,1
5968,RCN16564,1210-PF-TH-MAUDE,Thailand,ExtendedStrict,XGBoost,2,1,0.994044840335846,1
5969,RCN16565,1210-PF-TH-MAUDE,Thailand,ExtendedStrict,XGBoost,2,1,0.9974602460861206,1
5970,RCN16575,1210-PF-TH-MAUDE,Thailand,ExtendedStrict,XGBoost,2,1,0.6353221535682678,1
5971,RCN16576,1210-PF-TH-MAUDE,Thailand,ExtendedStrict,XGBoost,2,1,0.9969407916069031,1
5972,RCN16578,1210-PF-TH-MAUDE,Thailand,ExtendedStrict,XGBoost,2,1,0.9964346885681152,1
5973,RCN16587,1210-PF-TH-MAUDE,Thailand,ExtendedStrict,XGBoost,2,1,0.9972666501998901,1
6689,RCN25181,1208-PF-LA-CMPE-GENRE,Laos,ExtendedStrict,XGBoost,2,1,0.9980291724205017,1
6690,RCN25182,1208-PF-LA-CMPE-GENRE,Laos,ExtendedStrict,XGBoost,2,1,0.9984116554260254,1
6691,RCN25183,1208-PF-LA-CMPE-GENRE,Laos,ExtendedStrict,XGBoost,2,1,0.9986401200294495,1
6692,RCN25187,1208-PF-LA-CMPE-GENRE,Laos,ExtendedStrict,XGBoost,2,1,0.9994875192642212,1
6693,RCN25188,1208-PF-LA-CMPE-GENRE,Laos,ExtendedStrict,XGBoost,2,1,0.30650749802589417,0
6694,RCN25190,1208-PF-LA-CMPE-GENRE,Laos,ExtendedStrict,XGBoost,2,1,0.9821547269821167,1
6695,RCN25192,1208-PF-LA-CMPE-GENRE,Laos,ExtendedStrict,XGBoost,2,1,0.9337418675422668,1
6696,RCN25203,1208-PF-LA-CMPE-GENRE,Laos,ExtendedStrict,XGBoost,2,1,0.9974652528762817,1
6697,RCN25204,1208-PF-LA-CMPE-GENRE,Laos,ExtendedStrict,XGBoost,2,1,0.9986217021942139,1
6698,RCN25206,1208-PF-LA-CMPE-GENRE,Laos,ExtendedStrict,XGBoost,2,1,0.9987289309501648,1
6699,RCN25207,1208-PF-LA-CMPE-GENRE,Laos,ExtendedStrict,XGBoost,2,0,0.12087950110435486,0
6700,RCN25208,1208-PF-LA-CMPE-GENRE,Laos,ExtendedStrict,XGBoost,2,1,0.768930196762085,1
6701,RCN25209,1208-PF-LA-CMPE-GENRE,Laos,ExtendedStrict,XGBoost,2,1,0.997006356716156,1
6702,RCN25211,1208-PF-LA-CMPE-GENRE,Laos,ExtendedStrict,XGBoost,2,1,0.6243048310279846,1
6703,RCN25213,1208-PF-LA-CMPE-GENRE,Laos,ExtendedStrict,XGBoost,2,1,0.9961333274841309,1
6704,RCN25215,1208-PF-LA-CMPE-GENRE,Laos,ExtendedStrict,XGBoost,2,1,0.9964562058448792,1
6705,RCN25221,1208-PF-LA-CMPE-GENRE,Laos,ExtendedStrict,XGBoost,2,1,0.9982719421386719,1
6706,RCN25223,1208-PF-LA-CMPE-GENRE,Laos,ExtendedStrict,XGBoost,2,1,0.9795499444007874,1
6707,RCN25228,1208-PF-LA-CMPE-GENRE,Laos,ExtendedStrict,XGBoost,2,1,0.9987282156944275,1
6708,RCN25232,1208-PF-LA-CMPE-GENRE,Laos,ExtendedStrict,XGBoost,2,1,0.9620842933654785,1
6709,RCN25234,1208-PF-LA-CMPE-GENRE,Laos,ExtendedStrict,XGBoost,2,1,0.9984115362167358,1
6710,RCN25238,1208-PF-LA-CMPE-GENRE,Laos,ExtendedStrict,XGBoost,2,1,0.9858426451683044,1
6711,RCN25240,1208-PF-LA-CMPE-GENRE,Laos,ExtendedStrict,XGBoost,2,1,0.9988034963607788,1
6712,RCN25249,1208-PF-LA-CMPE-GENRE,Laos,ExtendedStrict,XGBoost,2,1,0.9969099164009094,1
6713,RCN25251,1208-PF-LA-CMPE-GENRE,Laos,ExtendedStrict,XGBoost,2,1,0.30488815903663635,0
6714,RCN25252,1208-PF-LA-CMPE-GENRE,Laos,ExtendedStrict,XGBoost,2,1,0.7327022552490234,1
6715,RCN25257,1208-PF-LA-CMPE-GENRE,Laos,ExtendedStrict,XGBoost,2,1,0.9716784358024597,1
6716,RCN25259,1208-PF-LA-CMPE-GENRE,Laos,ExtendedStrict,XGBoost,2,1,0.9985659718513489,1
6717,RCN25260,1208-PF-LA-CMPE-GENRE,Laos,ExtendedStrict,XGBoost,2,1,0.9955812096595764,1
6718,RCN25265,1208-PF-LA-CMPE-GENRE,Laos,ExtendedStrict,XGBoost,2,0,0.012607289478182793,0
6719,RCN25267,1208-PF-LA-CMPE-GENRE,Laos,ExtendedStrict,XGBoost,2,0,0.018203886225819588,0
6720,RCN25273,1208-PF-LA-CMPE-GENRE,Laos,ExtendedStrict,XGBoost,2,1,0.6782717704772949,1
6721,RCN25280,1208-PF-LA-CMPE-GENRE,Laos,ExtendedStrict,XGBoost,2,1,0.5968273878097534,1
6722,RCN25284,1208-PF-LA-CMPE-GENRE,Laos,ExtendedStrict,XGBoost,2,0,0.01282254233956337,0
6723,RCN25285,1208-PF-LA-CMPE-GENRE,Laos,ExtendedStrict,XGBoost,2,0,0.009943424724042416,0
6724,RCN25288,1208-PF-LA-CMPE-GENRE,Laos,ExtendedStrict,XGBoost,2,0,0.0056845215149223804,0
6725,RCN25292,1208-PF-LA-CMPE-GENRE,Laos,ExtendedStrict,XGBoost,2,0,0.011637336574494839,0
6726,RCN25293,1208-PF-LA-CMPE-GENRE,Laos,ExtendedStrict,XGBoost,2,0,0.0036407627630978823,0
6727,RCN25308,1208-PF-LA-CMPE-GENRE,Laos,ExtendedStrict,XGBoost,2,0,0.018957505002617836,0
6728,RCN25309,1208-PF-LA-CMPE-GENRE,Laos,ExtendedStrict,XGBoost,2,1,0.6153080463409424,1
6729,RCN25314,1208-PF-LA-CMPE-GENRE,Laos,ExtendedStrict,XGBoost,2,1,0.998404324054718,1
6730,RCN25316,1208-PF-LA-CMPE-GENRE,Laos,ExtendedStrict,XGBoost,2,1,0.9978513717651367,1
6731,RCN25317,1208-PF-LA-CMPE-GENRE,Laos,ExtendedStrict,XGBoost,2,0,0.0249174777418375,0
6732,RCN25318,1208-PF-LA-CMPE-GENRE,Laos,ExtendedStrict,XGBoost,2,0,0.08321546018123627,0
6733,RCN25319,1208-PF-LA-CMPE-GENRE,Laos,ExtendedStrict,XGBoost,2,0,0.30403822660446167,0
6734,RCN25320,1208-PF-LA-CMPE-GENRE,Laos,ExtendedStrict,XGBoost,2,1,0.99698406457901,1
6735,RCN25325,1208-PF-LA-CMPE-GENRE,Laos,ExtendedStrict,XGBoost,2,1,0.9990221261978149,1
6736,RCN25327,1208-PF-LA-CMPE-GENRE,Laos,ExtendedStrict,XGBoost,2,0,0.04755062982439995,0
6737,RCN25332,1208-PF-LA-CMPE-GENRE,Laos,ExtendedStrict,XGBoost,2,1,0.9948574304580688,1
6738,RCN25338,1208-PF-LA-CMPE-GENRE,Laos,ExtendedStrict,XGBoost,2,0,0.11124195158481598,0
6739,RCN25345,1208-PF-LA-CMPE-GENRE,Laos,ExtendedStrict,XGBoost,2,0,0.03487318381667137,0
6740,RCN25346,1208-PF-LA-CMPE-GENRE,Laos,ExtendedStrict,XGBoost,2,0,0.11256546527147293,0
6741,RCN25349,1208-PF-LA-CMPE-GENRE,Laos,ExtendedStrict,XGBoost,2,0,0.00886654295027256,0
6742,RCN25814,1208-PF-LA-CMPE-GENRE,Laos,ExtendedStrict,XGBoost,2,0,0.036119502037763596,0
6743,RCN25821,1208-PF-LA-CMPE-GENRE,Laos,ExtendedStrict,XGBoost,2,0,0.008407795801758766,0
6744,RCN25829,1208-PF-LA-CMPE-GENRE,Laos,ExtendedStrict,XGBoost,2,0,0.009070265106856823,0
6745,RCN25833,1208-PF-LA-CMPE-GENRE,Laos,ExtendedStrict,XGBoost,2,0,0.025446482002735138,0
6746,RCN25836,1208-PF-LA-CMPE-GENRE,Laos,ExtendedStrict,XGBoost,2,0,0.042076367884874344,0
6747,RCN25848,1208-PF-LA-CMPE-GENRE,Laos,ExtendedStrict,XGBoost,2,0,0.02534261718392372,0
6748,RCN25849,1208-PF-LA-CMPE-GENRE,Laos,ExtendedStrict,XGBoost,2,0,0.02276666648685932,0
6749,RCN25851,1208-PF-LA-CMPE-GENRE,Laos,ExtendedStrict,XGBoost,2,0,0.12803159654140472,0
6750,RCN25859,1208-PF-LA-CMPE-GENRE,Laos,ExtendedStrict,XGBoost,2,0,0.02988492324948311,0
6751,RCN25866,1208-PF-LA-CMPE-GENRE,Laos,ExtendedStrict,XGBoost,2,0,0.06700830906629562,0
6752,RCN25871,1208-PF-LA-CMPE-GENRE,Laos,ExtendedStrict,XGBoost,2,0,0.016543228179216385,0
6753,RCN25875,1208-PF-LA-CMPE-GENRE,Laos,ExtendedStrict,XGBoost,2,0,0.0191419068723917,0
6754,RCN25884,1208-PF-LA-CMPE-GENRE,Laos,ExtendedStrict,XGBoost,2,0,0.011310793459415436,0
6755,RCN25885,1208-PF-LA-CMPE-GENRE,Laos,ExtendedStrict,XGBoost,2,0,0.008190876804292202,0
6756,RCN25886,1208-PF-LA-CMPE-GENRE,Laos,ExtendedStrict,XGBoost,2,1,0.5444675087928772,1
6757,RCN25890,1208-PF-LA-CMPE-GENRE,Laos,ExtendedStrict,XGBoost,2,0,0.019789673388004303,0
6758,RCN25892,1208-PF-LA-CMPE-GENRE,Laos,ExtendedStrict,XGBoost,2,0,0.03129209578037262,0
6759,RCN25897,1208-PF-LA-CMPE-GENRE,Laos,ExtendedStrict,XGBoost,2,0,0.008390452712774277,0
6760,RCN25898,1208-PF-LA-CMPE-GENRE,Laos,ExtendedStrict,XGBoost,2,0,0.021655473858118057,0
6761,RCN25902,1208-PF-LA-CMPE-GENRE,Laos,ExtendedStrict,XGBoost,2,0,0.01846425235271454,0
6762,RCN25906,1208-PF-LA-CMPE-GENRE,Laos,ExtendedStrict,XGBoost,2,0,0.04831387847661972,0
6763,RCN25907,1208-PF-LA-CMPE-GENRE,Laos,ExtendedStrict,XGBoost,2,0,0.019892390817403793,0
6764,RCN25908,1208-PF-LA-CMPE-GENRE,Laos,ExtendedStrict,XGBoost,2,0,0.01757177896797657,0
6765,RCN25910,1208-PF-LA-CMPE-GENRE,Laos,ExtendedStrict,XGBoost,2,0,0.0070861345157027245,0
6766,RCN25912,1208-PF-LA-CMPE-GENRE,Laos,ExtendedStrict,XGBoost,2,0,0.008172253146767616,0
6767,RCN25913,1208-PF-LA-CMPE-GENRE,Laos,ExtendedStrict,XGBoost,2,0,0.02565685100853443,0
6768,RCN25920,1208-PF-LA-CMPE-GENRE,Laos,ExtendedStrict,XGBoost,2,0,0.02472989819943905,0
6769,RCN25921,1208-PF-LA-CMPE-GENRE,Laos,ExtendedStrict,XGBoost,2,0,0.02516774833202362,0
6770,RCN25922,1208-PF-LA-CMPE-GENRE,Laos,ExtendedStrict,XGBoost,2,0,0.004200183320790529,0
6771,RCN25923,1208-PF-LA-CMPE-GENRE,Laos,ExtendedStrict,XGBoost,2,0,0.02534261718392372,0
6772,RCN25927,1208-PF-LA-CMPE-GENRE,Laos,ExtendedStrict,XGBoost,2,0,0.01736444979906082,0
6773,RCN25928,1208-PF-LA-CMPE-GENRE,Laos,ExtendedStrict,XGBoost,2,0,0.050886694341897964,0
6774,RCN25930,1208-PF-LA-CMPE-GENRE,Laos,ExtendedStrict,XGBoost,2,0,0.012292209081351757,0
6775,RCN25931,1208-PF-LA-CMPE-GENRE,Laos,ExtendedStrict,XGBoost,2,1,0.8314815759658813,1
6776,RCN25932,1208-PF-LA-CMPE-GENRE,Laos,ExtendedStrict,XGBoost,2,0,0.01497613824903965,0
6777,RCN25933,1208-PF-LA-CMPE-GENRE,Laos,ExtendedStrict,XGBoost,2,1,0.8806976079940796,1
6778,RCN25934,1208-PF-LA-CMPE-GENRE,Laos,ExtendedStrict,XGBoost,2,0,0.09538817405700684,0
6779,RCN25935,1208-PF-LA-CMPE-GENRE,Laos,ExtendedStrict,XGBoost,2,0,0.07715128362178802,0
6780,RCN25936,1208-PF-LA-CMPE-GENRE,Laos,ExtendedStrict,XGBoost,2,0,0.02319924719631672,0
6781,RCN25937,1208-PF-LA-CMPE-GENRE,Laos,ExtendedStrict,XGBoost,2,0,0.06790605187416077,0
6782,RCN25938,1208-PF-LA-CMPE-GENRE,Laos,ExtendedStrict,XGBoost,2,1,0.9974849224090576,1
6783,RCN25942,1208-PF-LA-CMPE-GENRE,Laos,ExtendedStrict,XGBoost,2,0,0.03376179188489914,0
6784,RCN25943,1208-PF-LA-CMPE-GENRE,Laos,ExtendedStrict,XGBoost,2,0,0.01290963962674141,0
6785,RCN25944,1208-PF-LA-CMPE-GENRE,Laos,ExtendedStrict,XGBoost,2,0,0.03222571685910225,0
6786,RCN25945,1208-PF-LA-CMPE-GENRE,Laos,ExtendedStrict,XGBoost,2,0,0.09570784121751785,0
6787,RCN25946,1208-PF-LA-CMPE-GENRE,Laos,ExtendedStrict,XGBoost,2,1,0.958587646484375,1
6788,RCN25947,1208-PF-LA-CMPE-GENRE,Laos,ExtendedStrict,XGBoost,2,1,0.9705089926719666,1
6789,RCN25952,1208-PF-LA-CMPE-GENRE,Laos,ExtendedStrict,XGBoost,2,0,0.10798916965723038,0
6790,RCN25956,1208-PF-LA-CMPE-GENRE,Laos,ExtendedStrict,XGBoost,2,0,0.05416412651538849,0
6791,RCN25957,1208-PF-LA-CMPE-GENRE,Laos,ExtendedStrict,XGBoost,2,0,0.04789939895272255,0
6792,RCN25958,1208-PF-LA-CMPE-GENRE,Laos,ExtendedStrict,XGBoost,2,0,0.04425952211022377,0
6793,RCN25960,1208-PF-LA-CMPE-GENRE,Laos,ExtendedStrict,XGBoost,2,1,0.8635074496269226,1
6794,RCN25961,1208-PF-LA-CMPE-GENRE,Laos,ExtendedStrict,XGBoost,2,1,0.7469542026519775,1
6795,RCN25962,1208-PF-LA-CMPE-GENRE,Laos,ExtendedStrict,XGBoost,2,1,0.8566920757293701,1
6796,RCN25964,1208-PF-LA-CMPE-GENRE,Laos,ExtendedStrict,XGBoost,2,1,0.77510005235672,1
6797,RCN25965,1208-PF-LA-CMPE-GENRE,Laos,ExtendedStrict,XGBoost,2,1,0.7663455605506897,1
6798,RCN25967,1208-PF-LA-CMPE-GENRE,Laos,ExtendedStrict,XGBoost,2,1,0.5703939199447632,1
6799,RCN25968,1208-PF-LA-CMPE-GENRE,Laos,ExtendedStrict,XGBoost,2,0,0.01734611950814724,0
6800,RCN25971,1208-PF-LA-CMPE-GENRE,Laos,ExtendedStrict,XGBoost,2,0,0.01734611950814724,0
6801,RCN25972,1208-PF-LA-CMPE-GENRE,Laos,ExtendedStrict,XGBoost,2,0,0.010631068609654903,0
6802,RCN25973,1208-PF-LA-CMPE-GENRE,Laos,ExtendedStrict,XGBoost,2,0,0.008927637711167336,0
6803,RCN25974,1208-PF-LA-CMPE-GENRE,Laos,ExtendedStrict,XGBoost,2,0,0.0356719084084034,0
6804,RCN25975,1208-PF-LA-CMPE-GENRE,Laos,ExtendedStrict,XGBoost,2,0,0.01734611950814724,0
6805,RCN25976,1208-PF-LA-CMPE-GENRE,Laos,ExtendedStrict,XGBoost,2,0,0.02516774833202362,0
6806,RCN25982,1208-PF-LA-CMPE-GENRE,Laos,ExtendedStrict,XGBoost,2,0,0.01734611950814724,0
6807,RCN25983,1208-PF-LA-CMPE-GENRE,Laos,ExtendedStrict,XGBoost,2,0,0.01004702690988779,0
6808,RCN25987,1208-PF-LA-CMPE-GENRE,Laos,ExtendedStrict,XGBoost,2,0,0.03278891742229462,0
6809,RCN25989,1208-PF-LA-CMPE-GENRE,Laos,ExtendedStrict,XGBoost,2,0,0.03257092833518982,0
6810,RCN25992,1208-PF-LA-CMPE-GENRE,Laos,ExtendedStrict,XGBoost,2,0,0.01734611950814724,0
6811,RCN25994,1208-PF-LA-CMPE-GENRE,Laos,ExtendedStrict,XGBoost,2,0,0.010631068609654903,0
6812,RCN25996,1208-PF-LA-CMPE-GENRE,Laos,ExtendedStrict,XGBoost,2,0,0.0356719084084034,0
6813,RCN25997,1208-PF-LA-CMPE-GENRE,Laos,ExtendedStrict,XGBoost,2,0,0.04649141803383827,0
6814,RCN26001,1208-PF-LA-CMPE-GENRE,Laos,ExtendedStrict,XGBoost,2,1,0.9828045964241028,1
6815,RCN26002,1208-PF-LA-CMPE-GENRE,Laos,ExtendedStrict,XGBoost,2,0,0.021236130967736244,0
6816,RCN26003,1208-PF-LA-CMPE-GENRE,Laos,ExtendedStrict,XGBoost,2,0,0.03257092833518982,0
6817,RCN26004,1208-PF-LA-CMPE-GENRE,Laos,ExtendedStrict,XGBoost,2,0,0.032986752688884735,0
6818,RCN26005,1208-PF-LA-CMPE-GENRE,Laos,ExtendedStrict,XGBoost,2,0,0.0323183573782444,0
6819,RCN26009,1208-PF-LA-CMPE-GENRE,Laos,ExtendedStrict,XGBoost,2,0,0.02003573626279831,0
6820,RCN26018,1208-PF-LA-CMPE-GENRE,Laos,ExtendedStrict,XGBoost,2,0,0.03907210752367973,0
6821,RCN26023,1208-PF-LA-CMPE-GENRE,Laos,ExtendedStrict,XGBoost,2,0,0.01734611950814724,0
6822,RCN26024,1208-PF-LA-CMPE-GENRE,Laos,ExtendedStrict,XGBoost,2,0,0.01741401106119156,0
6823,RCN26027,1208-PF-LA-CMPE-GENRE,Laos,ExtendedStrict,XGBoost,2,0,0.554821252822876,1
6824,RCN26029,1208-PF-LA-CMPE-GENRE,Laos,ExtendedStrict,XGBoost,2,1,0.9818258285522461,1
6825,RCN26030,1208-PF-LA-CMPE-GENRE,Laos,ExtendedStrict,XGBoost,2,1,0.6013482213020325,1
6826,RCN26031,1208-PF-LA-CMPE-GENRE,Laos,ExtendedStrict,XGBoost,2,1,0.32921409606933594,0
6827,RCN26048,1208-PF-LA-CMPE-GENRE,Laos,ExtendedStrict,XGBoost,2,0,0.2681387960910797,0
6828,RCN26061,1208-PF-LA-CMPE-GENRE,Laos,ExtendedStrict,XGBoost,2,1,0.7042644619941711,1
6829,RCN26062,1208-PF-LA-CMPE-GENRE,Laos,ExtendedStrict,XGBoost,2,1,0.8536372780799866,1
6830,RCN26064,1208-PF-LA-CMPE-GENRE,Laos,ExtendedStrict,XGBoost,2,1,0.7874066233634949,1
6831,RCN26068,1208-PF-LA-CMPE-GENRE,Laos,ExtendedStrict,XGBoost,2,0,0.02496127411723137,0
6832,RCN26072,1208-PF-LA-CMPE-GENRE,Laos,ExtendedStrict,XGBoost,2,0,0.06151259317994118,0
6833,RCN26076,1208-PF-LA-CMPE-GENRE,Laos,ExtendedStrict,XGBoost,2,0,0.01852564886212349,0
6834,RCN26511,1208-PF-LA-CMPE-GENRE,Laos,ExtendedStrict,XGBoost,2,0,0.2506678104400635,0
6835,RCN26526,1208-PF-LA-CMPE-GENRE,Laos,ExtendedStrict,XGBoost,2,0,0.6975494027137756,1
6836,RCN26541,1208-PF-LA-CMPE-GENRE,Laos,ExtendedStrict,XGBoost,2,0,0.038516540080308914,0
6837,RCN26556,1208-PF-LA-CMPE-GENRE,Laos,ExtendedStrict,XGBoost,2,0,0.02909949980676174,0
6838,RCN26574,1208-PF-LA-CMPE-GENRE,Laos,ExtendedStrict,XGBoost,2,1,0.7434772849082947,1
6839,RCN26582,1208-PF-LA-CMPE-GENRE,Laos,ExtendedStrict,XGBoost,2,1,0.4857448637485504,0
6840,RCN26586,1208-PF-LA-CMPE-GENRE,Laos,ExtendedStrict,XGBoost,2,0,0.9724814891815186,1
6841,RCN26592,1208-PF-LA-CMPE-GENRE,Laos,ExtendedStrict,XGBoost,2,1,0.39426249265670776,0
6842,RCN26594,1208-PF-LA-CMPE-GENRE,Laos,ExtendedStrict,XGBoost,2,1,0.40790116786956787,0
6843,RCN26595,1208-PF-LA-CMPE-GENRE,Laos,ExtendedStrict,XGBoost,2,1,0.40438365936279297,0
6844,RCN26596,1208-PF-LA-CMPE-GENRE,Laos,ExtendedStrict,XGBoost,2,1,0.7086538672447205,1
6845,RCN26599,1208-PF-LA-CMPE-GENRE,Laos,ExtendedStrict,XGBoost,2,1,0.9829991459846497,1
6846,RCN26612,1208-PF-LA-CMPE-GENRE,Laos,ExtendedStrict,XGBoost,2,1,0.4745032489299774,0
6847,RCN26613,1208-PF-LA-CMPE-GENRE,Laos,ExtendedStrict,XGBoost,2,0,0.03337707743048668,0
6848,RCN26617,1208-PF-LA-CMPE-GENRE,Laos,ExtendedStrict,XGBoost,2,0,0.029738016426563263,0
6849,RCN26620,1208-PF-LA-CMPE-GENRE,Laos,ExtendedStrict,XGBoost,2,1,0.6683059334754944,1
6850,RCN26622,1208-PF-LA-CMPE-GENRE,Laos,ExtendedStrict,XGBoost,2,0,0.024589482694864273,0
6851,RCN26624,1208-PF-LA-CMPE-GENRE,Laos,ExtendedStrict,XGBoost,2,0,0.016147810965776443,0
6852,RCN26631,1208-PF-LA-CMPE-GENRE,Laos,ExtendedStrict,XGBoost,2,1,0.5452261567115784,1
6853,RCN26637,1208-PF-LA-CMPE-GENRE,Laos,ExtendedStrict,XGBoost,2,1,0.4335721433162689,0
6854,RCN26638,1208-PF-LA-CMPE-GENRE,Laos,ExtendedStrict,XGBoost,2,1,0.7177327275276184,1
6855,RCN26646,1208-PF-LA-CMPE-GENRE,Laos,ExtendedStrict,XGBoost,2,1,0.9945613741874695,1
6856,RCN26647,1208-PF-LA-CMPE-GENRE,Laos,ExtendedStrict,XGBoost,2,1,0.42999398708343506,0
6857,RCN26648,1208-PF-LA-CMPE-GENRE,Laos,ExtendedStrict,XGBoost,2,1,0.4137875735759735,0
6858,RCN26649,1208-PF-LA-CMPE-GENRE,Laos,ExtendedStrict,XGBoost,2,1,0.45949074625968933,0
6859,RCN26655,1208-PF-LA-CMPE-GENRE,Laos,ExtendedStrict,XGBoost,2,1,0.706049919128418,1
6860,RCN26657,1208-PF-LA-CMPE-GENRE,Laos,ExtendedStrict,XGBoost,2,1,0.28663113713264465,0
6861,RCN26662,1208-PF-LA-CMPE-GENRE,Laos,ExtendedStrict,XGBoost,2,1,0.9964229464530945,1
6862,RCN26663,1208-PF-LA-CMPE-GENRE,Laos,ExtendedStrict,XGBoost,2,0,0.5505899786949158,1
6863,RCN26664,1208-PF-LA-CMPE-GENRE,Laos,ExtendedStrict,XGBoost,2,1,0.4137875735759735,0
6864,RCN26666,1208-PF-LA-CMPE-GENRE,Laos,ExtendedStrict,XGBoost,2,1,0.45949074625968933,0
6865,RCN26670,1208-PF-LA-CMPE-GENRE,Laos,ExtendedStrict,XGBoost,2,1,0.9670231938362122,1
6866,RCN26672,1208-PF-LA-CMPE-GENRE,Laos,ExtendedStrict,XGBoost,2,1,0.42999398708343506,0
6867,RCN26673,1208-PF-LA-CMPE-GENRE,Laos,ExtendedStrict,XGBoost,2,1,0.5059199929237366,1
6868,RCN26675,1208-PF-LA-CMPE-GENRE,Laos,ExtendedStrict,XGBoost,2,1,0.7228743433952332,1
6869,RCN26677,1208-PF-LA-CMPE-GENRE,Laos,ExtendedStrict,XGBoost,2,1,0.42999398708343506,0
6870,RCN26678,1208-PF-LA-CMPE-GENRE,Laos,ExtendedStrict,XGBoost,2,1,0.9971387386322021,1
6871,RCN26679,1208-PF-LA-CMPE-GENRE,Laos,ExtendedStrict,XGBoost,2,1,0.3884845972061157,0
6872,RCN26680,1208-PF-LA-CMPE-GENRE,Laos,ExtendedStrict,XGBoost,2,1,0.3816671669483185,0
6873,RCN26681,1208-PF-LA-CMPE-GENRE,Laos,ExtendedStrict,XGBoost,2,1,0.9961152076721191,1
6874,RCN26683,1208-PF-LA-CMPE-GENRE,Laos,ExtendedStrict,XGBoost,2,1,0.42999398708343506,0
6875,RCN26687,1208-PF-LA-CMPE-GENRE,Laos,ExtendedStrict,XGBoost,2,1,0.6782717704772949,1
6876,RCN26688,1208-PF-LA-CMPE-GENRE,Laos,ExtendedStrict,XGBoost,2,1,0.3884845972061157,0
6877,RCN26690,1208-PF-LA-CMPE-GENRE,Laos,ExtendedStrict,XGBoost,2,1,0.7295013666152954,1
6878,RCN26703,1208-PF-LA-CMPE-GENRE,Laos,ExtendedStrict,XGBoost,2,1,0.4137875735759735,0
6879,RCN26709,1208-PF-LA-CMPE-GENRE,Laos,ExtendedStrict,XGBoost,2,0,0.008243868127465248,0
6880,RCN26728,1208-PF-LA-CMPE-GENRE,Laos,ExtendedStrict,XGBoost,2,1,0.4198835492134094,0
6881,RCN26735,1208-PF-LA-CMPE-GENRE,Laos,ExtendedStrict,XGBoost,2,0,0.6422701478004456,1
6882,RCN26736,1208-PF-LA-CMPE-GENRE,Laos,ExtendedStrict,XGBoost,2,0,0.012465228326618671,0
6883,RCN26737,1208-PF-LA-CMPE-GENRE,Laos,ExtendedStrict,XGBoost,2,0,0.01380869559943676,0
6884,RCN26765,1208-PF-LA-CMPE-GENRE,Laos,ExtendedStrict,XGBoost,2,0,0.009082835167646408,0
6885,RCN26766,1208-PF-LA-CMPE-GENRE,Laos,ExtendedStrict,XGBoost,2,0,0.038516540080308914,0
6886,RCN26767,1208-PF-LA-CMPE-GENRE,Laos,ExtendedStrict,XGBoost,2,1,0.42999398708343506,0
6887,RCN26775,1208-PF-LA-CMPE-GENRE,Laos,ExtendedStrict,XGBoost,2,0,0.01004702690988779,0
6888,RCN26781,1208-PF-LA-CMPE-GENRE,Laos,ExtendedStrict,XGBoost,2,1,0.9948446750640869,1
6889,RCN26782,1208-PF-LA-CMPE-GENRE,Laos,ExtendedStrict,XGBoost,2,1,0.42999398708343506,0
6890,RCN26791,1208-PF-LA-CMPE-GENRE,Laos,ExtendedStrict,XGBoost,2,1,0.7428895235061646,1
6891,RCN26804,1208-PF-LA-CMPE-GENRE,Laos,ExtendedStrict,XGBoost,2,1,0.996557354927063,1
6892,RCN26820,1208-PF-LA-CMPE-GENRE,Laos,ExtendedStrict,XGBoost,2,1,0.42999398708343506,0
6893,RCN26837,1208-PF-LA-CMPE-GENRE,Laos,ExtendedStrict,XGBoost,2,1,0.5914698243141174,1
6894,RCN26845,1208-PF-LA-CMPE-GENRE,Laos,ExtendedStrict,XGBoost,2,1,0.7535898685455322,1
6895,RCN26846,1208-PF-LA-CMPE-GENRE,Laos,ExtendedStrict,XGBoost,2,1,0.4190640449523926,0
6896,RCN26852,1208-PF-LA-CMPE-GENRE,Laos,ExtendedStrict,XGBoost,2,1,0.42999398708343506,0
6897,RCN26853,1208-PF-LA-CMPE-GENRE,Laos,ExtendedStrict,XGBoost,2,1,0.754795253276825,1
6898,RCN26861,1208-PF-LA-CMPE-GENRE,Laos,ExtendedStrict,XGBoost,2,1,0.9972748160362244,1
6899,RCN26871,1208-PF-LA-CMPE-GENRE,Laos,ExtendedStrict,XGBoost,2,1,0.6925982236862183,1
6900,RCN26876,1208-PF-LA-CMPE-GENRE,Laos,ExtendedStrict,XGBoost,2,1,0.6925982236862183,1
6901,RCN26886,1208-PF-LA-CMPE-GENRE,Laos,ExtendedStrict,XGBoost,2,1,0.46620020270347595,0
6902,RCN26900,1208-PF-LA-CMPE-GENRE,Laos,ExtendedStrict,XGBoost,2,1,0.39445868134498596,0
6903,RCN26904,1208-PF-LA-CMPE-GENRE,Laos,ExtendedStrict,XGBoost,2,1,0.6630982160568237,1
6904,RCN26930,1208-PF-LA-CMPE-GENRE,Laos,ExtendedStrict,XGBoost,2,1,0.6782717704772949,1
6905,RCN26932,1208-PF-LA-CMPE-GENRE,Laos,ExtendedStrict,XGBoost,2,1,0.37082988023757935,0
6906,RCN26937,1208-PF-LA-CMPE-GENRE,Laos,ExtendedStrict,XGBoost,2,1,0.3884845972061157,0
6907,RCN26938,1208-PF-LA-CMPE-GENRE,Laos,ExtendedStrict,XGBoost,2,1,0.4335721433162689,0
6908,RCN26945,1208-PF-LA-CMPE-GENRE,Laos,ExtendedStrict,XGBoost,2,1,0.706049919128418,1
6909,RCN26946,1208-PF-LA-CMPE-GENRE,Laos,ExtendedStrict,XGBoost,2,1,0.9961152076721191,1
6910,RCN26950,1208-PF-LA-CMPE-GENRE,Laos,ExtendedStrict,XGBoost,2,1,0.4483269453048706,0
6911,RCN26952,1208-PF-LA-CMPE-GENRE,Laos,ExtendedStrict,XGBoost,2,1,0.4745032489299774,0
6912,RCN26953,1208-PF-LA-CMPE-GENRE,Laos,ExtendedStrict,XGBoost,2,1,0.4745032489299774,0
6913,RCN26958,1208-PF-LA-CMPE-GENRE,Laos,ExtendedStrict,XGBoost,2,1,0.7497822642326355,1
6914,RCN26960,1208-PF-LA-CMPE-GENRE,Laos,ExtendedStrict,XGBoost,2,1,0.99751877784729,1
19,PD0025-C,1010-PF-TH-ANDERSON,Thailand,ExtendedStrict,XGBoost,3,0,0.03399694338440895,0
20,PD0026-C,1010-PF-TH-ANDERSON,Thailand,ExtendedStrict,XGBoost,3,0,0.027526453137397766,0
21,PD0028-C,1010-PF-TH-ANDERSON,Thailand,ExtendedStrict,XGBoost,3,0,0.013713564723730087,0
22,PD0029-C,1010-PF-TH-ANDERSON,Thailand,ExtendedStrict,XGBoost,3,0,0.018758824095129967,0
23,PD0030-C,1010-PF-TH-ANDERSON,Thailand,ExtendedStrict,XGBoost,3,0,0.006180863827466965,0
24,PD0032-C,1010-PF-TH-ANDERSON,Thailand,ExtendedStrict,XGBoost,3,0,0.021468177437782288,0
25,PD0034-C,1010-PF-TH-ANDERSON,Thailand,ExtendedStrict,XGBoost,3,0,0.16945379972457886,0
26,PD0037-C,1010-PF-TH-ANDERSON,Thailand,ExtendedStrict,XGBoost,3,0,0.01713896356523037,0
27,PD0038-C,1010-PF-TH-ANDERSON,Thailand,ExtendedStrict,XGBoost,3,0,0.023198166862130165,0
28,PD0040-C,1010-PF-TH-ANDERSON,Thailand,ExtendedStrict,XGBoost,3,0,0.030500521883368492,0
29,PD0041-C,1010-PF-TH-ANDERSON,Thailand,ExtendedStrict,XGBoost,3,0,0.023697374388575554,0
30,PD0042-C,1010-PF-TH-ANDERSON,Thailand,ExtendedStrict,XGBoost,3,0,0.005041549913585186,0
31,PD0043-C,1010-PF-TH-ANDERSON,Thailand,ExtendedStrict,XGBoost,3,0,0.026500049978494644,0
32,PD0045-C,1010-PF-TH-ANDERSON,Thailand,ExtendedStrict,XGBoost,3,0,0.010731087066233158,0
33,PD0046-C,1010-PF-TH-ANDERSON,Thailand,ExtendedStrict,XGBoost,3,0,0.004266712814569473,0
34,PD0048-C,1010-PF-TH-ANDERSON,Thailand,ExtendedStrict,XGBoost,3,0,0.055735692381858826,0
35,PD0050-C,1010-PF-TH-ANDERSON,Thailand,ExtendedStrict,XGBoost,3,0,0.013302898034453392,0
36,PD0052-C,1010-PF-TH-ANDERSON,Thailand,ExtendedStrict,XGBoost,3,0,0.02849944867193699,0
37,PD0053-C,1010-PF-TH-ANDERSON,Thailand,ExtendedStrict,XGBoost,3,0,0.02452281303703785,0
38,PD0057-C,1010-PF-TH-ANDERSON,Thailand,ExtendedStrict,XGBoost,3,0,0.03267082944512367,0
39,PD0058-C,1010-PF-TH-ANDERSON,Thailand,ExtendedStrict,XGBoost,3,0,0.06306493282318115,0
40,PD0060-C,1010-PF-TH-ANDERSON,Thailand,ExtendedStrict,XGBoost,3,0,0.014180976897478104,0
41,PD0061-C,1010-PF-TH-ANDERSON,Thailand,ExtendedStrict,XGBoost,3,0,0.019652288407087326,0
42,PD0062-C,1010-PF-TH-ANDERSON,Thailand,ExtendedStrict,XGBoost,3,0,0.015172515995800495,0
43,PD0063-C,1010-PF-TH-ANDERSON,Thailand,ExtendedStrict,XGBoost,3,0,0.016050754114985466,0
44,PD0067-C,1010-PF-TH-ANDERSON,Thailand,ExtendedStrict,XGBoost,3,0,0.02056940644979477,0
45,PD0070-C,1010-PF-TH-ANDERSON,Thailand,ExtendedStrict,XGBoost,3,0,0.01064371969550848,0
46,PD0072-C,1010-PF-TH-ANDERSON,Thailand,ExtendedStrict,XGBoost,3,0,0.010952498763799667,0
47,PD0073-C,1010-PF-TH-ANDERSON,Thailand,ExtendedStrict,XGBoost,3,0,0.024679014459252357,0
48,PD0074-C,1010-PF-TH-ANDERSON,Thailand,ExtendedStrict,XGBoost,3,0,0.01799449510872364,0
49,PD0075-C,1010-PF-TH-ANDERSON,Thailand,ExtendedStrict,XGBoost,3,0,0.02769496478140354,0
50,PD0076-C,1010-PF-TH-ANDERSON,Thailand,ExtendedStrict,XGBoost,3,0,0.0058703175745904446,0
51,PD0077-C,1010-PF-TH-ANDERSON,Thailand,ExtendedStrict,XGBoost,3,0,0.02308271825313568,0
52,PD0078-C,1010-PF-TH-ANDERSON,Thailand,ExtendedStrict,XGBoost,3,0,0.008251289837062359,0
53,PD0079-C,1010-PF-TH-ANDERSON,Thailand,ExtendedStrict,XGBoost,3,1,0.013940542005002499,0
54,PD0080-C,1010-PF-TH-ANDERSON,Thailand,ExtendedStrict,XGBoost,3,0,0.012147112749516964,0
55,PD0081-C,1010-PF-TH-ANDERSON,Thailand,ExtendedStrict,XGBoost,3,0,0.003910079598426819,0
56,PD0082-C,1010-PF-TH-ANDERSON,Thailand,ExtendedStrict,XGBoost,3,0,0.0033700859639793634,0
57,PD0083-C,1010-PF-TH-ANDERSON,Thailand,ExtendedStrict,XGBoost,3,0,0.02549869567155838,0
58,PD0085-C,1010-PF-TH-ANDERSON,Thailand,ExtendedStrict,XGBoost,3,0,0.013582021929323673,0
59,PD0086-C,1010-PF-TH-ANDERSON,Thailand,ExtendedStrict,XGBoost,3,0,0.018827015534043312,0
60,PD0087-C,1010-PF-TH-ANDERSON,Thailand,ExtendedStrict,XGBoost,3,0,0.01980205625295639,0
61,PD0088-C,1010-PF-TH-ANDERSON,Thailand,ExtendedStrict,XGBoost,3,0,0.02048063650727272,0
62,PD0089-C,1010-PF-TH-ANDERSON,Thailand,ExtendedStrict,XGBoost,3,0,0.026585282757878304,0
63,PD0090-C,1010-PF-TH-ANDERSON,Thailand,ExtendedStrict,XGBoost,3,0,0.018827015534043312,0
64,PD0091-C,1010-PF-TH-ANDERSON,Thailand,ExtendedStrict,XGBoost,3,0,0.031797781586647034,0
65,PD0092-C,1010-PF-TH-ANDERSON,Thailand,ExtendedStrict,XGBoost,3,0,0.03146158531308174,0
66,PD0093-C,1010-PF-TH-ANDERSON,Thailand,ExtendedStrict,XGBoost,3,0,0.005017813295125961,0
67,PD0094-C,1010-PF-TH-ANDERSON,Thailand,ExtendedStrict,XGBoost,3,0,0.024643022567033768,0
68,PD0095-C,1010-PF-TH-ANDERSON,Thailand,ExtendedStrict,XGBoost,3,0,0.02480347268283367,0
69,PD0096-C,1010-PF-TH-ANDERSON,Thailand,ExtendedStrict,XGBoost,3,0,0.029890350997447968,0
70,PD0097-C,1010-PF-TH-ANDERSON,Thailand,ExtendedStrict,XGBoost,3,0,0.01746237836778164,0
71,PD0098-C,1010-PF-TH-ANDERSON,Thailand,ExtendedStrict,XGBoost,3,0,0.02345634251832962,0
72,PD0101-C,1010-PF-TH-ANDERSON,Thailand,ExtendedStrict,XGBoost,3,0,0.017447814345359802,0
73,PD0102-C,1010-PF-TH-ANDERSON,Thailand,ExtendedStrict,XGBoost,3,0,0.015508183278143406,0
74,PD0103-C,1010-PF-TH-ANDERSON,Thailand,ExtendedStrict,XGBoost,3,0,0.017421633005142212,0
75,PD0105-C,1010-PF-TH-ANDERSON,Thailand,ExtendedStrict,XGBoost,3,0,0.007118580397218466,0
76,PD0106-C,1010-PF-TH-ANDERSON,Thailand,ExtendedStrict,XGBoost,3,0,0.0062814317643642426,0
79,PD0111-C,1010-PF-TH-ANDERSON,Thailand,ExtendedStrict,XGBoost,3,0,0.031454846262931824,0
80,PD0112-C,1010-PF-TH-ANDERSON,Thailand,ExtendedStrict,XGBoost,3,0,0.019008368253707886,0
81,PD0113-C,1010-PF-TH-ANDERSON,Thailand,ExtendedStrict,XGBoost,3,0,0.019680282101035118,0
82,PD0115-Cx,1010-PF-TH-ANDERSON,Thailand,ExtendedStrict,XGBoost,3,0,0.024643022567033768,0
83,PD0116-Cx,1010-PF-TH-ANDERSON,Thailand,ExtendedStrict,XGBoost,3,0,0.011449702084064484,0
84,PD0117-C,1010-PF-TH-ANDERSON,Thailand,ExtendedStrict,XGBoost,3,0,0.02291509136557579,0
85,PD0118-C,1010-PF-TH-ANDERSON,Thailand,ExtendedStrict,XGBoost,3,0,0.021883802488446236,0
86,PD0119-C,1010-PF-TH-ANDERSON,Thailand,ExtendedStrict,XGBoost,3,0,0.010701660066843033,0
87,PD0121-C,1010-PF-TH-ANDERSON,Thailand,ExtendedStrict,XGBoost,3,0,0.026321927085518837,0
88,PD0122-C,1010-PF-TH-ANDERSON,Thailand,ExtendedStrict,XGBoost,3,0,0.018918629735708237,0
89,PD0123-C,1010-PF-TH-ANDERSON,Thailand,ExtendedStrict,XGBoost,3,0,0.02291509136557579,0
90,PD0124-C,1010-PF-TH-ANDERSON,Thailand,ExtendedStrict,XGBoost,3,0,0.004653552547097206,0
91,PD0125-C,1010-PF-TH-ANDERSON,Thailand,ExtendedStrict,XGBoost,3,0,0.009752894751727581,0
92,PD0126-C,1010-PF-TH-ANDERSON,Thailand,ExtendedStrict,XGBoost,3,1,0.023893410339951515,0
93,PD0127-C,1010-PF-TH-ANDERSON,Thailand,ExtendedStrict,XGBoost,3,0,0.008807195350527763,0
94,PD0128-C,1010-PF-TH-ANDERSON,Thailand,ExtendedStrict,XGBoost,3,0,0.007618423085659742,0
95,PD0129-C,1010-PF-TH-ANDERSON,Thailand,ExtendedStrict,XGBoost,3,0,0.018115434795618057,0
96,PD0130-C,1010-PF-TH-ANDERSON,Thailand,ExtendedStrict,XGBoost,3,0,0.017406392842531204,0
97,PD0131-C,1010-PF-TH-ANDERSON,Thailand,ExtendedStrict,XGBoost,3,0,0.026500049978494644,0
98,PD0132-C,1010-PF-TH-ANDERSON,Thailand,ExtendedStrict,XGBoost,3,0,0.018781086429953575,0
99,PD0133-C,1010-PF-TH-ANDERSON,Thailand,ExtendedStrict,XGBoost,3,0,0.021421756595373154,0
100,PD0134-C,1010-PF-TH-ANDERSON,Thailand,ExtendedStrict,XGBoost,3,0,0.019008368253707886,0
101,PD0135-C,1010-PF-TH-ANDERSON,Thailand,ExtendedStrict,XGBoost,3,0,0.006220643874257803,0
102,PD0136-C,1010-PF-TH-ANDERSON,Thailand,ExtendedStrict,XGBoost,3,0,0.049828290939331055,0
103,PD0137-C,1010-PF-TH-ANDERSON,Thailand,ExtendedStrict,XGBoost,3,0,0.03240897133946419,0
104,PD0138-C,1010-PF-TH-ANDERSON,Thailand,ExtendedStrict,XGBoost,3,0,0.013713564723730087,0
105,PD0139-C,1010-PF-TH-ANDERSON,Thailand,ExtendedStrict,XGBoost,3,0,0.019578920677304268,0
106,PD0140-C,1010-PF-TH-ANDERSON,Thailand,ExtendedStrict,XGBoost,3,0,0.017707405611872673,0
107,PD0141-C,1010-PF-TH-ANDERSON,Thailand,ExtendedStrict,XGBoost,3,0,0.009890907444059849,0
108,PD0142-C,1010-PF-TH-ANDERSON,Thailand,ExtendedStrict,XGBoost,3,0,0.015538868494331837,0
109,PD0143-C,1010-PF-TH-ANDERSON,Thailand,ExtendedStrict,XGBoost,3,0,0.02219848521053791,0
110,PD0144-C,1010-PF-TH-ANDERSON,Thailand,ExtendedStrict,XGBoost,3,0,0.040334805846214294,0
845,PD1582-C,1195-PF-TRAC2-DONDORP,Thailand,ExtendedStrict,XGBoost,3,1,0.9662058353424072,1
846,PD1589-C,1195-PF-TRAC2-DONDORP,Thailand,ExtendedStrict,XGBoost,3,1,0.993990957736969,1
883,PH0047-Cx,1044-PF-KH-FAIRHURST,Cambodia,ExtendedStrict,XGBoost,3,0,0.3371427357196808,0
884,PH0051-Cx,1044-PF-KH-FAIRHURST,Cambodia,ExtendedStrict,XGBoost,3,1,0.8864561319351196,1
885,PH0052-C,1044-PF-KH-FAIRHURST,Cambodia,ExtendedStrict,XGBoost,3,1,0.7865954041481018,1
886,PH0054-C,1044-PF-KH-FAIRHURST,Cambodia,ExtendedStrict,XGBoost,3,0,0.04172542691230774,0
887,PH0055-C,1044-PF-KH-FAIRHURST,Cambodia,ExtendedStrict,XGBoost,3,1,0.9832233786582947,1
888,PH0057-C,1044-PF-KH-FAIRHURST,Cambodia,ExtendedStrict,XGBoost,3,1,0.8827393651008606,1
889,PH0058-C,1044-PF-KH-FAIRHURST,Cambodia,ExtendedStrict,XGBoost,3,0,0.4621894955635071,0
890,PH0059-C,1044-PF-KH-FAIRHURST,Cambodia,ExtendedStrict,XGBoost,3,0,0.8821328282356262,1
891,PH0060-C,1044-PF-KH-FAIRHURST,Cambodia,ExtendedStrict,XGBoost,3,1,0.195206418633461,0
892,PH0064-C,1044-PF-KH-FAIRHURST,Cambodia,ExtendedStrict,XGBoost,3,1,0.8740761280059814,1
933,PH0157-C,1044-PF-KH-FAIRHURST,Cambodia,ExtendedStrict,XGBoost,3,1,0.9871594905853271,1
934,PH0161-C,1044-PF-KH-FAIRHURST,Cambodia,ExtendedStrict,XGBoost,3,1,0.9838663935661316,1
935,PH0163-C,1044-PF-KH-FAIRHURST,Cambodia,ExtendedStrict,XGBoost,3,0,0.6896729469299316,1
936,PH0164-C,1044-PF-KH-FAIRHURST,Cambodia,ExtendedStrict,XGBoost,3,0,0.4176134467124939,0
937,PH0165-C,1044-PF-KH-FAIRHURST,Cambodia,ExtendedStrict,XGBoost,3,1,0.9736307859420776,1
938,PH0167-C,1044-PF-KH-FAIRHURST,Cambodia,ExtendedStrict,XGBoost,3,0,0.6896729469299316,1
939,PH0169-C,1044-PF-KH-FAIRHURST,Cambodia,ExtendedStrict,XGBoost,3,1,0.9838663935661316,1
940,PH0171-C,1044-PF-KH-FAIRHURST,Cambodia,ExtendedStrict,XGBoost,3,1,0.9137929081916809,1
941,PH0172-C,1044-PF-KH-FAIRHURST,Cambodia,ExtendedStrict,XGBoost,3,1,0.2570713758468628,0
942,PH0173-C,1044-PF-KH-FAIRHURST,Cambodia,ExtendedStrict,XGBoost,3,1,0.9692261815071106,1
943,PH0191-C,1044-PF-KH-FAIRHURST,Cambodia,ExtendedStrict,XGBoost,3,1,0.8528783917427063,1
944,PH0192-C,1044-PF-KH-FAIRHURST,Cambodia,ExtendedStrict,XGBoost,3,1,0.6783612966537476,1
945,PH0194-C,1044-PF-KH-FAIRHURST,Cambodia,ExtendedStrict,XGBoost,3,0,0.399259477853775,0
946,PH0197-C,1044-PF-KH-FAIRHURST,Cambodia,ExtendedStrict,XGBoost,3,1,0.9654886722564697,1
947,PH0198-C,1044-PF-KH-FAIRHURST,Cambodia,ExtendedStrict,XGBoost,3,1,0.8937018513679504,1
948,PH0201-C,1044-PF-KH-FAIRHURST,Cambodia,ExtendedStrict,XGBoost,3,0,0.03350115567445755,0
949,PH0203-C,1044-PF-KH-FAIRHURST,Cambodia,ExtendedStrict,XGBoost,3,0,0.016315031796693802,0
950,PH0204-C,1044-PF-KH-FAIRHURST,Cambodia,ExtendedStrict,XGBoost,3,0,0.010169345885515213,0
951,PH0205-C,1044-PF-KH-FAIRHURST,Cambodia,ExtendedStrict,XGBoost,3,0,0.0070926290936768055,0
952,PH0206-C,1044-PF-KH-FAIRHURST,Cambodia,ExtendedStrict,XGBoost,3,1,0.4559544622898102,0
953,PH0207-C,1044-PF-KH-FAIRHURST,Cambodia,ExtendedStrict,XGBoost,3,1,0.8404406309127808,1
954,PH0208-C,1044-PF-KH-FAIRHURST,Cambodia,ExtendedStrict,XGBoost,3,1,0.9849588871002197,1
955,PH0209-C,1044-PF-KH-FAIRHURST,Cambodia,ExtendedStrict,XGBoost,3,0,0.8016800284385681,1
956,PH0210-C,1044-PF-KH-FAIRHURST,Cambodia,ExtendedStrict,XGBoost,3,1,0.9829491376876831,1
957,PH0212-C,1044-PF-KH-FAIRHURST,Cambodia,ExtendedStrict,XGBoost,3,1,0.9736307859420776,1
958,PH0213-C,1044-PF-KH-FAIRHURST,Cambodia,ExtendedStrict,XGBoost,3,1,0.9753990173339844,1
971,PH0237-C,1044-PF-KH-FAIRHURST,Cambodia,ExtendedStrict,XGBoost,3,1,0.9780477285385132,1
972,PH0238-C,1044-PF-KH-FAIRHURST,Cambodia,ExtendedStrict,XGBoost,3,1,0.9785995483398438,1
973,PH0239-C,1044-PF-KH-FAIRHURST,Cambodia,ExtendedStrict,XGBoost,3,1,0.7608546614646912,1
974,PH0240-C,1044-PF-KH-FAIRHURST,Cambodia,ExtendedStrict,XGBoost,3,1,0.28774771094322205,0
975,PH0241-C,1044-PF-KH-FAIRHURST,Cambodia,ExtendedStrict,XGBoost,3,1,0.9808760285377502,1
976,PH0242-C,1044-PF-KH-FAIRHURST,Cambodia,ExtendedStrict,XGBoost,3,1,0.05921695753931999,0
977,PH0243-C,1044-PF-KH-FAIRHURST,Cambodia,ExtendedStrict,XGBoost,3,1,0.7681443095207214,1
978,PH0244-C,1044-PF-KH-FAIRHURST,Cambodia,ExtendedStrict,XGBoost,3,1,0.29947522282600403,0
979,PH0245-C,1044-PF-KH-FAIRHURST,Cambodia,ExtendedStrict,XGBoost,3,1,0.7681443095207214,1
980,PH0246-C,1044-PF-KH-FAIRHURST,Cambodia,ExtendedStrict,XGBoost,3,1,0.4615638852119446,0
981,PH0247-C,1044-PF-KH-FAIRHURST,Cambodia,ExtendedStrict,XGBoost,3,1,0.7681443095207214,1
982,PH0248-C,1044-PF-KH-FAIRHURST,Cambodia,ExtendedStrict,XGBoost,3,1,0.8034688830375671,1
983,PH0249-C,1044-PF-KH-FAIRHURST,Cambodia,ExtendedStrict,XGBoost,3,1,0.6647014617919922,1
984,PH0250-C,1044-PF-KH-FAIRHURST,Cambodia,ExtendedStrict,XGBoost,3,1,0.6647014617919922,1
985,PH0251-C,1044-PF-KH-FAIRHURST,Cambodia,ExtendedStrict,XGBoost,3,1,0.9785995483398438,1
986,PH0252-C,1044-PF-KH-FAIRHURST,Cambodia,ExtendedStrict,XGBoost,3,1,0.5725822448730469,1
987,PH0253-C,1044-PF-KH-FAIRHURST,Cambodia,ExtendedStrict,XGBoost,3,1,0.9654886722564697,1
988,PH0256-C,1044-PF-KH-FAIRHURST,Cambodia,ExtendedStrict,XGBoost,3,0,0.05985170230269432,0
989,PH0274-C,1044-PF-KH-FAIRHURST,Cambodia,ExtendedStrict,XGBoost,3,1,0.17299392819404602,0
990,PH0278-CW,1044-PF-KH-FAIRHURST,Cambodia,ExtendedStrict,XGBoost,3,1,0.8225318193435669,1
991,PH0279-C,1044-PF-KH-FAIRHURST,Cambodia,ExtendedStrict,XGBoost,3,0,0.10982991009950638,0
992,PH0282-C,1044-PF-KH-FAIRHURST,Cambodia,ExtendedStrict,XGBoost,3,1,0.6891582608222961,1
993,PH0283-C,1044-PF-KH-FAIRHURST,Cambodia,ExtendedStrict,XGBoost,3,0,0.7664130926132202,1
994,PH0284-C,1044-PF-KH-FAIRHURST,Cambodia,ExtendedStrict,XGBoost,3,1,0.9785995483398438,1
995,PH0285-C,1044-PF-KH-FAIRHURST,Cambodia,ExtendedStrict,XGBoost,3,1,0.9346451759338379,1
996,PH0294-C,1044-PF-KH-FAIRHURST,Cambodia,ExtendedStrict,XGBoost,3,1,0.5071269869804382,1
997,PH0299-CW,1044-PF-KH-FAIRHURST,Cambodia,ExtendedStrict,XGBoost,3,1,0.9688352942466736,1
998,PH0300-C,1044-PF-KH-FAIRHURST,Cambodia,ExtendedStrict,XGBoost,3,1,0.9785995483398438,1
999,PH0303-CW,1044-PF-KH-FAIRHURST,Cambodia,ExtendedStrict,XGBoost,3,1,0.644001305103302,1
1000,PH0304-C,1044-PF-KH-FAIRHURST,Cambodia,ExtendedStrict,XGBoost,3,1,0.8234802484512329,1
1001,PH0305-C,1044-PF-KH-FAIRHURST,Cambodia,ExtendedStrict,XGBoost,3,0,0.11836212873458862,0
1002,PH0306-C,1044-PF-KH-FAIRHURST,Cambodia,ExtendedStrict,XGBoost,3,1,0.8877008557319641,1
1003,PH0307-C,1044-PF-KH-FAIRHURST,Cambodia,ExtendedStrict,XGBoost,3,1,0.8248667120933533,1
1004,PH0308-CW,1044-PF-KH-FAIRHURST,Cambodia,ExtendedStrict,XGBoost,3,1,0.6554369330406189,1
1005,PH0321-C,1044-PF-KH-FAIRHURST,Cambodia,ExtendedStrict,XGBoost,3,0,0.6896729469299316,1
1006,PH0322-C,1044-PF-KH-FAIRHURST,Cambodia,ExtendedStrict,XGBoost,3,1,0.7848955392837524,1
1007,PH0324-C,1044-PF-KH-FAIRHURST,Cambodia,ExtendedStrict,XGBoost,3,1,0.365556538105011,0
1008,PH0325-C,1044-PF-KH-FAIRHURST,Cambodia,ExtendedStrict,XGBoost,3,1,0.3424623906612396,0
1009,PH0326-C,1044-PF-KH-FAIRHURST,Cambodia,ExtendedStrict,XGBoost,3,1,0.0475650317966938,0
1010,PH0327-C,1044-PF-KH-FAIRHURST,Cambodia,ExtendedStrict,XGBoost,3,0,0.45022332668304443,0
1011,PH0328-C,1044-PF-KH-FAIRHURST,Cambodia,ExtendedStrict,XGBoost,3,1,0.9712236523628235,1
1012,PH0329-C,1044-PF-KH-FAIRHURST,Cambodia,ExtendedStrict,XGBoost,3,1,0.9162639379501343,1
1013,PH0330-C,1044-PF-KH-FAIRHURST,Cambodia,ExtendedStrict,XGBoost,3,1,0.7673401832580566,1
1014,PH0332-C,1044-PF-KH-FAIRHURST,Cambodia,ExtendedStrict,XGBoost,3,0,0.06939428299665451,0
1015,PH0333-C,1044-PF-KH-FAIRHURST,Cambodia,ExtendedStrict,XGBoost,3,0,0.016115473583340645,0
1016,PH0334-C,1044-PF-KH-FAIRHURST,Cambodia,ExtendedStrict,XGBoost,3,0,0.030237684026360512,0
1017,PH0335-C,1044-PF-KH-FAIRHURST,Cambodia,ExtendedStrict,XGBoost,3,1,0.9630089402198792,1
1018,PH0336-C,1044-PF-KH-FAIRHURST,Cambodia,ExtendedStrict,XGBoost,3,1,0.5849055051803589,1
1019,PH0337-C,1044-PF-KH-FAIRHURST,Cambodia,ExtendedStrict,XGBoost,3,1,0.4978967308998108,0
1020,PH0338-C,1044-PF-KH-FAIRHURST,Cambodia,ExtendedStrict,XGBoost,3,1,0.5434500575065613,1
1021,PH0339-C,1044-PF-KH-FAIRHURST,Cambodia,ExtendedStrict,XGBoost,3,0,0.09857076406478882,0
1022,PH0340-C,1044-PF-KH-FAIRHURST,Cambodia,ExtendedStrict,XGBoost,3,0,0.026664217934012413,0
1023,PH0341-C,1044-PF-KH-FAIRHURST,Cambodia,ExtendedStrict,XGBoost,3,0,0.012755235657095909,0
1024,PH0342-C,1044-PF-KH-FAIRHURST,Cambodia,ExtendedStrict,XGBoost,3,0,0.012295707128942013,0
1025,PH0343-C,1044-PF-KH-FAIRHURST,Cambodia,ExtendedStrict,XGBoost,3,0,0.012295707128942013,0
1026,PH0344-C,1044-PF-KH-FAIRHURST,Cambodia,ExtendedStrict,XGBoost,3,0,0.012295707128942013,0
1027,PH0345-C,1044-PF-KH-FAIRHURST,Cambodia,ExtendedStrict,XGBoost,3,0,0.009747374802827835,0
1028,PH0346-C,1044-PF-KH-FAIRHURST,Cambodia,ExtendedStrict,XGBoost,3,0,0.05238310620188713,0
1029,PH0347-C,1044-PF-KH-FAIRHURST,Cambodia,ExtendedStrict,XGBoost,3,0,0.016323726624250412,0
1030,PH0348-C,1044-PF-KH-FAIRHURST,Cambodia,ExtendedStrict,XGBoost,3,0,0.08361697196960449,0
1031,PH0349-C,1044-PF-KH-FAIRHURST,Cambodia,ExtendedStrict,XGBoost,3,0,0.012295707128942013,0
1032,PH0350-C,1044-PF-KH-FAIRHURST,Cambodia,ExtendedStrict,XGBoost,3,0,0.3202352225780487,0
1033,PH0351-C,1044-PF-KH-FAIRHURST,Cambodia,ExtendedStrict,XGBoost,3,0,0.02243560552597046,0
1034,PH0352-C,1044-PF-KH-FAIRHURST,Cambodia,ExtendedStrict,XGBoost,3,0,0.018541183322668076,0
1035,PH0353-C,1044-PF-KH-FAIRHURST,Cambodia,ExtendedStrict,XGBoost,3,0,0.020897777751088142,0
1036,PH0354-C,1044-PF-KH-FAIRHURST,Cambodia,ExtendedStrict,XGBoost,3,0,0.012398880906403065,0
1037,PH0355-C,1044-PF-KH-FAIRHURST,Cambodia,ExtendedStrict,XGBoost,3,0,0.02960035763680935,0
1038,PH0356-C,1044-PF-KH-FAIRHURST,Cambodia,ExtendedStrict,XGBoost,3,0,0.02487459033727646,0
1039,PH0357-C,1044-PF-KH-FAIRHURST,Cambodia,ExtendedStrict,XGBoost,3,0,0.03020573779940605,0
1040,PH0358-C,1044-PF-KH-FAIRHURST,Cambodia,ExtendedStrict,XGBoost,3,0,0.06209660694003105,0
1041,PH0359-C,1044-PF-KH-FAIRHURST,Cambodia,ExtendedStrict,XGBoost,3,0,0.013156667351722717,0
1042,PH0360-C,1044-PF-KH-FAIRHURST,Cambodia,ExtendedStrict,XGBoost,3,0,0.04597553610801697,0
1043,PH0361-C,1044-PF-KH-FAIRHURST,Cambodia,ExtendedStrict,XGBoost,3,0,0.0274982787668705,0
1044,PH0362-C,1044-PF-KH-FAIRHURST,Cambodia,ExtendedStrict,XGBoost,3,0,0.03277933597564697,0
1045,PH0363-C,1044-PF-KH-FAIRHURST,Cambodia,ExtendedStrict,XGBoost,3,0,0.03629530221223831,0
1046,PH0364-C,1044-PF-KH-FAIRHURST,Cambodia,ExtendedStrict,XGBoost,3,0,0.01611509546637535,0
1047,PH0365-C,1044-PF-KH-FAIRHURST,Cambodia,ExtendedStrict,XGBoost,3,0,0.0065896534360945225,0
1048,PH0366-C,1044-PF-KH-FAIRHURST,Cambodia,ExtendedStrict,XGBoost,3,0,0.011743824928998947,0
1049,PH0367-C,1044-PF-KH-FAIRHURST,Cambodia,ExtendedStrict,XGBoost,3,0,0.15164893865585327,0
1050,PH0368-C,1044-PF-KH-FAIRHURST,Cambodia,ExtendedStrict,XGBoost,3,0,0.0051554786041378975,0
1051,PH0369-C,1044-PF-KH-FAIRHURST,Cambodia,ExtendedStrict,XGBoost,3,0,0.014962497167289257,0
1052,PH0370-C,1044-PF-KH-FAIRHURST,Cambodia,ExtendedStrict,XGBoost,3,0,0.0295109860599041,0
1053,PH0371-C,1044-PF-KH-FAIRHURST,Cambodia,ExtendedStrict,XGBoost,3,0,0.006781912874430418,0
1054,PH0372-C,1044-PF-KH-FAIRHURST,Cambodia,ExtendedStrict,XGBoost,3,0,0.03020573779940605,0
1055,PH0373-C,1044-PF-KH-FAIRHURST,Cambodia,ExtendedStrict,XGBoost,3,0,0.040495581924915314,0
1056,PH0374-C,1044-PF-KH-FAIRHURST,Cambodia,ExtendedStrict,XGBoost,3,0,0.01160834264010191,0
1057,PH0375-C,1044-PF-KH-FAIRHURST,Cambodia,ExtendedStrict,XGBoost,3,0,0.021308474242687225,0
1058,PH0376-C,1044-PF-KH-FAIRHURST,Cambodia,ExtendedStrict,XGBoost,3,0,0.08317060023546219,0
1059,PH0377-C,1044-PF-KH-FAIRHURST,Cambodia,ExtendedStrict,XGBoost,3,0,0.09912079572677612,0
1060,PH0378-C,1044-PF-KH-FAIRHURST,Cambodia,ExtendedStrict,XGBoost,3,0,0.02261532098054886,0
1061,PH0379-C,1044-PF-KH-FAIRHURST,Cambodia,ExtendedStrict,XGBoost,3,0,0.01558464951813221,0
1062,PH0380-C,1044-PF-KH-FAIRHURST,Cambodia,ExtendedStrict,XGBoost,3,0,0.020940300077199936,0
1063,PH0381-C,1044-PF-KH-FAIRHURST,Cambodia,ExtendedStrict,XGBoost,3,0,0.03015103004872799,0
1064,PH0382-C,1044-PF-KH-FAIRHURST,Cambodia,ExtendedStrict,XGBoost,3,0,0.04597553610801697,0
1065,PH0383-C,1044-PF-KH-FAIRHURST,Cambodia,ExtendedStrict,XGBoost,3,0,0.11349291354417801,0
1104,PH0453-C,1044-PF-KH-FAIRHURST,Cambodia,ExtendedStrict,XGBoost,3,0,0.20646803081035614,0
1105,PH0454-C,1044-PF-KH-FAIRHURST,Cambodia,ExtendedStrict,XGBoost,3,1,0.7795098423957825,1
1106,PH0455-C,1044-PF-KH-FAIRHURST,Cambodia,ExtendedStrict,XGBoost,3,1,0.20943760871887207,0
1107,PH0456-C,1044-PF-KH-FAIRHURST,Cambodia,ExtendedStrict,XGBoost,3,1,0.43210044503211975,0
1108,PH0457-CW,1044-PF-KH-FAIRHURST,Cambodia,ExtendedStrict,XGBoost,3,1,0.597326397895813,1
1109,PH0458-CW,1044-PF-KH-FAIRHURST,Cambodia,ExtendedStrict,XGBoost,3,1,0.9736307859420776,1
1110,PH0459-CW,1044-PF-KH-FAIRHURST,Cambodia,ExtendedStrict,XGBoost,3,1,0.249129056930542,0
1111,PH0460-C,1044-PF-KH-FAIRHURST,Cambodia,ExtendedStrict,XGBoost,3,1,0.9802590608596802,1
1112,PH0461-C,1044-PF-KH-FAIRHURST,Cambodia,ExtendedStrict,XGBoost,3,0,0.1418459117412567,0
1113,PH0462-C,1044-PF-KH-FAIRHURST,Cambodia,ExtendedStrict,XGBoost,3,0,0.04276922345161438,0
1114,PH0463-C,1044-PF-KH-FAIRHURST,Cambodia,ExtendedStrict,XGBoost,3,1,0.9785995483398438,1
1115,PH0464-CW,1044-PF-KH-FAIRHURST,Cambodia,ExtendedStrict,XGBoost,3,0,0.43507346510887146,0
1116,PH0466-C,1044-PF-KH-FAIRHURST,Cambodia,ExtendedStrict,XGBoost,3,0,0.02110818400979042,0
1117,PH0467-CW,1044-PF-KH-FAIRHURST,Cambodia,ExtendedStrict,XGBoost,3,1,0.7553464770317078,1
1118,PH0468-C,1044-PF-KH-FAIRHURST,Cambodia,ExtendedStrict,XGBoost,3,0,0.292575478553772,0
1119,PH0469-CW,1044-PF-KH-FAIRHURST,Cambodia,ExtendedStrict,XGBoost,3,1,0.3630204498767853,0
1120,PH0471-C,1044-PF-KH-FAIRHURST,Cambodia,ExtendedStrict,XGBoost,3,1,0.6278497576713562,1
1121,PH0472-C,1044-PF-KH-FAIRHURST,Cambodia,ExtendedStrict,XGBoost,3,1,0.9574471116065979,1
1122,PH0473-C,1044-PF-KH-FAIRHURST,Cambodia,ExtendedStrict,XGBoost,3,0,0.07063239812850952,0
1123,PH0474-CW,1044-PF-KH-FAIRHURST,Cambodia,ExtendedStrict,XGBoost,3,1,0.735681414604187,1
1124,PH0475-C,1044-PF-KH-FAIRHURST,Cambodia,ExtendedStrict,XGBoost,3,1,0.388406366109848,0
1125,PH0476-C,1044-PF-KH-FAIRHURST,Cambodia,ExtendedStrict,XGBoost,3,1,0.6443156003952026,1
1126,PH0478-C,1044-PF-KH-FAIRHURST,Cambodia,ExtendedStrict,XGBoost,3,0,0.24830591678619385,0
1127,PH0479-CW,1044-PF-KH-FAIRHURST,Cambodia,ExtendedStrict,XGBoost,3,1,0.9732249975204468,1
1128,PH0480-C,1044-PF-KH-FAIRHURST,Cambodia,ExtendedStrict,XGBoost,3,1,0.5853895545005798,1
1129,PH0481-C,1044-PF-KH-FAIRHURST,Cambodia,ExtendedStrict,XGBoost,3,1,0.9691229462623596,1
1130,PH0482-C,1044-PF-KH-FAIRHURST,Cambodia,ExtendedStrict,XGBoost,3,1,0.9630089402198792,1
1131,PH0483-CW,1044-PF-KH-FAIRHURST,Cambodia,ExtendedStrict,XGBoost,3,0,0.1802850365638733,0
1132,PH0484-C,1044-PF-KH-FAIRHURST,Cambodia,ExtendedStrict,XGBoost,3,1,0.7681443095207214,1
1133,PH0485-C,1044-PF-KH-FAIRHURST,Cambodia,ExtendedStrict,XGBoost,3,1,0.8016780018806458,1
1134,PH0486-C,1044-PF-KH-FAIRHURST,Cambodia,ExtendedStrict,XGBoost,3,1,0.978816032409668,1
1135,PH0487-C,1044-PF-KH-FAIRHURST,Cambodia,ExtendedStrict,XGBoost,3,1,0.616601824760437,1
1136,PH0488-C,1044-PF-KH-FAIRHURST,Cambodia,ExtendedStrict,XGBoost,3,0,0.5945027470588684,1
1137,PH0489-C,1044-PF-KH-FAIRHURST,Cambodia,ExtendedStrict,XGBoost,3,0,0.23124967515468597,0
1138,PH0490-C,1044-PF-KH-FAIRHURST,Cambodia,ExtendedStrict,XGBoost,3,1,0.42689013481140137,0
1139,PH0493-C,1044-PF-KH-FAIRHURST,Cambodia,ExtendedStrict,XGBoost,3,1,0.40605705976486206,0
1140,PH0494-CW,1044-PF-KH-FAIRHURST,Cambodia,ExtendedStrict,XGBoost,3,0,0.8895105719566345,1
1141,PH0495-CW,1044-PF-KH-FAIRHURST,Cambodia,ExtendedStrict,XGBoost,3,1,0.9792873859405518,1
1142,PH0496-CW,1044-PF-KH-FAIRHURST,Cambodia,ExtendedStrict,XGBoost,3,1,0.4085618257522583,0
1143,PH0497-C,1044-PF-KH-FAIRHURST,Cambodia,ExtendedStrict,XGBoost,3,1,0.6244880557060242,1
1144,PH0498-C,1044-PF-KH-FAIRHURST,Cambodia,ExtendedStrict,XGBoost,3,1,0.35294193029403687,0
1145,PH0499-CW,1044-PF-KH-FAIRHURST,Cambodia,ExtendedStrict,XGBoost,3,0,0.3249862790107727,0
1146,PH0500-CW,1044-PF-KH-FAIRHURST,Cambodia,ExtendedStrict,XGBoost,3,1,0.7745530605316162,1
1147,PH0501-CW,1044-PF-KH-FAIRHURST,Cambodia,ExtendedStrict,XGBoost,3,1,0.9806671142578125,1
1489,PH0945-C,1044-PF-KH-FAIRHURST,Cambodia,ExtendedStrict,XGBoost,3,0,0.305075466632843,0
1490,PH0952-CW,1044-PF-KH-FAIRHURST,Cambodia,ExtendedStrict,XGBoost,3,1,0.9871928691864014,1
1491,PH0959-Cx,1044-PF-KH-FAIRHURST,Cambodia,ExtendedStrict,XGBoost,3,1,0.8057587146759033,1
1492,PH0961-Cx,1044-PF-KH-FAIRHURST,Cambodia,ExtendedStrict,XGBoost,3,1,0.7396548986434937,1
1493,PH0962-C,1044-PF-KH-FAIRHURST,Cambodia,ExtendedStrict,XGBoost,3,1,0.9606415033340454,1
1494,PH0964-Cx,1044-PF-KH-FAIRHURST,Cambodia,ExtendedStrict,XGBoost,3,1,0.7704291939735413,1
1495,PH0966-Cx,1044-PF-KH-FAIRHURST,Cambodia,ExtendedStrict,XGBoost,3,1,0.9375786185264587,1
1496,PH0968-C,1044-PF-KH-FAIRHURST,Cambodia,ExtendedStrict,XGBoost,3,0,0.05134432390332222,0
1497,PH0970-C,1044-PF-KH-FAIRHURST,Cambodia,ExtendedStrict,XGBoost,3,0,0.04759901389479637,0
1498,PH0971-C,1044-PF-KH-FAIRHURST,Cambodia,ExtendedStrict,XGBoost,3,0,0.060503583401441574,0
1499,PH0973-C,1044-PF-KH-FAIRHURST,Cambodia,ExtendedStrict,XGBoost,3,1,0.012941397726535797,0
1500,PH0974-Cx,1044-PF-KH-FAIRHURST,Cambodia,ExtendedStrict,XGBoost,3,1,0.012941397726535797,0
1521,PH1015-C,1044-PF-KH-FAIRHURST,Cambodia,ExtendedStrict,XGBoost,3,1,0.9886842370033264,1
1522,PH1023-C,1044-PF-KH-FAIRHURST,Cambodia,ExtendedStrict,XGBoost,3,0,0.45083197951316833,0
1523,PH1025-C,1044-PF-KH-FAIRHURST,Cambodia,ExtendedStrict,XGBoost,3,1,0.9669526219367981,1
1524,PH1027-C,1044-PF-KH-FAIRHURST,Cambodia,ExtendedStrict,XGBoost,3,0,0.6536012887954712,1
1525,PH1032-C,1044-PF-KH-FAIRHURST,Cambodia,ExtendedStrict,XGBoost,3,0,0.0057005612179636955,0
1526,PH1037-C,1044-PF-KH-FAIRHURST,Cambodia,ExtendedStrict,XGBoost,3,1,0.7972747683525085,1
1527,PH1043-C,1044-PF-KH-FAIRHURST,Cambodia,ExtendedStrict,XGBoost,3,0,0.45347797870635986,0
1528,PH1045-C,1044-PF-KH-FAIRHURST,Cambodia,ExtendedStrict,XGBoost,3,0,0.33231717348098755,0
1529,PH1051-C,1044-PF-KH-FAIRHURST,Cambodia,ExtendedStrict,XGBoost,3,1,0.747707724571228,1
1530,PH1058-C,1044-PF-KH-FAIRHURST,Cambodia,ExtendedStrict,XGBoost,3,0,0.04159172996878624,0
1531,PH1065-C,1044-PF-KH-FAIRHURST,Cambodia,ExtendedStrict,XGBoost,3,0,0.024206720292568207,0
1532,PH1068-C,1044-PF-KH-FAIRHURST,Cambodia,ExtendedStrict,XGBoost,3,0,0.024546818807721138,0
1533,PH1069-C,1044-PF-KH-FAIRHURST,Cambodia,ExtendedStrict,XGBoost,3,0,0.0098416144028306,0
1534,PH1071-C,1044-PF-KH-FAIRHURST,Cambodia,ExtendedStrict,XGBoost,3,0,0.049159590154886246,0
1535,PH1073-C,1044-PF-KH-FAIRHURST,Cambodia,ExtendedStrict,XGBoost,3,0,0.011309605091810226,0
1536,PH1085-C,1044-PF-KH-FAIRHURST,Cambodia,ExtendedStrict,XGBoost,3,0,0.7031186819076538,1
1537,PH1086-C,1044-PF-KH-FAIRHURST,Cambodia,ExtendedStrict,XGBoost,3,1,0.886738121509552,1
1538,PH1088-C,1044-PF-KH-FAIRHURST,Cambodia,ExtendedStrict,XGBoost,3,1,0.32699647545814514,0
1539,PH1092-C,1044-PF-KH-FAIRHURST,Cambodia,ExtendedStrict,XGBoost,3,0,0.10848745703697205,0
1540,PH1097-C,1044-PF-KH-FAIRHURST,Cambodia,ExtendedStrict,XGBoost,3,0,0.3057110905647278,0
1541,PH1105-C,1044-PF-KH-FAIRHURST,Cambodia,ExtendedStrict,XGBoost,3,0,0.002920985221862793,0
1542,PH1106-C,1044-PF-KH-FAIRHURST,Cambodia,ExtendedStrict,XGBoost,3,0,0.006590333767235279,0
1546,PH1145-C,1044-PF-KH-FAIRHURST,Cambodia,ExtendedStrict,XGBoost,3,0,0.03378817439079285,0
1547,PH1147-C,1044-PF-KH-FAIRHURST,Cambodia,ExtendedStrict,XGBoost,3,0,0.04846889153122902,0
1548,PH1148-C,1044-PF-KH-FAIRHURST,Cambodia,ExtendedStrict,XGBoost,3,1,0.9928823709487915,1
1549,PH1150-C,1044-PF-KH-FAIRHURST,Cambodia,ExtendedStrict,XGBoost,3,0,0.17894482612609863,0
1550,PH1152-C,1044-PF-KH-FAIRHURST,Cambodia,ExtendedStrict,XGBoost,3,1,0.9941317439079285,1
1551,PH1153-C,1044-PF-KH-FAIRHURST,Cambodia,ExtendedStrict,XGBoost,3,0,0.07491100579500198,0
1552,PH1155-C,1044-PF-KH-FAIRHURST,Cambodia,ExtendedStrict,XGBoost,3,1,0.9909987449645996,1
1553,PH1158-C,1044-PF-KH-FAIRHURST,Cambodia,ExtendedStrict,XGBoost,3,1,0.9594502449035645,1
1554,PH1159-C,1044-PF-KH-FAIRHURST,Cambodia,ExtendedStrict,XGBoost,3,0,0.10922541469335556,0
1555,PH1162-C,1044-PF-KH-FAIRHURST,Cambodia,ExtendedStrict,XGBoost,3,1,0.9919911026954651,1
1556,PH1163-C,1044-PF-KH-FAIRHURST,Cambodia,ExtendedStrict,XGBoost,3,0,0.10572890192270279,0
1557,PH1164-C,1044-PF-KH-FAIRHURST,Cambodia,ExtendedStrict,XGBoost,3,0,0.07491100579500198,0
1558,PH1165-C,1044-PF-KH-FAIRHURST,Cambodia,ExtendedStrict,XGBoost,3,0,0.4275684356689453,0
1559,PH1168-C,1044-PF-KH-FAIRHURST,Cambodia,ExtendedStrict,XGBoost,3,0,0.6733145713806152,1
1560,PH1169-C,1044-PF-KH-FAIRHURST,Cambodia,ExtendedStrict,XGBoost,3,0,0.34123101830482483,0
1561,PH1170-C,1044-PF-KH-FAIRHURST,Cambodia,ExtendedStrict,XGBoost,3,0,0.3384081721305847,0
1562,PH1172-C,1044-PF-KH-FAIRHURST,Cambodia,ExtendedStrict,XGBoost,3,0,0.5617077946662903,1
1563,PH1173-C,1044-PF-KH-FAIRHURST,Cambodia,ExtendedStrict,XGBoost,3,1,0.9940542578697205,1
1564,PH1175-C,1044-PF-KH-FAIRHURST,Cambodia,ExtendedStrict,XGBoost,3,1,0.9938830137252808,1
1565,PH1183-C,1044-PF-KH-FAIRHURST,Cambodia,ExtendedStrict,XGBoost,3,1,0.9517654180526733,1
1566,PH1186-C,1044-PF-KH-FAIRHURST,Cambodia,ExtendedStrict,XGBoost,3,1,0.9945845007896423,1
1567,PH1187-C,1044-PF-KH-FAIRHURST,Cambodia,ExtendedStrict,XGBoost,3,1,0.9903448224067688,1
1568,PH1188-C,1044-PF-KH-FAIRHURST,Cambodia,ExtendedStrict,XGBoost,3,0,0.9275757074356079,1
1569,PH1189-C,1044-PF-KH-FAIRHURST,Cambodia,ExtendedStrict,XGBoost,3,0,0.9740319848060608,1
1570,PH1190-C,1044-PF-KH-FAIRHURST,Cambodia,ExtendedStrict,XGBoost,3,1,0.7890498042106628,1
1571,PH1191-C,1044-PF-KH-FAIRHURST,Cambodia,ExtendedStrict,XGBoost,3,0,0.17896993458271027,0
1572,PH1192-C,1044-PF-KH-FAIRHURST,Cambodia,ExtendedStrict,XGBoost,3,1,0.9939352869987488,1
1573,PH1195-C,1044-PF-KH-FAIRHURST,Cambodia,ExtendedStrict,XGBoost,3,1,0.8572559952735901,1
1574,PH1197-C,1044-PF-KH-FAIRHURST,Cambodia,ExtendedStrict,XGBoost,3,0,0.8168579936027527,1
1575,PH1198-C,1044-PF-KH-FAIRHURST,Cambodia,ExtendedStrict,XGBoost,3,1,0.9814929366111755,1
1576,PH1200-C,1044-PF-KH-FAIRHURST,Cambodia,ExtendedStrict,XGBoost,3,1,0.9660479426383972,1
1577,PH1201-C,1044-PF-KH-FAIRHURST,Cambodia,ExtendedStrict,XGBoost,3,1,0.9831843972206116,1
1578,PH1202-C,1044-PF-KH-FAIRHURST,Cambodia,ExtendedStrict,XGBoost,3,1,0.9929995536804199,1
1579,PH1203-C,1044-PF-KH-FAIRHURST,Cambodia,ExtendedStrict,XGBoost,3,1,0.9740361571311951,1
1580,PH1205-C,1044-PF-KH-FAIRHURST,Cambodia,ExtendedStrict,XGBoost,3,0,0.46033766865730286,0
1581,PH1206-C,1044-PF-KH-FAIRHURST,Cambodia,ExtendedStrict,XGBoost,3,1,0.9931548833847046,1
1582,PH1208-C,1044-PF-KH-FAIRHURST,Cambodia,ExtendedStrict,XGBoost,3,1,0.967528760433197,1
1583,PH1209-C,1044-PF-KH-FAIRHURST,Cambodia,ExtendedStrict,XGBoost,3,1,0.9441030025482178,1
1584,PH1211-C,1044-PF-KH-FAIRHURST,Cambodia,ExtendedStrict,XGBoost,3,1,0.9609609842300415,1
1585,PH1216-C,1044-PF-KH-FAIRHURST,Cambodia,ExtendedStrict,XGBoost,3,1,0.9740361571311951,1
1586,PH1217-C,1044-PF-KH-FAIRHURST,Cambodia,ExtendedStrict,XGBoost,3,1,0.9667363166809082,1
1587,PH1218-C,1044-PF-KH-FAIRHURST,Cambodia,ExtendedStrict,XGBoost,3,0,0.8767848014831543,1
1588,PH1220-C,1044-PF-KH-FAIRHURST,Cambodia,ExtendedStrict,XGBoost,3,0,0.30147624015808105,0
1589,PH1223-C,1044-PF-KH-FAIRHURST,Cambodia,ExtendedStrict,XGBoost,3,1,0.9824924468994141,1
1590,PH1224-C,1044-PF-KH-FAIRHURST,Cambodia,ExtendedStrict,XGBoost,3,1,0.9827380776405334,1
1591,PH1229-C,1044-PF-KH-FAIRHURST,Cambodia,ExtendedStrict,XGBoost,3,1,0.9971164464950562,1
1592,PH1234-C,1044-PF-KH-FAIRHURST,Cambodia,ExtendedStrict,XGBoost,3,1,0.9939352869987488,1
1593,PH1236-C,1044-PF-KH-FAIRHURST,Cambodia,ExtendedStrict,XGBoost,3,1,0.9919911026954651,1
1594,PH1251-C,1044-PF-KH-FAIRHURST,Cambodia,ExtendedStrict,XGBoost,3,1,0.9920927882194519,1
1595,PH1252-C,1044-PF-KH-FAIRHURST,Cambodia,ExtendedStrict,XGBoost,3,1,0.9919911026954651,1
1596,PH1253-C,1044-PF-KH-FAIRHURST,Cambodia,ExtendedStrict,XGBoost,3,1,0.9892231225967407,1
1597,PH1289-C,1044-PF-KH-FAIRHURST,Cambodia,ExtendedStrict,XGBoost,3,0,0.1347419172525406,0
1598,PH1297-C,1044-PF-KH-FAIRHURST,Cambodia,ExtendedStrict,XGBoost,3,0,0.07570677250623703,0
1599,PH1299-C,1044-PF-KH-FAIRHURST,Cambodia,ExtendedStrict,XGBoost,3,0,0.0064323097467422485,0
1600,PH1300-C,1044-PF-KH-FAIRHURST,Cambodia,ExtendedStrict,XGBoost,3,0,0.04889765754342079,0
1601,PH1304-C,1044-PF-KH-FAIRHURST,Cambodia,ExtendedStrict,XGBoost,3,0,0.017897529527544975,0
1602,PH1305-C,1044-PF-KH-FAIRHURST,Cambodia,ExtendedStrict,XGBoost,3,0,0.02887124754488468,0
1603,PH1309-C,1044-PF-KH-FAIRHURST,Cambodia,ExtendedStrict,XGBoost,3,0,0.0048899236135184765,0
1604,PH1310-C,1044-PF-KH-FAIRHURST,Cambodia,ExtendedStrict,XGBoost,3,0,0.07491100579500198,0
1605,PH1313-C,1044-PF-KH-FAIRHURST,Cambodia,ExtendedStrict,XGBoost,3,1,0.9929995536804199,1
1606,PH1316-C,1044-PF-KH-FAIRHURST,Cambodia,ExtendedStrict,XGBoost,3,0,0.3936891555786133,0
1607,PH1317-C,1044-PF-KH-FAIRHURST,Cambodia,ExtendedStrict,XGBoost,3,0,0.0654696449637413,0
1608,PH1318-C,1044-PF-KH-FAIRHURST,Cambodia,ExtendedStrict,XGBoost,3,0,0.04302208498120308,0
1609,PH1319-C,1044-PF-KH-FAIRHURST,Cambodia,ExtendedStrict,XGBoost,3,0,0.01152298878878355,0
1610,PH1336-C,1044-PF-KH-FAIRHURST,Cambodia,ExtendedStrict,XGBoost,3,1,0.9833887815475464,1
1611,PH1337-C,1044-PF-KH-FAIRHURST,Cambodia,ExtendedStrict,XGBoost,3,1,0.7890498042106628,1
1612,PH1338-C,1044-PF-KH-FAIRHURST,Cambodia,ExtendedStrict,XGBoost,3,1,0.8923837542533875,1
1613,PH1339-C,1044-PF-KH-FAIRHURST,Cambodia,ExtendedStrict,XGBoost,3,1,0.9827380776405334,1
1614,PH1341-C,1044-PF-KH-FAIRHURST,Cambodia,ExtendedStrict,XGBoost,3,1,0.7430293560028076,1
1615,PH1343-C,1044-PF-KH-FAIRHURST,Cambodia,ExtendedStrict,XGBoost,3,1,0.9970787763595581,1
1616,PH1351-C,1044-PF-KH-FAIRHURST,Cambodia,ExtendedStrict,XGBoost,3,1,0.996661901473999,1
1617,PH1354-C,1044-PF-KH-FAIRHURST,Cambodia,ExtendedStrict,XGBoost,3,1,0.9645993113517761,1
1618,PH1355-C,1044-PF-KH-FAIRHURST,Cambodia,ExtendedStrict,XGBoost,3,1,0.9758352637290955,1
1619,PH1357-C,1044-PF-KH-FAIRHURST,Cambodia,ExtendedStrict,XGBoost,3,1,0.7014347314834595,1
1620,PH1358-C,1044-PF-KH-FAIRHURST,Cambodia,ExtendedStrict,XGBoost,3,1,0.7389765381813049,1
1621,PH1360-C,1044-PF-KH-FAIRHURST,Cambodia,ExtendedStrict,XGBoost,3,1,0.9375786185264587,1
1622,PH1368-C,1044-PF-KH-FAIRHURST,Cambodia,ExtendedStrict,XGBoost,3,1,0.9851788878440857,1
1623,PH1373-C,1044-PF-KH-FAIRHURST,Cambodia,ExtendedStrict,XGBoost,3,1,0.9958771467208862,1
1624,PH1377-C,1044-PF-KH-FAIRHURST,Cambodia,ExtendedStrict,XGBoost,3,1,0.9661160707473755,1
1625,PH1378-C,1044-PF-KH-FAIRHURST,Cambodia,ExtendedStrict,XGBoost,3,1,0.9659785628318787,1
1626,PH1379-C,1044-PF-KH-FAIRHURST,Cambodia,ExtendedStrict,XGBoost,3,1,0.9827380776405334,1
1627,PH1384-C,1044-PF-KH-FAIRHURST,Cambodia,ExtendedStrict,XGBoost,3,1,0.9758352637290955,1
1628,PH1387-C,1044-PF-KH-FAIRHURST,Cambodia,ExtendedStrict,XGBoost,3,1,0.983059823513031,1
1629,PH1390-C,1044-PF-KH-FAIRHURST,Cambodia,ExtendedStrict,XGBoost,3,1,0.9740361571311951,1
1630,PH1391-C,1044-PF-KH-FAIRHURST,Cambodia,ExtendedStrict,XGBoost,3,1,0.8969524502754211,1
1631,PH1393-C,1044-PF-KH-FAIRHURST,Cambodia,ExtendedStrict,XGBoost,3,0,0.9714903235435486,1
1632,PH1394-C,1044-PF-KH-FAIRHURST,Cambodia,ExtendedStrict,XGBoost,3,1,0.8634111881256104,1
1633,PH1395-C,1044-PF-KH-FAIRHURST,Cambodia,ExtendedStrict,XGBoost,3,0,0.44767463207244873,0
1634,PH1396-C,1044-PF-KH-FAIRHURST,Cambodia,ExtendedStrict,XGBoost,3,1,0.9785385727882385,1
1635,PH1397-C,1044-PF-KH-FAIRHURST,Cambodia,ExtendedStrict,XGBoost,3,1,0.9903448224067688,1
1636,PH1398-C,1044-PF-KH-FAIRHURST,Cambodia,ExtendedStrict,XGBoost,3,1,0.9420127868652344,1
1637,PH1399-C,1044-PF-KH-FAIRHURST,Cambodia,ExtendedStrict,XGBoost,3,1,0.9827380776405334,1
1638,PH1402-C,1044-PF-KH-FAIRHURST,Cambodia,ExtendedStrict,XGBoost,3,1,0.9895463585853577,1
1639,PH1407-C,1044-PF-KH-FAIRHURST,Cambodia,ExtendedStrict,XGBoost,3,1,0.9001331329345703,1
1640,PH1411-C,1044-PF-KH-FAIRHURST,Cambodia,ExtendedStrict,XGBoost,3,1,0.7890498042106628,1
1641,PH1419-C,1044-PF-KH-FAIRHURST,Cambodia,ExtendedStrict,XGBoost,3,1,0.9970787763595581,1
1642,PH1422-C,1044-PF-KH-FAIRHURST,Cambodia,ExtendedStrict,XGBoost,3,1,0.48266467452049255,0
1643,PH1439-C,1044-PF-KH-FAIRHURST,Cambodia,ExtendedStrict,XGBoost,3,1,0.7890498042106628,1
1644,PH1443-C,1044-PF-KH-FAIRHURST,Cambodia,ExtendedStrict,XGBoost,3,1,0.8329738974571228,1
1645,PH1449-C,1044-PF-KH-FAIRHURST,Cambodia,ExtendedStrict,XGBoost,3,1,0.7338390350341797,1
1646,PH1453-C,1044-PF-KH-FAIRHURST,Cambodia,ExtendedStrict,XGBoost,3,0,0.9785385727882385,1
1647,PH1454-C,1044-PF-KH-FAIRHURST,Cambodia,ExtendedStrict,XGBoost,3,1,0.9935497641563416,1
1648,PH1477-C,1044-PF-KH-FAIRHURST,Cambodia,ExtendedStrict,XGBoost,3,1,0.9949459433555603,1
1649,PH1482-C,1044-PF-KH-FAIRHURST,Cambodia,ExtendedStrict,XGBoost,3,0,0.9956433773040771,1
1650,PH1484-C,1044-PF-KH-FAIRHURST,Cambodia,ExtendedStrict,XGBoost,3,1,0.9971809387207031,1
1651,PH1486-C,1044-PF-KH-FAIRHURST,Cambodia,ExtendedStrict,XGBoost,3,1,0.9507912993431091,1
1652,PH1487-C,1044-PF-KH-FAIRHURST,Cambodia,ExtendedStrict,XGBoost,3,1,0.9928896427154541,1
1653,PH1488-C,1044-PF-KH-FAIRHURST,Cambodia,ExtendedStrict,XGBoost,3,1,0.9831843972206116,1
1654,PH1489-C,1044-PF-KH-FAIRHURST,Cambodia,ExtendedStrict,XGBoost,3,1,0.8329738974571228,1
1655,PH1490-C,1044-PF-KH-FAIRHURST,Cambodia,ExtendedStrict,XGBoost,3,0,0.6850305795669556,1
1656,PH1491-C,1044-PF-KH-FAIRHURST,Cambodia,ExtendedStrict,XGBoost,3,1,0.9971221089363098,1
1657,PH1492-C,1044-PF-KH-FAIRHURST,Cambodia,ExtendedStrict,XGBoost,3,1,0.6473376750946045,1
1658,PH1493-C,1044-PF-KH-FAIRHURST,Cambodia,ExtendedStrict,XGBoost,3,1,0.9335688352584839,1
1659,PH1494-C,1044-PF-KH-FAIRHURST,Cambodia,ExtendedStrict,XGBoost,3,0,0.9935450553894043,1
1660,PH1495-C,1044-PF-KH-FAIRHURST,Cambodia,ExtendedStrict,XGBoost,3,1,0.9001331329345703,1
1661,PH1497-C,1044-PF-KH-FAIRHURST,Cambodia,ExtendedStrict,XGBoost,3,1,0.9973419308662415,1
1662,PH1498-C,1044-PF-KH-FAIRHURST,Cambodia,ExtendedStrict,XGBoost,3,1,0.7890498042106628,1
1663,PH1499-C,1044-PF-KH-FAIRHURST,Cambodia,ExtendedStrict,XGBoost,3,1,0.9945894479751587,1
1664,PH1500-C,1044-PF-KH-FAIRHURST,Cambodia,ExtendedStrict,XGBoost,3,1,0.9827380776405334,1
1665,PH1501-C,1044-PF-KH-FAIRHURST,Cambodia,ExtendedStrict,XGBoost,3,1,0.9944082498550415,1
1666,PH1502-C,1044-PF-KH-FAIRHURST,Cambodia,ExtendedStrict,XGBoost,3,1,0.9884254932403564,1
1667,PH1504-C,1044-PF-KH-FAIRHURST,Cambodia,ExtendedStrict,XGBoost,3,1,0.9941338896751404,1
1668,PH1506-C,1044-PF-KH-FAIRHURST,Cambodia,ExtendedStrict,XGBoost,3,1,0.9935450553894043,1
1669,PH1519-C,1044-PF-KH-FAIRHURST,Cambodia,ExtendedStrict,XGBoost,3,1,0.9971164464950562,1
1670,PH1529-C,1044-PF-KH-FAIRHURST,Cambodia,ExtendedStrict,XGBoost,3,1,0.9970787763595581,1
1671,PH1562-C,1044-PF-KH-FAIRHURST,Cambodia,ExtendedStrict,XGBoost,3,1,0.9910054206848145,1
1672,PH1564-C,1044-PF-KH-FAIRHURST,Cambodia,ExtendedStrict,XGBoost,3,1,0.9919558763504028,1
1673,PH1565-C,1044-PF-KH-FAIRHURST,Cambodia,ExtendedStrict,XGBoost,3,1,0.9899144172668457,1
1674,PH1566-C,1044-PF-KH-FAIRHURST,Cambodia,ExtendedStrict,XGBoost,3,0,0.009332473389804363,0
1675,PH1567-C,1044-PF-KH-FAIRHURST,Cambodia,ExtendedStrict,XGBoost,3,1,0.9951790571212769,1
1676,PH1568-C,1044-PF-KH-FAIRHURST,Cambodia,ExtendedStrict,XGBoost,3,1,0.9936758875846863,1
1677,PH1570-C,1044-PF-KH-FAIRHURST,Cambodia,ExtendedStrict,XGBoost,3,0,0.4988970160484314,0
1678,PH1571-C,1044-PF-KH-FAIRHURST,Cambodia,ExtendedStrict,XGBoost,3,1,0.9972227811813354,1
1679,PH1575-C,1044-PF-KH-FAIRHURST,Cambodia,ExtendedStrict,XGBoost,3,0,0.012426692992448807,0
1680,PH1577-C,1044-PF-KH-FAIRHURST,Cambodia,ExtendedStrict,XGBoost,3,0,0.1329212188720703,0
1681,PH1578-C,1044-PF-KH-FAIRHURST,Cambodia,ExtendedStrict,XGBoost,3,0,0.09306628257036209,0
1682,PH1580-C,1044-PF-KH-FAIRHURST,Cambodia,ExtendedStrict,XGBoost,3,0,0.007927186787128448,0
1683,PH1587-C,1044-PF-KH-FAIRHURST,Cambodia,ExtendedStrict,XGBoost,3,0,0.1198921725153923,0
1684,PH1589-C,1044-PF-KH-FAIRHURST,Cambodia,ExtendedStrict,XGBoost,3,0,0.052548184990882874,0
1685,PH1594-C,1044-PF-KH-FAIRHURST,Cambodia,ExtendedStrict,XGBoost,3,0,0.010061644949018955,0
1686,PH1596-C,1044-PF-KH-FAIRHURST,Cambodia,ExtendedStrict,XGBoost,3,0,0.03525298461318016,0
1687,PH1597-C,1044-PF-KH-FAIRHURST,Cambodia,ExtendedStrict,XGBoost,3,0,0.024246471002697945,0
1688,PH1602-C,1044-PF-KH-FAIRHURST,Cambodia,ExtendedStrict,XGBoost,3,0,0.006091814488172531,0
1689,PH1604-C,1044-PF-KH-FAIRHURST,Cambodia,ExtendedStrict,XGBoost,3,1,0.9931164979934692,1
1690,PH1611-C,1044-PF-KH-FAIRHURST,Cambodia,ExtendedStrict,XGBoost,3,0,0.055868811905384064,0
1691,PH1614-C,1044-PF-KH-FAIRHURST,Cambodia,ExtendedStrict,XGBoost,3,1,0.1625843048095703,0
1692,PH1615-C,1044-PF-KH-FAIRHURST,Cambodia,ExtendedStrict,XGBoost,3,0,0.11224748194217682,0
1693,PH1616-C,1044-PF-KH-FAIRHURST,Cambodia,ExtendedStrict,XGBoost,3,0,0.05003433674573898,0
1694,PH1623-C,1044-PF-KH-FAIRHURST,Cambodia,ExtendedStrict,XGBoost,3,0,0.039934854954481125,0
1695,PH1624-C,1044-PF-KH-FAIRHURST,Cambodia,ExtendedStrict,XGBoost,3,0,0.01408566813915968,0
1696,PH1626-C,1044-PF-KH-FAIRHURST,Cambodia,ExtendedStrict,XGBoost,3,0,0.016297340393066406,0
1697,PH1628-C,1044-PF-KH-FAIRHURST,Cambodia,ExtendedStrict,XGBoost,3,0,0.011423922143876553,0
1698,PH1630-C,1044-PF-KH-FAIRHURST,Cambodia,ExtendedStrict,XGBoost,3,0,0.02387019619345665,0
1699,PH1634-C,1044-PF-KH-FAIRHURST,Cambodia,ExtendedStrict,XGBoost,3,0,0.0523747019469738,0
1700,PH1636-C,1044-PF-KH-FAIRHURST,Cambodia,ExtendedStrict,XGBoost,3,0,0.1152382642030716,0
1701,PH1638-C,1044-PF-KH-FAIRHURST,Cambodia,ExtendedStrict,XGBoost,3,0,0.04581669718027115,0
1702,PH1639-C,1044-PF-KH-FAIRHURST,Cambodia,ExtendedStrict,XGBoost,3,0,0.021634217351675034,0
1703,PH1643-C,1044-PF-KH-FAIRHURST,Cambodia,ExtendedStrict,XGBoost,3,0,0.07127780467271805,0
1704,PH1668-CW2,1044-PF-KH-FAIRHURST,Cambodia,ExtendedStrict,XGBoost,3,0,0.979097843170166,1
1705,PH1669-CW2,1044-PF-KH-FAIRHURST,Cambodia,ExtendedStrict,XGBoost,3,1,0.7890498042106628,1
1706,PH1670-CW2,1044-PF-KH-FAIRHURST,Cambodia,ExtendedStrict,XGBoost,3,1,0.6414597630500793,1
1707,PH1671-CW2,1044-PF-KH-FAIRHURST,Cambodia,ExtendedStrict,XGBoost,3,1,0.9929838180541992,1
1708,PH1674-CW2,1044-PF-KH-FAIRHURST,Cambodia,ExtendedStrict,XGBoost,3,1,0.9870308041572571,1
1709,PH1675-CW2,1044-PF-KH-FAIRHURST,Cambodia,ExtendedStrict,XGBoost,3,1,0.9519706964492798,1
1710,PH1676-CW2,1044-PF-KH-FAIRHURST,Cambodia,ExtendedStrict,XGBoost,3,1,0.9759619832038879,1
1711,PH1677-CW2,1044-PF-KH-FAIRHURST,Cambodia,ExtendedStrict,XGBoost,3,1,0.9714434146881104,1
1712,PH1692-CW,1044-PF-KH-FAIRHURST,Cambodia,ExtendedStrict,XGBoost,3,1,0.9918311238288879,1
1713,PH1708-C,1195-PF-TRAC2-DONDORP,Cambodia,ExtendedStrict,XGBoost,3,1,0.8564885258674622,1
1714,PH1709-C,1195-PF-TRAC2-DONDORP,Cambodia,ExtendedStrict,XGBoost,3,1,0.9849658012390137,1
1715,PH1710-C,1195-PF-TRAC2-DONDORP,Cambodia,ExtendedStrict,XGBoost,3,1,0.9915319085121155,1
1716,PH1711-C,1195-PF-TRAC2-DONDORP,Cambodia,ExtendedStrict,XGBoost,3,1,0.9572851061820984,1
1717,PH1712-C,1195-PF-TRAC2-DONDORP,Cambodia,ExtendedStrict,XGBoost,3,1,0.29647108912467957,0
1718,PH1713-C,1195-PF-TRAC2-DONDORP,Cambodia,ExtendedStrict,XGBoost,3,1,0.9175740480422974,1
1719,PH1715-C,1195-PF-TRAC2-DONDORP,Cambodia,ExtendedStrict,XGBoost,3,1,0.9895317554473877,1
1720,PH1716-C,1195-PF-TRAC2-DONDORP,Cambodia,ExtendedStrict,XGBoost,3,1,0.985824704170227,1
1721,PH1717-C,1195-PF-TRAC2-DONDORP,Cambodia,ExtendedStrict,XGBoost,3,1,0.9522070288658142,1
1722,PH1718-C,1195-PF-TRAC2-DONDORP,Cambodia,ExtendedStrict,XGBoost,3,1,0.992148756980896,1
1723,PH1719-C,1195-PF-TRAC2-DONDORP,Cambodia,ExtendedStrict,XGBoost,3,1,0.9901347756385803,1
1724,PH1720-C,1195-PF-TRAC2-DONDORP,Cambodia,ExtendedStrict,XGBoost,3,1,0.9968031644821167,1
1725,PH1721-C,1195-PF-TRAC2-DONDORP,Cambodia,ExtendedStrict,XGBoost,3,1,0.9868152141571045,1
1726,PH1723-C,1195-PF-TRAC2-DONDORP,Cambodia,ExtendedStrict,XGBoost,3,1,0.9945811629295349,1
1727,PH1729-C,1195-PF-TRAC2-DONDORP,Cambodia,ExtendedStrict,XGBoost,3,1,0.9768781661987305,1
1728,PH1730-C,1195-PF-TRAC2-DONDORP,Cambodia,ExtendedStrict,XGBoost,3,1,0.9972583055496216,1
1729,PH1731-C,1195-PF-TRAC2-DONDORP,Cambodia,ExtendedStrict,XGBoost,3,1,0.9971286654472351,1
1730,PH1732-C,1195-PF-TRAC2-DONDORP,Cambodia,ExtendedStrict,XGBoost,3,1,0.9973726272583008,1
1731,PH1733-C,1195-PF-TRAC2-DONDORP,Cambodia,ExtendedStrict,XGBoost,3,1,0.9837527275085449,1
1732,PH1734-C,1195-PF-TRAC2-DONDORP,Cambodia,ExtendedStrict,XGBoost,3,0,0.03021850623190403,0
1733,PH1735-C,1195-PF-TRAC2-DONDORP,Cambodia,ExtendedStrict,XGBoost,3,1,0.38849112391471863,0
1734,PH1737-C,1195-PF-TRAC2-DONDORP,Cambodia,ExtendedStrict,XGBoost,3,0,0.7454569935798645,1
1735,PH1738-C,1195-PF-TRAC2-DONDORP,Cambodia,ExtendedStrict,XGBoost,3,1,0.9693176746368408,1
1736,PH1741-C,1195-PF-TRAC2-DONDORP,Cambodia,ExtendedStrict,XGBoost,3,1,0.9772297739982605,1
1737,PH1742-C,1195-PF-TRAC2-DONDORP,Cambodia,ExtendedStrict,XGBoost,3,1,0.9936192631721497,1
1738,PH1743-C,1195-PF-TRAC2-DONDORP,Cambodia,ExtendedStrict,XGBoost,3,1,0.9696416258811951,1
1739,PH1744-C,1195-PF-TRAC2-DONDORP,Cambodia,ExtendedStrict,XGBoost,3,1,0.9706677794456482,1
1740,PH1745-C,1195-PF-TRAC2-DONDORP,Cambodia,ExtendedStrict,XGBoost,3,0,0.9938337802886963,1
1741,PH1746-C,1195-PF-TRAC2-DONDORP,Cambodia,ExtendedStrict,XGBoost,3,1,0.9617563486099243,1
1742,PH1747-C,1195-PF-TRAC2-DONDORP,Cambodia,ExtendedStrict,XGBoost,3,1,0.9813599586486816,1
1743,PH1748-C,1195-PF-TRAC2-DONDORP,Cambodia,ExtendedStrict,XGBoost,3,1,0.6459585428237915,1
1744,PH1749-C,1195-PF-TRAC2-DONDORP,Cambodia,ExtendedStrict,XGBoost,3,1,0.9950829744338989,1
1745,PH1750-C,1195-PF-TRAC2-DONDORP,Cambodia,ExtendedStrict,XGBoost,3,1,0.9745268225669861,1
1746,PH1752-C,1195-PF-TRAC2-DONDORP,Cambodia,ExtendedStrict,XGBoost,3,1,0.994222104549408,1
1747,PH1754-C,1195-PF-TRAC2-DONDORP,Cambodia,ExtendedStrict,XGBoost,3,0,0.1943725347518921,0
1748,PH1756-C,1195-PF-TRAC2-DONDORP,Cambodia,ExtendedStrict,XGBoost,3,1,0.9936882853507996,1
1749,PH1759-C,1195-PF-TRAC2-DONDORP,Cambodia,ExtendedStrict,XGBoost,3,1,0.9920340180397034,1
1750,PH1760-C,1195-PF-TRAC2-DONDORP,Cambodia,ExtendedStrict,XGBoost,3,1,0.977182924747467,1
1751,PH1764-C,1195-PF-TRAC2-DONDORP,Cambodia,ExtendedStrict,XGBoost,3,1,0.9920675754547119,1
1752,PH1765-C,1195-PF-TRAC2-DONDORP,Cambodia,ExtendedStrict,XGBoost,3,1,0.9933213591575623,1
1753,PH1766-C,1195-PF-TRAC2-DONDORP,Cambodia,ExtendedStrict,XGBoost,3,1,0.9853832721710205,1
1754,PH1767-C,1195-PF-TRAC2-DONDORP,Cambodia,ExtendedStrict,XGBoost,3,1,0.9700719714164734,1
1755,PH1768-C,1195-PF-TRAC2-DONDORP,Cambodia,ExtendedStrict,XGBoost,3,1,0.8042455911636353,1
1775,PV0080-C,1008-PF-SEA-RINGWALD,Vietnam,ExtendedStrict,XGBoost,3,0,0.0175038892775774,0
1776,PV0081-C,1008-PF-SEA-RINGWALD,Vietnam,ExtendedStrict,XGBoost,3,1,0.609418511390686,1
1777,PV0082-C,1008-PF-SEA-RINGWALD,Vietnam,ExtendedStrict,XGBoost,3,0,0.009920856915414333,0
1778,PV0083-C,1008-PF-SEA-RINGWALD,Vietnam,ExtendedStrict,XGBoost,3,1,0.3120424151420593,0
1779,PV0084-C,1008-PF-SEA-RINGWALD,Vietnam,ExtendedStrict,XGBoost,3,0,0.04352487251162529,0
1780,PV0085-C,1008-PF-SEA-RINGWALD,Vietnam,ExtendedStrict,XGBoost,3,1,0.2203536331653595,0
1781,PV0086-C,1008-PF-SEA-RINGWALD,Vietnam,ExtendedStrict,XGBoost,3,0,0.021613098680973053,0
1782,PV0087-C,1008-PF-SEA-RINGWALD,Vietnam,ExtendedStrict,XGBoost,3,0,0.02021387591958046,0
1783,PV0088-C,1008-PF-SEA-RINGWALD,Vietnam,ExtendedStrict,XGBoost,3,1,0.09497193247079849,0
1784,PV0089-C,1008-PF-SEA-RINGWALD,Vietnam,ExtendedStrict,XGBoost,3,0,0.09857076406478882,0
1785,PV0091-C,1008-PF-SEA-RINGWALD,Vietnam,ExtendedStrict,XGBoost,3,1,0.532325804233551,1
1786,PV0092-C,1008-PF-SEA-RINGWALD,Vietnam,ExtendedStrict,XGBoost,3,0,0.03289220854640007,0
1787,PV0093-C,1008-PF-SEA-RINGWALD,Vietnam,ExtendedStrict,XGBoost,3,1,0.45056024193763733,0
1788,PV0094-C,1008-PF-SEA-RINGWALD,Vietnam,ExtendedStrict,XGBoost,3,0,0.03289220854640007,0
1789,PV0097-C,1008-PF-SEA-RINGWALD,Vietnam,ExtendedStrict,XGBoost,3,0,0.08819857239723206,0
1790,PV0098-C,1008-PF-SEA-RINGWALD,Vietnam,ExtendedStrict,XGBoost,3,0,0.08190881460905075,0
1791,PV0099-C,1008-PF-SEA-RINGWALD,Vietnam,ExtendedStrict,XGBoost,3,0,0.6236411929130554,1
1792,PV0100-C,1008-PF-SEA-RINGWALD,Vietnam,ExtendedStrict,XGBoost,3,0,0.03304983675479889,0
1793,PV0101-C,1008-PF-SEA-RINGWALD,Vietnam,ExtendedStrict,XGBoost,3,1,0.2203536331653595,0
1794,PV0102-C,1008-PF-SEA-RINGWALD,Vietnam,ExtendedStrict,XGBoost,3,1,0.21535690128803253,0
1795,PV0109-C,1008-PF-SEA-RINGWALD,Vietnam,ExtendedStrict,XGBoost,3,0,0.007480379194021225,0
1796,PV0110-C,1008-PF-SEA-RINGWALD,Vietnam,ExtendedStrict,XGBoost,3,0,0.012904944829642773,0
1797,PV0112-C,1008-PF-SEA-RINGWALD,Vietnam,ExtendedStrict,XGBoost,3,0,0.08819857239723206,0
1798,PV0113-C,1008-PF-SEA-RINGWALD,Vietnam,ExtendedStrict,XGBoost,3,0,0.02541743963956833,0
1799,PV0115-C,1008-PF-SEA-RINGWALD,Vietnam,ExtendedStrict,XGBoost,3,1,0.013302871957421303,0
1800,PV0117-C,1008-PF-SEA-RINGWALD,Vietnam,ExtendedStrict,XGBoost,3,0,0.023559393361210823,0
1801,PV0120-C,1008-PF-SEA-RINGWALD,Vietnam,ExtendedStrict,XGBoost,3,0,0.16802363097667694,0
1802,PV0122-C,1008-PF-SEA-RINGWALD,Vietnam,ExtendedStrict,XGBoost,3,1,0.6634465456008911,1
1803,PV0125-C,1008-PF-SEA-RINGWALD,Vietnam,ExtendedStrict,XGBoost,3,1,0.5880551338195801,1
1804,PV0126-C,1008-PF-SEA-RINGWALD,Vietnam,ExtendedStrict,XGBoost,3,0,0.23246610164642334,0
1805,PV0127-C,1008-PF-SEA-RINGWALD,Vietnam,ExtendedStrict,XGBoost,3,0,0.02241511084139347,0
1806,PV0128-C,1008-PF-SEA-RINGWALD,Vietnam,ExtendedStrict,XGBoost,3,1,0.33793067932128906,0
1807,PV0129-C,1008-PF-SEA-RINGWALD,Vietnam,ExtendedStrict,XGBoost,3,0,0.04327759891748428,0
1808,PV0130-C,1008-PF-SEA-RINGWALD,Vietnam,ExtendedStrict,XGBoost,3,1,0.5880551338195801,1
1809,PV0132-C,1008-PF-SEA-RINGWALD,Vietnam,ExtendedStrict,XGBoost,3,0,0.0846889317035675,0
1810,PV0133-C,1008-PF-SEA-RINGWALD,Vietnam,ExtendedStrict,XGBoost,3,0,0.005543759558349848,0
1811,PV0134-C,1008-PF-SEA-RINGWALD,Vietnam,ExtendedStrict,XGBoost,3,0,0.32435429096221924,0
1812,PV0135-C,1008-PF-SEA-RINGWALD,Vietnam,ExtendedStrict,XGBoost,3,0,0.025540605187416077,0
1813,PV0137-C,1008-PF-SEA-RINGWALD,Vietnam,ExtendedStrict,XGBoost,3,1,0.17418546974658966,0
1814,PV0138-C,1008-PF-SEA-RINGWALD,Vietnam,ExtendedStrict,XGBoost,3,0,0.053795963525772095,0
1815,PV0139-C,1008-PF-SEA-RINGWALD,Vietnam,ExtendedStrict,XGBoost,3,0,0.03227776288986206,0
1816,PV0140-C,1008-PF-SEA-RINGWALD,Vietnam,ExtendedStrict,XGBoost,3,1,0.5880551338195801,1
1817,PV0141-C,1008-PF-SEA-RINGWALD,Vietnam,ExtendedStrict,XGBoost,3,1,0.5640055537223816,1
1818,PV0142-C,1008-PF-SEA-RINGWALD,Vietnam,ExtendedStrict,XGBoost,3,0,0.08740344643592834,0
1819,PV0144-C,1008-PF-SEA-RINGWALD,Vietnam,ExtendedStrict,XGBoost,3,1,0.23104384541511536,0
1820,PV0147-C,1008-PF-SEA-RINGWALD,Vietnam,ExtendedStrict,XGBoost,3,0,0.24466875195503235,0
1821,PV0148-C,1008-PF-SEA-RINGWALD,Vietnam,ExtendedStrict,XGBoost,3,0,0.00808442197740078,0
1822,PV0149-C,1008-PF-SEA-RINGWALD,Vietnam,ExtendedStrict,XGBoost,3,0,0.010615136474370956,0
1823,PV0151-C,1008-PF-SEA-RINGWALD,Vietnam,ExtendedStrict,XGBoost,3,1,0.5880551338195801,1
1824,PV0152-C,1008-PF-SEA-RINGWALD,Vietnam,ExtendedStrict,XGBoost,3,0,0.0518229603767395,0
1825,PV0153-C,1008-PF-SEA-RINGWALD,Vietnam,ExtendedStrict,XGBoost,3,0,0.023559393361210823,0
1826,PV0155-C,1008-PF-SEA-RINGWALD,Vietnam,ExtendedStrict,XGBoost,3,0,0.0074282740242779255,0
1827,PV0156-C,1008-PF-SEA-RINGWALD,Vietnam,ExtendedStrict,XGBoost,3,0,0.19482657313346863,0
1828,PV0158-C,1008-PF-SEA-RINGWALD,Vietnam,ExtendedStrict,XGBoost,3,1,0.23997081816196442,0
1829,PV0160-C,1008-PF-SEA-RINGWALD,Vietnam,ExtendedStrict,XGBoost,3,0,0.06522896140813828,0
1830,PV0161-C,1008-PF-SEA-RINGWALD,Vietnam,ExtendedStrict,XGBoost,3,0,0.07318510860204697,0
1831,PV0167-C,1008-PF-SEA-RINGWALD,Vietnam,ExtendedStrict,XGBoost,3,0,0.010428209789097309,0
1832,PV0169-C,1008-PF-SEA-RINGWALD,Vietnam,ExtendedStrict,XGBoost,3,0,0.0683789923787117,0
1833,PV0170-C,1008-PF-SEA-RINGWALD,Vietnam,ExtendedStrict,XGBoost,3,0,0.025366153568029404,0
1834,PV0174-C,1008-PF-SEA-RINGWALD,Vietnam,ExtendedStrict,XGBoost,3,0,0.005068662576377392,0
1835,PV0176-C,1008-PF-SEA-RINGWALD,Vietnam,ExtendedStrict,XGBoost,3,0,0.16577287018299103,0
1836,PV0180-C,1008-PF-SEA-RINGWALD,Vietnam,ExtendedStrict,XGBoost,3,1,0.6975491642951965,1
1837,PV0182-C,1008-PF-SEA-RINGWALD,Vietnam,ExtendedStrict,XGBoost,3,0,0.08094116300344467,0
1838,PV0183-C,1008-PF-SEA-RINGWALD,Vietnam,ExtendedStrict,XGBoost,3,0,0.035445667803287506,0
1839,PV0185-C,1008-PF-SEA-RINGWALD,Vietnam,ExtendedStrict,XGBoost,3,1,0.22549669444561005,0
1840,PV0186-C,1008-PF-SEA-RINGWALD,Vietnam,ExtendedStrict,XGBoost,3,1,0.11199606955051422,0
1841,PV0187-C,1008-PF-SEA-RINGWALD,Vietnam,ExtendedStrict,XGBoost,3,0,0.26085829734802246,0
1842,PV0188-C,1008-PF-SEA-RINGWALD,Vietnam,ExtendedStrict,XGBoost,3,0,0.029403220862150192,0
1843,PV0189-C,1008-PF-SEA-RINGWALD,Vietnam,ExtendedStrict,XGBoost,3,0,0.30058881640434265,0
1844,PV0192-C,1008-PF-SEA-RINGWALD,Vietnam,ExtendedStrict,XGBoost,3,0,0.016952022910118103,0
1845,PV0193-C,1008-PF-SEA-RINGWALD,Vietnam,ExtendedStrict,XGBoost,3,1,0.23191924393177032,0
1846,PV0194-C,1008-PF-SEA-RINGWALD,Vietnam,ExtendedStrict,XGBoost,3,1,0.7618710398674011,1
1847,PV0195-C,1008-PF-SEA-RINGWALD,Vietnam,ExtendedStrict,XGBoost,3,1,0.9316772818565369,1
1848,PV0197-C,1008-PF-SEA-RINGWALD,Vietnam,ExtendedStrict,XGBoost,3,0,0.03182440623641014,0
1849,PV0202-C,1008-PF-SEA-RINGWALD,Vietnam,ExtendedStrict,XGBoost,3,0,0.02108573727309704,0
1850,PV0204-C,1008-PF-SEA-RINGWALD,Vietnam,ExtendedStrict,XGBoost,3,0,0.05367191135883331,0
1851,PV0205-C,1008-PF-SEA-RINGWALD,Vietnam,ExtendedStrict,XGBoost,3,0,0.3830317258834839,0
1852,PV0209-C,1008-PF-SEA-RINGWALD,Vietnam,ExtendedStrict,XGBoost,3,1,0.012032458558678627,0
1853,PV0210-C,1008-PF-SEA-RINGWALD,Vietnam,ExtendedStrict,XGBoost,3,0,0.06716395169496536,0
1854,PV0211-C,1008-PF-SEA-RINGWALD,Vietnam,ExtendedStrict,XGBoost,3,0,0.07073526084423065,0
1855,PV0212-C,1008-PF-SEA-RINGWALD,Vietnam,ExtendedStrict,XGBoost,3,0,0.01915532350540161,0
1856,PV0216-C,1008-PF-SEA-RINGWALD,Vietnam,ExtendedStrict,XGBoost,3,0,0.26085829734802246,0
1857,PV0218-C,1008-PF-SEA-RINGWALD,Vietnam,ExtendedStrict,XGBoost,3,1,0.6243772506713867,1
1858,PV0219-C,1008-PF-SEA-RINGWALD,Vietnam,ExtendedStrict,XGBoost,3,0,0.011041730642318726,0
1859,PV0220-C,1008-PF-SEA-RINGWALD,Vietnam,ExtendedStrict,XGBoost,3,1,0.6086568832397461,1
1860,PV0221-C,1008-PF-SEA-RINGWALD,Vietnam,ExtendedStrict,XGBoost,3,0,0.011752390302717686,0
1861,PV0223-C,1008-PF-SEA-RINGWALD,Vietnam,ExtendedStrict,XGBoost,3,1,0.6086568832397461,1
1862,PV0224-C,1008-PF-SEA-RINGWALD,Vietnam,ExtendedStrict,XGBoost,3,0,0.024580873548984528,0
1863,PV0226-C,1008-PF-SEA-RINGWALD,Vietnam,ExtendedStrict,XGBoost,3,0,0.03143817186355591,0
1864,PV0227-C,1008-PF-SEA-RINGWALD,Vietnam,ExtendedStrict,XGBoost,3,1,0.28916868567466736,0
1865,PV0230-C,1008-PF-SEA-RINGWALD,Vietnam,ExtendedStrict,XGBoost,3,0,0.10233897715806961,0
1866,PV0233-C,1008-PF-SEA-RINGWALD,Vietnam,ExtendedStrict,XGBoost,3,0,0.009153027087450027,0
1867,PV0234-C,1008-PF-SEA-RINGWALD,Vietnam,ExtendedStrict,XGBoost,3,0,0.04597553610801697,0
1868,PV0235-C,1008-PF-SEA-RINGWALD,Vietnam,ExtendedStrict,XGBoost,3,0,0.24185946583747864,0
1869,PV0236-C,1008-PF-SEA-RINGWALD,Vietnam,ExtendedStrict,XGBoost,3,0,0.018802478909492493,0
1870,PV0237-C,1008-PF-SEA-RINGWALD,Vietnam,ExtendedStrict,XGBoost,3,1,0.39678841829299927,0
1871,PV0238-C,1008-PF-SEA-RINGWALD,Vietnam,ExtendedStrict,XGBoost,3,0,0.004972129128873348,0
1872,PV0239-C,1008-PF-SEA-RINGWALD,Vietnam,ExtendedStrict,XGBoost,3,0,0.018383976072072983,0
1873,PV0240-C,1008-PF-SEA-RINGWALD,Vietnam,ExtendedStrict,XGBoost,3,0,0.03526878356933594,0
1874,PV0241-C,1008-PF-SEA-RINGWALD,Vietnam,ExtendedStrict,XGBoost,3,0,0.04597553610801697,0
1966,PV0360-C,1195-PF-TRAC2-DONDORP,Vietnam,ExtendedStrict,XGBoost,3,0,0.5894944667816162,1
1967,PV0361-C,1195-PF-TRAC2-DONDORP,Vietnam,ExtendedStrict,XGBoost,3,1,0.9913627505302429,1
1968,PV0362-C,1195-PF-TRAC2-DONDORP,Vietnam,ExtendedStrict,XGBoost,3,0,0.38313257694244385,0
1969,PV0363-C,1195-PF-TRAC2-DONDORP,Vietnam,ExtendedStrict,XGBoost,3,1,0.9944154024124146,1
1970,PV0364-C,1195-PF-TRAC2-DONDORP,Vietnam,ExtendedStrict,XGBoost,3,1,0.9973726272583008,1
1971,PV0365-C,1195-PF-TRAC2-DONDORP,Vietnam,ExtendedStrict,XGBoost,3,1,0.9973312616348267,1
1972,PV0366-C,1195-PF-TRAC2-DONDORP,Vietnam,ExtendedStrict,XGBoost,3,1,0.9973726272583008,1
1973,PV0368-C,1195-PF-TRAC2-DONDORP,Vietnam,ExtendedStrict,XGBoost,3,1,0.9972364902496338,1
1974,PV0369-C,1195-PF-TRAC2-DONDORP,Vietnam,ExtendedStrict,XGBoost,3,0,0.530971109867096,1
1975,PV0370-C,1195-PF-TRAC2-DONDORP,Vietnam,ExtendedStrict,XGBoost,3,1,0.9968031644821167,1
1976,PV0371-C,1195-PF-TRAC2-DONDORP,Vietnam,ExtendedStrict,XGBoost,3,1,0.9867576956748962,1
1977,PV0372-C,1195-PF-TRAC2-DONDORP,Vietnam,ExtendedStrict,XGBoost,3,1,0.9971731901168823,1
1978,PV0373-C,1195-PF-TRAC2-DONDORP,Vietnam,ExtendedStrict,XGBoost,3,1,0.9867576956748962,1
1979,PV0375-C,1195-PF-TRAC2-DONDORP,Vietnam,ExtendedStrict,XGBoost,3,1,0.9937445521354675,1
1980,PV0376-C,1195-PF-TRAC2-DONDORP,Vietnam,ExtendedStrict,XGBoost,3,1,0.9937445521354675,1
1981,PV0377-C,1195-PF-TRAC2-DONDORP,Vietnam,ExtendedStrict,XGBoost,3,1,0.9936462640762329,1
1982,PV0378-C,1195-PF-TRAC2-DONDORP,Vietnam,ExtendedStrict,XGBoost,3,1,0.9937445521354675,1
1983,PV0379-C,1195-PF-TRAC2-DONDORP,Vietnam,ExtendedStrict,XGBoost,3,1,0.9867576956748962,1
1984,PV0381-C,1195-PF-TRAC2-DONDORP,Vietnam,ExtendedStrict,XGBoost,3,1,0.9971731901168823,1
1985,PV0382-C,1195-PF-TRAC2-DONDORP,Vietnam,ExtendedStrict,XGBoost,3,1,0.9937781095504761,1
1986,PV0383-C,1195-PF-TRAC2-DONDORP,Vietnam,ExtendedStrict,XGBoost,3,1,0.9946517944335938,1
1987,PV0384-C,1195-PF-TRAC2-DONDORP,Vietnam,ExtendedStrict,XGBoost,3,1,0.9973726272583008,1
1988,PV0385-C,1195-PF-TRAC2-DONDORP,Vietnam,ExtendedStrict,XGBoost,3,1,0.9930699467658997,1
1989,PV0386-C,1195-PF-TRAC2-DONDORP,Vietnam,ExtendedStrict,XGBoost,3,1,0.9971731901168823,1
1990,PV0387-C,1195-PF-TRAC2-DONDORP,Vietnam,ExtendedStrict,XGBoost,3,0,0.593117356300354,1
1991,PV0388-C,1195-PF-TRAC2-DONDORP,Vietnam,ExtendedStrict,XGBoost,3,1,0.9867576956748962,1
1992,PV0389-C,1195-PF-TRAC2-DONDORP,Vietnam,ExtendedStrict,XGBoost,3,1,0.9956141710281372,1
1993,PV0393-C,1195-PF-TRAC2-DONDORP,Vietnam,ExtendedStrict,XGBoost,3,1,0.9865511655807495,1
1994,PV0395-C,1195-PF-TRAC2-DONDORP,Vietnam,ExtendedStrict,XGBoost,3,1,0.9913839101791382,1
1995,PV0396-C,1195-PF-TRAC2-DONDORP,Vietnam,ExtendedStrict,XGBoost,3,1,0.9971286654472351,1
1996,PV0397-C,1195-PF-TRAC2-DONDORP,Vietnam,ExtendedStrict,XGBoost,3,1,0.08779121190309525,0
1997,PV0398-C,1195-PF-TRAC2-DONDORP,Vietnam,ExtendedStrict,XGBoost,3,1,0.9945811629295349,1
1998,PV0399-C,1195-PF-TRAC2-DONDORP,Vietnam,ExtendedStrict,XGBoost,3,1,0.9946179986000061,1
1999,PV0400-C,1195-PF-TRAC2-DONDORP,Vietnam,ExtendedStrict,XGBoost,3,1,0.6089921593666077,1
2000,PV0401-C,1195-PF-TRAC2-DONDORP,Vietnam,ExtendedStrict,XGBoost,3,1,0.8152122497558594,1
2001,PV0402-C,1195-PF-TRAC2-DONDORP,Vietnam,ExtendedStrict,XGBoost,3,1,0.9973312616348267,1
2002,PV0403-C,1195-PF-TRAC2-DONDORP,Vietnam,ExtendedStrict,XGBoost,3,1,0.8131669759750366,1
2003,QC0111-C,1008-PF-SEA-RINGWALD,Myanmar,ExtendedStrict,XGBoost,3,1,0.3635759651660919,0
2004,QC0112-C,1008-PF-SEA-RINGWALD,Myanmar,ExtendedStrict,XGBoost,3,1,0.6077365279197693,1
2005,QC0113-C,1008-PF-SEA-RINGWALD,Myanmar,ExtendedStrict,XGBoost,3,1,0.7456790804862976,1
2006,QC0114-C,1008-PF-SEA-RINGWALD,Myanmar,ExtendedStrict,XGBoost,3,0,0.4770490527153015,0
2007,QC0115-C,1008-PF-SEA-RINGWALD,Myanmar,ExtendedStrict,XGBoost,3,0,0.5240565538406372,1
2008,QC0116-C,1008-PF-SEA-RINGWALD,Myanmar,ExtendedStrict,XGBoost,3,0,0.360435426235199,0
2009,QC0118-C,1008-PF-SEA-RINGWALD,Myanmar,ExtendedStrict,XGBoost,3,0,0.3083883225917816,0
2010,QC0119-C,1008-PF-SEA-RINGWALD,Myanmar,ExtendedStrict,XGBoost,3,0,0.6822447776794434,1
2011,QC0120-C,1008-PF-SEA-RINGWALD,Myanmar,ExtendedStrict,XGBoost,3,1,0.40874579548835754,0
2012,QC0121-C,1008-PF-SEA-RINGWALD,Myanmar,ExtendedStrict,XGBoost,3,0,0.3158281445503235,0
2013,QC0122-C,1008-PF-SEA-RINGWALD,Myanmar,ExtendedStrict,XGBoost,3,1,0.4225231111049652,0
2014,QC0123-C,1008-PF-SEA-RINGWALD,Myanmar,ExtendedStrict,XGBoost,3,0,0.34012651443481445,0
2015,QC0125-C,1008-PF-SEA-RINGWALD,Myanmar,ExtendedStrict,XGBoost,3,1,0.3722415566444397,0
2016,QC0126-C,1008-PF-SEA-RINGWALD,Myanmar,ExtendedStrict,XGBoost,3,0,0.34012651443481445,0
2017,QC0127-C,1008-PF-SEA-RINGWALD,Myanmar,ExtendedStrict,XGBoost,3,1,0.6016454100608826,1
2018,QC0128-C,1008-PF-SEA-RINGWALD,Myanmar,ExtendedStrict,XGBoost,3,0,0.6791191697120667,1
2019,QC0129-C,1008-PF-SEA-RINGWALD,Myanmar,ExtendedStrict,XGBoost,3,1,0.6528369784355164,1
2020,QC0130-C,1008-PF-SEA-RINGWALD,Myanmar,ExtendedStrict,XGBoost,3,0,0.4467587172985077,0
2021,QC0131-C,1008-PF-SEA-RINGWALD,Myanmar,ExtendedStrict,XGBoost,3,0,0.7689951062202454,1
2022,QC0132-C,1008-PF-SEA-RINGWALD,Myanmar,ExtendedStrict,XGBoost,3,0,0.6736319065093994,1
2023,QC0133-C,1008-PF-SEA-RINGWALD,Myanmar,ExtendedStrict,XGBoost,3,1,0.6736319065093994,1
2024,QC0134-C,1008-PF-SEA-RINGWALD,Myanmar,ExtendedStrict,XGBoost,3,1,0.4174825847148895,0
2025,QC0135-C,1008-PF-SEA-RINGWALD,Myanmar,ExtendedStrict,XGBoost,3,0,0.6736319065093994,1
2026,QC0136-C,1008-PF-SEA-RINGWALD,Myanmar,ExtendedStrict,XGBoost,3,1,0.7456790804862976,1
2027,QC0137-C,1008-PF-SEA-RINGWALD,Myanmar,ExtendedStrict,XGBoost,3,1,0.3635759651660919,0
2028,QC0138-C,1008-PF-SEA-RINGWALD,Myanmar,ExtendedStrict,XGBoost,3,1,0.3635759651660919,0
2029,QC0139-C,1008-PF-SEA-RINGWALD,Myanmar,ExtendedStrict,XGBoost,3,1,0.3635759651660919,0
2030,QC0140-C,1008-PF-SEA-RINGWALD,Myanmar,ExtendedStrict,XGBoost,3,1,0.2596052289009094,0
2031,QC0142-C,1008-PF-SEA-RINGWALD,Myanmar,ExtendedStrict,XGBoost,3,0,0.3104066550731659,0
2032,QC0143-C,1008-PF-SEA-RINGWALD,Myanmar,ExtendedStrict,XGBoost,3,0,0.6822447776794434,1
2033,QC0144-C,1008-PF-SEA-RINGWALD,Myanmar,ExtendedStrict,XGBoost,3,1,0.7136930227279663,1
2034,QC0145-C,1008-PF-SEA-RINGWALD,Myanmar,ExtendedStrict,XGBoost,3,0,0.42432302236557007,0
2035,QC0146-C,1008-PF-SEA-RINGWALD,Myanmar,ExtendedStrict,XGBoost,3,0,0.28224828839302063,0
2036,QC0147-C,1008-PF-SEA-RINGWALD,Myanmar,ExtendedStrict,XGBoost,3,1,0.7683419585227966,1
2037,QC0148-C,1008-PF-SEA-RINGWALD,Myanmar,ExtendedStrict,XGBoost,3,1,0.772678792476654,1
2038,QC0149-C,1008-PF-SEA-RINGWALD,Myanmar,ExtendedStrict,XGBoost,3,0,0.2715998888015747,0
2039,QC0150-C,1008-PF-SEA-RINGWALD,Myanmar,ExtendedStrict,XGBoost,3,0,0.3968125581741333,0
2040,QC0151-C,1008-PF-SEA-RINGWALD,Myanmar,ExtendedStrict,XGBoost,3,0,0.2548449635505676,0
2041,QC0152-C,1008-PF-SEA-RINGWALD,Myanmar,ExtendedStrict,XGBoost,3,1,0.15763701498508453,0
2042,QC0153-C,1008-PF-SEA-RINGWALD,Myanmar,ExtendedStrict,XGBoost,3,1,0.7566566467285156,1
2043,QC0154-C,1008-PF-SEA-RINGWALD,Myanmar,ExtendedStrict,XGBoost,3,1,0.10956376045942307,0
2044,QC0155-C,1008-PF-SEA-RINGWALD,Myanmar,ExtendedStrict,XGBoost,3,1,0.2925770878791809,0
2045,QC0156-C,1008-PF-SEA-RINGWALD,Myanmar,ExtendedStrict,XGBoost,3,0,0.691497802734375,1
2046,QC0157-C,1008-PF-SEA-RINGWALD,Myanmar,ExtendedStrict,XGBoost,3,0,0.3405967652797699,0
2047,QC0159-C,1008-PF-SEA-RINGWALD,Myanmar,ExtendedStrict,XGBoost,3,0,0.09005533903837204,0
2048,QC0160-C,1008-PF-SEA-RINGWALD,Myanmar,ExtendedStrict,XGBoost,3,1,0.4476822018623352,0
2049,QC0161-C,1008-PF-SEA-RINGWALD,Myanmar,ExtendedStrict,XGBoost,3,1,0.29278093576431274,0
2050,QC0162-C,1008-PF-SEA-RINGWALD,Myanmar,ExtendedStrict,XGBoost,3,1,0.650504469871521,1
2051,QC0163-C,1008-PF-SEA-RINGWALD,Myanmar,ExtendedStrict,XGBoost,3,0,0.4623475968837738,0
2265,QC0619-C,1195-PF-TRAC2-DONDORP,Myanmar,ExtendedStrict,XGBoost,3,1,0.1662275642156601,0
2266,QC0620-C,1195-PF-TRAC2-DONDORP,Myanmar,ExtendedStrict,XGBoost,3,1,0.09198734909296036,0
2267,QC0621-C,1195-PF-TRAC2-DONDORP,Myanmar,ExtendedStrict,XGBoost,3,0,0.16907308995723724,0
2268,QC0622-C,1195-PF-TRAC2-DONDORP,Myanmar,ExtendedStrict,XGBoost,3,0,0.07632556557655334,0
2269,QC0623-C,1195-PF-TRAC2-DONDORP,Myanmar,ExtendedStrict,XGBoost,3,0,0.44989943504333496,0
2270,QC0624-C,1195-PF-TRAC2-DONDORP,Myanmar,ExtendedStrict,XGBoost,3,0,0.6880345344543457,1
2271,QC0625-C,1195-PF-TRAC2-DONDORP,Myanmar,ExtendedStrict,XGBoost,3,0,0.0834689810872078,0
2272,QC0626-C,1195-PF-TRAC2-DONDORP,Myanmar,ExtendedStrict,XGBoost,3,0,0.3306874632835388,0
2273,QC0627-C,1195-PF-TRAC2-DONDORP,Myanmar,ExtendedStrict,XGBoost,3,0,0.17634814977645874,0
2274,QC0628-C,1195-PF-TRAC2-DONDORP,Myanmar,ExtendedStrict,XGBoost,3,0,0.11135824769735336,0
2275,QC0629-C,1195-PF-TRAC2-DONDORP,Myanmar,ExtendedStrict,XGBoost,3,0,0.1717456877231598,0
2276,QC0630-C,1195-PF-TRAC2-DONDORP,Myanmar,ExtendedStrict,XGBoost,3,0,0.28931406140327454,0
2277,QC0633-C,1195-PF-TRAC2-DONDORP,Myanmar,ExtendedStrict,XGBoost,3,0,0.38347887992858887,0
2278,QC0634-C,1195-PF-TRAC2-DONDORP,Myanmar,ExtendedStrict,XGBoost,3,0,0.24424999952316284,0
2279,QC0636-C,1195-PF-TRAC2-DONDORP,Myanmar,ExtendedStrict,XGBoost,3,0,0.19909857213497162,0
2280,QC0637-C,1195-PF-TRAC2-DONDORP,Myanmar,ExtendedStrict,XGBoost,3,0,0.6070824861526489,1
2281,QC0638-C,1195-PF-TRAC2-DONDORP,Myanmar,ExtendedStrict,XGBoost,3,0,0.6219772100448608,1
2282,QC0639-C,1195-PF-TRAC2-DONDORP,Myanmar,ExtendedStrict,XGBoost,3,0,0.5562673807144165,1
2283,QC0640-C,1195-PF-TRAC2-DONDORP,Myanmar,ExtendedStrict,XGBoost,3,0,0.12384221702814102,0
2284,QC0642-C,1195-PF-TRAC2-DONDORP,Myanmar,ExtendedStrict,XGBoost,3,0,0.19338056445121765,0
2285,QC0643-C,1195-PF-TRAC2-DONDORP,Myanmar,ExtendedStrict,XGBoost,3,0,0.1189114898443222,0
2286,QC0644-C,1195-PF-TRAC2-DONDORP,Myanmar,ExtendedStrict,XGBoost,3,0,0.591333270072937,1
2287,QC0645-C,1195-PF-TRAC2-DONDORP,Myanmar,ExtendedStrict,XGBoost,3,0,0.4979719817638397,0
2288,QC0646-C,1195-PF-TRAC2-DONDORP,Myanmar,ExtendedStrict,XGBoost,3,0,0.4957883954048157,0
2289,QC0647-C,1195-PF-TRAC2-DONDORP,Myanmar,ExtendedStrict,XGBoost,3,0,0.5477541089057922,1
2290,QC0648-C,1195-PF-TRAC2-DONDORP,Myanmar,ExtendedStrict,XGBoost,3,0,0.6219772100448608,1
2291,QC0649-C,1195-PF-TRAC2-DONDORP,Myanmar,ExtendedStrict,XGBoost,3,0,0.5619667172431946,1
2292,QE0347-C,1008-PF-SEA-RINGWALD,Laos,ExtendedStrict,XGBoost,3,0,0.019464869052171707,0
2293,QE0348-C,1008-PF-SEA-RINGWALD,Laos,ExtendedStrict,XGBoost,3,0,0.018970061093568802,0
2294,QE0350-C,1008-PF-SEA-RINGWALD,Laos,ExtendedStrict,XGBoost,3,0,0.023929119110107422,0
2295,QE0352-C,1008-PF-SEA-RINGWALD,Laos,ExtendedStrict,XGBoost,3,0,0.026582160964608192,0
2296,QE0356-C,1008-PF-SEA-RINGWALD,Laos,ExtendedStrict,XGBoost,3,0,0.024259600788354874,0
2297,QE0360-C,1008-PF-SEA-RINGWALD,Laos,ExtendedStrict,XGBoost,3,0,0.021631760522723198,0
2298,QE0361-C,1008-PF-SEA-RINGWALD,Laos,ExtendedStrict,XGBoost,3,0,0.023559393361210823,0
2299,QE0362-C,1008-PF-SEA-RINGWALD,Laos,ExtendedStrict,XGBoost,3,0,0.00993366539478302,0
2300,QE0363-C,1008-PF-SEA-RINGWALD,Laos,ExtendedStrict,XGBoost,3,0,0.018039584159851074,0
2301,QE0364-C,1008-PF-SEA-RINGWALD,Laos,ExtendedStrict,XGBoost,3,0,0.016338005661964417,0
2302,QE0365-C,1008-PF-SEA-RINGWALD,Laos,ExtendedStrict,XGBoost,3,0,0.03015103004872799,0
2303,QE0366-C,1008-PF-SEA-RINGWALD,Laos,ExtendedStrict,XGBoost,3,0,0.012026292271912098,0
2304,QE0367-C,1008-PF-SEA-RINGWALD,Laos,ExtendedStrict,XGBoost,3,0,0.025732439011335373,0
2305,QE0368-C,1008-PF-SEA-RINGWALD,Laos,ExtendedStrict,XGBoost,3,0,0.019590402022004128,0
2306,QE0369-C,1008-PF-SEA-RINGWALD,Laos,ExtendedStrict,XGBoost,3,0,0.014250597916543484,0
2307,QE0370-C,1008-PF-SEA-RINGWALD,Laos,ExtendedStrict,XGBoost,3,0,0.030239354819059372,0
2308,QE0371-C,1008-PF-SEA-RINGWALD,Laos,ExtendedStrict,XGBoost,3,0,0.025050081312656403,0
2309,QE0372-C,1008-PF-SEA-RINGWALD,Laos,ExtendedStrict,XGBoost,3,0,0.01888876035809517,0
2310,QE0373-C,1008-PF-SEA-RINGWALD,Laos,ExtendedStrict,XGBoost,3,0,0.018369410187005997,0
2311,QE0374-C,1008-PF-SEA-RINGWALD,Laos,ExtendedStrict,XGBoost,3,0,0.24135281145572662,0
2312,QE0375-C,1008-PF-SEA-RINGWALD,Laos,ExtendedStrict,XGBoost,3,0,0.03449263051152229,0
2313,QE0376-C,1008-PF-SEA-RINGWALD,Laos,ExtendedStrict,XGBoost,3,0,0.016315031796693802,0
2314,QE0378-C,1008-PF-SEA-RINGWALD,Laos,ExtendedStrict,XGBoost,3,0,0.015871884301304817,0
2315,QE0379-C,1008-PF-SEA-RINGWALD,Laos,ExtendedStrict,XGBoost,3,0,0.022748606279492378,0
2316,QE0380-C,1008-PF-SEA-RINGWALD,Laos,ExtendedStrict,XGBoost,3,0,0.0046951002441346645,0
2317,QE0381-C,1008-PF-SEA-RINGWALD,Laos,ExtendedStrict,XGBoost,3,0,0.010779151692986488,0
2318,QE0382-C,1008-PF-SEA-RINGWALD,Laos,ExtendedStrict,XGBoost,3,0,0.031699035316705704,0
2319,QE0383-C,1008-PF-SEA-RINGWALD,Laos,ExtendedStrict,XGBoost,3,0,0.014348315075039864,0
2320,QE0384-C,1008-PF-SEA-RINGWALD,Laos,ExtendedStrict,XGBoost,3,0,0.010675450786948204,0
2321,QE0385-C,1008-PF-SEA-RINGWALD,Laos,ExtendedStrict,XGBoost,3,0,0.026804188266396523,0
2322,QE0386-C,1008-PF-SEA-RINGWALD,Laos,ExtendedStrict,XGBoost,3,0,0.015248878858983517,0
2323,QE0387-C,1008-PF-SEA-RINGWALD,Laos,ExtendedStrict,XGBoost,3,0,0.019733840599656105,0
2324,QE0388-C,1008-PF-SEA-RINGWALD,Laos,ExtendedStrict,XGBoost,3,0,0.019160475581884384,0
2325,QE0389-C,1008-PF-SEA-RINGWALD,Laos,ExtendedStrict,XGBoost,3,0,0.09663333743810654,0
2326,QE0390-C,1008-PF-SEA-RINGWALD,Laos,ExtendedStrict,XGBoost,3,0,0.014145216904580593,0
2327,QE0391-C,1008-PF-SEA-RINGWALD,Laos,ExtendedStrict,XGBoost,3,0,0.028456730768084526,0
2412,QE0484-C,1195-PF-TRAC2-DONDORP,Laos,ExtendedStrict,XGBoost,3,1,0.8646975159645081,1
2413,QE0485-C,1195-PF-TRAC2-DONDORP,Laos,ExtendedStrict,XGBoost,3,0,0.08790253102779388,0
2414,QE0486-C,1195-PF-TRAC2-DONDORP,Laos,ExtendedStrict,XGBoost,3,1,0.591594398021698,1
2415,QE0487-C,1195-PF-TRAC2-DONDORP,Laos,ExtendedStrict,XGBoost,3,1,0.5985256433486938,1
2416,QE0488-C,1195-PF-TRAC2-DONDORP,Laos,ExtendedStrict,XGBoost,3,1,0.5392653346061707,1
2417,QE0489-C,1195-PF-TRAC2-DONDORP,Laos,ExtendedStrict,XGBoost,3,0,0.0417567603290081,0
2418,QE0490-C,1195-PF-TRAC2-DONDORP,Laos,ExtendedStrict,XGBoost,3,1,0.6564767360687256,1
2419,RCN01775,1181-PF-VN-THUYNHIEN,Vietnam,ExtendedStrict,XGBoost,3,1,0.9900944828987122,1
2420,RCN01776,1181-PF-VN-THUYNHIEN,Vietnam,ExtendedStrict,XGBoost,3,1,0.9894471168518066,1
2421,RCN01777,1181-PF-VN-THUYNHIEN,Vietnam,ExtendedStrict,XGBoost,3,1,0.9900944828987122,1
2422,RCN01778,1181-PF-VN-THUYNHIEN,Vietnam,ExtendedStrict,XGBoost,3,1,0.5849382281303406,1
2423,RCN01779,1181-PF-VN-THUYNHIEN,Vietnam,ExtendedStrict,XGBoost,3,1,0.9891167283058167,1
2424,RCN01780,1181-PF-VN-THUYNHIEN,Vietnam,ExtendedStrict,XGBoost,3,1,0.9959481358528137,1
2425,RCN01781,1181-PF-VN-THUYNHIEN,Vietnam,ExtendedStrict,XGBoost,3,1,0.9920809864997864,1
2426,RCN01782,1181-PF-VN-THUYNHIEN,Vietnam,ExtendedStrict,XGBoost,3,1,0.995703399181366,1
2427,RCN01783,1181-PF-VN-THUYNHIEN,Vietnam,ExtendedStrict,XGBoost,3,1,0.9943954944610596,1
2428,RCN01784,1181-PF-VN-THUYNHIEN,Vietnam,ExtendedStrict,XGBoost,3,1,0.996402382850647,1
2429,RCN01785,1181-PF-VN-THUYNHIEN,Vietnam,ExtendedStrict,XGBoost,3,1,0.9962261915206909,1
2430,RCN01786,1181-PF-VN-THUYNHIEN,Vietnam,ExtendedStrict,XGBoost,3,1,0.9976320266723633,1
2431,RCN01787,1181-PF-VN-THUYNHIEN,Vietnam,ExtendedStrict,XGBoost,3,1,0.9926145076751709,1
2432,RCN01788,1181-PF-VN-THUYNHIEN,Vietnam,ExtendedStrict,XGBoost,3,1,0.9976986050605774,1
2433,RCN01789,1181-PF-VN-THUYNHIEN,Vietnam,ExtendedStrict,XGBoost,3,1,0.9893872737884521,1
2434,RCN01859,1181-PF-VN-THUYNHIEN,Vietnam,ExtendedStrict,XGBoost,3,1,0.5030914545059204,1
2435,RCN01860,1181-PF-VN-THUYNHIEN,Vietnam,ExtendedStrict,XGBoost,3,0,0.42197534441947937,0
2436,RCN01861,1181-PF-VN-THUYNHIEN,Vietnam,ExtendedStrict,XGBoost,3,1,0.5689316391944885,1
2437,RCN01862,1181-PF-VN-THUYNHIEN,Vietnam,ExtendedStrict,XGBoost,3,1,0.5030914545059204,1
2438,RCN01863,1181-PF-VN-THUYNHIEN,Vietnam,ExtendedStrict,XGBoost,3,1,0.995674192905426,1
2439,RCN01864,1181-PF-VN-THUYNHIEN,Vietnam,ExtendedStrict,XGBoost,3,1,0.9973419308662415,1
2440,RCN01865,1181-PF-VN-THUYNHIEN,Vietnam,ExtendedStrict,XGBoost,3,0,0.03375920653343201,0
2441,RCN01867,1181-PF-VN-THUYNHIEN,Vietnam,ExtendedStrict,XGBoost,3,0,0.5625024437904358,1
2442,RCN01869,1181-PF-VN-THUYNHIEN,Vietnam,ExtendedStrict,XGBoost,3,0,0.37947070598602295,0
2443,RCN01871,1181-PF-VN-THUYNHIEN,Vietnam,ExtendedStrict,XGBoost,3,1,0.31393104791641235,0
2444,RCN01872,1181-PF-VN-THUYNHIEN,Vietnam,ExtendedStrict,XGBoost,3,0,0.5508555769920349,1
2445,RCN01874,1181-PF-VN-THUYNHIEN,Vietnam,ExtendedStrict,XGBoost,3,1,0.9898480772972107,1
2446,RCN01875,1181-PF-VN-THUYNHIEN,Vietnam,ExtendedStrict,XGBoost,3,1,0.9907500147819519,1
2447,RCN01876,1181-PF-VN-THUYNHIEN,Vietnam,ExtendedStrict,XGBoost,3,1,0.9878605008125305,1
2448,RCN01877,1181-PF-VN-THUYNHIEN,Vietnam,ExtendedStrict,XGBoost,3,1,0.9947232007980347,1
2449,RCN01878,1181-PF-VN-THUYNHIEN,Vietnam,ExtendedStrict,XGBoost,3,1,0.5311265587806702,1
2450,RCN01879,1181-PF-VN-THUYNHIEN,Vietnam,ExtendedStrict,XGBoost,3,1,0.9947232007980347,1
2624,RCN07825,1195-PF-TRAC2-DONDORP,Cambodia,ExtendedStrict,XGBoost,3,0,0.9935190081596375,1
2625,RCN07826,1195-PF-TRAC2-DONDORP,Cambodia,ExtendedStrict,XGBoost,3,1,0.9878848195075989,1
2626,RCN07827,1195-PF-TRAC2-DONDORP,Cambodia,ExtendedStrict,XGBoost,3,1,0.9957063794136047,1
2627,RCN07828,1195-PF-TRAC2-DONDORP,Cambodia,ExtendedStrict,XGBoost,3,1,0.9392918348312378,1
2628,RCN07829,1195-PF-TRAC2-DONDORP,Cambodia,ExtendedStrict,XGBoost,3,1,0.9980260133743286,1
2629,RCN07830,1195-PF-TRAC2-DONDORP,Cambodia,ExtendedStrict,XGBoost,3,1,0.9979174733161926,1
2630,RCN07836,1195-PF-TRAC2-DONDORP,Cambodia,ExtendedStrict,XGBoost,3,1,0.9963272213935852,1
2631,RCN07837,1195-PF-TRAC2-DONDORP,Cambodia,ExtendedStrict,XGBoost,3,1,0.9870167374610901,1
2632,RCN07838,1195-PF-TRAC2-DONDORP,Cambodia,ExtendedStrict,XGBoost,3,1,0.9963194131851196,1
2633,RCN07839,1195-PF-TRAC2-DONDORP,Cambodia,ExtendedStrict,XGBoost,3,1,0.9963439106941223,1
2634,RCN07842,1195-PF-TRAC2-DONDORP,Cambodia,ExtendedStrict,XGBoost,3,1,0.9954083561897278,1
2635,RCN07843,1195-PF-TRAC2-DONDORP,Cambodia,ExtendedStrict,XGBoost,3,1,0.9927321076393127,1
2636,RCN07845,1195-PF-TRAC2-DONDORP,Cambodia,ExtendedStrict,XGBoost,3,1,0.9962431192398071,1
2637,RCN07848,1195-PF-TRAC2-DONDORP,Cambodia,ExtendedStrict,XGBoost,3,1,0.9932563304901123,1
2638,RCN07849,1195-PF-TRAC2-DONDORP,Cambodia,ExtendedStrict,XGBoost,3,1,0.9940037131309509,1
2639,RCN07851,1195-PF-TRAC2-DONDORP,Cambodia,ExtendedStrict,XGBoost,3,0,0.016001494601368904,0
2640,RCN07852,1195-PF-TRAC2-DONDORP,Cambodia,ExtendedStrict,XGBoost,3,1,0.9934025406837463,1
2641,RCN07853,1195-PF-TRAC2-DONDORP,Cambodia,ExtendedStrict,XGBoost,3,1,0.995966911315918,1
2642,RCN07854,1195-PF-TRAC2-DONDORP,Cambodia,ExtendedStrict,XGBoost,3,1,0.9932768940925598,1
2643,RCN07856,1195-PF-TRAC2-DONDORP,Cambodia,ExtendedStrict,XGBoost,3,1,0.9876052141189575,1
2644,RCN07858,1195-PF-TRAC2-DONDORP,Cambodia,ExtendedStrict,XGBoost,3,1,0.9969581365585327,1
2645,RCN07859,1195-PF-TRAC2-DONDORP,Cambodia,ExtendedStrict,XGBoost,3,1,0.9952083230018616,1
2646,RCN07860,1195-PF-TRAC2-DONDORP,Cambodia,ExtendedStrict,XGBoost,3,1,0.995964527130127,1
2647,RCN07864,1195-PF-TRAC2-DONDORP,Cambodia,ExtendedStrict,XGBoost,3,1,0.9570024609565735,1
2648,RCN07865,1195-PF-TRAC2-DONDORP,Cambodia,ExtendedStrict,XGBoost,3,1,0.9544643759727478,1
2649,RCN07951,1195-PF-TRAC2-DONDORP,Cambodia,ExtendedStrict,XGBoost,3,1,0.9863030314445496,1
2650,RCN07954,1195-PF-TRAC2-DONDORP,Cambodia,ExtendedStrict,XGBoost,3,1,0.8215619325637817,1
2651,RCN07994,1195-PF-TRAC2-DONDORP,Cambodia,ExtendedStrict,XGBoost,3,1,0.9947652816772461,1
2652,RCN08001,1195-PF-TRAC2-DONDORP,Cambodia,ExtendedStrict,XGBoost,3,1,0.9939476251602173,1
2653,RCN08009,1195-PF-TRAC2-DONDORP,Cambodia,ExtendedStrict,XGBoost,3,1,0.9972261786460876,1
2654,RCN08011,1195-PF-TRAC2-DONDORP,Cambodia,ExtendedStrict,XGBoost,3,1,0.9978731870651245,1
2655,RCN08013,1195-PF-TRAC2-DONDORP,Cambodia,ExtendedStrict,XGBoost,3,1,0.9789837002754211,1
2656,RCN08015,1195-PF-TRAC2-DONDORP,Cambodia,ExtendedStrict,XGBoost,3,1,0.9916941523551941,1
2657,RCN08017,1195-PF-TRAC2-DONDORP,Cambodia,ExtendedStrict,XGBoost,3,1,0.9936569333076477,1
2658,RCN08019,1195-PF-TRAC2-DONDORP,Cambodia,ExtendedStrict,XGBoost,3,1,0.9936569333076477,1
2659,RCN08021,1195-PF-TRAC2-DONDORP,Cambodia,ExtendedStrict,XGBoost,3,1,0.9940849542617798,1
2660,RCN08023,1195-PF-TRAC2-DONDORP,Cambodia,ExtendedStrict,XGBoost,3,1,0.9944875836372375,1
2661,RCN08026,1195-PF-TRAC2-DONDORP,Cambodia,ExtendedStrict,XGBoost,3,1,0.9895012974739075,1
2662,RCN08027,1195-PF-TRAC2-DONDORP,Cambodia,ExtendedStrict,XGBoost,3,1,0.9827530384063721,1
2663,RCN08029,1195-PF-TRAC2-DONDORP,Cambodia,ExtendedStrict,XGBoost,3,1,0.98921799659729,1
2664,RCN08031,1195-PF-TRAC2-DONDORP,Cambodia,ExtendedStrict,XGBoost,3,1,0.98921799659729,1
2665,RCN08033,1195-PF-TRAC2-DONDORP,Cambodia,ExtendedStrict,XGBoost,3,1,0.9969581365585327,1
2666,RCN08035,1195-PF-TRAC2-DONDORP,Cambodia,ExtendedStrict,XGBoost,3,1,0.9949599504470825,1
2667,RCN08037,1195-PF-TRAC2-DONDORP,Cambodia,ExtendedStrict,XGBoost,3,1,0.9940849542617798,1
2668,RCN08039,1195-PF-TRAC2-DONDORP,Cambodia,ExtendedStrict,XGBoost,3,1,0.9940849542617798,1
2669,RCN08042,1195-PF-TRAC2-DONDORP,Cambodia,ExtendedStrict,XGBoost,3,1,0.9904412031173706,1
2670,RCN08044,1195-PF-TRAC2-DONDORP,Cambodia,ExtendedStrict,XGBoost,3,1,0.9947997331619263,1
2671,RCN08045,1195-PF-TRAC2-DONDORP,Cambodia,ExtendedStrict,XGBoost,3,1,0.9951024055480957,1
2672,RCN08047,1195-PF-TRAC2-DONDORP,Cambodia,ExtendedStrict,XGBoost,3,1,0.9947997331619263,1
2673,RCN08050,1195-PF-TRAC2-DONDORP,Cambodia,ExtendedStrict,XGBoost,3,1,0.996455729007721,1
2674,RCN08051,1195-PF-TRAC2-DONDORP,Thailand,ExtendedStrict,XGBoost,3,1,0.9919208288192749,1
2675,RCN08053,1195-PF-TRAC2-DONDORP,Thailand,ExtendedStrict,XGBoost,3,1,0.9945894479751587,1
2676,RCN08055,1195-PF-TRAC2-DONDORP,Thailand,ExtendedStrict,XGBoost,3,1,0.9922682642936707,1
2677,RCN08057,1195-PF-TRAC2-DONDORP,Thailand,ExtendedStrict,XGBoost,3,1,0.9908930063247681,1
2678,RCN08060,1195-PF-TRAC2-DONDORP,Thailand,ExtendedStrict,XGBoost,3,1,0.9945114850997925,1
2679,RCN08061,1195-PF-TRAC2-DONDORP,Thailand,ExtendedStrict,XGBoost,3,1,0.9920576214790344,1
2680,RCN08063,1195-PF-TRAC2-DONDORP,Thailand,ExtendedStrict,XGBoost,3,1,0.9881808757781982,1
2681,RCN08069,1195-PF-TRAC2-DONDORP,Thailand,ExtendedStrict,XGBoost,3,1,0.9936716556549072,1
2682,RCN08071,1195-PF-TRAC2-DONDORP,Thailand,ExtendedStrict,XGBoost,3,1,0.9926145076751709,1
2683,RCN08075,1195-PF-TRAC2-DONDORP,Thailand,ExtendedStrict,XGBoost,3,1,0.9935058355331421,1
2684,RCN08079,1195-PF-TRAC2-DONDORP,Thailand,ExtendedStrict,XGBoost,3,1,0.9934436082839966,1
2685,RCN08082,1195-PF-TRAC2-DONDORP,Thailand,ExtendedStrict,XGBoost,3,1,0.9946415424346924,1
2686,RCN08084,1195-PF-TRAC2-DONDORP,Thailand,ExtendedStrict,XGBoost,3,1,0.9781725406646729,1
2687,RCN08086,1195-PF-TRAC2-DONDORP,Thailand,ExtendedStrict,XGBoost,3,1,0.9936569333076477,1
2688,RCN08087,1195-PF-TRAC2-DONDORP,Thailand,ExtendedStrict,XGBoost,3,1,0.9936569333076477,1
2689,RCN08091,1195-PF-TRAC2-DONDORP,Myanmar,ExtendedStrict,XGBoost,3,0,0.10750658065080643,0
2690,RCN08092,1195-PF-TRAC2-DONDORP,Myanmar,ExtendedStrict,XGBoost,3,0,0.6122449636459351,1
2691,RCN08093,1195-PF-TRAC2-DONDORP,Myanmar,ExtendedStrict,XGBoost,3,0,0.04132089391350746,0
2692,RCN08094,1195-PF-TRAC2-DONDORP,Myanmar,ExtendedStrict,XGBoost,3,0,0.5672349333763123,1
2693,RCN08095,1195-PF-TRAC2-DONDORP,Myanmar,ExtendedStrict,XGBoost,3,0,0.6622147560119629,1
2694,RCN08096,1195-PF-TRAC2-DONDORP,Myanmar,ExtendedStrict,XGBoost,3,0,0.677958071231842,1
2695,RCN08097,1195-PF-TRAC2-DONDORP,Myanmar,ExtendedStrict,XGBoost,3,0,0.5309533476829529,1
2696,RCN08098,1195-PF-TRAC2-DONDORP,Myanmar,ExtendedStrict,XGBoost,3,0,0.6622147560119629,1
2697,RCN08099,1195-PF-TRAC2-DONDORP,Myanmar,ExtendedStrict,XGBoost,3,0,0.6371665596961975,1
2698,RCN08100,1195-PF-TRAC2-DONDORP,Vietnam,ExtendedStrict,XGBoost,3,1,0.9889088273048401,1
2699,RCN08101,1195-PF-TRAC2-DONDORP,Vietnam,ExtendedStrict,XGBoost,3,1,0.9978731870651245,1
2700,RCN08103,1195-PF-TRAC2-DONDORP,Vietnam,ExtendedStrict,XGBoost,3,1,0.9978731870651245,1
2701,RCN08105,1195-PF-TRAC2-DONDORP,Vietnam,ExtendedStrict,XGBoost,3,1,0.9947997331619263,1
2702,RCN08106,1195-PF-TRAC2-DONDORP,Vietnam,ExtendedStrict,XGBoost,3,1,0.9977268576622009,1
2703,RCN08107,1195-PF-TRAC2-DONDORP,Vietnam,ExtendedStrict,XGBoost,3,1,0.9978731870651245,1
2704,RCN08112,1195-PF-TRAC2-DONDORP,Vietnam,ExtendedStrict,XGBoost,3,1,0.9780465960502625,1
2705,RCN08113,1195-PF-TRAC2-DONDORP,Vietnam,ExtendedStrict,XGBoost,3,1,0.9940885305404663,1
2706,RCN08114,1195-PF-TRAC2-DONDORP,Vietnam,ExtendedStrict,XGBoost,3,1,0.9981586337089539,1
2707,RCN08115,1195-PF-TRAC2-DONDORP,Vietnam,ExtendedStrict,XGBoost,3,0,0.018230395391583443,0
2708,RCN08116,1195-PF-TRAC2-DONDORP,Vietnam,ExtendedStrict,XGBoost,3,1,0.9981052875518799,1
2709,RCN08117,1195-PF-TRAC2-DONDORP,Vietnam,ExtendedStrict,XGBoost,3,1,0.9979116320610046,1
2710,RCN08118,1195-PF-TRAC2-DONDORP,Vietnam,ExtendedStrict,XGBoost,3,1,0.9978731870651245,1
2711,RCN08119,1195-PF-TRAC2-DONDORP,Vietnam,ExtendedStrict,XGBoost,3,1,0.6191234588623047,1
2712,RCN08120,1195-PF-TRAC2-DONDORP,Vietnam,ExtendedStrict,XGBoost,3,1,0.998314380645752,1
2713,RCN08121,1195-PF-TRAC2-DONDORP,Vietnam,ExtendedStrict,XGBoost,3,1,0.9914606809616089,1
2714,RCN08122,1195-PF-TRAC2-DONDORP,Vietnam,ExtendedStrict,XGBoost,3,1,0.9947997331619263,1
2715,RCN08123,1195-PF-TRAC2-DONDORP,Vietnam,ExtendedStrict,XGBoost,3,1,0.5356935262680054,1
2716,RCN08124,1195-PF-TRAC2-DONDORP,Vietnam,ExtendedStrict,XGBoost,3,1,0.9969243407249451,1
2717,RCN08126,1195-PF-TRAC2-DONDORP,Vietnam,ExtendedStrict,XGBoost,3,1,0.9985105395317078,1
2718,RCN08127,1195-PF-TRAC2-DONDORP,Vietnam,ExtendedStrict,XGBoost,3,1,0.9968686699867249,1
2719,RCN08129,1195-PF-TRAC2-DONDORP,Vietnam,ExtendedStrict,XGBoost,3,1,0.9988196492195129,1
2720,RCN08130,1195-PF-TRAC2-DONDORP,Vietnam,ExtendedStrict,XGBoost,3,1,0.9947858452796936,1
2721,RCN08131,1195-PF-TRAC2-DONDORP,Vietnam,ExtendedStrict,XGBoost,3,1,0.996455729007721,1
2722,RCN08132,1195-PF-TRAC2-DONDORP,Vietnam,ExtendedStrict,XGBoost,3,1,0.9940081834793091,1
2723,RCN08135,1195-PF-TRAC2-DONDORP,Vietnam,ExtendedStrict,XGBoost,3,1,0.9985105395317078,1
2724,RCN08136,1195-PF-TRAC2-DONDORP,Vietnam,ExtendedStrict,XGBoost,3,1,0.9934762120246887,1
2725,RCN08137,1195-PF-TRAC2-DONDORP,Vietnam,ExtendedStrict,XGBoost,3,1,0.9917091727256775,1
2726,RCN08138,1195-PF-TRAC2-DONDORP,Vietnam,ExtendedStrict,XGBoost,3,1,0.9935634136199951,1
2727,RCN08139,1195-PF-TRAC2-DONDORP,Vietnam,ExtendedStrict,XGBoost,3,1,0.9962247610092163,1
2728,RCN08140,1195-PF-TRAC2-DONDORP,Vietnam,ExtendedStrict,XGBoost,3,1,0.9944922924041748,1
2729,RCN08141,1195-PF-TRAC2-DONDORP,Vietnam,ExtendedStrict,XGBoost,3,1,0.9986733198165894,1
2730,RCN08143,1195-PF-TRAC2-DONDORP,Vietnam,ExtendedStrict,XGBoost,3,1,0.9986733198165894,1
2731,RCN08144,1195-PF-TRAC2-DONDORP,Vietnam,ExtendedStrict,XGBoost,3,1,0.9976150989532471,1
2732,RCN08145,1195-PF-TRAC2-DONDORP,Vietnam,ExtendedStrict,XGBoost,3,1,0.996455729007721,1
2733,RCN08147,1195-PF-TRAC2-DONDORP,Vietnam,ExtendedStrict,XGBoost,3,1,0.9985105395317078,1
2734,RCN08148,1195-PF-TRAC2-DONDORP,Vietnam,ExtendedStrict,XGBoost,3,1,0.9985105395317078,1
2735,RCN08149,1195-PF-TRAC2-DONDORP,Vietnam,ExtendedStrict,XGBoost,3,1,0.9969766139984131,1
2736,RCN08150,1195-PF-TRAC2-DONDORP,Vietnam,ExtendedStrict,XGBoost,3,1,0.9879840612411499,1
2737,RCN08154,1195-PF-TRAC2-DONDORP,Vietnam,ExtendedStrict,XGBoost,3,1,0.9985105395317078,1
2738,RCN08156,1195-PF-TRAC2-DONDORP,Vietnam,ExtendedStrict,XGBoost,3,1,0.9986733198165894,1
2739,RCN08158,1195-PF-TRAC2-DONDORP,Vietnam,ExtendedStrict,XGBoost,3,1,0.9976031184196472,1
2740,RCN08161,1195-PF-TRAC2-DONDORP,Vietnam,ExtendedStrict,XGBoost,3,1,0.9968151450157166,1
2741,RCN08240,1195-PF-TRAC2-DONDORP,Thailand,ExtendedStrict,XGBoost,3,1,0.993017315864563,1
2742,RCN08364,1195-PF-TRAC2-DONDORP,Myanmar,ExtendedStrict,XGBoost,3,0,0.23584100604057312,0
2743,RCN08365,1195-PF-TRAC2-DONDORP,Myanmar,ExtendedStrict,XGBoost,3,0,0.22609859704971313,0
2744,RCN08366,1195-PF-TRAC2-DONDORP,Myanmar,ExtendedStrict,XGBoost,3,0,0.1682884246110916,0
2745,RCN08367,1195-PF-TRAC2-DONDORP,Myanmar,ExtendedStrict,XGBoost,3,0,0.26610520482063293,0
2746,RCN08368,1195-PF-TRAC2-DONDORP,Myanmar,ExtendedStrict,XGBoost,3,0,0.06408615410327911,0
2747,RCN08370,1195-PF-TRAC2-DONDORP,Myanmar,ExtendedStrict,XGBoost,3,0,0.18371202051639557,0
2748,RCN08371,1195-PF-TRAC2-DONDORP,Myanmar,ExtendedStrict,XGBoost,3,0,0.18270961940288544,0
2749,RCN08372,1195-PF-TRAC2-DONDORP,Myanmar,ExtendedStrict,XGBoost,3,1,0.6172878742218018,1
2750,RCN08374,1195-PF-TRAC2-DONDORP,Myanmar,ExtendedStrict,XGBoost,3,0,0.24910059571266174,0
2751,RCN08375,1195-PF-TRAC2-DONDORP,Myanmar,ExtendedStrict,XGBoost,3,0,0.219085231423378,0
2752,RCN08376,1195-PF-TRAC2-DONDORP,Myanmar,ExtendedStrict,XGBoost,3,0,0.7206519842147827,1
2753,RCN08377,1195-PF-TRAC2-DONDORP,Myanmar,ExtendedStrict,XGBoost,3,0,0.7341458797454834,1
2754,RCN08378,1195-PF-TRAC2-DONDORP,Myanmar,ExtendedStrict,XGBoost,3,0,0.5150766372680664,1
2755,RCN08379,1195-PF-TRAC2-DONDORP,Myanmar,ExtendedStrict,XGBoost,3,0,0.730803370475769,1
2756,RCN08380,1195-PF-TRAC2-DONDORP,Myanmar,ExtendedStrict,XGBoost,3,0,0.7685519456863403,1
2757,RCN08381,1195-PF-TRAC2-DONDORP,Myanmar,ExtendedStrict,XGBoost,3,0,0.7070226073265076,1
2758,RCN08382,1195-PF-TRAC2-DONDORP,Myanmar,ExtendedStrict,XGBoost,3,0,0.7663449048995972,1
2759,RCN08383,1195-PF-TRAC2-DONDORP,Myanmar,ExtendedStrict,XGBoost,3,0,0.6087462306022644,1
2760,RCN08384,1195-PF-TRAC2-DONDORP,Myanmar,ExtendedStrict,XGBoost,3,0,0.5063847303390503,1
2761,RCN08385,1195-PF-TRAC2-DONDORP,Myanmar,ExtendedStrict,XGBoost,3,0,0.657683253288269,1
2762,RCN08386,1195-PF-TRAC2-DONDORP,Myanmar,ExtendedStrict,XGBoost,3,0,0.6065329313278198,1
2763,RCN08387,1195-PF-TRAC2-DONDORP,Myanmar,ExtendedStrict,XGBoost,3,0,0.1074339747428894,0
2764,RCN08388,1195-PF-TRAC2-DONDORP,Myanmar,ExtendedStrict,XGBoost,3,0,0.1340256631374359,0
2765,RCN08389,1195-PF-TRAC2-DONDORP,Laos,ExtendedStrict,XGBoost,3,0,0.044047292321920395,0
2766,RCN08390,1195-PF-TRAC2-DONDORP,Laos,ExtendedStrict,XGBoost,3,0,0.011236462742090225,0
2767,RCN08392,1195-PF-TRAC2-DONDORP,Laos,ExtendedStrict,XGBoost,3,0,0.06466470658779144,0
2768,RCN08393,1195-PF-TRAC2-DONDORP,Thailand,ExtendedStrict,XGBoost,3,1,0.9923033714294434,1
3610,RCN10199,1195-PF-TRAC2-DONDORP,Cambodia,ExtendedStrict,XGBoost,3,1,0.9965558052062988,1
3611,RCN10200,1195-PF-TRAC2-DONDORP,Cambodia,ExtendedStrict,XGBoost,3,1,0.9976150989532471,1
3612,RCN10201,1195-PF-TRAC2-DONDORP,Cambodia,ExtendedStrict,XGBoost,3,1,0.9963490962982178,1
3613,RCN10202,1195-PF-TRAC2-DONDORP,Cambodia,ExtendedStrict,XGBoost,3,1,0.9967073202133179,1
3614,RCN10203,1195-PF-TRAC2-DONDORP,Cambodia,ExtendedStrict,XGBoost,3,1,0.9925129413604736,1
3615,RCN10204,1195-PF-TRAC2-DONDORP,Cambodia,ExtendedStrict,XGBoost,3,1,0.9981597065925598,1
3616,RCN10205,1195-PF-TRAC2-DONDORP,Cambodia,ExtendedStrict,XGBoost,3,1,0.9981597065925598,1
3617,RCN10208,1195-PF-TRAC2-DONDORP,Cambodia,ExtendedStrict,XGBoost,3,1,0.9955257773399353,1
4008,RCN11358,1181-PF-VN-THUYNHIEN,Vietnam,ExtendedStrict,XGBoost,3,1,0.995434582233429,1
4009,RCN11360,1181-PF-VN-THUYNHIEN,Vietnam,ExtendedStrict,XGBoost,3,1,0.9978049397468567,1
4010,RCN11361,1181-PF-VN-THUYNHIEN,Vietnam,ExtendedStrict,XGBoost,3,1,0.9976454377174377,1
4011,RCN11374,1181-PF-VN-THUYNHIEN,Vietnam,ExtendedStrict,XGBoost,3,1,0.9985607266426086,1
4012,RCN11375,1181-PF-VN-THUYNHIEN,Vietnam,ExtendedStrict,XGBoost,3,1,0.9986910223960876,1
4013,RCN11376,1181-PF-VN-THUYNHIEN,Vietnam,ExtendedStrict,XGBoost,3,1,0.9675439596176147,1
4014,RCN11378,1181-PF-VN-THUYNHIEN,Vietnam,ExtendedStrict,XGBoost,3,1,0.998537540435791,1
4015,RCN11379,1181-PF-VN-THUYNHIEN,Vietnam,ExtendedStrict,XGBoost,3,1,0.9054856300354004,1
4016,RCN11380,1181-PF-VN-THUYNHIEN,Vietnam,ExtendedStrict,XGBoost,3,1,0.9973729848861694,1
4017,RCN11381,1181-PF-VN-THUYNHIEN,Vietnam,ExtendedStrict,XGBoost,3,1,0.9966647028923035,1
4018,RCN11382,1181-PF-VN-THUYNHIEN,Vietnam,ExtendedStrict,XGBoost,3,1,0.9979739785194397,1
4019,RCN11383,1181-PF-VN-THUYNHIEN,Vietnam,ExtendedStrict,XGBoost,3,1,0.9986282587051392,1
4020,RCN11384,1181-PF-VN-THUYNHIEN,Vietnam,ExtendedStrict,XGBoost,3,1,0.9988196492195129,1
4021,RCN11385,1181-PF-VN-THUYNHIEN,Vietnam,ExtendedStrict,XGBoost,3,1,0.9959011673927307,1
4022,RCN11386,1181-PF-VN-THUYNHIEN,Vietnam,ExtendedStrict,XGBoost,3,1,0.996455729007721,1
4023,RCN11387,1181-PF-VN-THUYNHIEN,Vietnam,ExtendedStrict,XGBoost,3,1,0.9985818862915039,1
4024,RCN11388,1181-PF-VN-THUYNHIEN,Vietnam,ExtendedStrict,XGBoost,3,1,0.9971804618835449,1
4025,RCN11389,1181-PF-VN-THUYNHIEN,Vietnam,ExtendedStrict,XGBoost,3,1,0.9988196492195129,1
4026,RCN11390,1181-PF-VN-THUYNHIEN,Vietnam,ExtendedStrict,XGBoost,3,1,0.9984627962112427,1
4027,RCN11391,1181-PF-VN-THUYNHIEN,Vietnam,ExtendedStrict,XGBoost,3,1,0.997884213924408,1
4028,RCN11392,1181-PF-VN-THUYNHIEN,Vietnam,ExtendedStrict,XGBoost,3,1,0.998637855052948,1
4029,RCN11393,1181-PF-VN-THUYNHIEN,Vietnam,ExtendedStrict,XGBoost,3,1,0.9600494503974915,1
4030,RCN11394,1181-PF-VN-THUYNHIEN,Vietnam,ExtendedStrict,XGBoost,3,1,0.9986218214035034,1
4031,RCN11397,1181-PF-VN-THUYNHIEN,Vietnam,ExtendedStrict,XGBoost,3,1,0.998537540435791,1
4032,RCN11399,1181-PF-VN-THUYNHIEN,Vietnam,ExtendedStrict,XGBoost,3,1,0.9969243407249451,1
4033,RCN11400,1181-PF-VN-THUYNHIEN,Vietnam,ExtendedStrict,XGBoost,3,1,0.9985105395317078,1
4034,RCN11401,1181-PF-VN-THUYNHIEN,Vietnam,ExtendedStrict,XGBoost,3,0,0.022624464705586433,0
4035,RCN11402,1181-PF-VN-THUYNHIEN,Vietnam,ExtendedStrict,XGBoost,3,1,0.9983503818511963,1
4036,RCN11403,1181-PF-VN-THUYNHIEN,Vietnam,ExtendedStrict,XGBoost,3,1,0.9966976642608643,1
4037,RCN11404,1181-PF-VN-THUYNHIEN,Vietnam,ExtendedStrict,XGBoost,3,1,0.9964821338653564,1
4038,RCN11405,1181-PF-VN-THUYNHIEN,Vietnam,ExtendedStrict,XGBoost,3,1,0.9984080195426941,1
4039,RCN11407,1181-PF-VN-THUYNHIEN,Vietnam,ExtendedStrict,XGBoost,3,1,0.9984080195426941,1
4040,RCN11408,1181-PF-VN-THUYNHIEN,Vietnam,ExtendedStrict,XGBoost,3,1,0.9962247610092163,1
4041,RCN11409,1181-PF-VN-THUYNHIEN,Vietnam,ExtendedStrict,XGBoost,3,1,0.8565502166748047,1
4042,RCN11410,1181-PF-VN-THUYNHIEN,Vietnam,ExtendedStrict,XGBoost,3,1,0.9985105395317078,1
4043,RCN11413,1181-PF-VN-THUYNHIEN,Vietnam,ExtendedStrict,XGBoost,3,1,0.9966624975204468,1
4044,RCN11414,1181-PF-VN-THUYNHIEN,Vietnam,ExtendedStrict,XGBoost,3,1,0.9966976642608643,1
4045,RCN11415,1181-PF-VN-THUYNHIEN,Vietnam,ExtendedStrict,XGBoost,3,1,0.7800989747047424,1
4046,RCN11417,1181-PF-VN-THUYNHIEN,Vietnam,ExtendedStrict,XGBoost,3,1,0.9975011944770813,1
4047,RCN11418,1181-PF-VN-THUYNHIEN,Vietnam,ExtendedStrict,XGBoost,3,1,0.9984869956970215,1
4048,RCN11419,1181-PF-VN-THUYNHIEN,Vietnam,ExtendedStrict,XGBoost,3,1,0.9987106323242188,1
4049,RCN11421,1181-PF-VN-THUYNHIEN,Vietnam,ExtendedStrict,XGBoost,3,1,0.9066511988639832,1
4050,RCN11424,1181-PF-VN-THUYNHIEN,Vietnam,ExtendedStrict,XGBoost,3,1,0.9985818862915039,1
4051,RCN11425,1181-PF-VN-THUYNHIEN,Vietnam,ExtendedStrict,XGBoost,3,1,0.997884213924408,1
4052,RCN11428,1181-PF-VN-THUYNHIEN,Vietnam,ExtendedStrict,XGBoost,3,1,0.9985105395317078,1
4053,RCN11429,1181-PF-VN-THUYNHIEN,Vietnam,ExtendedStrict,XGBoost,3,1,0.9971804618835449,1
4054,RCN11430,1181-PF-VN-THUYNHIEN,Vietnam,ExtendedStrict,XGBoost,3,1,0.9978793859481812,1
4055,RCN11431,1181-PF-VN-THUYNHIEN,Vietnam,ExtendedStrict,XGBoost,3,1,0.9984080195426941,1
4056,RCN11433,1181-PF-VN-THUYNHIEN,Vietnam,ExtendedStrict,XGBoost,3,1,0.9963841438293457,1
4057,RCN11434,1181-PF-VN-THUYNHIEN,Vietnam,ExtendedStrict,XGBoost,3,1,0.9981898665428162,1
4058,RCN11437,1181-PF-VN-THUYNHIEN,Vietnam,ExtendedStrict,XGBoost,3,1,0.995934009552002,1
4059,RCN11438,1181-PF-VN-THUYNHIEN,Vietnam,ExtendedStrict,XGBoost,3,1,0.9976728558540344,1
4060,RCN11459,1181-PF-VN-THUYNHIEN,Vietnam,ExtendedStrict,XGBoost,3,1,0.996455729007721,1
4061,RCN11460,1181-PF-VN-THUYNHIEN,Vietnam,ExtendedStrict,XGBoost,3,1,0.9980695843696594,1
4062,RCN11461,1181-PF-VN-THUYNHIEN,Vietnam,ExtendedStrict,XGBoost,3,1,0.9979367256164551,1
4063,RCN11462,1181-PF-VN-THUYNHIEN,Vietnam,ExtendedStrict,XGBoost,3,1,0.996455729007721,1
4064,RCN11463,1181-PF-VN-THUYNHIEN,Vietnam,ExtendedStrict,XGBoost,3,1,0.9977254271507263,1
4065,RCN11464,1181-PF-VN-THUYNHIEN,Vietnam,ExtendedStrict,XGBoost,3,1,0.9965651631355286,1
4066,RCN11465,1181-PF-VN-THUYNHIEN,Vietnam,ExtendedStrict,XGBoost,3,1,0.9985105395317078,1
4067,RCN11466,1181-PF-VN-THUYNHIEN,Vietnam,ExtendedStrict,XGBoost,3,1,0.9971359968185425,1
4068,RCN11467,1181-PF-VN-THUYNHIEN,Vietnam,ExtendedStrict,XGBoost,3,0,0.6552639603614807,1
4069,RCN11468,1181-PF-VN-THUYNHIEN,Vietnam,ExtendedStrict,XGBoost,3,1,0.9980695843696594,1
4070,RCN11469,1181-PF-VN-THUYNHIEN,Vietnam,ExtendedStrict,XGBoost,3,1,0.9969766139984131,1
4071,RCN11470,1181-PF-VN-THUYNHIEN,Vietnam,ExtendedStrict,XGBoost,3,1,0.9986556768417358,1
4072,RCN11471,1181-PF-VN-THUYNHIEN,Vietnam,ExtendedStrict,XGBoost,3,1,0.9337306618690491,1
4073,RCN11472,1181-PF-VN-THUYNHIEN,Vietnam,ExtendedStrict,XGBoost,3,1,0.9988196492195129,1
4074,RCN11473,1181-PF-VN-THUYNHIEN,Vietnam,ExtendedStrict,XGBoost,3,1,0.9974533915519714,1
4075,RCN11474,1181-PF-VN-THUYNHIEN,Vietnam,ExtendedStrict,XGBoost,3,1,0.9984910488128662,1
4076,RCN11475,1181-PF-VN-THUYNHIEN,Vietnam,ExtendedStrict,XGBoost,3,1,0.9980695843696594,1
4077,RCN11476,1181-PF-VN-THUYNHIEN,Vietnam,ExtendedStrict,XGBoost,3,1,0.9969354867935181,1
4078,RCN11477,1181-PF-VN-THUYNHIEN,Vietnam,ExtendedStrict,XGBoost,3,1,0.9971804618835449,1
4079,RCN11478,1181-PF-VN-THUYNHIEN,Vietnam,ExtendedStrict,XGBoost,3,1,0.9988196492195129,1
4080,RCN11479,1181-PF-VN-THUYNHIEN,Vietnam,ExtendedStrict,XGBoost,3,1,0.9977874755859375,1
4081,RCN11480,1181-PF-VN-THUYNHIEN,Vietnam,ExtendedStrict,XGBoost,3,1,0.9968151450157166,1
4082,RCN11481,1181-PF-VN-THUYNHIEN,Vietnam,ExtendedStrict,XGBoost,3,1,0.9961399435997009,1
4506,RCN12357,1195-PF-TRAC2-DONDORP,Thailand,ExtendedStrict,XGBoost,3,1,0.9843865036964417,1
4507,RCN12358,1195-PF-TRAC2-DONDORP,Thailand,ExtendedStrict,XGBoost,3,1,0.9884223341941833,1
4508,RCN12359,1195-PF-TRAC2-DONDORP,Thailand,ExtendedStrict,XGBoost,3,1,0.9956557750701904,1
4509,RCN12361,1195-PF-TRAC2-DONDORP,Cambodia,ExtendedStrict,XGBoost,3,1,0.9955283999443054,1
4510,RCN12362,1195-PF-TRAC2-DONDORP,Cambodia,ExtendedStrict,XGBoost,3,1,0.9773364663124084,1
4511,RCN12363,1195-PF-TRAC2-DONDORP,Cambodia,ExtendedStrict,XGBoost,3,1,0.9930142760276794,1
4512,RCN12364,1195-PF-TRAC2-DONDORP,Cambodia,ExtendedStrict,XGBoost,3,1,0.9910195469856262,1
4513,RCN12365,1195-PF-TRAC2-DONDORP,Cambodia,ExtendedStrict,XGBoost,3,0,0.9949638843536377,1
4514,RCN12366,1195-PF-TRAC2-DONDORP,Vietnam,ExtendedStrict,XGBoost,3,1,0.998193085193634,1
4515,RCN12367,1195-PF-TRAC2-DONDORP,Vietnam,ExtendedStrict,XGBoost,3,1,0.998130738735199,1
4516,RCN12369,1195-PF-TRAC2-DONDORP,Vietnam,ExtendedStrict,XGBoost,3,1,0.9969170093536377,1
4517,RCN12370,1195-PF-TRAC2-DONDORP,Vietnam,ExtendedStrict,XGBoost,3,1,0.998193085193634,1
4518,RCN12371,1195-PF-TRAC2-DONDORP,Vietnam,ExtendedStrict,XGBoost,3,1,0.9978559613227844,1
4519,RCN12372,1195-PF-TRAC2-DONDORP,Vietnam,ExtendedStrict,XGBoost,3,1,0.9980556964874268,1
4520,RCN12373,1195-PF-TRAC2-DONDORP,Vietnam,ExtendedStrict,XGBoost,3,1,0.9939099550247192,1
4521,RCN12374,1195-PF-TRAC2-DONDORP,Vietnam,ExtendedStrict,XGBoost,3,1,0.8500540852546692,1
4522,RCN12375,1195-PF-TRAC2-DONDORP,Vietnam,ExtendedStrict,XGBoost,3,1,0.9300786256790161,1
4523,RCN12376,1195-PF-TRAC2-DONDORP,Vietnam,ExtendedStrict,XGBoost,3,1,0.9980021119117737,1
4524,RCN12378,1195-PF-TRAC2-DONDORP,Vietnam,ExtendedStrict,XGBoost,3,1,0.9970441460609436,1
4525,RCN12379,1195-PF-TRAC2-DONDORP,Vietnam,ExtendedStrict,XGBoost,3,1,0.9962961077690125,1
4526,RCN12380,1195-PF-TRAC2-DONDORP,Vietnam,ExtendedStrict,XGBoost,3,1,0.8519312739372253,1
4527,RCN12381,1195-PF-TRAC2-DONDORP,Vietnam,ExtendedStrict,XGBoost,3,1,0.9918728470802307,1
4528,RCN12382,1195-PF-TRAC2-DONDORP,Vietnam,ExtendedStrict,XGBoost,3,1,0.9959127306938171,1
4529,RCN12383,1195-PF-TRAC2-DONDORP,Vietnam,ExtendedStrict,XGBoost,3,1,0.9903361797332764,1
4530,RCN12384,1195-PF-TRAC2-DONDORP,Vietnam,ExtendedStrict,XGBoost,3,0,0.10425183176994324,0
4531,RCN12385,1195-PF-TRAC2-DONDORP,Vietnam,ExtendedStrict,XGBoost,3,0,0.12219619005918503,0
4532,RCN12386,1195-PF-TRAC2-DONDORP,Vietnam,ExtendedStrict,XGBoost,3,1,0.9949836730957031,1
4533,RCN12387,1195-PF-TRAC2-DONDORP,Vietnam,ExtendedStrict,XGBoost,3,1,0.9956157207489014,1
4534,RCN12388,1195-PF-TRAC2-DONDORP,Vietnam,ExtendedStrict,XGBoost,3,1,0.9953380823135376,1
4535,RCN12389,1195-PF-TRAC2-DONDORP,Vietnam,ExtendedStrict,XGBoost,3,1,0.9966226816177368,1
4536,RCN12390,1195-PF-TRAC2-DONDORP,Vietnam,ExtendedStrict,XGBoost,3,1,0.9883447885513306,1
4537,RCN12391,1195-PF-TRAC2-DONDORP,Vietnam,ExtendedStrict,XGBoost,3,1,0.9935425519943237,1
4538,RCN12393,1195-PF-TRAC2-DONDORP,Vietnam,ExtendedStrict,XGBoost,3,1,0.9954230189323425,1
4539,RCN12394,1195-PF-TRAC2-DONDORP,Vietnam,ExtendedStrict,XGBoost,3,0,0.10886436700820923,0
4540,RCN12397,1195-PF-TRAC2-DONDORP,Myanmar,ExtendedStrict,XGBoost,3,0,0.6642196774482727,1
4541,RCN12398,1195-PF-TRAC2-DONDORP,Myanmar,ExtendedStrict,XGBoost,3,0,0.5702923536300659,1
4542,RCN12401,1195-PF-TRAC2-DONDORP,Myanmar,ExtendedStrict,XGBoost,3,1,0.2668797969818115,0
4543,RCN12402,1195-PF-TRAC2-DONDORP,Myanmar,ExtendedStrict,XGBoost,3,1,0.20876266062259674,0
4544,RCN12403,1195-PF-TRAC2-DONDORP,Myanmar,ExtendedStrict,XGBoost,3,1,0.2230943888425827,0
4545,RCN12404,1195-PF-TRAC2-DONDORP,Myanmar,ExtendedStrict,XGBoost,3,1,0.16738103330135345,0
4546,RCN12405,1195-PF-TRAC2-DONDORP,Myanmar,ExtendedStrict,XGBoost,3,0,0.31771695613861084,0
4547,RCN12406,1195-PF-TRAC2-DONDORP,Myanmar,ExtendedStrict,XGBoost,3,0,0.3108503520488739,0
4548,RCN12408,1195-PF-TRAC2-DONDORP,Myanmar,ExtendedStrict,XGBoost,3,0,0.9164708256721497,1
4549,RCN12409,1195-PF-TRAC2-DONDORP,Myanmar,ExtendedStrict,XGBoost,3,0,0.12453781068325043,0
4550,RCN12410,1195-PF-TRAC2-DONDORP,Myanmar,ExtendedStrict,XGBoost,3,0,0.028395039960741997,0
4551,RCN12411,1195-PF-TRAC2-DONDORP,Myanmar,ExtendedStrict,XGBoost,3,0,0.7459516525268555,1
4552,RCN12412,1195-PF-TRAC2-DONDORP,Myanmar,ExtendedStrict,XGBoost,3,0,0.6728766560554504,1
4553,RCN12415,1195-PF-TRAC2-DONDORP,Myanmar,ExtendedStrict,XGBoost,3,0,0.0315728522837162,0
4554,RCN12420,1195-PF-TRAC2-DONDORP,Myanmar,ExtendedStrict,XGBoost,3,0,0.5923396944999695,1
4555,RCN12423,1195-PF-TRAC2-DONDORP,Myanmar,ExtendedStrict,XGBoost,3,0,0.05098273605108261,0
4620,RCN12593,1195-PF-TRAC2-DONDORP,Thailand,ExtendedStrict,XGBoost,3,1,0.9933404326438904,1
4621,RCN12596,1195-PF-TRAC2-DONDORP,Thailand,ExtendedStrict,XGBoost,3,1,0.995613694190979,1
4622,RCN12597,1195-PF-TRAC2-DONDORP,Thailand,ExtendedStrict,XGBoost,3,1,0.983141303062439,1
4623,RCN12599,1195-PF-TRAC2-DONDORP,Thailand,ExtendedStrict,XGBoost,3,1,0.9956557750701904,1
4624,RCN12600,1195-PF-TRAC2-DONDORP,Thailand,ExtendedStrict,XGBoost,3,1,0.9965544939041138,1
4625,RCN12601,1195-PF-TRAC2-DONDORP,Thailand,ExtendedStrict,XGBoost,3,1,0.9948129653930664,1
4626,RCN12602,1195-PF-TRAC2-DONDORP,Thailand,ExtendedStrict,XGBoost,3,1,0.9959127306938171,1
4627,RCN12603,1195-PF-TRAC2-DONDORP,Thailand,ExtendedStrict,XGBoost,3,1,0.9966879487037659,1
4628,RCN12604,1195-PF-TRAC2-DONDORP,Thailand,ExtendedStrict,XGBoost,3,1,0.9959127306938171,1
4629,RCN12606,1195-PF-TRAC2-DONDORP,Thailand,ExtendedStrict,XGBoost,3,1,0.9958276152610779,1
4630,RCN12607,1195-PF-TRAC2-DONDORP,Thailand,ExtendedStrict,XGBoost,3,1,0.9865012764930725,1
4631,RCN12608,1195-PF-TRAC2-DONDORP,Thailand,ExtendedStrict,XGBoost,3,1,0.9941738247871399,1
4632,RCN12612,1195-PF-TRAC2-DONDORP,Thailand,ExtendedStrict,XGBoost,3,1,0.9917105436325073,1
4633,RCN12613,1195-PF-TRAC2-DONDORP,Thailand,ExtendedStrict,XGBoost,3,1,0.9960523843765259,1
4634,RCN12614,1195-PF-TRAC2-DONDORP,Cambodia,ExtendedStrict,XGBoost,3,1,0.9933458566665649,1
4635,RCN12615,1195-PF-TRAC2-DONDORP,Cambodia,ExtendedStrict,XGBoost,3,1,0.996961772441864,1
4636,RCN12616,1195-PF-TRAC2-DONDORP,Cambodia,ExtendedStrict,XGBoost,3,1,0.996461808681488,1
4637,RCN12617,1195-PF-TRAC2-DONDORP,Cambodia,ExtendedStrict,XGBoost,3,1,0.9949948787689209,1
4638,RCN12618,1195-PF-TRAC2-DONDORP,Cambodia,ExtendedStrict,XGBoost,3,1,0.9936936497688293,1
4639,RCN12619,1195-PF-TRAC2-DONDORP,Cambodia,ExtendedStrict,XGBoost,3,0,0.8810060024261475,1
4640,RCN12620,1195-PF-TRAC2-DONDORP,Cambodia,ExtendedStrict,XGBoost,3,1,0.9964442849159241,1
4641,RCN12621,1195-PF-TRAC2-DONDORP,Cambodia,ExtendedStrict,XGBoost,3,1,0.9985105395317078,1
4642,RCN12622,1195-PF-TRAC2-DONDORP,Cambodia,ExtendedStrict,XGBoost,3,1,0.9952129125595093,1
4788,RCN12976,1195-PF-TRAC2-DONDORP,Cambodia,ExtendedStrict,XGBoost,3,1,0.42990103363990784,0
4789,RCN12978,1195-PF-TRAC2-DONDORP,Cambodia,ExtendedStrict,XGBoost,3,1,0.9855051636695862,1
4790,RCN12980,1195-PF-TRAC2-DONDORP,Cambodia,ExtendedStrict,XGBoost,3,1,0.9955625534057617,1
4791,RCN12982,1195-PF-TRAC2-DONDORP,Cambodia,ExtendedStrict,XGBoost,3,0,0.7132769823074341,1
4792,RCN12984,1195-PF-TRAC2-DONDORP,Cambodia,ExtendedStrict,XGBoost,3,1,0.8992038369178772,1
4793,RCN12986,1195-PF-TRAC2-DONDORP,Cambodia,ExtendedStrict,XGBoost,3,1,0.9904395341873169,1
4794,RCN12987,1195-PF-TRAC2-DONDORP,Cambodia,ExtendedStrict,XGBoost,3,1,0.8208598494529724,1
4795,RCN12988,1195-PF-TRAC2-DONDORP,Cambodia,ExtendedStrict,XGBoost,3,1,0.43303534388542175,0
4796,RCN12990,1195-PF-TRAC2-DONDORP,Cambodia,ExtendedStrict,XGBoost,3,1,0.8590236306190491,1
4797,RCN12992,1195-PF-TRAC2-DONDORP,Cambodia,ExtendedStrict,XGBoost,3,1,0.9952743053436279,1
4798,RCN12993,1195-PF-TRAC2-DONDORP,Cambodia,ExtendedStrict,XGBoost,3,1,0.9763423204421997,1
4799,RCN12994,1195-PF-TRAC2-DONDORP,Cambodia,ExtendedStrict,XGBoost,3,1,0.9867963790893555,1
4800,RCN12995,1195-PF-TRAC2-DONDORP,Cambodia,ExtendedStrict,XGBoost,3,1,0.9940534234046936,1
4801,RCN12996,1195-PF-TRAC2-DONDORP,Cambodia,ExtendedStrict,XGBoost,3,1,0.9937445521354675,1
4802,RCN12997,1195-PF-TRAC2-DONDORP,Cambodia,ExtendedStrict,XGBoost,3,1,0.9814187288284302,1
4803,RCN12999,1195-PF-TRAC2-DONDORP,Cambodia,ExtendedStrict,XGBoost,3,1,0.9967946410179138,1
4804,RCN13000,1195-PF-TRAC2-DONDORP,Cambodia,ExtendedStrict,XGBoost,3,1,0.8628700971603394,1
4805,RCN13003,1195-PF-TRAC2-DONDORP,Cambodia,ExtendedStrict,XGBoost,3,1,0.9778380990028381,1
4806,RCN13004,1195-PF-TRAC2-DONDORP,Cambodia,ExtendedStrict,XGBoost,3,1,0.8902668356895447,1
4807,RCN13008,1195-PF-TRAC2-DONDORP,Cambodia,ExtendedStrict,XGBoost,3,1,0.8792159557342529,1
4808,RCN13009,1195-PF-TRAC2-DONDORP,Cambodia,ExtendedStrict,XGBoost,3,1,0.9959902167320251,1
4809,RCN13010,1195-PF-TRAC2-DONDORP,Cambodia,ExtendedStrict,XGBoost,3,1,0.9250554442405701,1
4810,RCN13012,1195-PF-TRAC2-DONDORP,Cambodia,ExtendedStrict,XGBoost,3,1,0.9937583208084106,1
4811,RCN13013,1195-PF-TRAC2-DONDORP,Cambodia,ExtendedStrict,XGBoost,3,1,0.9885284304618835,1
4812,RCN13014,1195-PF-TRAC2-DONDORP,Cambodia,ExtendedStrict,XGBoost,3,1,0.995831310749054,1
4813,RCN13015,1195-PF-TRAC2-DONDORP,Cambodia,ExtendedStrict,XGBoost,3,1,0.9973101615905762,1
4814,RCN13016,1195-PF-TRAC2-DONDORP,Cambodia,ExtendedStrict,XGBoost,3,0,0.8782258033752441,1
4815,RCN13017,1195-PF-TRAC2-DONDORP,Cambodia,ExtendedStrict,XGBoost,3,1,0.9986193180084229,1
4816,RCN13018,1195-PF-TRAC2-DONDORP,Cambodia,ExtendedStrict,XGBoost,3,1,0.9400941729545593,1
4817,RCN13019,1195-PF-TRAC2-DONDORP,Cambodia,ExtendedStrict,XGBoost,3,1,0.9814638495445251,1
4818,RCN13020,1195-PF-TRAC2-DONDORP,Cambodia,ExtendedStrict,XGBoost,3,0,0.981415867805481,1
4819,RCN13021,1195-PF-TRAC2-DONDORP,Cambodia,ExtendedStrict,XGBoost,3,1,0.7708101272583008,1
4820,RCN13023,1195-PF-TRAC2-DONDORP,Cambodia,ExtendedStrict,XGBoost,3,1,0.9932072758674622,1
4821,RCN13025,1195-PF-TRAC2-DONDORP,Cambodia,ExtendedStrict,XGBoost,3,1,0.8475416898727417,1
4822,RCN13028,1195-PF-TRAC2-DONDORP,Cambodia,ExtendedStrict,XGBoost,3,1,0.937107503414154,1
4823,RCN13029,1195-PF-TRAC2-DONDORP,Cambodia,ExtendedStrict,XGBoost,3,1,0.9938253164291382,1
4824,RCN13031,1195-PF-TRAC2-DONDORP,Cambodia,ExtendedStrict,XGBoost,3,1,0.9794951677322388,1
4825,RCN13032,1195-PF-TRAC2-DONDORP,Cambodia,ExtendedStrict,XGBoost,3,1,0.9975976347923279,1
4826,RCN13034,1195-PF-TRAC2-DONDORP,Cambodia,ExtendedStrict,XGBoost,3,1,0.9884743094444275,1
4827,RCN13036,1195-PF-TRAC2-DONDORP,Cambodia,ExtendedStrict,XGBoost,3,1,0.9733179807662964,1
4828,RCN13037,1195-PF-TRAC2-DONDORP,Cambodia,ExtendedStrict,XGBoost,3,1,0.9960940480232239,1
4829,RCN13039,1195-PF-TRAC2-DONDORP,Cambodia,ExtendedStrict,XGBoost,3,1,0.9802746176719666,1
4830,RCN13041,1195-PF-TRAC2-DONDORP,Cambodia,ExtendedStrict,XGBoost,3,1,0.9139193296432495,1
4831,RCN13044,1195-PF-TRAC2-DONDORP,Cambodia,ExtendedStrict,XGBoost,3,1,0.9414674639701843,1
4832,RCN13045,1195-PF-TRAC2-DONDORP,Cambodia,ExtendedStrict,XGBoost,3,1,0.9985887408256531,1
4833,RCN13048,1195-PF-TRAC2-DONDORP,Cambodia,ExtendedStrict,XGBoost,3,1,0.9981884360313416,1
4834,RCN13049,1195-PF-TRAC2-DONDORP,Cambodia,ExtendedStrict,XGBoost,3,0,0.03586942330002785,0
4835,RCN13050,1195-PF-TRAC2-DONDORP,Cambodia,ExtendedStrict,XGBoost,3,1,0.9956557750701904,1
4836,RCN13051,1195-PF-TRAC2-DONDORP,Cambodia,ExtendedStrict,XGBoost,3,1,0.9960849285125732,1
4837,RCN13052,1195-PF-TRAC2-DONDORP,Cambodia,ExtendedStrict,XGBoost,3,0,0.5378218293190002,1
4838,RCN13053,1195-PF-TRAC2-DONDORP,Cambodia,ExtendedStrict,XGBoost,3,1,0.9986417889595032,1
4839,RCN13054,1195-PF-TRAC2-DONDORP,Cambodia,ExtendedStrict,XGBoost,3,1,0.9970589876174927,1
4840,RCN13056,1195-PF-TRAC2-DONDORP,Cambodia,ExtendedStrict,XGBoost,3,1,0.993202269077301,1
4841,RCN13057,1195-PF-TRAC2-DONDORP,Cambodia,ExtendedStrict,XGBoost,3,1,0.9352592825889587,1
4842,RCN13058,1195-PF-TRAC2-DONDORP,Cambodia,ExtendedStrict,XGBoost,3,1,0.9962509274482727,1
4843,RCN13059,1195-PF-TRAC2-DONDORP,Cambodia,ExtendedStrict,XGBoost,3,1,0.9960849285125732,1
4844,RCN13060,1195-PF-TRAC2-DONDORP,Cambodia,ExtendedStrict,XGBoost,3,1,0.9951565861701965,1
4845,RCN13061,1195-PF-TRAC2-DONDORP,Cambodia,ExtendedStrict,XGBoost,3,1,0.9978715181350708,1
4846,RCN13062,1195-PF-TRAC2-DONDORP,Cambodia,ExtendedStrict,XGBoost,3,1,0.9982098340988159,1
4847,RCN13063,1195-PF-TRAC2-DONDORP,Cambodia,ExtendedStrict,XGBoost,3,1,0.9970206618309021,1
4848,RCN13065,1195-PF-TRAC2-DONDORP,Cambodia,ExtendedStrict,XGBoost,3,1,0.9960849285125732,1
4849,RCN13066,1195-PF-TRAC2-DONDORP,Cambodia,ExtendedStrict,XGBoost,3,1,0.9907901287078857,1
4850,RCN13067,1195-PF-TRAC2-DONDORP,Cambodia,ExtendedStrict,XGBoost,3,0,0.3675808608531952,0
4851,RCN13068,1195-PF-TRAC2-DONDORP,Cambodia,ExtendedStrict,XGBoost,3,1,0.9963582158088684,1
4852,RCN13069,1195-PF-TRAC2-DONDORP,Cambodia,ExtendedStrict,XGBoost,3,1,0.995613694190979,1
4853,RCN13070,1195-PF-TRAC2-DONDORP,Cambodia,ExtendedStrict,XGBoost,3,1,0.9440193772315979,1
4854,RCN13071,1195-PF-TRAC2-DONDORP,Cambodia,ExtendedStrict,XGBoost,3,1,0.9969546794891357,1
4855,RCN13072,1195-PF-TRAC2-DONDORP,Cambodia,ExtendedStrict,XGBoost,3,0,0.07168695330619812,0
4856,RCN13073,1195-PF-TRAC2-DONDORP,Cambodia,ExtendedStrict,XGBoost,3,1,0.9940338730812073,1
4857,RCN13074,1195-PF-TRAC2-DONDORP,Cambodia,ExtendedStrict,XGBoost,3,1,0.9284688234329224,1
4858,RCN13075,1195-PF-TRAC2-DONDORP,Cambodia,ExtendedStrict,XGBoost,3,1,0.9777930974960327,1
4859,RCN13076,1195-PF-TRAC2-DONDORP,Cambodia,ExtendedStrict,XGBoost,3,1,0.09162557870149612,0
4860,RCN13077,1195-PF-TRAC2-DONDORP,Cambodia,ExtendedStrict,XGBoost,3,1,0.995721697807312,1
4861,RCN13078,1195-PF-TRAC2-DONDORP,Cambodia,ExtendedStrict,XGBoost,3,1,0.9979735016822815,1
4862,RCN13079,1195-PF-TRAC2-DONDORP,Cambodia,ExtendedStrict,XGBoost,3,1,0.9955447316169739,1
4863,RCN13080,1195-PF-TRAC2-DONDORP,Cambodia,ExtendedStrict,XGBoost,3,1,0.9310944676399231,1
4864,RCN13081,1195-PF-TRAC2-DONDORP,Cambodia,ExtendedStrict,XGBoost,3,1,0.9955447316169739,1
4865,RCN13082,1195-PF-TRAC2-DONDORP,Cambodia,ExtendedStrict,XGBoost,3,0,0.006427980959415436,0
4866,RCN13083,1195-PF-TRAC2-DONDORP,Cambodia,ExtendedStrict,XGBoost,3,1,0.893645167350769,1
4867,RCN13084,1195-PF-TRAC2-DONDORP,Cambodia,ExtendedStrict,XGBoost,3,1,0.9959180951118469,1
4868,RCN13085,1195-PF-TRAC2-DONDORP,Cambodia,ExtendedStrict,XGBoost,3,0,0.05512211099267006,0
4869,RCN13086,1195-PF-TRAC2-DONDORP,Cambodia,ExtendedStrict,XGBoost,3,1,0.9961161613464355,1
4870,RCN13087,1195-PF-TRAC2-DONDORP,Cambodia,ExtendedStrict,XGBoost,3,1,0.9967073202133179,1
4871,RCN13088,1195-PF-TRAC2-DONDORP,Cambodia,ExtendedStrict,XGBoost,3,1,0.9772070050239563,1
4872,RCN13089,1195-PF-TRAC2-DONDORP,Cambodia,ExtendedStrict,XGBoost,3,1,0.9972192049026489,1
4873,RCN13090,1195-PF-TRAC2-DONDORP,Cambodia,ExtendedStrict,XGBoost,3,1,0.9960464835166931,1
4874,RCN13093,1195-PF-TRAC2-DONDORP,Cambodia,ExtendedStrict,XGBoost,3,0,0.5223881602287292,1
4875,RCN13095,1195-PF-TRAC2-DONDORP,Cambodia,ExtendedStrict,XGBoost,3,1,0.9919304251670837,1
4876,RCN13096,1195-PF-TRAC2-DONDORP,Cambodia,ExtendedStrict,XGBoost,3,0,0.4443954825401306,0
4877,RCN13097,1195-PF-TRAC2-DONDORP,Cambodia,ExtendedStrict,XGBoost,3,1,0.9717549085617065,1
4878,RCN13098,1195-PF-TRAC2-DONDORP,Cambodia,ExtendedStrict,XGBoost,3,1,0.9708229303359985,1
4879,RCN13100,1195-PF-TRAC2-DONDORP,Cambodia,ExtendedStrict,XGBoost,3,1,0.9986807703971863,1
4880,RCN13101,1195-PF-TRAC2-DONDORP,Cambodia,ExtendedStrict,XGBoost,3,0,0.8773534297943115,1
4881,RCN13103,1195-PF-TRAC2-DONDORP,Cambodia,ExtendedStrict,XGBoost,3,1,0.9527742862701416,1
4882,RCN13104,1195-PF-TRAC2-DONDORP,Cambodia,ExtendedStrict,XGBoost,3,0,0.009952230378985405,0
6915,SPT24373,1224-PF-VN-ROSANAS-URGELL,Vietnam,ExtendedStrict,XGBoost,3,1,0.007355680223554373,0
6916,SPT24374,1224-PF-VN-ROSANAS-URGELL,Vietnam,ExtendedStrict,XGBoost,3,0,0.005185448564589024,0
6917,SPT24375,1224-PF-VN-ROSANAS-URGELL,Vietnam,ExtendedStrict,XGBoost,3,0,0.002621771302074194,0
6918,SPT24376,1224-PF-VN-ROSANAS-URGELL,Vietnam,ExtendedStrict,XGBoost,3,1,0.007086365949362516,0
6919,SPT24383,1224-PF-VN-ROSANAS-URGELL,Vietnam,ExtendedStrict,XGBoost,3,1,0.006606658920645714,0
6920,SPT24385,1224-PF-VN-ROSANAS-URGELL,Vietnam,ExtendedStrict,XGBoost,3,0,0.011142284609377384,0
6921,SPT24386,1224-PF-VN-ROSANAS-URGELL,Vietnam,ExtendedStrict,XGBoost,3,1,0.006606658920645714,0
6922,SPT24393,1224-PF-VN-ROSANAS-URGELL,Vietnam,ExtendedStrict,XGBoost,3,1,0.17603392899036407,0
6923,SPT24399,1224-PF-VN-ROSANAS-URGELL,Vietnam,ExtendedStrict,XGBoost,3,1,0.06564386934041977,0
6924,SPT24447,1224-PF-VN-ROSANAS-URGELL,Vietnam,ExtendedStrict,XGBoost,3,1,0.25174105167388916,0
6925,SPT24451,1224-PF-VN-ROSANAS-URGELL,Vietnam,ExtendedStrict,XGBoost,3,1,0.3150262236595154,0
6926,SPT24454,1224-PF-VN-ROSANAS-URGELL,Vietnam,ExtendedStrict,XGBoost,3,1,0.7474513649940491,1
6927,SPT24456,1224-PF-VN-ROSANAS-URGELL,Vietnam,ExtendedStrict,XGBoost,3,1,0.5452156662940979,1
6928,SPT24457,1224-PF-VN-ROSANAS-URGELL,Vietnam,ExtendedStrict,XGBoost,3,1,0.8556503653526306,1
6929,SPT24458,1224-PF-VN-ROSANAS-URGELL,Vietnam,ExtendedStrict,XGBoost,3,1,0.09940311312675476,0
6930,SPT24459,1224-PF-VN-ROSANAS-URGELL,Vietnam,ExtendedStrict,XGBoost,3,1,0.19031919538974762,0
6931,SPT24461,1224-PF-VN-ROSANAS-URGELL,Vietnam,ExtendedStrict,XGBoost,3,1,0.24771134555339813,0
6932,SPT24462,1224-PF-VN-ROSANAS-URGELL,Vietnam,ExtendedStrict,XGBoost,3,1,0.7507416009902954,1
6933,SPT24463,1224-PF-VN-ROSANAS-URGELL,Vietnam,ExtendedStrict,XGBoost,3,1,0.43627315759658813,0
6934,SPT24481,1224-PF-VN-ROSANAS-URGELL,Vietnam,ExtendedStrict,XGBoost,3,0,0.11560581624507904,0
6935,SPT24486,1224-PF-VN-ROSANAS-URGELL,Vietnam,ExtendedStrict,XGBoost,3,0,0.11436309665441513,0
6936,SPT24491,1224-PF-VN-ROSANAS-URGELL,Vietnam,ExtendedStrict,XGBoost,3,0,0.019633639603853226,0
6937,SPT24497,1224-PF-VN-ROSANAS-URGELL,Vietnam,ExtendedStrict,XGBoost,3,1,0.45468735694885254,0
6938,SPT24501,1224-PF-VN-ROSANAS-URGELL,Vietnam,ExtendedStrict,XGBoost,3,0,0.028955264016985893,0
6939,SPT24520,1224-PF-VN-ROSANAS-URGELL,Vietnam,ExtendedStrict,XGBoost,3,1,0.50245201587677,1
6940,SPT24521,1224-PF-VN-ROSANAS-URGELL,Vietnam,ExtendedStrict,XGBoost,3,1,0.5445814728736877,1
6941,SPT24522,1224-PF-VN-ROSANAS-URGELL,Vietnam,ExtendedStrict,XGBoost,3,1,0.412020206451416,0
6942,SPT24525,1224-PF-VN-ROSANAS-URGELL,Vietnam,ExtendedStrict,XGBoost,3,1,0.415934681892395,0
6943,SPT24526,1224-PF-VN-ROSANAS-URGELL,Vietnam,ExtendedStrict,XGBoost,3,1,0.50245201587677,1
6944,SPT24527,1224-PF-VN-ROSANAS-URGELL,Vietnam,ExtendedStrict,XGBoost,3,1,0.4272144138813019,0
6945,SPT24530,1224-PF-VN-ROSANAS-URGELL,Vietnam,ExtendedStrict,XGBoost,3,1,0.50245201587677,1
6946,SPT24532,1224-PF-VN-ROSANAS-URGELL,Vietnam,ExtendedStrict,XGBoost,3,1,0.5910940170288086,1
6947,SPT24533,1224-PF-VN-ROSANAS-URGELL,Vietnam,ExtendedStrict,XGBoost,3,1,0.45747992396354675,0
6948,SPT24535,1224-PF-VN-ROSANAS-URGELL,Vietnam,ExtendedStrict,XGBoost,3,1,0.39121875166893005,0
6949,SPT24538,1224-PF-VN-ROSANAS-URGELL,Vietnam,ExtendedStrict,XGBoost,3,1,0.5822548866271973,1
6950,SPT24539,1224-PF-VN-ROSANAS-URGELL,Vietnam,ExtendedStrict,XGBoost,3,1,0.4589277505874634,0
6951,SPT24540,1224-PF-VN-ROSANAS-URGELL,Vietnam,ExtendedStrict,XGBoost,3,1,0.5204110145568848,1
6952,SPT24541,1224-PF-VN-ROSANAS-URGELL,Vietnam,ExtendedStrict,XGBoost,3,1,0.4933392405509949,0
6953,SPT24543,1224-PF-VN-ROSANAS-URGELL,Vietnam,ExtendedStrict,XGBoost,3,1,0.48179444670677185,0
6954,SPT24547,1224-PF-VN-ROSANAS-URGELL,Vietnam,ExtendedStrict,XGBoost,3,1,0.5959632992744446,1
6955,SPT24554,1224-PF-VN-ROSANAS-URGELL,Vietnam,ExtendedStrict,XGBoost,3,0,0.014145216904580593,0
6956,SPT24557,1224-PF-VN-ROSANAS-URGELL,Vietnam,ExtendedStrict,XGBoost,3,0,0.014059818349778652,0
6957,SPT24558,1224-PF-VN-ROSANAS-URGELL,Vietnam,ExtendedStrict,XGBoost,3,0,0.016338005661964417,0
6958,SPT24559,1224-PF-VN-ROSANAS-URGELL,Vietnam,ExtendedStrict,XGBoost,3,0,0.02717229351401329,0
6959,SPT24561,1224-PF-VN-ROSANAS-URGELL,Vietnam,ExtendedStrict,XGBoost,3,0,0.017247295007109642,0
6960,SPT24562,1224-PF-VN-ROSANAS-URGELL,Vietnam,ExtendedStrict,XGBoost,3,0,0.016386300325393677,0
6961,SPT24568,1224-PF-VN-ROSANAS-URGELL,Vietnam,ExtendedStrict,XGBoost,3,0,0.025340266525745392,0
6962,SPT24583,1224-PF-VN-ROSANAS-URGELL,Vietnam,ExtendedStrict,XGBoost,3,1,0.46311911940574646,0
6963,SPT24585,1224-PF-VN-ROSANAS-URGELL,Vietnam,ExtendedStrict,XGBoost,3,1,0.48959803581237793,0
6964,SPT24587,1224-PF-VN-ROSANAS-URGELL,Vietnam,ExtendedStrict,XGBoost,3,1,0.5445814728736877,1
6965,SPT24589,1224-PF-VN-ROSANAS-URGELL,Vietnam,ExtendedStrict,XGBoost,3,1,0.41342872381210327,0
6966,SPT24590,1224-PF-VN-ROSANAS-URGELL,Vietnam,ExtendedStrict,XGBoost,3,1,0.5047990679740906,1
6967,SPT24591,1224-PF-VN-ROSANAS-URGELL,Vietnam,ExtendedStrict,XGBoost,3,1,0.590199887752533,1
6968,SPT24593,1224-PF-VN-ROSANAS-URGELL,Vietnam,ExtendedStrict,XGBoost,3,1,0.5581900477409363,1
6969,SPT24601,1224-PF-VN-ROSANAS-URGELL,Vietnam,ExtendedStrict,XGBoost,3,1,0.5047990679740906,1
6970,SPT24602,1224-PF-VN-ROSANAS-URGELL,Vietnam,ExtendedStrict,XGBoost,3,1,0.4384703040122986,0
6971,SPT24603,1224-PF-VN-ROSANAS-URGELL,Vietnam,ExtendedStrict,XGBoost,3,1,0.4710547924041748,0
6972,SPT24604,1224-PF-VN-ROSANAS-URGELL,Vietnam,ExtendedStrict,XGBoost,3,1,0.5140131711959839,1
6973,SPT24607,1224-PF-VN-ROSANAS-URGELL,Vietnam,ExtendedStrict,XGBoost,3,1,0.45097506046295166,0
6974,SPT24608,1224-PF-VN-ROSANAS-URGELL,Vietnam,ExtendedStrict,XGBoost,3,1,0.415934681892395,0
6975,SPT24610,1224-PF-VN-ROSANAS-URGELL,Vietnam,ExtendedStrict,XGBoost,3,1,0.39745715260505676,0
6976,SPT24613,1224-PF-VN-ROSANAS-URGELL,Vietnam,ExtendedStrict,XGBoost,3,1,0.5365586280822754,1
6977,SPT24616,1224-PF-VN-ROSANAS-URGELL,Vietnam,ExtendedStrict,XGBoost,3,1,0.45273542404174805,0
6978,SPT24617,1224-PF-VN-ROSANAS-URGELL,Vietnam,ExtendedStrict,XGBoost,3,1,0.5047990679740906,1
6979,SPT24618,1224-PF-VN-ROSANAS-URGELL,Vietnam,ExtendedStrict,XGBoost,3,1,0.4394027888774872,0
6980,SPT24620,1224-PF-VN-ROSANAS-URGELL,Vietnam,ExtendedStrict,XGBoost,3,1,0.415934681892395,0
6981,SPT24621,1224-PF-VN-ROSANAS-URGELL,Vietnam,ExtendedStrict,XGBoost,3,1,0.22226329147815704,0
6982,SPT24624,1224-PF-VN-ROSANAS-URGELL,Vietnam,ExtendedStrict,XGBoost,3,1,0.4582858383655548,0
6983,SPT24625,1224-PF-VN-ROSANAS-URGELL,Vietnam,ExtendedStrict,XGBoost,3,1,0.6457131505012512,1
6984,SPT24626,1224-PF-VN-ROSANAS-URGELL,Vietnam,ExtendedStrict,XGBoost,3,1,0.40710702538490295,0
6985,SPT24627,1224-PF-VN-ROSANAS-URGELL,Vietnam,ExtendedStrict,XGBoost,3,1,0.4158293902873993,0
6986,SPT24630,1224-PF-VN-ROSANAS-URGELL,Vietnam,ExtendedStrict,XGBoost,3,1,0.5973725914955139,1
6987,SPT24634,1224-PF-VN-ROSANAS-URGELL,Vietnam,ExtendedStrict,XGBoost,3,1,0.40117523074150085,0
6988,SPT24635,1224-PF-VN-ROSANAS-URGELL,Vietnam,ExtendedStrict,XGBoost,3,1,0.5530816316604614,1
6989,SPT24636,1224-PF-VN-ROSANAS-URGELL,Vietnam,ExtendedStrict,XGBoost,3,1,0.412020206451416,0
6990,SPT24638,1224-PF-VN-ROSANAS-URGELL,Vietnam,ExtendedStrict,XGBoost,3,1,0.11271215230226517,0
6991,SPT24639,1224-PF-VN-ROSANAS-URGELL,Vietnam,ExtendedStrict,XGBoost,3,1,0.5047990679740906,1
6992,SPT24641,1224-PF-VN-ROSANAS-URGELL,Vietnam,ExtendedStrict,XGBoost,3,1,0.50245201587677,1
6993,SPT24642,1224-PF-VN-ROSANAS-URGELL,Vietnam,ExtendedStrict,XGBoost,3,1,0.45747992396354675,0
6994,SPT24643,1224-PF-VN-ROSANAS-URGELL,Vietnam,ExtendedStrict,XGBoost,3,1,0.45747992396354675,0
6995,SPT24644,1224-PF-VN-ROSANAS-URGELL,Vietnam,ExtendedStrict,XGBoost,3,1,0.3951774835586548,0
6996,SPT24645,1224-PF-VN-ROSANAS-URGELL,Vietnam,ExtendedStrict,XGBoost,3,1,0.50245201587677,1
6997,SPT24646,1224-PF-VN-ROSANAS-URGELL,Vietnam,ExtendedStrict,XGBoost,3,1,0.5445814728736877,1
6998,SPT24647,1224-PF-VN-ROSANAS-URGELL,Vietnam,ExtendedStrict,XGBoost,3,1,0.412020206451416,0
6999,SPT24648,1224-PF-VN-ROSANAS-URGELL,Vietnam,ExtendedStrict,XGBoost,3,1,0.415934681892395,0
7000,SPT24649,1224-PF-VN-ROSANAS-URGELL,Vietnam,ExtendedStrict,XGBoost,3,1,0.415934681892395,0
7001,SPT24650,1224-PF-VN-ROSANAS-URGELL,Vietnam,ExtendedStrict,XGBoost,3,1,0.5049034357070923,1
7002,SPT24653,1224-PF-VN-ROSANAS-URGELL,Vietnam,ExtendedStrict,XGBoost,3,1,0.34666940569877625,0
7003,SPT24654,1224-PF-VN-ROSANAS-URGELL,Vietnam,ExtendedStrict,XGBoost,3,1,0.4272144138813019,0
7004,SPT24708,1224-PF-VN-ROSANAS-URGELL,Vietnam,ExtendedStrict,XGBoost,3,0,0.0071686203591525555,0
7005,SPT24709,1224-PF-VN-ROSANAS-URGELL,Vietnam,ExtendedStrict,XGBoost,3,0,0.005424583796411753,0
7006,SPT24716,1224-PF-VN-ROSANAS-URGELL,Vietnam,ExtendedStrict,XGBoost,3,0,0.06334086507558823,0
7007,SPT24719,1224-PF-VN-ROSANAS-URGELL,Vietnam,ExtendedStrict,XGBoost,3,0,0.007444231770932674,0
7008,SPT24724,1224-PF-VN-ROSANAS-URGELL,Vietnam,ExtendedStrict,XGBoost,3,0,0.010109714232385159,0
7009,SPT24725,1224-PF-VN-ROSANAS-URGELL,Vietnam,ExtendedStrict,XGBoost,3,0,0.016564644873142242,0
7010,SPT24730,1224-PF-VN-ROSANAS-URGELL,Vietnam,ExtendedStrict,XGBoost,3,0,0.014653035439550877,0
7011,SPT24733,1224-PF-VN-ROSANAS-URGELL,Vietnam,ExtendedStrict,XGBoost,3,0,0.07859340310096741,0
7012,SPT24741,1224-PF-VN-ROSANAS-URGELL,Vietnam,ExtendedStrict,XGBoost,3,0,0.06709147989749908,0
7013,SPT24755,1224-PF-VN-ROSANAS-URGELL,Vietnam,ExtendedStrict,XGBoost,3,1,0.23480379581451416,0
7014,SPT24756,1224-PF-VN-ROSANAS-URGELL,Vietnam,ExtendedStrict,XGBoost,3,1,0.2398841828107834,0
7015,SPT24758,1224-PF-VN-ROSANAS-URGELL,Vietnam,ExtendedStrict,XGBoost,3,1,0.1666223108768463,0
7016,SPT24760,1224-PF-VN-ROSANAS-URGELL,Vietnam,ExtendedStrict,XGBoost,3,1,0.4900926351547241,0
7017,SPT24763,1224-PF-VN-ROSANAS-URGELL,Vietnam,ExtendedStrict,XGBoost,3,0,0.6057692766189575,1
7018,SPT24766,1224-PF-VN-ROSANAS-URGELL,Vietnam,ExtendedStrict,XGBoost,3,1,0.08521803468465805,0
7019,SPT24771,1224-PF-VN-ROSANAS-URGELL,Vietnam,ExtendedStrict,XGBoost,3,0,0.056819383054971695,0
7020,SPT24772,1224-PF-VN-ROSANAS-URGELL,Vietnam,ExtendedStrict,XGBoost,3,0,0.027482440695166588,0
7021,SPT24773,1224-PF-VN-ROSANAS-URGELL,Vietnam,ExtendedStrict,XGBoost,3,1,0.46642163395881653,0
7022,SPT24774,1224-PF-VN-ROSANAS-URGELL,Vietnam,ExtendedStrict,XGBoost,3,1,0.03855694830417633,0
7023,SPT24781,1224-PF-VN-ROSANAS-URGELL,Vietnam,ExtendedStrict,XGBoost,3,0,0.01536788884550333,0
7024,SPT24782,1224-PF-VN-ROSANAS-URGELL,Vietnam,ExtendedStrict,XGBoost,3,1,0.07852844148874283,0
7025,SPT24785,1224-PF-VN-ROSANAS-URGELL,Vietnam,ExtendedStrict,XGBoost,3,1,0.02071240358054638,0
7026,SPT24786,1224-PF-VN-ROSANAS-URGELL,Vietnam,ExtendedStrict,XGBoost,3,1,0.3301541805267334,0
7027,SPT24787,1224-PF-VN-ROSANAS-URGELL,Vietnam,ExtendedStrict,XGBoost,3,0,0.27268186211586,0
7028,SPT24789,1224-PF-VN-ROSANAS-URGELL,Vietnam,ExtendedStrict,XGBoost,3,1,0.025310201570391655,0
7029,SPT24792,1224-PF-VN-ROSANAS-URGELL,Vietnam,ExtendedStrict,XGBoost,3,0,0.18779298663139343,0
7030,SPT24796,1224-PF-VN-ROSANAS-URGELL,Vietnam,ExtendedStrict,XGBoost,3,0,0.23087650537490845,0
7031,SPT24814,1224-PF-VN-ROSANAS-URGELL,Vietnam,ExtendedStrict,XGBoost,3,1,0.980841875076294,1
7032,SPT24826,1224-PF-VN-ROSANAS-URGELL,Vietnam,ExtendedStrict,XGBoost,3,0,0.04804273322224617,0
7033,SPT24861,1224-PF-VN-ROSANAS-URGELL,Vietnam,ExtendedStrict,XGBoost,3,0,0.012267433106899261,0
7034,SPT24899,1224-PF-VN-ROSANAS-URGELL,Vietnam,ExtendedStrict,XGBoost,3,0,0.010467534884810448,0
7035,SPT25104,1224-PF-VN-ROSANAS-URGELL,Vietnam,ExtendedStrict,XGBoost,3,0,0.0075345407240092754,0
7036,SPT25106,1224-PF-VN-ROSANAS-URGELL,Vietnam,ExtendedStrict,XGBoost,3,1,0.33660444617271423,0
7037,SPT25108,1224-PF-VN-ROSANAS-URGELL,Vietnam,ExtendedStrict,XGBoost,3,0,0.05338549613952637,0
7038,SPT25109,1224-PF-VN-ROSANAS-URGELL,Vietnam,ExtendedStrict,XGBoost,3,1,0.13337983191013336,0
7039,SPT25110,1224-PF-VN-ROSANAS-URGELL,Vietnam,ExtendedStrict,XGBoost,3,1,0.13609445095062256,0
7040,SPT25111,1224-PF-VN-ROSANAS-URGELL,Vietnam,ExtendedStrict,XGBoost,3,1,0.2434409260749817,0
7041,SPT25112,1224-PF-VN-ROSANAS-URGELL,Vietnam,ExtendedStrict,XGBoost,3,1,0.29112690687179565,0
7042,SPT25114,1224-PF-VN-ROSANAS-URGELL,Vietnam,ExtendedStrict,XGBoost,3,1,0.3133853077888489,0
7043,SPT25115,1224-PF-VN-ROSANAS-URGELL,Vietnam,ExtendedStrict,XGBoost,3,1,0.3307804465293884,0
7044,SPT25116,1224-PF-VN-ROSANAS-URGELL,Vietnam,ExtendedStrict,XGBoost,3,0,0.016491586342453957,0
7045,SPT25120,1224-PF-VN-ROSANAS-URGELL,Vietnam,ExtendedStrict,XGBoost,3,1,0.35558804869651794,0
7046,SPT25121,1224-PF-VN-ROSANAS-URGELL,Vietnam,ExtendedStrict,XGBoost,3,1,0.20590198040008545,0
7047,SPT25122,1224-PF-VN-ROSANAS-URGELL,Vietnam,ExtendedStrict,XGBoost,3,1,0.35585927963256836,0
7048,SPT25123,1224-PF-VN-ROSANAS-URGELL,Vietnam,ExtendedStrict,XGBoost,3,1,0.24729441106319427,0
7049,SPT25124,1224-PF-VN-ROSANAS-URGELL,Vietnam,ExtendedStrict,XGBoost,3,1,0.17309346795082092,0
7050,SPT25125,1224-PF-VN-ROSANAS-URGELL,Vietnam,ExtendedStrict,XGBoost,3,1,0.19530430436134338,0
7051,SPT25126,1224-PF-VN-ROSANAS-URGELL,Vietnam,ExtendedStrict,XGBoost,3,1,0.015122323296964169,0
7052,SPT25127,1224-PF-VN-ROSANAS-URGELL,Vietnam,ExtendedStrict,XGBoost,3,1,0.12424518913030624,0
7053,SPT25128,1224-PF-VN-ROSANAS-URGELL,Vietnam,ExtendedStrict,XGBoost,3,1,0.20406848192214966,0
7054,SPT25129,1224-PF-VN-ROSANAS-URGELL,Vietnam,ExtendedStrict,XGBoost,3,1,0.24747352302074432,0
7055,SPT25130,1224-PF-VN-ROSANAS-URGELL,Vietnam,ExtendedStrict,XGBoost,3,1,0.17802958190441132,0
7056,SPT25132,1224-PF-VN-ROSANAS-URGELL,Vietnam,ExtendedStrict,XGBoost,3,1,0.3076804578304291,0
7057,SPT25133,1224-PF-VN-ROSANAS-URGELL,Vietnam,ExtendedStrict,XGBoost,3,1,0.29112690687179565,0
7058,SPT25135,1224-PF-VN-ROSANAS-URGELL,Vietnam,ExtendedStrict,XGBoost,3,1,0.3500232994556427,0
7059,SPT25138,1224-PF-VN-ROSANAS-URGELL,Vietnam,ExtendedStrict,XGBoost,3,1,0.1954859346151352,0
7060,SPT25139,1224-PF-VN-ROSANAS-URGELL,Vietnam,ExtendedStrict,XGBoost,3,0,0.7483550310134888,1
7061,SPT25144,1224-PF-VN-ROSANAS-URGELL,Vietnam,ExtendedStrict,XGBoost,3,1,0.08130940794944763,0
7062,SPT25145,1224-PF-VN-ROSANAS-URGELL,Vietnam,ExtendedStrict,XGBoost,3,1,0.3234376907348633,0
7063,SPT25147,1224-PF-VN-ROSANAS-URGELL,Vietnam,ExtendedStrict,XGBoost,3,0,0.7674055695533752,1
7064,SPT25151,1224-PF-VN-ROSANAS-URGELL,Vietnam,ExtendedStrict,XGBoost,3,0,0.796021044254303,1
7065,SPT25157,1224-PF-VN-ROSANAS-URGELL,Vietnam,ExtendedStrict,XGBoost,3,1,0.3307804465293884,0
7066,SPT25158,1224-PF-VN-ROSANAS-URGELL,Vietnam,ExtendedStrict,XGBoost,3,1,0.08628754317760468,0
7067,SPT25159,1224-PF-VN-ROSANAS-URGELL,Vietnam,ExtendedStrict,XGBoost,3,0,0.0071936072781682014,0
7068,SPT25160,1224-PF-VN-ROSANAS-URGELL,Vietnam,ExtendedStrict,XGBoost,3,1,0.35558804869651794,0
7069,SPT25162,1224-PF-VN-ROSANAS-URGELL,Vietnam,ExtendedStrict,XGBoost,3,1,0.08130940794944763,0
112,PD0459-Cx,1052-PF-TRAC-WHITE,Thailand,ExtendedStrict,XGBoost,4,1,0.6500815153121948,1
113,PD0460-C,1052-PF-TRAC-WHITE,Thailand,ExtendedStrict,XGBoost,4,0,0.3473037779331207,0
114,PD0461-C,1052-PF-TRAC-WHITE,Thailand,ExtendedStrict,XGBoost,4,0,0.5219479203224182,1
115,PD0462-C,1052-PF-TRAC-WHITE,Thailand,ExtendedStrict,XGBoost,4,1,0.6414682269096375,1
116,PD0467-C,1052-PF-TRAC-WHITE,Thailand,ExtendedStrict,XGBoost,4,0,0.626952588558197,1
117,PD0469-C,1052-PF-TRAC-WHITE,Thailand,ExtendedStrict,XGBoost,4,0,0.29435259103775024,0
118,PD0470-C,1052-PF-TRAC-WHITE,Thailand,ExtendedStrict,XGBoost,4,1,0.6330124139785767,1
119,PD0471-C,1052-PF-TRAC-WHITE,Thailand,ExtendedStrict,XGBoost,4,1,0.6161789894104004,1
120,PD0472-C,1052-PF-TRAC-WHITE,Thailand,ExtendedStrict,XGBoost,4,0,0.6287735104560852,1
121,PD0473-C,1052-PF-TRAC-WHITE,Thailand,ExtendedStrict,XGBoost,4,1,0.5012598633766174,1
122,PD0474-C,1052-PF-TRAC-WHITE,Thailand,ExtendedStrict,XGBoost,4,0,0.5867526531219482,1
123,PD0475-C,1052-PF-TRAC-WHITE,Thailand,ExtendedStrict,XGBoost,4,0,0.5012598633766174,1
124,PD0476-C,1052-PF-TRAC-WHITE,Thailand,ExtendedStrict,XGBoost,4,0,0.6254721283912659,1
125,PD0477-C,1052-PF-TRAC-WHITE,Thailand,ExtendedStrict,XGBoost,4,1,0.6254721283912659,1
126,PD0478-C,1052-PF-TRAC-WHITE,Thailand,ExtendedStrict,XGBoost,4,1,0.4613654911518097,0
127,PD0480-C,1052-PF-TRAC-WHITE,Thailand,ExtendedStrict,XGBoost,4,1,0.5867526531219482,1
128,PD0481-C,1052-PF-TRAC-WHITE,Thailand,ExtendedStrict,XGBoost,4,1,0.7140694260597229,1
129,PD0483-C,1052-PF-TRAC-WHITE,Thailand,ExtendedStrict,XGBoost,4,0,0.7140694260597229,1
130,PD0487-C,1052-PF-TRAC-WHITE,Thailand,ExtendedStrict,XGBoost,4,1,0.6087710857391357,1
131,PD0488-C,1052-PF-TRAC-WHITE,Thailand,ExtendedStrict,XGBoost,4,0,0.6087710857391357,1
132,PD0489-C,1052-PF-TRAC-WHITE,Thailand,ExtendedStrict,XGBoost,4,0,0.30767735838890076,0
133,PD0490-C,1052-PF-TRAC-WHITE,Thailand,ExtendedStrict,XGBoost,4,0,0.6753078699111938,1
134,PD0491-C,1052-PF-TRAC-WHITE,Thailand,ExtendedStrict,XGBoost,4,1,0.36937472224235535,0
135,PD0493-C,1052-PF-TRAC-WHITE,Thailand,ExtendedStrict,XGBoost,4,0,0.30832675099372864,0
136,PD0494-C,1052-PF-TRAC-WHITE,Thailand,ExtendedStrict,XGBoost,4,0,0.7316982746124268,1
137,PD0495-C,1052-PF-TRAC-WHITE,Thailand,ExtendedStrict,XGBoost,4,1,0.5907806158065796,1
138,PD0496-C,1052-PF-TRAC-WHITE,Thailand,ExtendedStrict,XGBoost,4,1,0.7316982746124268,1
139,PD0497-C,1052-PF-TRAC-WHITE,Thailand,ExtendedStrict,XGBoost,4,1,0.4061471223831177,0
140,PD0498-C,1052-PF-TRAC-WHITE,Thailand,ExtendedStrict,XGBoost,4,1,0.7665647268295288,1
141,PD0499-C,1052-PF-TRAC-WHITE,Thailand,ExtendedStrict,XGBoost,4,1,0.750591516494751,1
142,PD0500-C,1052-PF-TRAC-WHITE,Thailand,ExtendedStrict,XGBoost,4,1,0.9744249582290649,1
143,PD0501-C,1052-PF-TRAC-WHITE,Thailand,ExtendedStrict,XGBoost,4,1,0.9744249582290649,1
144,PD0502-C,1052-PF-TRAC-WHITE,Thailand,ExtendedStrict,XGBoost,4,1,0.7665647268295288,1
145,PD0503-C,1052-PF-TRAC-WHITE,Thailand,ExtendedStrict,XGBoost,4,1,0.7401987314224243,1
146,PD0504-C,1052-PF-TRAC-WHITE,Thailand,ExtendedStrict,XGBoost,4,1,0.6161789894104004,1
147,PD0505-C,1052-PF-TRAC-WHITE,Thailand,ExtendedStrict,XGBoost,4,1,0.6161789894104004,1
148,PD0506-C,1052-PF-TRAC-WHITE,Thailand,ExtendedStrict,XGBoost,4,1,0.6161789894104004,1
149,PD0507-C,1052-PF-TRAC-WHITE,Thailand,ExtendedStrict,XGBoost,4,0,0.5216308236122131,1
150,PD0508-C,1052-PF-TRAC-WHITE,Thailand,ExtendedStrict,XGBoost,4,1,0.6070043444633484,1
151,PD0509-Cx2,1052-PF-TRAC-WHITE,Thailand,ExtendedStrict,XGBoost,4,1,0.6161789894104004,1
152,PD0510-C,1052-PF-TRAC-WHITE,Thailand,ExtendedStrict,XGBoost,4,1,0.49649670720100403,0
153,PD0511-C,1052-PF-TRAC-WHITE,Thailand,ExtendedStrict,XGBoost,4,0,0.6287735104560852,1
154,PD0512-C,1052-PF-TRAC-WHITE,Thailand,ExtendedStrict,XGBoost,4,1,0.6498907804489136,1
155,PD0513-C,1052-PF-TRAC-WHITE,Thailand,ExtendedStrict,XGBoost,4,1,0.5221801996231079,1
156,PD0514-C,1052-PF-TRAC-WHITE,Thailand,ExtendedStrict,XGBoost,4,1,0.7044528722763062,1
157,PD0515-C,1052-PF-TRAC-WHITE,Thailand,ExtendedStrict,XGBoost,4,1,0.4329323172569275,0
158,PD0516-C,1052-PF-TRAC-WHITE,Thailand,ExtendedStrict,XGBoost,4,1,0.711178183555603,1
159,PD0518-C,1052-PF-TRAC-WHITE,Thailand,ExtendedStrict,XGBoost,4,1,0.7140694260597229,1
160,PD0520-C,1052-PF-TRAC-WHITE,Thailand,ExtendedStrict,XGBoost,4,1,0.7289175987243652,1
161,PD0521-C,1052-PF-TRAC-WHITE,Thailand,ExtendedStrict,XGBoost,4,1,0.6422243118286133,1
162,PD0522-C,1052-PF-TRAC-WHITE,Thailand,ExtendedStrict,XGBoost,4,1,0.7704063653945923,1
163,PD0523-C,1052-PF-TRAC-WHITE,Thailand,ExtendedStrict,XGBoost,4,1,0.6422243118286133,1
164,PD0524-C,1052-PF-TRAC-WHITE,Thailand,ExtendedStrict,XGBoost,4,0,0.46630963683128357,0
165,PD0525-C,1052-PF-TRAC-WHITE,Thailand,ExtendedStrict,XGBoost,4,1,0.7446339726448059,1
166,PD0527-C,1052-PF-TRAC-WHITE,Thailand,ExtendedStrict,XGBoost,4,1,0.7140694260597229,1
167,PD0528-C,1052-PF-TRAC-WHITE,Thailand,ExtendedStrict,XGBoost,4,1,0.7172136902809143,1
168,PD0529-C,1052-PF-TRAC-WHITE,Thailand,ExtendedStrict,XGBoost,4,1,0.7140694260597229,1
169,PD0530-C,1052-PF-TRAC-WHITE,Thailand,ExtendedStrict,XGBoost,4,1,0.6087710857391357,1
170,PD0531-C,1052-PF-TRAC-WHITE,Thailand,ExtendedStrict,XGBoost,4,1,0.5221976041793823,1
171,PD0532-C,1052-PF-TRAC-WHITE,Thailand,ExtendedStrict,XGBoost,4,0,0.6733534336090088,1
172,PD0533-C,1052-PF-TRAC-WHITE,Thailand,ExtendedStrict,XGBoost,4,1,0.7140694260597229,1
173,PD0534-C,1052-PF-TRAC-WHITE,Thailand,ExtendedStrict,XGBoost,4,1,0.5221976041793823,1
174,PD0535-C,1052-PF-TRAC-WHITE,Thailand,ExtendedStrict,XGBoost,4,1,0.7316982746124268,1
175,PD0536-C,1052-PF-TRAC-WHITE,Thailand,ExtendedStrict,XGBoost,4,0,0.4559166729450226,0
176,PD0537-C,1052-PF-TRAC-WHITE,Thailand,ExtendedStrict,XGBoost,4,1,0.5221976041793823,1
177,PD0538-C,1052-PF-TRAC-WHITE,Thailand,ExtendedStrict,XGBoost,4,1,0.5606448650360107,1
178,PD0539-C,1052-PF-TRAC-WHITE,Thailand,ExtendedStrict,XGBoost,4,1,0.6054034233093262,1
179,PD0540-C,1052-PF-TRAC-WHITE,Thailand,ExtendedStrict,XGBoost,4,1,0.5606448650360107,1
180,PD0541-C,1052-PF-TRAC-WHITE,Thailand,ExtendedStrict,XGBoost,4,0,0.5643922090530396,1
181,PD0543-C,1052-PF-TRAC-WHITE,Thailand,ExtendedStrict,XGBoost,4,0,0.7191087603569031,1
182,PD0544-C,1052-PF-TRAC-WHITE,Thailand,ExtendedStrict,XGBoost,4,0,0.6087710857391357,1
183,PD0545-C,1052-PF-TRAC-WHITE,Thailand,ExtendedStrict,XGBoost,4,1,0.5606448650360107,1
184,PD0546-C,1052-PF-TRAC-WHITE,Thailand,ExtendedStrict,XGBoost,4,1,0.7140694260597229,1
185,PD0547-C,1052-PF-TRAC-WHITE,Thailand,ExtendedStrict,XGBoost,4,1,0.6087710857391357,1
186,PD0548-C,1052-PF-TRAC-WHITE,Thailand,ExtendedStrict,XGBoost,4,1,0.6543810963630676,1
187,PD0549-C,1052-PF-TRAC-WHITE,Thailand,ExtendedStrict,XGBoost,4,1,0.7140694260597229,1
188,PD0550-C,1052-PF-TRAC-WHITE,Thailand,ExtendedStrict,XGBoost,4,0,0.6209214925765991,1
189,PD0552-C,1052-PF-TRAC-WHITE,Thailand,ExtendedStrict,XGBoost,4,1,0.6287735104560852,1
190,PD0553-C,1052-PF-TRAC-WHITE,Thailand,ExtendedStrict,XGBoost,4,1,0.7140694260597229,1
191,PD0554-C,1052-PF-TRAC-WHITE,Thailand,ExtendedStrict,XGBoost,4,1,0.4359006881713867,0
192,PD0556-C,1052-PF-TRAC-WHITE,Thailand,ExtendedStrict,XGBoost,4,1,0.7140694260597229,1
193,PD0557-C,1052-PF-TRAC-WHITE,Thailand,ExtendedStrict,XGBoost,4,1,0.6436014771461487,1
194,PD0558-C,1052-PF-TRAC-WHITE,Thailand,ExtendedStrict,XGBoost,4,1,0.7140694260597229,1
195,PD0559-C,1052-PF-TRAC-WHITE,Thailand,ExtendedStrict,XGBoost,4,1,0.622912585735321,1
196,PD0561-C,1052-PF-TRAC-WHITE,Thailand,ExtendedStrict,XGBoost,4,0,0.6002011299133301,1
197,PD0562-C,1052-PF-TRAC-WHITE,Thailand,ExtendedStrict,XGBoost,4,1,0.5606448650360107,1
198,PD0563-C,1052-PF-TRAC-WHITE,Thailand,ExtendedStrict,XGBoost,4,1,0.7140694260597229,1
199,PD0564-C,1052-PF-TRAC-WHITE,Thailand,ExtendedStrict,XGBoost,4,1,0.7140694260597229,1
200,PD0565-C,1052-PF-TRAC-WHITE,Thailand,ExtendedStrict,XGBoost,4,1,0.7140694260597229,1
201,PD0567-C,1052-PF-TRAC-WHITE,Thailand,ExtendedStrict,XGBoost,4,0,0.6436014771461487,1
202,PD0569-C,1052-PF-TRAC-WHITE,Thailand,ExtendedStrict,XGBoost,4,1,0.7140694260597229,1
203,PD0570-C,1052-PF-TRAC-WHITE,Thailand,ExtendedStrict,XGBoost,4,1,0.7446339726448059,1
204,PD0571-C,1052-PF-TRAC-WHITE,Thailand,ExtendedStrict,XGBoost,4,1,0.6054034233093262,1
205,PD0572-C,1052-PF-TRAC-WHITE,Thailand,ExtendedStrict,XGBoost,4,1,0.6974437236785889,1
206,PD0573-C,1052-PF-TRAC-WHITE,Thailand,ExtendedStrict,XGBoost,4,1,0.7263007164001465,1
207,PD0574-C,1052-PF-TRAC-WHITE,Thailand,ExtendedStrict,XGBoost,4,0,0.6568979024887085,1
208,PD0575-C,1052-PF-TRAC-WHITE,Thailand,ExtendedStrict,XGBoost,4,1,0.785148561000824,1
209,PD0576-C,1052-PF-TRAC-WHITE,Thailand,ExtendedStrict,XGBoost,4,1,0.6727457642555237,1
210,PD0578-C,1052-PF-TRAC-WHITE,Thailand,ExtendedStrict,XGBoost,4,1,0.7045168876647949,1
211,PD0579-C,1052-PF-TRAC-WHITE,Thailand,ExtendedStrict,XGBoost,4,1,0.7045168876647949,1
212,PD0580-C,1052-PF-TRAC-WHITE,Thailand,ExtendedStrict,XGBoost,4,1,0.785148561000824,1
213,PD0581-C,1052-PF-TRAC-WHITE,Thailand,ExtendedStrict,XGBoost,4,1,0.6580992937088013,1
214,PD0582-C,1052-PF-TRAC-WHITE,Thailand,ExtendedStrict,XGBoost,4,0,0.6422243118286133,1
215,PD0583-C,1052-PF-TRAC-WHITE,Thailand,ExtendedStrict,XGBoost,4,1,0.6054034233093262,1
216,PD0584-C,1052-PF-TRAC-WHITE,Thailand,ExtendedStrict,XGBoost,4,1,0.6054034233093262,1
217,PD0585-C,1052-PF-TRAC-WHITE,Thailand,ExtendedStrict,XGBoost,4,0,0.44153013825416565,0
218,PD0586-C,1052-PF-TRAC-WHITE,Thailand,ExtendedStrict,XGBoost,4,0,0.6422243118286133,1
219,PD0587-C,1052-PF-TRAC-WHITE,Thailand,ExtendedStrict,XGBoost,4,1,0.6054034233093262,1
220,PD0589-C,1052-PF-TRAC-WHITE,Thailand,ExtendedStrict,XGBoost,4,0,0.1866157203912735,0
221,PD0590-C,1052-PF-TRAC-WHITE,Thailand,ExtendedStrict,XGBoost,4,1,0.6580992937088013,1
222,PD0591-C,1052-PF-TRAC-WHITE,Thailand,ExtendedStrict,XGBoost,4,1,0.6698102951049805,1
223,PD0626-C,1052-PF-TRAC-WHITE,Thailand,ExtendedStrict,XGBoost,4,0,0.5221801996231079,1
224,PD0627-C,1052-PF-TRAC-WHITE,Thailand,ExtendedStrict,XGBoost,4,1,0.4853549003601074,0
225,PD0629-C,1052-PF-TRAC-WHITE,Thailand,ExtendedStrict,XGBoost,4,1,0.5867526531219482,1
226,PD0630-C,1052-PF-TRAC-WHITE,Thailand,ExtendedStrict,XGBoost,4,0,0.5221801996231079,1
227,PD0632-C,1052-PF-TRAC-WHITE,Thailand,ExtendedStrict,XGBoost,4,0,0.6087710857391357,1
228,PD0635-C,1052-PF-TRAC-WHITE,Thailand,ExtendedStrict,XGBoost,4,1,0.6713229417800903,1
229,PD0636-C,1052-PF-TRAC-WHITE,Thailand,ExtendedStrict,XGBoost,4,1,0.6378896832466125,1
230,PD0637-C,1052-PF-TRAC-WHITE,Thailand,ExtendedStrict,XGBoost,4,0,0.2723390758037567,0
231,PD0638-C,1052-PF-TRAC-WHITE,Thailand,ExtendedStrict,XGBoost,4,0,0.5370075702667236,1
232,PD0648-C,1052-PF-TRAC-WHITE,Thailand,ExtendedStrict,XGBoost,4,1,0.6161789894104004,1
233,PD0651-C,1052-PF-TRAC-WHITE,Thailand,ExtendedStrict,XGBoost,4,1,0.9796205163002014,1
234,PD0658-C,1052-PF-TRAC-WHITE,Thailand,ExtendedStrict,XGBoost,4,1,0.804218590259552,1
235,PD0659-C,1052-PF-TRAC-WHITE,Thailand,ExtendedStrict,XGBoost,4,1,0.804218590259552,1
236,PD0662-C,1052-PF-TRAC-WHITE,Thailand,ExtendedStrict,XGBoost,4,1,0.6796043515205383,1
237,PD0663-C,1052-PF-TRAC-WHITE,Thailand,ExtendedStrict,XGBoost,4,1,0.8062891960144043,1
238,PD0664-C,1052-PF-TRAC-WHITE,Thailand,ExtendedStrict,XGBoost,4,1,0.6796043515205383,1
239,PD0668-C,1052-PF-TRAC-WHITE,Thailand,ExtendedStrict,XGBoost,4,1,0.804218590259552,1
240,PD0670-C,1052-PF-TRAC-WHITE,Thailand,ExtendedStrict,XGBoost,4,1,0.6796043515205383,1
852,PH0002-C,1011-PF-KH-SU,Cambodia,ExtendedStrict,XGBoost,4,1,0.10604561865329742,0
853,PH0003-C,1011-PF-KH-SU,Cambodia,ExtendedStrict,XGBoost,4,0,0.12268627434968948,0
854,PH0004-C,1011-PF-KH-SU,Cambodia,ExtendedStrict,XGBoost,4,0,0.1610085368156433,0
855,PH0005-C,1011-PF-KH-SU,Cambodia,ExtendedStrict,XGBoost,4,1,0.056184425950050354,0
856,PH0006-C,1011-PF-KH-SU,Cambodia,ExtendedStrict,XGBoost,4,1,0.1254451721906662,0
857,PH0007-C,1011-PF-KH-SU,Cambodia,ExtendedStrict,XGBoost,4,0,0.1501138061285019,0
858,PH0008-C,1011-PF-KH-SU,Cambodia,ExtendedStrict,XGBoost,4,1,0.06968915462493896,0
859,PH0010-C,1011-PF-KH-SU,Cambodia,ExtendedStrict,XGBoost,4,0,0.08945512771606445,0
860,PH0011-C,1011-PF-KH-SU,Cambodia,ExtendedStrict,XGBoost,4,1,0.10159771889448166,0
861,PH0012-C,1011-PF-KH-SU,Cambodia,ExtendedStrict,XGBoost,4,0,0.09095508605241776,0
862,PH0013-C,1011-PF-KH-SU,Cambodia,ExtendedStrict,XGBoost,4,0,0.1954512894153595,0
863,PH0014-C,1011-PF-KH-SU,Cambodia,ExtendedStrict,XGBoost,4,0,0.04830959066748619,0
864,PH0015-C,1011-PF-KH-SU,Cambodia,ExtendedStrict,XGBoost,4,0,0.07663140445947647,0
865,PH0016-C,1011-PF-KH-SU,Cambodia,ExtendedStrict,XGBoost,4,0,0.1807231456041336,0
866,PH0017-C,1011-PF-KH-SU,Cambodia,ExtendedStrict,XGBoost,4,0,0.15729889273643494,0
867,PH0018-C,1011-PF-KH-SU,Cambodia,ExtendedStrict,XGBoost,4,0,0.12418173253536224,0
868,PH0019-C,1011-PF-KH-SU,Cambodia,ExtendedStrict,XGBoost,4,0,0.03513353690505028,0
869,PH0020-C,1011-PF-KH-SU,Cambodia,ExtendedStrict,XGBoost,4,0,0.09796322137117386,0
870,PH0021-C,1012-PF-KH-WHITE,Cambodia,ExtendedStrict,XGBoost,4,0,0.06704283505678177,0
871,PH0022-C,1012-PF-KH-WHITE,Cambodia,ExtendedStrict,XGBoost,4,1,0.1391482651233673,0
872,PH0023-C,1011-PF-KH-SU,Cambodia,ExtendedStrict,XGBoost,4,0,0.2907196581363678,0
873,PH0024-C,1011-PF-KH-SU,Cambodia,ExtendedStrict,XGBoost,4,1,0.08664301037788391,0
874,PH0026-C,1011-PF-KH-SU,Cambodia,ExtendedStrict,XGBoost,4,1,0.056184425950050354,0
875,PH0027-Cx,1011-PF-KH-SU,Cambodia,ExtendedStrict,XGBoost,4,1,0.10604561865329742,0
876,PH0028-Cx,1011-PF-KH-SU,Cambodia,ExtendedStrict,XGBoost,4,1,0.1331997513771057,0
877,PH0031-Cx,1011-PF-KH-SU,Cambodia,ExtendedStrict,XGBoost,4,1,0.07831093668937683,0
878,PH0042-C,1011-PF-KH-SU,Cambodia,ExtendedStrict,XGBoost,4,0,0.04113908112049103,0
879,PH0043-C,1012-PF-KH-WHITE,Cambodia,ExtendedStrict,XGBoost,4,1,0.22806638479232788,0
1148,PH0502-C,1052-PF-TRAC-WHITE,Cambodia,ExtendedStrict,XGBoost,4,0,0.09817150235176086,0
1149,PH0503-C,1052-PF-TRAC-WHITE,Cambodia,ExtendedStrict,XGBoost,4,1,0.5240054726600647,1
1150,PH0505-C,1052-PF-TRAC-WHITE,Cambodia,ExtendedStrict,XGBoost,4,0,0.021551743149757385,0
1151,PH0506-C,1052-PF-TRAC-WHITE,Cambodia,ExtendedStrict,XGBoost,4,0,0.05399957299232483,0
1152,PH0507-C,1052-PF-TRAC-WHITE,Cambodia,ExtendedStrict,XGBoost,4,0,0.06030780449509621,0
1153,PH0508-C,1052-PF-TRAC-WHITE,Cambodia,ExtendedStrict,XGBoost,4,0,0.039166439324617386,0
1154,PH0510-C,1052-PF-TRAC-WHITE,Cambodia,ExtendedStrict,XGBoost,4,0,0.08644111454486847,0
1155,PH0511-C,1052-PF-TRAC-WHITE,Cambodia,ExtendedStrict,XGBoost,4,0,0.0460088737308979,0
1156,PH0513-C,1052-PF-TRAC-WHITE,Cambodia,ExtendedStrict,XGBoost,4,0,0.2026621550321579,0
1157,PH0514-C,1052-PF-TRAC-WHITE,Cambodia,ExtendedStrict,XGBoost,4,1,0.37647080421447754,0
1158,PH0515-C,1052-PF-TRAC-WHITE,Cambodia,ExtendedStrict,XGBoost,4,1,0.738663911819458,1
1159,PH0516-C,1052-PF-TRAC-WHITE,Cambodia,ExtendedStrict,XGBoost,4,1,0.6480037569999695,1
1160,PH0517-C,1052-PF-TRAC-WHITE,Cambodia,ExtendedStrict,XGBoost,4,0,0.1005207747220993,0
1161,PH0518-C,1052-PF-TRAC-WHITE,Cambodia,ExtendedStrict,XGBoost,4,0,0.6389756798744202,1
1162,PH0519-C,1052-PF-TRAC-WHITE,Cambodia,ExtendedStrict,XGBoost,4,0,0.8550246357917786,1
1163,PH0520-C,1052-PF-TRAC-WHITE,Cambodia,ExtendedStrict,XGBoost,4,1,0.6389756798744202,1
1164,PH0521-C,1052-PF-TRAC-WHITE,Cambodia,ExtendedStrict,XGBoost,4,0,0.8550246357917786,1
1165,PH0522-C,1052-PF-TRAC-WHITE,Cambodia,ExtendedStrict,XGBoost,4,0,0.5382235050201416,1
1166,PH0523-C,1052-PF-TRAC-WHITE,Cambodia,ExtendedStrict,XGBoost,4,1,0.738663911819458,1
1167,PH0524-C,1052-PF-TRAC-WHITE,Cambodia,ExtendedStrict,XGBoost,4,0,0.034370966255664825,0
1168,PH0525-C,1052-PF-TRAC-WHITE,Cambodia,ExtendedStrict,XGBoost,4,1,0.5429180860519409,1
1169,PH0526-C,1052-PF-TRAC-WHITE,Cambodia,ExtendedStrict,XGBoost,4,0,0.87430340051651,1
1170,PH0527-C,1052-PF-TRAC-WHITE,Cambodia,ExtendedStrict,XGBoost,4,1,0.9863994121551514,1
1171,PH0528-C,1052-PF-TRAC-WHITE,Cambodia,ExtendedStrict,XGBoost,4,1,0.640312910079956,1
1172,PH0529-C,1052-PF-TRAC-WHITE,Cambodia,ExtendedStrict,XGBoost,4,1,0.7956873774528503,1
1173,PH0530-C,1052-PF-TRAC-WHITE,Cambodia,ExtendedStrict,XGBoost,4,1,0.7512534260749817,1
1174,PH0531-C,1052-PF-TRAC-WHITE,Cambodia,ExtendedStrict,XGBoost,4,1,0.6447953581809998,1
1175,PH0532-C,1052-PF-TRAC-WHITE,Cambodia,ExtendedStrict,XGBoost,4,1,0.768919050693512,1
1176,PH0533-C,1052-PF-TRAC-WHITE,Cambodia,ExtendedStrict,XGBoost,4,1,0.9893283247947693,1
1177,PH0534-C,1052-PF-TRAC-WHITE,Cambodia,ExtendedStrict,XGBoost,4,1,0.6783627271652222,1
1178,PH0535-C,1052-PF-TRAC-WHITE,Cambodia,ExtendedStrict,XGBoost,4,1,0.768919050693512,1
1179,PH0536-C,1052-PF-TRAC-WHITE,Cambodia,ExtendedStrict,XGBoost,4,1,0.9613088369369507,1
1180,PH0537-C,1052-PF-TRAC-WHITE,Cambodia,ExtendedStrict,XGBoost,4,1,0.7665647268295288,1
1181,PH0538-C,1052-PF-TRAC-WHITE,Cambodia,ExtendedStrict,XGBoost,4,1,0.6875600814819336,1
1182,PH0539-C,1052-PF-TRAC-WHITE,Cambodia,ExtendedStrict,XGBoost,4,1,0.9873465895652771,1
1183,PH0540-C,1052-PF-TRAC-WHITE,Cambodia,ExtendedStrict,XGBoost,4,1,0.9893283247947693,1
1184,PH0541-C,1052-PF-TRAC-WHITE,Cambodia,ExtendedStrict,XGBoost,4,1,0.9547029137611389,1
1185,PH0542-C,1052-PF-TRAC-WHITE,Cambodia,ExtendedStrict,XGBoost,4,0,0.9077391624450684,1
1186,PH0543-C,1052-PF-TRAC-WHITE,Cambodia,ExtendedStrict,XGBoost,4,1,0.989029049873352,1
1187,PH0544-C,1052-PF-TRAC-WHITE,Cambodia,ExtendedStrict,XGBoost,4,1,0.7956873774528503,1
1188,PH0545-C,1052-PF-TRAC-WHITE,Cambodia,ExtendedStrict,XGBoost,4,0,0.9342479705810547,1
1189,PH0546-C,1052-PF-TRAC-WHITE,Cambodia,ExtendedStrict,XGBoost,4,0,0.9281516671180725,1
1190,PH0547-C,1052-PF-TRAC-WHITE,Cambodia,ExtendedStrict,XGBoost,4,1,0.9620639681816101,1
1191,PH0548-C,1052-PF-TRAC-WHITE,Cambodia,ExtendedStrict,XGBoost,4,1,0.5446110367774963,1
1192,PH0549-C,1052-PF-TRAC-WHITE,Cambodia,ExtendedStrict,XGBoost,4,1,0.32375726103782654,0
1193,PH0551-C,1052-PF-TRAC-WHITE,Cambodia,ExtendedStrict,XGBoost,4,1,0.9252063035964966,1
1194,PH0552-C,1052-PF-TRAC-WHITE,Cambodia,ExtendedStrict,XGBoost,4,1,0.9873465895652771,1
1195,PH0553-C,1052-PF-TRAC-WHITE,Cambodia,ExtendedStrict,XGBoost,4,1,0.7309007048606873,1
1196,PH0554-C,1052-PF-TRAC-WHITE,Cambodia,ExtendedStrict,XGBoost,4,1,0.7334896922111511,1
1197,PH0555-C,1052-PF-TRAC-WHITE,Cambodia,ExtendedStrict,XGBoost,4,0,0.9873465895652771,1
1198,PH0556-C,1052-PF-TRAC-WHITE,Cambodia,ExtendedStrict,XGBoost,4,1,0.9341655969619751,1
1199,PH0557-C,1052-PF-TRAC-WHITE,Cambodia,ExtendedStrict,XGBoost,4,0,0.9342479705810547,1
1200,PH0558-C,1052-PF-TRAC-WHITE,Cambodia,ExtendedStrict,XGBoost,4,1,0.9632858037948608,1
1201,PH0559-C,1052-PF-TRAC-WHITE,Cambodia,ExtendedStrict,XGBoost,4,1,0.7334896922111511,1
1202,PH0560-C,1052-PF-TRAC-WHITE,Cambodia,ExtendedStrict,XGBoost,4,1,0.7855214476585388,1
1203,PH0561-C,1052-PF-TRAC-WHITE,Cambodia,ExtendedStrict,XGBoost,4,1,0.9609974026679993,1
1204,PH0562-C,1052-PF-TRAC-WHITE,Cambodia,ExtendedStrict,XGBoost,4,1,0.955877959728241,1
1205,PH0563-C,1052-PF-TRAC-WHITE,Cambodia,ExtendedStrict,XGBoost,4,1,0.9418357610702515,1
1206,PH0564-C,1052-PF-TRAC-WHITE,Cambodia,ExtendedStrict,XGBoost,4,0,0.890130341053009,1
1207,PH0565-C,1052-PF-TRAC-WHITE,Cambodia,ExtendedStrict,XGBoost,4,1,0.986992359161377,1
1208,PH0566-C,1052-PF-TRAC-WHITE,Cambodia,ExtendedStrict,XGBoost,4,1,0.9543513655662537,1
1209,PH0568-C,1052-PF-TRAC-WHITE,Cambodia,ExtendedStrict,XGBoost,4,1,0.8574966788291931,1
1210,PH0569-C,1052-PF-TRAC-WHITE,Cambodia,ExtendedStrict,XGBoost,4,0,0.37647080421447754,0
1211,PH0570-C,1052-PF-TRAC-WHITE,Cambodia,ExtendedStrict,XGBoost,4,1,0.9888556599617004,1
1212,PH0571-C,1052-PF-TRAC-WHITE,Cambodia,ExtendedStrict,XGBoost,4,0,0.5972713232040405,1
1213,PH0572-C,1052-PF-TRAC-WHITE,Cambodia,ExtendedStrict,XGBoost,4,1,0.9642947316169739,1
1214,PH0574-C,1052-PF-TRAC-WHITE,Cambodia,ExtendedStrict,XGBoost,4,0,0.29152700304985046,0
1215,PH0576-C,1052-PF-TRAC-WHITE,Cambodia,ExtendedStrict,XGBoost,4,1,0.7195290923118591,1
1216,PH0578-C,1052-PF-TRAC-WHITE,Cambodia,ExtendedStrict,XGBoost,4,1,0.9873465895652771,1
1217,PH0579-C,1052-PF-TRAC-WHITE,Cambodia,ExtendedStrict,XGBoost,4,1,0.5904580354690552,1
1218,PH0582-C,1052-PF-TRAC-WHITE,Cambodia,ExtendedStrict,XGBoost,4,0,0.5827280282974243,1
1219,PH0583-C,1052-PF-TRAC-WHITE,Cambodia,ExtendedStrict,XGBoost,4,1,0.8761999607086182,1
1220,PH0584-C,1052-PF-TRAC-WHITE,Cambodia,ExtendedStrict,XGBoost,4,1,0.986992359161377,1
1221,PH0585-C,1052-PF-TRAC-WHITE,Cambodia,ExtendedStrict,XGBoost,4,0,0.3641212582588196,0
1222,PH0586-C,1052-PF-TRAC-WHITE,Cambodia,ExtendedStrict,XGBoost,4,1,0.5429180860519409,1
1223,PH0587-C,1052-PF-TRAC-WHITE,Cambodia,ExtendedStrict,XGBoost,4,1,0.5429180860519409,1
1224,PH0588-C,1052-PF-TRAC-WHITE,Cambodia,ExtendedStrict,XGBoost,4,0,0.04791370779275894,0
1225,PH0589-C,1052-PF-TRAC-WHITE,Cambodia,ExtendedStrict,XGBoost,4,0,0.05258616805076599,0
1226,PH0590-C,1052-PF-TRAC-WHITE,Cambodia,ExtendedStrict,XGBoost,4,0,0.07867541909217834,0
1227,PH0592-C,1052-PF-TRAC-WHITE,Cambodia,ExtendedStrict,XGBoost,4,0,0.4918787181377411,0
1228,PH0593-C,1052-PF-TRAC-WHITE,Cambodia,ExtendedStrict,XGBoost,4,0,0.5488835573196411,1
1229,PH0594-C,1052-PF-TRAC-WHITE,Cambodia,ExtendedStrict,XGBoost,4,0,0.18718986213207245,0
1230,PH0596-C,1052-PF-TRAC-WHITE,Cambodia,ExtendedStrict,XGBoost,4,1,0.5116133093833923,1
1231,PH0597-C,1052-PF-TRAC-WHITE,Cambodia,ExtendedStrict,XGBoost,4,0,0.2365533411502838,0
1232,PH0598-C,1052-PF-TRAC-WHITE,Cambodia,ExtendedStrict,XGBoost,4,0,0.033909332007169724,0
1233,PH0599-C,1052-PF-TRAC-WHITE,Cambodia,ExtendedStrict,XGBoost,4,0,0.30562305450439453,0
1234,PH0600-C,1052-PF-TRAC-WHITE,Cambodia,ExtendedStrict,XGBoost,4,0,0.30562305450439453,0
1235,PH0601-C,1052-PF-TRAC-WHITE,Cambodia,ExtendedStrict,XGBoost,4,0,0.6389756798744202,1
1236,PH0602-C,1052-PF-TRAC-WHITE,Cambodia,ExtendedStrict,XGBoost,4,1,0.37647080421447754,0
1237,PH0603-C,1052-PF-TRAC-WHITE,Cambodia,ExtendedStrict,XGBoost,4,0,0.036884259432554245,0
1238,PH0604-C,1052-PF-TRAC-WHITE,Cambodia,ExtendedStrict,XGBoost,4,0,0.3641212582588196,0
1239,PH0605-C,1052-PF-TRAC-WHITE,Cambodia,ExtendedStrict,XGBoost,4,0,0.6389756798744202,1
1240,PH0608-C,1052-PF-TRAC-WHITE,Cambodia,ExtendedStrict,XGBoost,4,0,0.2159389704465866,0
1241,PH0609-C,1052-PF-TRAC-WHITE,Cambodia,ExtendedStrict,XGBoost,4,0,0.32112640142440796,0
1242,PH0610-C,1052-PF-TRAC-WHITE,Cambodia,ExtendedStrict,XGBoost,4,0,0.30562305450439453,0
1243,PH0611-C,1052-PF-TRAC-WHITE,Cambodia,ExtendedStrict,XGBoost,4,1,0.5532165765762329,1
1244,PH0612-C,1052-PF-TRAC-WHITE,Cambodia,ExtendedStrict,XGBoost,4,0,0.44943031668663025,0
1245,PH0613-C,1052-PF-TRAC-WHITE,Cambodia,ExtendedStrict,XGBoost,4,0,0.22462399303913116,0
1246,PH0614-C,1052-PF-TRAC-WHITE,Cambodia,ExtendedStrict,XGBoost,4,0,0.052526503801345825,0
1247,PH0617-C,1052-PF-TRAC-WHITE,Cambodia,ExtendedStrict,XGBoost,4,0,0.05120306462049484,0
1248,PH0619-C,1052-PF-TRAC-WHITE,Cambodia,ExtendedStrict,XGBoost,4,0,0.09499228745698929,0
1249,PH0621-C,1052-PF-TRAC-WHITE,Cambodia,ExtendedStrict,XGBoost,4,0,0.0428144633769989,0
1250,PH0623-C,1052-PF-TRAC-WHITE,Cambodia,ExtendedStrict,XGBoost,4,0,0.13076511025428772,0
1251,PH0624-C,1052-PF-TRAC-WHITE,Cambodia,ExtendedStrict,XGBoost,4,0,0.060181889683008194,0
1252,PH0625-C,1052-PF-TRAC-WHITE,Cambodia,ExtendedStrict,XGBoost,4,0,0.0299088004976511,0
1253,PH0626-C,1052-PF-TRAC-WHITE,Cambodia,ExtendedStrict,XGBoost,4,0,0.1005207747220993,0
1254,PH0627-C,1052-PF-TRAC-WHITE,Cambodia,ExtendedStrict,XGBoost,4,0,0.029796168208122253,0
1255,PH0628-C,1052-PF-TRAC-WHITE,Cambodia,ExtendedStrict,XGBoost,4,0,0.029796168208122253,0
1256,PH0629-C,1052-PF-TRAC-WHITE,Cambodia,ExtendedStrict,XGBoost,4,0,0.04092855378985405,0
1257,PH0630-C,1052-PF-TRAC-WHITE,Cambodia,ExtendedStrict,XGBoost,4,0,0.03175278753042221,0
1258,PH0631-C,1052-PF-TRAC-WHITE,Cambodia,ExtendedStrict,XGBoost,4,0,0.027451466768980026,0
1259,PH0632-C,1052-PF-TRAC-WHITE,Cambodia,ExtendedStrict,XGBoost,4,0,0.034370966255664825,0
1260,PH0633-C,1052-PF-TRAC-WHITE,Cambodia,ExtendedStrict,XGBoost,4,0,0.4613654911518097,0
1261,PH0634-C,1052-PF-TRAC-WHITE,Cambodia,ExtendedStrict,XGBoost,4,0,0.029278019443154335,0
1262,PH0635-C,1052-PF-TRAC-WHITE,Cambodia,ExtendedStrict,XGBoost,4,0,0.18236762285232544,0
1263,PH0636-C,1052-PF-TRAC-WHITE,Cambodia,ExtendedStrict,XGBoost,4,0,0.30562305450439453,0
1264,PH0637-C,1052-PF-TRAC-WHITE,Cambodia,ExtendedStrict,XGBoost,4,0,0.19082266092300415,0
1265,PH0639-C,1052-PF-TRAC-WHITE,Cambodia,ExtendedStrict,XGBoost,4,0,0.4613654911518097,0
1266,PH0640-C,1052-PF-TRAC-WHITE,Cambodia,ExtendedStrict,XGBoost,4,0,0.3343462347984314,0
1267,PH0641-C,1052-PF-TRAC-WHITE,Cambodia,ExtendedStrict,XGBoost,4,0,0.0478021465241909,0
1268,PH0642-C,1052-PF-TRAC-WHITE,Cambodia,ExtendedStrict,XGBoost,4,0,0.017987603321671486,0
1269,PH0643-C,1052-PF-TRAC-WHITE,Cambodia,ExtendedStrict,XGBoost,4,0,0.03122766502201557,0
1270,PH0644-C,1052-PF-TRAC-WHITE,Cambodia,ExtendedStrict,XGBoost,4,0,0.33969298005104065,0
1271,PH0645-C,1052-PF-TRAC-WHITE,Cambodia,ExtendedStrict,XGBoost,4,0,0.069126196205616,0
1272,PH0646-C,1052-PF-TRAC-WHITE,Cambodia,ExtendedStrict,XGBoost,4,0,0.02178863063454628,0
1273,PH0647-C,1052-PF-TRAC-WHITE,Cambodia,ExtendedStrict,XGBoost,4,0,0.05258616805076599,0
1274,PH0648-C,1052-PF-TRAC-WHITE,Cambodia,ExtendedStrict,XGBoost,4,0,0.15156306326389313,0
1275,PH0650-C,1052-PF-TRAC-WHITE,Cambodia,ExtendedStrict,XGBoost,4,0,0.09611698240041733,0
1276,PH0651-C,1052-PF-TRAC-WHITE,Cambodia,ExtendedStrict,XGBoost,4,0,0.029796168208122253,0
1277,PH0676-C,1052-PF-TRAC-WHITE,Cambodia,ExtendedStrict,XGBoost,4,1,0.986992359161377,1
1278,PH0677-C,1052-PF-TRAC-WHITE,Cambodia,ExtendedStrict,XGBoost,4,1,0.833350658416748,1
1279,PH0678-C,1052-PF-TRAC-WHITE,Cambodia,ExtendedStrict,XGBoost,4,0,0.8184975385665894,1
1280,PH0679-C,1052-PF-TRAC-WHITE,Cambodia,ExtendedStrict,XGBoost,4,0,0.4613654911518097,0
1281,PH0680-C,1052-PF-TRAC-WHITE,Cambodia,ExtendedStrict,XGBoost,4,1,0.981743574142456,1
1282,PH0681-C,1052-PF-TRAC-WHITE,Cambodia,ExtendedStrict,XGBoost,4,1,0.8565663695335388,1
1283,PH0682-C,1052-PF-TRAC-WHITE,Cambodia,ExtendedStrict,XGBoost,4,1,0.9873465895652771,1
1284,PH0683-C,1052-PF-TRAC-WHITE,Cambodia,ExtendedStrict,XGBoost,4,1,0.9342877268791199,1
1285,PH0684-C,1052-PF-TRAC-WHITE,Cambodia,ExtendedStrict,XGBoost,4,1,0.9821504354476929,1
1286,PH0685-C,1052-PF-TRAC-WHITE,Cambodia,ExtendedStrict,XGBoost,4,1,0.8906301856040955,1
1287,PH0686-C,1052-PF-TRAC-WHITE,Cambodia,ExtendedStrict,XGBoost,4,1,0.9863994121551514,1
1288,PH0687-C,1052-PF-TRAC-WHITE,Cambodia,ExtendedStrict,XGBoost,4,1,0.768919050693512,1
1289,PH0692-C,1052-PF-TRAC-WHITE,Cambodia,ExtendedStrict,XGBoost,4,1,0.9873465895652771,1
1290,PH0694-C,1052-PF-TRAC-WHITE,Cambodia,ExtendedStrict,XGBoost,4,1,0.9873465895652771,1
1291,PH0695-C,1052-PF-TRAC-WHITE,Cambodia,ExtendedStrict,XGBoost,4,1,0.9656765460968018,1
1292,PH0696-C,1052-PF-TRAC-WHITE,Cambodia,ExtendedStrict,XGBoost,4,1,0.768919050693512,1
1293,PH0697-C,1052-PF-TRAC-WHITE,Cambodia,ExtendedStrict,XGBoost,4,1,0.8108149766921997,1
1294,PH0698-C,1052-PF-TRAC-WHITE,Cambodia,ExtendedStrict,XGBoost,4,0,0.3895735740661621,0
1295,PH0700-C,1052-PF-TRAC-WHITE,Cambodia,ExtendedStrict,XGBoost,4,1,0.6834810972213745,1
1296,PH0701-C,1052-PF-TRAC-WHITE,Cambodia,ExtendedStrict,XGBoost,4,1,0.7985571622848511,1
1297,PH0702-C,1052-PF-TRAC-WHITE,Cambodia,ExtendedStrict,XGBoost,4,1,0.989029049873352,1
1298,PH0703-C,1052-PF-TRAC-WHITE,Cambodia,ExtendedStrict,XGBoost,4,1,0.8798642158508301,1
1299,PH0704-C,1052-PF-TRAC-WHITE,Cambodia,ExtendedStrict,XGBoost,4,0,0.5211663842201233,1
1300,PH0706-C,1052-PF-TRAC-WHITE,Cambodia,ExtendedStrict,XGBoost,4,1,0.9532058238983154,1
1301,PH0707-C,1052-PF-TRAC-WHITE,Cambodia,ExtendedStrict,XGBoost,4,1,0.43985146284103394,0
1302,PH0708-C,1052-PF-TRAC-WHITE,Cambodia,ExtendedStrict,XGBoost,4,1,0.7308834195137024,1
1303,PH0709-C,1052-PF-TRAC-WHITE,Cambodia,ExtendedStrict,XGBoost,4,0,0.7768583297729492,1
1304,PH0712-C,1052-PF-TRAC-WHITE,Cambodia,ExtendedStrict,XGBoost,4,1,0.9893283247947693,1
1305,PH0715-C,1052-PF-TRAC-WHITE,Cambodia,ExtendedStrict,XGBoost,4,1,0.9171501994132996,1
1306,PH0716-C,1052-PF-TRAC-WHITE,Cambodia,ExtendedStrict,XGBoost,4,1,0.9888556599617004,1
1307,PH0717-C,1052-PF-TRAC-WHITE,Cambodia,ExtendedStrict,XGBoost,4,0,0.29152700304985046,0
1308,PH0718-C,1052-PF-TRAC-WHITE,Cambodia,ExtendedStrict,XGBoost,4,1,0.41154059767723083,0
1309,PH0719-C,1052-PF-TRAC-WHITE,Cambodia,ExtendedStrict,XGBoost,4,1,0.7334896922111511,1
1310,PH0722-C,1052-PF-TRAC-WHITE,Cambodia,ExtendedStrict,XGBoost,4,1,0.7309007048606873,1
1311,PH0723-C,1052-PF-TRAC-WHITE,Cambodia,ExtendedStrict,XGBoost,4,1,0.9873465895652771,1
1312,PH0725-C,1052-PF-TRAC-WHITE,Cambodia,ExtendedStrict,XGBoost,4,0,0.21397970616817474,0
1313,PH0727-C,1052-PF-TRAC-WHITE,Cambodia,ExtendedStrict,XGBoost,4,0,0.06885764747858047,0
1314,PH0728-C,1052-PF-TRAC-WHITE,Cambodia,ExtendedStrict,XGBoost,4,1,0.6480037569999695,1
1315,PH0729-C,1052-PF-TRAC-WHITE,Cambodia,ExtendedStrict,XGBoost,4,0,0.5319705009460449,1
1316,PH0730-C,1052-PF-TRAC-WHITE,Cambodia,ExtendedStrict,XGBoost,4,0,0.39796754717826843,0
1317,PH0731-C,1052-PF-TRAC-WHITE,Cambodia,ExtendedStrict,XGBoost,4,1,0.768919050693512,1
1318,PH0732-C,1052-PF-TRAC-WHITE,Cambodia,ExtendedStrict,XGBoost,4,0,0.3641212582588196,0
1319,PH0734-C,1052-PF-TRAC-WHITE,Cambodia,ExtendedStrict,XGBoost,4,0,0.14878736436367035,0
1320,PH0736-C,1052-PF-TRAC-WHITE,Cambodia,ExtendedStrict,XGBoost,4,0,0.18990139663219452,0
1321,PH0737-C,1052-PF-TRAC-WHITE,Cambodia,ExtendedStrict,XGBoost,4,0,0.027883734554052353,0
1322,PH0738-C,1052-PF-TRAC-WHITE,Cambodia,ExtendedStrict,XGBoost,4,1,0.7361071109771729,1
1323,PH0739-C,1052-PF-TRAC-WHITE,Cambodia,ExtendedStrict,XGBoost,4,0,0.3641212582588196,0
1324,PH0742-C,1052-PF-TRAC-WHITE,Cambodia,ExtendedStrict,XGBoost,4,0,0.6389756798744202,1
1325,PH0743-C,1052-PF-TRAC-WHITE,Cambodia,ExtendedStrict,XGBoost,4,0,0.6389756798744202,1
1326,PH0744-C,1052-PF-TRAC-WHITE,Cambodia,ExtendedStrict,XGBoost,4,0,0.059905074536800385,0
1327,PH0745-C,1052-PF-TRAC-WHITE,Cambodia,ExtendedStrict,XGBoost,4,1,0.768919050693512,1
1328,PH0746-C,1052-PF-TRAC-WHITE,Cambodia,ExtendedStrict,XGBoost,4,0,0.04081327095627785,0
1329,PH0747-Cx,1052-PF-TRAC-WHITE,Cambodia,ExtendedStrict,XGBoost,4,0,0.17233940958976746,0
1330,PH0749-C,1052-PF-TRAC-WHITE,Cambodia,ExtendedStrict,XGBoost,4,0,0.018185975030064583,0
1331,PH0750-Cx,1052-PF-TRAC-WHITE,Cambodia,ExtendedStrict,XGBoost,4,0,0.03424642235040665,0
1332,PH0752-C,1052-PF-TRAC-WHITE,Cambodia,ExtendedStrict,XGBoost,4,0,0.3641212582588196,0
1333,PH0753-Cx,1052-PF-TRAC-WHITE,Cambodia,ExtendedStrict,XGBoost,4,1,0.6037607192993164,1
1334,PH0754-C,1052-PF-TRAC-WHITE,Cambodia,ExtendedStrict,XGBoost,4,0,0.320606529712677,0
1335,PH0755-C,1052-PF-TRAC-WHITE,Cambodia,ExtendedStrict,XGBoost,4,1,0.5429180860519409,1
1336,PH0756-Cx,1052-PF-TRAC-WHITE,Cambodia,ExtendedStrict,XGBoost,4,0,0.05086484178900719,0
1337,PH0757-C,1052-PF-TRAC-WHITE,Cambodia,ExtendedStrict,XGBoost,4,1,0.6480037569999695,1
1338,PH0758-C,1052-PF-TRAC-WHITE,Cambodia,ExtendedStrict,XGBoost,4,0,0.2671526372432709,0
1339,PH0759-C,1052-PF-TRAC-WHITE,Cambodia,ExtendedStrict,XGBoost,4,0,0.3641212582588196,0
1340,PH0760-C,1052-PF-TRAC-WHITE,Cambodia,ExtendedStrict,XGBoost,4,0,0.02261466719210148,0
1341,PH0761-C,1052-PF-TRAC-WHITE,Cambodia,ExtendedStrict,XGBoost,4,0,0.30562305450439453,0
1342,PH0762-Cx,1052-PF-TRAC-WHITE,Cambodia,ExtendedStrict,XGBoost,4,0,0.7124059200286865,1
1343,PH0763-C,1052-PF-TRAC-WHITE,Cambodia,ExtendedStrict,XGBoost,4,0,0.19961120188236237,0
1344,PH0764-C,1052-PF-TRAC-WHITE,Cambodia,ExtendedStrict,XGBoost,4,0,0.08551181852817535,0
1345,PH0765-C,1052-PF-TRAC-WHITE,Cambodia,ExtendedStrict,XGBoost,4,0,0.5393030643463135,1
1346,PH0766-Cx,1052-PF-TRAC-WHITE,Cambodia,ExtendedStrict,XGBoost,4,0,0.028275923803448677,0
1347,PH0767-C,1052-PF-TRAC-WHITE,Cambodia,ExtendedStrict,XGBoost,4,0,0.03364217281341553,0
1348,PH0768-C,1052-PF-TRAC-WHITE,Cambodia,ExtendedStrict,XGBoost,4,0,0.029796168208122253,0
1349,PH0769-C,1052-PF-TRAC-WHITE,Cambodia,ExtendedStrict,XGBoost,4,0,0.03364217281341553,0
1350,PH0770-C,1052-PF-TRAC-WHITE,Cambodia,ExtendedStrict,XGBoost,4,0,0.31487107276916504,0
1351,PH0772-C,1052-PF-TRAC-WHITE,Cambodia,ExtendedStrict,XGBoost,4,0,0.041822437196969986,0
1352,PH0773-Cx,1052-PF-TRAC-WHITE,Cambodia,ExtendedStrict,XGBoost,4,0,0.5488835573196411,1
1353,PH0774-C,1052-PF-TRAC-WHITE,Cambodia,ExtendedStrict,XGBoost,4,0,0.04070176184177399,0
1354,PH0775-Cx,1052-PF-TRAC-WHITE,Cambodia,ExtendedStrict,XGBoost,4,0,0.06030780449509621,0
1355,PH0776-C,1052-PF-TRAC-WHITE,Cambodia,ExtendedStrict,XGBoost,4,0,0.10083890706300735,0
1356,PH0777-C,1052-PF-TRAC-WHITE,Cambodia,ExtendedStrict,XGBoost,4,0,0.016178324818611145,0
1357,PH0778-C,1052-PF-TRAC-WHITE,Cambodia,ExtendedStrict,XGBoost,4,0,0.07437632232904434,0
1358,PH0779-Cx,1052-PF-TRAC-WHITE,Cambodia,ExtendedStrict,XGBoost,4,0,0.03951619565486908,0
1359,PH0780-C,1052-PF-TRAC-WHITE,Cambodia,ExtendedStrict,XGBoost,4,0,0.08297629654407501,0
1360,PH0782-C,1052-PF-TRAC-WHITE,Cambodia,ExtendedStrict,XGBoost,4,0,0.3178252875804901,0
1361,PH0783-C,1052-PF-TRAC-WHITE,Cambodia,ExtendedStrict,XGBoost,4,0,0.0299088004976511,0
1362,PH0784-C,1052-PF-TRAC-WHITE,Cambodia,ExtendedStrict,XGBoost,4,1,0.25914761424064636,0
1363,PH0785-Cx,1052-PF-TRAC-WHITE,Cambodia,ExtendedStrict,XGBoost,4,0,0.13365387916564941,0
1364,PH0786-Cx,1052-PF-TRAC-WHITE,Cambodia,ExtendedStrict,XGBoost,4,1,0.2079923152923584,0
1365,PH0788-C,1052-PF-TRAC-WHITE,Cambodia,ExtendedStrict,XGBoost,4,0,0.17575004696846008,0
1366,PH0789-C,1052-PF-TRAC-WHITE,Cambodia,ExtendedStrict,XGBoost,4,0,0.04555217921733856,0
1367,PH0790-C,1052-PF-TRAC-WHITE,Cambodia,ExtendedStrict,XGBoost,4,0,0.031134624034166336,0
1368,PH0793-C,1052-PF-TRAC-WHITE,Cambodia,ExtendedStrict,XGBoost,4,0,0.04619692265987396,0
1369,PH0794-C,1052-PF-TRAC-WHITE,Cambodia,ExtendedStrict,XGBoost,4,0,0.04865097254514694,0
1370,PH0795-C,1052-PF-TRAC-WHITE,Cambodia,ExtendedStrict,XGBoost,4,0,0.13693128526210785,0
1371,PH0797-C,1052-PF-TRAC-WHITE,Cambodia,ExtendedStrict,XGBoost,4,0,0.04865097254514694,0
1372,PH0800-C,1052-PF-TRAC-WHITE,Cambodia,ExtendedStrict,XGBoost,4,0,0.14588652551174164,0
1373,PH0801-C,1052-PF-TRAC-WHITE,Cambodia,ExtendedStrict,XGBoost,4,0,0.13693128526210785,0
1374,PH0802-C,1052-PF-TRAC-WHITE,Cambodia,ExtendedStrict,XGBoost,4,0,0.03525662049651146,0
1375,PH0805-C,1052-PF-TRAC-WHITE,Cambodia,ExtendedStrict,XGBoost,4,0,0.07218993455171585,0
1376,PH0807-C,1052-PF-TRAC-WHITE,Cambodia,ExtendedStrict,XGBoost,4,0,0.11454246193170547,0
1377,PH0810-C,1052-PF-TRAC-WHITE,Cambodia,ExtendedStrict,XGBoost,4,0,0.051345717161893845,0
1378,PH0811-C,1052-PF-TRAC-WHITE,Cambodia,ExtendedStrict,XGBoost,4,0,0.027682119980454445,0
1379,PH0813-C,1052-PF-TRAC-WHITE,Cambodia,ExtendedStrict,XGBoost,4,0,0.1005207747220993,0
1380,PH0814-Cx,1052-PF-TRAC-WHITE,Cambodia,ExtendedStrict,XGBoost,4,0,0.9515507817268372,1
1381,PH0815-C,1052-PF-TRAC-WHITE,Cambodia,ExtendedStrict,XGBoost,4,0,0.023395147174596786,0
1382,PH0817-C,1052-PF-TRAC-WHITE,Cambodia,ExtendedStrict,XGBoost,4,1,0.6898398995399475,1
1383,PH0818-C,1052-PF-TRAC-WHITE,Cambodia,ExtendedStrict,XGBoost,4,1,0.97687828540802,1
1384,PH0819-C,1052-PF-TRAC-WHITE,Cambodia,ExtendedStrict,XGBoost,4,1,0.9589653611183167,1
1385,PH0820-C,1052-PF-TRAC-WHITE,Cambodia,ExtendedStrict,XGBoost,4,1,0.9589653611183167,1
1386,PH0821-C,1052-PF-TRAC-WHITE,Cambodia,ExtendedStrict,XGBoost,4,1,0.8334038257598877,1
1387,PH0822-C,1052-PF-TRAC-WHITE,Cambodia,ExtendedStrict,XGBoost,4,1,0.9873465895652771,1
1388,PH0823-C,1052-PF-TRAC-WHITE,Cambodia,ExtendedStrict,XGBoost,4,1,0.9589653611183167,1
1389,PH0824-C,1052-PF-TRAC-WHITE,Cambodia,ExtendedStrict,XGBoost,4,1,0.9838379621505737,1
1390,PH0825-C,1052-PF-TRAC-WHITE,Cambodia,ExtendedStrict,XGBoost,4,1,0.9888556599617004,1
1391,PH0826-C,1052-PF-TRAC-WHITE,Cambodia,ExtendedStrict,XGBoost,4,1,0.9744249582290649,1
1392,PH0828-C,1052-PF-TRAC-WHITE,Cambodia,ExtendedStrict,XGBoost,4,1,0.9589653611183167,1
1393,PH0829-C,1052-PF-TRAC-WHITE,Cambodia,ExtendedStrict,XGBoost,4,1,0.9866617321968079,1
1394,PH0830-C,1052-PF-TRAC-WHITE,Cambodia,ExtendedStrict,XGBoost,4,1,0.7768583297729492,1
1395,PH0831-C,1052-PF-TRAC-WHITE,Cambodia,ExtendedStrict,XGBoost,4,1,0.9882546663284302,1
1396,PH0832-C,1052-PF-TRAC-WHITE,Cambodia,ExtendedStrict,XGBoost,4,1,0.5011287331581116,1
1397,PH0833-C,1052-PF-TRAC-WHITE,Cambodia,ExtendedStrict,XGBoost,4,1,0.9744249582290649,1
1398,PH0834-C,1052-PF-TRAC-WHITE,Cambodia,ExtendedStrict,XGBoost,4,1,0.4735296368598938,0
1399,PH0835-C,1052-PF-TRAC-WHITE,Cambodia,ExtendedStrict,XGBoost,4,1,0.9873465895652771,1
1400,PH0836-C,1052-PF-TRAC-WHITE,Cambodia,ExtendedStrict,XGBoost,4,1,0.6536403894424438,1
1401,PH0837-C,1052-PF-TRAC-WHITE,Cambodia,ExtendedStrict,XGBoost,4,1,0.9744249582290649,1
1402,PH0838-C,1052-PF-TRAC-WHITE,Cambodia,ExtendedStrict,XGBoost,4,1,0.969264566898346,1
1403,PH0839-C,1052-PF-TRAC-WHITE,Cambodia,ExtendedStrict,XGBoost,4,1,0.9589653611183167,1
1404,PH0840-C,1052-PF-TRAC-WHITE,Cambodia,ExtendedStrict,XGBoost,4,1,0.9589653611183167,1
1405,PH0841-C,1052-PF-TRAC-WHITE,Cambodia,ExtendedStrict,XGBoost,4,1,0.9864147305488586,1
1406,PH0842-C,1052-PF-TRAC-WHITE,Cambodia,ExtendedStrict,XGBoost,4,1,0.8786624670028687,1
1407,PH0843-C,1052-PF-TRAC-WHITE,Cambodia,ExtendedStrict,XGBoost,4,1,0.640312910079956,1
1408,PH0844-C,1052-PF-TRAC-WHITE,Cambodia,ExtendedStrict,XGBoost,4,1,0.8906301856040955,1
1409,PH0845-C,1052-PF-TRAC-WHITE,Cambodia,ExtendedStrict,XGBoost,4,1,0.9848600029945374,1
1410,PH0846-C,1052-PF-TRAC-WHITE,Cambodia,ExtendedStrict,XGBoost,4,1,0.9873465895652771,1
1411,PH0847-C,1052-PF-TRAC-WHITE,Cambodia,ExtendedStrict,XGBoost,4,1,0.97687828540802,1
1412,PH0848-C,1052-PF-TRAC-WHITE,Cambodia,ExtendedStrict,XGBoost,4,0,0.051345717161893845,0
1413,PH0849-C,1052-PF-TRAC-WHITE,Cambodia,ExtendedStrict,XGBoost,4,0,0.10445878654718399,0
1414,PH0850-C,1052-PF-TRAC-WHITE,Cambodia,ExtendedStrict,XGBoost,4,1,0.9749101996421814,1
1415,PH0851-C,1052-PF-TRAC-WHITE,Cambodia,ExtendedStrict,XGBoost,4,1,0.9873465895652771,1
1416,PH0852-C,1052-PF-TRAC-WHITE,Cambodia,ExtendedStrict,XGBoost,4,1,0.6750208735466003,1
1417,PH0853-C,1052-PF-TRAC-WHITE,Cambodia,ExtendedStrict,XGBoost,4,1,0.6750208735466003,1
1418,PH0854-C,1052-PF-TRAC-WHITE,Cambodia,ExtendedStrict,XGBoost,4,1,0.9754409790039062,1
1419,PH0855-C,1052-PF-TRAC-WHITE,Cambodia,ExtendedStrict,XGBoost,4,1,0.9744249582290649,1
1420,PH0856-C,1052-PF-TRAC-WHITE,Cambodia,ExtendedStrict,XGBoost,4,1,0.5654685497283936,1
1421,PH0858-C,1052-PF-TRAC-WHITE,Cambodia,ExtendedStrict,XGBoost,4,1,0.9754409790039062,1
1422,PH0860-Cx,1052-PF-TRAC-WHITE,Cambodia,ExtendedStrict,XGBoost,4,1,0.9398661255836487,1
1423,PH0863-Cx,1052-PF-TRAC-WHITE,Cambodia,ExtendedStrict,XGBoost,4,0,0.8520060777664185,1
1424,PH0865-C,1052-PF-TRAC-WHITE,Cambodia,ExtendedStrict,XGBoost,4,0,0.07789843529462814,0
1425,PH0866-C,1052-PF-TRAC-WHITE,Cambodia,ExtendedStrict,XGBoost,4,0,0.07590968906879425,0
1426,PH0868-Cx,1052-PF-TRAC-WHITE,Cambodia,ExtendedStrict,XGBoost,4,1,0.9902352690696716,1
1427,PH0870-C,1052-PF-TRAC-WHITE,Cambodia,ExtendedStrict,XGBoost,4,1,0.9778157472610474,1
1428,PH0871-C,1052-PF-TRAC-WHITE,Cambodia,ExtendedStrict,XGBoost,4,0,0.6002011299133301,1
1429,PH0872-C,1052-PF-TRAC-WHITE,Cambodia,ExtendedStrict,XGBoost,4,0,0.36362993717193604,0
1430,PH0873-Cx,1052-PF-TRAC-WHITE,Cambodia,ExtendedStrict,XGBoost,4,0,0.7793932557106018,1
1431,PH0874-Cx,1052-PF-TRAC-WHITE,Cambodia,ExtendedStrict,XGBoost,4,1,0.9902352690696716,1
1432,PH0875-C,1052-PF-TRAC-WHITE,Cambodia,ExtendedStrict,XGBoost,4,0,0.47825226187705994,0
1433,PH0876-C,1052-PF-TRAC-WHITE,Cambodia,ExtendedStrict,XGBoost,4,0,0.22262164950370789,0
1434,PH0877-C,1052-PF-TRAC-WHITE,Cambodia,ExtendedStrict,XGBoost,4,0,0.2062530815601349,0
1435,PH0878-C,1052-PF-TRAC-WHITE,Cambodia,ExtendedStrict,XGBoost,4,0,0.2062530815601349,0
1436,PH0879-C,1052-PF-TRAC-WHITE,Cambodia,ExtendedStrict,XGBoost,4,0,0.08248298615217209,0
1437,PH0880-C,1052-PF-TRAC-WHITE,Cambodia,ExtendedStrict,XGBoost,4,0,0.06260143965482712,0
1438,PH0882-C,1052-PF-TRAC-WHITE,Cambodia,ExtendedStrict,XGBoost,4,0,0.02182050794363022,0
1439,PH0885-Cx,1052-PF-TRAC-WHITE,Cambodia,ExtendedStrict,XGBoost,4,0,0.09285282343626022,0
1440,PH0886-C,1052-PF-TRAC-WHITE,Cambodia,ExtendedStrict,XGBoost,4,1,0.9744249582290649,1
1441,PH0887-C,1052-PF-TRAC-WHITE,Cambodia,ExtendedStrict,XGBoost,4,1,0.6389756798744202,1
1442,PH0888-C,1052-PF-TRAC-WHITE,Cambodia,ExtendedStrict,XGBoost,4,1,0.986992359161377,1
1443,PH0889-C,1052-PF-TRAC-WHITE,Cambodia,ExtendedStrict,XGBoost,4,1,0.9744249582290649,1
1444,PH0890-C,1052-PF-TRAC-WHITE,Cambodia,ExtendedStrict,XGBoost,4,1,0.9882546663284302,1
1445,PH0891-Cx,1052-PF-TRAC-WHITE,Cambodia,ExtendedStrict,XGBoost,4,1,0.9873219132423401,1
1446,PH0894-C,1052-PF-TRAC-WHITE,Cambodia,ExtendedStrict,XGBoost,4,1,0.7236489057540894,1
1447,PH0895-C,1052-PF-TRAC-WHITE,Cambodia,ExtendedStrict,XGBoost,4,0,0.8701474666595459,1
1448,PH0896-C,1052-PF-TRAC-WHITE,Cambodia,ExtendedStrict,XGBoost,4,1,0.9796205163002014,1
1449,PH0898-C,1052-PF-TRAC-WHITE,Cambodia,ExtendedStrict,XGBoost,4,0,0.5606551170349121,1
1450,PH0899-C,1052-PF-TRAC-WHITE,Cambodia,ExtendedStrict,XGBoost,4,1,0.9890804886817932,1
1451,PH0900-C,1052-PF-TRAC-WHITE,Cambodia,ExtendedStrict,XGBoost,4,1,0.9890804886817932,1
1452,PH0901-C,1052-PF-TRAC-WHITE,Cambodia,ExtendedStrict,XGBoost,4,1,0.9869540333747864,1
1453,PH0902-C,1052-PF-TRAC-WHITE,Cambodia,ExtendedStrict,XGBoost,4,1,0.9755522608757019,1
1454,PH0903-C,1052-PF-TRAC-WHITE,Cambodia,ExtendedStrict,XGBoost,4,1,0.9751167893409729,1
1455,PH0904-C,1052-PF-TRAC-WHITE,Cambodia,ExtendedStrict,XGBoost,4,1,0.9890804886817932,1
1456,PH0905-C,1052-PF-TRAC-WHITE,Cambodia,ExtendedStrict,XGBoost,4,0,0.8448187112808228,1
1457,PH0906-C,1052-PF-TRAC-WHITE,Cambodia,ExtendedStrict,XGBoost,4,1,0.9863005876541138,1
1458,PH0907-C,1052-PF-TRAC-WHITE,Cambodia,ExtendedStrict,XGBoost,4,1,0.9898597598075867,1
1459,PH0908-C,1052-PF-TRAC-WHITE,Cambodia,ExtendedStrict,XGBoost,4,1,0.9890804886817932,1
1460,PH0909-C,1052-PF-TRAC-WHITE,Cambodia,ExtendedStrict,XGBoost,4,1,0.9755522608757019,1
1461,PH0910-C,1052-PF-TRAC-WHITE,Cambodia,ExtendedStrict,XGBoost,4,1,0.9890804886817932,1
1462,PH0911-Cx,1052-PF-TRAC-WHITE,Cambodia,ExtendedStrict,XGBoost,4,1,0.9842090010643005,1
1463,PH0912-C,1052-PF-TRAC-WHITE,Cambodia,ExtendedStrict,XGBoost,4,1,0.9890804886817932,1
1464,PH0915-C,1052-PF-TRAC-WHITE,Cambodia,ExtendedStrict,XGBoost,4,1,0.9890804886817932,1
1465,PH0916-C,1052-PF-TRAC-WHITE,Cambodia,ExtendedStrict,XGBoost,4,1,0.9863005876541138,1
1466,PH0917-Cx,1052-PF-TRAC-WHITE,Cambodia,ExtendedStrict,XGBoost,4,0,0.48943692445755005,0
1467,PH0918-Cx,1052-PF-TRAC-WHITE,Cambodia,ExtendedStrict,XGBoost,4,0,0.8661635518074036,1
1468,PH0920-Cx,1052-PF-TRAC-WHITE,Cambodia,ExtendedStrict,XGBoost,4,1,0.5948038697242737,1
1469,PH0921-C,1052-PF-TRAC-WHITE,Cambodia,ExtendedStrict,XGBoost,4,0,0.7106478214263916,1
1470,PH0923-Cx,1052-PF-TRAC-WHITE,Cambodia,ExtendedStrict,XGBoost,4,0,0.5359439253807068,1
1471,PH0924-C,1052-PF-TRAC-WHITE,Cambodia,ExtendedStrict,XGBoost,4,0,0.36362993717193604,0
1472,PH0925-C,1052-PF-TRAC-WHITE,Cambodia,ExtendedStrict,XGBoost,4,0,0.4136391282081604,0
1473,PH0926-C,1052-PF-TRAC-WHITE,Cambodia,ExtendedStrict,XGBoost,4,0,0.6002011299133301,1
1474,PH0927-C,1052-PF-TRAC-WHITE,Cambodia,ExtendedStrict,XGBoost,4,0,0.1379198431968689,0
1475,PH0928-C,1052-PF-TRAC-WHITE,Cambodia,ExtendedStrict,XGBoost,4,0,0.133200541138649,0
1476,PH0929-C,1052-PF-TRAC-WHITE,Cambodia,ExtendedStrict,XGBoost,4,0,0.36362993717193604,0
1477,PH0930-Cx,1052-PF-TRAC-WHITE,Cambodia,ExtendedStrict,XGBoost,4,0,0.21543937921524048,0
1478,PH0931-C,1052-PF-TRAC-WHITE,Cambodia,ExtendedStrict,XGBoost,4,0,0.34387338161468506,0
1479,PH0932-C,1052-PF-TRAC-WHITE,Cambodia,ExtendedStrict,XGBoost,4,0,0.08559790253639221,0
1480,PH0933-C,1052-PF-TRAC-WHITE,Cambodia,ExtendedStrict,XGBoost,4,0,0.39519408345222473,0
1481,PH0935-C,1052-PF-TRAC-WHITE,Cambodia,ExtendedStrict,XGBoost,4,0,0.04458198696374893,0
1482,PH0936-C,1052-PF-TRAC-WHITE,Cambodia,ExtendedStrict,XGBoost,4,0,0.12117937207221985,0
1483,PH0937-C,1052-PF-TRAC-WHITE,Cambodia,ExtendedStrict,XGBoost,4,0,0.061067793518304825,0
1484,PH0938-C,1052-PF-TRAC-WHITE,Cambodia,ExtendedStrict,XGBoost,4,0,0.02104695700109005,0
1485,PH0939-C,1052-PF-TRAC-WHITE,Cambodia,ExtendedStrict,XGBoost,4,0,0.15655751526355743,0
1486,PH0940-Cx,1052-PF-TRAC-WHITE,Cambodia,ExtendedStrict,XGBoost,4,0,0.05527808517217636,0
1487,PH0941-C,1052-PF-TRAC-WHITE,Cambodia,ExtendedStrict,XGBoost,4,0,0.02204180136322975,0
1488,PH0942-Cx,1052-PF-TRAC-WHITE,Cambodia,ExtendedStrict,XGBoost,4,0,0.1683128923177719,0
1501,PH0976-C,1052-PF-TRAC-WHITE,Cambodia,ExtendedStrict,XGBoost,4,0,0.18125472962856293,0
1502,PH0979-C,1052-PF-TRAC-WHITE,Cambodia,ExtendedStrict,XGBoost,4,0,0.4136391282081604,0
1503,PH0980-C,1052-PF-TRAC-WHITE,Cambodia,ExtendedStrict,XGBoost,4,0,0.03752657026052475,0
1504,PH0981-C,1052-PF-TRAC-WHITE,Cambodia,ExtendedStrict,XGBoost,4,0,0.6002011299133301,1
1505,PH0982-C,1052-PF-TRAC-WHITE,Cambodia,ExtendedStrict,XGBoost,4,0,0.5138204097747803,1
1506,PH0983-C,1052-PF-TRAC-WHITE,Cambodia,ExtendedStrict,XGBoost,4,0,0.36362993717193604,0
1507,PH0984-C,1052-PF-TRAC-WHITE,Cambodia,ExtendedStrict,XGBoost,4,0,0.32529303431510925,0
1508,PH0985-C,1052-PF-TRAC-WHITE,Cambodia,ExtendedStrict,XGBoost,4,0,0.7106478214263916,1
1509,PH0986-C,1052-PF-TRAC-WHITE,Cambodia,ExtendedStrict,XGBoost,4,1,0.6881400346755981,1
1510,PH0987-C,1052-PF-TRAC-WHITE,Cambodia,ExtendedStrict,XGBoost,4,1,0.6580992937088013,1
1511,PH0991-C,1052-PF-TRAC-WHITE,Cambodia,ExtendedStrict,XGBoost,4,1,0.9890804886817932,1
1512,PH0994-C,1052-PF-TRAC-WHITE,Cambodia,ExtendedStrict,XGBoost,4,1,0.9890804886817932,1
1513,PH0996-C,1052-PF-TRAC-WHITE,Cambodia,ExtendedStrict,XGBoost,4,1,0.9890804886817932,1
1514,PH0997-C,1052-PF-TRAC-WHITE,Cambodia,ExtendedStrict,XGBoost,4,1,0.9890804886817932,1
1515,PH0999-C,1052-PF-TRAC-WHITE,Cambodia,ExtendedStrict,XGBoost,4,1,0.9891003966331482,1
1516,PH1000-C,1052-PF-TRAC-WHITE,Cambodia,ExtendedStrict,XGBoost,4,0,0.31506645679473877,0
1517,PH1001-C,1052-PF-TRAC-WHITE,Cambodia,ExtendedStrict,XGBoost,4,1,0.9904614090919495,1
1518,PH1002-C,1052-PF-TRAC-WHITE,Cambodia,ExtendedStrict,XGBoost,4,1,0.9890804886817932,1
1519,PH1003-C,1052-PF-TRAC-WHITE,Cambodia,ExtendedStrict,XGBoost,4,1,0.9891003966331482,1
1520,PH1007-C,1052-PF-TRAC-WHITE,Cambodia,ExtendedStrict,XGBoost,4,0,0.10483133047819138,0
1543,PH1136-C,1052-PF-TRAC-WHITE,Cambodia,ExtendedStrict,XGBoost,4,1,0.9350403547286987,1
1544,PH1137-C,1052-PF-TRAC-WHITE,Cambodia,ExtendedStrict,XGBoost,4,0,0.9282810688018799,1
1545,PH1138-C,1052-PF-TRAC-WHITE,Cambodia,ExtendedStrict,XGBoost,4,0,0.809597909450531,1
1875,PV0244-C,1052-PF-TRAC-WHITE,Vietnam,ExtendedStrict,XGBoost,4,1,0.45235490798950195,0
1876,PV0245-Cx2,1052-PF-TRAC-WHITE,Vietnam,ExtendedStrict,XGBoost,4,0,0.05767161771655083,0
1877,PV0246-C,1052-PF-TRAC-WHITE,Vietnam,ExtendedStrict,XGBoost,4,1,0.4613654911518097,0
1878,PV0247-Cx2,1052-PF-TRAC-WHITE,Vietnam,ExtendedStrict,XGBoost,4,0,0.12469550967216492,0
1879,PV0248-C,1052-PF-TRAC-WHITE,Vietnam,ExtendedStrict,XGBoost,4,0,0.10790897160768509,0
1880,PV0249-Cx,1052-PF-TRAC-WHITE,Vietnam,ExtendedStrict,XGBoost,4,0,0.13693128526210785,0
1881,PV0250-C,1052-PF-TRAC-WHITE,Vietnam,ExtendedStrict,XGBoost,4,0,0.025842949748039246,0
1882,PV0251-C,1052-PF-TRAC-WHITE,Vietnam,ExtendedStrict,XGBoost,4,1,0.3641212582588196,0
1883,PV0252-C,1052-PF-TRAC-WHITE,Vietnam,ExtendedStrict,XGBoost,4,0,0.022239509969949722,0
1884,PV0254-C,1052-PF-TRAC-WHITE,Vietnam,ExtendedStrict,XGBoost,4,0,0.08871341496706009,0
1885,PV0256-C,1052-PF-TRAC-WHITE,Vietnam,ExtendedStrict,XGBoost,4,0,0.01721346378326416,0
1886,PV0257-C,1052-PF-TRAC-WHITE,Vietnam,ExtendedStrict,XGBoost,4,0,0.04588021710515022,0
1887,PV0258-C,1052-PF-TRAC-WHITE,Vietnam,ExtendedStrict,XGBoost,4,0,0.26940539479255676,0
1888,PV0259-C,1052-PF-TRAC-WHITE,Vietnam,ExtendedStrict,XGBoost,4,1,0.37647080421447754,0
1889,PV0261-C,1052-PF-TRAC-WHITE,Vietnam,ExtendedStrict,XGBoost,4,0,0.051345717161893845,0
1890,PV0262-C,1052-PF-TRAC-WHITE,Vietnam,ExtendedStrict,XGBoost,4,1,0.6750208735466003,1
1891,PV0263-C,1052-PF-TRAC-WHITE,Vietnam,ExtendedStrict,XGBoost,4,0,0.04624203220009804,0
1892,PV0265-C,1052-PF-TRAC-WHITE,Vietnam,ExtendedStrict,XGBoost,4,0,0.14250142872333527,0
1893,PV0266-C,1052-PF-TRAC-WHITE,Vietnam,ExtendedStrict,XGBoost,4,1,0.5999292731285095,1
1894,PV0267-C,1052-PF-TRAC-WHITE,Vietnam,ExtendedStrict,XGBoost,4,1,0.29493051767349243,0
1895,PV0268-C,1052-PF-TRAC-WHITE,Vietnam,ExtendedStrict,XGBoost,4,0,0.31859007477760315,0
1896,PV0269-C,1052-PF-TRAC-WHITE,Vietnam,ExtendedStrict,XGBoost,4,1,0.3122272789478302,0
1897,PV0270-C,1052-PF-TRAC-WHITE,Vietnam,ExtendedStrict,XGBoost,4,0,0.13076511025428772,0
1898,PV0271-C,1052-PF-TRAC-WHITE,Vietnam,ExtendedStrict,XGBoost,4,0,0.03275921940803528,0
1899,PV0272-C,1052-PF-TRAC-WHITE,Vietnam,ExtendedStrict,XGBoost,4,0,0.13365387916564941,0
1900,PV0273-C,1052-PF-TRAC-WHITE,Vietnam,ExtendedStrict,XGBoost,4,0,0.34756577014923096,0
1901,PV0274-C,1052-PF-TRAC-WHITE,Vietnam,ExtendedStrict,XGBoost,4,0,0.10431375354528427,0
1902,PV0276-C,1052-PF-TRAC-WHITE,Vietnam,ExtendedStrict,XGBoost,4,0,0.033614203333854675,0
1903,PV0277-C,1052-PF-TRAC-WHITE,Vietnam,ExtendedStrict,XGBoost,4,1,0.7334896922111511,1
1904,PV0278-C,1052-PF-TRAC-WHITE,Vietnam,ExtendedStrict,XGBoost,4,1,0.6682230830192566,1
1905,PV0279-C,1052-PF-TRAC-WHITE,Vietnam,ExtendedStrict,XGBoost,4,0,0.07437632232904434,0
1906,PV0280-C,1052-PF-TRAC-WHITE,Vietnam,ExtendedStrict,XGBoost,4,0,0.13693128526210785,0
1907,PV0282-C,1052-PF-TRAC-WHITE,Vietnam,ExtendedStrict,XGBoost,4,0,0.5610024333000183,1
1908,PV0283-C,1052-PF-TRAC-WHITE,Vietnam,ExtendedStrict,XGBoost,4,1,0.6750208735466003,1
1909,PV0284-C,1052-PF-TRAC-WHITE,Vietnam,ExtendedStrict,XGBoost,4,0,0.10543378442525864,0
1910,PV0285-C,1052-PF-TRAC-WHITE,Vietnam,ExtendedStrict,XGBoost,4,1,0.7195290923118591,1
1911,PV0286-C,1052-PF-TRAC-WHITE,Vietnam,ExtendedStrict,XGBoost,4,1,0.681767463684082,1
1912,PV0288-C,1052-PF-TRAC-WHITE,Vietnam,ExtendedStrict,XGBoost,4,1,0.37647080421447754,0
1913,PV0289-C,1052-PF-TRAC-WHITE,Vietnam,ExtendedStrict,XGBoost,4,0,0.04572412371635437,0
1914,PV0290-C,1052-PF-TRAC-WHITE,Vietnam,ExtendedStrict,XGBoost,4,1,0.2529747784137726,0
1915,PV0291-C,1052-PF-TRAC-WHITE,Vietnam,ExtendedStrict,XGBoost,4,0,0.2481379210948944,0
1916,PV0292-C,1052-PF-TRAC-WHITE,Vietnam,ExtendedStrict,XGBoost,4,1,0.6750208735466003,1
1917,PV0293-C,1052-PF-TRAC-WHITE,Vietnam,ExtendedStrict,XGBoost,4,0,0.0224411990493536,0
1918,PV0294-C,1052-PF-TRAC-WHITE,Vietnam,ExtendedStrict,XGBoost,4,0,0.0224411990493536,0
1919,PV0295-C,1052-PF-TRAC-WHITE,Vietnam,ExtendedStrict,XGBoost,4,0,0.0486643947660923,0
1920,PV0296-C,1052-PF-TRAC-WHITE,Vietnam,ExtendedStrict,XGBoost,4,0,0.5845907330513,1
1921,PV0297-C,1052-PF-TRAC-WHITE,Vietnam,ExtendedStrict,XGBoost,4,0,0.5375893115997314,1
1922,PV0298-C,1052-PF-TRAC-WHITE,Vietnam,ExtendedStrict,XGBoost,4,0,0.034370966255664825,0
1923,PV0299-C,1052-PF-TRAC-WHITE,Vietnam,ExtendedStrict,XGBoost,4,1,0.6750208735466003,1
1924,PV0300-C,1052-PF-TRAC-WHITE,Vietnam,ExtendedStrict,XGBoost,4,1,0.6750208735466003,1
1925,PV0301-C,1052-PF-TRAC-WHITE,Vietnam,ExtendedStrict,XGBoost,4,0,0.24579809606075287,0
1926,PV0302-C,1052-PF-TRAC-WHITE,Vietnam,ExtendedStrict,XGBoost,4,0,0.2888677418231964,0
1927,PV0303-C,1052-PF-TRAC-WHITE,Vietnam,ExtendedStrict,XGBoost,4,0,0.19882990419864655,0
1928,PV0304-C,1052-PF-TRAC-WHITE,Vietnam,ExtendedStrict,XGBoost,4,0,0.24579809606075287,0
1929,PV0305-C,1052-PF-TRAC-WHITE,Vietnam,ExtendedStrict,XGBoost,4,0,0.3563712239265442,0
1930,PV0306-C,1052-PF-TRAC-WHITE,Vietnam,ExtendedStrict,XGBoost,4,1,0.127631276845932,0
1931,PV0308-Cx,1052-PF-TRAC-WHITE,Vietnam,ExtendedStrict,XGBoost,4,0,0.21893347799777985,0
1932,PV0309-C,1052-PF-TRAC-WHITE,Vietnam,ExtendedStrict,XGBoost,4,0,0.39256051182746887,0
1933,PV0310-C,1052-PF-TRAC-WHITE,Vietnam,ExtendedStrict,XGBoost,4,0,0.21441981196403503,0
1934,PV0311-C,1052-PF-TRAC-WHITE,Vietnam,ExtendedStrict,XGBoost,4,0,0.1683128923177719,0
1935,PV0312-C,1052-PF-TRAC-WHITE,Vietnam,ExtendedStrict,XGBoost,4,1,0.637483537197113,1
1936,PV0313-C,1052-PF-TRAC-WHITE,Vietnam,ExtendedStrict,XGBoost,4,0,0.10784951597452164,0
1937,PV0314-C,1052-PF-TRAC-WHITE,Vietnam,ExtendedStrict,XGBoost,4,0,0.060911569744348526,0
1938,PV0315-Cx,1052-PF-TRAC-WHITE,Vietnam,ExtendedStrict,XGBoost,4,0,0.06796924769878387,0
1939,PV0317-C,1052-PF-TRAC-WHITE,Vietnam,ExtendedStrict,XGBoost,4,0,0.5989150404930115,1
1940,PV0318-C,1052-PF-TRAC-WHITE,Vietnam,ExtendedStrict,XGBoost,4,1,0.637483537197113,1
1941,PV0319-C,1052-PF-TRAC-WHITE,Vietnam,ExtendedStrict,XGBoost,4,0,0.5989150404930115,1
1942,PV0320-C,1052-PF-TRAC-WHITE,Vietnam,ExtendedStrict,XGBoost,4,1,0.637483537197113,1
1943,PV0321-C,1052-PF-TRAC-WHITE,Vietnam,ExtendedStrict,XGBoost,4,0,0.5331478714942932,1
1944,PV0322-C,1052-PF-TRAC-WHITE,Vietnam,ExtendedStrict,XGBoost,4,1,0.637483537197113,1
1945,PV0323-C,1052-PF-TRAC-WHITE,Vietnam,ExtendedStrict,XGBoost,4,0,0.11727239936590195,0
1946,PV0324-C,1052-PF-TRAC-WHITE,Vietnam,ExtendedStrict,XGBoost,4,1,0.637483537197113,1
1947,PV0325-C,1052-PF-TRAC-WHITE,Vietnam,ExtendedStrict,XGBoost,4,0,0.08340336382389069,0
1948,PV0326-C,1052-PF-TRAC-WHITE,Vietnam,ExtendedStrict,XGBoost,4,0,0.060911569744348526,0
1949,PV0328-C,1052-PF-TRAC-WHITE,Vietnam,ExtendedStrict,XGBoost,4,0,0.07435402274131775,0
1950,PV0329-C,1052-PF-TRAC-WHITE,Vietnam,ExtendedStrict,XGBoost,4,0,0.25340011715888977,0
1951,PV0330-C,1052-PF-TRAC-WHITE,Vietnam,ExtendedStrict,XGBoost,4,0,0.13068991899490356,0
1952,PV0331-Cx,1052-PF-TRAC-WHITE,Vietnam,ExtendedStrict,XGBoost,4,0,0.06796924769878387,0
1953,PV0333-C,1052-PF-TRAC-WHITE,Vietnam,ExtendedStrict,XGBoost,4,1,0.16176272928714752,0
1954,PV0335-C,1052-PF-TRAC-WHITE,Vietnam,ExtendedStrict,XGBoost,4,0,0.09037214517593384,0
1955,PV0336-C,1052-PF-TRAC-WHITE,Vietnam,ExtendedStrict,XGBoost,4,0,0.09037214517593384,0
1956,PV0337-C,1052-PF-TRAC-WHITE,Vietnam,ExtendedStrict,XGBoost,4,0,0.1576092690229416,0
1957,PV0338-C,1052-PF-TRAC-WHITE,Vietnam,ExtendedStrict,XGBoost,4,0,0.1576092690229416,0
1958,PV0339-C,1052-PF-TRAC-WHITE,Vietnam,ExtendedStrict,XGBoost,4,1,0.4014195203781128,0
1959,PV0340-C,1052-PF-TRAC-WHITE,Vietnam,ExtendedStrict,XGBoost,4,1,0.39050695300102234,0
1960,PV0343-C,1052-PF-TRAC-WHITE,Vietnam,ExtendedStrict,XGBoost,4,1,0.24579809606075287,0
1961,PV0344-C,1052-PF-TRAC-WHITE,Vietnam,ExtendedStrict,XGBoost,4,1,0.6750208735466003,1
1962,PV0345-C,1052-PF-TRAC-WHITE,Vietnam,ExtendedStrict,XGBoost,4,1,0.7334896922111511,1
1963,PV0347-C,1052-PF-TRAC-WHITE,Vietnam,ExtendedStrict,XGBoost,4,0,0.034370966255664825,0
1964,PV0355-C,1052-PF-TRAC-WHITE,Vietnam,ExtendedStrict,XGBoost,4,1,0.637483537197113,1
1965,PV0358-C,1052-PF-TRAC-WHITE,Vietnam,ExtendedStrict,XGBoost,4,0,0.09037214517593384,0
2052,QC0164-C,1052-PF-TRAC-WHITE,Myanmar,ExtendedStrict,XGBoost,4,0,0.37298867106437683,0
2053,QC0165-C,1052-PF-TRAC-WHITE,Myanmar,ExtendedStrict,XGBoost,4,1,0.39256051182746887,0
2054,QC0166-C,1052-PF-TRAC-WHITE,Myanmar,ExtendedStrict,XGBoost,4,0,0.640312910079956,1
2055,QC0167-C,1052-PF-TRAC-WHITE,Myanmar,ExtendedStrict,XGBoost,4,0,0.29958242177963257,0
2056,QC0168-C,1052-PF-TRAC-WHITE,Myanmar,ExtendedStrict,XGBoost,4,0,0.3576377034187317,0
2057,QC0169-C,1052-PF-TRAC-WHITE,Myanmar,ExtendedStrict,XGBoost,4,0,0.4575122594833374,0
2058,QC0170-C,1052-PF-TRAC-WHITE,Myanmar,ExtendedStrict,XGBoost,4,0,0.35462749004364014,0
2059,QC0171-C,1052-PF-TRAC-WHITE,Myanmar,ExtendedStrict,XGBoost,4,0,0.27528998255729675,0
2060,QC0172-C,1052-PF-TRAC-WHITE,Myanmar,ExtendedStrict,XGBoost,4,0,0.5867526531219482,1
2061,QC0173-C,1052-PF-TRAC-WHITE,Myanmar,ExtendedStrict,XGBoost,4,1,0.5573669075965881,1
2062,QC0174-C,1052-PF-TRAC-WHITE,Myanmar,ExtendedStrict,XGBoost,4,0,0.28837504982948303,0
2063,QC0175-C,1052-PF-TRAC-WHITE,Myanmar,ExtendedStrict,XGBoost,4,1,0.5791850686073303,1
2064,QC0176-C,1052-PF-TRAC-WHITE,Myanmar,ExtendedStrict,XGBoost,4,0,0.6054034233093262,1
2065,QC0177-C,1052-PF-TRAC-WHITE,Myanmar,ExtendedStrict,XGBoost,4,0,0.7544674277305603,1
2066,QC0178-C,1052-PF-TRAC-WHITE,Myanmar,ExtendedStrict,XGBoost,4,0,0.29880431294441223,0
2067,QC0179-C,1052-PF-TRAC-WHITE,Myanmar,ExtendedStrict,XGBoost,4,0,0.20957349240779877,0
2068,QC0180-C,1052-PF-TRAC-WHITE,Myanmar,ExtendedStrict,XGBoost,4,0,0.7161535620689392,1
2069,QC0181-Cx,1052-PF-TRAC-WHITE,Myanmar,ExtendedStrict,XGBoost,4,1,0.5876964330673218,1
2070,QC0182-C,1052-PF-TRAC-WHITE,Myanmar,ExtendedStrict,XGBoost,4,0,0.6568979024887085,1
2071,QC0184-C,1052-PF-TRAC-WHITE,Myanmar,ExtendedStrict,XGBoost,4,1,0.6600728034973145,1
2072,QC0185-C,1052-PF-TRAC-WHITE,Myanmar,ExtendedStrict,XGBoost,4,1,0.6600728034973145,1
2073,QC0187-C,1052-PF-TRAC-WHITE,Myanmar,ExtendedStrict,XGBoost,4,0,0.5643922090530396,1
2074,QC0188-C,1052-PF-TRAC-WHITE,Myanmar,ExtendedStrict,XGBoost,4,0,0.1379198431968689,0
2075,QC0189-C,1052-PF-TRAC-WHITE,Myanmar,ExtendedStrict,XGBoost,4,0,0.6054034233093262,1
2076,QC0193-C,1052-PF-TRAC-WHITE,Myanmar,ExtendedStrict,XGBoost,4,0,0.7544674277305603,1
2077,QC0194-C,1052-PF-TRAC-WHITE,Myanmar,ExtendedStrict,XGBoost,4,0,0.42179709672927856,0
2078,QC0195-C,1052-PF-TRAC-WHITE,Myanmar,ExtendedStrict,XGBoost,4,0,0.7544674277305603,1
2079,QC0196-C,1052-PF-TRAC-WHITE,Myanmar,ExtendedStrict,XGBoost,4,0,0.6568979024887085,1
2080,QC0198-C,1052-PF-TRAC-WHITE,Myanmar,ExtendedStrict,XGBoost,4,0,0.6087710857391357,1
2081,QC0200-C,1052-PF-TRAC-WHITE,Myanmar,ExtendedStrict,XGBoost,4,0,0.2943648099899292,0
2082,QC0204-C,1052-PF-TRAC-WHITE,Myanmar,ExtendedStrict,XGBoost,4,0,0.5802378058433533,1
2083,QC0205-C,1052-PF-TRAC-WHITE,Myanmar,ExtendedStrict,XGBoost,4,0,0.6324880719184875,1
2084,QC0206-C,1052-PF-TRAC-WHITE,Myanmar,ExtendedStrict,XGBoost,4,1,0.7106478214263916,1
2085,QC0207-C,1052-PF-TRAC-WHITE,Myanmar,ExtendedStrict,XGBoost,4,0,0.6932841539382935,1
2086,QC0209-C,1052-PF-TRAC-WHITE,Myanmar,ExtendedStrict,XGBoost,4,1,0.2683849632740021,0
2087,QC0210-C,1052-PF-TRAC-WHITE,Myanmar,ExtendedStrict,XGBoost,4,1,0.4945050776004791,0
2088,QC0211-C,1052-PF-TRAC-WHITE,Myanmar,ExtendedStrict,XGBoost,4,0,0.6735048890113831,1
2089,QC0212-C,1052-PF-TRAC-WHITE,Myanmar,ExtendedStrict,XGBoost,4,0,0.3801151216030121,0
2090,QC0213-C,1052-PF-TRAC-WHITE,Myanmar,ExtendedStrict,XGBoost,4,1,0.7140694260597229,1
2091,QC0214-C,1052-PF-TRAC-WHITE,Myanmar,ExtendedStrict,XGBoost,4,1,0.5138204097747803,1
2092,QC0215-C,1052-PF-TRAC-WHITE,Myanmar,ExtendedStrict,XGBoost,4,0,0.6568979024887085,1
2093,QC0219-C,1052-PF-TRAC-WHITE,Myanmar,ExtendedStrict,XGBoost,4,1,0.6087710857391357,1
2094,QC0220-C,1052-PF-TRAC-WHITE,Myanmar,ExtendedStrict,XGBoost,4,0,0.37608522176742554,0
2095,QC0221-C,1052-PF-TRAC-WHITE,Myanmar,ExtendedStrict,XGBoost,4,0,0.6002011299133301,1
2096,QC0222-C,1052-PF-TRAC-WHITE,Myanmar,ExtendedStrict,XGBoost,4,0,0.37608522176742554,0
2097,QC0223-C,1052-PF-TRAC-WHITE,Myanmar,ExtendedStrict,XGBoost,4,1,0.49380505084991455,0
2098,QC0225-C,1052-PF-TRAC-WHITE,Myanmar,ExtendedStrict,XGBoost,4,0,0.620147168636322,1
2099,QC0227-C,1052-PF-TRAC-WHITE,Myanmar,ExtendedStrict,XGBoost,4,0,0.704718828201294,1
2100,QC0228-C,1052-PF-TRAC-WHITE,Myanmar,ExtendedStrict,XGBoost,4,0,0.704718828201294,1
2101,QC0229-C,1052-PF-TRAC-WHITE,Myanmar,ExtendedStrict,XGBoost,4,0,0.44836753606796265,0
2102,QC0230-C,1052-PF-TRAC-WHITE,Myanmar,ExtendedStrict,XGBoost,4,0,0.46630963683128357,0
2103,QC0231-C,1052-PF-TRAC-WHITE,Myanmar,ExtendedStrict,XGBoost,4,1,0.5983441472053528,1
2104,QC0232-C,1052-PF-TRAC-WHITE,Myanmar,ExtendedStrict,XGBoost,4,0,0.6568979024887085,1
2105,QC0233-C,1052-PF-TRAC-WHITE,Myanmar,ExtendedStrict,XGBoost,4,0,0.6568979024887085,1
2106,QC0235-C,1052-PF-TRAC-WHITE,Myanmar,ExtendedStrict,XGBoost,4,0,0.6054034233093262,1
2107,QC0239-C,1052-PF-TRAC-WHITE,Myanmar,ExtendedStrict,XGBoost,4,0,0.704718828201294,1
2108,QC0242-C,1052-PF-TRAC-WHITE,Myanmar,ExtendedStrict,XGBoost,4,0,0.3220227360725403,0
2109,QC0243-C,1052-PF-TRAC-WHITE,Myanmar,ExtendedStrict,XGBoost,4,0,0.6054034233093262,1
2110,QC0244-C,1052-PF-TRAC-WHITE,Myanmar,ExtendedStrict,XGBoost,4,0,0.4357620179653168,0
2111,QC0245-C,1052-PF-TRAC-WHITE,Myanmar,ExtendedStrict,XGBoost,4,0,0.5788582563400269,1
2112,QC0246-C,1052-PF-TRAC-WHITE,Myanmar,ExtendedStrict,XGBoost,4,0,0.6713719964027405,1
2113,QC0248-C,1052-PF-TRAC-WHITE,Myanmar,ExtendedStrict,XGBoost,4,0,0.2922171354293823,0
2114,QC0250-C,1052-PF-TRAC-WHITE,Myanmar,ExtendedStrict,XGBoost,4,1,0.1646641343832016,0
2115,QC0251-C,1052-PF-TRAC-WHITE,Myanmar,ExtendedStrict,XGBoost,4,0,0.6207959055900574,1
2116,QC0253-C,1052-PF-TRAC-WHITE,Myanmar,ExtendedStrict,XGBoost,4,0,0.34742024540901184,0
2117,QC0254-C,1052-PF-TRAC-WHITE,Myanmar,ExtendedStrict,XGBoost,4,0,0.6207959055900574,1
2118,QC0255-C,1052-PF-TRAC-WHITE,Myanmar,ExtendedStrict,XGBoost,4,0,0.6207959055900574,1
2119,QC0256-C,1052-PF-TRAC-WHITE,Myanmar,ExtendedStrict,XGBoost,4,0,0.2922171354293823,0
2120,QC0257-C,1052-PF-TRAC-WHITE,Myanmar,ExtendedStrict,XGBoost,4,0,0.6207959055900574,1
2121,QC0258-C,1052-PF-TRAC-WHITE,Myanmar,ExtendedStrict,XGBoost,4,1,0.6743801832199097,1
2122,QC0259-C,1052-PF-TRAC-WHITE,Myanmar,ExtendedStrict,XGBoost,4,1,0.6583447456359863,1
2123,QC0260-C,1052-PF-TRAC-WHITE,Myanmar,ExtendedStrict,XGBoost,4,1,0.539425790309906,1
2124,QC0261-C,1052-PF-TRAC-WHITE,Myanmar,ExtendedStrict,XGBoost,4,1,0.6583447456359863,1
2125,QC0262-C,1052-PF-TRAC-WHITE,Myanmar,ExtendedStrict,XGBoost,4,1,0.6583447456359863,1
2126,QC0263-C,1052-PF-TRAC-WHITE,Myanmar,ExtendedStrict,XGBoost,4,1,0.6583447456359863,1
2127,QC0264-C,1052-PF-TRAC-WHITE,Myanmar,ExtendedStrict,XGBoost,4,1,0.6583447456359863,1
2128,QC0266-C,1052-PF-TRAC-WHITE,Myanmar,ExtendedStrict,XGBoost,4,1,0.6583447456359863,1
2129,QC0267-C,1052-PF-TRAC-WHITE,Myanmar,ExtendedStrict,XGBoost,4,0,0.6207959055900574,1
2130,QC0268-C,1052-PF-TRAC-WHITE,Myanmar,ExtendedStrict,XGBoost,4,1,0.5572893023490906,1
2131,QC0275-C,1052-PF-TRAC-WHITE,Myanmar,ExtendedStrict,XGBoost,4,1,0.7398836016654968,1
2132,QC0276-C,1052-PF-TRAC-WHITE,Myanmar,ExtendedStrict,XGBoost,4,1,0.6207959055900574,1
2133,QC0277-C,1052-PF-TRAC-WHITE,Myanmar,ExtendedStrict,XGBoost,4,1,0.6002011299133301,1
2134,QC0278-C,1052-PF-TRAC-WHITE,Myanmar,ExtendedStrict,XGBoost,4,1,0.34740445017814636,0
2135,QC0279-C,1052-PF-TRAC-WHITE,Myanmar,ExtendedStrict,XGBoost,4,0,0.4266706705093384,0
2136,QC0281-C,1052-PF-TRAC-WHITE,Myanmar,ExtendedStrict,XGBoost,4,1,0.6324880719184875,1
2137,QC0282-C,1052-PF-TRAC-WHITE,Myanmar,ExtendedStrict,XGBoost,4,0,0.37113282084465027,0
2138,QC0283-C,1052-PF-TRAC-WHITE,Myanmar,ExtendedStrict,XGBoost,4,1,0.3609301745891571,0
2139,QC0285-C,1052-PF-TRAC-WHITE,Myanmar,ExtendedStrict,XGBoost,4,1,0.6324880719184875,1
2140,QC0289-C,1052-PF-TRAC-WHITE,Myanmar,ExtendedStrict,XGBoost,4,1,0.44622376561164856,0
2141,QC0295-C,1052-PF-TRAC-WHITE,Myanmar,ExtendedStrict,XGBoost,4,0,0.13496947288513184,0
2142,QC0296-C,1052-PF-TRAC-WHITE,Myanmar,ExtendedStrict,XGBoost,4,1,0.6650261282920837,1
2143,QC0298-C,1052-PF-TRAC-WHITE,Myanmar,ExtendedStrict,XGBoost,4,0,0.6002011299133301,1
2144,QC0299-C,1052-PF-TRAC-WHITE,Myanmar,ExtendedStrict,XGBoost,4,0,0.22806721925735474,0
2145,QC0300-C,1052-PF-TRAC-WHITE,Myanmar,ExtendedStrict,XGBoost,4,1,0.7504847645759583,1
2146,QC0302-C,1052-PF-TRAC-WHITE,Myanmar,ExtendedStrict,XGBoost,4,0,0.21363453567028046,0
2147,QC0305-C,1052-PF-TRAC-WHITE,Myanmar,ExtendedStrict,XGBoost,4,1,0.4254835546016693,0
2148,QC0306-C,1052-PF-TRAC-WHITE,Myanmar,ExtendedStrict,XGBoost,4,0,0.2424709051847458,0
2149,QC0307-C,1052-PF-TRAC-WHITE,Myanmar,ExtendedStrict,XGBoost,4,1,0.6881400346755981,1
2150,QC0308-C,1052-PF-TRAC-WHITE,Myanmar,ExtendedStrict,XGBoost,4,1,0.6580992937088013,1
2151,QC0309-C,1052-PF-TRAC-WHITE,Myanmar,ExtendedStrict,XGBoost,4,1,0.6207959055900574,1
2152,QC0313-C,1052-PF-TRAC-WHITE,Myanmar,ExtendedStrict,XGBoost,4,0,0.6002011299133301,1
2153,QC0314-C,1052-PF-TRAC-WHITE,Myanmar,ExtendedStrict,XGBoost,4,0,0.3220227360725403,0
2154,QC0318-C,1052-PF-TRAC-WHITE,Myanmar,ExtendedStrict,XGBoost,4,1,0.36869016289711,0
2155,QC0319-C,1052-PF-TRAC-WHITE,Myanmar,ExtendedStrict,XGBoost,4,0,0.6060695648193359,1
2156,QC0320-C,1052-PF-TRAC-WHITE,Myanmar,ExtendedStrict,XGBoost,4,0,0.1908053457736969,0
2157,QC0321-C,1052-PF-TRAC-WHITE,Myanmar,ExtendedStrict,XGBoost,4,0,0.1908053457736969,0
2158,QC0322-C,1052-PF-TRAC-WHITE,Myanmar,ExtendedStrict,XGBoost,4,1,0.3884388208389282,0
2159,QC0323-C,1052-PF-TRAC-WHITE,Myanmar,ExtendedStrict,XGBoost,4,0,0.1908053457736969,0
2160,QC0325-C,1052-PF-TRAC-WHITE,Myanmar,ExtendedStrict,XGBoost,4,0,0.6002011299133301,1
2161,QC0326-C,1052-PF-TRAC-WHITE,Myanmar,ExtendedStrict,XGBoost,4,1,0.6241137385368347,1
2162,QC0327-C,1052-PF-TRAC-WHITE,Myanmar,ExtendedStrict,XGBoost,4,0,0.6002011299133301,1
2163,QC0328-C,1052-PF-TRAC-WHITE,Myanmar,ExtendedStrict,XGBoost,4,0,0.5582404136657715,1
2164,QC0329-C,1052-PF-TRAC-WHITE,Myanmar,ExtendedStrict,XGBoost,4,0,0.6324880719184875,1
2165,QC0330-C,1052-PF-TRAC-WHITE,Myanmar,ExtendedStrict,XGBoost,4,0,0.6002011299133301,1
2166,QC0331-C,1052-PF-TRAC-WHITE,Myanmar,ExtendedStrict,XGBoost,4,0,0.37113282084465027,0
2167,QC0332-C,1052-PF-TRAC-WHITE,Myanmar,ExtendedStrict,XGBoost,4,0,0.22417370975017548,0
2168,QC0333-C,1052-PF-TRAC-WHITE,Myanmar,ExtendedStrict,XGBoost,4,0,0.6002011299133301,1
2169,QC0334-C,1052-PF-TRAC-WHITE,Myanmar,ExtendedStrict,XGBoost,4,0,0.37113282084465027,0
2170,QC0336-C,1052-PF-TRAC-WHITE,Myanmar,ExtendedStrict,XGBoost,4,0,0.6002011299133301,1
2171,QC0338-C,1052-PF-TRAC-WHITE,Myanmar,ExtendedStrict,XGBoost,4,0,0.24742791056632996,0
2172,QC0339-C,1052-PF-TRAC-WHITE,Myanmar,ExtendedStrict,XGBoost,4,0,0.37113282084465027,0
2173,QC0340-C,1052-PF-TRAC-WHITE,Myanmar,ExtendedStrict,XGBoost,4,0,0.37113282084465027,0
2174,QC0341-C,1052-PF-TRAC-WHITE,Myanmar,ExtendedStrict,XGBoost,4,0,0.5357756614685059,1
2175,QC0342-C,1052-PF-TRAC-WHITE,Myanmar,ExtendedStrict,XGBoost,4,0,0.6881400346755981,1
2176,QC0343-C,1052-PF-TRAC-WHITE,Myanmar,ExtendedStrict,XGBoost,4,0,0.5357756614685059,1
2177,QC0344-C,1052-PF-TRAC-WHITE,Myanmar,ExtendedStrict,XGBoost,4,0,0.5357756614685059,1
2178,QC0345-C,1052-PF-TRAC-WHITE,Myanmar,ExtendedStrict,XGBoost,4,0,0.1908053457736969,0
2179,QC0346-C,1052-PF-TRAC-WHITE,Myanmar,ExtendedStrict,XGBoost,4,0,0.1908053457736969,0
2180,QC0347-C,1052-PF-TRAC-WHITE,Myanmar,ExtendedStrict,XGBoost,4,1,0.37113282084465027,0
2181,QC0348-C,1052-PF-TRAC-WHITE,Myanmar,ExtendedStrict,XGBoost,4,1,0.6207959055900574,1
2182,QC0349-C,1052-PF-TRAC-WHITE,Myanmar,ExtendedStrict,XGBoost,4,0,0.692052960395813,1
2183,QC0350-C,1052-PF-TRAC-WHITE,Myanmar,ExtendedStrict,XGBoost,4,0,0.6002011299133301,1
2184,QC0351-C,1052-PF-TRAC-WHITE,Myanmar,ExtendedStrict,XGBoost,4,0,0.5582404136657715,1
2185,QC0353-C,1052-PF-TRAC-WHITE,Myanmar,ExtendedStrict,XGBoost,4,1,0.6002011299133301,1
2186,QC0354-C,1052-PF-TRAC-WHITE,Myanmar,ExtendedStrict,XGBoost,4,1,0.6002011299133301,1
2187,QC0357-C,1052-PF-TRAC-WHITE,Myanmar,ExtendedStrict,XGBoost,4,0,0.1908053457736969,0
2188,QC0358-C,1052-PF-TRAC-WHITE,Myanmar,ExtendedStrict,XGBoost,4,0,0.1460522711277008,0
2189,QC0359-C,1052-PF-TRAC-WHITE,Myanmar,ExtendedStrict,XGBoost,4,0,0.6002011299133301,1
2190,QC0362-C,1052-PF-TRAC-WHITE,Myanmar,ExtendedStrict,XGBoost,4,0,0.16373300552368164,0
2191,QC0363-C,1052-PF-TRAC-WHITE,Myanmar,ExtendedStrict,XGBoost,4,0,0.6002011299133301,1
2192,QC0364-C,1052-PF-TRAC-WHITE,Myanmar,ExtendedStrict,XGBoost,4,0,0.6002011299133301,1
2193,QC0365-C,1052-PF-TRAC-WHITE,Myanmar,ExtendedStrict,XGBoost,4,1,0.6580992937088013,1
2194,QC0366-C,1052-PF-TRAC-WHITE,Myanmar,ExtendedStrict,XGBoost,4,0,0.6002011299133301,1
2195,QC0367-C,1052-PF-TRAC-WHITE,Myanmar,ExtendedStrict,XGBoost,4,0,0.18400885164737701,0
2196,QC0368-C,1052-PF-TRAC-WHITE,Myanmar,ExtendedStrict,XGBoost,4,0,0.3507292866706848,0
2197,QC0369-C,1052-PF-TRAC-WHITE,Myanmar,ExtendedStrict,XGBoost,4,0,0.048496950417757034,0
2198,QC0370-C,1052-PF-TRAC-WHITE,Myanmar,ExtendedStrict,XGBoost,4,0,0.2424709051847458,0
2199,QC0372-C,1052-PF-TRAC-WHITE,Myanmar,ExtendedStrict,XGBoost,4,1,0.17128652334213257,0
2328,QE0392-C,1052-PF-TRAC-WHITE,Laos,ExtendedStrict,XGBoost,4,0,0.03730735182762146,0
2329,QE0393-Cx,1052-PF-TRAC-WHITE,Laos,ExtendedStrict,XGBoost,4,0,0.13693128526210785,0
2330,QE0395-C,1052-PF-TRAC-WHITE,Laos,ExtendedStrict,XGBoost,4,0,0.05194411799311638,0
2331,QE0396-C,1052-PF-TRAC-WHITE,Laos,ExtendedStrict,XGBoost,4,0,0.017987603321671486,0
2332,QE0397-C,1052-PF-TRAC-WHITE,Laos,ExtendedStrict,XGBoost,4,0,0.0299088004976511,0
2333,QE0398-C,1052-PF-TRAC-WHITE,Laos,ExtendedStrict,XGBoost,4,0,0.05194411799311638,0
2334,QE0399-C,1052-PF-TRAC-WHITE,Laos,ExtendedStrict,XGBoost,4,0,0.3125818371772766,0
2335,QE0400-C,1052-PF-TRAC-WHITE,Laos,ExtendedStrict,XGBoost,4,0,0.034370966255664825,0
2336,QE0401-C,1052-PF-TRAC-WHITE,Laos,ExtendedStrict,XGBoost,4,0,0.029908426105976105,0
2337,QE0402-C,1052-PF-TRAC-WHITE,Laos,ExtendedStrict,XGBoost,4,0,0.14775578677654266,0
2338,QE0403-Cx,1052-PF-TRAC-WHITE,Laos,ExtendedStrict,XGBoost,4,0,0.12152846157550812,0
2339,QE0404-C,1052-PF-TRAC-WHITE,Laos,ExtendedStrict,XGBoost,4,0,0.29493051767349243,0
2340,QE0405-Cx,1052-PF-TRAC-WHITE,Laos,ExtendedStrict,XGBoost,4,0,0.05399957299232483,0
2341,QE0407-C,1052-PF-TRAC-WHITE,Laos,ExtendedStrict,XGBoost,4,0,0.037036530673503876,0
2342,QE0408-C,1052-PF-TRAC-WHITE,Laos,ExtendedStrict,XGBoost,4,0,0.028979575261473656,0
2343,QE0409-C,1052-PF-TRAC-WHITE,Laos,ExtendedStrict,XGBoost,4,0,0.3125818371772766,0
2344,QE0410-C,1052-PF-TRAC-WHITE,Laos,ExtendedStrict,XGBoost,4,0,0.04764754697680473,0
2345,QE0411-C,1052-PF-TRAC-WHITE,Laos,ExtendedStrict,XGBoost,4,0,0.022807035595178604,0
2346,QE0412-C,1052-PF-TRAC-WHITE,Laos,ExtendedStrict,XGBoost,4,0,0.03138059005141258,0
2347,QE0413-C,1052-PF-TRAC-WHITE,Laos,ExtendedStrict,XGBoost,4,0,0.04594907537102699,0
2348,QE0414-C,1052-PF-TRAC-WHITE,Laos,ExtendedStrict,XGBoost,4,0,0.05399957299232483,0
2349,QE0415-C,1052-PF-TRAC-WHITE,Laos,ExtendedStrict,XGBoost,4,0,0.0763416588306427,0
2350,QE0416-C,1052-PF-TRAC-WHITE,Laos,ExtendedStrict,XGBoost,4,0,0.03428572043776512,0
2351,QE0417-C,1052-PF-TRAC-WHITE,Laos,ExtendedStrict,XGBoost,4,0,0.056004952639341354,0
2352,QE0418-C,1052-PF-TRAC-WHITE,Laos,ExtendedStrict,XGBoost,4,0,0.029380442574620247,0
2353,QE0419-C,1052-PF-TRAC-WHITE,Laos,ExtendedStrict,XGBoost,4,0,0.5845907330513,1
2354,QE0420-C,1052-PF-TRAC-WHITE,Laos,ExtendedStrict,XGBoost,4,0,0.027547752484679222,0
2355,QE0421-C,1052-PF-TRAC-WHITE,Laos,ExtendedStrict,XGBoost,4,0,0.03408053144812584,0
2356,QE0422-C,1052-PF-TRAC-WHITE,Laos,ExtendedStrict,XGBoost,4,0,0.1579439342021942,0
2357,QE0423-C,1052-PF-TRAC-WHITE,Laos,ExtendedStrict,XGBoost,4,0,0.30278316140174866,0
2358,QE0424-C,1052-PF-TRAC-WHITE,Laos,ExtendedStrict,XGBoost,4,0,0.03730735182762146,0
2359,QE0425-C,1052-PF-TRAC-WHITE,Laos,ExtendedStrict,XGBoost,4,0,0.030220532789826393,0
2360,QE0426-C,1052-PF-TRAC-WHITE,Laos,ExtendedStrict,XGBoost,4,0,0.19658471643924713,0
2361,QE0427-C,1052-PF-TRAC-WHITE,Laos,ExtendedStrict,XGBoost,4,0,0.056004952639341354,0
2362,QE0428-C,1052-PF-TRAC-WHITE,Laos,ExtendedStrict,XGBoost,4,0,0.04361799731850624,0
2363,QE0429-C,1052-PF-TRAC-WHITE,Laos,ExtendedStrict,XGBoost,4,1,0.5476294159889221,1
2364,QE0430-C,1052-PF-TRAC-WHITE,Laos,ExtendedStrict,XGBoost,4,0,0.07437632232904434,0
2365,QE0431-C,1052-PF-TRAC-WHITE,Laos,ExtendedStrict,XGBoost,4,0,0.26942360401153564,0
2366,QE0432-C,1052-PF-TRAC-WHITE,Laos,ExtendedStrict,XGBoost,4,0,0.13076511025428772,0
2367,QE0433-C,1052-PF-TRAC-WHITE,Laos,ExtendedStrict,XGBoost,4,0,0.05194411799311638,0
2368,QE0434-C,1052-PF-TRAC-WHITE,Laos,ExtendedStrict,XGBoost,4,0,0.0428144633769989,0
2369,QE0435-C,1052-PF-TRAC-WHITE,Laos,ExtendedStrict,XGBoost,4,0,0.015253505669534206,0
2370,QE0436-C,1052-PF-TRAC-WHITE,Laos,ExtendedStrict,XGBoost,4,0,0.30278316140174866,0
2371,QE0437-C,1052-PF-TRAC-WHITE,Laos,ExtendedStrict,XGBoost,4,0,0.5488835573196411,1
2372,QE0438-C,1052-PF-TRAC-WHITE,Laos,ExtendedStrict,XGBoost,4,0,0.4976600706577301,0
2373,QE0439-C,1052-PF-TRAC-WHITE,Laos,ExtendedStrict,XGBoost,4,0,0.06664378941059113,0
2374,QE0440-C,1052-PF-TRAC-WHITE,Laos,ExtendedStrict,XGBoost,4,0,0.05399957299232483,0
2375,QE0441-C,1052-PF-TRAC-WHITE,Laos,ExtendedStrict,XGBoost,4,0,0.0896710604429245,0
2376,QE0442-C,1052-PF-TRAC-WHITE,Laos,ExtendedStrict,XGBoost,4,0,0.02972201444208622,0
2377,QE0443-C,1052-PF-TRAC-WHITE,Laos,ExtendedStrict,XGBoost,4,0,0.034370966255664825,0
2378,QE0444-C,1052-PF-TRAC-WHITE,Laos,ExtendedStrict,XGBoost,4,0,0.051345717161893845,0
2379,QE0445-C,1052-PF-TRAC-WHITE,Laos,ExtendedStrict,XGBoost,4,0,0.16051819920539856,0
2380,QE0446-C,1052-PF-TRAC-WHITE,Laos,ExtendedStrict,XGBoost,4,0,0.08644111454486847,0
2381,QE0447-C,1052-PF-TRAC-WHITE,Laos,ExtendedStrict,XGBoost,4,0,0.027495449408888817,0
2382,QE0448-C,1052-PF-TRAC-WHITE,Laos,ExtendedStrict,XGBoost,4,0,0.0428144633769989,0
2383,QE0449-C,1052-PF-TRAC-WHITE,Laos,ExtendedStrict,XGBoost,4,0,0.0428144633769989,0
2384,QE0451-C,1052-PF-TRAC-WHITE,Laos,ExtendedStrict,XGBoost,4,0,0.5249014496803284,1
2385,QE0452-C,1052-PF-TRAC-WHITE,Laos,ExtendedStrict,XGBoost,4,0,0.040483176708221436,0
2386,QE0453-C,1052-PF-TRAC-WHITE,Laos,ExtendedStrict,XGBoost,4,0,0.4747617840766907,0
2387,QE0454-C,1052-PF-TRAC-WHITE,Laos,ExtendedStrict,XGBoost,4,0,0.052945490926504135,0
2388,QE0455-C,1052-PF-TRAC-WHITE,Laos,ExtendedStrict,XGBoost,4,0,0.08340336382389069,0
2389,QE0456-C,1052-PF-TRAC-WHITE,Laos,ExtendedStrict,XGBoost,4,1,0.7613067626953125,1
2390,QE0457-C,1052-PF-TRAC-WHITE,Laos,ExtendedStrict,XGBoost,4,0,0.13068991899490356,0
2391,QE0458-C,1052-PF-TRAC-WHITE,Laos,ExtendedStrict,XGBoost,4,0,0.3289695084095001,0
2392,QE0459-C,1052-PF-TRAC-WHITE,Laos,ExtendedStrict,XGBoost,4,0,0.22752869129180908,0
2393,QE0460-C,1052-PF-TRAC-WHITE,Laos,ExtendedStrict,XGBoost,4,0,0.3289695084095001,0
2394,QE0461-C,1052-PF-TRAC-WHITE,Laos,ExtendedStrict,XGBoost,4,0,0.12117937207221985,0
2395,QE0463-C,1052-PF-TRAC-WHITE,Laos,ExtendedStrict,XGBoost,4,0,0.3289695084095001,0
2396,QE0464-C,1052-PF-TRAC-WHITE,Laos,ExtendedStrict,XGBoost,4,0,0.0685800313949585,0
2397,QE0465-C,1052-PF-TRAC-WHITE,Laos,ExtendedStrict,XGBoost,4,0,0.029259778559207916,0
2398,QE0466-C,1052-PF-TRAC-WHITE,Laos,ExtendedStrict,XGBoost,4,0,0.048765115439891815,0
2399,QE0467-C,1052-PF-TRAC-WHITE,Laos,ExtendedStrict,XGBoost,4,0,0.0652715265750885,0
2400,QE0468-C,1052-PF-TRAC-WHITE,Laos,ExtendedStrict,XGBoost,4,0,0.526685893535614,1
2401,QE0469-C,1052-PF-TRAC-WHITE,Laos,ExtendedStrict,XGBoost,4,0,0.036517608910799026,0
2402,QE0470-C,1052-PF-TRAC-WHITE,Laos,ExtendedStrict,XGBoost,4,0,0.1967795044183731,0
2403,QE0471-C,1052-PF-TRAC-WHITE,Laos,ExtendedStrict,XGBoost,4,0,0.05824895575642586,0
2404,QE0472-C,1052-PF-TRAC-WHITE,Laos,ExtendedStrict,XGBoost,4,0,0.024718550965189934,0
2405,QE0474-C,1052-PF-TRAC-WHITE,Laos,ExtendedStrict,XGBoost,4,0,0.06260143965482712,0
2406,QE0475-C,1052-PF-TRAC-WHITE,Laos,ExtendedStrict,XGBoost,4,0,0.7615194916725159,1
2407,QE0476-C,1052-PF-TRAC-WHITE,Laos,ExtendedStrict,XGBoost,4,0,0.030156252905726433,0
2408,QE0478-C,1052-PF-TRAC-WHITE,Laos,ExtendedStrict,XGBoost,4,0,0.033909332007169724,0
2409,QE0479-C,1052-PF-TRAC-WHITE,Laos,ExtendedStrict,XGBoost,4,0,0.045515116304159164,0
2410,QE0481-C,1052-PF-TRAC-WHITE,Laos,ExtendedStrict,XGBoost,4,0,0.060036368668079376,0
2411,QE0483-C,1052-PF-TRAC-WHITE,Laos,ExtendedStrict,XGBoost,4,0,0.0258123017847538,0
6151,RCN22378,1239-PF-KH-MSF-GENRE,Cambodia,ExtendedStrict,XGBoost,4,1,0.9952064156532288,1
6152,RCN22386,1239-PF-KH-MSF-GENRE,Cambodia,ExtendedStrict,XGBoost,4,1,0.9945225715637207,1
6153,RCN22480,1239-PF-KH-MSF-GENRE,Cambodia,ExtendedStrict,XGBoost,4,1,0.9913486838340759,1
6154,RCN22500,1239-PF-KH-MSF-GENRE,Cambodia,ExtendedStrict,XGBoost,4,1,0.9933786392211914,1
6155,RCN22505,1239-PF-KH-MSF-GENRE,Cambodia,ExtendedStrict,XGBoost,4,1,0.9944883584976196,1
6156,RCN22509,1239-PF-KH-MSF-GENRE,Cambodia,ExtendedStrict,XGBoost,4,1,0.9944883584976196,1
6157,RCN22510,1239-PF-KH-MSF-GENRE,Cambodia,ExtendedStrict,XGBoost,4,1,0.9934803247451782,1
6158,RCN22513,1239-PF-KH-MSF-GENRE,Cambodia,ExtendedStrict,XGBoost,4,1,0.8622655272483826,1
6159,RCN22514,1239-PF-KH-MSF-GENRE,Cambodia,ExtendedStrict,XGBoost,4,1,0.9931816458702087,1
6160,RCN22520,1239-PF-KH-MSF-GENRE,Cambodia,ExtendedStrict,XGBoost,4,1,0.9932152032852173,1
6161,RCN22529,1239-PF-KH-MSF-GENRE,Cambodia,ExtendedStrict,XGBoost,4,1,0.9910216927528381,1
6162,RCN22532,1239-PF-KH-MSF-GENRE,Cambodia,ExtendedStrict,XGBoost,4,1,0.9931093454360962,1
6163,RCN22535,1239-PF-KH-MSF-GENRE,Cambodia,ExtendedStrict,XGBoost,4,1,0.9889830946922302,1
6164,RCN22536,1239-PF-KH-MSF-GENRE,Cambodia,ExtendedStrict,XGBoost,4,1,0.9787206649780273,1
6165,RCN22542,1239-PF-KH-MSF-GENRE,Cambodia,ExtendedStrict,XGBoost,4,1,0.9940946698188782,1
6166,RCN22545,1239-PF-KH-MSF-GENRE,Cambodia,ExtendedStrict,XGBoost,4,0,0.6310333609580994,1
6167,RCN22550,1239-PF-KH-MSF-GENRE,Cambodia,ExtendedStrict,XGBoost,4,1,0.9953376054763794,1
6168,RCN22552,1239-PF-KH-MSF-GENRE,Cambodia,ExtendedStrict,XGBoost,4,1,0.9932026863098145,1
6169,RCN22554,1239-PF-KH-MSF-GENRE,Cambodia,ExtendedStrict,XGBoost,4,1,0.9949581027030945,1
6170,RCN22555,1239-PF-KH-MSF-GENRE,Cambodia,ExtendedStrict,XGBoost,4,1,0.995179295539856,1
6171,RCN22556,1239-PF-KH-MSF-GENRE,Cambodia,ExtendedStrict,XGBoost,4,1,0.9953789710998535,1
6172,RCN22558,1239-PF-KH-MSF-GENRE,Cambodia,ExtendedStrict,XGBoost,4,1,0.9934346675872803,1
6173,RCN22561,1239-PF-KH-MSF-GENRE,Cambodia,ExtendedStrict,XGBoost,4,1,0.9892665147781372,1
6174,RCN22562,1239-PF-KH-MSF-GENRE,Cambodia,ExtendedStrict,XGBoost,4,1,0.9769889712333679,1
6175,RCN22564,1239-PF-KH-MSF-GENRE,Cambodia,ExtendedStrict,XGBoost,4,1,0.9960355162620544,1
6176,RCN22565,1239-PF-KH-MSF-GENRE,Cambodia,ExtendedStrict,XGBoost,4,1,0.9055672287940979,1
6177,RCN22571,1239-PF-KH-MSF-GENRE,Cambodia,ExtendedStrict,XGBoost,4,1,0.9949581027030945,1
6178,RCN22572,1239-PF-KH-MSF-GENRE,Cambodia,ExtendedStrict,XGBoost,4,1,0.9872680306434631,1
6179,RCN22575,1239-PF-KH-MSF-GENRE,Cambodia,ExtendedStrict,XGBoost,4,1,0.9932026863098145,1
6180,RCN22579,1239-PF-KH-MSF-GENRE,Cambodia,ExtendedStrict,XGBoost,4,1,0.7426182627677917,1
6181,RCN22580,1239-PF-KH-MSF-GENRE,Cambodia,ExtendedStrict,XGBoost,4,1,0.9925546050071716,1
6182,RCN22581,1239-PF-KH-MSF-GENRE,Cambodia,ExtendedStrict,XGBoost,4,1,0.9950913190841675,1
6183,RCN22584,1239-PF-KH-MSF-GENRE,Cambodia,ExtendedStrict,XGBoost,4,1,0.9929476976394653,1
6184,RCN22585,1239-PF-KH-MSF-GENRE,Cambodia,ExtendedStrict,XGBoost,4,1,0.9951039552688599,1
6185,RCN22587,1239-PF-KH-MSF-GENRE,Cambodia,ExtendedStrict,XGBoost,4,1,0.9844405651092529,1
6186,RCN22589,1239-PF-KH-MSF-GENRE,Cambodia,ExtendedStrict,XGBoost,4,1,0.9952772855758667,1
6187,RCN22590,1239-PF-KH-MSF-GENRE,Cambodia,ExtendedStrict,XGBoost,4,1,0.9927546381950378,1
6188,RCN22595,1239-PF-KH-MSF-GENRE,Cambodia,ExtendedStrict,XGBoost,4,1,0.9295933842658997,1
6189,RCN22597,1239-PF-KH-MSF-GENRE,Cambodia,ExtendedStrict,XGBoost,4,1,0.9949207901954651,1
6190,RCN22598,1239-PF-KH-MSF-GENRE,Cambodia,ExtendedStrict,XGBoost,4,1,0.995179295539856,1
6191,RCN22602,1239-PF-KH-MSF-GENRE,Cambodia,ExtendedStrict,XGBoost,4,1,0.9539239406585693,1
6192,RCN22604,1239-PF-KH-MSF-GENRE,Cambodia,ExtendedStrict,XGBoost,4,1,0.9960965514183044,1
6193,RCN22613,1239-PF-KH-MSF-GENRE,Cambodia,ExtendedStrict,XGBoost,4,1,0.9953789710998535,1
6194,RCN22614,1239-PF-KH-MSF-GENRE,Cambodia,ExtendedStrict,XGBoost,4,1,0.8479371070861816,1
6195,RCN22636,1239-PF-KH-MSF-GENRE,Cambodia,ExtendedStrict,XGBoost,4,1,0.9905412793159485,1
6196,RCN22637,1239-PF-KH-MSF-GENRE,Cambodia,ExtendedStrict,XGBoost,4,1,0.9653920531272888,1
6197,RCN22641,1239-PF-KH-MSF-GENRE,Cambodia,ExtendedStrict,XGBoost,4,1,0.9327377676963806,1
6198,RCN22643,1239-PF-KH-MSF-GENRE,Cambodia,ExtendedStrict,XGBoost,4,1,0.9661507606506348,1
6199,RCN22644,1239-PF-KH-MSF-GENRE,Cambodia,ExtendedStrict,XGBoost,4,1,0.9949581027030945,1
6200,RCN22645,1239-PF-KH-MSF-GENRE,Cambodia,ExtendedStrict,XGBoost,4,1,0.9949581027030945,1
6201,RCN22647,1239-PF-KH-MSF-GENRE,Cambodia,ExtendedStrict,XGBoost,4,1,0.9072115421295166,1
6202,RCN22651,1239-PF-KH-MSF-GENRE,Cambodia,ExtendedStrict,XGBoost,4,1,0.8279390335083008,1
6203,RCN22653,1239-PF-KH-MSF-GENRE,Cambodia,ExtendedStrict,XGBoost,4,0,0.35898783802986145,0
6204,RCN22654,1239-PF-KH-MSF-GENRE,Cambodia,ExtendedStrict,XGBoost,4,1,0.9958429932594299,1
6205,RCN22655,1239-PF-KH-MSF-GENRE,Cambodia,ExtendedStrict,XGBoost,4,1,0.9960965514183044,1
6206,RCN22657,1239-PF-KH-MSF-GENRE,Cambodia,ExtendedStrict,XGBoost,4,1,0.9934897422790527,1
6207,RCN22659,1239-PF-KH-MSF-GENRE,Cambodia,ExtendedStrict,XGBoost,4,1,0.9350249171257019,1
6208,RCN22660,1239-PF-KH-MSF-GENRE,Cambodia,ExtendedStrict,XGBoost,4,1,0.9932026863098145,1
6209,RCN22663,1239-PF-KH-MSF-GENRE,Cambodia,ExtendedStrict,XGBoost,4,1,0.9414428472518921,1
6210,RCN22668,1239-PF-KH-MSF-GENRE,Cambodia,ExtendedStrict,XGBoost,4,1,0.9951039552688599,1
6211,RCN22669,1239-PF-KH-MSF-GENRE,Cambodia,ExtendedStrict,XGBoost,4,1,0.9845890402793884,1
6212,RCN22671,1239-PF-KH-MSF-GENRE,Cambodia,ExtendedStrict,XGBoost,4,1,0.9960965514183044,1
6213,RCN22672,1239-PF-KH-MSF-GENRE,Cambodia,ExtendedStrict,XGBoost,4,1,0.9932124614715576,1
6214,RCN22675,1239-PF-KH-MSF-GENRE,Cambodia,ExtendedStrict,XGBoost,4,1,0.991834282875061,1
6215,RCN22678,1239-PF-KH-MSF-GENRE,Cambodia,ExtendedStrict,XGBoost,4,1,0.9949581027030945,1
6216,RCN22679,1239-PF-KH-MSF-GENRE,Cambodia,ExtendedStrict,XGBoost,4,1,0.9785722494125366,1
6217,RCN22684,1239-PF-KH-MSF-GENRE,Cambodia,ExtendedStrict,XGBoost,4,0,0.5221362113952637,1
6218,RCN22685,1239-PF-KH-MSF-GENRE,Cambodia,ExtendedStrict,XGBoost,4,1,0.9930967688560486,1
6219,RCN22686,1239-PF-KH-MSF-GENRE,Cambodia,ExtendedStrict,XGBoost,4,1,0.9930643439292908,1
6220,RCN22687,1239-PF-KH-MSF-GENRE,Cambodia,ExtendedStrict,XGBoost,4,1,0.9852681159973145,1
6221,RCN22688,1239-PF-KH-MSF-GENRE,Cambodia,ExtendedStrict,XGBoost,4,1,0.9950762391090393,1
6222,RCN22689,1239-PF-KH-MSF-GENRE,Cambodia,ExtendedStrict,XGBoost,4,1,0.9952064156532288,1
6223,RCN22690,1239-PF-KH-MSF-GENRE,Cambodia,ExtendedStrict,XGBoost,4,1,0.996188223361969,1
6224,RCN22699,1239-PF-KH-MSF-GENRE,Cambodia,ExtendedStrict,XGBoost,4,1,0.9855669736862183,1
6225,RCN22720,1239-PF-KH-MSF-GENRE,Cambodia,ExtendedStrict,XGBoost,4,1,0.995830237865448,1
6226,RCN22736,1239-PF-KH-MSF-GENRE,Cambodia,ExtendedStrict,XGBoost,4,1,0.9726094007492065,1
6227,RCN22748,1239-PF-KH-MSF-GENRE,Cambodia,ExtendedStrict,XGBoost,4,1,0.9761855006217957,1
6228,RCN22749,1239-PF-KH-MSF-GENRE,Cambodia,ExtendedStrict,XGBoost,4,1,0.7161301374435425,1
6229,RCN22753,1239-PF-KH-MSF-GENRE,Cambodia,ExtendedStrict,XGBoost,4,1,0.9730743169784546,1
6230,RCN22768,1239-PF-KH-MSF-GENRE,Cambodia,ExtendedStrict,XGBoost,4,1,0.9952802658081055,1
6231,RCN22770,1239-PF-KH-MSF-GENRE,Cambodia,ExtendedStrict,XGBoost,4,1,0.9960600733757019,1
6232,RCN22772,1239-PF-KH-MSF-GENRE,Cambodia,ExtendedStrict,XGBoost,4,1,0.9951635599136353,1
6233,RCN22781,1239-PF-KH-MSF-GENRE,Cambodia,ExtendedStrict,XGBoost,4,1,0.9949992895126343,1
6234,RCN22787,1239-PF-KH-MSF-GENRE,Cambodia,ExtendedStrict,XGBoost,4,1,0.8238480091094971,1
6235,RCN22788,1239-PF-KH-MSF-GENRE,Cambodia,ExtendedStrict,XGBoost,4,1,0.9775187969207764,1
6236,RCN22789,1239-PF-KH-MSF-GENRE,Cambodia,ExtendedStrict,XGBoost,4,1,0.9950762391090393,1
6237,RCN22790,1239-PF-KH-MSF-GENRE,Cambodia,ExtendedStrict,XGBoost,4,1,0.9949992895126343,1
6238,RCN22791,1239-PF-KH-MSF-GENRE,Cambodia,ExtendedStrict,XGBoost,4,1,0.9216368794441223,1
6239,RCN22792,1239-PF-KH-MSF-GENRE,Cambodia,ExtendedStrict,XGBoost,4,1,0.9091988801956177,1
6240,RCN22795,1239-PF-KH-MSF-GENRE,Cambodia,ExtendedStrict,XGBoost,4,1,0.8273162841796875,1
6241,RCN22798,1239-PF-KH-MSF-GENRE,Cambodia,ExtendedStrict,XGBoost,4,0,0.6258787512779236,1
6242,RCN22799,1239-PF-KH-MSF-GENRE,Cambodia,ExtendedStrict,XGBoost,4,1,0.8032816648483276,1
6243,RCN22800,1239-PF-KH-MSF-GENRE,Cambodia,ExtendedStrict,XGBoost,4,0,0.6258787512779236,1
6244,RCN22802,1239-PF-KH-MSF-GENRE,Cambodia,ExtendedStrict,XGBoost,4,1,0.996188223361969,1
6245,RCN22803,1239-PF-KH-MSF-GENRE,Cambodia,ExtendedStrict,XGBoost,4,1,0.9933618307113647,1
6246,RCN22804,1239-PF-KH-MSF-GENRE,Cambodia,ExtendedStrict,XGBoost,4,1,0.9933618307113647,1
6247,RCN22805,1239-PF-KH-MSF-GENRE,Cambodia,ExtendedStrict,XGBoost,4,1,0.9094464182853699,1
6248,RCN22806,1239-PF-KH-MSF-GENRE,Cambodia,ExtendedStrict,XGBoost,4,1,0.996188223361969,1
6249,RCN22808,1239-PF-KH-MSF-GENRE,Cambodia,ExtendedStrict,XGBoost,4,1,0.9952923059463501,1
6250,RCN22809,1239-PF-KH-MSF-GENRE,Cambodia,ExtendedStrict,XGBoost,4,1,0.995764970779419,1
6251,RCN22810,1239-PF-KH-MSF-GENRE,Cambodia,ExtendedStrict,XGBoost,4,1,0.9933618307113647,1
6252,RCN22811,1239-PF-KH-MSF-GENRE,Cambodia,ExtendedStrict,XGBoost,4,1,0.9900292754173279,1
6253,RCN22815,1239-PF-KH-MSF-GENRE,Cambodia,ExtendedStrict,XGBoost,4,1,0.9857034087181091,1
6254,RCN22817,1239-PF-KH-MSF-GENRE,Cambodia,ExtendedStrict,XGBoost,4,1,0.9916644096374512,1
6255,RCN22818,1239-PF-KH-MSF-GENRE,Cambodia,ExtendedStrict,XGBoost,4,1,0.996066153049469,1
6256,RCN22819,1239-PF-KH-MSF-GENRE,Cambodia,ExtendedStrict,XGBoost,4,0,0.01736033335328102,0
6257,RCN22820,1239-PF-KH-MSF-GENRE,Cambodia,ExtendedStrict,XGBoost,4,1,0.9950762391090393,1
6258,RCN22821,1239-PF-KH-MSF-GENRE,Cambodia,ExtendedStrict,XGBoost,4,0,0.427705854177475,0
6259,RCN22822,1239-PF-KH-MSF-GENRE,Cambodia,ExtendedStrict,XGBoost,4,1,0.9091988801956177,1
6260,RCN22824,1239-PF-KH-MSF-GENRE,Cambodia,ExtendedStrict,XGBoost,4,1,0.9377355575561523,1
6261,RCN22826,1239-PF-KH-MSF-GENRE,Cambodia,ExtendedStrict,XGBoost,4,1,0.7647623419761658,1
6262,RCN22827,1239-PF-KH-MSF-GENRE,Cambodia,ExtendedStrict,XGBoost,4,1,0.9607133865356445,1
6263,RCN22828,1239-PF-KH-MSF-GENRE,Cambodia,ExtendedStrict,XGBoost,4,1,0.9933618307113647,1
6264,RCN22829,1239-PF-KH-MSF-GENRE,Cambodia,ExtendedStrict,XGBoost,4,1,0.9933618307113647,1
6265,RCN22831,1239-PF-KH-MSF-GENRE,Cambodia,ExtendedStrict,XGBoost,4,1,0.9667500257492065,1
6266,RCN22832,1239-PF-KH-MSF-GENRE,Cambodia,ExtendedStrict,XGBoost,4,0,0.013773285783827305,0
6267,RCN22833,1239-PF-KH-MSF-GENRE,Cambodia,ExtendedStrict,XGBoost,4,1,0.996188223361969,1
6268,RCN22834,1239-PF-KH-MSF-GENRE,Cambodia,ExtendedStrict,XGBoost,4,1,0.9199956059455872,1
6269,RCN22835,1239-PF-KH-MSF-GENRE,Cambodia,ExtendedStrict,XGBoost,4,0,0.6341066360473633,1
6270,RCN22836,1239-PF-KH-MSF-GENRE,Cambodia,ExtendedStrict,XGBoost,4,1,0.996188223361969,1
6271,RCN22837,1239-PF-KH-MSF-GENRE,Cambodia,ExtendedStrict,XGBoost,4,1,0.9952129125595093,1
6272,RCN22838,1239-PF-KH-MSF-GENRE,Cambodia,ExtendedStrict,XGBoost,4,1,0.9847851991653442,1
6273,RCN22839,1239-PF-KH-MSF-GENRE,Cambodia,ExtendedStrict,XGBoost,4,0,0.6337125897407532,1
6274,RCN22840,1239-PF-KH-MSF-GENRE,Cambodia,ExtendedStrict,XGBoost,4,1,0.9950762391090393,1
6275,RCN22842,1239-PF-KH-MSF-GENRE,Cambodia,ExtendedStrict,XGBoost,4,1,0.8796370625495911,1
6276,RCN22843,1239-PF-KH-MSF-GENRE,Cambodia,ExtendedStrict,XGBoost,4,0,0.5238537788391113,1
6277,RCN22845,1239-PF-KH-MSF-GENRE,Cambodia,ExtendedStrict,XGBoost,4,0,0.24155856668949127,0
6278,RCN22846,1239-PF-KH-MSF-GENRE,Cambodia,ExtendedStrict,XGBoost,4,1,0.9723449945449829,1
6279,RCN22847,1239-PF-KH-MSF-GENRE,Cambodia,ExtendedStrict,XGBoost,4,1,0.9763595461845398,1
6280,RCN22848,1239-PF-KH-MSF-GENRE,Cambodia,ExtendedStrict,XGBoost,4,1,0.9607133865356445,1
6281,RCN22850,1239-PF-KH-MSF-GENRE,Cambodia,ExtendedStrict,XGBoost,4,1,0.9950762391090393,1
6282,RCN22851,1239-PF-KH-MSF-GENRE,Cambodia,ExtendedStrict,XGBoost,4,1,0.9911431074142456,1
6283,RCN22852,1239-PF-KH-MSF-GENRE,Cambodia,ExtendedStrict,XGBoost,4,1,0.9808120727539062,1
6284,RCN22853,1239-PF-KH-MSF-GENRE,Cambodia,ExtendedStrict,XGBoost,4,1,0.9856646060943604,1
6285,RCN22854,1239-PF-KH-MSF-GENRE,Cambodia,ExtendedStrict,XGBoost,4,1,0.9533385634422302,1
6286,RCN22855,1239-PF-KH-MSF-GENRE,Cambodia,ExtendedStrict,XGBoost,4,1,0.967881441116333,1
6287,RCN22857,1239-PF-KH-MSF-GENRE,Cambodia,ExtendedStrict,XGBoost,4,1,0.9607133865356445,1
6288,RCN22858,1239-PF-KH-MSF-GENRE,Cambodia,ExtendedStrict,XGBoost,4,1,0.9928412437438965,1
6289,RCN22859,1239-PF-KH-MSF-GENRE,Cambodia,ExtendedStrict,XGBoost,4,1,0.9928412437438965,1
6290,RCN22860,1239-PF-KH-MSF-GENRE,Cambodia,ExtendedStrict,XGBoost,4,1,0.9935883283615112,1
6291,RCN22861,1239-PF-KH-MSF-GENRE,Cambodia,ExtendedStrict,XGBoost,4,1,0.9533385634422302,1
6292,RCN22862,1239-PF-KH-MSF-GENRE,Cambodia,ExtendedStrict,XGBoost,4,1,0.9928412437438965,1
6293,RCN22863,1239-PF-KH-MSF-GENRE,Cambodia,ExtendedStrict,XGBoost,4,1,0.9944557547569275,1
6294,RCN22864,1239-PF-KH-MSF-GENRE,Cambodia,ExtendedStrict,XGBoost,4,1,0.9636672735214233,1
6295,RCN22865,1239-PF-KH-MSF-GENRE,Cambodia,ExtendedStrict,XGBoost,4,0,0.9427433013916016,1
6296,RCN22866,1239-PF-KH-MSF-GENRE,Cambodia,ExtendedStrict,XGBoost,4,1,0.9906184077262878,1
6297,RCN22867,1239-PF-KH-MSF-GENRE,Cambodia,ExtendedStrict,XGBoost,4,1,0.9950762391090393,1
6298,RCN22868,1239-PF-KH-MSF-GENRE,Cambodia,ExtendedStrict,XGBoost,4,1,0.9952923059463501,1
6299,RCN22869,1239-PF-KH-MSF-GENRE,Cambodia,ExtendedStrict,XGBoost,4,1,0.9723195433616638,1
6300,RCN22870,1239-PF-KH-MSF-GENRE,Cambodia,ExtendedStrict,XGBoost,4,1,0.9936904907226562,1
6301,RCN22872,1239-PF-KH-MSF-GENRE,Cambodia,ExtendedStrict,XGBoost,4,1,0.9710772633552551,1
6302,RCN22873,1239-PF-KH-MSF-GENRE,Cambodia,ExtendedStrict,XGBoost,4,1,0.9696388244628906,1
6303,RCN22874,1239-PF-KH-MSF-GENRE,Cambodia,ExtendedStrict,XGBoost,4,1,0.9696388244628906,1
6304,RCN22875,1239-PF-KH-MSF-GENRE,Cambodia,ExtendedStrict,XGBoost,4,1,0.9696388244628906,1
6305,RCN22876,1239-PF-KH-MSF-GENRE,Cambodia,ExtendedStrict,XGBoost,4,1,0.9738566279411316,1
6306,RCN22877,1239-PF-KH-MSF-GENRE,Cambodia,ExtendedStrict,XGBoost,4,1,0.9590172171592712,1
6307,RCN22878,1239-PF-KH-MSF-GENRE,Cambodia,ExtendedStrict,XGBoost,4,1,0.9723195433616638,1
6308,RCN22879,1239-PF-KH-MSF-GENRE,Cambodia,ExtendedStrict,XGBoost,4,1,0.9747684597969055,1
6309,RCN22880,1239-PF-KH-MSF-GENRE,Cambodia,ExtendedStrict,XGBoost,4,1,0.987011730670929,1
6310,RCN22881,1239-PF-KH-MSF-GENRE,Cambodia,ExtendedStrict,XGBoost,4,0,0.03341377153992653,0
6311,RCN22882,1239-PF-KH-MSF-GENRE,Cambodia,ExtendedStrict,XGBoost,4,1,0.9911656975746155,1
6312,RCN22887,1239-PF-KH-MSF-GENRE,Cambodia,ExtendedStrict,XGBoost,4,0,0.760531485080719,1
6313,RCN22888,1239-PF-KH-MSF-GENRE,Cambodia,ExtendedStrict,XGBoost,4,1,0.9652335047721863,1
6314,RCN22889,1239-PF-KH-MSF-GENRE,Cambodia,ExtendedStrict,XGBoost,4,0,0.8251835703849792,1
6315,RCN22890,1239-PF-KH-MSF-GENRE,Cambodia,ExtendedStrict,XGBoost,4,0,0.7738702297210693,1
6316,RCN22891,1239-PF-KH-MSF-GENRE,Cambodia,ExtendedStrict,XGBoost,4,0,0.771601676940918,1
6317,RCN22892,1239-PF-KH-MSF-GENRE,Cambodia,ExtendedStrict,XGBoost,4,1,0.9238798022270203,1
6318,RCN22894,1239-PF-KH-MSF-GENRE,Cambodia,ExtendedStrict,XGBoost,4,1,0.957750678062439,1
6319,RCN22895,1239-PF-KH-MSF-GENRE,Cambodia,ExtendedStrict,XGBoost,4,0,0.7468101978302002,1
6320,RCN22896,1239-PF-KH-MSF-GENRE,Cambodia,ExtendedStrict,XGBoost,4,1,0.9933618307113647,1
6321,RCN22897,1239-PF-KH-MSF-GENRE,Cambodia,ExtendedStrict,XGBoost,4,1,0.8900852799415588,1
6322,RCN22898,1239-PF-KH-MSF-GENRE,Cambodia,ExtendedStrict,XGBoost,4,0,0.04891218617558479,0
6323,RCN22899,1239-PF-KH-MSF-GENRE,Cambodia,ExtendedStrict,XGBoost,4,0,0.04891218617558479,0
6324,RCN22900,1239-PF-KH-MSF-GENRE,Cambodia,ExtendedStrict,XGBoost,4,0,0.04891218617558479,0
6325,RCN22902,1239-PF-KH-MSF-GENRE,Cambodia,ExtendedStrict,XGBoost,4,0,0.771601676940918,1
6326,RCN22903,1239-PF-KH-MSF-GENRE,Cambodia,ExtendedStrict,XGBoost,4,1,0.9696388244628906,1
6327,RCN22904,1239-PF-KH-MSF-GENRE,Cambodia,ExtendedStrict,XGBoost,4,0,0.771601676940918,1
6328,RCN22905,1239-PF-KH-MSF-GENRE,Cambodia,ExtendedStrict,XGBoost,4,1,0.8279296159744263,1
6329,RCN22908,1239-PF-KH-MSF-GENRE,Cambodia,ExtendedStrict,XGBoost,4,1,0.9606802463531494,1
6330,RCN22909,1239-PF-KH-MSF-GENRE,Cambodia,ExtendedStrict,XGBoost,4,1,0.9137012362480164,1
6331,RCN22911,1239-PF-KH-MSF-GENRE,Cambodia,ExtendedStrict,XGBoost,4,1,0.9870167374610901,1
6332,RCN22931,1239-PF-KH-MSF-GENRE,Cambodia,ExtendedStrict,XGBoost,4,1,0.9952892065048218,1
6333,RCN22934,1239-PF-KH-MSF-GENRE,Cambodia,ExtendedStrict,XGBoost,4,1,0.9954872727394104,1
6334,RCN22939,1239-PF-KH-MSF-GENRE,Cambodia,ExtendedStrict,XGBoost,4,1,0.9427433013916016,1
6335,RCN22940,1239-PF-KH-MSF-GENRE,Cambodia,ExtendedStrict,XGBoost,4,1,0.994124710559845,1
6336,RCN22947,1239-PF-KH-MSF-GENRE,Cambodia,ExtendedStrict,XGBoost,4,1,0.9952923059463501,1
6337,RCN22954,1239-PF-KH-MSF-GENRE,Cambodia,ExtendedStrict,XGBoost,4,1,0.7755005359649658,1
6338,RCN22955,1239-PF-KH-MSF-GENRE,Cambodia,ExtendedStrict,XGBoost,4,1,0.8523465991020203,1
6339,RCN22957,1239-PF-KH-MSF-GENRE,Cambodia,ExtendedStrict,XGBoost,4,1,0.8313084244728088,1
6340,RCN22959,1239-PF-KH-MSF-GENRE,Cambodia,ExtendedStrict,XGBoost,4,1,0.957750678062439,1
6341,RCN22967,1239-PF-KH-MSF-GENRE,Cambodia,ExtendedStrict,XGBoost,4,1,0.980338454246521,1
6342,RCN22970,1239-PF-KH-MSF-GENRE,Cambodia,ExtendedStrict,XGBoost,4,1,0.9935429096221924,1
6343,RCN22971,1239-PF-KH-MSF-GENRE,Cambodia,ExtendedStrict,XGBoost,4,1,0.9835710525512695,1
6344,RCN22972,1239-PF-KH-MSF-GENRE,Cambodia,ExtendedStrict,XGBoost,4,1,0.996188223361969,1
6345,RCN22974,1239-PF-KH-MSF-GENRE,Cambodia,ExtendedStrict,XGBoost,4,1,0.995830237865448,1
6346,RCN22975,1239-PF-KH-MSF-GENRE,Cambodia,ExtendedStrict,XGBoost,4,1,0.996188223361969,1
6347,RCN22976,1239-PF-KH-MSF-GENRE,Cambodia,ExtendedStrict,XGBoost,4,1,0.794597327709198,1
6348,RCN22977,1239-PF-KH-MSF-GENRE,Cambodia,ExtendedStrict,XGBoost,4,1,0.9258614778518677,1
6349,RCN22979,1239-PF-KH-MSF-GENRE,Cambodia,ExtendedStrict,XGBoost,4,1,0.9928412437438965,1
6350,RCN22982,1239-PF-KH-MSF-GENRE,Cambodia,ExtendedStrict,XGBoost,4,1,0.9669263362884521,1
6351,RCN22984,1239-PF-KH-MSF-GENRE,Cambodia,ExtendedStrict,XGBoost,4,1,0.9949992895126343,1
6352,RCN22988,1239-PF-KH-MSF-GENRE,Cambodia,ExtendedStrict,XGBoost,4,1,0.996188223361969,1
6353,RCN22989,1239-PF-KH-MSF-GENRE,Cambodia,ExtendedStrict,XGBoost,4,1,0.9939607381820679,1
6354,RCN22990,1239-PF-KH-MSF-GENRE,Cambodia,ExtendedStrict,XGBoost,4,1,0.9869064092636108,1
6355,RCN22995,1239-PF-KH-MSF-GENRE,Cambodia,ExtendedStrict,XGBoost,4,1,0.9902909398078918,1
6356,RCN22999,1239-PF-KH-MSF-GENRE,Cambodia,ExtendedStrict,XGBoost,4,1,0.996188223361969,1
6357,RCN23000,1239-PF-KH-MSF-GENRE,Cambodia,ExtendedStrict,XGBoost,4,1,0.9849268198013306,1
6358,RCN23001,1239-PF-KH-MSF-GENRE,Cambodia,ExtendedStrict,XGBoost,4,1,0.9857034087181091,1
6359,RCN23002,1239-PF-KH-MSF-GENRE,Cambodia,ExtendedStrict,XGBoost,4,1,0.9963369369506836,1
6360,RCN23003,1239-PF-KH-MSF-GENRE,Cambodia,ExtendedStrict,XGBoost,4,1,0.9950762391090393,1
6361,RCN23004,1239-PF-KH-MSF-GENRE,Cambodia,ExtendedStrict,XGBoost,4,1,0.9960600733757019,1
6362,RCN23020,1239-PF-KH-MSF-GENRE,Cambodia,ExtendedStrict,XGBoost,4,1,0.9952923059463501,1
6363,RCN23022,1239-PF-KH-MSF-GENRE,Cambodia,ExtendedStrict,XGBoost,4,1,0.9949992895126343,1
6364,RCN23024,1239-PF-KH-MSF-GENRE,Cambodia,ExtendedStrict,XGBoost,4,1,0.995830237865448,1
6365,RCN23025,1239-PF-KH-MSF-GENRE,Cambodia,ExtendedStrict,XGBoost,4,1,0.9950762391090393,1
6366,RCN23026,1239-PF-KH-MSF-GENRE,Cambodia,ExtendedStrict,XGBoost,4,1,0.9667500257492065,1
6367,RCN23028,1239-PF-KH-MSF-GENRE,Cambodia,ExtendedStrict,XGBoost,4,1,0.996188223361969,1
6368,RCN23029,1239-PF-KH-MSF-GENRE,Cambodia,ExtendedStrict,XGBoost,4,1,0.9952186942100525,1
6369,RCN23030,1239-PF-KH-MSF-GENRE,Cambodia,ExtendedStrict,XGBoost,4,1,0.996188223361969,1
6370,RCN23032,1239-PF-KH-MSF-GENRE,Cambodia,ExtendedStrict,XGBoost,4,1,0.9949992895126343,1
6371,RCN23035,1239-PF-KH-MSF-GENRE,Cambodia,ExtendedStrict,XGBoost,4,1,0.9933618307113647,1
6372,RCN23036,1239-PF-KH-MSF-GENRE,Cambodia,ExtendedStrict,XGBoost,4,1,0.996188223361969,1
6373,RCN23038,1239-PF-KH-MSF-GENRE,Cambodia,ExtendedStrict,XGBoost,4,1,0.9939369559288025,1
6374,RCN23041,1239-PF-KH-MSF-GENRE,Cambodia,ExtendedStrict,XGBoost,4,0,0.5221362113952637,1
6375,RCN23042,1239-PF-KH-MSF-GENRE,Cambodia,ExtendedStrict,XGBoost,4,1,0.8440279960632324,1
6376,RCN23044,1239-PF-KH-MSF-GENRE,Cambodia,ExtendedStrict,XGBoost,4,0,0.427705854177475,0
6377,RCN23046,1239-PF-KH-MSF-GENRE,Cambodia,ExtendedStrict,XGBoost,4,0,0.427705854177475,0
6378,RCN23048,1239-PF-KH-MSF-GENRE,Cambodia,ExtendedStrict,XGBoost,4,0,0.427705854177475,0
6379,RCN23059,1239-PF-KH-MSF-GENRE,Cambodia,ExtendedStrict,XGBoost,4,1,0.9952923059463501,1
6380,RCN23060,1239-PF-KH-MSF-GENRE,Cambodia,ExtendedStrict,XGBoost,4,1,0.9894914627075195,1
6381,RCN23072,1239-PF-KH-MSF-GENRE,Cambodia,ExtendedStrict,XGBoost,4,1,0.9907620549201965,1
6382,RCN23080,1239-PF-KH-MSF-GENRE,Cambodia,ExtendedStrict,XGBoost,4,1,0.9387779235839844,1
6383,RCN23082,1239-PF-KH-MSF-GENRE,Cambodia,ExtendedStrict,XGBoost,4,1,0.9199956059455872,1
6384,RCN23098,1239-PF-KH-MSF-GENRE,Cambodia,ExtendedStrict,XGBoost,4,1,0.9895166754722595,1
6385,RCN23099,1239-PF-KH-MSF-GENRE,Cambodia,ExtendedStrict,XGBoost,4,1,0.996188223361969,1
6386,RCN23103,1239-PF-KH-MSF-GENRE,Cambodia,ExtendedStrict,XGBoost,4,1,0.9947103261947632,1
6387,RCN23105,1239-PF-KH-MSF-GENRE,Cambodia,ExtendedStrict,XGBoost,4,1,0.9482007622718811,1
6388,RCN23106,1239-PF-KH-MSF-GENRE,Cambodia,ExtendedStrict,XGBoost,4,1,0.9950762391090393,1
6389,RCN23112,1239-PF-KH-MSF-GENRE,Cambodia,ExtendedStrict,XGBoost,4,1,0.9885828495025635,1
6390,RCN23114,1239-PF-KH-MSF-GENRE,Cambodia,ExtendedStrict,XGBoost,4,1,0.9799173474311829,1
6391,RCN23121,1239-PF-KH-MSF-GENRE,Cambodia,ExtendedStrict,XGBoost,4,1,0.8523465991020203,1
6392,RCN23122,1239-PF-KH-MSF-GENRE,Cambodia,ExtendedStrict,XGBoost,4,1,0.9923267960548401,1
6393,RCN23128,1239-PF-KH-MSF-GENRE,Cambodia,ExtendedStrict,XGBoost,4,1,0.9845626950263977,1
6394,RCN23138,1239-PF-KH-MSF-GENRE,Cambodia,ExtendedStrict,XGBoost,4,1,0.9950762391090393,1
6395,RCN23139,1239-PF-KH-MSF-GENRE,Cambodia,ExtendedStrict,XGBoost,4,1,0.9717934131622314,1
6396,RCN23145,1239-PF-KH-MSF-GENRE,Cambodia,ExtendedStrict,XGBoost,4,1,0.8440279960632324,1
6397,RCN23146,1239-PF-KH-MSF-GENRE,Cambodia,ExtendedStrict,XGBoost,4,1,0.8561477065086365,1
6398,RCN23151,1239-PF-KH-MSF-GENRE,Cambodia,ExtendedStrict,XGBoost,4,1,0.8313084244728088,1
6399,RCN23162,1239-PF-KH-MSF-GENRE,Cambodia,ExtendedStrict,XGBoost,4,1,0.9582750797271729,1
6400,RCN23163,1239-PF-KH-MSF-GENRE,Cambodia,ExtendedStrict,XGBoost,4,0,0.1512630432844162,0
6401,RCN23164,1239-PF-KH-MSF-GENRE,Cambodia,ExtendedStrict,XGBoost,4,1,0.9872106313705444,1
6402,RCN23166,1239-PF-KH-MSF-GENRE,Cambodia,ExtendedStrict,XGBoost,4,1,0.996188223361969,1
6403,RCN23167,1239-PF-KH-MSF-GENRE,Cambodia,ExtendedStrict,XGBoost,4,0,0.6575320959091187,1
6404,RCN23168,1239-PF-KH-MSF-GENRE,Cambodia,ExtendedStrict,XGBoost,4,1,0.9775187969207764,1
6405,RCN23174,1239-PF-KH-MSF-GENRE,Cambodia,ExtendedStrict,XGBoost,4,1,0.9913285374641418,1
6406,RCN23175,1239-PF-KH-MSF-GENRE,Cambodia,ExtendedStrict,XGBoost,4,1,0.978962242603302,1
6407,RCN23178,1239-PF-KH-MSF-GENRE,Cambodia,ExtendedStrict,XGBoost,4,1,0.8515822291374207,1
6408,RCN23191,1239-PF-KH-MSF-GENRE,Cambodia,ExtendedStrict,XGBoost,4,1,0.9653990268707275,1
6409,RCN23198,1239-PF-KH-MSF-GENRE,Cambodia,ExtendedStrict,XGBoost,4,1,0.9913629293441772,1
6410,RCN23208,1239-PF-KH-MSF-GENRE,Cambodia,ExtendedStrict,XGBoost,4,1,0.985016942024231,1
6411,RCN23216,1239-PF-KH-MSF-GENRE,Cambodia,ExtendedStrict,XGBoost,4,1,0.9561090469360352,1
6412,RCN23223,1239-PF-KH-MSF-GENRE,Cambodia,ExtendedStrict,XGBoost,4,1,0.9791331887245178,1
6413,RCN23227,1239-PF-KH-MSF-GENRE,Cambodia,ExtendedStrict,XGBoost,4,1,0.9794491529464722,1
6414,RCN23230,1239-PF-KH-MSF-GENRE,Cambodia,ExtendedStrict,XGBoost,4,1,0.9791331887245178,1
6415,RCN23232,1239-PF-KH-MSF-GENRE,Cambodia,ExtendedStrict,XGBoost,4,1,0.9791331887245178,1
6416,RCN23233,1239-PF-KH-MSF-GENRE,Cambodia,ExtendedStrict,XGBoost,4,1,0.9791321754455566,1
6417,RCN23234,1239-PF-KH-MSF-GENRE,Cambodia,ExtendedStrict,XGBoost,4,1,0.9794491529464722,1
77,PD0109-C,1031-PF-SEA-PLOWE,Thailand,ExtendedStrict,XGBoost,5,0,0.35331735014915466,0
78,PD0110-C,1031-PF-SEA-PLOWE,Thailand,ExtendedStrict,XGBoost,5,1,0.22358457744121552,0
111,PD0145-C,1031-PF-SEA-PLOWE,Thailand,ExtendedStrict,XGBoost,5,0,0.22371649742126465,0
241,PD0716-C,1125-PF-TH-NOSTEN,Thailand,ExtendedStrict,XGBoost,5,0,0.36120495200157166,0
242,PD0717-C,1125-PF-TH-NOSTEN,Thailand,ExtendedStrict,XGBoost,5,0,0.3222567141056061,0
243,PD0718-C,1125-PF-TH-NOSTEN,Thailand,ExtendedStrict,XGBoost,5,0,0.31051507592201233,0
244,PD0720-C,1125-PF-TH-NOSTEN,Thailand,ExtendedStrict,XGBoost,5,1,0.43055710196495056,0
245,PD0721-C,1125-PF-TH-NOSTEN,Thailand,ExtendedStrict,XGBoost,5,0,0.28812310099601746,0
246,PD0722-C,1125-PF-TH-NOSTEN,Thailand,ExtendedStrict,XGBoost,5,0,0.35211148858070374,0
247,PD0724-C,1125-PF-TH-NOSTEN,Thailand,ExtendedStrict,XGBoost,5,0,0.42949536442756653,0
248,PD0725-C,1125-PF-TH-NOSTEN,Thailand,ExtendedStrict,XGBoost,5,1,0.43055710196495056,0
249,PD0726-C,1125-PF-TH-NOSTEN,Thailand,ExtendedStrict,XGBoost,5,0,0.49460676312446594,0
250,PD0727-C,1125-PF-TH-NOSTEN,Thailand,ExtendedStrict,XGBoost,5,0,0.4656648635864258,0
251,PD0728-C,1125-PF-TH-NOSTEN,Thailand,ExtendedStrict,XGBoost,5,0,0.3129633069038391,0
252,PD0729-C,1125-PF-TH-NOSTEN,Thailand,ExtendedStrict,XGBoost,5,0,0.28419753909111023,0
253,PD0730-C,1125-PF-TH-NOSTEN,Thailand,ExtendedStrict,XGBoost,5,0,0.3401106894016266,0
254,PD0731-C,1125-PF-TH-NOSTEN,Thailand,ExtendedStrict,XGBoost,5,1,0.49460676312446594,0
255,PD0733-C,1125-PF-TH-NOSTEN,Thailand,ExtendedStrict,XGBoost,5,0,0.30450543761253357,0
256,PD0734-C,1125-PF-TH-NOSTEN,Thailand,ExtendedStrict,XGBoost,5,1,0.5443212389945984,1
257,PD0735-C,1125-PF-TH-NOSTEN,Thailand,ExtendedStrict,XGBoost,5,0,0.3129633069038391,0
258,PD0740-C,1125-PF-TH-NOSTEN,Thailand,ExtendedStrict,XGBoost,5,0,0.17417392134666443,0
259,PD0741-C,1125-PF-TH-NOSTEN,Thailand,ExtendedStrict,XGBoost,5,0,0.412562757730484,0
260,PD0742-C,1125-PF-TH-NOSTEN,Thailand,ExtendedStrict,XGBoost,5,0,0.35129234194755554,0
261,PD0744-C,1125-PF-TH-NOSTEN,Thailand,ExtendedStrict,XGBoost,5,0,0.48389169573783875,0
262,PD0746-C,1125-PF-TH-NOSTEN,Thailand,ExtendedStrict,XGBoost,5,1,0.4810425043106079,0
263,PD0747-C,1125-PF-TH-NOSTEN,Thailand,ExtendedStrict,XGBoost,5,0,0.36120495200157166,0
264,PD0748-C,1125-PF-TH-NOSTEN,Thailand,ExtendedStrict,XGBoost,5,0,0.369585245847702,0
265,PD0749-C,1125-PF-TH-NOSTEN,Thailand,ExtendedStrict,XGBoost,5,0,0.5546622276306152,1
266,PD0750-C,1125-PF-TH-NOSTEN,Thailand,ExtendedStrict,XGBoost,5,0,0.5550685524940491,1
267,PD0751-C,1125-PF-TH-NOSTEN,Thailand,ExtendedStrict,XGBoost,5,1,0.30450543761253357,0
268,PD0754-C,1125-PF-TH-NOSTEN,Thailand,ExtendedStrict,XGBoost,5,0,0.04500221833586693,0
269,PD0755-C,1125-PF-TH-NOSTEN,Thailand,ExtendedStrict,XGBoost,5,0,0.22723501920700073,0
270,PD0758-C,1125-PF-TH-NOSTEN,Thailand,ExtendedStrict,XGBoost,5,0,0.6070460677146912,1
271,PD0760-C,1125-PF-TH-NOSTEN,Thailand,ExtendedStrict,XGBoost,5,0,0.5546622276306152,1
272,PD0761-C,1125-PF-TH-NOSTEN,Thailand,ExtendedStrict,XGBoost,5,0,0.49615418910980225,0
273,PD0762-C,1125-PF-TH-NOSTEN,Thailand,ExtendedStrict,XGBoost,5,0,0.2957000732421875,0
274,PD0765-C,1125-PF-TH-NOSTEN,Thailand,ExtendedStrict,XGBoost,5,0,0.2132037729024887,0
275,PD0766-C,1125-PF-TH-NOSTEN,Thailand,ExtendedStrict,XGBoost,5,0,0.543060839176178,1
276,PD0767-C,1125-PF-TH-NOSTEN,Thailand,ExtendedStrict,XGBoost,5,0,0.2860988974571228,0
277,PD0771-C,1125-PF-TH-NOSTEN,Thailand,ExtendedStrict,XGBoost,5,0,0.41577044129371643,0
278,PD0772-C,1125-PF-TH-NOSTEN,Thailand,ExtendedStrict,XGBoost,5,0,0.3374524414539337,0
279,PD0774-C,1125-PF-TH-NOSTEN,Thailand,ExtendedStrict,XGBoost,5,0,0.2686573565006256,0
280,PD0775-C,1125-PF-TH-NOSTEN,Thailand,ExtendedStrict,XGBoost,5,0,0.37783798575401306,0
281,PD0776-C,1125-PF-TH-NOSTEN,Thailand,ExtendedStrict,XGBoost,5,0,0.22143922746181488,0
282,PD0777-C,1125-PF-TH-NOSTEN,Thailand,ExtendedStrict,XGBoost,5,0,0.49460676312446594,0
283,PD0781-C,1125-PF-TH-NOSTEN,Thailand,ExtendedStrict,XGBoost,5,0,0.3950313329696655,0
284,PD0782-C,1125-PF-TH-NOSTEN,Thailand,ExtendedStrict,XGBoost,5,0,0.40740764141082764,0
285,PD0785-C,1125-PF-TH-NOSTEN,Thailand,ExtendedStrict,XGBoost,5,0,0.5731694102287292,1
286,PD0786-C,1125-PF-TH-NOSTEN,Thailand,ExtendedStrict,XGBoost,5,0,0.3666864037513733,0
287,PD0787-C,1125-PF-TH-NOSTEN,Thailand,ExtendedStrict,XGBoost,5,0,0.7179071307182312,1
288,PD0789-C,1125-PF-TH-NOSTEN,Thailand,ExtendedStrict,XGBoost,5,0,0.6576449275016785,1
289,PD0790-C,1125-PF-TH-NOSTEN,Thailand,ExtendedStrict,XGBoost,5,0,0.5821059942245483,1
290,PD0791-C,1125-PF-TH-NOSTEN,Thailand,ExtendedStrict,XGBoost,5,1,0.7456198334693909,1
291,PD0792-C,1125-PF-TH-NOSTEN,Thailand,ExtendedStrict,XGBoost,5,0,0.40305182337760925,0
292,PD0794-C,1125-PF-TH-NOSTEN,Thailand,ExtendedStrict,XGBoost,5,0,0.355197548866272,0
293,PD0795-C,1125-PF-TH-NOSTEN,Thailand,ExtendedStrict,XGBoost,5,0,0.729654848575592,1
294,PD0796-C,1125-PF-TH-NOSTEN,Thailand,ExtendedStrict,XGBoost,5,0,0.348316490650177,0
295,PD0799-C,1125-PF-TH-NOSTEN,Thailand,ExtendedStrict,XGBoost,5,1,0.7456198334693909,1
296,PD0800-C,1125-PF-TH-NOSTEN,Thailand,ExtendedStrict,XGBoost,5,1,0.7783969044685364,1
297,PD0801-C,1125-PF-TH-NOSTEN,Thailand,ExtendedStrict,XGBoost,5,1,0.08743952959775925,0
298,PD0802-C,1125-PF-TH-NOSTEN,Thailand,ExtendedStrict,XGBoost,5,1,0.2161451131105423,0
299,PD0803-C,1125-PF-TH-NOSTEN,Thailand,ExtendedStrict,XGBoost,5,1,0.7374011874198914,1
300,PD0804-C,1125-PF-TH-NOSTEN,Thailand,ExtendedStrict,XGBoost,5,1,0.7456198334693909,1
301,PD0806-C,1125-PF-TH-NOSTEN,Thailand,ExtendedStrict,XGBoost,5,1,0.7783969044685364,1
302,PD0808-C,1125-PF-TH-NOSTEN,Thailand,ExtendedStrict,XGBoost,5,1,0.6744930744171143,1
303,PD0809-C,1125-PF-TH-NOSTEN,Thailand,ExtendedStrict,XGBoost,5,1,0.5909650921821594,1
304,PD0810-C,1125-PF-TH-NOSTEN,Thailand,ExtendedStrict,XGBoost,5,1,0.347682386636734,0
305,PD0813-C,1125-PF-TH-NOSTEN,Thailand,ExtendedStrict,XGBoost,5,0,0.08614888787269592,0
306,PD0814-C,1125-PF-TH-NOSTEN,Thailand,ExtendedStrict,XGBoost,5,1,0.7783969044685364,1
307,PD0816-C,1125-PF-TH-NOSTEN,Thailand,ExtendedStrict,XGBoost,5,1,0.7374011874198914,1
308,PD0817-C,1125-PF-TH-NOSTEN,Thailand,ExtendedStrict,XGBoost,5,0,0.4342159628868103,0
309,PD0818-C,1125-PF-TH-NOSTEN,Thailand,ExtendedStrict,XGBoost,5,1,0.7374011874198914,1
310,PD0819-C,1125-PF-TH-NOSTEN,Thailand,ExtendedStrict,XGBoost,5,1,0.7456198334693909,1
311,PD0820-C,1125-PF-TH-NOSTEN,Thailand,ExtendedStrict,XGBoost,5,1,0.729654848575592,1
312,PD0822-C,1125-PF-TH-NOSTEN,Thailand,ExtendedStrict,XGBoost,5,1,0.7533059120178223,1
313,PD0823-C,1125-PF-TH-NOSTEN,Thailand,ExtendedStrict,XGBoost,5,1,0.7783969044685364,1
314,PD0824-C,1125-PF-TH-NOSTEN,Thailand,ExtendedStrict,XGBoost,5,1,0.7783969044685364,1
315,PD0825-C,1125-PF-TH-NOSTEN,Thailand,ExtendedStrict,XGBoost,5,1,0.7783969044685364,1
316,PD0826-C,1125-PF-TH-NOSTEN,Thailand,ExtendedStrict,XGBoost,5,1,0.7533059120178223,1
317,PD0827-C,1125-PF-TH-NOSTEN,Thailand,ExtendedStrict,XGBoost,5,1,0.7374011874198914,1
318,PD0828-C,1125-PF-TH-NOSTEN,Thailand,ExtendedStrict,XGBoost,5,1,0.7630212306976318,1
319,PD0829-C,1125-PF-TH-NOSTEN,Thailand,ExtendedStrict,XGBoost,5,1,0.7374011874198914,1
320,PD0830-C,1125-PF-TH-NOSTEN,Thailand,ExtendedStrict,XGBoost,5,1,0.29159021377563477,0
321,PD0831-C,1125-PF-TH-NOSTEN,Thailand,ExtendedStrict,XGBoost,5,1,0.4103333055973053,0
322,PD0832-C,1125-PF-TH-NOSTEN,Thailand,ExtendedStrict,XGBoost,5,1,0.7533059120178223,1
323,PD0833-C,1125-PF-TH-NOSTEN,Thailand,ExtendedStrict,XGBoost,5,0,0.24305394291877747,0
324,PD0834-C,1125-PF-TH-NOSTEN,Thailand,ExtendedStrict,XGBoost,5,0,0.32100003957748413,0
325,PD0835-C,1125-PF-TH-NOSTEN,Thailand,ExtendedStrict,XGBoost,5,0,0.42949536442756653,0
326,PD0836-C,1125-PF-TH-NOSTEN,Thailand,ExtendedStrict,XGBoost,5,0,0.3040914237499237,0
327,PD0837-C,1125-PF-TH-NOSTEN,Thailand,ExtendedStrict,XGBoost,5,0,0.23703356087207794,0
328,PD0838-C,1125-PF-TH-NOSTEN,Thailand,ExtendedStrict,XGBoost,5,0,0.3371778428554535,0
329,PD0839-C,1125-PF-TH-NOSTEN,Thailand,ExtendedStrict,XGBoost,5,0,0.48389169573783875,0
330,PD0840-C,1125-PF-TH-NOSTEN,Thailand,ExtendedStrict,XGBoost,5,0,0.41577044129371643,0
331,PD0841-C,1125-PF-TH-NOSTEN,Thailand,ExtendedStrict,XGBoost,5,0,0.3567773103713989,0
332,PD0842-C,1125-PF-TH-NOSTEN,Thailand,ExtendedStrict,XGBoost,5,0,0.42949536442756653,0
333,PD0843-C,1125-PF-TH-NOSTEN,Thailand,ExtendedStrict,XGBoost,5,0,0.027582192793488503,0
334,PD0846-C,1125-PF-TH-NOSTEN,Thailand,ExtendedStrict,XGBoost,5,0,0.369585245847702,0
335,PD0847-C,1125-PF-TH-NOSTEN,Thailand,ExtendedStrict,XGBoost,5,0,0.5441709160804749,1
336,PD0848-C,1125-PF-TH-NOSTEN,Thailand,ExtendedStrict,XGBoost,5,0,0.3129633069038391,0
337,PD0849-C,1125-PF-TH-NOSTEN,Thailand,ExtendedStrict,XGBoost,5,0,0.2686573565006256,0
338,PD0851-C,1125-PF-TH-NOSTEN,Thailand,ExtendedStrict,XGBoost,5,0,0.32451894879341125,0
339,PD0852-C,1125-PF-TH-NOSTEN,Thailand,ExtendedStrict,XGBoost,5,0,0.21885502338409424,0
340,PD0853-C,1125-PF-TH-NOSTEN,Thailand,ExtendedStrict,XGBoost,5,0,0.31051507592201233,0
341,PD0854-C,1125-PF-TH-NOSTEN,Thailand,ExtendedStrict,XGBoost,5,0,0.42949536442756653,0
342,PD0855-C,1125-PF-TH-NOSTEN,Thailand,ExtendedStrict,XGBoost,5,0,0.2883033752441406,0
343,PD0856-C,1125-PF-TH-NOSTEN,Thailand,ExtendedStrict,XGBoost,5,0,0.36554911732673645,0
344,PD0857-C,1125-PF-TH-NOSTEN,Thailand,ExtendedStrict,XGBoost,5,0,0.6270948052406311,1
345,PD0858-C,1125-PF-TH-NOSTEN,Thailand,ExtendedStrict,XGBoost,5,0,0.22205160558223724,0
346,PD0859-C,1125-PF-TH-NOSTEN,Thailand,ExtendedStrict,XGBoost,5,0,0.18289384245872498,0
347,PD0860-C,1125-PF-TH-NOSTEN,Thailand,ExtendedStrict,XGBoost,5,0,0.48625946044921875,0
348,PD0861-C,1125-PF-TH-NOSTEN,Thailand,ExtendedStrict,XGBoost,5,0,0.25145021080970764,0
349,PD0862-C,1125-PF-TH-NOSTEN,Thailand,ExtendedStrict,XGBoost,5,0,0.5550685524940491,1
350,PD0863-C,1125-PF-TH-NOSTEN,Thailand,ExtendedStrict,XGBoost,5,0,0.24305394291877747,0
351,PD0864-C,1125-PF-TH-NOSTEN,Thailand,ExtendedStrict,XGBoost,5,0,0.39000359177589417,0
352,PD0867-C,1125-PF-TH-NOSTEN,Thailand,ExtendedStrict,XGBoost,5,1,0.30450543761253357,0
353,PD0869-C,1125-PF-TH-NOSTEN,Thailand,ExtendedStrict,XGBoost,5,0,0.17436659336090088,0
354,PD0870-C,1125-PF-TH-NOSTEN,Thailand,ExtendedStrict,XGBoost,5,1,0.27571943402290344,0
355,PD0871-C,1125-PF-TH-NOSTEN,Thailand,ExtendedStrict,XGBoost,5,0,0.4587796628475189,0
356,PD0872-C,1125-PF-TH-NOSTEN,Thailand,ExtendedStrict,XGBoost,5,1,0.7179071307182312,1
357,PD0873-C,1125-PF-TH-NOSTEN,Thailand,ExtendedStrict,XGBoost,5,1,0.729654848575592,1
358,PD0874-C,1125-PF-TH-NOSTEN,Thailand,ExtendedStrict,XGBoost,5,1,0.729654848575592,1
359,PD0875-C,1125-PF-TH-NOSTEN,Thailand,ExtendedStrict,XGBoost,5,1,0.30361196398735046,0
360,PD0876-C,1125-PF-TH-NOSTEN,Thailand,ExtendedStrict,XGBoost,5,1,0.7779840230941772,1
361,PD0877-C,1125-PF-TH-NOSTEN,Thailand,ExtendedStrict,XGBoost,5,1,0.16632914543151855,0
362,PD0878-C,1125-PF-TH-NOSTEN,Thailand,ExtendedStrict,XGBoost,5,1,0.39478588104248047,0
363,PD0879-C,1125-PF-TH-NOSTEN,Thailand,ExtendedStrict,XGBoost,5,1,0.39478588104248047,0
364,PD0881-C,1125-PF-TH-NOSTEN,Thailand,ExtendedStrict,XGBoost,5,0,0.215280681848526,0
365,PD0882-C,1125-PF-TH-NOSTEN,Thailand,ExtendedStrict,XGBoost,5,0,0.3502340316772461,0
366,PD0883-C,1125-PF-TH-NOSTEN,Thailand,ExtendedStrict,XGBoost,5,0,0.24305394291877747,0
367,PD0884-C,1125-PF-TH-NOSTEN,Thailand,ExtendedStrict,XGBoost,5,0,0.18515338003635406,0
368,PD0885-C,1125-PF-TH-NOSTEN,Thailand,ExtendedStrict,XGBoost,5,0,0.558749794960022,1
369,PD0886-C,1125-PF-TH-NOSTEN,Thailand,ExtendedStrict,XGBoost,5,0,0.41805440187454224,0
370,PD0887-C,1125-PF-TH-NOSTEN,Thailand,ExtendedStrict,XGBoost,5,1,0.4473511874675751,0
371,PD0889-C,1125-PF-TH-NOSTEN,Thailand,ExtendedStrict,XGBoost,5,0,0.24305394291877747,0
372,PD0890-C,1125-PF-TH-NOSTEN,Thailand,ExtendedStrict,XGBoost,5,0,0.21885502338409424,0
373,PD0891-C,1125-PF-TH-NOSTEN,Thailand,ExtendedStrict,XGBoost,5,0,0.28179898858070374,0
374,PD0892-C,1125-PF-TH-NOSTEN,Thailand,ExtendedStrict,XGBoost,5,0,0.3974931538105011,0
375,PD0894-C,1125-PF-TH-NOSTEN,Thailand,ExtendedStrict,XGBoost,5,0,0.3007116913795471,0
376,PD0895-C,1125-PF-TH-NOSTEN,Thailand,ExtendedStrict,XGBoost,5,0,0.3129633069038391,0
377,PD0898-C,1125-PF-TH-NOSTEN,Thailand,ExtendedStrict,XGBoost,5,1,0.2709704339504242,0
378,PD0901-C,1125-PF-TH-NOSTEN,Thailand,ExtendedStrict,XGBoost,5,0,0.14393660426139832,0
379,PD0904-C,1125-PF-TH-NOSTEN,Thailand,ExtendedStrict,XGBoost,5,0,0.3072858154773712,0
380,PD0905-C,1125-PF-TH-NOSTEN,Thailand,ExtendedStrict,XGBoost,5,0,0.242262601852417,0
381,PD0906-C,1125-PF-TH-NOSTEN,Thailand,ExtendedStrict,XGBoost,5,0,0.4740014374256134,0
382,PD0907-C,1125-PF-TH-NOSTEN,Thailand,ExtendedStrict,XGBoost,5,0,0.30450543761253357,0
383,PD0908-C,1125-PF-TH-NOSTEN,Thailand,ExtendedStrict,XGBoost,5,0,0.34855756163597107,0
384,PD0909-C,1125-PF-TH-NOSTEN,Thailand,ExtendedStrict,XGBoost,5,0,0.48868629336357117,0
385,PD0910-C,1125-PF-TH-NOSTEN,Thailand,ExtendedStrict,XGBoost,5,0,0.3974931538105011,0
386,PD0913-C,1125-PF-TH-NOSTEN,Thailand,ExtendedStrict,XGBoost,5,1,0.3974931538105011,0
387,PD0914-C,1125-PF-TH-NOSTEN,Thailand,ExtendedStrict,XGBoost,5,0,0.6843822002410889,1
388,PD0915-C,1125-PF-TH-NOSTEN,Thailand,ExtendedStrict,XGBoost,5,0,0.19370196759700775,0
389,PD0916-C,1125-PF-TH-NOSTEN,Thailand,ExtendedStrict,XGBoost,5,0,0.4098797142505646,0
390,PD0918-C,1125-PF-TH-NOSTEN,Thailand,ExtendedStrict,XGBoost,5,0,0.48389169573783875,0
391,PD0919-C,1125-PF-TH-NOSTEN,Thailand,ExtendedStrict,XGBoost,5,0,0.30450543761253357,0
392,PD0920-C,1125-PF-TH-NOSTEN,Thailand,ExtendedStrict,XGBoost,5,0,0.2648327350616455,0
393,PD0921-C,1125-PF-TH-NOSTEN,Thailand,ExtendedStrict,XGBoost,5,0,0.3134525716304779,0
394,PD0923-C,1125-PF-TH-NOSTEN,Thailand,ExtendedStrict,XGBoost,5,0,0.7179071307182312,1
395,PD0924-C,1125-PF-TH-NOSTEN,Thailand,ExtendedStrict,XGBoost,5,1,0.2682899832725525,0
396,PD0925-C,1125-PF-TH-NOSTEN,Thailand,ExtendedStrict,XGBoost,5,0,0.6387627720832825,1
397,PD0926-C,1125-PF-TH-NOSTEN,Thailand,ExtendedStrict,XGBoost,5,0,0.38458773493766785,0
398,PD0927-C,1125-PF-TH-NOSTEN,Thailand,ExtendedStrict,XGBoost,5,1,0.44576048851013184,0
399,PD0928-C,1125-PF-TH-NOSTEN,Thailand,ExtendedStrict,XGBoost,5,1,0.652571439743042,1
400,PD0929-C,1125-PF-TH-NOSTEN,Thailand,ExtendedStrict,XGBoost,5,1,0.7533059120178223,1
401,PD0930-C,1125-PF-TH-NOSTEN,Thailand,ExtendedStrict,XGBoost,5,0,0.375251442193985,0
402,PD0931-C,1125-PF-TH-NOSTEN,Thailand,ExtendedStrict,XGBoost,5,1,0.38458773493766785,0
403,PD0932-C,1125-PF-TH-NOSTEN,Thailand,ExtendedStrict,XGBoost,5,1,0.38458773493766785,0
404,PD0933-C,1125-PF-TH-NOSTEN,Thailand,ExtendedStrict,XGBoost,5,1,0.44576048851013184,0
405,PD0934-C,1125-PF-TH-NOSTEN,Thailand,ExtendedStrict,XGBoost,5,0,0.5746375322341919,1
406,PD0935-C,1125-PF-TH-NOSTEN,Thailand,ExtendedStrict,XGBoost,5,0,0.3170185089111328,0
407,PD0936-C,1125-PF-TH-NOSTEN,Thailand,ExtendedStrict,XGBoost,5,0,0.5546622276306152,1
408,PD0937-C,1125-PF-TH-NOSTEN,Thailand,ExtendedStrict,XGBoost,5,0,0.5180808305740356,1
409,PD0938-C,1125-PF-TH-NOSTEN,Thailand,ExtendedStrict,XGBoost,5,0,0.12396516650915146,0
410,PD0939-C,1125-PF-TH-NOSTEN,Thailand,ExtendedStrict,XGBoost,5,0,0.4740014374256134,0
411,PD0941-C,1125-PF-TH-NOSTEN,Thailand,ExtendedStrict,XGBoost,5,0,0.4444740116596222,0
412,PD0942-C,1125-PF-TH-NOSTEN,Thailand,ExtendedStrict,XGBoost,5,0,0.41577044129371643,0
413,PD0944-C,1125-PF-TH-NOSTEN,Thailand,ExtendedStrict,XGBoost,5,0,0.3129633069038391,0
414,PD0948-C,1125-PF-TH-NOSTEN,Thailand,ExtendedStrict,XGBoost,5,0,0.34855756163597107,0
415,PD0949-C,1125-PF-TH-NOSTEN,Thailand,ExtendedStrict,XGBoost,5,0,0.3929659128189087,0
416,PD0950-C,1125-PF-TH-NOSTEN,Thailand,ExtendedStrict,XGBoost,5,0,0.5546622276306152,1
417,PD0951-C,1125-PF-TH-NOSTEN,Thailand,ExtendedStrict,XGBoost,5,0,0.49460676312446594,0
418,PD0952-C,1125-PF-TH-NOSTEN,Thailand,ExtendedStrict,XGBoost,5,0,0.48389169573783875,0
419,PD0953-C,1125-PF-TH-NOSTEN,Thailand,ExtendedStrict,XGBoost,5,0,0.4699965715408325,0
420,PD0954-C,1125-PF-TH-NOSTEN,Thailand,ExtendedStrict,XGBoost,5,0,0.4740014374256134,0
421,PD0955-C,1125-PF-TH-NOSTEN,Thailand,ExtendedStrict,XGBoost,5,0,0.6782546639442444,1
422,PD0956-C,1125-PF-TH-NOSTEN,Thailand,ExtendedStrict,XGBoost,5,0,0.4663922190666199,0
423,PD0957-C,1125-PF-TH-NOSTEN,Thailand,ExtendedStrict,XGBoost,5,0,0.27687111496925354,0
424,PD0958-C,1125-PF-TH-NOSTEN,Thailand,ExtendedStrict,XGBoost,5,0,0.6811056733131409,1
425,PD0959-C,1125-PF-TH-NOSTEN,Thailand,ExtendedStrict,XGBoost,5,0,0.41577044129371643,0
426,PD0961-C,1125-PF-TH-NOSTEN,Thailand,ExtendedStrict,XGBoost,5,0,0.4740014374256134,0
427,PD0962-C,1125-PF-TH-NOSTEN,Thailand,ExtendedStrict,XGBoost,5,0,0.3252262771129608,0
428,PD0963-C,1125-PF-TH-NOSTEN,Thailand,ExtendedStrict,XGBoost,5,0,0.5397629141807556,1
429,PD0964-C,1125-PF-TH-NOSTEN,Thailand,ExtendedStrict,XGBoost,5,0,0.18468759953975677,0
430,PD0966-C,1125-PF-TH-NOSTEN,Thailand,ExtendedStrict,XGBoost,5,0,0.4740014374256134,0
431,PD0967-C,1125-PF-TH-NOSTEN,Thailand,ExtendedStrict,XGBoost,5,0,0.3974931538105011,0
432,PD0968-C,1125-PF-TH-NOSTEN,Thailand,ExtendedStrict,XGBoost,5,0,0.5032095313072205,1
433,PD0969-C,1125-PF-TH-NOSTEN,Thailand,ExtendedStrict,XGBoost,5,0,0.49615418910980225,0
434,PD0971-C,1125-PF-TH-NOSTEN,Thailand,ExtendedStrict,XGBoost,5,0,0.49003899097442627,0
435,PD0972-C,1125-PF-TH-NOSTEN,Thailand,ExtendedStrict,XGBoost,5,0,0.317442923784256,0
436,PD0973-C,1125-PF-TH-NOSTEN,Thailand,ExtendedStrict,XGBoost,5,0,0.2128324657678604,0
437,PD0974-C,1125-PF-TH-NOSTEN,Thailand,ExtendedStrict,XGBoost,5,0,0.41577044129371643,0
438,PD0976-C,1125-PF-TH-NOSTEN,Thailand,ExtendedStrict,XGBoost,5,0,0.39189592003822327,0
439,PD0978-C,1125-PF-TH-NOSTEN,Thailand,ExtendedStrict,XGBoost,5,0,0.41980552673339844,0
440,PD0979-C,1125-PF-TH-NOSTEN,Thailand,ExtendedStrict,XGBoost,5,0,0.3974931538105011,0
441,PD0980-C,1125-PF-TH-NOSTEN,Thailand,ExtendedStrict,XGBoost,5,0,0.374170184135437,0
442,PD0982-C,1125-PF-TH-NOSTEN,Thailand,ExtendedStrict,XGBoost,5,1,0.4810425043106079,0
443,PD0983-C,1125-PF-TH-NOSTEN,Thailand,ExtendedStrict,XGBoost,5,0,0.36373764276504517,0
444,PD0984-C,1125-PF-TH-NOSTEN,Thailand,ExtendedStrict,XGBoost,5,0,0.1991439014673233,0
445,PD0985-C,1125-PF-TH-NOSTEN,Thailand,ExtendedStrict,XGBoost,5,0,0.4740014374256134,0
446,PD0986-C,1125-PF-TH-NOSTEN,Thailand,ExtendedStrict,XGBoost,5,0,0.5441709160804749,1
447,PD0987-C,1125-PF-TH-NOSTEN,Thailand,ExtendedStrict,XGBoost,5,0,0.3129633069038391,0
448,PD0988-C,1125-PF-TH-NOSTEN,Thailand,ExtendedStrict,XGBoost,5,0,0.2803858518600464,0
449,PD0989-C,1125-PF-TH-NOSTEN,Thailand,ExtendedStrict,XGBoost,5,1,0.19057798385620117,0
450,PD0990-C,1125-PF-TH-NOSTEN,Thailand,ExtendedStrict,XGBoost,5,1,0.32108280062675476,0
451,PD0992-C,1125-PF-TH-NOSTEN,Thailand,ExtendedStrict,XGBoost,5,0,0.33767029643058777,0
452,PD0994-C,1125-PF-TH-NOSTEN,Thailand,ExtendedStrict,XGBoost,5,0,0.28123512864112854,0
453,PD0995-C,1125-PF-TH-NOSTEN,Thailand,ExtendedStrict,XGBoost,5,0,0.5512865781784058,1
454,PD0996-C,1125-PF-TH-NOSTEN,Thailand,ExtendedStrict,XGBoost,5,0,0.35139256715774536,0
455,PD0997-C,1125-PF-TH-NOSTEN,Thailand,ExtendedStrict,XGBoost,5,0,0.5397629141807556,1
456,PD0998-C,1125-PF-TH-NOSTEN,Thailand,ExtendedStrict,XGBoost,5,0,0.36873096227645874,0
457,PD1000-C,1125-PF-TH-NOSTEN,Thailand,ExtendedStrict,XGBoost,5,0,0.5343241691589355,1
458,PD1001-C,1125-PF-TH-NOSTEN,Thailand,ExtendedStrict,XGBoost,5,1,0.1344122290611267,0
459,PD1004-C,1125-PF-TH-NOSTEN,Thailand,ExtendedStrict,XGBoost,5,0,0.38807186484336853,0
460,PD1005-C,1125-PF-TH-NOSTEN,Thailand,ExtendedStrict,XGBoost,5,1,0.369585245847702,0
461,PD1006-C,1125-PF-TH-NOSTEN,Thailand,ExtendedStrict,XGBoost,5,0,0.36857709288597107,0
462,PD1007-C,1125-PF-TH-NOSTEN,Thailand,ExtendedStrict,XGBoost,5,0,0.3974931538105011,0
463,PD1008-C,1125-PF-TH-NOSTEN,Thailand,ExtendedStrict,XGBoost,5,0,0.562822163105011,1
464,PD1009-C,1125-PF-TH-NOSTEN,Thailand,ExtendedStrict,XGBoost,5,0,0.36303651332855225,0
465,PD1010-C,1125-PF-TH-NOSTEN,Thailand,ExtendedStrict,XGBoost,5,0,0.2928815186023712,0
466,PD1011-C,1125-PF-TH-NOSTEN,Thailand,ExtendedStrict,XGBoost,5,0,0.3252262771129608,0
467,PD1012-C,1125-PF-TH-NOSTEN,Thailand,ExtendedStrict,XGBoost,5,0,0.2870710492134094,0
468,PD1013-C,1125-PF-TH-NOSTEN,Thailand,ExtendedStrict,XGBoost,5,0,0.35513877868652344,0
469,PD1014-C,1125-PF-TH-NOSTEN,Thailand,ExtendedStrict,XGBoost,5,1,0.369585245847702,0
470,PD1015-C,1125-PF-TH-NOSTEN,Thailand,ExtendedStrict,XGBoost,5,0,0.48389169573783875,0
471,PD1016-C,1125-PF-TH-NOSTEN,Thailand,ExtendedStrict,XGBoost,5,0,0.05981381982564926,0
472,PD1017-C,1125-PF-TH-NOSTEN,Thailand,ExtendedStrict,XGBoost,5,0,0.3974931538105011,0
473,PD1018-C,1125-PF-TH-NOSTEN,Thailand,ExtendedStrict,XGBoost,5,0,0.3974931538105011,0
474,PD1019-C,1125-PF-TH-NOSTEN,Thailand,ExtendedStrict,XGBoost,5,0,0.3040914237499237,0
475,PD1020-C,1125-PF-TH-NOSTEN,Thailand,ExtendedStrict,XGBoost,5,0,0.31051507592201233,0
476,PD1021-C,1125-PF-TH-NOSTEN,Thailand,ExtendedStrict,XGBoost,5,0,0.48389169573783875,0
477,PD1023-C,1125-PF-TH-NOSTEN,Thailand,ExtendedStrict,XGBoost,5,0,0.3659231960773468,0
478,PD1024-C,1125-PF-TH-NOSTEN,Thailand,ExtendedStrict,XGBoost,5,0,0.4740014374256134,0
479,PD1026-C,1125-PF-TH-NOSTEN,Thailand,ExtendedStrict,XGBoost,5,0,0.5550685524940491,1
480,PD1027-C,1125-PF-TH-NOSTEN,Thailand,ExtendedStrict,XGBoost,5,0,0.5397629141807556,1
481,PD1028-C,1125-PF-TH-NOSTEN,Thailand,ExtendedStrict,XGBoost,5,0,0.4810425043106079,0
482,PD1029-C,1125-PF-TH-NOSTEN,Thailand,ExtendedStrict,XGBoost,5,0,0.3974931538105011,0
483,PD1030-C,1125-PF-TH-NOSTEN,Thailand,ExtendedStrict,XGBoost,5,0,0.4473511874675751,0
484,PD1031-C,1125-PF-TH-NOSTEN,Thailand,ExtendedStrict,XGBoost,5,1,0.369585245847702,0
485,PD1032-C,1125-PF-TH-NOSTEN,Thailand,ExtendedStrict,XGBoost,5,0,0.18468759953975677,0
486,PD1033-C,1125-PF-TH-NOSTEN,Thailand,ExtendedStrict,XGBoost,5,0,0.49460676312446594,0
487,PD1034-C,1125-PF-TH-NOSTEN,Thailand,ExtendedStrict,XGBoost,5,0,0.3974931538105011,0
488,PD1036-C,1125-PF-TH-NOSTEN,Thailand,ExtendedStrict,XGBoost,5,0,0.19970321655273438,0
489,PD1037-C,1125-PF-TH-NOSTEN,Thailand,ExtendedStrict,XGBoost,5,0,0.42949536442756653,0
490,PD1038-C,1125-PF-TH-NOSTEN,Thailand,ExtendedStrict,XGBoost,5,0,0.5623409152030945,1
491,PD1039-C,1125-PF-TH-NOSTEN,Thailand,ExtendedStrict,XGBoost,5,0,0.4740014374256134,0
492,PD1040-C,1125-PF-TH-NOSTEN,Thailand,ExtendedStrict,XGBoost,5,0,0.3659231960773468,0
493,PD1042-C,1125-PF-TH-NOSTEN,Thailand,ExtendedStrict,XGBoost,5,0,0.492890864610672,0
494,PD1043-C,1125-PF-TH-NOSTEN,Thailand,ExtendedStrict,XGBoost,5,0,0.4715547263622284,0
495,PD1044-C,1125-PF-TH-NOSTEN,Thailand,ExtendedStrict,XGBoost,5,0,0.34855756163597107,0
496,PD1045-C,1125-PF-TH-NOSTEN,Thailand,ExtendedStrict,XGBoost,5,0,0.3974931538105011,0
497,PD1046-C,1125-PF-TH-NOSTEN,Thailand,ExtendedStrict,XGBoost,5,0,0.2928815186023712,0
498,PD1047-C,1125-PF-TH-NOSTEN,Thailand,ExtendedStrict,XGBoost,5,0,0.21885502338409424,0
499,PD1048-C,1125-PF-TH-NOSTEN,Thailand,ExtendedStrict,XGBoost,5,0,0.44176605343818665,0
500,PD1049-C,1125-PF-TH-NOSTEN,Thailand,ExtendedStrict,XGBoost,5,1,0.4667331576347351,0
501,PD1050-C,1125-PF-TH-NOSTEN,Thailand,ExtendedStrict,XGBoost,5,0,0.4663922190666199,0
502,PD1051-C,1125-PF-TH-NOSTEN,Thailand,ExtendedStrict,XGBoost,5,0,0.6843822002410889,1
503,PD1052-C,1125-PF-TH-NOSTEN,Thailand,ExtendedStrict,XGBoost,5,0,0.3129633069038391,0
504,PD1053-C,1125-PF-TH-NOSTEN,Thailand,ExtendedStrict,XGBoost,5,0,0.5357425212860107,1
505,PD1054-C,1125-PF-TH-NOSTEN,Thailand,ExtendedStrict,XGBoost,5,0,0.5546622276306152,1
506,PD1056-C,1125-PF-TH-NOSTEN,Thailand,ExtendedStrict,XGBoost,5,0,0.23343609273433685,0
507,PD1059-C,1125-PF-TH-NOSTEN,Thailand,ExtendedStrict,XGBoost,5,1,0.16648326814174652,0
508,PD1060-C,1125-PF-TH-NOSTEN,Thailand,ExtendedStrict,XGBoost,5,1,0.39000359177589417,0
509,PD1061-C,1125-PF-TH-NOSTEN,Thailand,ExtendedStrict,XGBoost,5,0,0.423138290643692,0
510,PD1062-C,1125-PF-TH-NOSTEN,Thailand,ExtendedStrict,XGBoost,5,0,0.3711569905281067,0
511,PD1064-C,1125-PF-TH-NOSTEN,Thailand,ExtendedStrict,XGBoost,5,0,0.3755744993686676,0
512,PD1065-C,1125-PF-TH-NOSTEN,Thailand,ExtendedStrict,XGBoost,5,0,0.17174842953681946,0
513,PD1066-C,1125-PF-TH-NOSTEN,Thailand,ExtendedStrict,XGBoost,5,0,0.1675250083208084,0
514,PD1068-C,1125-PF-TH-NOSTEN,Thailand,ExtendedStrict,XGBoost,5,0,0.20357993245124817,0
515,PD1069-C,1125-PF-TH-NOSTEN,Thailand,ExtendedStrict,XGBoost,5,0,0.17251791059970856,0
516,PD1072-C,1125-PF-TH-NOSTEN,Thailand,ExtendedStrict,XGBoost,5,0,0.30785325169563293,0
517,PD1073-C,1125-PF-TH-NOSTEN,Thailand,ExtendedStrict,XGBoost,5,0,0.6843822002410889,1
518,PD1074-C,1125-PF-TH-NOSTEN,Thailand,ExtendedStrict,XGBoost,5,0,0.22641441226005554,0
519,PD1075-C,1125-PF-TH-NOSTEN,Thailand,ExtendedStrict,XGBoost,5,0,0.48389169573783875,0
520,PD1076-C,1125-PF-TH-NOSTEN,Thailand,ExtendedStrict,XGBoost,5,0,0.15979677438735962,0
521,PD1077-C,1125-PF-TH-NOSTEN,Thailand,ExtendedStrict,XGBoost,5,0,0.43055710196495056,0
522,PD1078-C,1125-PF-TH-NOSTEN,Thailand,ExtendedStrict,XGBoost,5,0,0.518057644367218,1
523,PD1079-C,1125-PF-TH-NOSTEN,Thailand,ExtendedStrict,XGBoost,5,0,0.317442923784256,0
524,PD1081-C,1125-PF-TH-NOSTEN,Thailand,ExtendedStrict,XGBoost,5,0,0.2619619369506836,0
525,PD1082-C,1125-PF-TH-NOSTEN,Thailand,ExtendedStrict,XGBoost,5,0,0.49460676312446594,0
526,PD1083-C,1125-PF-TH-NOSTEN,Thailand,ExtendedStrict,XGBoost,5,0,0.20472578704357147,0
527,PD1084-C,1125-PF-TH-NOSTEN,Thailand,ExtendedStrict,XGBoost,5,0,0.34431540966033936,0
528,PD1086-C,1125-PF-TH-NOSTEN,Thailand,ExtendedStrict,XGBoost,5,0,0.4824081063270569,0
529,PD1087-C,1125-PF-TH-NOSTEN,Thailand,ExtendedStrict,XGBoost,5,0,0.33767029643058777,0
530,PD1088-C,1125-PF-TH-NOSTEN,Thailand,ExtendedStrict,XGBoost,5,0,0.49460676312446594,0
531,PD1090-C,1125-PF-TH-NOSTEN,Thailand,ExtendedStrict,XGBoost,5,0,0.21885502338409424,0
532,PD1091-C,1125-PF-TH-NOSTEN,Thailand,ExtendedStrict,XGBoost,5,1,0.4810425043106079,0
533,PD1092-C,1125-PF-TH-NOSTEN,Thailand,ExtendedStrict,XGBoost,5,0,0.4667331576347351,0
534,PD1093-C,1125-PF-TH-NOSTEN,Thailand,ExtendedStrict,XGBoost,5,0,0.48389169573783875,0
535,PD1095-C,1125-PF-TH-NOSTEN,Thailand,ExtendedStrict,XGBoost,5,1,0.16893036663532257,0
536,PD1096-C,1125-PF-TH-NOSTEN,Thailand,ExtendedStrict,XGBoost,5,1,0.4663922190666199,0
537,PD1097-C,1125-PF-TH-NOSTEN,Thailand,ExtendedStrict,XGBoost,5,0,0.273944616317749,0
538,PD1099-C,1125-PF-TH-NOSTEN,Thailand,ExtendedStrict,XGBoost,5,0,0.05981381982564926,0
539,PD1100-C,1125-PF-TH-NOSTEN,Thailand,ExtendedStrict,XGBoost,5,0,0.48389169573783875,0
540,PD1101-C,1125-PF-TH-NOSTEN,Thailand,ExtendedStrict,XGBoost,5,0,0.6782546639442444,1
541,PD1102-C,1125-PF-TH-NOSTEN,Thailand,ExtendedStrict,XGBoost,5,0,0.39357510209083557,0
542,PD1103-C,1125-PF-TH-NOSTEN,Thailand,ExtendedStrict,XGBoost,5,0,0.4743991196155548,0
543,PD1104-C,1125-PF-TH-NOSTEN,Thailand,ExtendedStrict,XGBoost,5,0,0.23017676174640656,0
544,PD1105-C,1125-PF-TH-NOSTEN,Thailand,ExtendedStrict,XGBoost,5,0,0.49460676312446594,0
545,PD1106-C,1125-PF-TH-NOSTEN,Thailand,ExtendedStrict,XGBoost,5,0,0.41577044129371643,0
546,PD1107-C,1125-PF-TH-NOSTEN,Thailand,ExtendedStrict,XGBoost,5,0,0.35331735014915466,0
547,PD1108-C,1125-PF-TH-NOSTEN,Thailand,ExtendedStrict,XGBoost,5,0,0.37948936223983765,0
548,PD1109-C,1125-PF-TH-NOSTEN,Thailand,ExtendedStrict,XGBoost,5,0,0.31051507592201233,0
549,PD1110-C,1125-PF-TH-NOSTEN,Thailand,ExtendedStrict,XGBoost,5,0,0.3014605939388275,0
550,PD1111-C,1125-PF-TH-NOSTEN,Thailand,ExtendedStrict,XGBoost,5,0,0.45643317699432373,0
551,PD1112-C,1125-PF-TH-NOSTEN,Thailand,ExtendedStrict,XGBoost,5,1,0.369585245847702,0
552,PD1113-C,1125-PF-TH-NOSTEN,Thailand,ExtendedStrict,XGBoost,5,0,0.36227869987487793,0
553,PD1114-C,1125-PF-TH-NOSTEN,Thailand,ExtendedStrict,XGBoost,5,1,0.47726747393608093,0
554,PD1116-C,1125-PF-TH-NOSTEN,Thailand,ExtendedStrict,XGBoost,5,0,0.49460676312446594,0
555,PD1117-C,1125-PF-TH-NOSTEN,Thailand,ExtendedStrict,XGBoost,5,0,0.18475857377052307,0
556,PD1118-C,1125-PF-TH-NOSTEN,Thailand,ExtendedStrict,XGBoost,5,0,0.37592875957489014,0
557,PD1119-C,1125-PF-TH-NOSTEN,Thailand,ExtendedStrict,XGBoost,5,0,0.24305394291877747,0
558,PD1120-C,1125-PF-TH-NOSTEN,Thailand,ExtendedStrict,XGBoost,5,0,0.36975812911987305,0
559,PD1121-C,1125-PF-TH-NOSTEN,Thailand,ExtendedStrict,XGBoost,5,0,0.4131031930446625,0
560,PD1122-C,1125-PF-TH-NOSTEN,Thailand,ExtendedStrict,XGBoost,5,0,0.7092267870903015,1
561,PD1124-C,1125-PF-TH-NOSTEN,Thailand,ExtendedStrict,XGBoost,5,0,0.4322436451911926,0
562,PD1125-C,1125-PF-TH-NOSTEN,Thailand,ExtendedStrict,XGBoost,5,0,0.4740014374256134,0
563,PD1127-C,1125-PF-TH-NOSTEN,Thailand,ExtendedStrict,XGBoost,5,1,0.4645282030105591,0
564,PD1128-C,1125-PF-TH-NOSTEN,Thailand,ExtendedStrict,XGBoost,5,0,0.3252262771129608,0
565,PD1129-C,1125-PF-TH-NOSTEN,Thailand,ExtendedStrict,XGBoost,5,0,0.19370196759700775,0
566,PD1130-C,1125-PF-TH-NOSTEN,Thailand,ExtendedStrict,XGBoost,5,0,0.4810425043106079,0
567,PD1131-C,1125-PF-TH-NOSTEN,Thailand,ExtendedStrict,XGBoost,5,0,0.46145039796829224,0
568,PD1133-C,1125-PF-TH-NOSTEN,Thailand,ExtendedStrict,XGBoost,5,0,0.32782551646232605,0
569,PD1134-C,1125-PF-TH-NOSTEN,Thailand,ExtendedStrict,XGBoost,5,0,0.766815721988678,1
570,PD1135-C,1125-PF-TH-NOSTEN,Thailand,ExtendedStrict,XGBoost,5,0,0.5704795122146606,1
571,PD1136-C,1125-PF-TH-NOSTEN,Thailand,ExtendedStrict,XGBoost,5,0,0.44863376021385193,0
572,PD1137-C,1125-PF-TH-NOSTEN,Thailand,ExtendedStrict,XGBoost,5,0,0.7374011874198914,1
573,PD1138-C,1125-PF-TH-NOSTEN,Thailand,ExtendedStrict,XGBoost,5,0,0.4445393979549408,0
574,PD1139-C,1125-PF-TH-NOSTEN,Thailand,ExtendedStrict,XGBoost,5,0,0.24692432582378387,0
575,PD1140-C,1125-PF-TH-NOSTEN,Thailand,ExtendedStrict,XGBoost,5,0,0.6876508593559265,1
576,PD1141-C,1125-PF-TH-NOSTEN,Thailand,ExtendedStrict,XGBoost,5,0,0.7209451794624329,1
577,PD1142-C,1125-PF-TH-NOSTEN,Thailand,ExtendedStrict,XGBoost,5,0,0.5672451257705688,1
578,PD1143-C,1125-PF-TH-NOSTEN,Thailand,ExtendedStrict,XGBoost,5,0,0.7991040945053101,1
579,PD1144-C,1125-PF-TH-NOSTEN,Thailand,ExtendedStrict,XGBoost,5,0,0.5746375322341919,1
580,PD1145-C,1125-PF-TH-NOSTEN,Thailand,ExtendedStrict,XGBoost,5,1,0.5909650921821594,1
581,PD1146-C,1125-PF-TH-NOSTEN,Thailand,ExtendedStrict,XGBoost,5,0,0.6492759585380554,1
582,PD1147-C,1125-PF-TH-NOSTEN,Thailand,ExtendedStrict,XGBoost,5,0,0.28728002309799194,0
583,PD1148-C,1125-PF-TH-NOSTEN,Thailand,ExtendedStrict,XGBoost,5,0,0.3717118799686432,0
584,PD1149-C,1125-PF-TH-NOSTEN,Thailand,ExtendedStrict,XGBoost,5,0,0.729654848575592,1
585,PD1150-C,1125-PF-TH-NOSTEN,Thailand,ExtendedStrict,XGBoost,5,0,0.28728002309799194,0
586,PD1151-C,1125-PF-TH-NOSTEN,Thailand,ExtendedStrict,XGBoost,5,0,0.6269159317016602,1
587,PD1153-C,1125-PF-TH-NOSTEN,Thailand,ExtendedStrict,XGBoost,5,0,0.7209451794624329,1
588,PD1155-C,1125-PF-TH-NOSTEN,Thailand,ExtendedStrict,XGBoost,5,1,0.3682037591934204,0
589,PD1156-C,1125-PF-TH-NOSTEN,Thailand,ExtendedStrict,XGBoost,5,0,0.7487612962722778,1
590,PD1157-C,1125-PF-TH-NOSTEN,Thailand,ExtendedStrict,XGBoost,5,0,0.7783969044685364,1
591,PD1158-C,1125-PF-TH-NOSTEN,Thailand,ExtendedStrict,XGBoost,5,0,0.6832905411720276,1
592,PD1159-C,1125-PF-TH-NOSTEN,Thailand,ExtendedStrict,XGBoost,5,0,0.8233270049095154,1
593,PD1160-C,1125-PF-TH-NOSTEN,Thailand,ExtendedStrict,XGBoost,5,1,0.7781764268875122,1
594,PD1161-C,1125-PF-TH-NOSTEN,Thailand,ExtendedStrict,XGBoost,5,0,0.44576048851013184,0
595,PD1162-C,1125-PF-TH-NOSTEN,Thailand,ExtendedStrict,XGBoost,5,0,0.7630212306976318,1
596,PD1163-C,1125-PF-TH-NOSTEN,Thailand,ExtendedStrict,XGBoost,5,0,0.4342159628868103,0
597,PD1164-C,1125-PF-TH-NOSTEN,Thailand,ExtendedStrict,XGBoost,5,1,0.7374011874198914,1
598,PD1165-C,1125-PF-TH-NOSTEN,Thailand,ExtendedStrict,XGBoost,5,1,0.7885965704917908,1
599,PD1166-C,1125-PF-TH-NOSTEN,Thailand,ExtendedStrict,XGBoost,5,0,0.2135554850101471,0
600,PD1167-C,1125-PF-TH-NOSTEN,Thailand,ExtendedStrict,XGBoost,5,1,0.3924432694911957,0
601,PD1168-C,1125-PF-TH-NOSTEN,Thailand,ExtendedStrict,XGBoost,5,0,0.6744930744171143,1
602,PD1169-C,1125-PF-TH-NOSTEN,Thailand,ExtendedStrict,XGBoost,5,0,0.7781764268875122,1
603,PD1170-C,1125-PF-TH-NOSTEN,Thailand,ExtendedStrict,XGBoost,5,0,0.3176400065422058,0
604,PD1171-C,1125-PF-TH-NOSTEN,Thailand,ExtendedStrict,XGBoost,5,0,0.7822775840759277,1
605,PD1173-C,1125-PF-TH-NOSTEN,Thailand,ExtendedStrict,XGBoost,5,1,0.7179071307182312,1
606,PD1174-C,1125-PF-TH-NOSTEN,Thailand,ExtendedStrict,XGBoost,5,1,0.6744930744171143,1
607,PD1175-C,1125-PF-TH-NOSTEN,Thailand,ExtendedStrict,XGBoost,5,0,0.32982128858566284,0
608,PD1176-C,1125-PF-TH-NOSTEN,Thailand,ExtendedStrict,XGBoost,5,0,0.6641415953636169,1
609,PD1177-C,1125-PF-TH-NOSTEN,Thailand,ExtendedStrict,XGBoost,5,0,0.310442715883255,0
610,PD1178-C,1125-PF-TH-NOSTEN,Thailand,ExtendedStrict,XGBoost,5,1,0.39478588104248047,0
611,PD1179-C,1125-PF-TH-NOSTEN,Thailand,ExtendedStrict,XGBoost,5,0,0.673521876335144,1
612,PD1180-C,1125-PF-TH-NOSTEN,Thailand,ExtendedStrict,XGBoost,5,0,0.6832905411720276,1
613,PD1181-C,1125-PF-TH-NOSTEN,Thailand,ExtendedStrict,XGBoost,5,0,0.4283205270767212,0
614,PD1182-C,1125-PF-TH-NOSTEN,Thailand,ExtendedStrict,XGBoost,5,1,0.7179071307182312,1
615,PD1183-C,1125-PF-TH-NOSTEN,Thailand,ExtendedStrict,XGBoost,5,0,0.4380514323711395,0
616,PD1184-C,1125-PF-TH-NOSTEN,Thailand,ExtendedStrict,XGBoost,5,0,0.6466448307037354,1
617,PD1185-C,1125-PF-TH-NOSTEN,Thailand,ExtendedStrict,XGBoost,5,1,0.7374011874198914,1
618,PD1187-C,1125-PF-TH-NOSTEN,Thailand,ExtendedStrict,XGBoost,5,1,0.343122661113739,0
619,PD1188-C,1125-PF-TH-NOSTEN,Thailand,ExtendedStrict,XGBoost,5,1,0.6899570226669312,1
620,PD1189-C,1125-PF-TH-NOSTEN,Thailand,ExtendedStrict,XGBoost,5,0,0.44576048851013184,0
621,PD1190-C,1125-PF-TH-NOSTEN,Thailand,ExtendedStrict,XGBoost,5,1,0.7374011874198914,1
622,PD1191-C,1125-PF-TH-NOSTEN,Thailand,ExtendedStrict,XGBoost,5,1,0.44576048851013184,0
623,PD1192-C,1125-PF-TH-NOSTEN,Thailand,ExtendedStrict,XGBoost,5,0,0.4587796628475189,0
624,PD1193-C,1125-PF-TH-NOSTEN,Thailand,ExtendedStrict,XGBoost,5,1,0.6744930744171143,1
625,PD1194-C,1125-PF-TH-NOSTEN,Thailand,ExtendedStrict,XGBoost,5,1,0.8233270049095154,1
626,PD1195-C,1125-PF-TH-NOSTEN,Thailand,ExtendedStrict,XGBoost,5,1,0.4342159628868103,0
627,PD1197-C,1125-PF-TH-NOSTEN,Thailand,ExtendedStrict,XGBoost,5,1,0.729654848575592,1
628,PD1198-C,1125-PF-TH-NOSTEN,Thailand,ExtendedStrict,XGBoost,5,1,0.4103333055973053,0
629,PD1199-C,1125-PF-TH-NOSTEN,Thailand,ExtendedStrict,XGBoost,5,1,0.7374011874198914,1
630,PD1200-C,1125-PF-TH-NOSTEN,Thailand,ExtendedStrict,XGBoost,5,1,0.7374011874198914,1
631,PD1202-C,1125-PF-TH-NOSTEN,Thailand,ExtendedStrict,XGBoost,5,1,0.7533059120178223,1
632,PD1203-C,1125-PF-TH-NOSTEN,Thailand,ExtendedStrict,XGBoost,5,1,0.7374011874198914,1
633,PD1204-C,1125-PF-TH-NOSTEN,Thailand,ExtendedStrict,XGBoost,5,1,0.44576048851013184,0
634,PD1205-C,1125-PF-TH-NOSTEN,Thailand,ExtendedStrict,XGBoost,5,1,0.7179071307182312,1
635,PD1206-C,1125-PF-TH-NOSTEN,Thailand,ExtendedStrict,XGBoost,5,1,0.7374011874198914,1
636,PD1208-C,1125-PF-TH-NOSTEN,Thailand,ExtendedStrict,XGBoost,5,1,0.7885965704917908,1
637,PD1209-C,1125-PF-TH-NOSTEN,Thailand,ExtendedStrict,XGBoost,5,0,0.3084191083908081,0
638,PD1210-C,1125-PF-TH-NOSTEN,Thailand,ExtendedStrict,XGBoost,5,1,0.729654848575592,1
639,PD1211-C,1125-PF-TH-NOSTEN,Thailand,ExtendedStrict,XGBoost,5,1,0.7533059120178223,1
640,PD1212-C,1125-PF-TH-NOSTEN,Thailand,ExtendedStrict,XGBoost,5,1,0.729654848575592,1
641,PD1213-C,1125-PF-TH-NOSTEN,Thailand,ExtendedStrict,XGBoost,5,1,0.7374011874198914,1
642,PD1214-C,1125-PF-TH-NOSTEN,Thailand,ExtendedStrict,XGBoost,5,1,0.7885965704917908,1
643,PD1215-C,1125-PF-TH-NOSTEN,Thailand,ExtendedStrict,XGBoost,5,1,0.729654848575592,1
644,PD1216-C,1125-PF-TH-NOSTEN,Thailand,ExtendedStrict,XGBoost,5,0,0.29798033833503723,0
645,PD1217-C,1125-PF-TH-NOSTEN,Thailand,ExtendedStrict,XGBoost,5,1,0.375251442193985,0
646,PD1218-C,1125-PF-TH-NOSTEN,Thailand,ExtendedStrict,XGBoost,5,1,0.7374011874198914,1
647,PD1219-C,1125-PF-TH-NOSTEN,Thailand,ExtendedStrict,XGBoost,5,1,0.7374011874198914,1
648,PD1220-C,1125-PF-TH-NOSTEN,Thailand,ExtendedStrict,XGBoost,5,0,0.6492759585380554,1
649,PD1221-C,1125-PF-TH-NOSTEN,Thailand,ExtendedStrict,XGBoost,5,1,0.7374011874198914,1
650,PD1222-C,1125-PF-TH-NOSTEN,Thailand,ExtendedStrict,XGBoost,5,1,0.729654848575592,1
651,PD1223-C,1125-PF-TH-NOSTEN,Thailand,ExtendedStrict,XGBoost,5,1,0.44576048851013184,0
652,PD1224-C,1125-PF-TH-NOSTEN,Thailand,ExtendedStrict,XGBoost,5,1,0.7374011874198914,1
653,PD1225-C,1125-PF-TH-NOSTEN,Thailand,ExtendedStrict,XGBoost,5,1,0.7374011874198914,1
654,PD1226-C,1125-PF-TH-NOSTEN,Thailand,ExtendedStrict,XGBoost,5,1,0.7374011874198914,1
655,PD1227-C,1125-PF-TH-NOSTEN,Thailand,ExtendedStrict,XGBoost,5,1,0.7885965704917908,1
656,PD1228-C,1125-PF-TH-NOSTEN,Thailand,ExtendedStrict,XGBoost,5,1,0.6622289419174194,1
657,PD1229-C,1125-PF-TH-NOSTEN,Thailand,ExtendedStrict,XGBoost,5,1,0.7374011874198914,1
658,PD1230-C,1125-PF-TH-NOSTEN,Thailand,ExtendedStrict,XGBoost,5,1,0.7885965704917908,1
659,PD1231-C,1125-PF-TH-NOSTEN,Thailand,ExtendedStrict,XGBoost,5,1,0.7374011874198914,1
660,PD1232-C,1125-PF-TH-NOSTEN,Thailand,ExtendedStrict,XGBoost,5,1,0.729654848575592,1
661,PD1233-C,1125-PF-TH-NOSTEN,Thailand,ExtendedStrict,XGBoost,5,1,0.7374011874198914,1
662,PD1234-C,1125-PF-TH-NOSTEN,Thailand,ExtendedStrict,XGBoost,5,1,0.7374011874198914,1
663,PD1236-C,1125-PF-TH-NOSTEN,Thailand,ExtendedStrict,XGBoost,5,1,0.6876508593559265,1
664,PD1239-C,1125-PF-TH-NOSTEN,Thailand,ExtendedStrict,XGBoost,5,1,0.38458773493766785,0
665,PD1240-C,1125-PF-TH-NOSTEN,Thailand,ExtendedStrict,XGBoost,5,1,0.7885965704917908,1
666,PD1241-C,1125-PF-TH-NOSTEN,Thailand,ExtendedStrict,XGBoost,5,1,0.375251442193985,0
667,PD1243-C,1125-PF-TH-NOSTEN,Thailand,ExtendedStrict,XGBoost,5,1,0.7885965704917908,1
668,PD1244-C,1125-PF-TH-NOSTEN,Thailand,ExtendedStrict,XGBoost,5,1,0.375251442193985,0
669,PD1246-C,1125-PF-TH-NOSTEN,Thailand,ExtendedStrict,XGBoost,5,1,0.7179071307182312,1
670,PD1247-C,1125-PF-TH-NOSTEN,Thailand,ExtendedStrict,XGBoost,5,1,0.7374011874198914,1
671,PD1249-C,1125-PF-TH-NOSTEN,Thailand,ExtendedStrict,XGBoost,5,1,0.7374011874198914,1
672,PD1250-C,1125-PF-TH-NOSTEN,Thailand,ExtendedStrict,XGBoost,5,1,0.7374011874198914,1
673,PD1251-C,1125-PF-TH-NOSTEN,Thailand,ExtendedStrict,XGBoost,5,1,0.7885965704917908,1
674,PD1252-C,1125-PF-TH-NOSTEN,Thailand,ExtendedStrict,XGBoost,5,0,0.06674423068761826,0
675,PD1253-C,1125-PF-TH-NOSTEN,Thailand,ExtendedStrict,XGBoost,5,0,0.06752470880746841,0
676,PD1254-C,1125-PF-TH-NOSTEN,Thailand,ExtendedStrict,XGBoost,5,0,0.048185233026742935,0
677,PD1255-C,1125-PF-TH-NOSTEN,Thailand,ExtendedStrict,XGBoost,5,0,0.14202110469341278,0
678,PD1256-C,1125-PF-TH-NOSTEN,Thailand,ExtendedStrict,XGBoost,5,0,0.05155308172106743,0
679,PD1257-C,1125-PF-TH-NOSTEN,Thailand,ExtendedStrict,XGBoost,5,0,0.03352952376008034,0
680,PD1258-C,1125-PF-TH-NOSTEN,Thailand,ExtendedStrict,XGBoost,5,0,0.04619042947888374,0
681,PD1260-C,1125-PF-TH-NOSTEN,Thailand,ExtendedStrict,XGBoost,5,0,0.0364108644425869,0
682,PD1261-C,1125-PF-TH-NOSTEN,Thailand,ExtendedStrict,XGBoost,5,0,0.05529293045401573,0
683,PD1262-C,1125-PF-TH-NOSTEN,Thailand,ExtendedStrict,XGBoost,5,0,0.09229522198438644,0
684,PD1263-C,1125-PF-TH-NOSTEN,Thailand,ExtendedStrict,XGBoost,5,0,0.1169058233499527,0
685,PD1264-C,1125-PF-TH-NOSTEN,Thailand,ExtendedStrict,XGBoost,5,0,0.054007794708013535,0
686,PD1265-C,1125-PF-TH-NOSTEN,Thailand,ExtendedStrict,XGBoost,5,0,0.04818651080131531,0
687,PD1266-C,1125-PF-TH-NOSTEN,Thailand,ExtendedStrict,XGBoost,5,0,0.09983086585998535,0
688,PD1267-C,1125-PF-TH-NOSTEN,Thailand,ExtendedStrict,XGBoost,5,0,0.03513072431087494,0
689,PD1269-C,1125-PF-TH-NOSTEN,Thailand,ExtendedStrict,XGBoost,5,0,0.04487532377243042,0
690,PD1270-C,1125-PF-TH-NOSTEN,Thailand,ExtendedStrict,XGBoost,5,0,0.03860826790332794,0
691,PD1271-C,1125-PF-TH-NOSTEN,Thailand,ExtendedStrict,XGBoost,5,0,0.08463069796562195,0
692,PD1273-C,1125-PF-TH-NOSTEN,Thailand,ExtendedStrict,XGBoost,5,0,0.046609267592430115,0
693,PD1274-C,1125-PF-TH-NOSTEN,Thailand,ExtendedStrict,XGBoost,5,0,0.03099251538515091,0
694,PD1276-C,1125-PF-TH-NOSTEN,Thailand,ExtendedStrict,XGBoost,5,0,0.03549208492040634,0
695,PD1277-C,1125-PF-TH-NOSTEN,Thailand,ExtendedStrict,XGBoost,5,0,0.06336648762226105,0
696,PD1278-C,1125-PF-TH-NOSTEN,Thailand,ExtendedStrict,XGBoost,5,0,0.08883576840162277,0
697,PD1279-C,1125-PF-TH-NOSTEN,Thailand,ExtendedStrict,XGBoost,5,0,0.055171698331832886,0
698,PD1280-C,1125-PF-TH-NOSTEN,Thailand,ExtendedStrict,XGBoost,5,0,0.11618431657552719,0
699,PD1281-C,1125-PF-TH-NOSTEN,Thailand,ExtendedStrict,XGBoost,5,0,0.048934075981378555,0
700,PD1282-C,1125-PF-TH-NOSTEN,Thailand,ExtendedStrict,XGBoost,5,0,0.031458936631679535,0
701,PD1283-C,1125-PF-TH-NOSTEN,Thailand,ExtendedStrict,XGBoost,5,0,0.04832163825631142,0
702,PD1284-C,1125-PF-TH-NOSTEN,Thailand,ExtendedStrict,XGBoost,5,0,0.08073746412992477,0
703,PD1285-C,1125-PF-TH-NOSTEN,Thailand,ExtendedStrict,XGBoost,5,0,0.13888536393642426,0
704,PD1286-C,1125-PF-TH-NOSTEN,Thailand,ExtendedStrict,XGBoost,5,0,0.05678172782063484,0
705,PD1288-C,1125-PF-TH-NOSTEN,Thailand,ExtendedStrict,XGBoost,5,0,0.040650542825460434,0
706,PD1289-C,1125-PF-TH-NOSTEN,Thailand,ExtendedStrict,XGBoost,5,0,0.06587283313274384,0
707,PD1290-C,1125-PF-TH-NOSTEN,Thailand,ExtendedStrict,XGBoost,5,0,0.025005122646689415,0
708,PD1291-C,1125-PF-TH-NOSTEN,Thailand,ExtendedStrict,XGBoost,5,0,0.0933588296175003,0
709,PD1292-C,1125-PF-TH-NOSTEN,Thailand,ExtendedStrict,XGBoost,5,0,0.05160069093108177,0
710,PD1293-C,1125-PF-TH-NOSTEN,Thailand,ExtendedStrict,XGBoost,5,0,0.05572196841239929,0
711,PD1294-C,1125-PF-TH-NOSTEN,Thailand,ExtendedStrict,XGBoost,5,0,0.042965080589056015,0
712,PD1295-C,1125-PF-TH-NOSTEN,Thailand,ExtendedStrict,XGBoost,5,0,0.09429507702589035,0
713,PD1296-C,1125-PF-TH-NOSTEN,Thailand,ExtendedStrict,XGBoost,5,0,0.06455729901790619,0
714,PD1297-C,1125-PF-TH-NOSTEN,Thailand,ExtendedStrict,XGBoost,5,0,0.04961615428328514,0
715,PD1299-C,1125-PF-TH-NOSTEN,Thailand,ExtendedStrict,XGBoost,5,0,0.054359495639801025,0
716,PD1300-C,1125-PF-TH-NOSTEN,Thailand,ExtendedStrict,XGBoost,5,0,0.0668097734451294,0
717,PD1301-C,1125-PF-TH-NOSTEN,Thailand,ExtendedStrict,XGBoost,5,0,0.06507160514593124,0
718,PD1302-C,1125-PF-TH-NOSTEN,Thailand,ExtendedStrict,XGBoost,5,0,0.07829860597848892,0
719,PD1304-C,1125-PF-TH-NOSTEN,Thailand,ExtendedStrict,XGBoost,5,0,0.056088417768478394,0
720,PD1305-C,1125-PF-TH-NOSTEN,Thailand,ExtendedStrict,XGBoost,5,0,0.08907981216907501,0
721,PD1306-C,1125-PF-TH-NOSTEN,Thailand,ExtendedStrict,XGBoost,5,0,0.060839615762233734,0
722,PD1307-C,1125-PF-TH-NOSTEN,Thailand,ExtendedStrict,XGBoost,5,0,0.04763270542025566,0
723,PD1308-C,1125-PF-TH-NOSTEN,Thailand,ExtendedStrict,XGBoost,5,0,0.09361610561609268,0
724,PD1309-C,1125-PF-TH-NOSTEN,Thailand,ExtendedStrict,XGBoost,5,0,0.04652481526136398,0
725,PD1310-C,1125-PF-TH-NOSTEN,Thailand,ExtendedStrict,XGBoost,5,0,0.06752470880746841,0
726,PD1311-C,1125-PF-TH-NOSTEN,Thailand,ExtendedStrict,XGBoost,5,0,0.046500444412231445,0
727,PD1312-C,1125-PF-TH-NOSTEN,Thailand,ExtendedStrict,XGBoost,5,0,0.044963981956243515,0
728,PD1313-C,1125-PF-TH-NOSTEN,Thailand,ExtendedStrict,XGBoost,5,0,0.05529293045401573,0
729,PD1314-C,1125-PF-TH-NOSTEN,Thailand,ExtendedStrict,XGBoost,5,0,0.07675322890281677,0
730,PD1318-C,1125-PF-TH-NOSTEN,Thailand,ExtendedStrict,XGBoost,5,0,0.051631130278110504,0
731,PD1319-C,1125-PF-TH-NOSTEN,Thailand,ExtendedStrict,XGBoost,5,0,0.1155606284737587,0
732,PD1322-C,1125-PF-TH-NOSTEN,Thailand,ExtendedStrict,XGBoost,5,0,0.04476511850953102,0
733,PD1326-C,1125-PF-TH-NOSTEN,Thailand,ExtendedStrict,XGBoost,5,0,0.0668097734451294,0
734,PD1328-C,1125-PF-TH-NOSTEN,Thailand,ExtendedStrict,XGBoost,5,0,0.07099892199039459,0
735,PD1329-C,1125-PF-TH-NOSTEN,Thailand,ExtendedStrict,XGBoost,5,0,0.054333534091711044,0
736,PD1330-C,1125-PF-TH-NOSTEN,Thailand,ExtendedStrict,XGBoost,5,0,0.06752470880746841,0
737,PD1331-C,1125-PF-TH-NOSTEN,Thailand,ExtendedStrict,XGBoost,5,0,0.1169058233499527,0
738,PD1332-C,1125-PF-TH-NOSTEN,Thailand,ExtendedStrict,XGBoost,5,0,0.057204704731702805,0
739,PD1333-C,1125-PF-TH-NOSTEN,Thailand,ExtendedStrict,XGBoost,5,0,0.06216297298669815,0
740,PD1335-C,1125-PF-TH-NOSTEN,Thailand,ExtendedStrict,XGBoost,5,0,0.05718793347477913,0
741,PD1337-C,1125-PF-TH-NOSTEN,Thailand,ExtendedStrict,XGBoost,5,0,0.16987456381320953,0
742,PD1338-C,1125-PF-TH-NOSTEN,Thailand,ExtendedStrict,XGBoost,5,0,0.047117725014686584,0
743,PD1339-C,1125-PF-TH-NOSTEN,Thailand,ExtendedStrict,XGBoost,5,0,0.0706142783164978,0
744,PD1340-C,1125-PF-TH-NOSTEN,Thailand,ExtendedStrict,XGBoost,5,0,0.14202110469341278,0
745,PD1341-C,1125-PF-TH-NOSTEN,Thailand,ExtendedStrict,XGBoost,5,0,0.0933588296175003,0
746,PD1343-C,1125-PF-TH-NOSTEN,Thailand,ExtendedStrict,XGBoost,5,0,0.047538578510284424,0
747,PD1345-C,1125-PF-TH-NOSTEN,Thailand,ExtendedStrict,XGBoost,5,0,0.0989055410027504,0
748,PD1347-C,1125-PF-TH-NOSTEN,Thailand,ExtendedStrict,XGBoost,5,0,0.1223580539226532,0
749,PD1348-C,1125-PF-TH-NOSTEN,Thailand,ExtendedStrict,XGBoost,5,0,0.05427587404847145,0
750,PD1350-C,1125-PF-TH-NOSTEN,Thailand,ExtendedStrict,XGBoost,5,0,0.04231667518615723,0
751,PD1353-C,1125-PF-TH-NOSTEN,Thailand,ExtendedStrict,XGBoost,5,0,0.04593304544687271,0
752,PD1354-C,1125-PF-TH-NOSTEN,Thailand,ExtendedStrict,XGBoost,5,0,0.04694036766886711,0
753,PD1355-C,1125-PF-TH-NOSTEN,Thailand,ExtendedStrict,XGBoost,5,0,0.03954557701945305,0
754,PD1357-C,1125-PF-TH-NOSTEN,Thailand,ExtendedStrict,XGBoost,5,0,0.054333534091711044,0
755,PD1358-C,1125-PF-TH-NOSTEN,Thailand,ExtendedStrict,XGBoost,5,0,0.1155606284737587,0
756,PD1360-C,1125-PF-TH-NOSTEN,Thailand,ExtendedStrict,XGBoost,5,0,0.05322321504354477,0
757,PD1361-C,1125-PF-TH-NOSTEN,Thailand,ExtendedStrict,XGBoost,5,0,0.1169058233499527,0
758,PD1364-C,1125-PF-TH-NOSTEN,Thailand,ExtendedStrict,XGBoost,5,0,0.12079890072345734,0
759,PD1365-C,1125-PF-TH-NOSTEN,Thailand,ExtendedStrict,XGBoost,5,0,0.08777949959039688,0
760,PD1366-C,1125-PF-TH-NOSTEN,Thailand,ExtendedStrict,XGBoost,5,0,0.07299748063087463,0
761,PD1368-C,1125-PF-TH-NOSTEN,Thailand,ExtendedStrict,XGBoost,5,0,0.04281225427985191,0
762,PD1373-C,1125-PF-TH-NOSTEN,Thailand,ExtendedStrict,XGBoost,5,0,0.047695573419332504,0
763,PD1376-C,1125-PF-TH-NOSTEN,Thailand,ExtendedStrict,XGBoost,5,0,0.05060714855790138,0
764,PD1379-C,1125-PF-TH-NOSTEN,Thailand,ExtendedStrict,XGBoost,5,0,0.05232778191566467,0
765,PD1380-C,1125-PF-TH-NOSTEN,Thailand,ExtendedStrict,XGBoost,5,0,0.06295239180326462,0
766,PD1382-C,1125-PF-TH-NOSTEN,Thailand,ExtendedStrict,XGBoost,5,0,0.10412535816431046,0
767,PD1387-C,1125-PF-TH-NOSTEN,Thailand,ExtendedStrict,XGBoost,5,0,0.033502135425806046,0
768,PD1388-C,1125-PF-TH-NOSTEN,Thailand,ExtendedStrict,XGBoost,5,0,0.04121189936995506,0
769,PD1390-C,1125-PF-TH-NOSTEN,Thailand,ExtendedStrict,XGBoost,5,0,0.16987456381320953,0
770,PD1391-C,1125-PF-TH-NOSTEN,Thailand,ExtendedStrict,XGBoost,5,0,0.0668097734451294,0
771,PD1392-C,1125-PF-TH-NOSTEN,Thailand,ExtendedStrict,XGBoost,5,0,0.04814201220870018,0
772,PD1394-C,1125-PF-TH-NOSTEN,Thailand,ExtendedStrict,XGBoost,5,0,0.05793441832065582,0
773,PD1397-C,1125-PF-TH-NOSTEN,Thailand,ExtendedStrict,XGBoost,5,0,0.054333534091711044,0
774,PD1399-C,1125-PF-TH-NOSTEN,Thailand,ExtendedStrict,XGBoost,5,0,0.11847654730081558,0
775,PD1400-C,1125-PF-TH-NOSTEN,Thailand,ExtendedStrict,XGBoost,5,0,0.044472586363554,0
776,PD1402-C,1125-PF-TH-NOSTEN,Thailand,ExtendedStrict,XGBoost,5,0,0.044370006769895554,0
777,PD1403-C,1125-PF-TH-NOSTEN,Thailand,ExtendedStrict,XGBoost,5,0,0.09012812376022339,0
778,PD1404-C,1125-PF-TH-NOSTEN,Thailand,ExtendedStrict,XGBoost,5,0,0.06587283313274384,0
779,PD1405-C,1125-PF-TH-NOSTEN,Thailand,ExtendedStrict,XGBoost,5,0,0.07828444242477417,0
780,PD1406-C,1125-PF-TH-NOSTEN,Thailand,ExtendedStrict,XGBoost,5,0,0.05525606498122215,0
781,PD1407-C,1125-PF-TH-NOSTEN,Thailand,ExtendedStrict,XGBoost,5,0,0.09230389446020126,0
782,PD1409-C,1125-PF-TH-NOSTEN,Thailand,ExtendedStrict,XGBoost,5,0,0.053011372685432434,0
783,PD1411-C,1125-PF-TH-NOSTEN,Thailand,ExtendedStrict,XGBoost,5,0,0.0668097734451294,0
784,PD1412-C,1125-PF-TH-NOSTEN,Thailand,ExtendedStrict,XGBoost,5,0,0.08352552354335785,0
785,PD1413-C,1125-PF-TH-NOSTEN,Thailand,ExtendedStrict,XGBoost,5,0,0.0871611163020134,0
786,PD1414-C,1125-PF-TH-NOSTEN,Thailand,ExtendedStrict,XGBoost,5,0,0.042965080589056015,0
787,PD1415-C,1125-PF-TH-NOSTEN,Thailand,ExtendedStrict,XGBoost,5,0,0.04619042947888374,0
788,PD1418-C,1125-PF-TH-NOSTEN,Thailand,ExtendedStrict,XGBoost,5,0,0.09429507702589035,0
789,PD1419-C,1125-PF-TH-NOSTEN,Thailand,ExtendedStrict,XGBoost,5,0,0.09429507702589035,0
790,PD1420-C,1125-PF-TH-NOSTEN,Thailand,ExtendedStrict,XGBoost,5,0,0.07192829251289368,0
791,PD1421-C,1125-PF-TH-NOSTEN,Thailand,ExtendedStrict,XGBoost,5,0,0.05356151983141899,0
792,PD1422-C,1125-PF-TH-NOSTEN,Thailand,ExtendedStrict,XGBoost,5,0,0.09460838884115219,0
793,PD1426-C,1125-PF-TH-NOSTEN,Thailand,ExtendedStrict,XGBoost,5,0,0.06752470880746841,0
794,PD1427-C,1125-PF-TH-NOSTEN,Thailand,ExtendedStrict,XGBoost,5,0,0.05525606498122215,0
795,PD1428-C,1125-PF-TH-NOSTEN,Thailand,ExtendedStrict,XGBoost,5,0,0.05525606498122215,0
796,PD1430-C,1125-PF-TH-NOSTEN,Thailand,ExtendedStrict,XGBoost,5,0,0.05990162491798401,0
797,PD1434-C,1125-PF-TH-NOSTEN,Thailand,ExtendedStrict,XGBoost,5,0,0.09012812376022339,0
798,PD1436-C,1125-PF-TH-NOSTEN,Thailand,ExtendedStrict,XGBoost,5,0,0.06507160514593124,0
799,PD1437-C,1125-PF-TH-NOSTEN,Thailand,ExtendedStrict,XGBoost,5,0,0.047740086913108826,0
800,PD1440-C,1125-PF-TH-NOSTEN,Thailand,ExtendedStrict,XGBoost,5,0,0.042965080589056015,0
801,PD1443-C,1125-PF-TH-NOSTEN,Thailand,ExtendedStrict,XGBoost,5,0,0.06891406327486038,0
802,PD1451-C,1125-PF-TH-NOSTEN,Thailand,ExtendedStrict,XGBoost,5,0,0.029496679082512856,0
803,PD1457-C,1125-PF-TH-NOSTEN,Thailand,ExtendedStrict,XGBoost,5,0,0.05529293045401573,0
804,PD1462-C,1125-PF-TH-NOSTEN,Thailand,ExtendedStrict,XGBoost,5,0,0.056088417768478394,0
805,PD1464-C,1125-PF-TH-NOSTEN,Thailand,ExtendedStrict,XGBoost,5,0,0.05356151983141899,0
806,PD1465-C,1125-PF-TH-NOSTEN,Thailand,ExtendedStrict,XGBoost,5,0,0.10504326224327087,0
807,PD1466-C,1125-PF-TH-NOSTEN,Thailand,ExtendedStrict,XGBoost,5,0,0.05352574586868286,0
808,PD1470-C,1125-PF-TH-NOSTEN,Thailand,ExtendedStrict,XGBoost,5,0,0.04818651080131531,0
809,PD1472-C,1125-PF-TH-NOSTEN,Thailand,ExtendedStrict,XGBoost,5,0,0.07027535140514374,0
810,PD1474-C,1125-PF-TH-NOSTEN,Thailand,ExtendedStrict,XGBoost,5,0,0.04506896063685417,0
811,PD1475-C,1125-PF-TH-NOSTEN,Thailand,ExtendedStrict,XGBoost,5,0,0.04281225427985191,0
812,PD1476-C,1125-PF-TH-NOSTEN,Thailand,ExtendedStrict,XGBoost,5,0,0.05491993948817253,0
813,PD1478-C,1125-PF-TH-NOSTEN,Thailand,ExtendedStrict,XGBoost,5,0,0.04536283016204834,0
814,PD1479-C,1125-PF-TH-NOSTEN,Thailand,ExtendedStrict,XGBoost,5,0,0.07027535140514374,0
815,PD1480-C,1125-PF-TH-NOSTEN,Thailand,ExtendedStrict,XGBoost,5,0,0.06551038473844528,0
816,PD1482-C,1125-PF-TH-NOSTEN,Thailand,ExtendedStrict,XGBoost,5,0,0.04619042947888374,0
817,PD1483-C,1125-PF-TH-NOSTEN,Thailand,ExtendedStrict,XGBoost,5,0,0.13951356709003448,0
818,PD1484-C,1125-PF-TH-NOSTEN,Thailand,ExtendedStrict,XGBoost,5,0,0.04164067655801773,0
819,PD1485-C,1125-PF-TH-NOSTEN,Thailand,ExtendedStrict,XGBoost,5,0,0.13951356709003448,0
820,PD1486-C,1125-PF-TH-NOSTEN,Thailand,ExtendedStrict,XGBoost,5,0,0.1237187311053276,0
821,PD1487-C,1125-PF-TH-NOSTEN,Thailand,ExtendedStrict,XGBoost,5,0,0.07675322890281677,0
822,PD1489-C,1125-PF-TH-NOSTEN,Thailand,ExtendedStrict,XGBoost,5,0,0.06507160514593124,0
823,PD1490-C,1125-PF-TH-NOSTEN,Thailand,ExtendedStrict,XGBoost,5,0,0.04619042947888374,0
824,PD1491-C,1125-PF-TH-NOSTEN,Thailand,ExtendedStrict,XGBoost,5,0,0.09429507702589035,0
825,PD1493-C,1125-PF-TH-NOSTEN,Thailand,ExtendedStrict,XGBoost,5,0,0.056495700031518936,0
826,PD1494-C,1125-PF-TH-NOSTEN,Thailand,ExtendedStrict,XGBoost,5,0,0.044370006769895554,0
827,PD1496-C,1125-PF-TH-NOSTEN,Thailand,ExtendedStrict,XGBoost,5,0,0.04619042947888374,0
828,PD1497-C,1125-PF-TH-NOSTEN,Thailand,ExtendedStrict,XGBoost,5,0,0.042965080589056015,0
829,PD1498-C,1125-PF-TH-NOSTEN,Thailand,ExtendedStrict,XGBoost,5,0,0.04536283016204834,0
830,PD1499-C,1125-PF-TH-NOSTEN,Thailand,ExtendedStrict,XGBoost,5,0,0.05506760627031326,0
831,PD1501-C,1125-PF-TH-NOSTEN,Thailand,ExtendedStrict,XGBoost,5,0,0.09555065631866455,0
832,PD1502-C,1125-PF-TH-NOSTEN,Thailand,ExtendedStrict,XGBoost,5,0,0.042965080589056015,0
833,PD1503-C,1125-PF-TH-NOSTEN,Thailand,ExtendedStrict,XGBoost,5,0,0.038507137447595596,0
834,PD1504-C,1125-PF-TH-NOSTEN,Thailand,ExtendedStrict,XGBoost,5,0,0.04231145977973938,0
835,PD1505-C,1125-PF-TH-NOSTEN,Thailand,ExtendedStrict,XGBoost,5,0,0.05506760627031326,0
836,PD1507-C,1125-PF-TH-NOSTEN,Thailand,ExtendedStrict,XGBoost,5,0,0.07555505633354187,0
837,PD1508-C,1125-PF-TH-NOSTEN,Thailand,ExtendedStrict,XGBoost,5,0,0.10255930572748184,0
838,PD1510-C,1125-PF-TH-NOSTEN,Thailand,ExtendedStrict,XGBoost,5,0,0.06270041316747665,0
839,PD1511-C,1125-PF-TH-NOSTEN,Thailand,ExtendedStrict,XGBoost,5,0,0.08352552354335785,0
840,PD1512-C,1125-PF-TH-NOSTEN,Thailand,ExtendedStrict,XGBoost,5,0,0.05525606498122215,0
841,PD1513-C,1125-PF-TH-NOSTEN,Thailand,ExtendedStrict,XGBoost,5,0,0.07703930884599686,0
842,PD1515-C,1125-PF-TH-NOSTEN,Thailand,ExtendedStrict,XGBoost,5,0,0.04965250566601753,0
843,PD1516-C,1125-PF-TH-NOSTEN,Thailand,ExtendedStrict,XGBoost,5,0,0.046500444412231445,0
844,PD1518-C,1125-PF-TH-NOSTEN,Thailand,ExtendedStrict,XGBoost,5,0,0.155915305018425,0
880,PH0044-C,1031-PF-SEA-PLOWE,Cambodia,ExtendedStrict,XGBoost,5,1,0.9712703824043274,1
881,PH0045-C,1031-PF-SEA-PLOWE,Cambodia,ExtendedStrict,XGBoost,5,1,0.9728025794029236,1
882,PH0046-C,1031-PF-SEA-PLOWE,Cambodia,ExtendedStrict,XGBoost,5,0,0.031091632321476936,0
893,PH0105-C,1031-PF-SEA-PLOWE,Cambodia,ExtendedStrict,XGBoost,5,1,0.9693278670310974,1
894,PH0109-C,1031-PF-SEA-PLOWE,Cambodia,ExtendedStrict,XGBoost,5,1,0.6641415953636169,1
895,PH0110-C,1031-PF-SEA-PLOWE,Cambodia,ExtendedStrict,XGBoost,5,1,0.6466448307037354,1
896,PH0111-C,1031-PF-SEA-PLOWE,Cambodia,ExtendedStrict,XGBoost,5,1,0.9212561249732971,1
897,PH0112-C,1031-PF-SEA-PLOWE,Cambodia,ExtendedStrict,XGBoost,5,1,0.6641415953636169,1
898,PH0114-C,1031-PF-SEA-PLOWE,Cambodia,ExtendedStrict,XGBoost,5,1,0.8935770988464355,1
899,PH0116-C,1031-PF-SEA-PLOWE,Cambodia,ExtendedStrict,XGBoost,5,1,0.6466448307037354,1
900,PH0117-C,1031-PF-SEA-PLOWE,Cambodia,ExtendedStrict,XGBoost,5,1,0.6641415953636169,1
901,PH0118-C,1031-PF-SEA-PLOWE,Cambodia,ExtendedStrict,XGBoost,5,1,0.6641415953636169,1
902,PH0121-CW,1031-PF-SEA-PLOWE,Cambodia,ExtendedStrict,XGBoost,5,1,0.9812933802604675,1
903,PH0122-CW,1031-PF-SEA-PLOWE,Cambodia,ExtendedStrict,XGBoost,5,1,0.9712703824043274,1
904,PH0123-CW,1031-PF-SEA-PLOWE,Cambodia,ExtendedStrict,XGBoost,5,1,0.0461324006319046,0
905,PH0124-CW,1031-PF-SEA-PLOWE,Cambodia,ExtendedStrict,XGBoost,5,1,0.4557639956474304,0
906,PH0125-CW,1031-PF-SEA-PLOWE,Cambodia,ExtendedStrict,XGBoost,5,1,0.34379416704177856,0
907,PH0126-CW,1031-PF-SEA-PLOWE,Cambodia,ExtendedStrict,XGBoost,5,1,0.9583267569541931,1
908,PH0128-CW,1031-PF-SEA-PLOWE,Cambodia,ExtendedStrict,XGBoost,5,1,0.4597167670726776,0
909,PH0130-CW,1031-PF-SEA-PLOWE,Cambodia,ExtendedStrict,XGBoost,5,1,0.561669111251831,1
910,PH0131-CW,1031-PF-SEA-PLOWE,Cambodia,ExtendedStrict,XGBoost,5,1,0.972112774848938,1
911,PH0132-CW,1031-PF-SEA-PLOWE,Cambodia,ExtendedStrict,XGBoost,5,1,0.763399600982666,1
912,PH0133-CW,1031-PF-SEA-PLOWE,Cambodia,ExtendedStrict,XGBoost,5,1,0.12584559619426727,0
913,PH0134-C,1031-PF-SEA-PLOWE,Cambodia,ExtendedStrict,XGBoost,5,1,0.9595329165458679,1
914,PH0136-C,1031-PF-SEA-PLOWE,Cambodia,ExtendedStrict,XGBoost,5,1,0.6194519996643066,1
915,PH0137-C,1031-PF-SEA-PLOWE,Cambodia,ExtendedStrict,XGBoost,5,1,0.5741133689880371,1
916,PH0138-CW,1031-PF-SEA-PLOWE,Cambodia,ExtendedStrict,XGBoost,5,0,0.9590460658073425,1
917,PH0139-CW,1031-PF-SEA-PLOWE,Cambodia,ExtendedStrict,XGBoost,5,1,0.5032095313072205,1
918,PH0140-CW,1031-PF-SEA-PLOWE,Cambodia,ExtendedStrict,XGBoost,5,1,0.671718955039978,1
919,PH0141-CW,1031-PF-SEA-PLOWE,Cambodia,ExtendedStrict,XGBoost,5,0,0.30680355429649353,0
920,PH0142-CW,1031-PF-SEA-PLOWE,Cambodia,ExtendedStrict,XGBoost,5,0,0.49615418910980225,0
921,PH0143-CW,1031-PF-SEA-PLOWE,Cambodia,ExtendedStrict,XGBoost,5,1,0.9496534466743469,1
922,PH0144-CW,1031-PF-SEA-PLOWE,Cambodia,ExtendedStrict,XGBoost,5,1,0.4445393979549408,0
923,PH0145-CW,1031-PF-SEA-PLOWE,Cambodia,ExtendedStrict,XGBoost,5,1,0.7746285796165466,1
924,PH0146-CW,1031-PF-SEA-PLOWE,Cambodia,ExtendedStrict,XGBoost,5,0,0.3522142469882965,0
925,PH0147-CW,1031-PF-SEA-PLOWE,Cambodia,ExtendedStrict,XGBoost,5,1,0.9693278670310974,1
926,PH0148-CW,1031-PF-SEA-PLOWE,Cambodia,ExtendedStrict,XGBoost,5,0,0.5216062664985657,1
927,PH0149-CW,1031-PF-SEA-PLOWE,Cambodia,ExtendedStrict,XGBoost,5,1,0.6561732292175293,1
928,PH0151-CW,1031-PF-SEA-PLOWE,Cambodia,ExtendedStrict,XGBoost,5,1,0.9712703824043274,1
929,PH0152-CW,1031-PF-SEA-PLOWE,Cambodia,ExtendedStrict,XGBoost,5,1,0.5731694102287292,1
930,PH0153-CW,1031-PF-SEA-PLOWE,Cambodia,ExtendedStrict,XGBoost,5,1,0.6561732292175293,1
931,PH0155-C,1031-PF-SEA-PLOWE,Cambodia,ExtendedStrict,XGBoost,5,1,0.6384873986244202,1
932,PH0156-C,1031-PF-SEA-PLOWE,Cambodia,ExtendedStrict,XGBoost,5,1,0.6561732292175293,1
959,PH0217-C,1031-PF-SEA-PLOWE,Cambodia,ExtendedStrict,XGBoost,5,1,0.9767702221870422,1
960,PH0218-C,1031-PF-SEA-PLOWE,Cambodia,ExtendedStrict,XGBoost,5,1,0.9614594578742981,1
961,PH0221-C,1031-PF-SEA-PLOWE,Cambodia,ExtendedStrict,XGBoost,5,1,0.9591255784034729,1
962,PH0222-C,1031-PF-SEA-PLOWE,Cambodia,ExtendedStrict,XGBoost,5,1,0.9134295582771301,1
963,PH0223-CW,1031-PF-SEA-PLOWE,Cambodia,ExtendedStrict,XGBoost,5,1,0.9578763842582703,1
964,PH0224-C,1031-PF-SEA-PLOWE,Cambodia,ExtendedStrict,XGBoost,5,1,0.9767702221870422,1
965,PH0225-C,1031-PF-SEA-PLOWE,Cambodia,ExtendedStrict,XGBoost,5,1,0.9767702221870422,1
966,PH0227-C,1031-PF-SEA-PLOWE,Cambodia,ExtendedStrict,XGBoost,5,1,0.9767702221870422,1
967,PH0228-C,1031-PF-SEA-PLOWE,Cambodia,ExtendedStrict,XGBoost,5,1,0.9767702221870422,1
968,PH0229-C,1031-PF-SEA-PLOWE,Cambodia,ExtendedStrict,XGBoost,5,1,0.9709633588790894,1
969,PH0234-C,1031-PF-SEA-PLOWE,Cambodia,ExtendedStrict,XGBoost,5,1,0.5994745492935181,1
970,PH0236-C,1031-PF-SEA-PLOWE,Cambodia,ExtendedStrict,XGBoost,5,1,0.9605211615562439,1
1066,PH0386-C,1031-PF-SEA-PLOWE,Cambodia,ExtendedStrict,XGBoost,5,1,0.8486969470977783,1
1067,PH0387-C,1031-PF-SEA-PLOWE,Cambodia,ExtendedStrict,XGBoost,5,1,0.6384873986244202,1
1068,PH0388-C,1031-PF-SEA-PLOWE,Cambodia,ExtendedStrict,XGBoost,5,1,0.15986330807209015,0
1069,PH0389-C,1031-PF-SEA-PLOWE,Cambodia,ExtendedStrict,XGBoost,5,1,0.9700843095779419,1
1070,PH0390-C,1031-PF-SEA-PLOWE,Cambodia,ExtendedStrict,XGBoost,5,1,0.9651910066604614,1
1071,PH0391-C,1031-PF-SEA-PLOWE,Cambodia,ExtendedStrict,XGBoost,5,0,0.21736100316047668,0
1072,PH0392-C,1031-PF-SEA-PLOWE,Cambodia,ExtendedStrict,XGBoost,5,1,0.3415991961956024,0
1073,PH0393-C,1031-PF-SEA-PLOWE,Cambodia,ExtendedStrict,XGBoost,5,1,0.9789296984672546,1
1074,PH0394-C,1031-PF-SEA-PLOWE,Cambodia,ExtendedStrict,XGBoost,5,0,0.17788389325141907,0
1075,PH0395-C,1031-PF-SEA-PLOWE,Cambodia,ExtendedStrict,XGBoost,5,1,0.520301342010498,1
1076,PH0396-C,1031-PF-SEA-PLOWE,Cambodia,ExtendedStrict,XGBoost,5,1,0.9700843095779419,1
1077,PH0397-C,1031-PF-SEA-PLOWE,Cambodia,ExtendedStrict,XGBoost,5,1,0.8561962246894836,1
1078,PH0398-C,1031-PF-SEA-PLOWE,Cambodia,ExtendedStrict,XGBoost,5,1,0.9605211615562439,1
1079,PH0400-C,1031-PF-SEA-PLOWE,Cambodia,ExtendedStrict,XGBoost,5,1,0.9700843095779419,1
1080,PH0404-C,1031-PF-SEA-PLOWE,Cambodia,ExtendedStrict,XGBoost,5,1,0.1202019602060318,0
1081,PH0407-C,1031-PF-SEA-PLOWE,Cambodia,ExtendedStrict,XGBoost,5,1,0.9684039950370789,1
1082,PH0408-C,1031-PF-SEA-PLOWE,Cambodia,ExtendedStrict,XGBoost,5,0,0.27343976497650146,0
1083,PH0409-CW,1031-PF-SEA-PLOWE,Cambodia,ExtendedStrict,XGBoost,5,1,0.9494510293006897,1
1084,PH0410-C,1031-PF-SEA-PLOWE,Cambodia,ExtendedStrict,XGBoost,5,1,0.7931129932403564,1
1085,PH0411-C,1031-PF-SEA-PLOWE,Cambodia,ExtendedStrict,XGBoost,5,1,0.7789726257324219,1
1086,PH0412-C,1031-PF-SEA-PLOWE,Cambodia,ExtendedStrict,XGBoost,5,1,0.6561732292175293,1
1087,PH0413-C,1031-PF-SEA-PLOWE,Cambodia,ExtendedStrict,XGBoost,5,1,0.7945361733436584,1
1088,PH0414-C,1031-PF-SEA-PLOWE,Cambodia,ExtendedStrict,XGBoost,5,0,0.9519960284233093,1
1089,PH0415-C,1031-PF-SEA-PLOWE,Cambodia,ExtendedStrict,XGBoost,5,0,0.40558212995529175,0
1090,PH0416-C,1031-PF-SEA-PLOWE,Cambodia,ExtendedStrict,XGBoost,5,1,0.6559975743293762,1
1091,PH0418-C,1031-PF-SEA-PLOWE,Cambodia,ExtendedStrict,XGBoost,5,1,0.9212561249732971,1
1092,PH0420-CW,1031-PF-SEA-PLOWE,Cambodia,ExtendedStrict,XGBoost,5,0,0.028891555964946747,0
1093,PH0421-C,1031-PF-SEA-PLOWE,Cambodia,ExtendedStrict,XGBoost,5,1,0.5731694102287292,1
1094,PH0422-CW,1031-PF-SEA-PLOWE,Cambodia,ExtendedStrict,XGBoost,5,1,0.9583267569541931,1
1095,PH0424-C,1031-PF-SEA-PLOWE,Cambodia,ExtendedStrict,XGBoost,5,1,0.917261004447937,1
1096,PH0425-C,1031-PF-SEA-PLOWE,Cambodia,ExtendedStrict,XGBoost,5,1,0.49339795112609863,0
1097,PH0431-CW,1031-PF-SEA-PLOWE,Cambodia,ExtendedStrict,XGBoost,5,1,0.9516643285751343,1
1098,PH0437-C,1031-PF-SEA-PLOWE,Cambodia,ExtendedStrict,XGBoost,5,1,0.6106704473495483,1
1099,PH0438-C,1031-PF-SEA-PLOWE,Cambodia,ExtendedStrict,XGBoost,5,1,0.2957000732421875,0
1100,PH0444-C,1031-PF-SEA-PLOWE,Cambodia,ExtendedStrict,XGBoost,5,1,0.36120495200157166,0
1101,PH0445-C,1031-PF-SEA-PLOWE,Cambodia,ExtendedStrict,XGBoost,5,1,0.6553837060928345,1
1102,PH0447-C,1031-PF-SEA-PLOWE,Cambodia,ExtendedStrict,XGBoost,5,1,0.4121674597263336,0
1103,PH0451-C,1031-PF-SEA-PLOWE,Cambodia,ExtendedStrict,XGBoost,5,1,0.9427122473716736,1
2451,RCN03169,1125-PF-TH-NOSTEN,Thailand,ExtendedStrict,XGBoost,5,1,0.7781535983085632,1
2452,RCN03171,1125-PF-TH-NOSTEN,Thailand,ExtendedStrict,XGBoost,5,0,0.4356154799461365,0
2453,RCN03172,1125-PF-TH-NOSTEN,Thailand,ExtendedStrict,XGBoost,5,0,0.6645307540893555,1
2454,RCN03173,1125-PF-TH-NOSTEN,Thailand,ExtendedStrict,XGBoost,5,0,0.44576048851013184,0
2455,RCN03174,1125-PF-TH-NOSTEN,Thailand,ExtendedStrict,XGBoost,5,1,0.7781535983085632,1
2456,RCN03177,1125-PF-TH-NOSTEN,Thailand,ExtendedStrict,XGBoost,5,0,0.4636165201663971,0
2457,RCN03178,1125-PF-TH-NOSTEN,Thailand,ExtendedStrict,XGBoost,5,1,0.8063866496086121,1
2458,RCN03181,1125-PF-TH-NOSTEN,Thailand,ExtendedStrict,XGBoost,5,0,0.7421516180038452,1
2459,RCN03182,1125-PF-TH-NOSTEN,Thailand,ExtendedStrict,XGBoost,5,1,0.46514979004859924,0
2460,RCN03186,1125-PF-TH-NOSTEN,Thailand,ExtendedStrict,XGBoost,5,1,0.46514979004859924,0
2461,RCN03187,1125-PF-TH-NOSTEN,Thailand,ExtendedStrict,XGBoost,5,1,0.6518508791923523,1
2462,RCN03188,1125-PF-TH-NOSTEN,Thailand,ExtendedStrict,XGBoost,5,0,0.8918546438217163,1
2463,RCN03189,1125-PF-TH-NOSTEN,Thailand,ExtendedStrict,XGBoost,5,1,0.7455660104751587,1
2464,RCN03191,1125-PF-TH-NOSTEN,Thailand,ExtendedStrict,XGBoost,5,1,0.49036502838134766,0
2465,RCN03192,1125-PF-TH-NOSTEN,Thailand,ExtendedStrict,XGBoost,5,0,0.6777805685997009,1
2466,RCN03194,1125-PF-TH-NOSTEN,Thailand,ExtendedStrict,XGBoost,5,1,0.7553431391716003,1
2467,RCN03195,1125-PF-TH-NOSTEN,Thailand,ExtendedStrict,XGBoost,5,1,0.4141499400138855,0
2468,RCN03196,1125-PF-TH-NOSTEN,Thailand,ExtendedStrict,XGBoost,5,1,0.46514979004859924,0
2469,RCN03197,1125-PF-TH-NOSTEN,Thailand,ExtendedStrict,XGBoost,5,1,0.39375269412994385,0
2470,RCN03272,1198-PF-METF-NOSTEN,Myanmar,ExtendedStrict,XGBoost,5,1,0.5409542918205261,1
2471,RCN03283,1198-PF-METF-NOSTEN,Myanmar,ExtendedStrict,XGBoost,5,1,0.46514979004859924,0
2472,RCN03285,1198-PF-METF-NOSTEN,Myanmar,ExtendedStrict,XGBoost,5,0,0.6601449251174927,1
2473,RCN03292,1198-PF-METF-NOSTEN,Myanmar,ExtendedStrict,XGBoost,5,1,0.6777805685997009,1
2474,RCN03299,1198-PF-METF-NOSTEN,Myanmar,ExtendedStrict,XGBoost,5,0,0.4102718234062195,0
2475,RCN03300,1198-PF-METF-NOSTEN,Myanmar,ExtendedStrict,XGBoost,5,0,0.6838668584823608,1
2476,RCN03303,1198-PF-METF-NOSTEN,Myanmar,ExtendedStrict,XGBoost,5,0,0.4066169559955597,0
2477,RCN03306,1198-PF-METF-NOSTEN,Myanmar,ExtendedStrict,XGBoost,5,1,0.4668745696544647,0
2478,RCN03307,1198-PF-METF-NOSTEN,Myanmar,ExtendedStrict,XGBoost,5,1,0.41989389061927795,0
2479,RCN03311,1198-PF-METF-NOSTEN,Myanmar,ExtendedStrict,XGBoost,5,0,0.90022873878479,1
2480,RCN03312,1198-PF-METF-NOSTEN,Myanmar,ExtendedStrict,XGBoost,5,0,0.6777805685997009,1
2481,RCN03313,1198-PF-METF-NOSTEN,Myanmar,ExtendedStrict,XGBoost,5,1,0.4822814166545868,0
2482,RCN03315,1198-PF-METF-NOSTEN,Myanmar,ExtendedStrict,XGBoost,5,0,0.658866286277771,1
2483,RCN03316,1198-PF-METF-NOSTEN,Myanmar,ExtendedStrict,XGBoost,5,0,0.4102718234062195,0
2484,RCN03317,1198-PF-METF-NOSTEN,Myanmar,ExtendedStrict,XGBoost,5,1,0.4304310083389282,0
2485,RCN03318,1198-PF-METF-NOSTEN,Myanmar,ExtendedStrict,XGBoost,5,0,0.4102718234062195,0
2486,RCN03319,1198-PF-METF-NOSTEN,Myanmar,ExtendedStrict,XGBoost,5,1,0.5276343822479248,1
2487,RCN03320,1198-PF-METF-NOSTEN,Myanmar,ExtendedStrict,XGBoost,5,0,0.39286568760871887,0
2488,RCN03323,1198-PF-METF-NOSTEN,Myanmar,ExtendedStrict,XGBoost,5,0,0.4562179446220398,0
2489,RCN03326,1198-PF-METF-NOSTEN,Myanmar,ExtendedStrict,XGBoost,5,1,0.37284955382347107,0
2490,RCN03328,1198-PF-METF-NOSTEN,Myanmar,ExtendedStrict,XGBoost,5,1,0.4304310083389282,0
2491,RCN03334,1198-PF-METF-NOSTEN,Myanmar,ExtendedStrict,XGBoost,5,1,0.4029906690120697,0
2492,RCN03335,1198-PF-METF-NOSTEN,Myanmar,ExtendedStrict,XGBoost,5,0,0.31650909781455994,0
2493,RCN03336,1198-PF-METF-NOSTEN,Myanmar,ExtendedStrict,XGBoost,5,0,0.3595082461833954,0
2494,RCN03337,1198-PF-METF-NOSTEN,Myanmar,ExtendedStrict,XGBoost,5,1,0.532768189907074,1
2495,RCN03338,1198-PF-METF-NOSTEN,Myanmar,ExtendedStrict,XGBoost,5,1,0.39375269412994385,0
2496,RCN03339,1198-PF-METF-NOSTEN,Myanmar,ExtendedStrict,XGBoost,5,1,0.4032522141933441,0
2497,RCN03340,1198-PF-METF-NOSTEN,Myanmar,ExtendedStrict,XGBoost,5,1,0.4029906690120697,0
2498,RCN03341,1198-PF-METF-NOSTEN,Myanmar,ExtendedStrict,XGBoost,5,0,0.41989389061927795,0
2499,RCN03342,1198-PF-METF-NOSTEN,Myanmar,ExtendedStrict,XGBoost,5,0,0.29242080450057983,0
2500,RCN03344,1198-PF-METF-NOSTEN,Myanmar,ExtendedStrict,XGBoost,5,0,0.3142029643058777,0
2501,RCN03347,1198-PF-METF-NOSTEN,Myanmar,ExtendedStrict,XGBoost,5,0,0.41989389061927795,0
2502,RCN03348,1198-PF-METF-NOSTEN,Myanmar,ExtendedStrict,XGBoost,5,1,0.5276343822479248,1
2503,RCN03349,1198-PF-METF-NOSTEN,Myanmar,ExtendedStrict,XGBoost,5,1,0.39375269412994385,0
2504,RCN03352,1198-PF-METF-NOSTEN,Myanmar,ExtendedStrict,XGBoost,5,0,0.305549293756485,0
2505,RCN03353,1198-PF-METF-NOSTEN,Myanmar,ExtendedStrict,XGBoost,5,1,0.3020656108856201,0
2506,RCN03354,1198-PF-METF-NOSTEN,Myanmar,ExtendedStrict,XGBoost,5,1,0.4029906690120697,0
2507,RCN03357,1198-PF-METF-NOSTEN,Myanmar,ExtendedStrict,XGBoost,5,1,0.39375269412994385,0
2508,RCN03358,1198-PF-METF-NOSTEN,Myanmar,ExtendedStrict,XGBoost,5,1,0.49036502838134766,0
2509,RCN03361,1198-PF-METF-NOSTEN,Myanmar,ExtendedStrict,XGBoost,5,0,0.41989389061927795,0
2510,RCN03363,1198-PF-METF-NOSTEN,Myanmar,ExtendedStrict,XGBoost,5,0,0.3035513460636139,0
2511,RCN03365,1198-PF-METF-NOSTEN,Myanmar,ExtendedStrict,XGBoost,5,1,0.6303614377975464,1
2512,RCN03367,1198-PF-METF-NOSTEN,Myanmar,ExtendedStrict,XGBoost,5,1,0.4389590322971344,0
2513,RCN03369,1198-PF-METF-NOSTEN,Myanmar,ExtendedStrict,XGBoost,5,0,0.41989389061927795,0
2514,RCN03375,1198-PF-METF-NOSTEN,Myanmar,ExtendedStrict,XGBoost,5,0,0.4066169559955597,0
2515,RCN03376,1198-PF-METF-NOSTEN,Myanmar,ExtendedStrict,XGBoost,5,1,0.4304310083389282,0
2516,RCN03377,1198-PF-METF-NOSTEN,Myanmar,ExtendedStrict,XGBoost,5,0,0.30625036358833313,0
2517,RCN03380,1198-PF-METF-NOSTEN,Myanmar,ExtendedStrict,XGBoost,5,0,0.7076442837715149,1
2518,RCN03382,1198-PF-METF-NOSTEN,Myanmar,ExtendedStrict,XGBoost,5,0,0.4822814166545868,0
2519,RCN03383,1198-PF-METF-NOSTEN,Myanmar,ExtendedStrict,XGBoost,5,0,0.29242080450057983,0
2520,RCN03384,1198-PF-METF-NOSTEN,Myanmar,ExtendedStrict,XGBoost,5,0,0.29242080450057983,0
2521,RCN03386,1198-PF-METF-NOSTEN,Myanmar,ExtendedStrict,XGBoost,5,0,0.4291859269142151,0
2522,RCN03388,1198-PF-METF-NOSTEN,Myanmar,ExtendedStrict,XGBoost,5,1,0.39375269412994385,0
2523,RCN03389,1198-PF-METF-NOSTEN,Myanmar,ExtendedStrict,XGBoost,5,0,0.28162747621536255,0
2524,RCN03390,1198-PF-METF-NOSTEN,Myanmar,ExtendedStrict,XGBoost,5,0,0.2913125157356262,0
2525,RCN03391,1198-PF-METF-NOSTEN,Myanmar,ExtendedStrict,XGBoost,5,0,0.3703882098197937,0
2526,RCN03392,1198-PF-METF-NOSTEN,Myanmar,ExtendedStrict,XGBoost,5,0,0.4102718234062195,0
2527,RCN03394,1198-PF-METF-NOSTEN,Myanmar,ExtendedStrict,XGBoost,5,1,0.4029906690120697,0
2528,RCN03396,1198-PF-METF-NOSTEN,Myanmar,ExtendedStrict,XGBoost,5,1,0.4085645377635956,0
2529,RCN03398,1198-PF-METF-NOSTEN,Myanmar,ExtendedStrict,XGBoost,5,1,0.3865725100040436,0
2530,RCN03399,1198-PF-METF-NOSTEN,Myanmar,ExtendedStrict,XGBoost,5,0,0.4709779918193817,0
2531,RCN03400,1198-PF-METF-NOSTEN,Myanmar,ExtendedStrict,XGBoost,5,0,0.19183892011642456,0
2532,RCN03401,1198-PF-METF-NOSTEN,Myanmar,ExtendedStrict,XGBoost,5,1,0.6635134220123291,1
2533,RCN03402,1198-PF-METF-NOSTEN,Myanmar,ExtendedStrict,XGBoost,5,0,0.3142029643058777,0
2534,RCN03403,1198-PF-METF-NOSTEN,Myanmar,ExtendedStrict,XGBoost,5,1,0.4029906690120697,0
2535,RCN03405,1198-PF-METF-NOSTEN,Myanmar,ExtendedStrict,XGBoost,5,0,0.4102718234062195,0
2536,RCN03406,1198-PF-METF-NOSTEN,Myanmar,ExtendedStrict,XGBoost,5,0,0.4102718234062195,0
2537,RCN03408,1198-PF-METF-NOSTEN,Myanmar,ExtendedStrict,XGBoost,5,0,0.29242080450057983,0
2538,RCN03409,1198-PF-METF-NOSTEN,Myanmar,ExtendedStrict,XGBoost,5,1,0.4389590322971344,0
2539,RCN03410,1198-PF-METF-NOSTEN,Myanmar,ExtendedStrict,XGBoost,5,1,0.4029906690120697,0
2540,RCN03415,1198-PF-METF-NOSTEN,Myanmar,ExtendedStrict,XGBoost,5,1,0.6635134220123291,1
2541,RCN03419,1198-PF-METF-NOSTEN,Myanmar,ExtendedStrict,XGBoost,5,0,0.4029906690120697,0
2542,RCN03420,1198-PF-METF-NOSTEN,Myanmar,ExtendedStrict,XGBoost,5,1,0.4029906690120697,0
2543,RCN03421,1198-PF-METF-NOSTEN,Myanmar,ExtendedStrict,XGBoost,5,1,0.4029906690120697,0
2544,RCN03422,1198-PF-METF-NOSTEN,Myanmar,ExtendedStrict,XGBoost,5,1,0.576816737651825,1
2545,RCN03423,1198-PF-METF-NOSTEN,Myanmar,ExtendedStrict,XGBoost,5,1,0.4389590322971344,0
2546,RCN03424,1198-PF-METF-NOSTEN,Myanmar,ExtendedStrict,XGBoost,5,1,0.4102718234062195,0
2547,RCN03425,1198-PF-METF-NOSTEN,Myanmar,ExtendedStrict,XGBoost,5,1,0.4304310083389282,0
2548,RCN03426,1198-PF-METF-NOSTEN,Myanmar,ExtendedStrict,XGBoost,5,1,0.4304310083389282,0
2549,RCN03428,1198-PF-METF-NOSTEN,Myanmar,ExtendedStrict,XGBoost,5,0,0.2939942181110382,0
2550,RCN03429,1198-PF-METF-NOSTEN,Myanmar,ExtendedStrict,XGBoost,5,0,0.31650909781455994,0
2551,RCN03430,1198-PF-METF-NOSTEN,Myanmar,ExtendedStrict,XGBoost,5,0,0.3656524419784546,0
2552,RCN03431,1198-PF-METF-NOSTEN,Myanmar,ExtendedStrict,XGBoost,5,1,0.4554208517074585,0
2553,RCN03433,1198-PF-METF-NOSTEN,Myanmar,ExtendedStrict,XGBoost,5,1,0.4533499479293823,0
2554,RCN03435,1198-PF-METF-NOSTEN,Myanmar,ExtendedStrict,XGBoost,5,0,0.331559956073761,0
2555,RCN03436,1198-PF-METF-NOSTEN,Myanmar,ExtendedStrict,XGBoost,5,1,0.4029906690120697,0
2556,RCN03439,1198-PF-METF-NOSTEN,Myanmar,ExtendedStrict,XGBoost,5,1,0.7966997623443604,1
2557,RCN03440,1198-PF-METF-NOSTEN,Myanmar,ExtendedStrict,XGBoost,5,1,0.3865725100040436,0
2558,RCN03441,1198-PF-METF-NOSTEN,Myanmar,ExtendedStrict,XGBoost,5,1,0.6668822765350342,1
2559,RCN03442,1198-PF-METF-NOSTEN,Myanmar,ExtendedStrict,XGBoost,5,1,0.4102718234062195,0
2560,RCN03444,1198-PF-METF-NOSTEN,Myanmar,ExtendedStrict,XGBoost,5,0,0.29242080450057983,0
2561,RCN03448,1198-PF-METF-NOSTEN,Myanmar,ExtendedStrict,XGBoost,5,1,0.7917681932449341,1
2562,RCN03450,1198-PF-METF-NOSTEN,Myanmar,ExtendedStrict,XGBoost,5,1,0.7424213886260986,1
2563,RCN03451,1198-PF-METF-NOSTEN,Myanmar,ExtendedStrict,XGBoost,5,0,0.7279162406921387,1
2564,RCN03452,1198-PF-METF-NOSTEN,Myanmar,ExtendedStrict,XGBoost,5,0,0.3020656108856201,0
2565,RCN03453,1198-PF-METF-NOSTEN,Myanmar,ExtendedStrict,XGBoost,5,0,0.37284955382347107,0
2566,RCN03458,1198-PF-METF-NOSTEN,Myanmar,ExtendedStrict,XGBoost,5,1,0.4032522141933441,0
2567,RCN03459,1198-PF-METF-NOSTEN,Myanmar,ExtendedStrict,XGBoost,5,0,0.35059866309165955,0
2568,RCN03460,1198-PF-METF-NOSTEN,Myanmar,ExtendedStrict,XGBoost,5,1,0.6668822765350342,1
2569,RCN03461,1198-PF-METF-NOSTEN,Myanmar,ExtendedStrict,XGBoost,5,0,0.7731844186782837,1
2570,RCN03462,1198-PF-METF-NOSTEN,Myanmar,ExtendedStrict,XGBoost,5,0,0.3468446433544159,0
2571,RCN03463,1198-PF-METF-NOSTEN,Myanmar,ExtendedStrict,XGBoost,5,0,0.6601449251174927,1
2572,RCN03464,1198-PF-METF-NOSTEN,Myanmar,ExtendedStrict,XGBoost,5,0,0.6668822765350342,1
2573,RCN03467,1198-PF-METF-NOSTEN,Myanmar,ExtendedStrict,XGBoost,5,0,0.33900851011276245,0
2574,RCN03468,1198-PF-METF-NOSTEN,Myanmar,ExtendedStrict,XGBoost,5,0,0.36281725764274597,0
2575,RCN03469,1198-PF-METF-NOSTEN,Myanmar,ExtendedStrict,XGBoost,5,0,0.33900851011276245,0
2576,RCN03470,1198-PF-METF-NOSTEN,Myanmar,ExtendedStrict,XGBoost,5,0,0.3142029643058777,0
2577,RCN03471,1198-PF-METF-NOSTEN,Myanmar,ExtendedStrict,XGBoost,5,0,0.29242080450057983,0
2578,RCN03472,1198-PF-METF-NOSTEN,Myanmar,ExtendedStrict,XGBoost,5,0,0.3142029643058777,0
2579,RCN03474,1198-PF-METF-NOSTEN,Myanmar,ExtendedStrict,XGBoost,5,1,0.5035492777824402,1
2580,RCN03475,1198-PF-METF-NOSTEN,Myanmar,ExtendedStrict,XGBoost,5,0,0.33900851011276245,0
2581,RCN03476,1198-PF-METF-NOSTEN,Myanmar,ExtendedStrict,XGBoost,5,0,0.3142029643058777,0
2582,RCN03477,1198-PF-METF-NOSTEN,Myanmar,ExtendedStrict,XGBoost,5,0,0.43846526741981506,0
2583,RCN03478,1198-PF-METF-NOSTEN,Myanmar,ExtendedStrict,XGBoost,5,0,0.33900851011276245,0
2584,RCN03479,1198-PF-METF-NOSTEN,Myanmar,ExtendedStrict,XGBoost,5,0,0.3142029643058777,0
2585,RCN03480,1198-PF-METF-NOSTEN,Myanmar,ExtendedStrict,XGBoost,5,0,0.29242080450057983,0
2586,RCN03484,1198-PF-METF-NOSTEN,Myanmar,ExtendedStrict,XGBoost,5,0,0.2939942181110382,0
2587,RCN03485,1198-PF-METF-NOSTEN,Myanmar,ExtendedStrict,XGBoost,5,1,0.4304310083389282,0
2588,RCN03486,1198-PF-METF-NOSTEN,Myanmar,ExtendedStrict,XGBoost,5,0,0.6601449251174927,1
2589,RCN03487,1198-PF-METF-NOSTEN,Myanmar,ExtendedStrict,XGBoost,5,1,0.6792188286781311,1
2590,RCN03488,1198-PF-METF-NOSTEN,Myanmar,ExtendedStrict,XGBoost,5,0,0.8680883646011353,1
2591,RCN03489,1198-PF-METF-NOSTEN,Myanmar,ExtendedStrict,XGBoost,5,1,0.4201052486896515,0
2592,RCN03490,1198-PF-METF-NOSTEN,Myanmar,ExtendedStrict,XGBoost,5,1,0.4201052486896515,0
2593,RCN03492,1198-PF-METF-NOSTEN,Myanmar,ExtendedStrict,XGBoost,5,0,0.6601449251174927,1
2594,RCN03493,1198-PF-METF-NOSTEN,Myanmar,ExtendedStrict,XGBoost,5,0,0.3020656108856201,0
2595,RCN03494,1198-PF-METF-NOSTEN,Myanmar,ExtendedStrict,XGBoost,5,0,0.31650909781455994,0
2596,RCN03495,1198-PF-METF-NOSTEN,Myanmar,ExtendedStrict,XGBoost,5,0,0.3432615101337433,0
2597,RCN03496,1198-PF-METF-NOSTEN,Myanmar,ExtendedStrict,XGBoost,5,1,0.4304310083389282,0
2598,RCN03497,1198-PF-METF-NOSTEN,Myanmar,ExtendedStrict,XGBoost,5,0,0.31222763657569885,0
2599,RCN03501,1198-PF-METF-NOSTEN,Myanmar,ExtendedStrict,XGBoost,5,1,0.41989389061927795,0
2600,RCN03502,1198-PF-METF-NOSTEN,Myanmar,ExtendedStrict,XGBoost,5,1,0.3901476263999939,0
2601,RCN03504,1198-PF-METF-NOSTEN,Myanmar,ExtendedStrict,XGBoost,5,1,0.4304310083389282,0
2602,RCN03505,1198-PF-METF-NOSTEN,Myanmar,ExtendedStrict,XGBoost,5,0,0.4102718234062195,0
2603,RCN03508,1198-PF-METF-NOSTEN,Myanmar,ExtendedStrict,XGBoost,5,1,0.41989389061927795,0
2604,RCN03509,1198-PF-METF-NOSTEN,Myanmar,ExtendedStrict,XGBoost,5,0,0.68379807472229,1
2605,RCN03510,1198-PF-METF-NOSTEN,Myanmar,ExtendedStrict,XGBoost,5,1,0.5276343822479248,1
2606,RCN03511,1198-PF-METF-NOSTEN,Myanmar,ExtendedStrict,XGBoost,5,1,0.44266897439956665,0
2607,RCN03512,1198-PF-METF-NOSTEN,Myanmar,ExtendedStrict,XGBoost,5,1,0.4102718234062195,0
2608,RCN03513,1198-PF-METF-NOSTEN,Myanmar,ExtendedStrict,XGBoost,5,1,0.4029906690120697,0
2609,RCN03514,1198-PF-METF-NOSTEN,Myanmar,ExtendedStrict,XGBoost,5,0,0.3748932480812073,0
2610,RCN03515,1198-PF-METF-NOSTEN,Myanmar,ExtendedStrict,XGBoost,5,1,0.4304310083389282,0
2611,RCN03519,1198-PF-METF-NOSTEN,Myanmar,ExtendedStrict,XGBoost,5,1,0.4102718234062195,0
2612,RCN03521,1198-PF-METF-NOSTEN,Myanmar,ExtendedStrict,XGBoost,5,0,0.7231601476669312,1
2613,RCN03522,1198-PF-METF-NOSTEN,Myanmar,ExtendedStrict,XGBoost,5,0,0.3362858295440674,0
2614,RCN03523,1198-PF-METF-NOSTEN,Myanmar,ExtendedStrict,XGBoost,5,1,0.4102718234062195,0
2615,RCN03527,1198-PF-METF-NOSTEN,Myanmar,ExtendedStrict,XGBoost,5,1,0.4066169559955597,0
2616,RCN03529,1198-PF-METF-NOSTEN,Myanmar,ExtendedStrict,XGBoost,5,1,0.4029906690120697,0
2617,RCN03530,1198-PF-METF-NOSTEN,Myanmar,ExtendedStrict,XGBoost,5,0,0.6792188286781311,1
2618,RCN03531,1198-PF-METF-NOSTEN,Myanmar,ExtendedStrict,XGBoost,5,0,0.6668822765350342,1
2619,RCN03534,1198-PF-METF-NOSTEN,Myanmar,ExtendedStrict,XGBoost,5,0,0.30625036358833313,0
2620,RCN03535,1198-PF-METF-NOSTEN,Myanmar,ExtendedStrict,XGBoost,5,1,0.35704535245895386,0
2621,RCN03536,1198-PF-METF-NOSTEN,Myanmar,ExtendedStrict,XGBoost,5,1,0.6514444351196289,1
2769,RCN08621,1207-PF-KH-CNM-GENRE,Cambodia,ExtendedStrict,XGBoost,5,1,0.9813148379325867,1
2770,RCN08623,1207-PF-KH-CNM-GENRE,Cambodia,ExtendedStrict,XGBoost,5,1,0.9969893097877502,1
2771,RCN08629,1207-PF-KH-CNM-GENRE,Cambodia,ExtendedStrict,XGBoost,5,1,0.9530342817306519,1
2772,RCN08633,1207-PF-KH-CNM-GENRE,Cambodia,ExtendedStrict,XGBoost,5,0,0.3372083008289337,0
2773,RCN08634,1207-PF-KH-CNM-GENRE,Cambodia,ExtendedStrict,XGBoost,5,1,0.9247599244117737,1
2774,RCN08635,1207-PF-KH-CNM-GENRE,Cambodia,ExtendedStrict,XGBoost,5,1,0.9093933701515198,1
2775,RCN08636,1207-PF-KH-CNM-GENRE,Cambodia,ExtendedStrict,XGBoost,5,1,0.9967513084411621,1
2776,RCN08637,1207-PF-KH-CNM-GENRE,Cambodia,ExtendedStrict,XGBoost,5,1,0.9797278046607971,1
2777,RCN08638,1207-PF-KH-CNM-GENRE,Cambodia,ExtendedStrict,XGBoost,5,1,0.9852206707000732,1
2778,RCN08639,1207-PF-KH-CNM-GENRE,Cambodia,ExtendedStrict,XGBoost,5,1,0.9958821535110474,1
2779,RCN08640,1207-PF-KH-CNM-GENRE,Cambodia,ExtendedStrict,XGBoost,5,0,0.12320017069578171,0
2780,RCN08641,1207-PF-KH-CNM-GENRE,Cambodia,ExtendedStrict,XGBoost,5,1,0.9856536984443665,1
2781,RCN08642,1207-PF-KH-CNM-GENRE,Cambodia,ExtendedStrict,XGBoost,5,1,0.9133128523826599,1
2782,RCN08643,1207-PF-KH-CNM-GENRE,Cambodia,ExtendedStrict,XGBoost,5,1,0.8895410895347595,1
2783,RCN08644,1207-PF-KH-CNM-GENRE,Cambodia,ExtendedStrict,XGBoost,5,1,0.9940600991249084,1
2784,RCN08645,1207-PF-KH-CNM-GENRE,Cambodia,ExtendedStrict,XGBoost,5,1,0.8938521146774292,1
2785,RCN08646,1207-PF-KH-CNM-GENRE,Cambodia,ExtendedStrict,XGBoost,5,0,0.15220823884010315,0
2786,RCN08647,1207-PF-KH-CNM-GENRE,Cambodia,ExtendedStrict,XGBoost,5,1,0.9756988286972046,1
2787,RCN08648,1207-PF-KH-CNM-GENRE,Cambodia,ExtendedStrict,XGBoost,5,1,0.9942209720611572,1
2788,RCN08650,1207-PF-KH-CNM-GENRE,Cambodia,ExtendedStrict,XGBoost,5,0,0.05380915105342865,0
2789,RCN08651,1207-PF-KH-CNM-GENRE,Cambodia,ExtendedStrict,XGBoost,5,1,0.9078530669212341,1
2790,RCN08652,1207-PF-KH-CNM-GENRE,Cambodia,ExtendedStrict,XGBoost,5,1,0.9919901490211487,1
2791,RCN08653,1207-PF-KH-CNM-GENRE,Cambodia,ExtendedStrict,XGBoost,5,1,0.9967513084411621,1
2792,RCN08654,1207-PF-KH-CNM-GENRE,Cambodia,ExtendedStrict,XGBoost,5,0,0.7472563982009888,1
2793,RCN08655,1207-PF-KH-CNM-GENRE,Cambodia,ExtendedStrict,XGBoost,5,0,0.13716749846935272,0
2794,RCN08656,1207-PF-KH-CNM-GENRE,Cambodia,ExtendedStrict,XGBoost,5,1,0.9966520667076111,1
2795,RCN08657,1207-PF-KH-CNM-GENRE,Cambodia,ExtendedStrict,XGBoost,5,1,0.2895185947418213,0
2796,RCN08659,1207-PF-KH-CNM-GENRE,Cambodia,ExtendedStrict,XGBoost,5,0,0.12157543748617172,0
2797,RCN08661,1207-PF-KH-CNM-GENRE,Cambodia,ExtendedStrict,XGBoost,5,0,0.05380915105342865,0
2798,RCN08662,1207-PF-KH-CNM-GENRE,Cambodia,ExtendedStrict,XGBoost,5,0,0.2144395112991333,0
2799,RCN08663,1207-PF-KH-CNM-GENRE,Cambodia,ExtendedStrict,XGBoost,5,1,0.9321136474609375,1
2800,RCN08664,1207-PF-KH-CNM-GENRE,Cambodia,ExtendedStrict,XGBoost,5,1,0.9078530669212341,1
2801,RCN08665,1207-PF-KH-CNM-GENRE,Cambodia,ExtendedStrict,XGBoost,5,1,0.9917271137237549,1
2802,RCN08666,1207-PF-KH-CNM-GENRE,Cambodia,ExtendedStrict,XGBoost,5,1,0.9904138445854187,1
2803,RCN08667,1207-PF-KH-CNM-GENRE,Cambodia,ExtendedStrict,XGBoost,5,0,0.049648262560367584,0
2804,RCN08668,1207-PF-KH-CNM-GENRE,Cambodia,ExtendedStrict,XGBoost,5,1,0.988105058670044,1
2805,RCN08669,1207-PF-KH-CNM-GENRE,Cambodia,ExtendedStrict,XGBoost,5,1,0.9874635934829712,1
2806,RCN08670,1207-PF-KH-CNM-GENRE,Cambodia,ExtendedStrict,XGBoost,5,1,0.9965195655822754,1
2807,RCN08671,1207-PF-KH-CNM-GENRE,Cambodia,ExtendedStrict,XGBoost,5,1,0.9956045150756836,1
2808,RCN08672,1207-PF-KH-CNM-GENRE,Cambodia,ExtendedStrict,XGBoost,5,1,0.9101369976997375,1
2809,RCN08673,1207-PF-KH-CNM-GENRE,Cambodia,ExtendedStrict,XGBoost,5,1,0.9798923134803772,1
2810,RCN08674,1207-PF-KH-CNM-GENRE,Cambodia,ExtendedStrict,XGBoost,5,1,0.9811722636222839,1
2811,RCN08676,1207-PF-KH-CNM-GENRE,Cambodia,ExtendedStrict,XGBoost,5,0,0.12077128142118454,0
2812,RCN08677,1207-PF-KH-CNM-GENRE,Cambodia,ExtendedStrict,XGBoost,5,1,0.9967513084411621,1
2813,RCN08678,1207-PF-KH-CNM-GENRE,Cambodia,ExtendedStrict,XGBoost,5,0,0.25302302837371826,0
2814,RCN08679,1207-PF-KH-CNM-GENRE,Cambodia,ExtendedStrict,XGBoost,5,0,0.03263402357697487,0
2815,RCN08680,1207-PF-KH-CNM-GENRE,Cambodia,ExtendedStrict,XGBoost,5,0,0.2679564654827118,0
2816,RCN08681,1207-PF-KH-CNM-GENRE,Cambodia,ExtendedStrict,XGBoost,5,1,0.9965195655822754,1
2817,RCN08682,1207-PF-KH-CNM-GENRE,Cambodia,ExtendedStrict,XGBoost,5,0,0.7920052409172058,1
2818,RCN08683,1207-PF-KH-CNM-GENRE,Cambodia,ExtendedStrict,XGBoost,5,0,0.28464072942733765,0
2819,RCN08684,1207-PF-KH-CNM-GENRE,Cambodia,ExtendedStrict,XGBoost,5,1,0.988676905632019,1
2820,RCN08685,1207-PF-KH-CNM-GENRE,Cambodia,ExtendedStrict,XGBoost,5,1,0.9920973777770996,1
2821,RCN08686,1207-PF-KH-CNM-GENRE,Cambodia,ExtendedStrict,XGBoost,5,1,0.9965195655822754,1
2822,RCN08687,1207-PF-KH-CNM-GENRE,Cambodia,ExtendedStrict,XGBoost,5,1,0.9965487122535706,1
2823,RCN08688,1207-PF-KH-CNM-GENRE,Cambodia,ExtendedStrict,XGBoost,5,1,0.9898634552955627,1
2824,RCN08689,1207-PF-KH-CNM-GENRE,Cambodia,ExtendedStrict,XGBoost,5,1,0.022394122555851936,0
2825,RCN08690,1207-PF-KH-CNM-GENRE,Cambodia,ExtendedStrict,XGBoost,5,1,0.022394122555851936,0
2826,RCN08692,1207-PF-KH-CNM-GENRE,Cambodia,ExtendedStrict,XGBoost,5,1,0.9855020046234131,1
2827,RCN08693,1207-PF-KH-CNM-GENRE,Cambodia,ExtendedStrict,XGBoost,5,1,0.9921560287475586,1
2828,RCN08694,1207-PF-KH-CNM-GENRE,Cambodia,ExtendedStrict,XGBoost,5,1,0.9856306910514832,1
2829,RCN08695,1207-PF-KH-CNM-GENRE,Cambodia,ExtendedStrict,XGBoost,5,1,0.9855020046234131,1
2830,RCN08696,1207-PF-KH-CNM-GENRE,Cambodia,ExtendedStrict,XGBoost,5,1,0.9861263632774353,1
2831,RCN08699,1207-PF-KH-CNM-GENRE,Cambodia,ExtendedStrict,XGBoost,5,1,0.9673421382904053,1
2832,RCN08700,1207-PF-KH-CNM-GENRE,Cambodia,ExtendedStrict,XGBoost,5,1,0.9659019112586975,1
2833,RCN08701,1207-PF-KH-CNM-GENRE,Cambodia,ExtendedStrict,XGBoost,5,1,0.9659019112586975,1
2834,RCN08702,1207-PF-KH-CNM-GENRE,Cambodia,ExtendedStrict,XGBoost,5,1,0.9968446493148804,1
2835,RCN08703,1207-PF-KH-CNM-GENRE,Cambodia,ExtendedStrict,XGBoost,5,1,0.9975032210350037,1
2836,RCN08705,1207-PF-KH-CNM-GENRE,Cambodia,ExtendedStrict,XGBoost,5,1,0.9798083901405334,1
2837,RCN08706,1207-PF-KH-CNM-GENRE,Cambodia,ExtendedStrict,XGBoost,5,1,0.7014327645301819,1
2838,RCN08707,1207-PF-KH-CNM-GENRE,Cambodia,ExtendedStrict,XGBoost,5,1,0.7252262830734253,1
2839,RCN08709,1207-PF-KH-CNM-GENRE,Cambodia,ExtendedStrict,XGBoost,5,1,0.9342123866081238,1
2840,RCN08710,1207-PF-KH-CNM-GENRE,Cambodia,ExtendedStrict,XGBoost,5,1,0.8782964944839478,1
2841,RCN08713,1207-PF-KH-CNM-GENRE,Cambodia,ExtendedStrict,XGBoost,5,1,0.9208270311355591,1
2842,RCN08714,1207-PF-KH-CNM-GENRE,Cambodia,ExtendedStrict,XGBoost,5,1,0.7014327645301819,1
2843,RCN08715,1207-PF-KH-CNM-GENRE,Cambodia,ExtendedStrict,XGBoost,5,1,0.7014327645301819,1
2844,RCN08719,1207-PF-KH-CNM-GENRE,Cambodia,ExtendedStrict,XGBoost,5,1,0.9260331988334656,1
2845,RCN08720,1207-PF-KH-CNM-GENRE,Cambodia,ExtendedStrict,XGBoost,5,1,0.9260331988334656,1
2846,RCN08722,1207-PF-KH-CNM-GENRE,Cambodia,ExtendedStrict,XGBoost,5,1,0.9960736036300659,1
2847,RCN08723,1207-PF-KH-CNM-GENRE,Cambodia,ExtendedStrict,XGBoost,5,1,0.9970358610153198,1
2848,RCN08724,1207-PF-KH-CNM-GENRE,Cambodia,ExtendedStrict,XGBoost,5,0,0.844896674156189,1
2849,RCN08725,1207-PF-KH-CNM-GENRE,Cambodia,ExtendedStrict,XGBoost,5,0,0.31654223799705505,0
2850,RCN08726,1207-PF-KH-CNM-GENRE,Cambodia,ExtendedStrict,XGBoost,5,1,0.9973896145820618,1
2851,RCN08727,1207-PF-KH-CNM-GENRE,Cambodia,ExtendedStrict,XGBoost,5,1,0.9950657486915588,1
2852,RCN08728,1207-PF-KH-CNM-GENRE,Cambodia,ExtendedStrict,XGBoost,5,1,0.9869387149810791,1
2853,RCN08730,1207-PF-KH-CNM-GENRE,Cambodia,ExtendedStrict,XGBoost,5,1,0.9958343505859375,1
2854,RCN08731,1207-PF-KH-CNM-GENRE,Cambodia,ExtendedStrict,XGBoost,5,0,0.04142538085579872,0
2855,RCN08732,1207-PF-KH-CNM-GENRE,Cambodia,ExtendedStrict,XGBoost,5,1,0.9917271137237549,1
2856,RCN08734,1207-PF-KH-CNM-GENRE,Cambodia,ExtendedStrict,XGBoost,5,1,0.9961191415786743,1
2857,RCN08736,1207-PF-KH-CNM-GENRE,Cambodia,ExtendedStrict,XGBoost,5,1,0.9926087260246277,1
2858,RCN08737,1207-PF-KH-CNM-GENRE,Cambodia,ExtendedStrict,XGBoost,5,1,0.9927888512611389,1
2859,RCN08738,1207-PF-KH-CNM-GENRE,Cambodia,ExtendedStrict,XGBoost,5,1,0.9133128523826599,1
2860,RCN08739,1207-PF-KH-CNM-GENRE,Cambodia,ExtendedStrict,XGBoost,5,1,0.9647853374481201,1
2861,RCN08740,1207-PF-KH-CNM-GENRE,Cambodia,ExtendedStrict,XGBoost,5,1,0.9933458566665649,1
2862,RCN08741,1207-PF-KH-CNM-GENRE,Cambodia,ExtendedStrict,XGBoost,5,1,0.9973896145820618,1
2863,RCN08742,1207-PF-KH-CNM-GENRE,Cambodia,ExtendedStrict,XGBoost,5,1,0.9973896145820618,1
2864,RCN08743,1207-PF-KH-CNM-GENRE,Cambodia,ExtendedStrict,XGBoost,5,1,0.9931815266609192,1
2865,RCN08744,1207-PF-KH-CNM-GENRE,Cambodia,ExtendedStrict,XGBoost,5,1,0.9927888512611389,1
2866,RCN08745,1207-PF-KH-CNM-GENRE,Cambodia,ExtendedStrict,XGBoost,5,1,0.9945804476737976,1
2867,RCN08746,1207-PF-KH-CNM-GENRE,Cambodia,ExtendedStrict,XGBoost,5,1,0.9938187003135681,1
2868,RCN08747,1207-PF-KH-CNM-GENRE,Cambodia,ExtendedStrict,XGBoost,5,1,0.986224889755249,1
2869,RCN08748,1207-PF-KH-CNM-GENRE,Cambodia,ExtendedStrict,XGBoost,5,1,0.9904138445854187,1
2870,RCN08749,1207-PF-KH-CNM-GENRE,Cambodia,ExtendedStrict,XGBoost,5,1,0.9917271137237549,1
2871,RCN08750,1207-PF-KH-CNM-GENRE,Cambodia,ExtendedStrict,XGBoost,5,1,0.9954244494438171,1
2872,RCN08751,1207-PF-KH-CNM-GENRE,Cambodia,ExtendedStrict,XGBoost,5,1,0.9967513084411621,1
2873,RCN08752,1207-PF-KH-CNM-GENRE,Cambodia,ExtendedStrict,XGBoost,5,1,0.9928679466247559,1
2874,RCN08753,1207-PF-KH-CNM-GENRE,Cambodia,ExtendedStrict,XGBoost,5,1,0.9953306913375854,1
2875,RCN08754,1207-PF-KH-CNM-GENRE,Cambodia,ExtendedStrict,XGBoost,5,1,0.9967513084411621,1
2876,RCN08756,1207-PF-KH-CNM-GENRE,Cambodia,ExtendedStrict,XGBoost,5,1,0.9884470105171204,1
2877,RCN08757,1207-PF-KH-CNM-GENRE,Cambodia,ExtendedStrict,XGBoost,5,1,0.9884470105171204,1
2878,RCN08758,1207-PF-KH-CNM-GENRE,Cambodia,ExtendedStrict,XGBoost,5,1,0.9877644181251526,1
2879,RCN08759,1207-PF-KH-CNM-GENRE,Cambodia,ExtendedStrict,XGBoost,5,1,0.9887917041778564,1
2880,RCN08761,1207-PF-KH-CNM-GENRE,Cambodia,ExtendedStrict,XGBoost,5,1,0.992962658405304,1
2881,RCN08762,1207-PF-KH-CNM-GENRE,Cambodia,ExtendedStrict,XGBoost,5,1,0.9931493401527405,1
2882,RCN08763,1207-PF-KH-CNM-GENRE,Cambodia,ExtendedStrict,XGBoost,5,1,0.9933458566665649,1
2883,RCN08764,1207-PF-KH-CNM-GENRE,Cambodia,ExtendedStrict,XGBoost,5,1,0.9884470105171204,1
2884,RCN08765,1207-PF-KH-CNM-GENRE,Cambodia,ExtendedStrict,XGBoost,5,1,0.9884470105171204,1
2885,RCN08766,1207-PF-KH-CNM-GENRE,Cambodia,ExtendedStrict,XGBoost,5,1,0.9935261011123657,1
2886,RCN08767,1207-PF-KH-CNM-GENRE,Cambodia,ExtendedStrict,XGBoost,5,1,0.9973896145820618,1
2887,RCN08768,1207-PF-KH-CNM-GENRE,Cambodia,ExtendedStrict,XGBoost,5,1,0.9914903044700623,1
2888,RCN08769,1207-PF-KH-CNM-GENRE,Cambodia,ExtendedStrict,XGBoost,5,1,0.9934161901473999,1
2889,RCN08770,1207-PF-KH-CNM-GENRE,Cambodia,ExtendedStrict,XGBoost,5,1,0.9526552557945251,1
2890,RCN08771,1207-PF-KH-CNM-GENRE,Cambodia,ExtendedStrict,XGBoost,5,1,0.991507887840271,1
2891,RCN08772,1207-PF-KH-CNM-GENRE,Cambodia,ExtendedStrict,XGBoost,5,0,0.06455028802156448,0
2892,RCN08773,1207-PF-KH-CNM-GENRE,Cambodia,ExtendedStrict,XGBoost,5,0,0.8270464539527893,1
2893,RCN08774,1207-PF-KH-CNM-GENRE,Cambodia,ExtendedStrict,XGBoost,5,0,0.034639712423086166,0
2894,RCN08775,1207-PF-KH-CNM-GENRE,Cambodia,ExtendedStrict,XGBoost,5,1,0.9973098039627075,1
2895,RCN08776,1207-PF-KH-CNM-GENRE,Cambodia,ExtendedStrict,XGBoost,5,1,0.9898634552955627,1
2896,RCN08777,1207-PF-KH-CNM-GENRE,Cambodia,ExtendedStrict,XGBoost,5,1,0.9798873662948608,1
2897,RCN08778,1207-PF-KH-CNM-GENRE,Cambodia,ExtendedStrict,XGBoost,5,1,0.9868935346603394,1
2898,RCN08779,1207-PF-KH-CNM-GENRE,Cambodia,ExtendedStrict,XGBoost,5,1,0.9971749782562256,1
2899,RCN08780,1207-PF-KH-CNM-GENRE,Cambodia,ExtendedStrict,XGBoost,5,1,0.992962658405304,1
2900,RCN08781,1207-PF-KH-CNM-GENRE,Cambodia,ExtendedStrict,XGBoost,5,1,0.9772006273269653,1
2901,RCN08782,1207-PF-KH-CNM-GENRE,Cambodia,ExtendedStrict,XGBoost,5,0,0.06439197808504105,0
2902,RCN08783,1207-PF-KH-CNM-GENRE,Cambodia,ExtendedStrict,XGBoost,5,1,0.975246012210846,1
2903,RCN08784,1207-PF-KH-CNM-GENRE,Cambodia,ExtendedStrict,XGBoost,5,1,0.9948567152023315,1
3161,RCN09292,1198-PF-METF-NOSTEN,Myanmar,ExtendedStrict,XGBoost,5,0,0.3056304156780243,0
3162,RCN09293,1198-PF-METF-NOSTEN,Myanmar,ExtendedStrict,XGBoost,5,1,0.4102718234062195,0
3163,RCN09295,1198-PF-METF-NOSTEN,Myanmar,ExtendedStrict,XGBoost,5,0,0.44043630361557007,0
3164,RCN09296,1198-PF-METF-NOSTEN,Myanmar,ExtendedStrict,XGBoost,5,1,0.6593639850616455,1
3165,RCN09299,1198-PF-METF-NOSTEN,Myanmar,ExtendedStrict,XGBoost,5,0,0.3656524419784546,0
3166,RCN09301,1198-PF-METF-NOSTEN,Myanmar,ExtendedStrict,XGBoost,5,1,0.3865725100040436,0
3167,RCN09302,1198-PF-METF-NOSTEN,Myanmar,ExtendedStrict,XGBoost,5,1,0.41361260414123535,0
3168,RCN09303,1198-PF-METF-NOSTEN,Myanmar,ExtendedStrict,XGBoost,5,0,0.4102718234062195,0
3169,RCN09305,1198-PF-METF-NOSTEN,Myanmar,ExtendedStrict,XGBoost,5,0,0.8903403878211975,1
3170,RCN09306,1198-PF-METF-NOSTEN,Myanmar,ExtendedStrict,XGBoost,5,1,0.41989389061927795,0
3171,RCN09308,1198-PF-METF-NOSTEN,Myanmar,ExtendedStrict,XGBoost,5,0,0.4822814166545868,0
3172,RCN09309,1198-PF-METF-NOSTEN,Myanmar,ExtendedStrict,XGBoost,5,0,0.7992293834686279,1
3173,RCN09310,1198-PF-METF-NOSTEN,Myanmar,ExtendedStrict,XGBoost,5,0,0.6792188286781311,1
3174,RCN09312,1198-PF-METF-NOSTEN,Myanmar,ExtendedStrict,XGBoost,5,1,0.47970548272132874,0
3175,RCN09313,1198-PF-METF-NOSTEN,Myanmar,ExtendedStrict,XGBoost,5,1,0.46514979004859924,0
3176,RCN09314,1198-PF-METF-NOSTEN,Myanmar,ExtendedStrict,XGBoost,5,1,0.7455660104751587,1
3177,RCN09315,1198-PF-METF-NOSTEN,Myanmar,ExtendedStrict,XGBoost,5,0,0.6792188286781311,1
3178,RCN09316,1198-PF-METF-NOSTEN,Myanmar,ExtendedStrict,XGBoost,5,1,0.4032522141933441,0
3179,RCN09317,1198-PF-METF-NOSTEN,Myanmar,ExtendedStrict,XGBoost,5,1,0.41361260414123535,0
3180,RCN09318,1198-PF-METF-NOSTEN,Myanmar,ExtendedStrict,XGBoost,5,0,0.695861279964447,1
3181,RCN09319,1198-PF-METF-NOSTEN,Myanmar,ExtendedStrict,XGBoost,5,1,0.46514979004859924,0
3182,RCN09320,1198-PF-METF-NOSTEN,Myanmar,ExtendedStrict,XGBoost,5,0,0.695861279964447,1
3183,RCN09322,1198-PF-METF-NOSTEN,Myanmar,ExtendedStrict,XGBoost,5,0,0.6792188286781311,1
3184,RCN09324,1198-PF-METF-NOSTEN,Myanmar,ExtendedStrict,XGBoost,5,0,0.672608494758606,1
3185,RCN09326,1198-PF-METF-NOSTEN,Myanmar,ExtendedStrict,XGBoost,5,1,0.44963210821151733,0
3186,RCN09329,1198-PF-METF-NOSTEN,Myanmar,ExtendedStrict,XGBoost,5,1,0.5276343822479248,1
3187,RCN09330,1198-PF-METF-NOSTEN,Myanmar,ExtendedStrict,XGBoost,5,1,0.4066169559955597,0
3188,RCN09331,1198-PF-METF-NOSTEN,Myanmar,ExtendedStrict,XGBoost,5,0,0.39375269412994385,0
3189,RCN09332,1198-PF-METF-NOSTEN,Myanmar,ExtendedStrict,XGBoost,5,0,0.5808451771736145,1
3190,RCN09333,1198-PF-METF-NOSTEN,Myanmar,ExtendedStrict,XGBoost,5,0,0.43704378604888916,0
3191,RCN09334,1198-PF-METF-NOSTEN,Myanmar,ExtendedStrict,XGBoost,5,1,0.44633954763412476,0
3192,RCN09337,1198-PF-METF-NOSTEN,Myanmar,ExtendedStrict,XGBoost,5,1,0.4622753858566284,0
3193,RCN09338,1198-PF-METF-NOSTEN,Myanmar,ExtendedStrict,XGBoost,5,0,0.34335529804229736,0
3194,RCN09339,1198-PF-METF-NOSTEN,Myanmar,ExtendedStrict,XGBoost,5,1,0.5590130686759949,1
3195,RCN09340,1198-PF-METF-NOSTEN,Myanmar,ExtendedStrict,XGBoost,5,1,0.5109594464302063,1
3196,RCN09341,1198-PF-METF-NOSTEN,Myanmar,ExtendedStrict,XGBoost,5,0,0.4395867586135864,0
3197,RCN09342,1198-PF-METF-NOSTEN,Myanmar,ExtendedStrict,XGBoost,5,1,0.4032522141933441,0
3198,RCN09344,1198-PF-METF-NOSTEN,Myanmar,ExtendedStrict,XGBoost,5,0,0.5808451771736145,1
3199,RCN09347,1198-PF-METF-NOSTEN,Myanmar,ExtendedStrict,XGBoost,5,1,0.4102718234062195,0
3200,RCN09348,1198-PF-METF-NOSTEN,Myanmar,ExtendedStrict,XGBoost,5,1,0.46514979004859924,0
3201,RCN09350,1198-PF-METF-NOSTEN,Myanmar,ExtendedStrict,XGBoost,5,0,0.7424213886260986,1
3202,RCN09360,1198-PF-METF-NOSTEN,Myanmar,ExtendedStrict,XGBoost,5,1,0.4822814166545868,0
3203,RCN09362,1198-PF-METF-NOSTEN,Myanmar,ExtendedStrict,XGBoost,5,1,0.4032522141933441,0
3204,RCN09363,1198-PF-METF-NOSTEN,Myanmar,ExtendedStrict,XGBoost,5,1,0.41989389061927795,0
3205,RCN09364,1198-PF-METF-NOSTEN,Myanmar,ExtendedStrict,XGBoost,5,1,0.46669086813926697,0
3206,RCN09365,1198-PF-METF-NOSTEN,Myanmar,ExtendedStrict,XGBoost,5,0,0.3656524419784546,0
3207,RCN09368,1198-PF-METF-NOSTEN,Myanmar,ExtendedStrict,XGBoost,5,0,0.32172891497612,0
3208,RCN09369,1198-PF-METF-NOSTEN,Myanmar,ExtendedStrict,XGBoost,5,1,0.8288570046424866,1
3209,RCN09370,1198-PF-METF-NOSTEN,Myanmar,ExtendedStrict,XGBoost,5,1,0.6514444351196289,1
3210,RCN09375,1198-PF-METF-NOSTEN,Myanmar,ExtendedStrict,XGBoost,5,0,0.41361260414123535,0
3211,RCN09378,1198-PF-METF-NOSTEN,Myanmar,ExtendedStrict,XGBoost,5,1,0.4029906690120697,0
3212,RCN09382,1198-PF-METF-NOSTEN,Myanmar,ExtendedStrict,XGBoost,5,1,0.4822814166545868,0
3213,RCN09385,1198-PF-METF-NOSTEN,Myanmar,ExtendedStrict,XGBoost,5,1,0.4822814166545868,0
3214,RCN09386,1198-PF-METF-NOSTEN,Myanmar,ExtendedStrict,XGBoost,5,1,0.4822814166545868,0
3215,RCN09387,1198-PF-METF-NOSTEN,Myanmar,ExtendedStrict,XGBoost,5,0,0.3781965970993042,0
3216,RCN09388,1198-PF-METF-NOSTEN,Myanmar,ExtendedStrict,XGBoost,5,1,0.6668822765350342,1
3217,RCN09390,1198-PF-METF-NOSTEN,Myanmar,ExtendedStrict,XGBoost,5,0,0.6267887353897095,1
3218,RCN09391,1198-PF-METF-NOSTEN,Myanmar,ExtendedStrict,XGBoost,5,0,0.4356154799461365,0
3219,RCN09394,1198-PF-METF-NOSTEN,Myanmar,ExtendedStrict,XGBoost,5,1,0.4822814166545868,0
3220,RCN09399,1198-PF-METF-NOSTEN,Myanmar,ExtendedStrict,XGBoost,5,1,0.39375269412994385,0
3221,RCN09400,1198-PF-METF-NOSTEN,Myanmar,ExtendedStrict,XGBoost,5,0,0.792913019657135,1
3222,RCN09401,1198-PF-METF-NOSTEN,Myanmar,ExtendedStrict,XGBoost,5,0,0.7926813960075378,1
3223,RCN09402,1198-PF-METF-NOSTEN,Myanmar,ExtendedStrict,XGBoost,5,1,0.5276343822479248,1
3224,RCN09403,1198-PF-METF-NOSTEN,Myanmar,ExtendedStrict,XGBoost,5,0,0.4822814166545868,0
3225,RCN09412,1198-PF-METF-NOSTEN,Myanmar,ExtendedStrict,XGBoost,5,0,0.4822814166545868,0
3226,RCN09413,1198-PF-METF-NOSTEN,Myanmar,ExtendedStrict,XGBoost,5,0,0.4705941379070282,0
3227,RCN09415,1198-PF-METF-NOSTEN,Myanmar,ExtendedStrict,XGBoost,5,0,0.49829623103141785,0
3228,RCN09416,1198-PF-METF-NOSTEN,Myanmar,ExtendedStrict,XGBoost,5,1,0.6034775972366333,1
3229,RCN09418,1198-PF-METF-NOSTEN,Myanmar,ExtendedStrict,XGBoost,5,1,0.6688252687454224,1
3230,RCN09419,1198-PF-METF-NOSTEN,Myanmar,ExtendedStrict,XGBoost,5,1,0.6514444351196289,1
3231,RCN09420,1198-PF-METF-NOSTEN,Myanmar,ExtendedStrict,XGBoost,5,0,0.5991822481155396,1
3232,RCN09421,1198-PF-METF-NOSTEN,Myanmar,ExtendedStrict,XGBoost,5,0,0.5816352963447571,1
3233,RCN09423,1198-PF-METF-NOSTEN,Myanmar,ExtendedStrict,XGBoost,5,0,0.32172891497612,0
3234,RCN09424,1198-PF-METF-NOSTEN,Myanmar,ExtendedStrict,XGBoost,5,0,0.39745253324508667,0
3235,RCN09425,1198-PF-METF-NOSTEN,Myanmar,ExtendedStrict,XGBoost,5,0,0.33900851011276245,0
3236,RCN09426,1198-PF-METF-NOSTEN,Myanmar,ExtendedStrict,XGBoost,5,0,0.34082722663879395,0
3237,RCN09427,1198-PF-METF-NOSTEN,Myanmar,ExtendedStrict,XGBoost,5,0,0.29242080450057983,0
3238,RCN09428,1198-PF-METF-NOSTEN,Myanmar,ExtendedStrict,XGBoost,5,0,0.3290301561355591,0
3239,RCN09433,1198-PF-METF-NOSTEN,Myanmar,ExtendedStrict,XGBoost,5,0,0.4392736256122589,0
3240,RCN09435,1198-PF-METF-NOSTEN,Myanmar,ExtendedStrict,XGBoost,5,1,0.4102718234062195,0
3241,RCN09436,1198-PF-METF-NOSTEN,Myanmar,ExtendedStrict,XGBoost,5,1,0.3865725100040436,0
3242,RCN09439,1198-PF-METF-NOSTEN,Myanmar,ExtendedStrict,XGBoost,5,1,0.6688252687454224,1
3243,RCN09440,1198-PF-METF-NOSTEN,Myanmar,ExtendedStrict,XGBoost,5,0,0.6668822765350342,1
3244,RCN09441,1198-PF-METF-NOSTEN,Myanmar,ExtendedStrict,XGBoost,5,0,0.608849823474884,1
3245,RCN09443,1198-PF-METF-NOSTEN,Myanmar,ExtendedStrict,XGBoost,5,0,0.29242080450057983,0
3246,RCN09446,1198-PF-METF-NOSTEN,Myanmar,ExtendedStrict,XGBoost,5,0,0.6668822765350342,1
3247,RCN09451,1198-PF-METF-NOSTEN,Myanmar,ExtendedStrict,XGBoost,5,0,0.38499513268470764,0
3248,RCN09454,1198-PF-METF-NOSTEN,Myanmar,ExtendedStrict,XGBoost,5,1,0.4032522141933441,0
3249,RCN09458,1198-PF-METF-NOSTEN,Myanmar,ExtendedStrict,XGBoost,5,0,0.6792188286781311,1
3250,RCN09460,1198-PF-METF-NOSTEN,Myanmar,ExtendedStrict,XGBoost,5,0,0.5276343822479248,1
3251,RCN09462,1198-PF-METF-NOSTEN,Myanmar,ExtendedStrict,XGBoost,5,0,0.6668822765350342,1
3252,RCN09463,1198-PF-METF-NOSTEN,Myanmar,ExtendedStrict,XGBoost,5,0,0.2913125157356262,0
3253,RCN09464,1198-PF-METF-NOSTEN,Myanmar,ExtendedStrict,XGBoost,5,0,0.4622753858566284,0
3254,RCN09466,1198-PF-METF-NOSTEN,Myanmar,ExtendedStrict,XGBoost,5,1,0.5080983638763428,1
3255,RCN09467,1198-PF-METF-NOSTEN,Myanmar,ExtendedStrict,XGBoost,5,1,0.41989389061927795,0
3256,RCN09472,1198-PF-METF-NOSTEN,Myanmar,ExtendedStrict,XGBoost,5,1,0.6688252687454224,1
3257,RCN09475,1198-PF-METF-NOSTEN,Myanmar,ExtendedStrict,XGBoost,5,0,0.41989389061927795,0
3258,RCN09477,1198-PF-METF-NOSTEN,Myanmar,ExtendedStrict,XGBoost,5,1,0.7199215292930603,1
3259,RCN09481,1198-PF-METF-NOSTEN,Myanmar,ExtendedStrict,XGBoost,5,0,0.4822814166545868,0
3260,RCN09483,1198-PF-METF-NOSTEN,Myanmar,ExtendedStrict,XGBoost,5,0,0.33900851011276245,0
3261,RCN09486,1198-PF-METF-NOSTEN,Myanmar,ExtendedStrict,XGBoost,5,1,0.5276343822479248,1
3262,RCN09487,1198-PF-METF-NOSTEN,Myanmar,ExtendedStrict,XGBoost,5,0,0.6838668584823608,1
3263,RCN09489,1198-PF-METF-NOSTEN,Myanmar,ExtendedStrict,XGBoost,5,1,0.8087594509124756,1
3264,RCN09490,1198-PF-METF-NOSTEN,Myanmar,ExtendedStrict,XGBoost,5,0,0.2913125157356262,0
3265,RCN09491,1198-PF-METF-NOSTEN,Myanmar,ExtendedStrict,XGBoost,5,0,0.5497470498085022,1
3266,RCN09492,1198-PF-METF-NOSTEN,Myanmar,ExtendedStrict,XGBoost,5,0,0.2913125157356262,0
3267,RCN09493,1198-PF-METF-NOSTEN,Myanmar,ExtendedStrict,XGBoost,5,1,0.4562179446220398,0
3268,RCN09494,1198-PF-METF-NOSTEN,Myanmar,ExtendedStrict,XGBoost,5,1,0.4822814166545868,0
3269,RCN09495,1198-PF-METF-NOSTEN,Myanmar,ExtendedStrict,XGBoost,5,1,0.46514979004859924,0
3270,RCN09501,1198-PF-METF-NOSTEN,Myanmar,ExtendedStrict,XGBoost,5,1,0.7646893262863159,1
3271,RCN09503,1198-PF-METF-NOSTEN,Myanmar,ExtendedStrict,XGBoost,5,1,0.46514979004859924,0
3272,RCN09504,1198-PF-METF-NOSTEN,Myanmar,ExtendedStrict,XGBoost,5,1,0.39375269412994385,0
3273,RCN09505,1198-PF-METF-NOSTEN,Myanmar,ExtendedStrict,XGBoost,5,1,0.39375269412994385,0
3274,RCN09506,1198-PF-METF-NOSTEN,Myanmar,ExtendedStrict,XGBoost,5,1,0.4102718234062195,0
3275,RCN09507,1198-PF-METF-NOSTEN,Myanmar,ExtendedStrict,XGBoost,5,1,0.6688252687454224,1
3276,RCN09509,1198-PF-METF-NOSTEN,Myanmar,ExtendedStrict,XGBoost,5,1,0.8119217157363892,1
3277,RCN09512,1198-PF-METF-NOSTEN,Myanmar,ExtendedStrict,XGBoost,5,0,0.3142029643058777,0
3278,RCN09515,1198-PF-METF-NOSTEN,Myanmar,ExtendedStrict,XGBoost,5,0,0.2913125157356262,0
3279,RCN09518,1198-PF-METF-NOSTEN,Myanmar,ExtendedStrict,XGBoost,5,0,0.28777721524238586,0
3280,RCN09519,1198-PF-METF-NOSTEN,Myanmar,ExtendedStrict,XGBoost,5,0,0.5276343822479248,1
3281,RCN09520,1198-PF-METF-NOSTEN,Myanmar,ExtendedStrict,XGBoost,5,0,0.6668822765350342,1
3282,RCN09522,1198-PF-METF-NOSTEN,Myanmar,ExtendedStrict,XGBoost,5,0,0.29242080450057983,0
3283,RCN09524,1198-PF-METF-NOSTEN,Myanmar,ExtendedStrict,XGBoost,5,0,0.41989389061927795,0
3284,RCN09525,1198-PF-METF-NOSTEN,Myanmar,ExtendedStrict,XGBoost,5,1,0.4102718234062195,0
3285,RCN09526,1198-PF-METF-NOSTEN,Myanmar,ExtendedStrict,XGBoost,5,0,0.5276343822479248,1
3286,RCN09527,1198-PF-METF-NOSTEN,Myanmar,ExtendedStrict,XGBoost,5,1,0.44266897439956665,0
3287,RCN09532,1198-PF-METF-NOSTEN,Myanmar,ExtendedStrict,XGBoost,5,0,0.5276343822479248,1
3288,RCN09533,1198-PF-METF-NOSTEN,Myanmar,ExtendedStrict,XGBoost,5,0,0.2913125157356262,0
3289,RCN09534,1198-PF-METF-NOSTEN,Myanmar,ExtendedStrict,XGBoost,5,1,0.754178524017334,1
3290,RCN09535,1198-PF-METF-NOSTEN,Myanmar,ExtendedStrict,XGBoost,5,1,0.46514979004859924,0
3291,RCN09536,1198-PF-METF-NOSTEN,Myanmar,ExtendedStrict,XGBoost,5,1,0.4102718234062195,0
3292,RCN09537,1198-PF-METF-NOSTEN,Myanmar,ExtendedStrict,XGBoost,5,1,0.4102718234062195,0
3293,RCN09539,1198-PF-METF-NOSTEN,Myanmar,ExtendedStrict,XGBoost,5,0,0.561714231967926,1
3294,RCN09540,1198-PF-METF-NOSTEN,Myanmar,ExtendedStrict,XGBoost,5,1,0.4029906690120697,0
3295,RCN09541,1198-PF-METF-NOSTEN,Myanmar,ExtendedStrict,XGBoost,5,0,0.5276343822479248,1
3296,RCN09542,1198-PF-METF-NOSTEN,Myanmar,ExtendedStrict,XGBoost,5,1,0.4304310083389282,0
3297,RCN09544,1198-PF-METF-NOSTEN,Myanmar,ExtendedStrict,XGBoost,5,1,0.39375269412994385,0
3298,RCN09547,1198-PF-METF-NOSTEN,Myanmar,ExtendedStrict,XGBoost,5,1,0.46514979004859924,0
3299,RCN09549,1198-PF-METF-NOSTEN,Myanmar,ExtendedStrict,XGBoost,5,1,0.41989389061927795,0
3300,RCN09550,1198-PF-METF-NOSTEN,Myanmar,ExtendedStrict,XGBoost,5,1,0.4102718234062195,0
3301,RCN09552,1198-PF-METF-NOSTEN,Myanmar,ExtendedStrict,XGBoost,5,0,0.4622753858566284,0
3302,RCN09554,1198-PF-METF-NOSTEN,Myanmar,ExtendedStrict,XGBoost,5,1,0.4340791404247284,0
3303,RCN09555,1198-PF-METF-NOSTEN,Myanmar,ExtendedStrict,XGBoost,5,1,0.7813408374786377,1
3304,RCN09559,1198-PF-METF-NOSTEN,Myanmar,ExtendedStrict,XGBoost,5,0,0.32040199637413025,0
3305,RCN09560,1198-PF-METF-NOSTEN,Myanmar,ExtendedStrict,XGBoost,5,0,0.3651323616504669,0
3306,RCN09561,1198-PF-METF-NOSTEN,Myanmar,ExtendedStrict,XGBoost,5,1,0.7783855199813843,1
3307,RCN09562,1198-PF-METF-NOSTEN,Myanmar,ExtendedStrict,XGBoost,5,0,0.445243239402771,0
3308,RCN09565,1198-PF-METF-NOSTEN,Myanmar,ExtendedStrict,XGBoost,5,1,0.773926317691803,1
3309,RCN09566,1198-PF-METF-NOSTEN,Myanmar,ExtendedStrict,XGBoost,5,0,0.4354763925075531,0
3310,RCN09567,1198-PF-METF-NOSTEN,Myanmar,ExtendedStrict,XGBoost,5,1,0.44633954763412476,0
3311,RCN09568,1198-PF-METF-NOSTEN,Myanmar,ExtendedStrict,XGBoost,5,1,0.45243966579437256,0
3312,RCN09569,1198-PF-METF-NOSTEN,Myanmar,ExtendedStrict,XGBoost,5,1,0.4354763925075531,0
3313,RCN09570,1198-PF-METF-NOSTEN,Myanmar,ExtendedStrict,XGBoost,5,1,0.766916811466217,1
3314,RCN09571,1198-PF-METF-NOSTEN,Myanmar,ExtendedStrict,XGBoost,5,1,0.7304384112358093,1
3315,RCN09572,1198-PF-METF-NOSTEN,Myanmar,ExtendedStrict,XGBoost,5,1,0.4599081575870514,0
3316,RCN09574,1198-PF-METF-NOSTEN,Myanmar,ExtendedStrict,XGBoost,5,1,0.4029906690120697,0
3317,RCN09575,1198-PF-METF-NOSTEN,Myanmar,ExtendedStrict,XGBoost,5,1,0.5080983638763428,1
3318,RCN09577,1198-PF-METF-NOSTEN,Myanmar,ExtendedStrict,XGBoost,5,1,0.4599081575870514,0
3319,RCN09578,1198-PF-METF-NOSTEN,Myanmar,ExtendedStrict,XGBoost,5,1,0.8011801242828369,1
3320,RCN09580,1198-PF-METF-NOSTEN,Myanmar,ExtendedStrict,XGBoost,5,1,0.5371320247650146,1
3321,RCN09581,1198-PF-METF-NOSTEN,Myanmar,ExtendedStrict,XGBoost,5,1,0.5080983638763428,1
3322,RCN09582,1198-PF-METF-NOSTEN,Myanmar,ExtendedStrict,XGBoost,5,1,0.44633954763412476,0
3323,RCN09584,1198-PF-METF-NOSTEN,Myanmar,ExtendedStrict,XGBoost,5,1,0.44633954763412476,0
3324,RCN09585,1198-PF-METF-NOSTEN,Myanmar,ExtendedStrict,XGBoost,5,1,0.8311572074890137,1
3325,RCN09586,1198-PF-METF-NOSTEN,Myanmar,ExtendedStrict,XGBoost,5,0,0.34039995074272156,0
3326,RCN09587,1198-PF-METF-NOSTEN,Myanmar,ExtendedStrict,XGBoost,5,1,0.44266897439956665,0
3327,RCN09588,1198-PF-METF-NOSTEN,Myanmar,ExtendedStrict,XGBoost,5,0,0.5454798936843872,1
3328,RCN09589,1198-PF-METF-NOSTEN,Myanmar,ExtendedStrict,XGBoost,5,1,0.44266897439956665,0
3329,RCN09590,1198-PF-METF-NOSTEN,Myanmar,ExtendedStrict,XGBoost,5,1,0.4464040994644165,0
3330,RCN09592,1198-PF-METF-NOSTEN,Myanmar,ExtendedStrict,XGBoost,5,1,0.47707608342170715,0
3331,RCN09594,1198-PF-METF-NOSTEN,Myanmar,ExtendedStrict,XGBoost,5,1,0.4032522141933441,0
3332,RCN09596,1198-PF-METF-NOSTEN,Myanmar,ExtendedStrict,XGBoost,5,0,0.3142029643058777,0
3333,RCN09597,1198-PF-METF-NOSTEN,Myanmar,ExtendedStrict,XGBoost,5,0,0.3142029643058777,0
3334,RCN09599,1198-PF-METF-NOSTEN,Myanmar,ExtendedStrict,XGBoost,5,0,0.7943190932273865,1
3335,RCN09600,1198-PF-METF-NOSTEN,Myanmar,ExtendedStrict,XGBoost,5,0,0.4102718234062195,0
3336,RCN09602,1198-PF-METF-NOSTEN,Myanmar,ExtendedStrict,XGBoost,5,1,0.4032522141933441,0
3337,RCN09607,1198-PF-METF-NOSTEN,Myanmar,ExtendedStrict,XGBoost,5,1,0.8183873891830444,1
3338,RCN09610,1198-PF-METF-NOSTEN,Myanmar,ExtendedStrict,XGBoost,5,1,0.4066169559955597,0
3339,RCN09611,1198-PF-METF-NOSTEN,Myanmar,ExtendedStrict,XGBoost,5,1,0.4389590322971344,0
3340,RCN09613,1198-PF-METF-NOSTEN,Myanmar,ExtendedStrict,XGBoost,5,0,0.5808451771736145,1
3341,RCN09614,1198-PF-METF-NOSTEN,Myanmar,ExtendedStrict,XGBoost,5,0,0.5808451771736145,1
3342,RCN09615,1198-PF-METF-NOSTEN,Myanmar,ExtendedStrict,XGBoost,5,1,0.4032522141933441,0
3343,RCN09616,1198-PF-METF-NOSTEN,Myanmar,ExtendedStrict,XGBoost,5,1,0.5830355286598206,1
3344,RCN09617,1198-PF-METF-NOSTEN,Myanmar,ExtendedStrict,XGBoost,5,1,0.4535139799118042,0
3345,RCN09619,1198-PF-METF-NOSTEN,Myanmar,ExtendedStrict,XGBoost,5,1,0.6683527231216431,1
3346,RCN09621,1198-PF-METF-NOSTEN,Myanmar,ExtendedStrict,XGBoost,5,0,0.2913125157356262,0
3347,RCN09622,1198-PF-METF-NOSTEN,Myanmar,ExtendedStrict,XGBoost,5,0,0.4929419457912445,0
3348,RCN09624,1198-PF-METF-NOSTEN,Myanmar,ExtendedStrict,XGBoost,5,1,0.6777805685997009,1
3349,RCN09625,1198-PF-METF-NOSTEN,Myanmar,ExtendedStrict,XGBoost,5,1,0.4389590322971344,0
3350,RCN09628,1198-PF-METF-NOSTEN,Myanmar,ExtendedStrict,XGBoost,5,1,0.39375269412994385,0
3351,RCN09630,1198-PF-METF-NOSTEN,Myanmar,ExtendedStrict,XGBoost,5,1,0.6094755530357361,1
3352,RCN09631,1198-PF-METF-NOSTEN,Myanmar,ExtendedStrict,XGBoost,5,0,0.33189648389816284,0
3353,RCN09633,1198-PF-METF-NOSTEN,Myanmar,ExtendedStrict,XGBoost,5,0,0.7824573516845703,1
3354,RCN09636,1198-PF-METF-NOSTEN,Myanmar,ExtendedStrict,XGBoost,5,1,0.4464040994644165,0
3355,RCN09637,1198-PF-METF-NOSTEN,Myanmar,ExtendedStrict,XGBoost,5,0,0.305549293756485,0
3356,RCN09638,1198-PF-METF-NOSTEN,Myanmar,ExtendedStrict,XGBoost,5,1,0.3035513460636139,0
3357,RCN09639,1198-PF-METF-NOSTEN,Myanmar,ExtendedStrict,XGBoost,5,0,0.7577269077301025,1
3358,RCN09640,1198-PF-METF-NOSTEN,Myanmar,ExtendedStrict,XGBoost,5,0,0.29956182837486267,0
3359,RCN09641,1198-PF-METF-NOSTEN,Myanmar,ExtendedStrict,XGBoost,5,0,0.33900851011276245,0
3360,RCN09644,1198-PF-METF-NOSTEN,Myanmar,ExtendedStrict,XGBoost,5,1,0.39375269412994385,0
3361,RCN09647,1198-PF-METF-NOSTEN,Myanmar,ExtendedStrict,XGBoost,5,0,0.44266897439956665,0
3362,RCN09649,1198-PF-METF-NOSTEN,Myanmar,ExtendedStrict,XGBoost,5,0,0.7943190932273865,1
3363,RCN09652,1198-PF-METF-NOSTEN,Myanmar,ExtendedStrict,XGBoost,5,1,0.43344980478286743,0
3364,RCN09653,1198-PF-METF-NOSTEN,Myanmar,ExtendedStrict,XGBoost,5,1,0.46514979004859924,0
3365,RCN09654,1198-PF-METF-NOSTEN,Myanmar,ExtendedStrict,XGBoost,5,1,0.39375269412994385,0
3366,RCN09655,1198-PF-METF-NOSTEN,Myanmar,ExtendedStrict,XGBoost,5,1,0.8472630381584167,1
3367,RCN09656,1198-PF-METF-NOSTEN,Myanmar,ExtendedStrict,XGBoost,5,1,0.45008063316345215,0
3368,RCN09657,1198-PF-METF-NOSTEN,Myanmar,ExtendedStrict,XGBoost,5,1,0.7586557269096375,1
3369,RCN09658,1198-PF-METF-NOSTEN,Myanmar,ExtendedStrict,XGBoost,5,1,0.5080983638763428,1
3370,RCN09662,1198-PF-METF-NOSTEN,Myanmar,ExtendedStrict,XGBoost,5,0,0.703942060470581,1
3371,RCN09663,1198-PF-METF-NOSTEN,Myanmar,ExtendedStrict,XGBoost,5,0,0.4013725817203522,0
3372,RCN09664,1198-PF-METF-NOSTEN,Myanmar,ExtendedStrict,XGBoost,5,0,0.5252583026885986,1
3373,RCN09666,1198-PF-METF-NOSTEN,Myanmar,ExtendedStrict,XGBoost,5,0,0.5072652101516724,1
3374,RCN09667,1198-PF-METF-NOSTEN,Myanmar,ExtendedStrict,XGBoost,5,1,0.45243966579437256,0
3375,RCN09668,1198-PF-METF-NOSTEN,Myanmar,ExtendedStrict,XGBoost,5,1,0.4354763925075531,0
3376,RCN09669,1198-PF-METF-NOSTEN,Myanmar,ExtendedStrict,XGBoost,5,0,0.5096461176872253,1
3377,RCN09670,1198-PF-METF-NOSTEN,Myanmar,ExtendedStrict,XGBoost,5,0,0.45243966579437256,0
3378,RCN09671,1198-PF-METF-NOSTEN,Myanmar,ExtendedStrict,XGBoost,5,1,0.43176141381263733,0
3379,RCN09673,1198-PF-METF-NOSTEN,Myanmar,ExtendedStrict,XGBoost,5,0,0.3494528532028198,0
3380,RCN09677,1198-PF-METF-NOSTEN,Myanmar,ExtendedStrict,XGBoost,5,1,0.5080983638763428,1
3381,RCN09678,1198-PF-METF-NOSTEN,Myanmar,ExtendedStrict,XGBoost,5,1,0.42807263135910034,0
3382,RCN09680,1198-PF-METF-NOSTEN,Myanmar,ExtendedStrict,XGBoost,5,0,0.3494528532028198,0
3383,RCN09681,1198-PF-METF-NOSTEN,Myanmar,ExtendedStrict,XGBoost,5,0,0.45243966579437256,0
3384,RCN09683,1198-PF-METF-NOSTEN,Myanmar,ExtendedStrict,XGBoost,5,0,0.7789754867553711,1
3385,RCN09684,1198-PF-METF-NOSTEN,Myanmar,ExtendedStrict,XGBoost,5,0,0.4622753858566284,0
3386,RCN09685,1198-PF-METF-NOSTEN,Myanmar,ExtendedStrict,XGBoost,5,0,0.36910730600357056,0
3387,RCN09687,1198-PF-METF-NOSTEN,Myanmar,ExtendedStrict,XGBoost,5,1,0.45008063316345215,0
3388,RCN09689,1198-PF-METF-NOSTEN,Myanmar,ExtendedStrict,XGBoost,5,1,0.42807263135910034,0
3389,RCN09690,1198-PF-METF-NOSTEN,Myanmar,ExtendedStrict,XGBoost,5,0,0.2939942181110382,0
3390,RCN09694,1198-PF-METF-NOSTEN,Myanmar,ExtendedStrict,XGBoost,5,1,0.5313377976417542,1
3391,RCN09695,1198-PF-METF-NOSTEN,Myanmar,ExtendedStrict,XGBoost,5,0,0.5080983638763428,1
3392,RCN09696,1198-PF-METF-NOSTEN,Myanmar,ExtendedStrict,XGBoost,5,1,0.703942060470581,1
3393,RCN09699,1198-PF-METF-NOSTEN,Myanmar,ExtendedStrict,XGBoost,5,0,0.38563525676727295,0
3394,RCN09700,1198-PF-METF-NOSTEN,Myanmar,ExtendedStrict,XGBoost,5,1,0.7813408374786377,1
3395,RCN09701,1198-PF-METF-NOSTEN,Myanmar,ExtendedStrict,XGBoost,5,0,0.47295042872428894,0
3396,RCN09702,1198-PF-METF-NOSTEN,Myanmar,ExtendedStrict,XGBoost,5,0,0.3660503625869751,0
3397,RCN09703,1198-PF-METF-NOSTEN,Myanmar,ExtendedStrict,XGBoost,5,1,0.6894218325614929,1
3398,RCN09704,1198-PF-METF-NOSTEN,Myanmar,ExtendedStrict,XGBoost,5,1,0.49246710538864136,0
3399,RCN09705,1198-PF-METF-NOSTEN,Myanmar,ExtendedStrict,XGBoost,5,0,0.42807263135910034,0
3400,RCN09708,1198-PF-METF-NOSTEN,Myanmar,ExtendedStrict,XGBoost,5,0,0.32608574628829956,0
3401,RCN09709,1198-PF-METF-NOSTEN,Myanmar,ExtendedStrict,XGBoost,5,1,0.4340791404247284,0
3402,RCN09710,1198-PF-METF-NOSTEN,Myanmar,ExtendedStrict,XGBoost,5,1,0.8311572074890137,1
3403,RCN09711,1198-PF-METF-NOSTEN,Myanmar,ExtendedStrict,XGBoost,5,0,0.34335529804229736,0
3404,RCN09712,1198-PF-METF-NOSTEN,Myanmar,ExtendedStrict,XGBoost,5,1,0.43176141381263733,0
3405,RCN09713,1198-PF-METF-NOSTEN,Myanmar,ExtendedStrict,XGBoost,5,0,0.496406227350235,0
3406,RCN09714,1198-PF-METF-NOSTEN,Myanmar,ExtendedStrict,XGBoost,5,0,0.06398199498653412,0
3407,RCN09715,1198-PF-METF-NOSTEN,Myanmar,ExtendedStrict,XGBoost,5,1,0.773926317691803,1
3408,RCN09716,1198-PF-METF-NOSTEN,Myanmar,ExtendedStrict,XGBoost,5,1,0.7778185606002808,1
3409,RCN09717,1198-PF-METF-NOSTEN,Myanmar,ExtendedStrict,XGBoost,5,0,0.45008063316345215,0
3410,RCN09718,1198-PF-METF-NOSTEN,Myanmar,ExtendedStrict,XGBoost,5,1,0.4354763925075531,0
3411,RCN09719,1198-PF-METF-NOSTEN,Myanmar,ExtendedStrict,XGBoost,5,0,0.3916909396648407,0
3412,RCN09720,1198-PF-METF-NOSTEN,Myanmar,ExtendedStrict,XGBoost,5,1,0.42807263135910034,0
3413,RCN09721,1198-PF-METF-NOSTEN,Myanmar,ExtendedStrict,XGBoost,5,0,0.5313377976417542,1
3414,RCN09722,1198-PF-METF-NOSTEN,Myanmar,ExtendedStrict,XGBoost,5,0,0.4599081575870514,0
3415,RCN09723,1198-PF-METF-NOSTEN,Myanmar,ExtendedStrict,XGBoost,5,0,0.7763601541519165,1
3416,RCN09725,1198-PF-METF-NOSTEN,Myanmar,ExtendedStrict,XGBoost,5,0,0.7763601541519165,1
3417,RCN09726,1198-PF-METF-NOSTEN,Myanmar,ExtendedStrict,XGBoost,5,1,0.45243966579437256,0
3418,RCN09728,1198-PF-METF-NOSTEN,Myanmar,ExtendedStrict,XGBoost,5,1,0.7813408374786377,1
3419,RCN09729,1198-PF-METF-NOSTEN,Myanmar,ExtendedStrict,XGBoost,5,1,0.4599081575870514,0
3420,RCN09734,1198-PF-METF-NOSTEN,Myanmar,ExtendedStrict,XGBoost,5,0,0.5313377976417542,1
3421,RCN09735,1198-PF-METF-NOSTEN,Myanmar,ExtendedStrict,XGBoost,5,1,0.44633954763412476,0
3422,RCN09736,1198-PF-METF-NOSTEN,Myanmar,ExtendedStrict,XGBoost,5,1,0.44262322783470154,0
3423,RCN09737,1198-PF-METF-NOSTEN,Myanmar,ExtendedStrict,XGBoost,5,0,0.4622753858566284,0
3424,RCN09738,1198-PF-METF-NOSTEN,Myanmar,ExtendedStrict,XGBoost,5,1,0.773926317691803,1
3425,RCN09740,1198-PF-METF-NOSTEN,Myanmar,ExtendedStrict,XGBoost,5,1,0.580207347869873,1
3426,RCN09743,1198-PF-METF-NOSTEN,Myanmar,ExtendedStrict,XGBoost,5,0,0.4354763925075531,0
3427,RCN09744,1198-PF-METF-NOSTEN,Myanmar,ExtendedStrict,XGBoost,5,1,0.44262322783470154,0
3428,RCN09745,1198-PF-METF-NOSTEN,Myanmar,ExtendedStrict,XGBoost,5,1,0.48316431045532227,0
3429,RCN09746,1198-PF-METF-NOSTEN,Myanmar,ExtendedStrict,XGBoost,5,0,0.7075554728507996,1
3430,RCN09748,1198-PF-METF-NOSTEN,Myanmar,ExtendedStrict,XGBoost,5,0,0.45243966579437256,0
3431,RCN09749,1198-PF-METF-NOSTEN,Myanmar,ExtendedStrict,XGBoost,5,0,0.3630501627922058,0
3432,RCN09751,1198-PF-METF-NOSTEN,Myanmar,ExtendedStrict,XGBoost,5,1,0.45243966579437256,0
3433,RCN09753,1198-PF-METF-NOSTEN,Myanmar,ExtendedStrict,XGBoost,5,1,0.42807263135910034,0
3434,RCN09756,1198-PF-METF-NOSTEN,Myanmar,ExtendedStrict,XGBoost,5,1,0.44262322783470154,0
3435,RCN09757,1198-PF-METF-NOSTEN,Myanmar,ExtendedStrict,XGBoost,5,0,0.3494528532028198,0
3436,RCN09759,1198-PF-METF-NOSTEN,Myanmar,ExtendedStrict,XGBoost,5,0,0.5590130686759949,1
3437,RCN09760,1198-PF-METF-NOSTEN,Myanmar,ExtendedStrict,XGBoost,5,1,0.31538423895835876,0
3438,RCN09761,1198-PF-METF-NOSTEN,Myanmar,ExtendedStrict,XGBoost,5,0,0.5252583026885986,1
3439,RCN09763,1198-PF-METF-NOSTEN,Myanmar,ExtendedStrict,XGBoost,5,0,0.5096461176872253,1
3440,RCN09764,1198-PF-METF-NOSTEN,Myanmar,ExtendedStrict,XGBoost,5,0,0.5252583026885986,1
3441,RCN09765,1198-PF-METF-NOSTEN,Myanmar,ExtendedStrict,XGBoost,5,0,0.3494528532028198,0
3442,RCN09767,1198-PF-METF-NOSTEN,Myanmar,ExtendedStrict,XGBoost,5,0,0.6976143717765808,1
3443,RCN09768,1198-PF-METF-NOSTEN,Myanmar,ExtendedStrict,XGBoost,5,0,0.3297712504863739,0
3444,RCN09771,1198-PF-METF-NOSTEN,Myanmar,ExtendedStrict,XGBoost,5,0,0.4354763925075531,0
3445,RCN09772,1198-PF-METF-NOSTEN,Myanmar,ExtendedStrict,XGBoost,5,0,0.31116771697998047,0
3446,RCN09773,1198-PF-METF-NOSTEN,Myanmar,ExtendedStrict,XGBoost,5,0,0.35837364196777344,0
3447,RCN09774,1198-PF-METF-NOSTEN,Myanmar,ExtendedStrict,XGBoost,5,1,0.5252583026885986,1
3448,RCN09776,1198-PF-METF-NOSTEN,Myanmar,ExtendedStrict,XGBoost,5,1,0.444974809885025,0
3449,RCN09777,1198-PF-METF-NOSTEN,Myanmar,ExtendedStrict,XGBoost,5,0,0.6758735179901123,1
3450,RCN09780,1198-PF-METF-NOSTEN,Myanmar,ExtendedStrict,XGBoost,5,1,0.4340791404247284,0
3451,RCN09782,1198-PF-METF-NOSTEN,Myanmar,ExtendedStrict,XGBoost,5,0,0.34109464287757874,0
3452,RCN09783,1198-PF-METF-NOSTEN,Myanmar,ExtendedStrict,XGBoost,5,1,0.444974809885025,0
3453,RCN09784,1198-PF-METF-NOSTEN,Myanmar,ExtendedStrict,XGBoost,5,0,0.3548385202884674,0
3454,RCN09785,1198-PF-METF-NOSTEN,Myanmar,ExtendedStrict,XGBoost,5,0,0.3494528532028198,0
3455,RCN09786,1198-PF-METF-NOSTEN,Myanmar,ExtendedStrict,XGBoost,5,0,0.3494528532028198,0
3456,RCN09787,1198-PF-METF-NOSTEN,Myanmar,ExtendedStrict,XGBoost,5,1,0.4354763925075531,0
3457,RCN09788,1198-PF-METF-NOSTEN,Myanmar,ExtendedStrict,XGBoost,5,1,0.766916811466217,1
3458,RCN09791,1198-PF-METF-NOSTEN,Myanmar,ExtendedStrict,XGBoost,5,0,0.4354763925075531,0
3459,RCN09792,1198-PF-METF-NOSTEN,Myanmar,ExtendedStrict,XGBoost,5,1,0.5252583026885986,1
3460,RCN09793,1198-PF-METF-NOSTEN,Myanmar,ExtendedStrict,XGBoost,5,0,0.7198309898376465,1
3461,RCN09794,1198-PF-METF-NOSTEN,Myanmar,ExtendedStrict,XGBoost,5,0,0.8235251903533936,1
3462,RCN09796,1198-PF-METF-NOSTEN,Myanmar,ExtendedStrict,XGBoost,5,0,0.5252583026885986,1
3463,RCN09798,1198-PF-METF-NOSTEN,Myanmar,ExtendedStrict,XGBoost,5,1,0.45585840940475464,0
3464,RCN09800,1198-PF-METF-NOSTEN,Myanmar,ExtendedStrict,XGBoost,5,1,0.8324023485183716,1
3465,RCN09805,1198-PF-METF-NOSTEN,Myanmar,ExtendedStrict,XGBoost,5,0,0.32608574628829956,0
3466,RCN09809,1198-PF-METF-NOSTEN,Myanmar,ExtendedStrict,XGBoost,5,1,0.42807263135910034,0
3467,RCN09811,1198-PF-METF-NOSTEN,Myanmar,ExtendedStrict,XGBoost,5,1,0.4622753858566284,0
3468,RCN09812,1198-PF-METF-NOSTEN,Myanmar,ExtendedStrict,XGBoost,5,1,0.445243239402771,0
3469,RCN09813,1198-PF-METF-NOSTEN,Myanmar,ExtendedStrict,XGBoost,5,0,0.5080983638763428,1
3470,RCN09816,1198-PF-METF-NOSTEN,Myanmar,ExtendedStrict,XGBoost,5,1,0.4622753858566284,0
3471,RCN09818,1198-PF-METF-NOSTEN,Myanmar,ExtendedStrict,XGBoost,5,1,0.45008063316345215,0
3472,RCN09819,1198-PF-METF-NOSTEN,Myanmar,ExtendedStrict,XGBoost,5,0,0.3129861652851105,0
3473,RCN09820,1198-PF-METF-NOSTEN,Myanmar,ExtendedStrict,XGBoost,5,0,0.4622753858566284,0
3474,RCN09823,1198-PF-METF-NOSTEN,Myanmar,ExtendedStrict,XGBoost,5,1,0.7813408374786377,1
3475,RCN09825,1198-PF-METF-NOSTEN,Myanmar,ExtendedStrict,XGBoost,5,0,0.7857236266136169,1
3476,RCN09826,1198-PF-METF-NOSTEN,Myanmar,ExtendedStrict,XGBoost,5,1,0.45243966579437256,0
3477,RCN09827,1198-PF-METF-NOSTEN,Myanmar,ExtendedStrict,XGBoost,5,0,0.9130484461784363,1
3478,RCN09828,1198-PF-METF-NOSTEN,Myanmar,ExtendedStrict,XGBoost,5,1,0.5313377976417542,1
3479,RCN09829,1198-PF-METF-NOSTEN,Myanmar,ExtendedStrict,XGBoost,5,1,0.4354763925075531,0
3480,RCN09832,1198-PF-METF-NOSTEN,Myanmar,ExtendedStrict,XGBoost,5,1,0.5313377976417542,1
3481,RCN09834,1198-PF-METF-NOSTEN,Myanmar,ExtendedStrict,XGBoost,5,0,0.3129861652851105,0
3482,RCN09835,1198-PF-METF-NOSTEN,Myanmar,ExtendedStrict,XGBoost,5,1,0.4340791404247284,0
3483,RCN09836,1198-PF-METF-NOSTEN,Myanmar,ExtendedStrict,XGBoost,5,1,0.5080983638763428,1
3484,RCN09837,1198-PF-METF-NOSTEN,Myanmar,ExtendedStrict,XGBoost,5,1,0.7057642340660095,1
3485,RCN09839,1198-PF-METF-NOSTEN,Myanmar,ExtendedStrict,XGBoost,5,1,0.45243966579437256,0
3486,RCN09842,1198-PF-METF-NOSTEN,Myanmar,ExtendedStrict,XGBoost,5,1,0.45008063316345215,0
3487,RCN09845,1198-PF-METF-NOSTEN,Myanmar,ExtendedStrict,XGBoost,5,1,0.5080983638763428,1
3488,RCN09847,1198-PF-METF-NOSTEN,Myanmar,ExtendedStrict,XGBoost,5,1,0.5541141033172607,1
3489,RCN09850,1198-PF-METF-NOSTEN,Myanmar,ExtendedStrict,XGBoost,5,1,0.4622753858566284,0
3490,RCN09851,1198-PF-METF-NOSTEN,Myanmar,ExtendedStrict,XGBoost,5,0,0.4446013271808624,0
3491,RCN09852,1198-PF-METF-NOSTEN,Myanmar,ExtendedStrict,XGBoost,5,1,0.4807857871055603,0
3492,RCN09853,1198-PF-METF-NOSTEN,Myanmar,ExtendedStrict,XGBoost,5,0,0.7007798552513123,1
3493,RCN09854,1198-PF-METF-NOSTEN,Myanmar,ExtendedStrict,XGBoost,5,1,0.444974809885025,0
3494,RCN09855,1198-PF-METF-NOSTEN,Myanmar,ExtendedStrict,XGBoost,5,1,0.44262322783470154,0
3495,RCN09856,1198-PF-METF-NOSTEN,Myanmar,ExtendedStrict,XGBoost,5,0,0.3494528532028198,0
3496,RCN09857,1198-PF-METF-NOSTEN,Myanmar,ExtendedStrict,XGBoost,5,1,0.3707234263420105,0
3497,RCN09863,1198-PF-METF-NOSTEN,Myanmar,ExtendedStrict,XGBoost,5,0,0.6668822765350342,1
3498,RCN09864,1198-PF-METF-NOSTEN,Myanmar,ExtendedStrict,XGBoost,5,1,0.3788060247898102,0
3499,RCN09865,1198-PF-METF-NOSTEN,Myanmar,ExtendedStrict,XGBoost,5,1,0.41989389061927795,0
3500,RCN09868,1198-PF-METF-NOSTEN,Myanmar,ExtendedStrict,XGBoost,5,1,0.7807831168174744,1
3501,RCN09874,1198-PF-METF-NOSTEN,Myanmar,ExtendedStrict,XGBoost,5,0,0.4941949248313904,0
3502,RCN09878,1198-PF-METF-NOSTEN,Myanmar,ExtendedStrict,XGBoost,5,0,0.3732423782348633,0
3503,RCN09880,1198-PF-METF-NOSTEN,Myanmar,ExtendedStrict,XGBoost,5,0,0.5313377976417542,1
3504,RCN09881,1198-PF-METF-NOSTEN,Myanmar,ExtendedStrict,XGBoost,5,1,0.47057631611824036,0
3505,RCN09884,1198-PF-METF-NOSTEN,Myanmar,ExtendedStrict,XGBoost,5,1,0.7640121579170227,1
3506,RCN09888,1198-PF-METF-NOSTEN,Myanmar,ExtendedStrict,XGBoost,5,0,0.7007798552513123,1
3507,RCN09889,1198-PF-METF-NOSTEN,Myanmar,ExtendedStrict,XGBoost,5,0,0.45243966579437256,0
3508,RCN09890,1198-PF-METF-NOSTEN,Myanmar,ExtendedStrict,XGBoost,5,1,0.444974809885025,0
3509,RCN09892,1198-PF-METF-NOSTEN,Myanmar,ExtendedStrict,XGBoost,5,0,0.5096461176872253,1
3510,RCN09893,1198-PF-METF-NOSTEN,Myanmar,ExtendedStrict,XGBoost,5,1,0.4486949145793915,0
3511,RCN09894,1198-PF-METF-NOSTEN,Myanmar,ExtendedStrict,XGBoost,5,1,0.730317234992981,1
3512,RCN09895,1198-PF-METF-NOSTEN,Myanmar,ExtendedStrict,XGBoost,5,1,0.35791975259780884,0
3513,RCN09898,1198-PF-METF-NOSTEN,Myanmar,ExtendedStrict,XGBoost,5,1,0.4354763925075531,0
3514,RCN09899,1198-PF-METF-NOSTEN,Myanmar,ExtendedStrict,XGBoost,5,0,0.445243239402771,0
3515,RCN09900,1198-PF-METF-NOSTEN,Myanmar,ExtendedStrict,XGBoost,5,1,0.6824490427970886,1
3516,RCN09901,1198-PF-METF-NOSTEN,Myanmar,ExtendedStrict,XGBoost,5,1,0.6824490427970886,1
3517,RCN09902,1198-PF-METF-NOSTEN,Myanmar,ExtendedStrict,XGBoost,5,1,0.6824490427970886,1
3518,RCN09904,1198-PF-METF-NOSTEN,Myanmar,ExtendedStrict,XGBoost,5,1,0.5252583026885986,1
3519,RCN09905,1198-PF-METF-NOSTEN,Myanmar,ExtendedStrict,XGBoost,5,1,0.4486949145793915,0
3520,RCN09906,1198-PF-METF-NOSTEN,Myanmar,ExtendedStrict,XGBoost,5,0,0.3916909396648407,0
3521,RCN09907,1198-PF-METF-NOSTEN,Myanmar,ExtendedStrict,XGBoost,5,0,0.3494528532028198,0
3522,RCN09908,1198-PF-METF-NOSTEN,Myanmar,ExtendedStrict,XGBoost,5,1,0.773926317691803,1
3523,RCN09910,1198-PF-METF-NOSTEN,Myanmar,ExtendedStrict,XGBoost,5,0,0.3494528532028198,0
3524,RCN09911,1198-PF-METF-NOSTEN,Myanmar,ExtendedStrict,XGBoost,5,1,0.5252583026885986,1
3525,RCN09912,1198-PF-METF-NOSTEN,Myanmar,ExtendedStrict,XGBoost,5,0,0.3494528532028198,0
3526,RCN09913,1198-PF-METF-NOSTEN,Myanmar,ExtendedStrict,XGBoost,5,1,0.44262322783470154,0
3527,RCN09914,1198-PF-METF-NOSTEN,Myanmar,ExtendedStrict,XGBoost,5,0,0.3494528532028198,0
3528,RCN09915,1198-PF-METF-NOSTEN,Myanmar,ExtendedStrict,XGBoost,5,1,0.5196549892425537,1
3529,RCN09916,1198-PF-METF-NOSTEN,Myanmar,ExtendedStrict,XGBoost,5,1,0.4807857871055603,0
3530,RCN09919,1198-PF-METF-NOSTEN,Myanmar,ExtendedStrict,XGBoost,5,1,0.5080983638763428,1
3531,RCN09920,1198-PF-METF-NOSTEN,Myanmar,ExtendedStrict,XGBoost,5,1,0.45243966579437256,0
3532,RCN09921,1198-PF-METF-NOSTEN,Myanmar,ExtendedStrict,XGBoost,5,1,0.5072652101516724,1
3533,RCN09922,1198-PF-METF-NOSTEN,Myanmar,ExtendedStrict,XGBoost,5,0,0.3493540287017822,0
3534,RCN09923,1198-PF-METF-NOSTEN,Myanmar,ExtendedStrict,XGBoost,5,1,0.7187368869781494,1
3535,RCN09924,1198-PF-METF-NOSTEN,Myanmar,ExtendedStrict,XGBoost,5,1,0.49402478337287903,0
3536,RCN09925,1198-PF-METF-NOSTEN,Myanmar,ExtendedStrict,XGBoost,5,0,0.32040199637413025,0
3537,RCN09926,1198-PF-METF-NOSTEN,Myanmar,ExtendedStrict,XGBoost,5,1,0.5072652101516724,1
3538,RCN09927,1198-PF-METF-NOSTEN,Myanmar,ExtendedStrict,XGBoost,5,1,0.47057631611824036,0
3539,RCN09928,1198-PF-METF-NOSTEN,Myanmar,ExtendedStrict,XGBoost,5,1,0.766916811466217,1
3540,RCN09929,1198-PF-METF-NOSTEN,Myanmar,ExtendedStrict,XGBoost,5,0,0.703942060470581,1
3541,RCN09930,1198-PF-METF-NOSTEN,Myanmar,ExtendedStrict,XGBoost,5,0,0.4086438715457916,0
3542,RCN09931,1198-PF-METF-NOSTEN,Myanmar,ExtendedStrict,XGBoost,5,0,0.3732423782348633,0
3543,RCN09932,1198-PF-METF-NOSTEN,Myanmar,ExtendedStrict,XGBoost,5,0,0.6446585655212402,1
3544,RCN09933,1198-PF-METF-NOSTEN,Myanmar,ExtendedStrict,XGBoost,5,0,0.06732774525880814,0
3545,RCN09934,1198-PF-METF-NOSTEN,Myanmar,ExtendedStrict,XGBoost,5,1,0.45243966579437256,0
3546,RCN09935,1198-PF-METF-NOSTEN,Myanmar,ExtendedStrict,XGBoost,5,1,0.4354763925075531,0
3547,RCN09936,1198-PF-METF-NOSTEN,Myanmar,ExtendedStrict,XGBoost,5,1,0.6894218325614929,1
3548,RCN09939,1198-PF-METF-NOSTEN,Myanmar,ExtendedStrict,XGBoost,5,1,0.4340791404247284,0
3549,RCN09940,1198-PF-METF-NOSTEN,Myanmar,ExtendedStrict,XGBoost,5,0,0.32040199637413025,0
3550,RCN09941,1198-PF-METF-NOSTEN,Myanmar,ExtendedStrict,XGBoost,5,1,0.8197416663169861,1
3551,RCN09942,1198-PF-METF-NOSTEN,Myanmar,ExtendedStrict,XGBoost,5,0,0.3732423782348633,0
3552,RCN09943,1198-PF-METF-NOSTEN,Myanmar,ExtendedStrict,XGBoost,5,1,0.5072652101516724,1
3553,RCN09944,1198-PF-METF-NOSTEN,Myanmar,ExtendedStrict,XGBoost,5,1,0.4486949145793915,0
3554,RCN09945,1198-PF-METF-NOSTEN,Myanmar,ExtendedStrict,XGBoost,5,0,0.5313377976417542,1
3555,RCN09946,1198-PF-METF-NOSTEN,Myanmar,ExtendedStrict,XGBoost,5,0,0.5313377976417542,1
3556,RCN09948,1198-PF-METF-NOSTEN,Myanmar,ExtendedStrict,XGBoost,5,1,0.444974809885025,0
3557,RCN09950,1198-PF-METF-NOSTEN,Myanmar,ExtendedStrict,XGBoost,5,0,0.8570123910903931,1
3558,RCN09951,1198-PF-METF-NOSTEN,Myanmar,ExtendedStrict,XGBoost,5,1,0.6959413290023804,1
3559,RCN09952,1198-PF-METF-NOSTEN,Myanmar,ExtendedStrict,XGBoost,5,1,0.7057642340660095,1
3560,RCN09953,1198-PF-METF-NOSTEN,Myanmar,ExtendedStrict,XGBoost,5,1,0.5511519312858582,1
3561,RCN09954,1198-PF-METF-NOSTEN,Myanmar,ExtendedStrict,XGBoost,5,1,0.4354763925075531,0
3562,RCN09955,1198-PF-METF-NOSTEN,Myanmar,ExtendedStrict,XGBoost,5,0,0.36910730600357056,0
3563,RCN09956,1198-PF-METF-NOSTEN,Myanmar,ExtendedStrict,XGBoost,5,1,0.6520668864250183,1
3564,RCN09958,1198-PF-METF-NOSTEN,Myanmar,ExtendedStrict,XGBoost,5,0,0.5963276624679565,1
3565,RCN09959,1198-PF-METF-NOSTEN,Myanmar,ExtendedStrict,XGBoost,5,1,0.44633954763412476,0
3566,RCN09960,1198-PF-METF-NOSTEN,Myanmar,ExtendedStrict,XGBoost,5,1,0.47057631611824036,0
3567,RCN09961,1198-PF-METF-NOSTEN,Myanmar,ExtendedStrict,XGBoost,5,1,0.4807857871055603,0
3568,RCN09962,1198-PF-METF-NOSTEN,Myanmar,ExtendedStrict,XGBoost,5,1,0.6894218325614929,1
3569,RCN09963,1198-PF-METF-NOSTEN,Myanmar,ExtendedStrict,XGBoost,5,1,0.42807263135910034,0
3570,RCN09964,1198-PF-METF-NOSTEN,Myanmar,ExtendedStrict,XGBoost,5,1,0.445243239402771,0
3571,RCN09965,1198-PF-METF-NOSTEN,Myanmar,ExtendedStrict,XGBoost,5,1,0.5072652101516724,1
3572,RCN09967,1198-PF-METF-NOSTEN,Myanmar,ExtendedStrict,XGBoost,5,1,0.4599081575870514,0
3573,RCN09969,1198-PF-METF-NOSTEN,Myanmar,ExtendedStrict,XGBoost,5,1,0.730317234992981,1
3574,RCN09970,1198-PF-METF-NOSTEN,Myanmar,ExtendedStrict,XGBoost,5,1,0.6688252687454224,1
3575,RCN09973,1198-PF-METF-NOSTEN,Myanmar,ExtendedStrict,XGBoost,5,1,0.45243966579437256,0
3576,RCN09974,1198-PF-METF-NOSTEN,Myanmar,ExtendedStrict,XGBoost,5,1,0.7057642340660095,1
3577,RCN09978,1198-PF-METF-NOSTEN,Myanmar,ExtendedStrict,XGBoost,5,1,0.6894218325614929,1
3578,RCN09979,1198-PF-METF-NOSTEN,Myanmar,ExtendedStrict,XGBoost,5,1,0.445243239402771,0
3579,RCN09986,1198-PF-METF-NOSTEN,Myanmar,ExtendedStrict,XGBoost,5,1,0.7807831168174744,1
3580,RCN09987,1198-PF-METF-NOSTEN,Myanmar,ExtendedStrict,XGBoost,5,1,0.445243239402771,0
3581,RCN09988,1198-PF-METF-NOSTEN,Myanmar,ExtendedStrict,XGBoost,5,0,0.6824490427970886,1
3582,RCN09990,1198-PF-METF-NOSTEN,Myanmar,ExtendedStrict,XGBoost,5,1,0.32763415575027466,0
3583,RCN09992,1198-PF-METF-NOSTEN,Myanmar,ExtendedStrict,XGBoost,5,0,0.45243966579437256,0
3584,RCN09994,1198-PF-METF-NOSTEN,Myanmar,ExtendedStrict,XGBoost,5,0,0.445243239402771,0
3585,RCN10000,1198-PF-METF-NOSTEN,Myanmar,ExtendedStrict,XGBoost,5,1,0.41989389061927795,0
3586,RCN10002,1198-PF-METF-NOSTEN,Myanmar,ExtendedStrict,XGBoost,5,1,0.5276343822479248,1
3587,RCN10003,1198-PF-METF-NOSTEN,Myanmar,ExtendedStrict,XGBoost,5,1,0.5095787048339844,1
3588,RCN10004,1198-PF-METF-NOSTEN,Myanmar,ExtendedStrict,XGBoost,5,1,0.7347698211669922,1
3589,RCN10006,1198-PF-METF-NOSTEN,Myanmar,ExtendedStrict,XGBoost,5,1,0.4562179446220398,0
3590,RCN10007,1198-PF-METF-NOSTEN,Myanmar,ExtendedStrict,XGBoost,5,1,0.5276343822479248,1
3591,RCN10008,1198-PF-METF-NOSTEN,Myanmar,ExtendedStrict,XGBoost,5,1,0.45585840940475464,0
3592,RCN10009,1198-PF-METF-NOSTEN,Myanmar,ExtendedStrict,XGBoost,5,1,0.6710341572761536,1
3593,RCN10010,1198-PF-METF-NOSTEN,Myanmar,ExtendedStrict,XGBoost,5,0,0.32172891497612,0
3594,RCN10011,1198-PF-METF-NOSTEN,Myanmar,ExtendedStrict,XGBoost,5,0,0.36910730600357056,0
3595,RCN10012,1198-PF-METF-NOSTEN,Myanmar,ExtendedStrict,XGBoost,5,1,0.4354763925075531,0
3596,RCN10014,1198-PF-METF-NOSTEN,Myanmar,ExtendedStrict,XGBoost,5,0,0.6267887353897095,1
3597,RCN10015,1198-PF-METF-NOSTEN,Myanmar,ExtendedStrict,XGBoost,5,0,0.29956182837486267,0
3598,RCN10016,1198-PF-METF-NOSTEN,Myanmar,ExtendedStrict,XGBoost,5,0,0.5080983638763428,1
3599,RCN10019,1198-PF-METF-NOSTEN,Myanmar,ExtendedStrict,XGBoost,5,1,0.4354763925075531,0
3600,RCN10021,1198-PF-METF-NOSTEN,Thailand,ExtendedStrict,XGBoost,5,1,0.02361089549958706,0
4556,RCN12435,1238-PF-VN-NIMPE-GENRE,Vietnam,ExtendedStrict,XGBoost,5,1,0.9901254177093506,1
4557,RCN12437,1238-PF-VN-NIMPE-GENRE,Vietnam,ExtendedStrict,XGBoost,5,0,0.42474550008773804,0
4558,RCN12438,1238-PF-VN-NIMPE-GENRE,Vietnam,ExtendedStrict,XGBoost,5,1,0.9974424839019775,1
4559,RCN12453,1238-PF-VN-NIMPE-GENRE,Vietnam,ExtendedStrict,XGBoost,5,1,0.9967175126075745,1
4560,RCN12454,1238-PF-VN-NIMPE-GENRE,Vietnam,ExtendedStrict,XGBoost,5,1,0.9971005320549011,1
4561,RCN12456,1238-PF-VN-NIMPE-GENRE,Vietnam,ExtendedStrict,XGBoost,5,1,0.9955797791481018,1
4562,RCN12458,1238-PF-VN-NIMPE-GENRE,Vietnam,ExtendedStrict,XGBoost,5,1,0.9972936511039734,1
4563,RCN12459,1238-PF-VN-NIMPE-GENRE,Vietnam,ExtendedStrict,XGBoost,5,1,0.9632119536399841,1
4564,RCN12461,1238-PF-VN-NIMPE-GENRE,Vietnam,ExtendedStrict,XGBoost,5,1,0.994201123714447,1
4565,RCN12462,1238-PF-VN-NIMPE-GENRE,Vietnam,ExtendedStrict,XGBoost,5,1,0.9867299795150757,1
4566,RCN12466,1238-PF-VN-NIMPE-GENRE,Vietnam,ExtendedStrict,XGBoost,5,1,0.992962658405304,1
4567,RCN12468,1238-PF-VN-NIMPE-GENRE,Vietnam,ExtendedStrict,XGBoost,5,1,0.996381402015686,1
4568,RCN12469,1238-PF-VN-NIMPE-GENRE,Vietnam,ExtendedStrict,XGBoost,5,1,0.9901254177093506,1
4569,RCN12476,1238-PF-VN-NIMPE-GENRE,Vietnam,ExtendedStrict,XGBoost,5,1,0.992962658405304,1
4570,RCN12478,1238-PF-VN-NIMPE-GENRE,Vietnam,ExtendedStrict,XGBoost,5,1,0.9971005320549011,1
4571,RCN12479,1238-PF-VN-NIMPE-GENRE,Vietnam,ExtendedStrict,XGBoost,5,1,0.9632119536399841,1
4572,RCN12480,1238-PF-VN-NIMPE-GENRE,Vietnam,ExtendedStrict,XGBoost,5,1,0.9821774959564209,1
4573,RCN12481,1238-PF-VN-NIMPE-GENRE,Vietnam,ExtendedStrict,XGBoost,5,1,0.9834871888160706,1
4574,RCN12482,1238-PF-VN-NIMPE-GENRE,Vietnam,ExtendedStrict,XGBoost,5,1,0.9970186948776245,1
4575,RCN12483,1238-PF-VN-NIMPE-GENRE,Vietnam,ExtendedStrict,XGBoost,5,1,0.9641779065132141,1
4576,RCN12484,1238-PF-VN-NIMPE-GENRE,Vietnam,ExtendedStrict,XGBoost,5,1,0.7761488556861877,1
4577,RCN12485,1238-PF-VN-NIMPE-GENRE,Vietnam,ExtendedStrict,XGBoost,5,1,0.9955797791481018,1
4578,RCN12486,1238-PF-VN-NIMPE-GENRE,Vietnam,ExtendedStrict,XGBoost,5,1,0.9867299795150757,1
4579,RCN12489,1238-PF-VN-NIMPE-GENRE,Vietnam,ExtendedStrict,XGBoost,5,1,0.9971005320549011,1
4580,RCN12490,1238-PF-VN-NIMPE-GENRE,Vietnam,ExtendedStrict,XGBoost,5,1,0.992962658405304,1
4581,RCN12493,1238-PF-VN-NIMPE-GENRE,Vietnam,ExtendedStrict,XGBoost,5,1,0.9867515563964844,1
4582,RCN12494,1238-PF-VN-NIMPE-GENRE,Vietnam,ExtendedStrict,XGBoost,5,1,0.9895162582397461,1
4583,RCN12495,1238-PF-VN-NIMPE-GENRE,Vietnam,ExtendedStrict,XGBoost,5,1,0.9955797791481018,1
4584,RCN12496,1238-PF-VN-NIMPE-GENRE,Vietnam,ExtendedStrict,XGBoost,5,1,0.957793653011322,1
4585,RCN12497,1238-PF-VN-NIMPE-GENRE,Vietnam,ExtendedStrict,XGBoost,5,1,0.9924625158309937,1
4586,RCN12501,1238-PF-VN-NIMPE-GENRE,Vietnam,ExtendedStrict,XGBoost,5,0,0.2519609034061432,0
4587,RCN12504,1238-PF-VN-NIMPE-GENRE,Vietnam,ExtendedStrict,XGBoost,5,1,0.992962658405304,1
4588,RCN12505,1238-PF-VN-NIMPE-GENRE,Vietnam,ExtendedStrict,XGBoost,5,1,0.992962658405304,1
4589,RCN12506,1238-PF-VN-NIMPE-GENRE,Vietnam,ExtendedStrict,XGBoost,5,1,0.9971005320549011,1
4590,RCN12510,1238-PF-VN-NIMPE-GENRE,Vietnam,ExtendedStrict,XGBoost,5,1,0.9949283599853516,1
4591,RCN12511,1238-PF-VN-NIMPE-GENRE,Vietnam,ExtendedStrict,XGBoost,5,1,0.9971824884414673,1
4592,RCN12512,1238-PF-VN-NIMPE-GENRE,Vietnam,ExtendedStrict,XGBoost,5,1,0.992662787437439,1
4593,RCN12514,1238-PF-VN-NIMPE-GENRE,Vietnam,ExtendedStrict,XGBoost,5,1,0.9912499189376831,1
4594,RCN12520,1238-PF-VN-NIMPE-GENRE,Vietnam,ExtendedStrict,XGBoost,5,1,0.9974424839019775,1
4595,RCN12522,1238-PF-VN-NIMPE-GENRE,Vietnam,ExtendedStrict,XGBoost,5,1,0.8897709250450134,1
4596,RCN12528,1238-PF-VN-NIMPE-GENRE,Vietnam,ExtendedStrict,XGBoost,5,1,0.9974424839019775,1
4597,RCN12547,1238-PF-VN-NIMPE-GENRE,Vietnam,ExtendedStrict,XGBoost,5,1,0.9934161901473999,1
4598,RCN12548,1238-PF-VN-NIMPE-GENRE,Vietnam,ExtendedStrict,XGBoost,5,1,0.9949283599853516,1
4599,RCN12550,1238-PF-VN-NIMPE-GENRE,Vietnam,ExtendedStrict,XGBoost,5,1,0.996728777885437,1
4600,RCN12553,1238-PF-VN-NIMPE-GENRE,Vietnam,ExtendedStrict,XGBoost,5,1,0.9949283599853516,1
4601,RCN12558,1238-PF-VN-NIMPE-GENRE,Vietnam,ExtendedStrict,XGBoost,5,1,0.992141604423523,1
4602,RCN12560,1238-PF-VN-NIMPE-GENRE,Vietnam,ExtendedStrict,XGBoost,5,1,0.8409937024116516,1
4603,RCN12562,1238-PF-VN-NIMPE-GENRE,Vietnam,ExtendedStrict,XGBoost,5,0,0.6892326474189758,1
4604,RCN12563,1238-PF-VN-NIMPE-GENRE,Vietnam,ExtendedStrict,XGBoost,5,1,0.992662787437439,1
4605,RCN12566,1238-PF-VN-NIMPE-GENRE,Vietnam,ExtendedStrict,XGBoost,5,1,0.9971005320549011,1
4606,RCN12567,1238-PF-VN-NIMPE-GENRE,Vietnam,ExtendedStrict,XGBoost,5,1,0.9937105178833008,1
4607,RCN12569,1238-PF-VN-NIMPE-GENRE,Vietnam,ExtendedStrict,XGBoost,5,1,0.9971350431442261,1
4608,RCN12570,1238-PF-VN-NIMPE-GENRE,Vietnam,ExtendedStrict,XGBoost,5,1,0.9974035620689392,1
4609,RCN12571,1238-PF-VN-NIMPE-GENRE,Vietnam,ExtendedStrict,XGBoost,5,1,0.9924396276473999,1
4610,RCN12574,1238-PF-VN-NIMPE-GENRE,Vietnam,ExtendedStrict,XGBoost,5,0,0.34591028094291687,0
4611,RCN12575,1238-PF-VN-NIMPE-GENRE,Vietnam,ExtendedStrict,XGBoost,5,1,0.9892259240150452,1
4612,RCN12576,1238-PF-VN-NIMPE-GENRE,Vietnam,ExtendedStrict,XGBoost,5,1,0.9865493178367615,1
4613,RCN12577,1238-PF-VN-NIMPE-GENRE,Vietnam,ExtendedStrict,XGBoost,5,1,0.9939677715301514,1
4614,RCN12584,1238-PF-VN-NIMPE-GENRE,Vietnam,ExtendedStrict,XGBoost,5,1,0.9876056909561157,1
4615,RCN12586,1238-PF-VN-NIMPE-GENRE,Vietnam,ExtendedStrict,XGBoost,5,1,0.9967318773269653,1
4616,RCN12587,1238-PF-VN-NIMPE-GENRE,Vietnam,ExtendedStrict,XGBoost,5,1,0.9949283599853516,1
4617,RCN12590,1238-PF-VN-NIMPE-GENRE,Vietnam,ExtendedStrict,XGBoost,5,1,0.9910106658935547,1
4618,RCN12591,1238-PF-VN-NIMPE-GENRE,Vietnam,ExtendedStrict,XGBoost,5,1,0.7005872130393982,1
4619,RCN12592,1238-PF-VN-NIMPE-GENRE,Vietnam,ExtendedStrict,XGBoost,5,1,0.9972936511039734,1
4682,RCN12770,1238-PF-VN-NIMPE-GENRE,Vietnam,ExtendedStrict,XGBoost,5,1,0.7761488556861877,1
4683,RCN12772,1238-PF-VN-NIMPE-GENRE,Vietnam,ExtendedStrict,XGBoost,5,1,0.9949283599853516,1
4684,RCN12773,1238-PF-VN-NIMPE-GENRE,Vietnam,ExtendedStrict,XGBoost,5,1,0.9949283599853516,1
4685,RCN12774,1238-PF-VN-NIMPE-GENRE,Vietnam,ExtendedStrict,XGBoost,5,1,0.991507887840271,1
4686,RCN12775,1238-PF-VN-NIMPE-GENRE,Vietnam,ExtendedStrict,XGBoost,5,1,0.9881047606468201,1
4687,RCN12776,1238-PF-VN-NIMPE-GENRE,Vietnam,ExtendedStrict,XGBoost,5,1,0.9880269765853882,1
4688,RCN12780,1238-PF-VN-NIMPE-GENRE,Vietnam,ExtendedStrict,XGBoost,5,1,0.9974424839019775,1
4689,RCN12781,1238-PF-VN-NIMPE-GENRE,Vietnam,ExtendedStrict,XGBoost,5,1,0.9972267746925354,1
4690,RCN12784,1238-PF-VN-NIMPE-GENRE,Vietnam,ExtendedStrict,XGBoost,5,1,0.9716958999633789,1
4691,RCN12785,1238-PF-VN-NIMPE-GENRE,Vietnam,ExtendedStrict,XGBoost,5,1,0.9901254177093506,1
4692,RCN12786,1238-PF-VN-NIMPE-GENRE,Vietnam,ExtendedStrict,XGBoost,5,1,0.883769154548645,1
4693,RCN12787,1238-PF-VN-NIMPE-GENRE,Vietnam,ExtendedStrict,XGBoost,5,1,0.9876056909561157,1
4694,RCN12788,1238-PF-VN-NIMPE-GENRE,Vietnam,ExtendedStrict,XGBoost,5,1,0.98021000623703,1
4695,RCN12789,1238-PF-VN-NIMPE-GENRE,Vietnam,ExtendedStrict,XGBoost,5,1,0.8550335168838501,1
4696,RCN12791,1238-PF-VN-NIMPE-GENRE,Vietnam,ExtendedStrict,XGBoost,5,1,0.9934161901473999,1
4697,RCN12792,1238-PF-VN-NIMPE-GENRE,Vietnam,ExtendedStrict,XGBoost,5,1,0.9972936511039734,1
4698,RCN12793,1238-PF-VN-NIMPE-GENRE,Vietnam,ExtendedStrict,XGBoost,5,1,0.992962658405304,1
4699,RCN12794,1238-PF-VN-NIMPE-GENRE,Vietnam,ExtendedStrict,XGBoost,5,1,0.9933458566665649,1
4700,RCN12795,1238-PF-VN-NIMPE-GENRE,Vietnam,ExtendedStrict,XGBoost,5,1,0.9928500652313232,1
4701,RCN12796,1238-PF-VN-NIMPE-GENRE,Vietnam,ExtendedStrict,XGBoost,5,1,0.972700834274292,1
4702,RCN12797,1238-PF-VN-NIMPE-GENRE,Vietnam,ExtendedStrict,XGBoost,5,1,0.9913794994354248,1
4703,RCN12798,1238-PF-VN-NIMPE-GENRE,Vietnam,ExtendedStrict,XGBoost,5,1,0.9826186895370483,1
4704,RCN12799,1238-PF-VN-NIMPE-GENRE,Vietnam,ExtendedStrict,XGBoost,5,1,0.9971005320549011,1
4705,RCN12800,1238-PF-VN-NIMPE-GENRE,Vietnam,ExtendedStrict,XGBoost,5,1,0.9407130479812622,1
4706,RCN12801,1238-PF-VN-NIMPE-GENRE,Vietnam,ExtendedStrict,XGBoost,5,1,0.9972936511039734,1
4707,RCN12802,1238-PF-VN-NIMPE-GENRE,Vietnam,ExtendedStrict,XGBoost,5,1,0.9789930582046509,1
4708,RCN12803,1238-PF-VN-NIMPE-GENRE,Vietnam,ExtendedStrict,XGBoost,5,1,0.9150841236114502,1
4709,RCN12804,1238-PF-VN-NIMPE-GENRE,Vietnam,ExtendedStrict,XGBoost,5,1,0.7880435585975647,1
4710,RCN12806,1238-PF-VN-NIMPE-GENRE,Vietnam,ExtendedStrict,XGBoost,5,1,0.9872899651527405,1
4711,RCN12807,1238-PF-VN-NIMPE-GENRE,Vietnam,ExtendedStrict,XGBoost,5,1,0.8481399416923523,1
4712,RCN12808,1238-PF-VN-NIMPE-GENRE,Vietnam,ExtendedStrict,XGBoost,5,1,0.992962658405304,1
4713,RCN12809,1238-PF-VN-NIMPE-GENRE,Vietnam,ExtendedStrict,XGBoost,5,1,0.9880269765853882,1
4714,RCN12810,1238-PF-VN-NIMPE-GENRE,Vietnam,ExtendedStrict,XGBoost,5,1,0.9971005320549011,1
4715,RCN12811,1238-PF-VN-NIMPE-GENRE,Vietnam,ExtendedStrict,XGBoost,5,1,0.9971005320549011,1
4716,RCN12813,1238-PF-VN-NIMPE-GENRE,Vietnam,ExtendedStrict,XGBoost,5,1,0.9971005320549011,1
4717,RCN12815,1238-PF-VN-NIMPE-GENRE,Vietnam,ExtendedStrict,XGBoost,5,1,0.9912499189376831,1
4718,RCN12816,1238-PF-VN-NIMPE-GENRE,Vietnam,ExtendedStrict,XGBoost,5,1,0.9826186895370483,1
4719,RCN12817,1238-PF-VN-NIMPE-GENRE,Vietnam,ExtendedStrict,XGBoost,5,1,0.9971005320549011,1
4720,RCN12818,1238-PF-VN-NIMPE-GENRE,Vietnam,ExtendedStrict,XGBoost,5,1,0.7880435585975647,1
4721,RCN12819,1238-PF-VN-NIMPE-GENRE,Vietnam,ExtendedStrict,XGBoost,5,1,0.9881047606468201,1
4722,RCN12820,1238-PF-VN-NIMPE-GENRE,Vietnam,ExtendedStrict,XGBoost,5,1,0.9140257835388184,1
4723,RCN12821,1238-PF-VN-NIMPE-GENRE,Vietnam,ExtendedStrict,XGBoost,5,1,0.75811767578125,1
4724,RCN12822,1238-PF-VN-NIMPE-GENRE,Vietnam,ExtendedStrict,XGBoost,5,1,0.9971005320549011,1
4725,RCN12823,1238-PF-VN-NIMPE-GENRE,Vietnam,ExtendedStrict,XGBoost,5,1,0.7787529230117798,1
4726,RCN12824,1238-PF-VN-NIMPE-GENRE,Vietnam,ExtendedStrict,XGBoost,5,1,0.9516986608505249,1
4727,RCN12826,1238-PF-VN-NIMPE-GENRE,Vietnam,ExtendedStrict,XGBoost,5,1,0.987663209438324,1
4728,RCN12827,1238-PF-VN-NIMPE-GENRE,Vietnam,ExtendedStrict,XGBoost,5,1,0.992662787437439,1
4729,RCN12828,1238-PF-VN-NIMPE-GENRE,Vietnam,ExtendedStrict,XGBoost,5,1,0.9933458566665649,1
4730,RCN12829,1238-PF-VN-NIMPE-GENRE,Vietnam,ExtendedStrict,XGBoost,5,1,0.9893677830696106,1
4731,RCN12830,1238-PF-VN-NIMPE-GENRE,Vietnam,ExtendedStrict,XGBoost,5,1,0.9924625158309937,1
4732,RCN12831,1238-PF-VN-NIMPE-GENRE,Vietnam,ExtendedStrict,XGBoost,5,1,0.3519018888473511,0
4733,RCN12832,1238-PF-VN-NIMPE-GENRE,Vietnam,ExtendedStrict,XGBoost,5,1,0.9972936511039734,1
4734,RCN12834,1238-PF-VN-NIMPE-GENRE,Vietnam,ExtendedStrict,XGBoost,5,1,0.992962658405304,1
4735,RCN12835,1238-PF-VN-NIMPE-GENRE,Vietnam,ExtendedStrict,XGBoost,5,1,0.9949283599853516,1
4736,RCN12836,1238-PF-VN-NIMPE-GENRE,Vietnam,ExtendedStrict,XGBoost,5,1,0.9954065084457397,1
4737,RCN12837,1238-PF-VN-NIMPE-GENRE,Vietnam,ExtendedStrict,XGBoost,5,1,0.9909054040908813,1
4738,RCN12838,1238-PF-VN-NIMPE-GENRE,Vietnam,ExtendedStrict,XGBoost,5,1,0.9971005320549011,1
4739,RCN12839,1238-PF-VN-NIMPE-GENRE,Vietnam,ExtendedStrict,XGBoost,5,1,0.9933458566665649,1
4740,RCN12840,1238-PF-VN-NIMPE-GENRE,Vietnam,ExtendedStrict,XGBoost,5,1,0.9961710572242737,1
4741,RCN12841,1238-PF-VN-NIMPE-GENRE,Vietnam,ExtendedStrict,XGBoost,5,1,0.9949283599853516,1
4742,RCN12842,1238-PF-VN-NIMPE-GENRE,Vietnam,ExtendedStrict,XGBoost,5,1,0.992962658405304,1
4743,RCN12843,1238-PF-VN-NIMPE-GENRE,Vietnam,ExtendedStrict,XGBoost,5,1,0.9971005320549011,1
4744,RCN12844,1238-PF-VN-NIMPE-GENRE,Vietnam,ExtendedStrict,XGBoost,5,1,0.4663069248199463,0
4745,RCN12845,1238-PF-VN-NIMPE-GENRE,Vietnam,ExtendedStrict,XGBoost,5,1,0.9839915633201599,1
4746,RCN12846,1238-PF-VN-NIMPE-GENRE,Vietnam,ExtendedStrict,XGBoost,5,1,0.9955230951309204,1
4747,RCN12847,1238-PF-VN-NIMPE-GENRE,Vietnam,ExtendedStrict,XGBoost,5,1,0.9972525238990784,1
4748,RCN12848,1238-PF-VN-NIMPE-GENRE,Vietnam,ExtendedStrict,XGBoost,5,1,0.9956455826759338,1
4749,RCN12849,1238-PF-VN-NIMPE-GENRE,Vietnam,ExtendedStrict,XGBoost,5,1,0.9859969615936279,1
4750,RCN12850,1238-PF-VN-NIMPE-GENRE,Vietnam,ExtendedStrict,XGBoost,5,1,0.7813481688499451,1
4751,RCN12851,1238-PF-VN-NIMPE-GENRE,Vietnam,ExtendedStrict,XGBoost,5,1,0.9952034950256348,1
4752,RCN12852,1238-PF-VN-NIMPE-GENRE,Vietnam,ExtendedStrict,XGBoost,5,0,0.7202165722846985,1
4753,RCN12853,1238-PF-VN-NIMPE-GENRE,Vietnam,ExtendedStrict,XGBoost,5,1,0.9971005320549011,1
4754,RCN12854,1238-PF-VN-NIMPE-GENRE,Vietnam,ExtendedStrict,XGBoost,5,1,0.9756889939308167,1
4755,RCN12856,1238-PF-VN-NIMPE-GENRE,Vietnam,ExtendedStrict,XGBoost,5,1,0.9971005320549011,1
4756,RCN12857,1238-PF-VN-NIMPE-GENRE,Vietnam,ExtendedStrict,XGBoost,5,1,0.9370206594467163,1
4757,RCN12858,1238-PF-VN-NIMPE-GENRE,Vietnam,ExtendedStrict,XGBoost,5,1,0.9520401954650879,1
4758,RCN12859,1238-PF-VN-NIMPE-GENRE,Vietnam,ExtendedStrict,XGBoost,5,1,0.9946395754814148,1
4759,RCN12860,1238-PF-VN-NIMPE-GENRE,Vietnam,ExtendedStrict,XGBoost,5,1,0.9881047606468201,1
4760,RCN12862,1238-PF-VN-NIMPE-GENRE,Vietnam,ExtendedStrict,XGBoost,5,1,0.33973902463912964,0
4761,RCN12865,1238-PF-VN-NIMPE-GENRE,Vietnam,ExtendedStrict,XGBoost,5,1,0.7988191843032837,1
4762,RCN12867,1238-PF-VN-NIMPE-GENRE,Vietnam,ExtendedStrict,XGBoost,5,1,0.9972936511039734,1
4763,RCN12868,1238-PF-VN-NIMPE-GENRE,Vietnam,ExtendedStrict,XGBoost,5,1,0.9859969615936279,1
4764,RCN12869,1238-PF-VN-NIMPE-GENRE,Vietnam,ExtendedStrict,XGBoost,5,1,0.9906587600708008,1
4765,RCN12870,1238-PF-VN-NIMPE-GENRE,Vietnam,ExtendedStrict,XGBoost,5,1,0.9867299795150757,1
4766,RCN12871,1238-PF-VN-NIMPE-GENRE,Vietnam,ExtendedStrict,XGBoost,5,1,0.9971005320549011,1
4767,RCN12872,1238-PF-VN-NIMPE-GENRE,Vietnam,ExtendedStrict,XGBoost,5,1,0.049352701753377914,0
4768,RCN12873,1238-PF-VN-NIMPE-GENRE,Vietnam,ExtendedStrict,XGBoost,5,1,0.35276952385902405,0
4769,RCN12877,1238-PF-VN-NIMPE-GENRE,Vietnam,ExtendedStrict,XGBoost,5,1,0.8717344999313354,1
4770,RCN12878,1238-PF-VN-NIMPE-GENRE,Vietnam,ExtendedStrict,XGBoost,5,1,0.9971005320549011,1
4771,RCN12879,1238-PF-VN-NIMPE-GENRE,Vietnam,ExtendedStrict,XGBoost,5,1,0.9937885403633118,1
4772,RCN12880,1238-PF-VN-NIMPE-GENRE,Vietnam,ExtendedStrict,XGBoost,5,1,0.9957106113433838,1
4773,RCN12881,1238-PF-VN-NIMPE-GENRE,Vietnam,ExtendedStrict,XGBoost,5,0,0.01146918535232544,0
4774,RCN12883,1238-PF-VN-NIMPE-GENRE,Vietnam,ExtendedStrict,XGBoost,5,1,0.994201123714447,1
4775,RCN12884,1238-PF-VN-NIMPE-GENRE,Vietnam,ExtendedStrict,XGBoost,5,1,0.5021719932556152,1
4776,RCN12886,1238-PF-VN-NIMPE-GENRE,Vietnam,ExtendedStrict,XGBoost,5,0,0.047640491276979446,0
4777,RCN12888,1238-PF-VN-NIMPE-GENRE,Vietnam,ExtendedStrict,XGBoost,5,0,0.6961709856987,1
4778,RCN12889,1238-PF-VN-NIMPE-GENRE,Vietnam,ExtendedStrict,XGBoost,5,1,0.991969645023346,1
4779,RCN12890,1238-PF-VN-NIMPE-GENRE,Vietnam,ExtendedStrict,XGBoost,5,1,0.9943751096725464,1
4780,RCN12891,1238-PF-VN-NIMPE-GENRE,Vietnam,ExtendedStrict,XGBoost,5,1,0.9957106113433838,1
4781,RCN12892,1238-PF-VN-NIMPE-GENRE,Vietnam,ExtendedStrict,XGBoost,5,1,0.9974424839019775,1
4782,RCN12893,1238-PF-VN-NIMPE-GENRE,Vietnam,ExtendedStrict,XGBoost,5,1,0.9971005320549011,1
4783,RCN12894,1238-PF-VN-NIMPE-GENRE,Vietnam,ExtendedStrict,XGBoost,5,0,0.01146918535232544,0
4784,RCN12895,1238-PF-VN-NIMPE-GENRE,Vietnam,ExtendedStrict,XGBoost,5,1,0.99440997838974,1
4785,RCN12897,1238-PF-VN-NIMPE-GENRE,Vietnam,ExtendedStrict,XGBoost,5,1,0.9974424839019775,1
4786,RCN12900,1238-PF-VN-NIMPE-GENRE,Vietnam,ExtendedStrict,XGBoost,5,1,0.9859969615936279,1
4787,RCN12901,1238-PF-VN-NIMPE-GENRE,Vietnam,ExtendedStrict,XGBoost,5,1,0.9949283599853516,1
