Row,Sample,Study,Country,Set,Model,Fold,y_true,prob,pred
0,PD0003-C,1016-PF-TH-NOSTEN,Thailand,Full,ElasticNet,1,0,0.24927422404289246,0
1,PD0004-03,1016-PF-TH-NOSTEN,Thailand,Full,ElasticNet,1,0,0.09131135791540146,0
2,PD0004-C,1016-PF-TH-NOSTEN,Thailand,Full,ElasticNet,1,0,0.16628557443618774,0
3,PD0005-01,1016-PF-TH-NOSTEN,Thailand,Full,ElasticNet,1,0,0.0036654670257121325,0
4,PD0005-C,1016-PF-TH-NOSTEN,Thailand,Full,ElasticNet,1,0,0.17647376656532288,0
5,PD0006-01,1016-PF-TH-NOSTEN,Thailand,Full,ElasticNet,1,0,0.015588711015880108,0
6,PD0007-01,1016-PF-TH-NOSTEN,Thailand,Full,ElasticNet,1,0,0.012178358621895313,0
7,PD0008-02,1016-PF-TH-NOSTEN,Thailand,Full,ElasticNet,1,0,0.08939661085605621,0
8,PD0009-01,1016-PF-TH-NOSTEN,Thailand,Full,ElasticNet,1,0,0.12218234688043594,0
9,PD0011-01,1016-PF-TH-NOSTEN,Thailand,Full,ElasticNet,1,0,0.02901625633239746,0
10,PD0015-02,1016-PF-TH-NOSTEN,Thailand,Full,ElasticNet,1,0,0.08554241061210632,0
11,PD0016-C,1016-PF-TH-NOSTEN,Thailand,Full,ElasticNet,1,0,0.23638159036636353,0
12,PD0017-C,1016-PF-TH-NOSTEN,Thailand,Full,ElasticNet,1,0,0.0934986025094986,0
13,PD0018-C,1016-PF-TH-NOSTEN,Thailand,Full,ElasticNet,1,0,0.053432710468769073,0
14,PD0019-C,1016-PF-TH-NOSTEN,Thailand,Full,ElasticNet,1,0,0.012717623263597488,0
15,PD0020-C,1016-PF-TH-NOSTEN,Thailand,Full,ElasticNet,1,0,0.041332244873046875,0
16,PD0021-C,1016-PF-TH-NOSTEN,Thailand,Full,ElasticNet,1,0,0.1849324107170105,0
17,PD0022-C,1016-PF-TH-NOSTEN,Thailand,Full,ElasticNet,1,0,0.06160515919327736,0
18,PD0023-C,1016-PF-TH-NOSTEN,Thailand,Full,ElasticNet,1,0,0.14419542253017426,0
847,PG0607-C,1185-PF-KH-KYLE,Cambodia,Full,ElasticNet,1,0,0.0017863527173176408,0
848,PG0608-C,1185-PF-KH-KYLE,Cambodia,Full,ElasticNet,1,0,0.027622008696198463,0
849,PG0609-C,1185-PF-KH-KYLE,Cambodia,Full,ElasticNet,1,0,0.017103753983974457,0
850,PG0610-C,1185-PF-KH-KYLE,Cambodia,Full,ElasticNet,1,0,0.0017129953484982252,0
851,PG0611-C,1185-PF-KH-KYLE,Cambodia,Full,ElasticNet,1,0,0.017680684104561806,0
1756,PV0002-C,1020-PF-VN-BONI,Vietnam,Full,ElasticNet,1,1,0.0009303910192102194,0
1757,PV0004-C,1020-PF-VN-BONI,Vietnam,Full,ElasticNet,1,0,0.01263467688113451,0
1758,PV0006-C,1020-PF-VN-BONI,Vietnam,Full,ElasticNet,1,0,0.0040923780761659145,0
1759,PV0008-C,1020-PF-VN-BONI,Vietnam,Full,ElasticNet,1,1,0.14241603016853333,0
1760,PV0014-C,1020-PF-VN-BONI,Vietnam,Full,ElasticNet,1,0,0.005043824668973684,0
1761,PV0015-C,1020-PF-VN-BONI,Vietnam,Full,ElasticNet,1,0,0.0375455878674984,0
1762,PV0017-C,1020-PF-VN-BONI,Vietnam,Full,ElasticNet,1,0,0.0004366389475762844,0
1763,PV0018-C,1020-PF-VN-BONI,Vietnam,Full,ElasticNet,1,0,0.04105140268802643,0
1764,PV0020-C,1020-PF-VN-BONI,Vietnam,Full,ElasticNet,1,0,0.003264528000727296,0
1765,PV0023-C,1020-PF-VN-BONI,Vietnam,Full,ElasticNet,1,0,0.002089792164042592,0
1766,PV0028-C,1020-PF-VN-BONI,Vietnam,Full,ElasticNet,1,1,0.9712950587272644,1
1767,PV0030-C,1020-PF-VN-BONI,Vietnam,Full,ElasticNet,1,0,0.005164807662367821,0
1768,PV0031-C,1020-PF-VN-BONI,Vietnam,Full,ElasticNet,1,1,0.026400933042168617,0
1769,PV0035-C,1020-PF-VN-BONI,Vietnam,Full,ElasticNet,1,0,0.13450512290000916,0
1770,PV0037-C,1020-PF-VN-BONI,Vietnam,Full,ElasticNet,1,0,0.11353303492069244,0
1771,PV0039-C,1020-PF-VN-BONI,Vietnam,Full,ElasticNet,1,1,0.0003772854688577354,0
1772,PV0041-C,1020-PF-VN-BONI,Vietnam,Full,ElasticNet,1,0,0.006059928331524134,0
1773,PV0046-C,1020-PF-VN-BONI,Vietnam,Full,ElasticNet,1,0,0.05734523758292198,0
1774,PV0048-C,1020-PF-VN-BONI,Vietnam,Full,ElasticNet,1,0,0.16651134192943573,0
2200,QC0392-CW,1149-PF-MM-RINGWALD,Myanmar,Full,ElasticNet,1,1,0.2012568563222885,0
2201,QC0396-CW,1149-PF-MM-RINGWALD,Myanmar,Full,ElasticNet,1,0,0.05886562541127205,0
2202,QC0399-CW,1149-PF-MM-RINGWALD,Myanmar,Full,ElasticNet,1,0,0.35834836959838867,0
2203,QC0402-CW,1149-PF-MM-RINGWALD,Myanmar,Full,ElasticNet,1,1,0.05159471556544304,0
2204,QC0404-CW,1149-PF-MM-RINGWALD,Myanmar,Full,ElasticNet,1,0,0.1818762719631195,0
2205,QC0409-CW,1149-PF-MM-RINGWALD,Myanmar,Full,ElasticNet,1,0,0.1678057163953781,0
2206,QC0417-CW,1149-PF-MM-RINGWALD,Myanmar,Full,ElasticNet,1,0,0.14257387816905975,0
2207,QC0420-CW,1149-PF-MM-RINGWALD,Myanmar,Full,ElasticNet,1,1,0.31137552857398987,0
2208,QC0421-CW,1149-PF-MM-RINGWALD,Myanmar,Full,ElasticNet,1,0,0.07273883372545242,0
2209,QC0424-CW,1149-PF-MM-RINGWALD,Myanmar,Full,ElasticNet,1,0,0.21121856570243835,0
2210,QC0428-CW,1149-PF-MM-RINGWALD,Myanmar,Full,ElasticNet,1,0,0.2722075581550598,0
2211,QC0436-CW,1149-PF-MM-RINGWALD,Myanmar,Full,ElasticNet,1,0,0.0029164045117795467,0
2212,QC0438-CW,1149-PF-MM-RINGWALD,Myanmar,Full,ElasticNet,1,1,0.2933867573738098,0
2213,QC0439-CW,1149-PF-MM-RINGWALD,Myanmar,Full,ElasticNet,1,1,0.26934292912483215,0
2214,QC0442-CW,1149-PF-MM-RINGWALD,Myanmar,Full,ElasticNet,1,0,0.18231593072414398,0
2215,QC0443-CW,1149-PF-MM-RINGWALD,Myanmar,Full,ElasticNet,1,0,0.03566931560635567,0
2216,QC0444-CW,1149-PF-MM-RINGWALD,Myanmar,Full,ElasticNet,1,0,0.3514813482761383,0
2217,QC0445-CW,1149-PF-MM-RINGWALD,Myanmar,Full,ElasticNet,1,1,0.08902720361948013,0
2218,QC0446-CW,1149-PF-MM-RINGWALD,Myanmar,Full,ElasticNet,1,0,0.4983903765678406,0
2219,QC0448-CW,1149-PF-MM-RINGWALD,Myanmar,Full,ElasticNet,1,1,0.10884195566177368,0
2220,QC0462-C,1149-PF-MM-RINGWALD,Myanmar,Full,ElasticNet,1,0,0.17514115571975708,0
2221,QC0471-CW,1149-PF-MM-RINGWALD,Myanmar,Full,ElasticNet,1,1,0.12972186505794525,0
2222,QC0477-CW,1149-PF-MM-RINGWALD,Myanmar,Full,ElasticNet,1,0,0.8118767142295837,1
2223,QC0479-CW,1149-PF-MM-RINGWALD,Myanmar,Full,ElasticNet,1,1,0.20115593075752258,0
2224,QC0481-CW,1149-PF-MM-RINGWALD,Myanmar,Full,ElasticNet,1,1,0.20210497081279755,0
2225,QC0485-CW,1149-PF-MM-RINGWALD,Myanmar,Full,ElasticNet,1,0,0.03680109232664108,0
2226,QC0487-CW,1149-PF-MM-RINGWALD,Myanmar,Full,ElasticNet,1,0,0.15434645116329193,0
2227,QC0488-CW,1149-PF-MM-RINGWALD,Myanmar,Full,ElasticNet,1,0,0.01539929211139679,0
2228,QC0490-CW,1149-PF-MM-RINGWALD,Myanmar,Full,ElasticNet,1,0,0.20196382701396942,0
2229,QC0491-CW,1149-PF-MM-RINGWALD,Myanmar,Full,ElasticNet,1,0,0.2364775538444519,0
2230,QC0494-CW,1149-PF-MM-RINGWALD,Myanmar,Full,ElasticNet,1,1,0.14915749430656433,0
2231,QC0497-CW,1149-PF-MM-RINGWALD,Myanmar,Full,ElasticNet,1,0,0.1823696345090866,0
2232,QC0504-CW,1149-PF-MM-RINGWALD,Myanmar,Full,ElasticNet,1,1,0.059531815350055695,0
2233,QC0505-CW,1149-PF-MM-RINGWALD,Myanmar,Full,ElasticNet,1,1,0.2767232358455658,0
2234,QC0506-CW,1149-PF-MM-RINGWALD,Myanmar,Full,ElasticNet,1,0,0.03659653291106224,0
2235,QC0507-CW,1149-PF-MM-RINGWALD,Myanmar,Full,ElasticNet,1,0,0.29005640745162964,0
2236,QC0523-CW,1149-PF-MM-RINGWALD,Myanmar,Full,ElasticNet,1,0,0.023644650354981422,0
2237,QC0524-CW,1149-PF-MM-RINGWALD,Myanmar,Full,ElasticNet,1,0,0.24105040729045868,0
2238,QC0530-CW,1149-PF-MM-RINGWALD,Myanmar,Full,ElasticNet,1,0,0.14642535150051117,0
2239,QC0534-C,1149-PF-MM-RINGWALD,Myanmar,Full,ElasticNet,1,0,0.1795302927494049,0
2240,QC0535-CW,1149-PF-MM-RINGWALD,Myanmar,Full,ElasticNet,1,0,0.6144822835922241,1
2241,QC0536-CW,1149-PF-MM-RINGWALD,Myanmar,Full,ElasticNet,1,0,0.036033615469932556,0
2242,QC0537-CW,1149-PF-MM-RINGWALD,Myanmar,Full,ElasticNet,1,0,0.14583678543567657,0
2243,QC0542-CW,1149-PF-MM-RINGWALD,Myanmar,Full,ElasticNet,1,0,0.1449659764766693,0
2244,QC0544-CW,1149-PF-MM-RINGWALD,Myanmar,Full,ElasticNet,1,1,0.22003144025802612,0
2245,QC0547-CW,1149-PF-MM-RINGWALD,Myanmar,Full,ElasticNet,1,0,0.17254891991615295,0
2246,QC0548-CW,1149-PF-MM-RINGWALD,Myanmar,Full,ElasticNet,1,0,0.14991608262062073,0
2247,QC0551-CW,1149-PF-MM-RINGWALD,Myanmar,Full,ElasticNet,1,1,0.6266958117485046,1
2248,QC0552-C,1149-PF-MM-RINGWALD,Myanmar,Full,ElasticNet,1,0,0.057567298412323,0
2249,QC0554-CW,1149-PF-MM-RINGWALD,Myanmar,Full,ElasticNet,1,1,0.09110928326845169,0
2250,QC0557-CW,1149-PF-MM-RINGWALD,Myanmar,Full,ElasticNet,1,0,0.6729248762130737,1
2251,QC0558-CW,1149-PF-MM-RINGWALD,Myanmar,Full,ElasticNet,1,0,0.05253053456544876,0
2252,QC0564-CW,1149-PF-MM-RINGWALD,Myanmar,Full,ElasticNet,1,0,0.1526358276605606,0
2253,QC0572-CW,1149-PF-MM-RINGWALD,Myanmar,Full,ElasticNet,1,0,0.18269141018390656,0
2254,QC0573-CW,1149-PF-MM-RINGWALD,Myanmar,Full,ElasticNet,1,0,0.6743549704551697,1
2255,QC0574-CW,1149-PF-MM-RINGWALD,Myanmar,Full,ElasticNet,1,0,0.07604024559259415,0
2256,QC0576-CW,1149-PF-MM-RINGWALD,Myanmar,Full,ElasticNet,1,0,0.6058275699615479,1
2257,QC0581-CW,1149-PF-MM-RINGWALD,Myanmar,Full,ElasticNet,1,0,0.28934890031814575,0
2258,QC0599-CW,1149-PF-MM-RINGWALD,Myanmar,Full,ElasticNet,1,1,0.19688542187213898,0
2259,QC0603-CW,1149-PF-MM-RINGWALD,Myanmar,Full,ElasticNet,1,0,0.10937782377004623,0
2260,QC0604-CW,1149-PF-MM-RINGWALD,Myanmar,Full,ElasticNet,1,0,0.15414834022521973,0
2261,QC0606-CW,1149-PF-MM-RINGWALD,Myanmar,Full,ElasticNet,1,1,0.08796264231204987,0
2262,QC0607-CW,1149-PF-MM-RINGWALD,Myanmar,Full,ElasticNet,1,0,0.1826651394367218,0
2263,QC0608-CW,1149-PF-MM-RINGWALD,Myanmar,Full,ElasticNet,1,1,0.08775005489587784,0
2264,QC0609-C,1149-PF-MM-RINGWALD,Myanmar,Full,ElasticNet,1,0,0.021821359172463417,0
2904,RCN08807,1209-PF-VN-IMPEQN-GENRE,Vietnam,Full,ElasticNet,1,1,0.9982652068138123,1
2905,RCN08808,1209-PF-VN-IMPEQN-GENRE,Vietnam,Full,ElasticNet,1,1,0.9993682503700256,1
2906,RCN08809,1209-PF-VN-IMPEQN-GENRE,Vietnam,Full,ElasticNet,1,1,0.9989213943481445,1
2907,RCN08810,1209-PF-VN-IMPEQN-GENRE,Vietnam,Full,ElasticNet,1,1,0.9980098605155945,1
2908,RCN08811,1209-PF-VN-IMPEQN-GENRE,Vietnam,Full,ElasticNet,1,0,0.03737408667802811,0
2909,RCN08812,1209-PF-VN-IMPEQN-GENRE,Vietnam,Full,ElasticNet,1,1,0.9746938347816467,1
2910,RCN08813,1209-PF-VN-IMPEQN-GENRE,Vietnam,Full,ElasticNet,1,1,0.9976876974105835,1
2911,RCN08814,1209-PF-VN-IMPEQN-GENRE,Vietnam,Full,ElasticNet,1,1,0.9976845979690552,1
2912,RCN08815,1209-PF-VN-IMPEQN-GENRE,Vietnam,Full,ElasticNet,1,1,0.9179244041442871,1
2913,RCN08816,1209-PF-VN-IMPEQN-GENRE,Vietnam,Full,ElasticNet,1,1,0.9971386194229126,1
2914,RCN08817,1209-PF-VN-IMPEQN-GENRE,Vietnam,Full,ElasticNet,1,1,0.9976797699928284,1
2915,RCN08818,1209-PF-VN-IMPEQN-GENRE,Vietnam,Full,ElasticNet,1,1,0.9976468682289124,1
2916,RCN08819,1209-PF-VN-IMPEQN-GENRE,Vietnam,Full,ElasticNet,1,1,0.9976713061332703,1
2917,RCN08820,1209-PF-VN-IMPEQN-GENRE,Vietnam,Full,ElasticNet,1,1,0.9976831674575806,1
2918,RCN08821,1209-PF-VN-IMPEQN-GENRE,Vietnam,Full,ElasticNet,1,0,0.033620305359363556,0
2919,RCN08822,1209-PF-VN-IMPEQN-GENRE,Vietnam,Full,ElasticNet,1,0,0.03372051566839218,0
2920,RCN08824,1209-PF-VN-IMPEQN-GENRE,Vietnam,Full,ElasticNet,1,0,0.018750350922346115,0
2921,RCN08827,1209-PF-VN-IMPEQN-GENRE,Vietnam,Full,ElasticNet,1,1,0.039599839597940445,0
2922,RCN08828,1209-PF-VN-IMPEQN-GENRE,Vietnam,Full,ElasticNet,1,0,0.21041524410247803,0
2923,RCN08829,1209-PF-VN-IMPEQN-GENRE,Vietnam,Full,ElasticNet,1,1,0.032752446830272675,0
2924,RCN08830,1209-PF-VN-IMPEQN-GENRE,Vietnam,Full,ElasticNet,1,0,0.04622441157698631,0
2925,RCN08831,1209-PF-VN-IMPEQN-GENRE,Vietnam,Full,ElasticNet,1,0,0.08198032528162003,0
2926,RCN08833,1209-PF-VN-IMPEQN-GENRE,Vietnam,Full,ElasticNet,1,0,0.0021640087943524122,0
2927,RCN08834,1209-PF-VN-IMPEQN-GENRE,Vietnam,Full,ElasticNet,1,0,0.0009627218823879957,0
2928,RCN08878,1209-PF-VN-IMPEQN-GENRE,Vietnam,Full,ElasticNet,1,0,0.08218754082918167,0
2929,RCN08883,1209-PF-VN-IMPEQN-GENRE,Vietnam,Full,ElasticNet,1,0,0.017981519922614098,0
2930,RCN08884,1209-PF-VN-IMPEQN-GENRE,Vietnam,Full,ElasticNet,1,0,0.06213787943124771,0
2931,RCN08887,1209-PF-VN-IMPEQN-GENRE,Vietnam,Full,ElasticNet,1,0,0.012363296933472157,0
2932,RCN08888,1209-PF-VN-IMPEQN-GENRE,Vietnam,Full,ElasticNet,1,0,0.3492071330547333,0
2933,RCN08889,1209-PF-VN-IMPEQN-GENRE,Vietnam,Full,ElasticNet,1,0,0.036802344024181366,0
2934,RCN08890,1209-PF-VN-IMPEQN-GENRE,Vietnam,Full,ElasticNet,1,0,0.32545390725135803,0
2935,RCN08891,1209-PF-VN-IMPEQN-GENRE,Vietnam,Full,ElasticNet,1,0,0.3256056308746338,0
3123,RCN09220,1209-PF-VN-IMPEQN-GENRE,Vietnam,Full,ElasticNet,1,0,0.3499804139137268,0
3124,RCN09225,1209-PF-VN-IMPEQN-GENRE,Vietnam,Full,ElasticNet,1,1,0.058588907122612,0
3125,RCN09226,1209-PF-VN-IMPEQN-GENRE,Vietnam,Full,ElasticNet,1,1,0.02263708971440792,0
3126,RCN09229,1209-PF-VN-IMPEQN-GENRE,Vietnam,Full,ElasticNet,1,1,0.03962685167789459,0
3127,RCN09230,1209-PF-VN-IMPEQN-GENRE,Vietnam,Full,ElasticNet,1,1,0.03274047002196312,0
3128,RCN09234,1209-PF-VN-IMPEQN-GENRE,Vietnam,Full,ElasticNet,1,1,0.9873145222663879,1
3129,RCN09235,1209-PF-VN-IMPEQN-GENRE,Vietnam,Full,ElasticNet,1,1,0.9976490139961243,1
3130,RCN09236,1209-PF-VN-IMPEQN-GENRE,Vietnam,Full,ElasticNet,1,1,0.9974990487098694,1
3131,RCN09238,1209-PF-VN-IMPEQN-GENRE,Vietnam,Full,ElasticNet,1,1,0.9976614713668823,1
3132,RCN09239,1209-PF-VN-IMPEQN-GENRE,Vietnam,Full,ElasticNet,1,0,0.06706677377223969,0
3133,RCN09240,1209-PF-VN-IMPEQN-GENRE,Vietnam,Full,ElasticNet,1,1,0.9976213574409485,1
3134,RCN09241,1209-PF-VN-IMPEQN-GENRE,Vietnam,Full,ElasticNet,1,1,0.9975912570953369,1
3135,RCN09245,1209-PF-VN-IMPEQN-GENRE,Vietnam,Full,ElasticNet,1,1,0.9975574016571045,1
3136,RCN09250,1209-PF-VN-IMPEQN-GENRE,Vietnam,Full,ElasticNet,1,1,0.9958086013793945,1
3137,RCN09251,1209-PF-VN-IMPEQN-GENRE,Vietnam,Full,ElasticNet,1,1,0.9976574182510376,1
3138,RCN09254,1209-PF-VN-IMPEQN-GENRE,Vietnam,Full,ElasticNet,1,1,0.9836228489875793,1
3139,RCN09258,1209-PF-VN-IMPEQN-GENRE,Vietnam,Full,ElasticNet,1,1,0.9988865256309509,1
3140,RCN09259,1209-PF-VN-IMPEQN-GENRE,Vietnam,Full,ElasticNet,1,1,0.9979812502861023,1
3141,RCN09260,1209-PF-VN-IMPEQN-GENRE,Vietnam,Full,ElasticNet,1,1,0.9979802966117859,1
3142,RCN09261,1209-PF-VN-IMPEQN-GENRE,Vietnam,Full,ElasticNet,1,1,0.9953783750534058,1
3143,RCN09262,1209-PF-VN-IMPEQN-GENRE,Vietnam,Full,ElasticNet,1,1,0.997600257396698,1
3144,RCN09264,1209-PF-VN-IMPEQN-GENRE,Vietnam,Full,ElasticNet,1,1,0.9951098561286926,1
3145,RCN09265,1209-PF-VN-IMPEQN-GENRE,Vietnam,Full,ElasticNet,1,1,0.9986681938171387,1
3146,RCN09266,1209-PF-VN-IMPEQN-GENRE,Vietnam,Full,ElasticNet,1,1,0.9988076686859131,1
3147,RCN09268,1209-PF-VN-IMPEQN-GENRE,Vietnam,Full,ElasticNet,1,1,0.9975646734237671,1
3148,RCN09269,1209-PF-VN-IMPEQN-GENRE,Vietnam,Full,ElasticNet,1,1,0.9916117191314697,1
3149,RCN09270,1209-PF-VN-IMPEQN-GENRE,Vietnam,Full,ElasticNet,1,1,0.9811584949493408,1
3150,RCN09271,1209-PF-VN-IMPEQN-GENRE,Vietnam,Full,ElasticNet,1,1,0.9975417852401733,1
3151,RCN09272,1209-PF-VN-IMPEQN-GENRE,Vietnam,Full,ElasticNet,1,1,0.9976059198379517,1
3152,RCN09273,1209-PF-VN-IMPEQN-GENRE,Vietnam,Full,ElasticNet,1,1,0.9887793064117432,1
3153,RCN09274,1209-PF-VN-IMPEQN-GENRE,Vietnam,Full,ElasticNet,1,1,0.9976096153259277,1
3154,RCN09276,1209-PF-VN-IMPEQN-GENRE,Vietnam,Full,ElasticNet,1,0,0.633470892906189,1
3155,RCN09278,1209-PF-VN-IMPEQN-GENRE,Vietnam,Full,ElasticNet,1,1,0.9930803179740906,1
3156,RCN09282,1209-PF-VN-IMPEQN-GENRE,Vietnam,Full,ElasticNet,1,0,0.3208639323711395,0
3157,RCN09283,1209-PF-VN-IMPEQN-GENRE,Vietnam,Full,ElasticNet,1,1,0.9930374026298523,1
3158,RCN09284,1209-PF-VN-IMPEQN-GENRE,Vietnam,Full,ElasticNet,1,1,0.9984026551246643,1
3159,RCN09285,1209-PF-VN-IMPEQN-GENRE,Vietnam,Full,ElasticNet,1,1,0.29352879524230957,0
3160,RCN09286,1209-PF-VN-IMPEQN-GENRE,Vietnam,Full,ElasticNet,1,0,0.019145838916301727,0
3601,RCN10143,1209-PF-VN-IMPEQN-GENRE,Vietnam,Full,ElasticNet,1,0,0.15613003075122833,0
3602,RCN10145,1209-PF-VN-IMPEQN-GENRE,Vietnam,Full,ElasticNet,1,0,0.7898011803627014,1
3603,RCN10151,1209-PF-VN-IMPEQN-GENRE,Vietnam,Full,ElasticNet,1,1,0.9979838132858276,1
3604,RCN10159,1209-PF-VN-IMPEQN-GENRE,Vietnam,Full,ElasticNet,1,1,0.9976366758346558,1
3605,RCN10162,1209-PF-VN-IMPEQN-GENRE,Vietnam,Full,ElasticNet,1,0,0.9071829319000244,1
3606,RCN10167,1209-PF-VN-IMPEQN-GENRE,Vietnam,Full,ElasticNet,1,1,0.954883337020874,1
3607,RCN10168,1209-PF-VN-IMPEQN-GENRE,Vietnam,Full,ElasticNet,1,1,0.9818798303604126,1
3608,RCN10169,1209-PF-VN-IMPEQN-GENRE,Vietnam,Full,ElasticNet,1,1,0.9936172962188721,1
3609,RCN10170,1209-PF-VN-IMPEQN-GENRE,Vietnam,Full,ElasticNet,1,0,0.7582855820655823,1
3618,RCN10238,1209-PF-VN-IMPEQN-GENRE,Vietnam,Full,ElasticNet,1,1,0.9979779124259949,1
3619,RCN10244,1209-PF-VN-IMPEQN-GENRE,Vietnam,Full,ElasticNet,1,0,0.7581373453140259,1
3620,RCN10246,1209-PF-VN-IMPEQN-GENRE,Vietnam,Full,ElasticNet,1,1,0.9930470585823059,1
3621,RCN10247,1209-PF-VN-IMPEQN-GENRE,Vietnam,Full,ElasticNet,1,1,0.9979815483093262,1
3622,RCN10250,1209-PF-VN-IMPEQN-GENRE,Vietnam,Full,ElasticNet,1,1,0.9884673953056335,1
3623,RCN10252,1209-PF-VN-IMPEQN-GENRE,Vietnam,Full,ElasticNet,1,1,0.9942875504493713,1
3624,RCN10254,1209-PF-VN-IMPEQN-GENRE,Vietnam,Full,ElasticNet,1,1,0.9979758858680725,1
3625,RCN10256,1209-PF-VN-IMPEQN-GENRE,Vietnam,Full,ElasticNet,1,1,0.9867274165153503,1
3626,RCN10268,1209-PF-VN-IMPEQN-GENRE,Vietnam,Full,ElasticNet,1,1,0.9488587975502014,1
3627,RCN10286,1209-PF-VN-IMPEQN-GENRE,Vietnam,Full,ElasticNet,1,1,0.9893745183944702,1
3628,RCN10290,1209-PF-VN-IMPEQN-GENRE,Vietnam,Full,ElasticNet,1,1,0.9976297616958618,1
3629,RCN10291,1209-PF-VN-IMPEQN-GENRE,Vietnam,Full,ElasticNet,1,1,0.9931656718254089,1
3630,RCN10292,1209-PF-VN-IMPEQN-GENRE,Vietnam,Full,ElasticNet,1,1,0.9979771971702576,1
3631,RCN10293,1209-PF-VN-IMPEQN-GENRE,Vietnam,Full,ElasticNet,1,1,0.9954320192337036,1
3632,RCN10296,1209-PF-VN-IMPEQN-GENRE,Vietnam,Full,ElasticNet,1,1,0.9962154030799866,1
3633,RCN10297,1209-PF-VN-IMPEQN-GENRE,Vietnam,Full,ElasticNet,1,1,0.9979744553565979,1
3634,RCN10298,1209-PF-VN-IMPEQN-GENRE,Vietnam,Full,ElasticNet,1,1,0.9976072311401367,1
3635,RCN10299,1209-PF-VN-IMPEQN-GENRE,Vietnam,Full,ElasticNet,1,1,0.692072868347168,1
3636,RCN10300,1209-PF-VN-IMPEQN-GENRE,Vietnam,Full,ElasticNet,1,1,0.9986686706542969,1
3637,RCN10305,1209-PF-VN-IMPEQN-GENRE,Vietnam,Full,ElasticNet,1,1,0.9928043484687805,1
3638,RCN10306,1209-PF-VN-IMPEQN-GENRE,Vietnam,Full,ElasticNet,1,1,0.9979631900787354,1
3639,RCN10307,1209-PF-VN-IMPEQN-GENRE,Vietnam,Full,ElasticNet,1,1,0.9989097118377686,1
3640,RCN10308,1209-PF-VN-IMPEQN-GENRE,Vietnam,Full,ElasticNet,1,1,0.9992135763168335,1
3641,RCN10309,1209-PF-VN-IMPEQN-GENRE,Vietnam,Full,ElasticNet,1,1,0.9976246953010559,1
3642,RCN10311,1209-PF-VN-IMPEQN-GENRE,Vietnam,Full,ElasticNet,1,1,0.9970666766166687,1
3643,RCN10312,1209-PF-VN-IMPEQN-GENRE,Vietnam,Full,ElasticNet,1,1,0.9951568245887756,1
3644,RCN10313,1209-PF-VN-IMPEQN-GENRE,Vietnam,Full,ElasticNet,1,1,0.9976446032524109,1
3645,RCN10315,1209-PF-VN-IMPEQN-GENRE,Vietnam,Full,ElasticNet,1,1,0.9815710186958313,1
3646,RCN10316,1209-PF-VN-IMPEQN-GENRE,Vietnam,Full,ElasticNet,1,1,0.9979875087738037,1
3647,RCN10317,1209-PF-VN-IMPEQN-GENRE,Vietnam,Full,ElasticNet,1,1,0.9980067610740662,1
3648,RCN10318,1209-PF-VN-IMPEQN-GENRE,Vietnam,Full,ElasticNet,1,1,0.9979496598243713,1
3649,RCN10319,1209-PF-VN-IMPEQN-GENRE,Vietnam,Full,ElasticNet,1,1,0.9526922702789307,1
3650,RCN10320,1209-PF-VN-IMPEQN-GENRE,Vietnam,Full,ElasticNet,1,1,0.9979743361473083,1
3651,RCN10321,1209-PF-VN-IMPEQN-GENRE,Vietnam,Full,ElasticNet,1,1,0.9976876974105835,1
3652,RCN10322,1209-PF-VN-IMPEQN-GENRE,Vietnam,Full,ElasticNet,1,1,0.997657299041748,1
3653,RCN10323,1209-PF-VN-IMPEQN-GENRE,Vietnam,Full,ElasticNet,1,1,0.9976451992988586,1
3654,RCN10324,1209-PF-VN-IMPEQN-GENRE,Vietnam,Full,ElasticNet,1,1,0.9976403713226318,1
3655,RCN10325,1209-PF-VN-IMPEQN-GENRE,Vietnam,Full,ElasticNet,1,1,0.9928845167160034,1
3656,RCN10330,1209-PF-VN-IMPEQN-GENRE,Vietnam,Full,ElasticNet,1,1,0.9962007403373718,1
3657,RCN10332,1209-PF-VN-IMPEQN-GENRE,Vietnam,Full,ElasticNet,1,0,0.6134149432182312,1
3658,RCN10333,1209-PF-VN-IMPEQN-GENRE,Vietnam,Full,ElasticNet,1,1,0.9930546879768372,1
3659,RCN10337,1209-PF-VN-IMPEQN-GENRE,Vietnam,Full,ElasticNet,1,1,0.9976291060447693,1
3660,RCN10338,1209-PF-VN-IMPEQN-GENRE,Vietnam,Full,ElasticNet,1,1,0.19665037095546722,0
3661,RCN10339,1209-PF-VN-IMPEQN-GENRE,Vietnam,Full,ElasticNet,1,0,0.009894032031297684,0
3662,RCN10340,1209-PF-VN-IMPEQN-GENRE,Vietnam,Full,ElasticNet,1,0,0.009914887137711048,0
3663,RCN10341,1209-PF-VN-IMPEQN-GENRE,Vietnam,Full,ElasticNet,1,0,0.014907477423548698,0
3664,RCN10345,1209-PF-VN-IMPEQN-GENRE,Vietnam,Full,ElasticNet,1,1,0.9976401329040527,1
3665,RCN10346,1209-PF-VN-IMPEQN-GENRE,Vietnam,Full,ElasticNet,1,1,0.9976596832275391,1
3666,RCN10347,1209-PF-VN-IMPEQN-GENRE,Vietnam,Full,ElasticNet,1,0,0.7582383155822754,1
3667,RCN10348,1209-PF-VN-IMPEQN-GENRE,Vietnam,Full,ElasticNet,1,1,0.993048906326294,1
3668,RCN10349,1209-PF-VN-IMPEQN-GENRE,Vietnam,Full,ElasticNet,1,0,0.15543211996555328,0
3669,RCN10350,1209-PF-VN-IMPEQN-GENRE,Vietnam,Full,ElasticNet,1,1,0.9976003766059875,1
3670,RCN10351,1209-PF-VN-IMPEQN-GENRE,Vietnam,Full,ElasticNet,1,1,0.9859366416931152,1
3671,RCN10352,1209-PF-VN-IMPEQN-GENRE,Vietnam,Full,ElasticNet,1,1,0.9930481910705566,1
3672,RCN10353,1209-PF-VN-IMPEQN-GENRE,Vietnam,Full,ElasticNet,1,1,0.9976150989532471,1
3673,RCN10354,1209-PF-VN-IMPEQN-GENRE,Vietnam,Full,ElasticNet,1,1,0.997996985912323,1
3674,RCN10356,1209-PF-VN-IMPEQN-GENRE,Vietnam,Full,ElasticNet,1,0,0.758044421672821,1
3675,RCN10357,1209-PF-VN-IMPEQN-GENRE,Vietnam,Full,ElasticNet,1,0,0.7202944159507751,1
3676,RCN10362,1209-PF-VN-IMPEQN-GENRE,Vietnam,Full,ElasticNet,1,1,0.756870448589325,1
3677,RCN10363,1209-PF-VN-IMPEQN-GENRE,Vietnam,Full,ElasticNet,1,1,0.9975928664207458,1
3678,RCN10364,1209-PF-VN-IMPEQN-GENRE,Vietnam,Full,ElasticNet,1,1,0.9975870847702026,1
3679,RCN10365,1209-PF-VN-IMPEQN-GENRE,Vietnam,Full,ElasticNet,1,1,0.9975830316543579,1
3680,RCN10370,1209-PF-VN-IMPEQN-GENRE,Vietnam,Full,ElasticNet,1,1,0.997969925403595,1
3681,RCN10372,1209-PF-VN-IMPEQN-GENRE,Vietnam,Full,ElasticNet,1,0,0.8474923968315125,1
3682,RCN10373,1209-PF-VN-IMPEQN-GENRE,Vietnam,Full,ElasticNet,1,1,0.9570268988609314,1
3683,RCN10377,1209-PF-VN-IMPEQN-GENRE,Vietnam,Full,ElasticNet,1,1,0.9979557991027832,1
3684,RCN10379,1209-PF-VN-IMPEQN-GENRE,Vietnam,Full,ElasticNet,1,1,0.9979686141014099,1
3685,RCN10380,1209-PF-VN-IMPEQN-GENRE,Vietnam,Full,ElasticNet,1,0,0.3766832947731018,0
3686,RCN10381,1209-PF-VN-IMPEQN-GENRE,Vietnam,Full,ElasticNet,1,1,0.9979580640792847,1
3687,RCN10382,1209-PF-VN-IMPEQN-GENRE,Vietnam,Full,ElasticNet,1,1,0.9979661703109741,1
3688,RCN10384,1209-PF-VN-IMPEQN-GENRE,Vietnam,Full,ElasticNet,1,1,0.9976014494895935,1
3689,RCN10385,1209-PF-VN-IMPEQN-GENRE,Vietnam,Full,ElasticNet,1,0,0.005030124448239803,0
3690,RCN10386,1209-PF-VN-IMPEQN-GENRE,Vietnam,Full,ElasticNet,1,1,0.9751054644584656,1
3691,RCN10387,1209-PF-VN-IMPEQN-GENRE,Vietnam,Full,ElasticNet,1,1,0.9754098057746887,1
3692,RCN10388,1209-PF-VN-IMPEQN-GENRE,Vietnam,Full,ElasticNet,1,0,0.8979921340942383,1
3693,RCN10390,1209-PF-VN-IMPEQN-GENRE,Vietnam,Full,ElasticNet,1,0,0.9037204384803772,1
3694,RCN10391,1209-PF-VN-IMPEQN-GENRE,Vietnam,Full,ElasticNet,1,1,0.9976609945297241,1
3695,RCN10392,1209-PF-VN-IMPEQN-GENRE,Vietnam,Full,ElasticNet,1,0,0.006722721271216869,0
3696,RCN10393,1209-PF-VN-IMPEQN-GENRE,Vietnam,Full,ElasticNet,1,0,0.00670132040977478,0
3697,RCN10396,1209-PF-VN-IMPEQN-GENRE,Vietnam,Full,ElasticNet,1,1,0.9979459643363953,1
3698,RCN10397,1209-PF-VN-IMPEQN-GENRE,Vietnam,Full,ElasticNet,1,1,0.9931556582450867,1
3699,RCN10398,1209-PF-VN-IMPEQN-GENRE,Vietnam,Full,ElasticNet,1,1,0.9896356463432312,1
3700,RCN10399,1209-PF-VN-IMPEQN-GENRE,Vietnam,Full,ElasticNet,1,0,0.006677165161818266,0
3701,RCN10400,1209-PF-VN-IMPEQN-GENRE,Vietnam,Full,ElasticNet,1,0,0.006673616822808981,0
3702,RCN10401,1209-PF-VN-IMPEQN-GENRE,Vietnam,Full,ElasticNet,1,0,0.7559958696365356,1
3703,RCN10402,1209-PF-VN-IMPEQN-GENRE,Vietnam,Full,ElasticNet,1,0,0.0066964467987418175,0
3704,RCN10405,1209-PF-VN-IMPEQN-GENRE,Vietnam,Full,ElasticNet,1,1,0.06359054148197174,0
3705,RCN10406,1209-PF-VN-IMPEQN-GENRE,Vietnam,Full,ElasticNet,1,0,0.9023519158363342,1
3706,RCN10689,1209-PF-VN-IMPEQN-GENRE,Vietnam,Full,ElasticNet,1,1,0.9976226687431335,1
3707,RCN10690,1209-PF-VN-IMPEQN-GENRE,Vietnam,Full,ElasticNet,1,1,0.9976540207862854,1
3708,RCN10691,1209-PF-VN-IMPEQN-GENRE,Vietnam,Full,ElasticNet,1,0,0.02626906894147396,0
3709,RCN10692,1209-PF-VN-IMPEQN-GENRE,Vietnam,Full,ElasticNet,1,1,0.9979694485664368,1
3710,RCN10693,1209-PF-VN-IMPEQN-GENRE,Vietnam,Full,ElasticNet,1,1,0.9747450351715088,1
3711,RCN10694,1209-PF-VN-IMPEQN-GENRE,Vietnam,Full,ElasticNet,1,1,0.9747430086135864,1
3712,RCN10695,1209-PF-VN-IMPEQN-GENRE,Vietnam,Full,ElasticNet,1,1,0.9960874319076538,1
3713,RCN10696,1209-PF-VN-IMPEQN-GENRE,Vietnam,Full,ElasticNet,1,1,0.9739392399787903,1
3714,RCN10697,1209-PF-VN-IMPEQN-GENRE,Vietnam,Full,ElasticNet,1,1,0.997975766658783,1
3715,RCN10699,1209-PF-VN-IMPEQN-GENRE,Vietnam,Full,ElasticNet,1,1,0.9745628237724304,1
3716,RCN10703,1209-PF-VN-IMPEQN-GENRE,Vietnam,Full,ElasticNet,1,1,0.997627317905426,1
3717,RCN10706,1209-PF-VN-IMPEQN-GENRE,Vietnam,Full,ElasticNet,1,1,0.9979702830314636,1
3718,RCN10709,1209-PF-VN-IMPEQN-GENRE,Vietnam,Full,ElasticNet,1,1,0.8460229635238647,1
3719,RCN10710,1209-PF-VN-IMPEQN-GENRE,Vietnam,Full,ElasticNet,1,1,0.9952725768089294,1
3720,RCN10712,1209-PF-VN-IMPEQN-GENRE,Vietnam,Full,ElasticNet,1,1,0.9830232262611389,1
3721,RCN10715,1209-PF-VN-IMPEQN-GENRE,Vietnam,Full,ElasticNet,1,0,0.7582855820655823,1
3722,RCN10716,1209-PF-VN-IMPEQN-GENRE,Vietnam,Full,ElasticNet,1,0,0.426669716835022,0
3723,RCN10717,1209-PF-VN-IMPEQN-GENRE,Vietnam,Full,ElasticNet,1,0,0.8518882393836975,1
3724,RCN10718,1209-PF-VN-IMPEQN-GENRE,Vietnam,Full,ElasticNet,1,0,0.3309008777141571,0
3725,RCN10719,1209-PF-VN-IMPEQN-GENRE,Vietnam,Full,ElasticNet,1,0,0.5069208145141602,1
3726,RCN10720,1209-PF-VN-IMPEQN-GENRE,Vietnam,Full,ElasticNet,1,0,0.5085269808769226,1
3727,RCN10721,1209-PF-VN-IMPEQN-GENRE,Vietnam,Full,ElasticNet,1,0,0.5621491074562073,1
3728,RCN10722,1209-PF-VN-IMPEQN-GENRE,Vietnam,Full,ElasticNet,1,1,0.9964890480041504,1
3729,RCN10723,1209-PF-VN-IMPEQN-GENRE,Vietnam,Full,ElasticNet,1,1,0.9749378561973572,1
3730,RCN10724,1209-PF-VN-IMPEQN-GENRE,Vietnam,Full,ElasticNet,1,1,0.9984027743339539,1
3731,RCN10725,1209-PF-VN-IMPEQN-GENRE,Vietnam,Full,ElasticNet,1,1,0.9984614849090576,1
3732,RCN10726,1209-PF-VN-IMPEQN-GENRE,Vietnam,Full,ElasticNet,1,1,0.9984017014503479,1
3733,RCN10727,1209-PF-VN-IMPEQN-GENRE,Vietnam,Full,ElasticNet,1,1,0.9984622001647949,1
3734,RCN10728,1209-PF-VN-IMPEQN-GENRE,Vietnam,Full,ElasticNet,1,1,0.9753143787384033,1
3735,RCN10729,1209-PF-VN-IMPEQN-GENRE,Vietnam,Full,ElasticNet,1,1,0.978167712688446,1
3736,RCN10730,1209-PF-VN-IMPEQN-GENRE,Vietnam,Full,ElasticNet,1,1,0.9986855387687683,1
3737,RCN10731,1209-PF-VN-IMPEQN-GENRE,Vietnam,Full,ElasticNet,1,0,0.758147656917572,1
3738,RCN10732,1209-PF-VN-IMPEQN-GENRE,Vietnam,Full,ElasticNet,1,0,0.7581435441970825,1
3739,RCN10733,1209-PF-VN-IMPEQN-GENRE,Vietnam,Full,ElasticNet,1,1,0.9963666200637817,1
3740,RCN10734,1209-PF-VN-IMPEQN-GENRE,Vietnam,Full,ElasticNet,1,1,0.9750571846961975,1
3741,RCN10735,1209-PF-VN-IMPEQN-GENRE,Vietnam,Full,ElasticNet,1,1,0.9976125955581665,1
3742,RCN10736,1209-PF-VN-IMPEQN-GENRE,Vietnam,Full,ElasticNet,1,1,0.9979761242866516,1
3743,RCN10737,1209-PF-VN-IMPEQN-GENRE,Vietnam,Full,ElasticNet,1,1,0.9747506976127625,1
3744,RCN10738,1209-PF-VN-IMPEQN-GENRE,Vietnam,Full,ElasticNet,1,1,0.99565589427948,1
3745,RCN10741,1209-PF-VN-IMPEQN-GENRE,Vietnam,Full,ElasticNet,1,1,0.9975907802581787,1
3746,RCN10742,1209-PF-VN-IMPEQN-GENRE,Vietnam,Full,ElasticNet,1,1,0.9976166486740112,1
3747,RCN10743,1209-PF-VN-IMPEQN-GENRE,Vietnam,Full,ElasticNet,1,1,0.9912142753601074,1
3748,RCN10744,1209-PF-VN-IMPEQN-GENRE,Vietnam,Full,ElasticNet,1,1,0.9979875087738037,1
3749,RCN10745,1209-PF-VN-IMPEQN-GENRE,Vietnam,Full,ElasticNet,1,1,0.9967904686927795,1
3750,RCN10746,1209-PF-VN-IMPEQN-GENRE,Vietnam,Full,ElasticNet,1,1,0.9961885809898376,1
3751,RCN10752,1209-PF-VN-IMPEQN-GENRE,Vietnam,Full,ElasticNet,1,1,0.8783712387084961,1
3752,RCN10761,1209-PF-VN-IMPEQN-GENRE,Vietnam,Full,ElasticNet,1,1,0.9931771755218506,1
3753,RCN10762,1209-PF-VN-IMPEQN-GENRE,Vietnam,Full,ElasticNet,1,1,0.9976202845573425,1
3754,RCN10764,1209-PF-VN-IMPEQN-GENRE,Vietnam,Full,ElasticNet,1,1,0.9987020492553711,1
3755,RCN10766,1209-PF-VN-IMPEQN-GENRE,Vietnam,Full,ElasticNet,1,0,0.0036705571692436934,0
3756,RCN10768,1209-PF-VN-IMPEQN-GENRE,Vietnam,Full,ElasticNet,1,0,0.002195407636463642,0
3757,RCN10769,1209-PF-VN-IMPEQN-GENRE,Vietnam,Full,ElasticNet,1,0,0.0028100316412746906,0
3758,RCN10770,1209-PF-VN-IMPEQN-GENRE,Vietnam,Full,ElasticNet,1,1,0.9663668274879456,1
3759,RCN10772,1209-PF-VN-IMPEQN-GENRE,Vietnam,Full,ElasticNet,1,0,0.0037141155917197466,0
3760,RCN10773,1209-PF-VN-IMPEQN-GENRE,Vietnam,Full,ElasticNet,1,1,0.9664327502250671,1
3761,RCN10774,1209-PF-VN-IMPEQN-GENRE,Vietnam,Full,ElasticNet,1,1,0.9794819951057434,1
3762,RCN10776,1209-PF-VN-IMPEQN-GENRE,Vietnam,Full,ElasticNet,1,0,0.0021715485490858555,0
3763,RCN10777,1209-PF-VN-IMPEQN-GENRE,Vietnam,Full,ElasticNet,1,0,0.0013567584101110697,0
3764,RCN10779,1209-PF-VN-IMPEQN-GENRE,Vietnam,Full,ElasticNet,1,0,0.02096054144203663,0
3765,RCN10780,1209-PF-VN-IMPEQN-GENRE,Vietnam,Full,ElasticNet,1,0,0.031281426548957825,0
3766,RCN10782,1209-PF-VN-IMPEQN-GENRE,Vietnam,Full,ElasticNet,1,0,0.010516236536204815,0
3767,RCN10785,1209-PF-VN-IMPEQN-GENRE,Vietnam,Full,ElasticNet,1,1,0.9664603471755981,1
3768,RCN10786,1209-PF-VN-IMPEQN-GENRE,Vietnam,Full,ElasticNet,1,1,0.9664255976676941,1
3769,RCN10788,1209-PF-VN-IMPEQN-GENRE,Vietnam,Full,ElasticNet,1,0,0.002797656459733844,0
3770,RCN10789,1209-PF-VN-IMPEQN-GENRE,Vietnam,Full,ElasticNet,1,0,0.009747525677084923,0
3771,RCN10790,1209-PF-VN-IMPEQN-GENRE,Vietnam,Full,ElasticNet,1,0,0.018895575776696205,0
3772,RCN10792,1209-PF-VN-IMPEQN-GENRE,Vietnam,Full,ElasticNet,1,0,0.0071974159218370914,0
3773,RCN10794,1209-PF-VN-IMPEQN-GENRE,Vietnam,Full,ElasticNet,1,1,0.9664226174354553,1
3774,RCN11011,1209-PF-VN-IMPEQN-GENRE,Vietnam,Full,ElasticNet,1,0,0.4568694829940796,0
3775,RCN11012,1209-PF-VN-IMPEQN-GENRE,Vietnam,Full,ElasticNet,1,1,0.9931885004043579,1
3776,RCN11013,1209-PF-VN-IMPEQN-GENRE,Vietnam,Full,ElasticNet,1,0,0.45642799139022827,0
3777,RCN11014,1209-PF-VN-IMPEQN-GENRE,Vietnam,Full,ElasticNet,1,1,0.9976176619529724,1
3778,RCN11015,1209-PF-VN-IMPEQN-GENRE,Vietnam,Full,ElasticNet,1,1,0.9932714104652405,1
3779,RCN11016,1209-PF-VN-IMPEQN-GENRE,Vietnam,Full,ElasticNet,1,1,0.9976176619529724,1
3780,RCN11017,1209-PF-VN-IMPEQN-GENRE,Vietnam,Full,ElasticNet,1,1,0.8840110301971436,1
3781,RCN11018,1209-PF-VN-IMPEQN-GENRE,Vietnam,Full,ElasticNet,1,1,0.9979846477508545,1
3782,RCN11019,1209-PF-VN-IMPEQN-GENRE,Vietnam,Full,ElasticNet,1,1,0.9912437200546265,1
3783,RCN11020,1209-PF-VN-IMPEQN-GENRE,Vietnam,Full,ElasticNet,1,1,0.997979462146759,1
3784,RCN11021,1209-PF-VN-IMPEQN-GENRE,Vietnam,Full,ElasticNet,1,1,0.9976149797439575,1
3785,RCN11022,1209-PF-VN-IMPEQN-GENRE,Vietnam,Full,ElasticNet,1,1,0.9575753211975098,1
3786,RCN11023,1209-PF-VN-IMPEQN-GENRE,Vietnam,Full,ElasticNet,1,1,0.9982389211654663,1
3787,RCN11024,1209-PF-VN-IMPEQN-GENRE,Vietnam,Full,ElasticNet,1,1,0.9111976623535156,1
3788,RCN11025,1209-PF-VN-IMPEQN-GENRE,Vietnam,Full,ElasticNet,1,0,0.45698073506355286,0
3789,RCN11026,1209-PF-VN-IMPEQN-GENRE,Vietnam,Full,ElasticNet,1,1,0.9979729056358337,1
3790,RCN11027,1209-PF-VN-IMPEQN-GENRE,Vietnam,Full,ElasticNet,1,1,0.9572873115539551,1
3791,RCN11029,1209-PF-VN-IMPEQN-GENRE,Vietnam,Full,ElasticNet,1,1,0.9546162486076355,1
3792,RCN11030,1209-PF-VN-IMPEQN-GENRE,Vietnam,Full,ElasticNet,1,1,0.9975793957710266,1
3793,RCN11032,1209-PF-VN-IMPEQN-GENRE,Vietnam,Full,ElasticNet,1,1,0.997589111328125,1
3794,RCN11034,1209-PF-VN-IMPEQN-GENRE,Vietnam,Full,ElasticNet,1,1,0.965877115726471,1
3795,RCN11036,1209-PF-VN-IMPEQN-GENRE,Vietnam,Full,ElasticNet,1,1,0.998444139957428,1
3796,RCN11038,1209-PF-VN-IMPEQN-GENRE,Vietnam,Full,ElasticNet,1,0,0.9184577465057373,1
3797,RCN11040,1209-PF-VN-IMPEQN-GENRE,Vietnam,Full,ElasticNet,1,1,0.9979458451271057,1
3798,RCN11042,1209-PF-VN-IMPEQN-GENRE,Vietnam,Full,ElasticNet,1,1,0.9975786805152893,1
3799,RCN11043,1209-PF-VN-IMPEQN-GENRE,Vietnam,Full,ElasticNet,1,1,0.9930506944656372,1
3800,RCN11045,1209-PF-VN-IMPEQN-GENRE,Vietnam,Full,ElasticNet,1,1,0.9931642413139343,1
3801,RCN11048,1209-PF-VN-IMPEQN-GENRE,Vietnam,Full,ElasticNet,1,1,0.9976153373718262,1
3802,RCN11049,1209-PF-VN-IMPEQN-GENRE,Vietnam,Full,ElasticNet,1,1,0.9749423861503601,1
3803,RCN11050,1209-PF-VN-IMPEQN-GENRE,Vietnam,Full,ElasticNet,1,1,0.9962115287780762,1
3804,RCN11054,1209-PF-VN-IMPEQN-GENRE,Vietnam,Full,ElasticNet,1,1,0.9982002973556519,1
3805,RCN11056,1209-PF-VN-IMPEQN-GENRE,Vietnam,Full,ElasticNet,1,1,0.9981831908226013,1
3806,RCN11058,1209-PF-VN-IMPEQN-GENRE,Vietnam,Full,ElasticNet,1,1,0.9981485605239868,1
3807,RCN11062,1209-PF-VN-IMPEQN-GENRE,Vietnam,Full,ElasticNet,1,1,0.9966287016868591,1
3808,RCN11063,1209-PF-VN-IMPEQN-GENRE,Vietnam,Full,ElasticNet,1,1,0.9984377026557922,1
3809,RCN11067,1209-PF-VN-IMPEQN-GENRE,Vietnam,Full,ElasticNet,1,1,0.9914721846580505,1
3810,RCN11070,1209-PF-VN-IMPEQN-GENRE,Vietnam,Full,ElasticNet,1,1,0.9956282377243042,1
3811,RCN11071,1209-PF-VN-IMPEQN-GENRE,Vietnam,Full,ElasticNet,1,1,0.9966835379600525,1
3812,RCN11072,1209-PF-VN-IMPEQN-GENRE,Vietnam,Full,ElasticNet,1,1,0.9576615691184998,1
3813,RCN11075,1209-PF-VN-IMPEQN-GENRE,Vietnam,Full,ElasticNet,1,1,0.9976133108139038,1
3814,RCN11077,1209-PF-VN-IMPEQN-GENRE,Vietnam,Full,ElasticNet,1,1,0.9897776246070862,1
3815,RCN11080,1209-PF-VN-IMPEQN-GENRE,Vietnam,Full,ElasticNet,1,1,0.9929763078689575,1
3816,RCN11081,1209-PF-VN-IMPEQN-GENRE,Vietnam,Full,ElasticNet,1,1,0.9975919723510742,1
3817,RCN11085,1209-PF-VN-IMPEQN-GENRE,Vietnam,Full,ElasticNet,1,1,0.9748309850692749,1
3818,RCN11086,1209-PF-VN-IMPEQN-GENRE,Vietnam,Full,ElasticNet,1,1,0.9936794638633728,1
3819,RCN11088,1209-PF-VN-IMPEQN-GENRE,Vietnam,Full,ElasticNet,1,0,0.5236759781837463,1
3820,RCN11089,1209-PF-VN-IMPEQN-GENRE,Vietnam,Full,ElasticNet,1,1,0.9451320171356201,1
3821,RCN11094,1209-PF-VN-IMPEQN-GENRE,Vietnam,Full,ElasticNet,1,1,0.9977871179580688,1
3822,RCN11096,1209-PF-VN-IMPEQN-GENRE,Vietnam,Full,ElasticNet,1,1,0.9977172613143921,1
3823,RCN11104,1209-PF-VN-IMPEQN-GENRE,Vietnam,Full,ElasticNet,1,1,0.998197615146637,1
3824,RCN11105,1209-PF-VN-IMPEQN-GENRE,Vietnam,Full,ElasticNet,1,1,0.9920221567153931,1
3825,RCN11106,1209-PF-VN-IMPEQN-GENRE,Vietnam,Full,ElasticNet,1,1,0.9960914254188538,1
3826,RCN11107,1209-PF-VN-IMPEQN-GENRE,Vietnam,Full,ElasticNet,1,1,0.9970711469650269,1
3827,RCN11108,1209-PF-VN-IMPEQN-GENRE,Vietnam,Full,ElasticNet,1,1,0.9975714087486267,1
3828,RCN11109,1209-PF-VN-IMPEQN-GENRE,Vietnam,Full,ElasticNet,1,1,0.19762934744358063,0
3829,RCN11110,1209-PF-VN-IMPEQN-GENRE,Vietnam,Full,ElasticNet,1,1,0.9975951313972473,1
3830,RCN11111,1209-PF-VN-IMPEQN-GENRE,Vietnam,Full,ElasticNet,1,1,0.9970390796661377,1
3831,RCN11112,1209-PF-VN-IMPEQN-GENRE,Vietnam,Full,ElasticNet,1,1,0.9746144413948059,1
3832,RCN11114,1209-PF-VN-IMPEQN-GENRE,Vietnam,Full,ElasticNet,1,1,0.9046474099159241,1
3833,RCN11115,1209-PF-VN-IMPEQN-GENRE,Vietnam,Full,ElasticNet,1,1,0.7857292294502258,1
3834,RCN11118,1209-PF-VN-IMPEQN-GENRE,Vietnam,Full,ElasticNet,1,0,0.757269024848938,1
3835,RCN11119,1209-PF-VN-IMPEQN-GENRE,Vietnam,Full,ElasticNet,1,1,0.999024510383606,1
3836,RCN11121,1209-PF-VN-IMPEQN-GENRE,Vietnam,Full,ElasticNet,1,1,0.9979743361473083,1
3837,RCN11122,1209-PF-VN-IMPEQN-GENRE,Vietnam,Full,ElasticNet,1,1,0.9984675049781799,1
3838,RCN11123,1209-PF-VN-IMPEQN-GENRE,Vietnam,Full,ElasticNet,1,0,0.6097064018249512,1
3839,RCN11124,1209-PF-VN-IMPEQN-GENRE,Vietnam,Full,ElasticNet,1,1,0.9976049661636353,1
3840,RCN11125,1209-PF-VN-IMPEQN-GENRE,Vietnam,Full,ElasticNet,1,1,0.9932103753089905,1
3841,RCN11126,1209-PF-VN-IMPEQN-GENRE,Vietnam,Full,ElasticNet,1,1,0.9982245564460754,1
3842,RCN11127,1209-PF-VN-IMPEQN-GENRE,Vietnam,Full,ElasticNet,1,1,0.9805877804756165,1
3843,RCN11128,1209-PF-VN-IMPEQN-GENRE,Vietnam,Full,ElasticNet,1,1,0.9984440207481384,1
3844,RCN11129,1209-PF-VN-IMPEQN-GENRE,Vietnam,Full,ElasticNet,1,1,0.9902743697166443,1
3845,RCN11131,1209-PF-VN-IMPEQN-GENRE,Vietnam,Full,ElasticNet,1,1,0.9979496598243713,1
3846,RCN11133,1209-PF-VN-IMPEQN-GENRE,Vietnam,Full,ElasticNet,1,1,0.9976195693016052,1
3847,RCN11134,1209-PF-VN-IMPEQN-GENRE,Vietnam,Full,ElasticNet,1,1,0.9590991139411926,1
3848,RCN11135,1209-PF-VN-IMPEQN-GENRE,Vietnam,Full,ElasticNet,1,1,0.9976096153259277,1
3849,RCN11136,1209-PF-VN-IMPEQN-GENRE,Vietnam,Full,ElasticNet,1,1,0.9976188540458679,1
3850,RCN11137,1209-PF-VN-IMPEQN-GENRE,Vietnam,Full,ElasticNet,1,1,0.9975976347923279,1
3851,RCN11138,1209-PF-VN-IMPEQN-GENRE,Vietnam,Full,ElasticNet,1,1,0.966188371181488,1
3852,RCN11139,1209-PF-VN-IMPEQN-GENRE,Vietnam,Full,ElasticNet,1,1,0.9979730248451233,1
3853,RCN11141,1209-PF-VN-IMPEQN-GENRE,Vietnam,Full,ElasticNet,1,1,0.9949589967727661,1
3854,RCN11143,1209-PF-VN-IMPEQN-GENRE,Vietnam,Full,ElasticNet,1,1,0.9971771240234375,1
3855,RCN11144,1209-PF-VN-IMPEQN-GENRE,Vietnam,Full,ElasticNet,1,1,0.9984502792358398,1
3856,RCN11145,1209-PF-VN-IMPEQN-GENRE,Vietnam,Full,ElasticNet,1,1,0.4387491047382355,0
3857,RCN11146,1209-PF-VN-IMPEQN-GENRE,Vietnam,Full,ElasticNet,1,1,0.9929117560386658,1
3858,RCN11147,1209-PF-VN-IMPEQN-GENRE,Vietnam,Full,ElasticNet,1,1,0.9931656718254089,1
3859,RCN11150,1209-PF-VN-IMPEQN-GENRE,Vietnam,Full,ElasticNet,1,1,0.9980024695396423,1
3860,RCN11151,1209-PF-VN-IMPEQN-GENRE,Vietnam,Full,ElasticNet,1,1,0.997588038444519,1
3861,RCN11152,1209-PF-VN-IMPEQN-GENRE,Vietnam,Full,ElasticNet,1,1,0.9975959658622742,1
3862,RCN11153,1209-PF-VN-IMPEQN-GENRE,Vietnam,Full,ElasticNet,1,1,0.9976164102554321,1
3863,RCN11154,1209-PF-VN-IMPEQN-GENRE,Vietnam,Full,ElasticNet,1,1,0.9979333877563477,1
3864,RCN11155,1209-PF-VN-IMPEQN-GENRE,Vietnam,Full,ElasticNet,1,1,0.9975951313972473,1
3865,RCN11156,1209-PF-VN-IMPEQN-GENRE,Vietnam,Full,ElasticNet,1,1,0.977044939994812,1
3866,RCN11158,1209-PF-VN-IMPEQN-GENRE,Vietnam,Full,ElasticNet,1,1,0.9979648590087891,1
3867,RCN11159,1209-PF-VN-IMPEQN-GENRE,Vietnam,Full,ElasticNet,1,1,0.9965280890464783,1
3868,RCN11160,1209-PF-VN-IMPEQN-GENRE,Vietnam,Full,ElasticNet,1,1,0.9979557991027832,1
3869,RCN11161,1209-PF-VN-IMPEQN-GENRE,Vietnam,Full,ElasticNet,1,1,0.9979726672172546,1
3870,RCN11162,1209-PF-VN-IMPEQN-GENRE,Vietnam,Full,ElasticNet,1,1,0.9979986548423767,1
3871,RCN11163,1209-PF-VN-IMPEQN-GENRE,Vietnam,Full,ElasticNet,1,1,0.9524826407432556,1
3872,RCN11164,1209-PF-VN-IMPEQN-GENRE,Vietnam,Full,ElasticNet,1,1,0.9975908994674683,1
3873,RCN11165,1209-PF-VN-IMPEQN-GENRE,Vietnam,Full,ElasticNet,1,1,0.997979462146759,1
3874,RCN11166,1209-PF-VN-IMPEQN-GENRE,Vietnam,Full,ElasticNet,1,1,0.9976125955581665,1
3875,RCN11167,1209-PF-VN-IMPEQN-GENRE,Vietnam,Full,ElasticNet,1,1,0.9979616403579712,1
3876,RCN11168,1209-PF-VN-IMPEQN-GENRE,Vietnam,Full,ElasticNet,1,1,0.9930368065834045,1
3877,RCN11169,1209-PF-VN-IMPEQN-GENRE,Vietnam,Full,ElasticNet,1,1,0.9975733160972595,1
3878,RCN11170,1209-PF-VN-IMPEQN-GENRE,Vietnam,Full,ElasticNet,1,1,0.9866107106208801,1
3879,RCN11171,1209-PF-VN-IMPEQN-GENRE,Vietnam,Full,ElasticNet,1,1,0.9897938966751099,1
3880,RCN11172,1209-PF-VN-IMPEQN-GENRE,Vietnam,Full,ElasticNet,1,1,0.9979614019393921,1
3881,RCN11173,1209-PF-VN-IMPEQN-GENRE,Vietnam,Full,ElasticNet,1,1,0.9981644749641418,1
3882,RCN11175,1209-PF-VN-IMPEQN-GENRE,Vietnam,Full,ElasticNet,1,1,0.9947964549064636,1
3883,RCN11176,1209-PF-VN-IMPEQN-GENRE,Vietnam,Full,ElasticNet,1,1,0.9989724159240723,1
3884,RCN11177,1209-PF-VN-IMPEQN-GENRE,Vietnam,Full,ElasticNet,1,1,0.9772711396217346,1
3885,RCN11178,1209-PF-VN-IMPEQN-GENRE,Vietnam,Full,ElasticNet,1,1,0.993217408657074,1
3886,RCN11179,1209-PF-VN-IMPEQN-GENRE,Vietnam,Full,ElasticNet,1,1,0.9938602447509766,1
3887,RCN11181,1209-PF-VN-IMPEQN-GENRE,Vietnam,Full,ElasticNet,1,1,0.9979554414749146,1
3888,RCN11182,1209-PF-VN-IMPEQN-GENRE,Vietnam,Full,ElasticNet,1,1,0.9981321692466736,1
3889,RCN11183,1209-PF-VN-IMPEQN-GENRE,Vietnam,Full,ElasticNet,1,1,0.9896154403686523,1
3890,RCN11184,1209-PF-VN-IMPEQN-GENRE,Vietnam,Full,ElasticNet,1,1,0.9895502924919128,1
3891,RCN11185,1209-PF-VN-IMPEQN-GENRE,Vietnam,Full,ElasticNet,1,1,0.9896053075790405,1
3892,RCN11186,1209-PF-VN-IMPEQN-GENRE,Vietnam,Full,ElasticNet,1,1,0.9896219968795776,1
3893,RCN11187,1209-PF-VN-IMPEQN-GENRE,Vietnam,Full,ElasticNet,1,1,0.9897749423980713,1
3894,RCN11189,1209-PF-VN-IMPEQN-GENRE,Vietnam,Full,ElasticNet,1,1,0.956561803817749,1
3895,RCN11190,1209-PF-VN-IMPEQN-GENRE,Vietnam,Full,ElasticNet,1,1,0.9943128824234009,1
3896,RCN11191,1209-PF-VN-IMPEQN-GENRE,Vietnam,Full,ElasticNet,1,0,0.2900116443634033,0
3897,RCN11192,1209-PF-VN-IMPEQN-GENRE,Vietnam,Full,ElasticNet,1,1,0.9920544624328613,1
3898,RCN11193,1209-PF-VN-IMPEQN-GENRE,Vietnam,Full,ElasticNet,1,0,0.5203025937080383,1
3899,RCN11194,1209-PF-VN-IMPEQN-GENRE,Vietnam,Full,ElasticNet,1,1,0.7567419409751892,1
3900,RCN11195,1209-PF-VN-IMPEQN-GENRE,Vietnam,Full,ElasticNet,1,1,0.03959071636199951,0
3901,RCN11196,1209-PF-VN-IMPEQN-GENRE,Vietnam,Full,ElasticNet,1,1,0.03958308696746826,0
3902,RCN11197,1209-PF-VN-IMPEQN-GENRE,Vietnam,Full,ElasticNet,1,0,0.07582420855760574,0
3903,RCN11208,1209-PF-VN-IMPEQN-GENRE,Vietnam,Full,ElasticNet,1,0,0.22799988090991974,0
3904,RCN11217,1209-PF-VN-IMPEQN-GENRE,Vietnam,Full,ElasticNet,1,0,0.22791412472724915,0
3905,RCN11221,1209-PF-VN-IMPEQN-GENRE,Vietnam,Full,ElasticNet,1,0,0.3301084339618683,0
3906,RCN11222,1209-PF-VN-IMPEQN-GENRE,Vietnam,Full,ElasticNet,1,1,0.9931915402412415,1
3907,RCN11223,1209-PF-VN-IMPEQN-GENRE,Vietnam,Full,ElasticNet,1,1,0.9979822635650635,1
3908,RCN11224,1209-PF-VN-IMPEQN-GENRE,Vietnam,Full,ElasticNet,1,1,0.9979676604270935,1
3909,RCN11225,1209-PF-VN-IMPEQN-GENRE,Vietnam,Full,ElasticNet,1,1,0.9979822635650635,1
3910,RCN11228,1209-PF-VN-IMPEQN-GENRE,Vietnam,Full,ElasticNet,1,1,0.9976406097412109,1
3911,RCN11229,1209-PF-VN-IMPEQN-GENRE,Vietnam,Full,ElasticNet,1,1,0.9786544442176819,1
3912,RCN11230,1209-PF-VN-IMPEQN-GENRE,Vietnam,Full,ElasticNet,1,1,0.9508888125419617,1
3913,RCN11231,1209-PF-VN-IMPEQN-GENRE,Vietnam,Full,ElasticNet,1,1,0.9925740957260132,1
3914,RCN11232,1209-PF-VN-IMPEQN-GENRE,Vietnam,Full,ElasticNet,1,1,0.9984238147735596,1
3915,RCN11233,1209-PF-VN-IMPEQN-GENRE,Vietnam,Full,ElasticNet,1,1,0.9984294772148132,1
3916,RCN11234,1209-PF-VN-IMPEQN-GENRE,Vietnam,Full,ElasticNet,1,1,0.9984425902366638,1
3917,RCN11235,1209-PF-VN-IMPEQN-GENRE,Vietnam,Full,ElasticNet,1,0,0.8925858736038208,1
3918,RCN11236,1209-PF-VN-IMPEQN-GENRE,Vietnam,Full,ElasticNet,1,0,0.005495335441082716,0
3919,RCN11237,1209-PF-VN-IMPEQN-GENRE,Vietnam,Full,ElasticNet,1,0,0.006689105182886124,0
3920,RCN11238,1209-PF-VN-IMPEQN-GENRE,Vietnam,Full,ElasticNet,1,0,0.006698102690279484,0
3921,RCN11239,1209-PF-VN-IMPEQN-GENRE,Vietnam,Full,ElasticNet,1,0,0.006686273030936718,0
3922,RCN11240,1209-PF-VN-IMPEQN-GENRE,Vietnam,Full,ElasticNet,1,0,0.8949411511421204,1
3923,RCN11241,1209-PF-VN-IMPEQN-GENRE,Vietnam,Full,ElasticNet,1,0,0.8933849930763245,1
3924,RCN11242,1209-PF-VN-IMPEQN-GENRE,Vietnam,Full,ElasticNet,1,0,0.8359590768814087,1
3925,RCN11243,1209-PF-VN-IMPEQN-GENRE,Vietnam,Full,ElasticNet,1,0,0.8815274238586426,1
3926,RCN11244,1209-PF-VN-IMPEQN-GENRE,Vietnam,Full,ElasticNet,1,0,0.9032118320465088,1
3927,RCN11245,1209-PF-VN-IMPEQN-GENRE,Vietnam,Full,ElasticNet,1,0,0.006678256206214428,0
3928,RCN11246,1209-PF-VN-IMPEQN-GENRE,Vietnam,Full,ElasticNet,1,1,0.9896844625473022,1
3929,RCN11247,1209-PF-VN-IMPEQN-GENRE,Vietnam,Full,ElasticNet,1,0,0.0067461528815329075,0
3930,RCN11248,1209-PF-VN-IMPEQN-GENRE,Vietnam,Full,ElasticNet,1,0,0.8788354992866516,1
3931,RCN11249,1209-PF-VN-IMPEQN-GENRE,Vietnam,Full,ElasticNet,1,0,0.9322333931922913,1
3932,RCN11250,1209-PF-VN-IMPEQN-GENRE,Vietnam,Full,ElasticNet,1,0,0.006604703143239021,0
3933,RCN11251,1209-PF-VN-IMPEQN-GENRE,Vietnam,Full,ElasticNet,1,0,0.9017669558525085,1
3934,RCN11252,1209-PF-VN-IMPEQN-GENRE,Vietnam,Full,ElasticNet,1,0,0.01581418327987194,0
3935,RCN11253,1209-PF-VN-IMPEQN-GENRE,Vietnam,Full,ElasticNet,1,0,0.9352715015411377,1
3936,RCN11254,1209-PF-VN-IMPEQN-GENRE,Vietnam,Full,ElasticNet,1,0,0.008736943826079369,0
3937,RCN11255,1209-PF-VN-IMPEQN-GENRE,Vietnam,Full,ElasticNet,1,1,0.9981550574302673,1
3938,RCN11256,1209-PF-VN-IMPEQN-GENRE,Vietnam,Full,ElasticNet,1,1,0.9981562495231628,1
3939,RCN11257,1209-PF-VN-IMPEQN-GENRE,Vietnam,Full,ElasticNet,1,1,0.9781280159950256,1
3940,RCN11258,1209-PF-VN-IMPEQN-GENRE,Vietnam,Full,ElasticNet,1,1,0.9981464147567749,1
3941,RCN11259,1209-PF-VN-IMPEQN-GENRE,Vietnam,Full,ElasticNet,1,1,0.980410635471344,1
3942,RCN11260,1209-PF-VN-IMPEQN-GENRE,Vietnam,Full,ElasticNet,1,1,0.9947829842567444,1
3943,RCN11261,1209-PF-VN-IMPEQN-GENRE,Vietnam,Full,ElasticNet,1,1,0.9981309771537781,1
3944,RCN11262,1209-PF-VN-IMPEQN-GENRE,Vietnam,Full,ElasticNet,1,1,0.9774333834648132,1
3945,RCN11265,1209-PF-VN-IMPEQN-GENRE,Vietnam,Full,ElasticNet,1,1,0.8580087423324585,1
3946,RCN11266,1209-PF-VN-IMPEQN-GENRE,Vietnam,Full,ElasticNet,1,1,0.9981865286827087,1
3947,RCN11267,1209-PF-VN-IMPEQN-GENRE,Vietnam,Full,ElasticNet,1,1,0.9965304732322693,1
3948,RCN11268,1209-PF-VN-IMPEQN-GENRE,Vietnam,Full,ElasticNet,1,1,0.9967617988586426,1
3949,RCN11269,1209-PF-VN-IMPEQN-GENRE,Vietnam,Full,ElasticNet,1,1,0.9981616139411926,1
3950,RCN11270,1209-PF-VN-IMPEQN-GENRE,Vietnam,Full,ElasticNet,1,1,0.9883227944374084,1
3951,RCN11271,1209-PF-VN-IMPEQN-GENRE,Vietnam,Full,ElasticNet,1,1,0.9987201690673828,1
3952,RCN11273,1209-PF-VN-IMPEQN-GENRE,Vietnam,Full,ElasticNet,1,1,0.993693470954895,1
3953,RCN11274,1209-PF-VN-IMPEQN-GENRE,Vietnam,Full,ElasticNet,1,1,0.9934200644493103,1
3954,RCN11275,1209-PF-VN-IMPEQN-GENRE,Vietnam,Full,ElasticNet,1,1,0.9963617920875549,1
3955,RCN11276,1209-PF-VN-IMPEQN-GENRE,Vietnam,Full,ElasticNet,1,1,0.8680868744850159,1
3956,RCN11277,1209-PF-VN-IMPEQN-GENRE,Vietnam,Full,ElasticNet,1,1,0.8503022789955139,1
3957,RCN11278,1209-PF-VN-IMPEQN-GENRE,Vietnam,Full,ElasticNet,1,1,0.9981788396835327,1
3958,RCN11282,1209-PF-VN-IMPEQN-GENRE,Vietnam,Full,ElasticNet,1,0,0.5654301643371582,1
3959,RCN11283,1209-PF-VN-IMPEQN-GENRE,Vietnam,Full,ElasticNet,1,1,0.9964828491210938,1
3960,RCN11284,1209-PF-VN-IMPEQN-GENRE,Vietnam,Full,ElasticNet,1,1,0.9404335618019104,1
3961,RCN11285,1209-PF-VN-IMPEQN-GENRE,Vietnam,Full,ElasticNet,1,1,0.9936410784721375,1
3962,RCN11286,1209-PF-VN-IMPEQN-GENRE,Vietnam,Full,ElasticNet,1,1,0.9701787829399109,1
3963,RCN11287,1209-PF-VN-IMPEQN-GENRE,Vietnam,Full,ElasticNet,1,1,0.9948023557662964,1
3964,RCN11288,1209-PF-VN-IMPEQN-GENRE,Vietnam,Full,ElasticNet,1,1,0.990603506565094,1
3965,RCN11289,1209-PF-VN-IMPEQN-GENRE,Vietnam,Full,ElasticNet,1,1,0.9982140064239502,1
3966,RCN11290,1209-PF-VN-IMPEQN-GENRE,Vietnam,Full,ElasticNet,1,1,0.852950930595398,1
3967,RCN11292,1209-PF-VN-IMPEQN-GENRE,Vietnam,Full,ElasticNet,1,1,0.9947801828384399,1
3968,RCN11293,1209-PF-VN-IMPEQN-GENRE,Vietnam,Full,ElasticNet,1,1,0.9947441816329956,1
3969,RCN11294,1209-PF-VN-IMPEQN-GENRE,Vietnam,Full,ElasticNet,1,1,0.9444108009338379,1
3970,RCN11295,1209-PF-VN-IMPEQN-GENRE,Vietnam,Full,ElasticNet,1,1,0.9981294274330139,1
3971,RCN11298,1209-PF-VN-IMPEQN-GENRE,Vietnam,Full,ElasticNet,1,1,0.9989822506904602,1
3972,RCN11299,1209-PF-VN-IMPEQN-GENRE,Vietnam,Full,ElasticNet,1,1,0.9947734475135803,1
3973,RCN11300,1209-PF-VN-IMPEQN-GENRE,Vietnam,Full,ElasticNet,1,1,0.9976060390472412,1
3974,RCN11301,1209-PF-VN-IMPEQN-GENRE,Vietnam,Full,ElasticNet,1,1,0.9975663423538208,1
3975,RCN11302,1209-PF-VN-IMPEQN-GENRE,Vietnam,Full,ElasticNet,1,1,0.9976332187652588,1
3976,RCN11303,1209-PF-VN-IMPEQN-GENRE,Vietnam,Full,ElasticNet,1,1,0.9963679313659668,1
3977,RCN11304,1209-PF-VN-IMPEQN-GENRE,Vietnam,Full,ElasticNet,1,0,0.6870962381362915,1
3978,RCN11305,1209-PF-VN-IMPEQN-GENRE,Vietnam,Full,ElasticNet,1,1,0.996243953704834,1
3979,RCN11306,1209-PF-VN-IMPEQN-GENRE,Vietnam,Full,ElasticNet,1,1,0.9984380602836609,1
3980,RCN11307,1209-PF-VN-IMPEQN-GENRE,Vietnam,Full,ElasticNet,1,1,0.9981458187103271,1
3981,RCN11308,1209-PF-VN-IMPEQN-GENRE,Vietnam,Full,ElasticNet,1,1,0.9981493949890137,1
3982,RCN11309,1209-PF-VN-IMPEQN-GENRE,Vietnam,Full,ElasticNet,1,1,0.9981729984283447,1
3983,RCN11310,1209-PF-VN-IMPEQN-GENRE,Vietnam,Full,ElasticNet,1,0,0.008676301687955856,0
3984,RCN11312,1209-PF-VN-IMPEQN-GENRE,Vietnam,Full,ElasticNet,1,1,0.9984190464019775,1
3985,RCN11313,1209-PF-VN-IMPEQN-GENRE,Vietnam,Full,ElasticNet,1,1,0.9984461665153503,1
3986,RCN11314,1209-PF-VN-IMPEQN-GENRE,Vietnam,Full,ElasticNet,1,1,0.9984312653541565,1
3987,RCN11315,1209-PF-VN-IMPEQN-GENRE,Vietnam,Full,ElasticNet,1,1,0.960859477519989,1
3988,RCN11316,1209-PF-VN-IMPEQN-GENRE,Vietnam,Full,ElasticNet,1,1,0.9668252468109131,1
3989,RCN11317,1209-PF-VN-IMPEQN-GENRE,Vietnam,Full,ElasticNet,1,1,0.9968564510345459,1
3990,RCN11318,1209-PF-VN-IMPEQN-GENRE,Vietnam,Full,ElasticNet,1,1,0.9981390237808228,1
3991,RCN11319,1209-PF-VN-IMPEQN-GENRE,Vietnam,Full,ElasticNet,1,1,0.9014326930046082,1
3992,RCN11320,1209-PF-VN-IMPEQN-GENRE,Vietnam,Full,ElasticNet,1,1,0.9981777667999268,1
3993,RCN11321,1209-PF-VN-IMPEQN-GENRE,Vietnam,Full,ElasticNet,1,1,0.9563503265380859,1
3994,RCN11322,1209-PF-VN-IMPEQN-GENRE,Vietnam,Full,ElasticNet,1,1,0.9668506383895874,1
3995,RCN11324,1209-PF-VN-IMPEQN-GENRE,Vietnam,Full,ElasticNet,1,1,0.9947574138641357,1
3996,RCN11325,1209-PF-VN-IMPEQN-GENRE,Vietnam,Full,ElasticNet,1,1,0.9947762489318848,1
3997,RCN11326,1209-PF-VN-IMPEQN-GENRE,Vietnam,Full,ElasticNet,1,1,0.9977728724479675,1
3998,RCN11327,1209-PF-VN-IMPEQN-GENRE,Vietnam,Full,ElasticNet,1,1,0.44677338004112244,0
3999,RCN11328,1209-PF-VN-IMPEQN-GENRE,Vietnam,Full,ElasticNet,1,1,0.9981611371040344,1
4000,RCN11331,1209-PF-VN-IMPEQN-GENRE,Vietnam,Full,ElasticNet,1,1,0.9939810633659363,1
4001,RCN11332,1209-PF-VN-IMPEQN-GENRE,Vietnam,Full,ElasticNet,1,1,0.998446524143219,1
4002,RCN11334,1209-PF-VN-IMPEQN-GENRE,Vietnam,Full,ElasticNet,1,1,0.9931830763816833,1
4003,RCN11335,1209-PF-VN-IMPEQN-GENRE,Vietnam,Full,ElasticNet,1,1,0.9981720447540283,1
4004,RCN11336,1209-PF-VN-IMPEQN-GENRE,Vietnam,Full,ElasticNet,1,1,0.9988131523132324,1
4005,RCN11337,1209-PF-VN-IMPEQN-GENRE,Vietnam,Full,ElasticNet,1,1,0.9807564616203308,1
4006,RCN11339,1209-PF-VN-IMPEQN-GENRE,Vietnam,Full,ElasticNet,1,1,0.9981516003608704,1
4007,RCN11341,1209-PF-VN-IMPEQN-GENRE,Vietnam,Full,ElasticNet,1,1,0.9807509183883667,1
4453,RCN12025,1209-PF-VN-IMPEQN-GENRE,Vietnam,Full,ElasticNet,1,1,0.9981028437614441,1
4454,RCN12026,1209-PF-VN-IMPEQN-GENRE,Vietnam,Full,ElasticNet,1,1,0.9981856942176819,1
4455,RCN12027,1209-PF-VN-IMPEQN-GENRE,Vietnam,Full,ElasticNet,1,1,0.9984608888626099,1
4456,RCN12028,1209-PF-VN-IMPEQN-GENRE,Vietnam,Full,ElasticNet,1,1,0.9981926083564758,1
4457,RCN12031,1209-PF-VN-IMPEQN-GENRE,Vietnam,Full,ElasticNet,1,1,0.9976320266723633,1
4458,RCN12032,1209-PF-VN-IMPEQN-GENRE,Vietnam,Full,ElasticNet,1,1,0.953194260597229,1
4459,RCN12033,1209-PF-VN-IMPEQN-GENRE,Vietnam,Full,ElasticNet,1,1,0.9971837401390076,1
4460,RCN12034,1209-PF-VN-IMPEQN-GENRE,Vietnam,Full,ElasticNet,1,1,0.998166561126709,1
4461,RCN12035,1209-PF-VN-IMPEQN-GENRE,Vietnam,Full,ElasticNet,1,1,0.9981610178947449,1
4462,RCN12036,1209-PF-VN-IMPEQN-GENRE,Vietnam,Full,ElasticNet,1,1,0.9984555244445801,1
4463,RCN12040,1209-PF-VN-IMPEQN-GENRE,Vietnam,Full,ElasticNet,1,1,0.9984513521194458,1
4464,RCN12041,1209-PF-VN-IMPEQN-GENRE,Vietnam,Full,ElasticNet,1,1,0.9947825074195862,1
4465,RCN12042,1209-PF-VN-IMPEQN-GENRE,Vietnam,Full,ElasticNet,1,1,0.9977542757987976,1
4466,RCN12043,1209-PF-VN-IMPEQN-GENRE,Vietnam,Full,ElasticNet,1,1,0.9896760582923889,1
4467,RCN12044,1209-PF-VN-IMPEQN-GENRE,Vietnam,Full,ElasticNet,1,1,0.9920365214347839,1
4468,RCN12048,1209-PF-VN-IMPEQN-GENRE,Vietnam,Full,ElasticNet,1,0,0.8101314306259155,1
4469,RCN12050,1209-PF-VN-IMPEQN-GENRE,Vietnam,Full,ElasticNet,1,0,0.49708372354507446,0
4470,RCN12051,1209-PF-VN-IMPEQN-GENRE,Vietnam,Full,ElasticNet,1,0,0.7678101062774658,1
4471,RCN12052,1209-PF-VN-IMPEQN-GENRE,Vietnam,Full,ElasticNet,1,0,0.6759642362594604,1
4472,RCN12057,1209-PF-VN-IMPEQN-GENRE,Vietnam,Full,ElasticNet,1,1,0.9804387092590332,1
4473,RCN12058,1209-PF-VN-IMPEQN-GENRE,Vietnam,Full,ElasticNet,1,1,0.9981582760810852,1
4474,RCN12059,1209-PF-VN-IMPEQN-GENRE,Vietnam,Full,ElasticNet,1,1,0.9984422326087952,1
4475,RCN12060,1209-PF-VN-IMPEQN-GENRE,Vietnam,Full,ElasticNet,1,0,0.008683494292199612,0
4476,RCN12063,1209-PF-VN-IMPEQN-GENRE,Vietnam,Full,ElasticNet,1,0,0.008720781654119492,0
4477,RCN12064,1209-PF-VN-IMPEQN-GENRE,Vietnam,Full,ElasticNet,1,1,0.9931780099868774,1
4478,RCN12066,1209-PF-VN-IMPEQN-GENRE,Vietnam,Full,ElasticNet,1,0,0.4037621021270752,0
4479,RCN12068,1209-PF-VN-IMPEQN-GENRE,Vietnam,Full,ElasticNet,1,1,0.9893642663955688,1
4480,RCN12070,1209-PF-VN-IMPEQN-GENRE,Vietnam,Full,ElasticNet,1,0,0.45459771156311035,0
4481,RCN12071,1209-PF-VN-IMPEQN-GENRE,Vietnam,Full,ElasticNet,1,1,0.9981643557548523,1
4482,RCN12072,1209-PF-VN-IMPEQN-GENRE,Vietnam,Full,ElasticNet,1,1,0.9946423768997192,1
4483,RCN12074,1209-PF-VN-IMPEQN-GENRE,Vietnam,Full,ElasticNet,1,1,0.9919525980949402,1
4484,RCN12075,1209-PF-VN-IMPEQN-GENRE,Vietnam,Full,ElasticNet,1,0,0.9179434776306152,1
4485,RCN12076,1209-PF-VN-IMPEQN-GENRE,Vietnam,Full,ElasticNet,1,0,0.0066236830316483974,0
4486,RCN12077,1209-PF-VN-IMPEQN-GENRE,Vietnam,Full,ElasticNet,1,0,0.8943821787834167,1
4487,RCN12079,1209-PF-VN-IMPEQN-GENRE,Vietnam,Full,ElasticNet,1,0,0.9171766042709351,1
4488,RCN12080,1209-PF-VN-IMPEQN-GENRE,Vietnam,Full,ElasticNet,1,0,0.9359837174415588,1
4489,RCN12081,1209-PF-VN-IMPEQN-GENRE,Vietnam,Full,ElasticNet,1,0,0.0071422141045331955,0
4490,RCN12082,1209-PF-VN-IMPEQN-GENRE,Vietnam,Full,ElasticNet,1,0,0.008666574954986572,0
4491,RCN12083,1209-PF-VN-IMPEQN-GENRE,Vietnam,Full,ElasticNet,1,1,0.9948132038116455,1
4492,RCN12084,1209-PF-VN-IMPEQN-GENRE,Vietnam,Full,ElasticNet,1,1,0.9931975603103638,1
4493,RCN12087,1209-PF-VN-IMPEQN-GENRE,Vietnam,Full,ElasticNet,1,1,0.9992824196815491,1
4494,RCN12088,1209-PF-VN-IMPEQN-GENRE,Vietnam,Full,ElasticNet,1,1,0.9991403818130493,1
4495,RCN12091,1209-PF-VN-IMPEQN-GENRE,Vietnam,Full,ElasticNet,1,1,0.9981316924095154,1
4496,RCN12096,1209-PF-VN-IMPEQN-GENRE,Vietnam,Full,ElasticNet,1,1,0.9985601305961609,1
4497,RCN12100,1209-PF-VN-IMPEQN-GENRE,Vietnam,Full,ElasticNet,1,1,0.9984443783760071,1
4498,RCN12103,1209-PF-VN-IMPEQN-GENRE,Vietnam,Full,ElasticNet,1,1,0.9815530776977539,1
4499,RCN12106,1209-PF-VN-IMPEQN-GENRE,Vietnam,Full,ElasticNet,1,1,0.9981269240379333,1
4500,RCN12107,1209-PF-VN-IMPEQN-GENRE,Vietnam,Full,ElasticNet,1,1,0.9886054396629333,1
4501,RCN12111,1209-PF-VN-IMPEQN-GENRE,Vietnam,Full,ElasticNet,1,1,0.998171329498291,1
4502,RCN12112,1209-PF-VN-IMPEQN-GENRE,Vietnam,Full,ElasticNet,1,1,0.9857902526855469,1
4503,RCN12113,1209-PF-VN-IMPEQN-GENRE,Vietnam,Full,ElasticNet,1,1,0.9523928761482239,1
4504,RCN12115,1209-PF-VN-IMPEQN-GENRE,Vietnam,Full,ElasticNet,1,1,0.9948169589042664,1
4505,RCN12116,1209-PF-VN-IMPEQN-GENRE,Vietnam,Full,ElasticNet,1,1,0.99843829870224,1
4643,RCN12676,1209-PF-VN-IMPEQN-GENRE,Vietnam,Full,ElasticNet,1,1,0.9984481334686279,1
4644,RCN12680,1209-PF-VN-IMPEQN-GENRE,Vietnam,Full,ElasticNet,1,1,0.9996365308761597,1
4645,RCN12681,1209-PF-VN-IMPEQN-GENRE,Vietnam,Full,ElasticNet,1,1,0.9974357485771179,1
4646,RCN12685,1209-PF-VN-IMPEQN-GENRE,Vietnam,Full,ElasticNet,1,0,0.7543064951896667,1
4647,RCN12688,1209-PF-VN-IMPEQN-GENRE,Vietnam,Full,ElasticNet,1,0,0.5200093388557434,1
4648,RCN12689,1209-PF-VN-IMPEQN-GENRE,Vietnam,Full,ElasticNet,1,0,0.5211382508277893,1
4649,RCN12693,1209-PF-VN-IMPEQN-GENRE,Vietnam,Full,ElasticNet,1,0,0.519694983959198,1
4650,RCN12694,1209-PF-VN-IMPEQN-GENRE,Vietnam,Full,ElasticNet,1,0,0.5214056968688965,1
4651,RCN12696,1209-PF-VN-IMPEQN-GENRE,Vietnam,Full,ElasticNet,1,0,0.5203239321708679,1
4652,RCN12698,1209-PF-VN-IMPEQN-GENRE,Vietnam,Full,ElasticNet,1,0,0.5211160182952881,1
4653,RCN12700,1209-PF-VN-IMPEQN-GENRE,Vietnam,Full,ElasticNet,1,0,0.5224915146827698,1
4654,RCN12704,1209-PF-VN-IMPEQN-GENRE,Vietnam,Full,ElasticNet,1,0,0.5201272964477539,1
4655,RCN12708,1209-PF-VN-IMPEQN-GENRE,Vietnam,Full,ElasticNet,1,0,0.4715842306613922,0
4656,RCN12710,1209-PF-VN-IMPEQN-GENRE,Vietnam,Full,ElasticNet,1,1,0.6069711446762085,1
4657,RCN12712,1209-PF-VN-IMPEQN-GENRE,Vietnam,Full,ElasticNet,1,1,0.9981667995452881,1
4658,RCN12713,1209-PF-VN-IMPEQN-GENRE,Vietnam,Full,ElasticNet,1,1,0.9963472485542297,1
4659,RCN12716,1209-PF-VN-IMPEQN-GENRE,Vietnam,Full,ElasticNet,1,1,0.9921677708625793,1
4660,RCN12720,1209-PF-VN-IMPEQN-GENRE,Vietnam,Full,ElasticNet,1,1,0.9981845021247864,1
4661,RCN12722,1209-PF-VN-IMPEQN-GENRE,Vietnam,Full,ElasticNet,1,1,0.9984240531921387,1
4662,RCN12724,1209-PF-VN-IMPEQN-GENRE,Vietnam,Full,ElasticNet,1,1,0.9981542229652405,1
4663,RCN12725,1209-PF-VN-IMPEQN-GENRE,Vietnam,Full,ElasticNet,1,1,0.9968168139457703,1
4664,RCN12726,1209-PF-VN-IMPEQN-GENRE,Vietnam,Full,ElasticNet,1,1,0.9981557726860046,1
4665,RCN12729,1209-PF-VN-IMPEQN-GENRE,Vietnam,Full,ElasticNet,1,1,0.6158155798912048,1
4666,RCN12732,1209-PF-VN-IMPEQN-GENRE,Vietnam,Full,ElasticNet,1,1,0.9984492063522339,1
4667,RCN12733,1209-PF-VN-IMPEQN-GENRE,Vietnam,Full,ElasticNet,1,1,0.9984501600265503,1
4668,RCN12734,1209-PF-VN-IMPEQN-GENRE,Vietnam,Full,ElasticNet,1,1,0.9984423518180847,1
4669,RCN12736,1209-PF-VN-IMPEQN-GENRE,Vietnam,Full,ElasticNet,1,1,0.9981626868247986,1
4670,RCN12737,1209-PF-VN-IMPEQN-GENRE,Vietnam,Full,ElasticNet,1,1,0.9981099367141724,1
4671,RCN12738,1209-PF-VN-IMPEQN-GENRE,Vietnam,Full,ElasticNet,1,1,0.9981166124343872,1
4672,RCN12740,1209-PF-VN-IMPEQN-GENRE,Vietnam,Full,ElasticNet,1,1,0.9984309077262878,1
4673,RCN12741,1209-PF-VN-IMPEQN-GENRE,Vietnam,Full,ElasticNet,1,1,0.998439371585846,1
4674,RCN12742,1209-PF-VN-IMPEQN-GENRE,Vietnam,Full,ElasticNet,1,1,0.9984356760978699,1
4675,RCN12744,1209-PF-VN-IMPEQN-GENRE,Vietnam,Full,ElasticNet,1,1,0.9984405636787415,1
4676,RCN12745,1209-PF-VN-IMPEQN-GENRE,Vietnam,Full,ElasticNet,1,1,0.9984309077262878,1
4677,RCN12746,1209-PF-VN-IMPEQN-GENRE,Vietnam,Full,ElasticNet,1,1,0.9984242916107178,1
4678,RCN12749,1209-PF-VN-IMPEQN-GENRE,Vietnam,Full,ElasticNet,1,1,0.9947718977928162,1
4679,RCN12750,1209-PF-VN-IMPEQN-GENRE,Vietnam,Full,ElasticNet,1,0,0.5201914310455322,1
4680,RCN12751,1209-PF-VN-IMPEQN-GENRE,Vietnam,Full,ElasticNet,1,0,0.5202254056930542,1
4681,RCN12752,1209-PF-VN-IMPEQN-GENRE,Vietnam,Full,ElasticNet,1,0,0.5210493803024292,1
5173,RCN14185,1209-PF-VN-IMPEQN-GENRE,Vietnam,Full,ElasticNet,1,1,0.9984429478645325,1
5174,RCN14197,1209-PF-VN-IMPEQN-GENRE,Vietnam,Full,ElasticNet,1,1,0.9984456896781921,1
5175,RCN14210,1209-PF-VN-IMPEQN-GENRE,Vietnam,Full,ElasticNet,1,1,0.9946727156639099,1
5176,RCN14217,1209-PF-VN-IMPEQN-GENRE,Vietnam,Full,ElasticNet,1,0,0.40609171986579895,0
5177,RCN14220,1209-PF-VN-IMPEQN-GENRE,Vietnam,Full,ElasticNet,1,1,0.9647225737571716,1
5178,RCN14222,1209-PF-VN-IMPEQN-GENRE,Vietnam,Full,ElasticNet,1,1,0.9981789588928223,1
5179,RCN14223,1209-PF-VN-IMPEQN-GENRE,Vietnam,Full,ElasticNet,1,1,0.9981719255447388,1
5180,RCN14225,1209-PF-VN-IMPEQN-GENRE,Vietnam,Full,ElasticNet,1,1,0.9993854761123657,1
5181,RCN14226,1209-PF-VN-IMPEQN-GENRE,Vietnam,Full,ElasticNet,1,1,0.9981929659843445,1
5182,RCN14233,1209-PF-VN-IMPEQN-GENRE,Vietnam,Full,ElasticNet,1,1,0.9946603178977966,1
5183,RCN14234,1209-PF-VN-IMPEQN-GENRE,Vietnam,Full,ElasticNet,1,0,0.5213673114776611,1
5184,RCN14238,1209-PF-VN-IMPEQN-GENRE,Vietnam,Full,ElasticNet,1,0,0.7848936915397644,1
5185,RCN14239,1209-PF-VN-IMPEQN-GENRE,Vietnam,Full,ElasticNet,1,0,0.008669800125062466,0
5186,RCN14241,1209-PF-VN-IMPEQN-GENRE,Vietnam,Full,ElasticNet,1,1,0.9984740614891052,1
5187,RCN14243,1209-PF-VN-IMPEQN-GENRE,Vietnam,Full,ElasticNet,1,0,0.4405826926231384,0
5188,RCN14251,1209-PF-VN-IMPEQN-GENRE,Vietnam,Full,ElasticNet,1,0,0.006527512799948454,0
5189,RCN14255,1209-PF-VN-IMPEQN-GENRE,Vietnam,Full,ElasticNet,1,0,0.009440583176910877,0
5190,RCN14262,1209-PF-VN-IMPEQN-GENRE,Vietnam,Full,ElasticNet,1,1,0.9981390237808228,1
5191,RCN14263,1209-PF-VN-IMPEQN-GENRE,Vietnam,Full,ElasticNet,1,1,0.9984418749809265,1
5192,RCN14264,1209-PF-VN-IMPEQN-GENRE,Vietnam,Full,ElasticNet,1,1,0.9984664916992188,1
5193,RCN14265,1209-PF-VN-IMPEQN-GENRE,Vietnam,Full,ElasticNet,1,1,0.9984595775604248,1
5194,RCN14269,1209-PF-VN-IMPEQN-GENRE,Vietnam,Full,ElasticNet,1,1,0.9984391331672668,1
5195,RCN14270,1209-PF-VN-IMPEQN-GENRE,Vietnam,Full,ElasticNet,1,1,0.9984582662582397,1
5196,RCN14271,1209-PF-VN-IMPEQN-GENRE,Vietnam,Full,ElasticNet,1,1,0.9984567165374756,1
5197,RCN14272,1209-PF-VN-IMPEQN-GENRE,Vietnam,Full,ElasticNet,1,1,0.9984338879585266,1
5198,RCN14273,1209-PF-VN-IMPEQN-GENRE,Vietnam,Full,ElasticNet,1,1,0.9984387755393982,1
5199,RCN14276,1209-PF-VN-IMPEQN-GENRE,Vietnam,Full,ElasticNet,1,1,0.9981499910354614,1
5200,RCN14277,1209-PF-VN-IMPEQN-GENRE,Vietnam,Full,ElasticNet,1,1,0.9984277486801147,1
5201,RCN14278,1209-PF-VN-IMPEQN-GENRE,Vietnam,Full,ElasticNet,1,1,0.9984279870986938,1
5202,RCN14279,1209-PF-VN-IMPEQN-GENRE,Vietnam,Full,ElasticNet,1,1,0.9984461665153503,1
5203,RCN14280,1209-PF-VN-IMPEQN-GENRE,Vietnam,Full,ElasticNet,1,1,0.9984413981437683,1
5204,RCN14281,1209-PF-VN-IMPEQN-GENRE,Vietnam,Full,ElasticNet,1,1,0.9984349608421326,1
5205,RCN14284,1209-PF-VN-IMPEQN-GENRE,Vietnam,Full,ElasticNet,1,1,0.9984386563301086,1
5206,RCN14285,1209-PF-VN-IMPEQN-GENRE,Vietnam,Full,ElasticNet,1,1,0.998444139957428,1
5207,RCN14286,1209-PF-VN-IMPEQN-GENRE,Vietnam,Full,ElasticNet,1,1,0.9984437823295593,1
5208,RCN14287,1209-PF-VN-IMPEQN-GENRE,Vietnam,Full,ElasticNet,1,1,0.998441755771637,1
5209,RCN14288,1209-PF-VN-IMPEQN-GENRE,Vietnam,Full,ElasticNet,1,1,0.9984748959541321,1
5210,RCN14289,1209-PF-VN-IMPEQN-GENRE,Vietnam,Full,ElasticNet,1,1,0.9981385469436646,1
5211,RCN14291,1209-PF-VN-IMPEQN-GENRE,Vietnam,Full,ElasticNet,1,1,0.9984544515609741,1
5212,RCN14292,1209-PF-VN-IMPEQN-GENRE,Vietnam,Full,ElasticNet,1,1,0.9984490871429443,1
5213,RCN14293,1209-PF-VN-IMPEQN-GENRE,Vietnam,Full,ElasticNet,1,1,0.9984685778617859,1
5214,RCN14294,1209-PF-VN-IMPEQN-GENRE,Vietnam,Full,ElasticNet,1,1,0.9984325766563416,1
5215,RCN14295,1209-PF-VN-IMPEQN-GENRE,Vietnam,Full,ElasticNet,1,1,0.9991506338119507,1
5216,RCN14296,1209-PF-VN-IMPEQN-GENRE,Vietnam,Full,ElasticNet,1,1,0.9984365105628967,1
5217,RCN14297,1209-PF-VN-IMPEQN-GENRE,Vietnam,Full,ElasticNet,1,1,0.9452810287475586,1
5218,RCN14300,1209-PF-VN-IMPEQN-GENRE,Vietnam,Full,ElasticNet,1,1,0.9991391897201538,1
5219,RCN14301,1209-PF-VN-IMPEQN-GENRE,Vietnam,Full,ElasticNet,1,1,0.9946164488792419,1
5220,RCN14302,1209-PF-VN-IMPEQN-GENRE,Vietnam,Full,ElasticNet,1,1,0.9984605312347412,1
5221,RCN14303,1209-PF-VN-IMPEQN-GENRE,Vietnam,Full,ElasticNet,1,1,0.9984242916107178,1
5222,RCN14304,1209-PF-VN-IMPEQN-GENRE,Vietnam,Full,ElasticNet,1,1,0.9984498023986816,1
5223,RCN14305,1209-PF-VN-IMPEQN-GENRE,Vietnam,Full,ElasticNet,1,1,0.9984442591667175,1
5224,RCN14309,1209-PF-VN-IMPEQN-GENRE,Vietnam,Full,ElasticNet,1,1,0.9984318614006042,1
5225,RCN14310,1209-PF-VN-IMPEQN-GENRE,Vietnam,Full,ElasticNet,1,1,0.9984267950057983,1
5226,RCN14311,1209-PF-VN-IMPEQN-GENRE,Vietnam,Full,ElasticNet,1,1,0.9946572184562683,1
5227,RCN14312,1209-PF-VN-IMPEQN-GENRE,Vietnam,Full,ElasticNet,1,1,0.99843829870224,1
5228,RCN14313,1209-PF-VN-IMPEQN-GENRE,Vietnam,Full,ElasticNet,1,0,0.01366885844618082,0
5229,RCN14316,1209-PF-VN-IMPEQN-GENRE,Vietnam,Full,ElasticNet,1,1,0.9981790781021118,1
5230,RCN14317,1209-PF-VN-IMPEQN-GENRE,Vietnam,Full,ElasticNet,1,1,0.998420238494873,1
5231,RCN14318,1209-PF-VN-IMPEQN-GENRE,Vietnam,Full,ElasticNet,1,1,0.9984662532806396,1
5232,RCN14319,1209-PF-VN-IMPEQN-GENRE,Vietnam,Full,ElasticNet,1,1,0.9981579184532166,1
5233,RCN14320,1209-PF-VN-IMPEQN-GENRE,Vietnam,Full,ElasticNet,1,1,0.9984472393989563,1
5234,RCN14321,1209-PF-VN-IMPEQN-GENRE,Vietnam,Full,ElasticNet,1,1,0.998458743095398,1
5235,RCN14324,1209-PF-VN-IMPEQN-GENRE,Vietnam,Full,ElasticNet,1,1,0.9984354376792908,1
5236,RCN14325,1209-PF-VN-IMPEQN-GENRE,Vietnam,Full,ElasticNet,1,1,0.9981491565704346,1
5237,RCN14572,1209-PF-VN-IMPEQN-GENRE,Vietnam,Full,ElasticNet,1,0,0.0011261882027611136,0
5238,RCN14573,1209-PF-VN-IMPEQN-GENRE,Vietnam,Full,ElasticNet,1,0,0.02716272883117199,0
5239,RCN14574,1209-PF-VN-IMPEQN-GENRE,Vietnam,Full,ElasticNet,1,0,0.02716272883117199,0
5240,RCN14575,1209-PF-VN-IMPEQN-GENRE,Vietnam,Full,ElasticNet,1,1,0.9982113838195801,1
5241,RCN14576,1209-PF-VN-IMPEQN-GENRE,Vietnam,Full,ElasticNet,1,1,0.9981158971786499,1
5242,RCN14577,1209-PF-VN-IMPEQN-GENRE,Vietnam,Full,ElasticNet,1,1,0.9984601736068726,1
5243,RCN14578,1209-PF-VN-IMPEQN-GENRE,Vietnam,Full,ElasticNet,1,1,0.9987439513206482,1
5244,RCN14580,1209-PF-VN-IMPEQN-GENRE,Vietnam,Full,ElasticNet,1,1,0.8374661803245544,1
5245,RCN14581,1209-PF-VN-IMPEQN-GENRE,Vietnam,Full,ElasticNet,1,1,0.998475968837738,1
5246,RCN14582,1209-PF-VN-IMPEQN-GENRE,Vietnam,Full,ElasticNet,1,1,0.9981180429458618,1
5247,RCN14584,1209-PF-VN-IMPEQN-GENRE,Vietnam,Full,ElasticNet,1,0,0.053767405450344086,0
5248,RCN14585,1209-PF-VN-IMPEQN-GENRE,Vietnam,Full,ElasticNet,1,1,0.9981531500816345,1
5249,RCN14586,1209-PF-VN-IMPEQN-GENRE,Vietnam,Full,ElasticNet,1,1,0.995871365070343,1
5250,RCN14587,1209-PF-VN-IMPEQN-GENRE,Vietnam,Full,ElasticNet,1,1,0.9984720349311829,1
5251,RCN14588,1209-PF-VN-IMPEQN-GENRE,Vietnam,Full,ElasticNet,1,1,0.9981557726860046,1
5252,RCN14589,1209-PF-VN-IMPEQN-GENRE,Vietnam,Full,ElasticNet,1,1,0.9984366297721863,1
5253,RCN14590,1209-PF-VN-IMPEQN-GENRE,Vietnam,Full,ElasticNet,1,1,0.9984315037727356,1
5254,RCN14591,1209-PF-VN-IMPEQN-GENRE,Vietnam,Full,ElasticNet,1,1,0.9981884360313416,1
5255,RCN14592,1209-PF-VN-IMPEQN-GENRE,Vietnam,Full,ElasticNet,1,1,0.9984392523765564,1
5256,RCN14593,1209-PF-VN-IMPEQN-GENRE,Vietnam,Full,ElasticNet,1,1,0.9984840750694275,1
5257,RCN14594,1209-PF-VN-IMPEQN-GENRE,Vietnam,Full,ElasticNet,1,1,0.9984647035598755,1
5258,RCN14595,1209-PF-VN-IMPEQN-GENRE,Vietnam,Full,ElasticNet,1,1,0.9984695315361023,1
5259,RCN14596,1209-PF-VN-IMPEQN-GENRE,Vietnam,Full,ElasticNet,1,1,0.998474657535553,1
5260,RCN14597,1209-PF-VN-IMPEQN-GENRE,Vietnam,Full,ElasticNet,1,1,0.9981227517127991,1
5261,RCN14598,1209-PF-VN-IMPEQN-GENRE,Vietnam,Full,ElasticNet,1,1,0.9984715580940247,1
5262,RCN14599,1209-PF-VN-IMPEQN-GENRE,Vietnam,Full,ElasticNet,1,1,0.9991418123245239,1
5263,RCN14600,1209-PF-VN-IMPEQN-GENRE,Vietnam,Full,ElasticNet,1,1,0.9984346032142639,1
5264,RCN14601,1209-PF-VN-IMPEQN-GENRE,Vietnam,Full,ElasticNet,1,1,0.9981160163879395,1
5265,RCN14602,1209-PF-VN-IMPEQN-GENRE,Vietnam,Full,ElasticNet,1,1,0.998450756072998,1
5266,RCN14603,1209-PF-VN-IMPEQN-GENRE,Vietnam,Full,ElasticNet,1,1,0.9984467625617981,1
5267,RCN14604,1209-PF-VN-IMPEQN-GENRE,Vietnam,Full,ElasticNet,1,1,0.9984577894210815,1
5268,RCN14605,1209-PF-VN-IMPEQN-GENRE,Vietnam,Full,ElasticNet,1,1,0.9921563863754272,1
5269,RCN14606,1209-PF-VN-IMPEQN-GENRE,Vietnam,Full,ElasticNet,1,1,0.9984814524650574,1
5270,RCN14607,1209-PF-VN-IMPEQN-GENRE,Vietnam,Full,ElasticNet,1,1,0.9989920258522034,1
5271,RCN14608,1209-PF-VN-IMPEQN-GENRE,Vietnam,Full,ElasticNet,1,1,0.9984779953956604,1
5272,RCN14609,1209-PF-VN-IMPEQN-GENRE,Vietnam,Full,ElasticNet,1,1,0.998474657535553,1
5273,RCN14610,1209-PF-VN-IMPEQN-GENRE,Vietnam,Full,ElasticNet,1,1,0.9984458088874817,1
5274,RCN14611,1209-PF-VN-IMPEQN-GENRE,Vietnam,Full,ElasticNet,1,1,0.9984617233276367,1
5275,RCN14612,1209-PF-VN-IMPEQN-GENRE,Vietnam,Full,ElasticNet,1,1,0.9984492063522339,1
5276,RCN14613,1209-PF-VN-IMPEQN-GENRE,Vietnam,Full,ElasticNet,1,1,0.9984532594680786,1
5277,RCN14614,1209-PF-VN-IMPEQN-GENRE,Vietnam,Full,ElasticNet,1,1,0.9984312653541565,1
5278,RCN14615,1209-PF-VN-IMPEQN-GENRE,Vietnam,Full,ElasticNet,1,1,0.9981167316436768,1
5279,RCN14616,1209-PF-VN-IMPEQN-GENRE,Vietnam,Full,ElasticNet,1,1,0.9984368681907654,1
5280,RCN14617,1209-PF-VN-IMPEQN-GENRE,Vietnam,Full,ElasticNet,1,1,0.9946467280387878,1
5281,RCN14618,1209-PF-VN-IMPEQN-GENRE,Vietnam,Full,ElasticNet,1,1,0.9984661340713501,1
5282,RCN14620,1209-PF-VN-IMPEQN-GENRE,Vietnam,Full,ElasticNet,1,1,0.9966092109680176,1
5283,RCN14621,1209-PF-VN-IMPEQN-GENRE,Vietnam,Full,ElasticNet,1,1,0.9984563589096069,1
5284,RCN14622,1209-PF-VN-IMPEQN-GENRE,Vietnam,Full,ElasticNet,1,1,0.9984388947486877,1
5285,RCN14623,1209-PF-VN-IMPEQN-GENRE,Vietnam,Full,ElasticNet,1,1,0.9984851479530334,1
5286,RCN14624,1209-PF-VN-IMPEQN-GENRE,Vietnam,Full,ElasticNet,1,1,0.998464822769165,1
5287,RCN14625,1209-PF-VN-IMPEQN-GENRE,Vietnam,Full,ElasticNet,1,1,0.9984464049339294,1
5288,RCN14626,1209-PF-VN-IMPEQN-GENRE,Vietnam,Full,ElasticNet,1,1,0.9465179443359375,1
5289,RCN14627,1209-PF-VN-IMPEQN-GENRE,Vietnam,Full,ElasticNet,1,1,0.9984558820724487,1
5290,RCN14628,1209-PF-VN-IMPEQN-GENRE,Vietnam,Full,ElasticNet,1,1,0.998465895652771,1
5291,RCN14629,1209-PF-VN-IMPEQN-GENRE,Vietnam,Full,ElasticNet,1,1,0.9984791874885559,1
5292,RCN14630,1209-PF-VN-IMPEQN-GENRE,Vietnam,Full,ElasticNet,1,0,0.8617664575576782,1
5293,RCN14631,1209-PF-VN-IMPEQN-GENRE,Vietnam,Full,ElasticNet,1,1,0.9984508752822876,1
5294,RCN14632,1209-PF-VN-IMPEQN-GENRE,Vietnam,Full,ElasticNet,1,1,0.9989792108535767,1
5295,RCN14633,1209-PF-VN-IMPEQN-GENRE,Vietnam,Full,ElasticNet,1,1,0.9460610747337341,1
5296,RCN14634,1209-PF-VN-IMPEQN-GENRE,Vietnam,Full,ElasticNet,1,1,0.9991617202758789,1
5297,RCN14635,1209-PF-VN-IMPEQN-GENRE,Vietnam,Full,ElasticNet,1,1,0.9984391331672668,1
5298,RCN14636,1209-PF-VN-IMPEQN-GENRE,Vietnam,Full,ElasticNet,1,1,0.9984664916992188,1
5299,RCN14638,1209-PF-VN-IMPEQN-GENRE,Vietnam,Full,ElasticNet,1,1,0.994758665561676,1
5300,RCN14639,1209-PF-VN-IMPEQN-GENRE,Vietnam,Full,ElasticNet,1,1,0.9984481334686279,1
5301,RCN14640,1209-PF-VN-IMPEQN-GENRE,Vietnam,Full,ElasticNet,1,1,0.9981801509857178,1
5302,RCN14641,1209-PF-VN-IMPEQN-GENRE,Vietnam,Full,ElasticNet,1,1,0.9984460473060608,1
5303,RCN14642,1209-PF-VN-IMPEQN-GENRE,Vietnam,Full,ElasticNet,1,1,0.9737523794174194,1
5304,RCN14643,1209-PF-VN-IMPEQN-GENRE,Vietnam,Full,ElasticNet,1,1,0.9984630346298218,1
5305,RCN14644,1209-PF-VN-IMPEQN-GENRE,Vietnam,Full,ElasticNet,1,1,0.9984402060508728,1
5306,RCN14645,1209-PF-VN-IMPEQN-GENRE,Vietnam,Full,ElasticNet,1,1,0.9984706044197083,1
5307,RCN14646,1209-PF-VN-IMPEQN-GENRE,Vietnam,Full,ElasticNet,1,1,0.9984388947486877,1
5308,RCN14647,1209-PF-VN-IMPEQN-GENRE,Vietnam,Full,ElasticNet,1,1,0.9989780187606812,1
5309,RCN14648,1209-PF-VN-IMPEQN-GENRE,Vietnam,Full,ElasticNet,1,1,0.9984481334686279,1
5310,RCN14649,1209-PF-VN-IMPEQN-GENRE,Vietnam,Full,ElasticNet,1,1,0.9984477758407593,1
5311,RCN14650,1209-PF-VN-IMPEQN-GENRE,Vietnam,Full,ElasticNet,1,1,0.9981850981712341,1
5312,RCN14651,1209-PF-VN-IMPEQN-GENRE,Vietnam,Full,ElasticNet,1,1,0.9920814037322998,1
5313,RCN14652,1209-PF-VN-IMPEQN-GENRE,Vietnam,Full,ElasticNet,1,1,0.9984428286552429,1
5314,RCN14653,1209-PF-VN-IMPEQN-GENRE,Vietnam,Full,ElasticNet,1,1,0.998461127281189,1
5315,RCN14654,1209-PF-VN-IMPEQN-GENRE,Vietnam,Full,ElasticNet,1,1,0.9984502792358398,1
5316,RCN14655,1209-PF-VN-IMPEQN-GENRE,Vietnam,Full,ElasticNet,1,1,0.9984537363052368,1
5317,RCN14656,1209-PF-VN-IMPEQN-GENRE,Vietnam,Full,ElasticNet,1,1,0.9984447360038757,1
5318,RCN14657,1209-PF-VN-IMPEQN-GENRE,Vietnam,Full,ElasticNet,1,1,0.9984317421913147,1
5319,RCN14658,1209-PF-VN-IMPEQN-GENRE,Vietnam,Full,ElasticNet,1,1,0.9984543323516846,1
5320,RCN14659,1209-PF-VN-IMPEQN-GENRE,Vietnam,Full,ElasticNet,1,1,0.9946938157081604,1
5321,RCN14660,1209-PF-VN-IMPEQN-GENRE,Vietnam,Full,ElasticNet,1,1,0.9981592297554016,1
5322,RCN14661,1209-PF-VN-IMPEQN-GENRE,Vietnam,Full,ElasticNet,1,1,0.9959503412246704,1
5323,RCN14662,1209-PF-VN-IMPEQN-GENRE,Vietnam,Full,ElasticNet,1,1,0.9984697699546814,1
5324,RCN14663,1209-PF-VN-IMPEQN-GENRE,Vietnam,Full,ElasticNet,1,1,0.998177170753479,1
5325,RCN14664,1209-PF-VN-IMPEQN-GENRE,Vietnam,Full,ElasticNet,1,1,0.9984577894210815,1
5326,RCN14665,1209-PF-VN-IMPEQN-GENRE,Vietnam,Full,ElasticNet,1,1,0.998161256313324,1
5327,RCN14666,1209-PF-VN-IMPEQN-GENRE,Vietnam,Full,ElasticNet,1,0,0.11702267080545425,0
5328,RCN14667,1209-PF-VN-IMPEQN-GENRE,Vietnam,Full,ElasticNet,1,1,0.9562845230102539,1
5329,RCN14672,1209-PF-VN-IMPEQN-GENRE,Vietnam,Full,ElasticNet,1,0,0.9111664295196533,1
5330,RCN14673,1209-PF-VN-IMPEQN-GENRE,Vietnam,Full,ElasticNet,1,0,0.936018705368042,1
5331,RCN14674,1209-PF-VN-IMPEQN-GENRE,Vietnam,Full,ElasticNet,1,1,0.9984592199325562,1
5332,RCN14675,1209-PF-VN-IMPEQN-GENRE,Vietnam,Full,ElasticNet,1,1,0.9984546899795532,1
5333,RCN14676,1209-PF-VN-IMPEQN-GENRE,Vietnam,Full,ElasticNet,1,1,0.9984449744224548,1
5334,RCN14677,1209-PF-VN-IMPEQN-GENRE,Vietnam,Full,ElasticNet,1,0,0.9133129715919495,1
5335,RCN14680,1209-PF-VN-IMPEQN-GENRE,Vietnam,Full,ElasticNet,1,0,0.8818492889404297,1
5336,RCN14681,1209-PF-VN-IMPEQN-GENRE,Vietnam,Full,ElasticNet,1,1,0.9984191656112671,1
5337,RCN14682,1209-PF-VN-IMPEQN-GENRE,Vietnam,Full,ElasticNet,1,1,0.9984315037727356,1
5338,RCN14683,1209-PF-VN-IMPEQN-GENRE,Vietnam,Full,ElasticNet,1,1,0.9984040856361389,1
5339,RCN14684,1209-PF-VN-IMPEQN-GENRE,Vietnam,Full,ElasticNet,1,1,0.9972730278968811,1
5340,RCN14685,1209-PF-VN-IMPEQN-GENRE,Vietnam,Full,ElasticNet,1,1,0.998448371887207,1
5341,RCN14688,1209-PF-VN-IMPEQN-GENRE,Vietnam,Full,ElasticNet,1,1,0.9981591105461121,1
5342,RCN14689,1209-PF-VN-IMPEQN-GENRE,Vietnam,Full,ElasticNet,1,0,0.0036301251966506243,0
5343,RCN14691,1209-PF-VN-IMPEQN-GENRE,Vietnam,Full,ElasticNet,1,0,0.004164343234151602,0
5344,RCN14693,1209-PF-VN-IMPEQN-GENRE,Vietnam,Full,ElasticNet,1,0,0.0036363874096423388,0
5345,RCN14696,1209-PF-VN-IMPEQN-GENRE,Vietnam,Full,ElasticNet,1,0,0.48060882091522217,0
5346,RCN14697,1209-PF-VN-IMPEQN-GENRE,Vietnam,Full,ElasticNet,1,0,0.4430699944496155,0
5347,RCN14698,1209-PF-VN-IMPEQN-GENRE,Vietnam,Full,ElasticNet,1,1,0.994653582572937,1
5348,RCN14699,1209-PF-VN-IMPEQN-GENRE,Vietnam,Full,ElasticNet,1,1,0.9981354475021362,1
5349,RCN14700,1209-PF-VN-IMPEQN-GENRE,Vietnam,Full,ElasticNet,1,1,0.9981947541236877,1
5350,RCN14701,1209-PF-VN-IMPEQN-GENRE,Vietnam,Full,ElasticNet,1,1,0.9984354376792908,1
5351,RCN14705,1209-PF-VN-IMPEQN-GENRE,Vietnam,Full,ElasticNet,1,1,0.9980949759483337,1
5352,RCN14706,1209-PF-VN-IMPEQN-GENRE,Vietnam,Full,ElasticNet,1,1,0.9981873631477356,1
5353,RCN14707,1209-PF-VN-IMPEQN-GENRE,Vietnam,Full,ElasticNet,1,1,0.9984411597251892,1
5354,RCN14708,1209-PF-VN-IMPEQN-GENRE,Vietnam,Full,ElasticNet,1,1,0.9981441497802734,1
5355,RCN14709,1209-PF-VN-IMPEQN-GENRE,Vietnam,Full,ElasticNet,1,1,0.9981338381767273,1
5356,RCN14712,1209-PF-VN-IMPEQN-GENRE,Vietnam,Full,ElasticNet,1,1,0.9984413981437683,1
5357,RCN14713,1209-PF-VN-IMPEQN-GENRE,Vietnam,Full,ElasticNet,1,1,0.9981769323348999,1
5358,RCN14714,1209-PF-VN-IMPEQN-GENRE,Vietnam,Full,ElasticNet,1,1,0.9981735944747925,1
5359,RCN14715,1209-PF-VN-IMPEQN-GENRE,Vietnam,Full,ElasticNet,1,1,0.998198926448822,1
5360,RCN14717,1209-PF-VN-IMPEQN-GENRE,Vietnam,Full,ElasticNet,1,1,0.9984906911849976,1
5361,RCN14719,1209-PF-VN-IMPEQN-GENRE,Vietnam,Full,ElasticNet,1,1,0.9344581961631775,1
5362,RCN14720,1209-PF-VN-IMPEQN-GENRE,Vietnam,Full,ElasticNet,1,1,0.9991569519042969,1
5363,RCN14721,1209-PF-VN-IMPEQN-GENRE,Vietnam,Full,ElasticNet,1,1,0.9981635212898254,1
5364,RCN14722,1209-PF-VN-IMPEQN-GENRE,Vietnam,Full,ElasticNet,1,1,0.9567545652389526,1
5365,RCN14723,1209-PF-VN-IMPEQN-GENRE,Vietnam,Full,ElasticNet,1,1,0.9981266856193542,1
5366,RCN14724,1209-PF-VN-IMPEQN-GENRE,Vietnam,Full,ElasticNet,1,0,0.5221027135848999,1
5367,RCN14725,1209-PF-VN-IMPEQN-GENRE,Vietnam,Full,ElasticNet,1,0,0.5205079913139343,1
5368,RCN14727,1209-PF-VN-IMPEQN-GENRE,Vietnam,Full,ElasticNet,1,0,0.5195735692977905,1
5369,RCN14728,1209-PF-VN-IMPEQN-GENRE,Vietnam,Full,ElasticNet,1,0,0.5225961208343506,1
5370,RCN14729,1209-PF-VN-IMPEQN-GENRE,Vietnam,Full,ElasticNet,1,0,0.5242026448249817,1
5371,RCN14730,1209-PF-VN-IMPEQN-GENRE,Vietnam,Full,ElasticNet,1,0,0.5226516723632812,1
5372,RCN14731,1209-PF-VN-IMPEQN-GENRE,Vietnam,Full,ElasticNet,1,0,0.5213532447814941,1
5373,RCN14732,1209-PF-VN-IMPEQN-GENRE,Vietnam,Full,ElasticNet,1,0,0.5226098895072937,1
5374,RCN14733,1209-PF-VN-IMPEQN-GENRE,Vietnam,Full,ElasticNet,1,0,0.5204029679298401,1
5375,RCN14738,1209-PF-VN-IMPEQN-GENRE,Vietnam,Full,ElasticNet,1,1,0.9981538653373718,1
5376,RCN14739,1209-PF-VN-IMPEQN-GENRE,Vietnam,Full,ElasticNet,1,0,0.7905744314193726,1
5377,RCN14740,1209-PF-VN-IMPEQN-GENRE,Vietnam,Full,ElasticNet,1,0,0.7909592986106873,1
5378,RCN14741,1209-PF-VN-IMPEQN-GENRE,Vietnam,Full,ElasticNet,1,0,0.93301922082901,1
5379,RCN14744,1209-PF-VN-IMPEQN-GENRE,Vietnam,Full,ElasticNet,1,1,0.9946379065513611,1
5380,RCN14746,1209-PF-VN-IMPEQN-GENRE,Vietnam,Full,ElasticNet,1,1,0.9984588623046875,1
5381,RCN14748,1209-PF-VN-IMPEQN-GENRE,Vietnam,Full,ElasticNet,1,1,0.9984452128410339,1
5382,RCN14752,1209-PF-VN-IMPEQN-GENRE,Vietnam,Full,ElasticNet,1,1,0.9984449744224548,1
5383,RCN14753,1209-PF-VN-IMPEQN-GENRE,Vietnam,Full,ElasticNet,1,1,0.9984293580055237,1
5384,RCN14754,1209-PF-VN-IMPEQN-GENRE,Vietnam,Full,ElasticNet,1,1,0.9984591007232666,1
5385,RCN14755,1209-PF-VN-IMPEQN-GENRE,Vietnam,Full,ElasticNet,1,1,0.9991445541381836,1
5386,RCN14756,1209-PF-VN-IMPEQN-GENRE,Vietnam,Full,ElasticNet,1,1,0.9452590942382812,1
5387,RCN14757,1209-PF-VN-IMPEQN-GENRE,Vietnam,Full,ElasticNet,1,1,0.9984796643257141,1
5388,RCN14760,1209-PF-VN-IMPEQN-GENRE,Vietnam,Full,ElasticNet,1,1,0.9984278678894043,1
5389,RCN14762,1209-PF-VN-IMPEQN-GENRE,Vietnam,Full,ElasticNet,1,1,0.9981665015220642,1
5390,RCN14763,1209-PF-VN-IMPEQN-GENRE,Vietnam,Full,ElasticNet,1,1,0.9984489679336548,1
5391,RCN14766,1209-PF-VN-IMPEQN-GENRE,Vietnam,Full,ElasticNet,1,1,0.9984448552131653,1
5392,RCN14770,1209-PF-VN-IMPEQN-GENRE,Vietnam,Full,ElasticNet,1,1,0.9984453320503235,1
5393,RCN14771,1209-PF-VN-IMPEQN-GENRE,Vietnam,Full,ElasticNet,1,1,0.9453357458114624,1
5394,RCN14776,1209-PF-VN-IMPEQN-GENRE,Vietnam,Full,ElasticNet,1,1,0.9984598159790039,1
5395,RCN14777,1209-PF-VN-IMPEQN-GENRE,Vietnam,Full,ElasticNet,1,1,0.9453520774841309,1
5396,RCN14787,1209-PF-VN-IMPEQN-GENRE,Vietnam,Full,ElasticNet,1,1,0.9984307885169983,1
5397,RCN14794,1209-PF-VN-IMPEQN-GENRE,Vietnam,Full,ElasticNet,1,1,0.9984203577041626,1
5398,RCN14795,1209-PF-VN-IMPEQN-GENRE,Vietnam,Full,ElasticNet,1,1,0.9448954463005066,1
5399,RCN14799,1209-PF-VN-IMPEQN-GENRE,Vietnam,Full,ElasticNet,1,1,0.9448673725128174,1
5400,RCN14800,1209-PF-VN-IMPEQN-GENRE,Vietnam,Full,ElasticNet,1,1,0.945673406124115,1
5401,RCN14802,1209-PF-VN-IMPEQN-GENRE,Vietnam,Full,ElasticNet,1,1,0.9984560012817383,1
5402,RCN14803,1209-PF-VN-IMPEQN-GENRE,Vietnam,Full,ElasticNet,1,1,0.9984595775604248,1
5403,RCN14807,1209-PF-VN-IMPEQN-GENRE,Vietnam,Full,ElasticNet,1,1,0.9984452128410339,1
5404,RCN14809,1209-PF-VN-IMPEQN-GENRE,Vietnam,Full,ElasticNet,1,1,0.9984160661697388,1
5405,RCN14810,1209-PF-VN-IMPEQN-GENRE,Vietnam,Full,ElasticNet,1,1,0.9984346032142639,1
5406,RCN14811,1209-PF-VN-IMPEQN-GENRE,Vietnam,Full,ElasticNet,1,1,0.9450792074203491,1
5407,RCN14814,1209-PF-VN-IMPEQN-GENRE,Vietnam,Full,ElasticNet,1,1,0.9984361529350281,1
5408,RCN14815,1209-PF-VN-IMPEQN-GENRE,Vietnam,Full,ElasticNet,1,1,0.9989960789680481,1
5409,RCN14816,1209-PF-VN-IMPEQN-GENRE,Vietnam,Full,ElasticNet,1,1,0.9984488487243652,1
5410,RCN14818,1209-PF-VN-IMPEQN-GENRE,Vietnam,Full,ElasticNet,1,1,0.9984385371208191,1
5411,RCN14819,1209-PF-VN-IMPEQN-GENRE,Vietnam,Full,ElasticNet,1,1,0.9984477758407593,1
5412,RCN14827,1209-PF-VN-IMPEQN-GENRE,Vietnam,Full,ElasticNet,1,1,0.9984332919120789,1
5413,RCN14834,1209-PF-VN-IMPEQN-GENRE,Vietnam,Full,ElasticNet,1,1,0.9984642267227173,1
5414,RCN14835,1209-PF-VN-IMPEQN-GENRE,Vietnam,Full,ElasticNet,1,1,0.9984363913536072,1
5415,RCN14839,1209-PF-VN-IMPEQN-GENRE,Vietnam,Full,ElasticNet,1,1,0.998440682888031,1
5416,RCN14840,1209-PF-VN-IMPEQN-GENRE,Vietnam,Full,ElasticNet,1,1,0.9984387755393982,1
5417,RCN14841,1209-PF-VN-IMPEQN-GENRE,Vietnam,Full,ElasticNet,1,1,0.9986786246299744,1
5418,RCN14843,1209-PF-VN-IMPEQN-GENRE,Vietnam,Full,ElasticNet,1,1,0.9984392523765564,1
5419,RCN14847,1209-PF-VN-IMPEQN-GENRE,Vietnam,Full,ElasticNet,1,1,0.9984495639801025,1
5420,RCN14848,1209-PF-VN-IMPEQN-GENRE,Vietnam,Full,ElasticNet,1,1,0.9453141093254089,1
5421,RCN14849,1209-PF-VN-IMPEQN-GENRE,Vietnam,Full,ElasticNet,1,1,0.9984481334686279,1
5422,RCN14850,1209-PF-VN-IMPEQN-GENRE,Vietnam,Full,ElasticNet,1,1,0.9984561204910278,1
5423,RCN14851,1209-PF-VN-IMPEQN-GENRE,Vietnam,Full,ElasticNet,1,1,0.9991550445556641,1
5819,RCN15829,1209-PF-VN-IMPEQN-GENRE,Vietnam,Full,ElasticNet,1,1,0.9985904097557068,1
5820,RCN15837,1209-PF-VN-IMPEQN-GENRE,Vietnam,Full,ElasticNet,1,1,0.9981569647789001,1
5821,RCN15845,1209-PF-VN-IMPEQN-GENRE,Vietnam,Full,ElasticNet,1,1,0.9981391429901123,1
5822,RCN15851,1209-PF-VN-IMPEQN-GENRE,Vietnam,Full,ElasticNet,1,0,0.32606375217437744,0
5823,RCN15853,1209-PF-VN-IMPEQN-GENRE,Vietnam,Full,ElasticNet,1,0,0.02830396220088005,0
5824,RCN15861,1209-PF-VN-IMPEQN-GENRE,Vietnam,Full,ElasticNet,1,0,0.10241445899009705,0
5825,RCN15869,1209-PF-VN-IMPEQN-GENRE,Vietnam,Full,ElasticNet,1,1,0.9947578310966492,1
5826,RCN15872,1209-PF-VN-IMPEQN-GENRE,Vietnam,Full,ElasticNet,1,1,0.9806766510009766,1
5827,RCN15876,1209-PF-VN-IMPEQN-GENRE,Vietnam,Full,ElasticNet,1,1,0.9947912693023682,1
5828,RCN15877,1209-PF-VN-IMPEQN-GENRE,Vietnam,Full,ElasticNet,1,0,0.009500513784587383,0
5829,RCN15878,1209-PF-VN-IMPEQN-GENRE,Vietnam,Full,ElasticNet,1,1,0.9974320530891418,1
5830,RCN15879,1209-PF-VN-IMPEQN-GENRE,Vietnam,Full,ElasticNet,1,1,0.9977231621742249,1
5831,RCN15885,1209-PF-VN-IMPEQN-GENRE,Vietnam,Full,ElasticNet,1,1,0.9978085160255432,1
5832,RCN15887,1209-PF-VN-IMPEQN-GENRE,Vietnam,Full,ElasticNet,1,1,0.977016031742096,1
5833,RCN15888,1209-PF-VN-IMPEQN-GENRE,Vietnam,Full,ElasticNet,1,1,0.9985914826393127,1
5834,RCN15889,1209-PF-VN-IMPEQN-GENRE,Vietnam,Full,ElasticNet,1,1,0.9890177249908447,1
5835,RCN15893,1209-PF-VN-IMPEQN-GENRE,Vietnam,Full,ElasticNet,1,1,0.9807571172714233,1
5836,RCN15894,1209-PF-VN-IMPEQN-GENRE,Vietnam,Full,ElasticNet,1,1,0.9947667121887207,1
5837,RCN15895,1209-PF-VN-IMPEQN-GENRE,Vietnam,Full,ElasticNet,1,1,0.9807056784629822,1
5838,RCN15896,1209-PF-VN-IMPEQN-GENRE,Vietnam,Full,ElasticNet,1,1,0.9810235500335693,1
5839,RCN15897,1209-PF-VN-IMPEQN-GENRE,Vietnam,Full,ElasticNet,1,1,0.841360330581665,1
5840,RCN15899,1209-PF-VN-IMPEQN-GENRE,Vietnam,Full,ElasticNet,1,1,0.9915972352027893,1
5841,RCN15903,1209-PF-VN-IMPEQN-GENRE,Vietnam,Full,ElasticNet,1,1,0.9984581470489502,1
5842,RCN15904,1209-PF-VN-IMPEQN-GENRE,Vietnam,Full,ElasticNet,1,0,0.05192779004573822,0
5843,RCN15905,1209-PF-VN-IMPEQN-GENRE,Vietnam,Full,ElasticNet,1,1,0.9577420949935913,1
5844,RCN15908,1209-PF-VN-IMPEQN-GENRE,Vietnam,Full,ElasticNet,1,1,0.9984421133995056,1
5845,RCN15911,1209-PF-VN-IMPEQN-GENRE,Vietnam,Full,ElasticNet,1,1,0.9981837868690491,1
5846,RCN15912,1209-PF-VN-IMPEQN-GENRE,Vietnam,Full,ElasticNet,1,1,0.9981728792190552,1
5847,RCN15913,1209-PF-VN-IMPEQN-GENRE,Vietnam,Full,ElasticNet,1,1,0.9988246560096741,1
5848,RCN15917,1209-PF-VN-IMPEQN-GENRE,Vietnam,Full,ElasticNet,1,1,0.9991410970687866,1
5849,RCN15920,1209-PF-VN-IMPEQN-GENRE,Vietnam,Full,ElasticNet,1,1,0.97627854347229,1
5850,RCN15921,1209-PF-VN-IMPEQN-GENRE,Vietnam,Full,ElasticNet,1,1,0.9988152980804443,1
5851,RCN15926,1209-PF-VN-IMPEQN-GENRE,Vietnam,Full,ElasticNet,1,1,0.998823344707489,1
5852,RCN15927,1209-PF-VN-IMPEQN-GENRE,Vietnam,Full,ElasticNet,1,1,0.9574165344238281,1
5853,RCN15928,1209-PF-VN-IMPEQN-GENRE,Vietnam,Full,ElasticNet,1,1,0.9987996816635132,1
5854,RCN15930,1209-PF-VN-IMPEQN-GENRE,Vietnam,Full,ElasticNet,1,1,0.9985873699188232,1
5855,RCN15932,1209-PF-VN-IMPEQN-GENRE,Vietnam,Full,ElasticNet,1,1,0.9581971764564514,1
5856,RCN15934,1209-PF-VN-IMPEQN-GENRE,Vietnam,Full,ElasticNet,1,1,0.9958892464637756,1
5857,RCN15936,1209-PF-VN-IMPEQN-GENRE,Vietnam,Full,ElasticNet,1,1,0.9986022114753723,1
5858,RCN15937,1209-PF-VN-IMPEQN-GENRE,Vietnam,Full,ElasticNet,1,1,0.9576156735420227,1
5859,RCN15942,1209-PF-VN-IMPEQN-GENRE,Vietnam,Full,ElasticNet,1,1,0.9988081455230713,1
5860,RCN15943,1209-PF-VN-IMPEQN-GENRE,Vietnam,Full,ElasticNet,1,1,0.9967505931854248,1
5861,RCN15944,1209-PF-VN-IMPEQN-GENRE,Vietnam,Full,ElasticNet,1,1,0.9988162517547607,1
5862,RCN15946,1209-PF-VN-IMPEQN-GENRE,Vietnam,Full,ElasticNet,1,1,0.9988112449645996,1
5863,RCN15948,1209-PF-VN-IMPEQN-GENRE,Vietnam,Full,ElasticNet,1,1,0.9490367770195007,1
5864,RCN15949,1209-PF-VN-IMPEQN-GENRE,Vietnam,Full,ElasticNet,1,1,0.99859219789505,1
5865,RCN15950,1209-PF-VN-IMPEQN-GENRE,Vietnam,Full,ElasticNet,1,1,0.9986028075218201,1
5866,RCN15958,1209-PF-VN-IMPEQN-GENRE,Vietnam,Full,ElasticNet,1,1,0.9988378882408142,1
5867,RCN15959,1209-PF-VN-IMPEQN-GENRE,Vietnam,Full,ElasticNet,1,1,0.9713181853294373,1
5868,RCN15960,1209-PF-VN-IMPEQN-GENRE,Vietnam,Full,ElasticNet,1,1,0.9985781908035278,1
5869,RCN15961,1209-PF-VN-IMPEQN-GENRE,Vietnam,Full,ElasticNet,1,1,0.9975117444992065,1
5870,RCN15966,1209-PF-VN-IMPEQN-GENRE,Vietnam,Full,ElasticNet,1,1,0.9988085031509399,1
5871,RCN15967,1209-PF-VN-IMPEQN-GENRE,Vietnam,Full,ElasticNet,1,1,0.9577231407165527,1
5872,RCN15968,1209-PF-VN-IMPEQN-GENRE,Vietnam,Full,ElasticNet,1,1,0.9985947012901306,1
5873,RCN15969,1209-PF-VN-IMPEQN-GENRE,Vietnam,Full,ElasticNet,1,1,0.9764845967292786,1
5874,RCN15972,1209-PF-VN-IMPEQN-GENRE,Vietnam,Full,ElasticNet,1,1,0.9985998272895813,1
5875,RCN15973,1209-PF-VN-IMPEQN-GENRE,Vietnam,Full,ElasticNet,1,1,0.9985951781272888,1
5876,RCN15974,1209-PF-VN-IMPEQN-GENRE,Vietnam,Full,ElasticNet,1,1,0.9988239407539368,1
5877,RCN15975,1209-PF-VN-IMPEQN-GENRE,Vietnam,Full,ElasticNet,1,1,0.9572098255157471,1
5878,RCN15978,1209-PF-VN-IMPEQN-GENRE,Vietnam,Full,ElasticNet,1,1,0.9574769735336304,1
5879,RCN15979,1209-PF-VN-IMPEQN-GENRE,Vietnam,Full,ElasticNet,1,1,0.9988043308258057,1
5880,RCN15980,1209-PF-VN-IMPEQN-GENRE,Vietnam,Full,ElasticNet,1,1,0.9988126754760742,1
5881,RCN15982,1209-PF-VN-IMPEQN-GENRE,Vietnam,Full,ElasticNet,1,1,0.9986237287521362,1
5882,RCN15983,1209-PF-VN-IMPEQN-GENRE,Vietnam,Full,ElasticNet,1,1,0.9988008737564087,1
5883,RCN15986,1209-PF-VN-IMPEQN-GENRE,Vietnam,Full,ElasticNet,1,1,0.999337375164032,1
5884,RCN15987,1209-PF-VN-IMPEQN-GENRE,Vietnam,Full,ElasticNet,1,1,0.9988240599632263,1
5885,RCN15988,1209-PF-VN-IMPEQN-GENRE,Vietnam,Full,ElasticNet,1,1,0.9988135099411011,1
5886,RCN15989,1209-PF-VN-IMPEQN-GENRE,Vietnam,Full,ElasticNet,1,1,0.9988086223602295,1
5887,RCN15990,1209-PF-VN-IMPEQN-GENRE,Vietnam,Full,ElasticNet,1,1,0.9974915981292725,1
5888,RCN15991,1209-PF-VN-IMPEQN-GENRE,Vietnam,Full,ElasticNet,1,1,0.9576327204704285,1
5889,RCN15994,1209-PF-VN-IMPEQN-GENRE,Vietnam,Full,ElasticNet,1,1,0.9993463158607483,1
5890,RCN15995,1209-PF-VN-IMPEQN-GENRE,Vietnam,Full,ElasticNet,1,1,0.9988178610801697,1
5891,RCN15996,1209-PF-VN-IMPEQN-GENRE,Vietnam,Full,ElasticNet,1,1,0.9986107349395752,1
5892,RCN15997,1209-PF-VN-IMPEQN-GENRE,Vietnam,Full,ElasticNet,1,1,0.9988095760345459,1
5893,RCN15998,1209-PF-VN-IMPEQN-GENRE,Vietnam,Full,ElasticNet,1,1,0.9992274045944214,1
5894,RCN15999,1209-PF-VN-IMPEQN-GENRE,Vietnam,Full,ElasticNet,1,1,0.9572136402130127,1
5895,RCN16002,1209-PF-VN-IMPEQN-GENRE,Vietnam,Full,ElasticNet,1,1,0.9990156888961792,1
5896,RCN16003,1209-PF-VN-IMPEQN-GENRE,Vietnam,Full,ElasticNet,1,1,0.9762147068977356,1
5897,RCN16004,1209-PF-VN-IMPEQN-GENRE,Vietnam,Full,ElasticNet,1,1,0.998795747756958,1
5898,RCN16005,1209-PF-VN-IMPEQN-GENRE,Vietnam,Full,ElasticNet,1,1,0.9988172650337219,1
5899,RCN16006,1209-PF-VN-IMPEQN-GENRE,Vietnam,Full,ElasticNet,1,1,0.9988031387329102,1
5900,RCN16007,1209-PF-VN-IMPEQN-GENRE,Vietnam,Full,ElasticNet,1,0,0.020671458914875984,0
5901,RCN16010,1209-PF-VN-IMPEQN-GENRE,Vietnam,Full,ElasticNet,1,1,0.9994480013847351,1
5902,RCN16011,1209-PF-VN-IMPEQN-GENRE,Vietnam,Full,ElasticNet,1,1,0.9972639083862305,1
5903,RCN16012,1209-PF-VN-IMPEQN-GENRE,Vietnam,Full,ElasticNet,1,1,0.9183784127235413,1
5904,RCN16014,1209-PF-VN-IMPEQN-GENRE,Vietnam,Full,ElasticNet,1,0,0.5897396802902222,1
5905,RCN16015,1209-PF-VN-IMPEQN-GENRE,Vietnam,Full,ElasticNet,1,0,0.5885813236236572,1
5906,RCN16019,1209-PF-VN-IMPEQN-GENRE,Vietnam,Full,ElasticNet,1,1,0.9705937504768372,1
5907,RCN16020,1209-PF-VN-IMPEQN-GENRE,Vietnam,Full,ElasticNet,1,0,0.937312662601471,1
5908,RCN16022,1209-PF-VN-IMPEQN-GENRE,Vietnam,Full,ElasticNet,1,1,0.9574967622756958,1
5909,RCN16023,1209-PF-VN-IMPEQN-GENRE,Vietnam,Full,ElasticNet,1,0,0.9504083395004272,1
5910,RCN16026,1209-PF-VN-IMPEQN-GENRE,Vietnam,Full,ElasticNet,1,1,0.9579073190689087,1
5911,RCN16027,1209-PF-VN-IMPEQN-GENRE,Vietnam,Full,ElasticNet,1,1,0.9574911594390869,1
5912,RCN16029,1209-PF-VN-IMPEQN-GENRE,Vietnam,Full,ElasticNet,1,1,0.9988093376159668,1
5913,RCN16031,1209-PF-VN-IMPEQN-GENRE,Vietnam,Full,ElasticNet,1,0,0.9628902077674866,1
5914,RCN16036,1209-PF-VN-IMPEQN-GENRE,Vietnam,Full,ElasticNet,1,1,0.9987815022468567,1
5915,RCN16037,1209-PF-VN-IMPEQN-GENRE,Vietnam,Full,ElasticNet,1,0,0.9442102909088135,1
5916,RCN16038,1209-PF-VN-IMPEQN-GENRE,Vietnam,Full,ElasticNet,1,0,0.9503962397575378,1
5917,RCN16039,1209-PF-VN-IMPEQN-GENRE,Vietnam,Full,ElasticNet,1,0,0.9416472315788269,1
5918,RCN16042,1209-PF-VN-IMPEQN-GENRE,Vietnam,Full,ElasticNet,1,0,0.943874180316925,1
5919,RCN16043,1209-PF-VN-IMPEQN-GENRE,Vietnam,Full,ElasticNet,1,0,0.9429383873939514,1
5920,RCN16045,1209-PF-VN-IMPEQN-GENRE,Vietnam,Full,ElasticNet,1,1,0.9984291195869446,1
5921,RCN16046,1209-PF-VN-IMPEQN-GENRE,Vietnam,Full,ElasticNet,1,1,0.9453014731407166,1
5922,RCN16047,1209-PF-VN-IMPEQN-GENRE,Vietnam,Full,ElasticNet,1,1,0.9984613656997681,1
5923,RCN16048,1209-PF-VN-IMPEQN-GENRE,Vietnam,Full,ElasticNet,1,1,0.9686672687530518,1
5924,RCN16049,1209-PF-VN-IMPEQN-GENRE,Vietnam,Full,ElasticNet,1,1,0.9984354376792908,1
5925,RCN16050,1209-PF-VN-IMPEQN-GENRE,Vietnam,Full,ElasticNet,1,1,0.9448405504226685,1
5974,RCN18470,1209-PF-VN-IMPEQN-GENRE,Vietnam,Full,ElasticNet,1,1,0.9987996816635132,1
5975,RCN18472,1209-PF-VN-IMPEQN-GENRE,Vietnam,Full,ElasticNet,1,1,0.968805193901062,1
5976,RCN18475,1209-PF-VN-IMPEQN-GENRE,Vietnam,Full,ElasticNet,1,1,0.9985700845718384,1
5977,RCN18477,1209-PF-VN-IMPEQN-GENRE,Vietnam,Full,ElasticNet,1,1,0.9985540509223938,1
5978,RCN18478,1209-PF-VN-IMPEQN-GENRE,Vietnam,Full,ElasticNet,1,1,0.9988178610801697,1
5979,RCN18481,1209-PF-VN-IMPEQN-GENRE,Vietnam,Full,ElasticNet,1,1,0.9988231062889099,1
5980,RCN18485,1209-PF-VN-IMPEQN-GENRE,Vietnam,Full,ElasticNet,1,1,0.9988125562667847,1
5981,RCN18488,1209-PF-VN-IMPEQN-GENRE,Vietnam,Full,ElasticNet,1,1,0.9988138675689697,1
5982,RCN18489,1209-PF-VN-IMPEQN-GENRE,Vietnam,Full,ElasticNet,1,1,0.9985867738723755,1
5983,RCN18492,1209-PF-VN-IMPEQN-GENRE,Vietnam,Full,ElasticNet,1,1,0.999099850654602,1
5984,RCN18493,1209-PF-VN-IMPEQN-GENRE,Vietnam,Full,ElasticNet,1,1,0.9988001585006714,1
5985,RCN18494,1209-PF-VN-IMPEQN-GENRE,Vietnam,Full,ElasticNet,1,1,0.9987998008728027,1
5986,RCN18495,1209-PF-VN-IMPEQN-GENRE,Vietnam,Full,ElasticNet,1,1,0.9994106292724609,1
5987,RCN18496,1209-PF-VN-IMPEQN-GENRE,Vietnam,Full,ElasticNet,1,1,0.9988318085670471,1
5988,RCN18497,1209-PF-VN-IMPEQN-GENRE,Vietnam,Full,ElasticNet,1,1,0.9890172481536865,1
5989,RCN18500,1209-PF-VN-IMPEQN-GENRE,Vietnam,Full,ElasticNet,1,1,0.9988195300102234,1
5990,RCN18502,1209-PF-VN-IMPEQN-GENRE,Vietnam,Full,ElasticNet,1,1,0.9963453412055969,1
5991,RCN18503,1209-PF-VN-IMPEQN-GENRE,Vietnam,Full,ElasticNet,1,1,0.9988253712654114,1
5992,RCN18504,1209-PF-VN-IMPEQN-GENRE,Vietnam,Full,ElasticNet,1,1,0.9575772881507874,1
5993,RCN18505,1209-PF-VN-IMPEQN-GENRE,Vietnam,Full,ElasticNet,1,1,0.9993471503257751,1
5994,RCN18508,1209-PF-VN-IMPEQN-GENRE,Vietnam,Full,ElasticNet,1,1,0.9988214373588562,1
5995,RCN18509,1209-PF-VN-IMPEQN-GENRE,Vietnam,Full,ElasticNet,1,1,0.9988179802894592,1
5996,RCN18510,1209-PF-VN-IMPEQN-GENRE,Vietnam,Full,ElasticNet,1,1,0.998590886592865,1
5997,RCN18511,1209-PF-VN-IMPEQN-GENRE,Vietnam,Full,ElasticNet,1,1,0.9988045692443848,1
5998,RCN18512,1209-PF-VN-IMPEQN-GENRE,Vietnam,Full,ElasticNet,1,1,0.9986053109169006,1
5999,RCN18513,1209-PF-VN-IMPEQN-GENRE,Vietnam,Full,ElasticNet,1,1,0.9988211989402771,1
6000,RCN18518,1209-PF-VN-IMPEQN-GENRE,Vietnam,Full,ElasticNet,1,1,0.9988172650337219,1
6001,RCN18519,1209-PF-VN-IMPEQN-GENRE,Vietnam,Full,ElasticNet,1,1,0.9990940093994141,1
6002,RCN18520,1209-PF-VN-IMPEQN-GENRE,Vietnam,Full,ElasticNet,1,1,0.9992375373840332,1
6003,RCN18521,1209-PF-VN-IMPEQN-GENRE,Vietnam,Full,ElasticNet,1,1,0.9969874024391174,1
6004,RCN18524,1209-PF-VN-IMPEQN-GENRE,Vietnam,Full,ElasticNet,1,1,0.9988264441490173,1
6005,RCN18525,1209-PF-VN-IMPEQN-GENRE,Vietnam,Full,ElasticNet,1,1,0.9981129169464111,1
6006,RCN18527,1209-PF-VN-IMPEQN-GENRE,Vietnam,Full,ElasticNet,1,1,0.999221682548523,1
6007,RCN18528,1209-PF-VN-IMPEQN-GENRE,Vietnam,Full,ElasticNet,1,1,0.9982630610466003,1
6008,RCN18529,1209-PF-VN-IMPEQN-GENRE,Vietnam,Full,ElasticNet,1,1,0.9988061189651489,1
6009,RCN18534,1209-PF-VN-IMPEQN-GENRE,Vietnam,Full,ElasticNet,1,1,0.9986366629600525,1
6010,RCN18536,1209-PF-VN-IMPEQN-GENRE,Vietnam,Full,ElasticNet,1,1,0.9988123178482056,1
6011,RCN18540,1209-PF-VN-IMPEQN-GENRE,Vietnam,Full,ElasticNet,1,1,0.9988044500350952,1
6012,RCN18542,1209-PF-VN-IMPEQN-GENRE,Vietnam,Full,ElasticNet,1,1,0.9988117218017578,1
6013,RCN18543,1209-PF-VN-IMPEQN-GENRE,Vietnam,Full,ElasticNet,1,1,0.9986214637756348,1
6014,RCN18544,1209-PF-VN-IMPEQN-GENRE,Vietnam,Full,ElasticNet,1,1,0.9978551268577576,1
6015,RCN18545,1209-PF-VN-IMPEQN-GENRE,Vietnam,Full,ElasticNet,1,1,0.9694247841835022,1
6016,RCN18549,1209-PF-VN-IMPEQN-GENRE,Vietnam,Full,ElasticNet,1,1,0.9988093376159668,1
6017,RCN18550,1209-PF-VN-IMPEQN-GENRE,Vietnam,Full,ElasticNet,1,1,0.9988094568252563,1
6018,RCN18551,1209-PF-VN-IMPEQN-GENRE,Vietnam,Full,ElasticNet,1,1,0.9988000392913818,1
6019,RCN18552,1209-PF-VN-IMPEQN-GENRE,Vietnam,Full,ElasticNet,1,1,0.9983168840408325,1
6020,RCN18553,1209-PF-VN-IMPEQN-GENRE,Vietnam,Full,ElasticNet,1,1,0.999221920967102,1
6021,RCN18560,1209-PF-VN-IMPEQN-GENRE,Vietnam,Full,ElasticNet,1,1,0.9988335967063904,1
6022,RCN18564,1209-PF-VN-IMPEQN-GENRE,Vietnam,Full,ElasticNet,1,1,0.8671057224273682,1
6023,RCN18565,1209-PF-VN-IMPEQN-GENRE,Vietnam,Full,ElasticNet,1,1,0.9984326958656311,1
6024,RCN18566,1209-PF-VN-IMPEQN-GENRE,Vietnam,Full,ElasticNet,1,1,0.9981451034545898,1
6025,RCN18567,1209-PF-VN-IMPEQN-GENRE,Vietnam,Full,ElasticNet,1,1,0.9981688261032104,1
6026,RCN18572,1209-PF-VN-IMPEQN-GENRE,Vietnam,Full,ElasticNet,1,1,0.9959717392921448,1
6027,RCN18573,1209-PF-VN-IMPEQN-GENRE,Vietnam,Full,ElasticNet,1,1,0.9985895752906799,1
6028,RCN18574,1209-PF-VN-IMPEQN-GENRE,Vietnam,Full,ElasticNet,1,1,0.9985793828964233,1
6029,RCN18575,1209-PF-VN-IMPEQN-GENRE,Vietnam,Full,ElasticNet,1,1,0.9985631108283997,1
6030,RCN18578,1209-PF-VN-IMPEQN-GENRE,Vietnam,Full,ElasticNet,1,0,0.6852904558181763,1
6031,RCN18581,1209-PF-VN-IMPEQN-GENRE,Vietnam,Full,ElasticNet,1,0,0.587473452091217,1
6032,RCN18582,1209-PF-VN-IMPEQN-GENRE,Vietnam,Full,ElasticNet,1,0,0.010763435624539852,0
6033,RCN18583,1209-PF-VN-IMPEQN-GENRE,Vietnam,Full,ElasticNet,1,1,0.9992881417274475,1
6034,RCN18586,1209-PF-VN-IMPEQN-GENRE,Vietnam,Full,ElasticNet,1,1,0.9987970590591431,1
6035,RCN18587,1209-PF-VN-IMPEQN-GENRE,Vietnam,Full,ElasticNet,1,1,0.9988216757774353,1
6036,RCN18588,1209-PF-VN-IMPEQN-GENRE,Vietnam,Full,ElasticNet,1,1,0.9987990856170654,1
6037,RCN18589,1209-PF-VN-IMPEQN-GENRE,Vietnam,Full,ElasticNet,1,1,0.9988031387329102,1
6038,RCN18590,1209-PF-VN-IMPEQN-GENRE,Vietnam,Full,ElasticNet,1,1,0.9572697877883911,1
6039,RCN18591,1209-PF-VN-IMPEQN-GENRE,Vietnam,Full,ElasticNet,1,1,0.9569528102874756,1
6040,RCN18593,1209-PF-VN-IMPEQN-GENRE,Vietnam,Full,ElasticNet,1,1,0.9942016005516052,1
6041,RCN18594,1209-PF-VN-IMPEQN-GENRE,Vietnam,Full,ElasticNet,1,1,0.9931574463844299,1
6042,RCN18603,1209-PF-VN-IMPEQN-GENRE,Vietnam,Full,ElasticNet,1,1,0.9988470077514648,1
6043,RCN18605,1209-PF-VN-IMPEQN-GENRE,Vietnam,Full,ElasticNet,1,1,0.99921715259552,1
6044,RCN18607,1209-PF-VN-IMPEQN-GENRE,Vietnam,Full,ElasticNet,1,1,0.9988116025924683,1
6045,RCN18609,1209-PF-VN-IMPEQN-GENRE,Vietnam,Full,ElasticNet,1,1,0.9990289211273193,1
6046,RCN18611,1209-PF-VN-IMPEQN-GENRE,Vietnam,Full,ElasticNet,1,1,0.9985857009887695,1
6047,RCN18612,1209-PF-VN-IMPEQN-GENRE,Vietnam,Full,ElasticNet,1,1,0.9988413453102112,1
6048,RCN18613,1209-PF-VN-IMPEQN-GENRE,Vietnam,Full,ElasticNet,1,1,0.9585253000259399,1
6049,RCN18614,1209-PF-VN-IMPEQN-GENRE,Vietnam,Full,ElasticNet,1,1,0.9579923152923584,1
6050,RCN18615,1209-PF-VN-IMPEQN-GENRE,Vietnam,Full,ElasticNet,1,1,0.9988288283348083,1
6051,RCN18618,1209-PF-VN-IMPEQN-GENRE,Vietnam,Full,ElasticNet,1,1,0.9588825106620789,1
6052,RCN18619,1209-PF-VN-IMPEQN-GENRE,Vietnam,Full,ElasticNet,1,1,0.9586386680603027,1
6053,RCN18620,1209-PF-VN-IMPEQN-GENRE,Vietnam,Full,ElasticNet,1,1,0.9573741555213928,1
6054,RCN18621,1209-PF-VN-IMPEQN-GENRE,Vietnam,Full,ElasticNet,1,1,0.9569121599197388,1
6055,RCN18622,1209-PF-VN-IMPEQN-GENRE,Vietnam,Full,ElasticNet,1,1,0.9574477076530457,1
6056,RCN18623,1209-PF-VN-IMPEQN-GENRE,Vietnam,Full,ElasticNet,1,1,0.9584940671920776,1
6057,RCN18627,1209-PF-VN-IMPEQN-GENRE,Vietnam,Full,ElasticNet,1,1,0.9986295700073242,1
6058,RCN18628,1209-PF-VN-IMPEQN-GENRE,Vietnam,Full,ElasticNet,1,1,0.9714100956916809,1
6059,RCN18630,1209-PF-VN-IMPEQN-GENRE,Vietnam,Full,ElasticNet,1,1,0.998607337474823,1
6060,RCN18631,1209-PF-VN-IMPEQN-GENRE,Vietnam,Full,ElasticNet,1,1,0.9573243260383606,1
6061,RCN18633,1209-PF-VN-IMPEQN-GENRE,Vietnam,Full,ElasticNet,1,1,0.998806357383728,1
6062,RCN18634,1209-PF-VN-IMPEQN-GENRE,Vietnam,Full,ElasticNet,1,1,0.998601496219635,1
6063,RCN18635,1209-PF-VN-IMPEQN-GENRE,Vietnam,Full,ElasticNet,1,1,0.9985886216163635,1
6064,RCN18636,1209-PF-VN-IMPEQN-GENRE,Vietnam,Full,ElasticNet,1,1,0.9988054037094116,1
6065,RCN18637,1209-PF-VN-IMPEQN-GENRE,Vietnam,Full,ElasticNet,1,1,0.9985954165458679,1
6066,RCN18638,1209-PF-VN-IMPEQN-GENRE,Vietnam,Full,ElasticNet,1,1,0.9988191723823547,1
6067,RCN18639,1209-PF-VN-IMPEQN-GENRE,Vietnam,Full,ElasticNet,1,1,0.9988086223602295,1
6068,RCN18641,1209-PF-VN-IMPEQN-GENRE,Vietnam,Full,ElasticNet,1,1,0.998814582824707,1
6069,RCN18644,1209-PF-VN-IMPEQN-GENRE,Vietnam,Full,ElasticNet,1,1,0.9988282322883606,1
6070,RCN18646,1209-PF-VN-IMPEQN-GENRE,Vietnam,Full,ElasticNet,1,1,0.998809814453125,1
6071,RCN18647,1209-PF-VN-IMPEQN-GENRE,Vietnam,Full,ElasticNet,1,1,0.9988068342208862,1
6072,RCN18649,1209-PF-VN-IMPEQN-GENRE,Vietnam,Full,ElasticNet,1,1,0.9990763664245605,1
6073,RCN18651,1209-PF-VN-IMPEQN-GENRE,Vietnam,Full,ElasticNet,1,1,0.9988157749176025,1
6074,RCN18654,1209-PF-VN-IMPEQN-GENRE,Vietnam,Full,ElasticNet,1,1,0.9985874891281128,1
6075,RCN18655,1209-PF-VN-IMPEQN-GENRE,Vietnam,Full,ElasticNet,1,1,0.9986178874969482,1
6076,RCN18658,1209-PF-VN-IMPEQN-GENRE,Vietnam,Full,ElasticNet,1,1,0.9988351464271545,1
6077,RCN18659,1209-PF-VN-IMPEQN-GENRE,Vietnam,Full,ElasticNet,1,1,0.9988344311714172,1
6078,RCN18660,1209-PF-VN-IMPEQN-GENRE,Vietnam,Full,ElasticNet,1,1,0.998832643032074,1
6079,RCN18662,1209-PF-VN-IMPEQN-GENRE,Vietnam,Full,ElasticNet,1,1,0.9986005425453186,1
6080,RCN18664,1209-PF-VN-IMPEQN-GENRE,Vietnam,Full,ElasticNet,1,1,0.9986298084259033,1
6081,RCN18665,1209-PF-VN-IMPEQN-GENRE,Vietnam,Full,ElasticNet,1,1,0.9987995624542236,1
6082,RCN18666,1209-PF-VN-IMPEQN-GENRE,Vietnam,Full,ElasticNet,1,1,0.998583197593689,1
6083,RCN18667,1209-PF-VN-IMPEQN-GENRE,Vietnam,Full,ElasticNet,1,1,0.9986054301261902,1
6084,RCN18668,1209-PF-VN-IMPEQN-GENRE,Vietnam,Full,ElasticNet,1,1,0.9992408752441406,1
6085,RCN18669,1209-PF-VN-IMPEQN-GENRE,Vietnam,Full,ElasticNet,1,1,0.9985787868499756,1
6086,RCN18671,1209-PF-VN-IMPEQN-GENRE,Vietnam,Full,ElasticNet,1,1,0.9985775947570801,1
6087,RCN18672,1209-PF-VN-IMPEQN-GENRE,Vietnam,Full,ElasticNet,1,1,0.9985816478729248,1
6088,RCN18673,1209-PF-VN-IMPEQN-GENRE,Vietnam,Full,ElasticNet,1,1,0.9985914826393127,1
6089,RCN18675,1209-PF-VN-IMPEQN-GENRE,Vietnam,Full,ElasticNet,1,1,0.9990606904029846,1
6090,RCN18676,1209-PF-VN-IMPEQN-GENRE,Vietnam,Full,ElasticNet,1,1,0.9985824823379517,1
6091,RCN18677,1209-PF-VN-IMPEQN-GENRE,Vietnam,Full,ElasticNet,1,1,0.9987963438034058,1
6092,RCN18680,1209-PF-VN-IMPEQN-GENRE,Vietnam,Full,ElasticNet,1,1,0.9985811710357666,1
6093,RCN18681,1209-PF-VN-IMPEQN-GENRE,Vietnam,Full,ElasticNet,1,1,0.9991426467895508,1
6094,RCN18682,1209-PF-VN-IMPEQN-GENRE,Vietnam,Full,ElasticNet,1,1,0.9986153841018677,1
6095,RCN18683,1209-PF-VN-IMPEQN-GENRE,Vietnam,Full,ElasticNet,1,1,0.9986007809638977,1
6096,RCN18684,1209-PF-VN-IMPEQN-GENRE,Vietnam,Full,ElasticNet,1,1,0.998589813709259,1
6097,RCN18685,1209-PF-VN-IMPEQN-GENRE,Vietnam,Full,ElasticNet,1,1,0.9986039996147156,1
6098,RCN18687,1209-PF-VN-IMPEQN-GENRE,Vietnam,Full,ElasticNet,1,1,0.9990764856338501,1
6099,RCN18688,1209-PF-VN-IMPEQN-GENRE,Vietnam,Full,ElasticNet,1,1,0.998815655708313,1
6100,RCN18689,1209-PF-VN-IMPEQN-GENRE,Vietnam,Full,ElasticNet,1,1,0.9986157417297363,1
6101,RCN18690,1209-PF-VN-IMPEQN-GENRE,Vietnam,Full,ElasticNet,1,1,0.9992140531539917,1
6102,RCN18691,1209-PF-VN-IMPEQN-GENRE,Vietnam,Full,ElasticNet,1,1,0.9985914826393127,1
6103,RCN18692,1209-PF-VN-IMPEQN-GENRE,Vietnam,Full,ElasticNet,1,1,0.998603880405426,1
6104,RCN18693,1209-PF-VN-IMPEQN-GENRE,Vietnam,Full,ElasticNet,1,1,0.998890221118927,1
6105,RCN18695,1209-PF-VN-IMPEQN-GENRE,Vietnam,Full,ElasticNet,1,1,0.9986287355422974,1
6106,RCN18696,1209-PF-VN-IMPEQN-GENRE,Vietnam,Full,ElasticNet,1,1,0.9988037347793579,1
6107,RCN18697,1209-PF-VN-IMPEQN-GENRE,Vietnam,Full,ElasticNet,1,1,0.9988246560096741,1
6108,RCN18698,1209-PF-VN-IMPEQN-GENRE,Vietnam,Full,ElasticNet,1,1,0.9985974431037903,1
6109,RCN18699,1209-PF-VN-IMPEQN-GENRE,Vietnam,Full,ElasticNet,1,1,0.9985880255699158,1
6110,RCN18700,1209-PF-VN-IMPEQN-GENRE,Vietnam,Full,ElasticNet,1,1,0.9988435506820679,1
6111,RCN18701,1209-PF-VN-IMPEQN-GENRE,Vietnam,Full,ElasticNet,1,1,0.9986211061477661,1
6112,RCN18704,1209-PF-VN-IMPEQN-GENRE,Vietnam,Full,ElasticNet,1,1,0.9987860321998596,1
6113,RCN18705,1209-PF-VN-IMPEQN-GENRE,Vietnam,Full,ElasticNet,1,1,0.9988264441490173,1
6114,RCN18706,1209-PF-VN-IMPEQN-GENRE,Vietnam,Full,ElasticNet,1,1,0.9985879063606262,1
6115,RCN18707,1209-PF-VN-IMPEQN-GENRE,Vietnam,Full,ElasticNet,1,1,0.998618483543396,1
6116,RCN18708,1209-PF-VN-IMPEQN-GENRE,Vietnam,Full,ElasticNet,1,1,0.9988178610801697,1
6117,RCN18709,1209-PF-VN-IMPEQN-GENRE,Vietnam,Full,ElasticNet,1,1,0.9988417029380798,1
6118,RCN18712,1209-PF-VN-IMPEQN-GENRE,Vietnam,Full,ElasticNet,1,1,0.9986308217048645,1
6119,RCN18713,1209-PF-VN-IMPEQN-GENRE,Vietnam,Full,ElasticNet,1,1,0.998847246170044,1
6120,RCN18714,1209-PF-VN-IMPEQN-GENRE,Vietnam,Full,ElasticNet,1,0,0.21429041028022766,0
6121,RCN18715,1209-PF-VN-IMPEQN-GENRE,Vietnam,Full,ElasticNet,1,0,0.2148427665233612,0
6122,RCN18716,1209-PF-VN-IMPEQN-GENRE,Vietnam,Full,ElasticNet,1,0,0.21882264316082,0
6123,RCN18717,1209-PF-VN-IMPEQN-GENRE,Vietnam,Full,ElasticNet,1,0,0.25263941287994385,0
6124,RCN18718,1209-PF-VN-IMPEQN-GENRE,Vietnam,Full,ElasticNet,1,0,0.31502822041511536,0
6125,RCN18719,1209-PF-VN-IMPEQN-GENRE,Vietnam,Full,ElasticNet,1,0,0.33392783999443054,0
6126,RCN18720,1209-PF-VN-IMPEQN-GENRE,Vietnam,Full,ElasticNet,1,0,0.25575926899909973,0
6127,RCN18722,1209-PF-VN-IMPEQN-GENRE,Vietnam,Full,ElasticNet,1,0,0.21386852860450745,0
6128,RCN18723,1209-PF-VN-IMPEQN-GENRE,Vietnam,Full,ElasticNet,1,0,0.950351357460022,1
6129,RCN18724,1209-PF-VN-IMPEQN-GENRE,Vietnam,Full,ElasticNet,1,0,0.9502967000007629,1
6130,RCN18725,1209-PF-VN-IMPEQN-GENRE,Vietnam,Full,ElasticNet,1,1,0.995978832244873,1
6131,RCN18728,1209-PF-VN-IMPEQN-GENRE,Vietnam,Full,ElasticNet,1,1,0.999098539352417,1
6132,RCN18729,1209-PF-VN-IMPEQN-GENRE,Vietnam,Full,ElasticNet,1,1,0.9573596119880676,1
6133,RCN18730,1209-PF-VN-IMPEQN-GENRE,Vietnam,Full,ElasticNet,1,1,0.9572321176528931,1
6134,RCN18731,1209-PF-VN-IMPEQN-GENRE,Vietnam,Full,ElasticNet,1,1,0.9571283459663391,1
6135,RCN18732,1209-PF-VN-IMPEQN-GENRE,Vietnam,Full,ElasticNet,1,1,0.9576180577278137,1
6136,RCN18733,1209-PF-VN-IMPEQN-GENRE,Vietnam,Full,ElasticNet,1,1,0.9587758779525757,1
6137,RCN18734,1209-PF-VN-IMPEQN-GENRE,Vietnam,Full,ElasticNet,1,1,0.9573442339897156,1
6138,RCN18735,1209-PF-VN-IMPEQN-GENRE,Vietnam,Full,ElasticNet,1,1,0.9573071599006653,1
6139,RCN18736,1209-PF-VN-IMPEQN-GENRE,Vietnam,Full,ElasticNet,1,1,0.9573509693145752,1
6140,RCN18737,1209-PF-VN-IMPEQN-GENRE,Vietnam,Full,ElasticNet,1,1,0.9570429921150208,1
6141,RCN18738,1209-PF-VN-IMPEQN-GENRE,Vietnam,Full,ElasticNet,1,1,0.9570564031600952,1
6142,RCN18739,1209-PF-VN-IMPEQN-GENRE,Vietnam,Full,ElasticNet,1,0,0.0053034438751637936,0
6143,RCN18740,1209-PF-VN-IMPEQN-GENRE,Vietnam,Full,ElasticNet,1,1,0.9959406852722168,1
6144,RCN18741,1209-PF-VN-IMPEQN-GENRE,Vietnam,Full,ElasticNet,1,1,0.9958983063697815,1
6145,RCN18743,1209-PF-VN-IMPEQN-GENRE,Vietnam,Full,ElasticNet,1,1,0.9973028898239136,1
6146,RCN18744,1209-PF-VN-IMPEQN-GENRE,Vietnam,Full,ElasticNet,1,1,0.995888888835907,1
6147,RCN18745,1209-PF-VN-IMPEQN-GENRE,Vietnam,Full,ElasticNet,1,1,0.995881199836731,1
6148,RCN18747,1209-PF-VN-IMPEQN-GENRE,Vietnam,Full,ElasticNet,1,1,0.9730057120323181,1
6149,RCN18748,1209-PF-VN-IMPEQN-GENRE,Vietnam,Full,ElasticNet,1,1,0.9959259033203125,1
6150,RCN18749,1209-PF-VN-IMPEQN-GENRE,Vietnam,Full,ElasticNet,1,1,0.9985729455947876,1
6418,RCN24787,1209-PF-VN-IMPEQN-GENRE,Vietnam,Full,ElasticNet,1,1,0.9985918402671814,1
6419,RCN24788,1209-PF-VN-IMPEQN-GENRE,Vietnam,Full,ElasticNet,1,1,0.9987999200820923,1
6420,RCN24789,1209-PF-VN-IMPEQN-GENRE,Vietnam,Full,ElasticNet,1,0,0.9501460790634155,1
6421,RCN24790,1209-PF-VN-IMPEQN-GENRE,Vietnam,Full,ElasticNet,1,1,0.9985628724098206,1
6422,RCN24791,1209-PF-VN-IMPEQN-GENRE,Vietnam,Full,ElasticNet,1,0,0.10544032603502274,0
6423,RCN24792,1209-PF-VN-IMPEQN-GENRE,Vietnam,Full,ElasticNet,1,1,0.9985901713371277,1
6424,RCN24793,1209-PF-VN-IMPEQN-GENRE,Vietnam,Full,ElasticNet,1,1,0.9959529638290405,1
6425,RCN24794,1209-PF-VN-IMPEQN-GENRE,Vietnam,Full,ElasticNet,1,0,0.7468885183334351,1
6426,RCN24795,1209-PF-VN-IMPEQN-GENRE,Vietnam,Full,ElasticNet,1,1,0.9988094568252563,1
6427,RCN24796,1209-PF-VN-IMPEQN-GENRE,Vietnam,Full,ElasticNet,1,1,0.9988142251968384,1
6428,RCN24797,1209-PF-VN-IMPEQN-GENRE,Vietnam,Full,ElasticNet,1,1,0.9986022114753723,1
6429,RCN24798,1209-PF-VN-IMPEQN-GENRE,Vietnam,Full,ElasticNet,1,1,0.9987891316413879,1
6430,RCN24799,1209-PF-VN-IMPEQN-GENRE,Vietnam,Full,ElasticNet,1,1,0.998802900314331,1
6431,RCN24800,1209-PF-VN-IMPEQN-GENRE,Vietnam,Full,ElasticNet,1,1,0.9987913966178894,1
6432,RCN24801,1209-PF-VN-IMPEQN-GENRE,Vietnam,Full,ElasticNet,1,1,0.9988111257553101,1
6433,RCN24802,1209-PF-VN-IMPEQN-GENRE,Vietnam,Full,ElasticNet,1,1,0.9988290667533875,1
6434,RCN24803,1209-PF-VN-IMPEQN-GENRE,Vietnam,Full,ElasticNet,1,1,0.9988089799880981,1
6435,RCN24804,1209-PF-VN-IMPEQN-GENRE,Vietnam,Full,ElasticNet,1,1,0.9985973238945007,1
6436,RCN24805,1209-PF-VN-IMPEQN-GENRE,Vietnam,Full,ElasticNet,1,1,0.9992309808731079,1
6437,RCN24806,1209-PF-VN-IMPEQN-GENRE,Vietnam,Full,ElasticNet,1,1,0.9985811710357666,1
6438,RCN24807,1209-PF-VN-IMPEQN-GENRE,Vietnam,Full,ElasticNet,1,1,0.9988141059875488,1
6439,RCN24808,1209-PF-VN-IMPEQN-GENRE,Vietnam,Full,ElasticNet,1,1,0.9988190531730652,1
6440,RCN24809,1209-PF-VN-IMPEQN-GENRE,Vietnam,Full,ElasticNet,1,1,0.9988027811050415,1
6441,RCN24810,1209-PF-VN-IMPEQN-GENRE,Vietnam,Full,ElasticNet,1,1,0.9986101388931274,1
6442,RCN24811,1209-PF-VN-IMPEQN-GENRE,Vietnam,Full,ElasticNet,1,1,0.9988000392913818,1
6443,RCN24812,1209-PF-VN-IMPEQN-GENRE,Vietnam,Full,ElasticNet,1,1,0.9985920786857605,1
6444,RCN24813,1209-PF-VN-IMPEQN-GENRE,Vietnam,Full,ElasticNet,1,1,0.998589813709259,1
6445,RCN24814,1209-PF-VN-IMPEQN-GENRE,Vietnam,Full,ElasticNet,1,1,0.9988178610801697,1
6446,RCN24815,1209-PF-VN-IMPEQN-GENRE,Vietnam,Full,ElasticNet,1,1,0.9988479614257812,1
6447,RCN24816,1209-PF-VN-IMPEQN-GENRE,Vietnam,Full,ElasticNet,1,1,0.9988391995429993,1
6448,RCN24817,1209-PF-VN-IMPEQN-GENRE,Vietnam,Full,ElasticNet,1,1,0.9959701299667358,1
6449,RCN24818,1209-PF-VN-IMPEQN-GENRE,Vietnam,Full,ElasticNet,1,1,0.9988170862197876,1
6450,RCN24819,1209-PF-VN-IMPEQN-GENRE,Vietnam,Full,ElasticNet,1,1,0.9986030459403992,1
6451,RCN24820,1209-PF-VN-IMPEQN-GENRE,Vietnam,Full,ElasticNet,1,1,0.9986321330070496,1
6452,RCN24821,1209-PF-VN-IMPEQN-GENRE,Vietnam,Full,ElasticNet,1,1,0.9985923171043396,1
6453,RCN24822,1209-PF-VN-IMPEQN-GENRE,Vietnam,Full,ElasticNet,1,1,0.9562700986862183,1
6454,RCN24823,1209-PF-VN-IMPEQN-GENRE,Vietnam,Full,ElasticNet,1,1,0.9959776997566223,1
6455,RCN24824,1209-PF-VN-IMPEQN-GENRE,Vietnam,Full,ElasticNet,1,1,0.9986166954040527,1
6456,RCN24825,1209-PF-VN-IMPEQN-GENRE,Vietnam,Full,ElasticNet,1,1,0.9986170530319214,1
6457,RCN24826,1209-PF-VN-IMPEQN-GENRE,Vietnam,Full,ElasticNet,1,1,0.9988226294517517,1
6458,RCN24827,1209-PF-VN-IMPEQN-GENRE,Vietnam,Full,ElasticNet,1,1,0.9985939860343933,1
6459,RCN24828,1209-PF-VN-IMPEQN-GENRE,Vietnam,Full,ElasticNet,1,1,0.9988192915916443,1
6460,RCN24829,1209-PF-VN-IMPEQN-GENRE,Vietnam,Full,ElasticNet,1,1,0.9985936284065247,1
6461,RCN24831,1209-PF-VN-IMPEQN-GENRE,Vietnam,Full,ElasticNet,1,1,0.9985975623130798,1
6462,RCN24832,1209-PF-VN-IMPEQN-GENRE,Vietnam,Full,ElasticNet,1,1,0.9988197684288025,1
6463,RCN24833,1209-PF-VN-IMPEQN-GENRE,Vietnam,Full,ElasticNet,1,0,0.10515511780977249,0
6464,RCN24834,1209-PF-VN-IMPEQN-GENRE,Vietnam,Full,ElasticNet,1,1,0.9987247586250305,1
6465,RCN24835,1209-PF-VN-IMPEQN-GENRE,Vietnam,Full,ElasticNet,1,1,0.9985800981521606,1
6466,RCN24836,1209-PF-VN-IMPEQN-GENRE,Vietnam,Full,ElasticNet,1,1,0.998580813407898,1
6467,RCN24837,1209-PF-VN-IMPEQN-GENRE,Vietnam,Full,ElasticNet,1,1,0.998633086681366,1
6468,RCN24838,1209-PF-VN-IMPEQN-GENRE,Vietnam,Full,ElasticNet,1,1,0.9988059997558594,1
6469,RCN24839,1209-PF-VN-IMPEQN-GENRE,Vietnam,Full,ElasticNet,1,1,0.9985933899879456,1
6470,RCN24840,1209-PF-VN-IMPEQN-GENRE,Vietnam,Full,ElasticNet,1,1,0.9985969662666321,1
6471,RCN24841,1209-PF-VN-IMPEQN-GENRE,Vietnam,Full,ElasticNet,1,1,0.9912135004997253,1
6472,RCN24842,1209-PF-VN-IMPEQN-GENRE,Vietnam,Full,ElasticNet,1,1,0.9985963702201843,1
6473,RCN24844,1209-PF-VN-IMPEQN-GENRE,Vietnam,Full,ElasticNet,1,1,0.9990724325180054,1
6474,RCN24845,1209-PF-VN-IMPEQN-GENRE,Vietnam,Full,ElasticNet,1,1,0.9985575079917908,1
6475,RCN24848,1209-PF-VN-IMPEQN-GENRE,Vietnam,Full,ElasticNet,1,1,0.9988248944282532,1
6476,RCN24849,1209-PF-VN-IMPEQN-GENRE,Vietnam,Full,ElasticNet,1,1,0.9931665062904358,1
6477,RCN24850,1209-PF-VN-IMPEQN-GENRE,Vietnam,Full,ElasticNet,1,1,0.9992177486419678,1
6478,RCN24851,1209-PF-VN-IMPEQN-GENRE,Vietnam,Full,ElasticNet,1,1,0.9985947012901306,1
6479,RCN24853,1209-PF-VN-IMPEQN-GENRE,Vietnam,Full,ElasticNet,1,1,0.9985827207565308,1
6480,RCN24854,1209-PF-VN-IMPEQN-GENRE,Vietnam,Full,ElasticNet,1,1,0.9993450045585632,1
6481,RCN24855,1209-PF-VN-IMPEQN-GENRE,Vietnam,Full,ElasticNet,1,0,0.9504322409629822,1
6482,RCN24856,1209-PF-VN-IMPEQN-GENRE,Vietnam,Full,ElasticNet,1,1,0.9988089799880981,1
6483,RCN24857,1209-PF-VN-IMPEQN-GENRE,Vietnam,Full,ElasticNet,1,1,0.9988321661949158,1
6484,RCN24859,1209-PF-VN-IMPEQN-GENRE,Vietnam,Full,ElasticNet,1,1,0.9988200068473816,1
6485,RCN24860,1209-PF-VN-IMPEQN-GENRE,Vietnam,Full,ElasticNet,1,1,0.9988119602203369,1
6486,RCN24861,1209-PF-VN-IMPEQN-GENRE,Vietnam,Full,ElasticNet,1,1,0.9985771179199219,1
6487,RCN24862,1209-PF-VN-IMPEQN-GENRE,Vietnam,Full,ElasticNet,1,1,0.9986097812652588,1
6488,RCN24863,1209-PF-VN-IMPEQN-GENRE,Vietnam,Full,ElasticNet,1,1,0.9990690350532532,1
6489,RCN24864,1209-PF-VN-IMPEQN-GENRE,Vietnam,Full,ElasticNet,1,1,0.9988213181495667,1
6490,RCN24865,1209-PF-VN-IMPEQN-GENRE,Vietnam,Full,ElasticNet,1,1,0.9988117218017578,1
6491,RCN24866,1209-PF-VN-IMPEQN-GENRE,Vietnam,Full,ElasticNet,1,1,0.9995414018630981,1
6492,RCN24867,1209-PF-VN-IMPEQN-GENRE,Vietnam,Full,ElasticNet,1,1,0.998808741569519,1
6493,RCN24868,1209-PF-VN-IMPEQN-GENRE,Vietnam,Full,ElasticNet,1,1,0.9990671277046204,1
6494,RCN24869,1209-PF-VN-IMPEQN-GENRE,Vietnam,Full,ElasticNet,1,1,0.9991970658302307,1
6495,RCN24870,1209-PF-VN-IMPEQN-GENRE,Vietnam,Full,ElasticNet,1,1,0.9988306164741516,1
6496,RCN24871,1209-PF-VN-IMPEQN-GENRE,Vietnam,Full,ElasticNet,1,1,0.9987785220146179,1
6497,RCN24872,1209-PF-VN-IMPEQN-GENRE,Vietnam,Full,ElasticNet,1,1,0.9989713430404663,1
6498,RCN24873,1209-PF-VN-IMPEQN-GENRE,Vietnam,Full,ElasticNet,1,1,0.9986050724983215,1
6499,RCN24874,1209-PF-VN-IMPEQN-GENRE,Vietnam,Full,ElasticNet,1,1,0.9579468965530396,1
6500,RCN24875,1209-PF-VN-IMPEQN-GENRE,Vietnam,Full,ElasticNet,1,1,0.9909629225730896,1
6501,RCN24876,1209-PF-VN-IMPEQN-GENRE,Vietnam,Full,ElasticNet,1,1,0.957963228225708,1
6502,RCN24877,1209-PF-VN-IMPEQN-GENRE,Vietnam,Full,ElasticNet,1,1,0.9568732976913452,1
6503,RCN24878,1209-PF-VN-IMPEQN-GENRE,Vietnam,Full,ElasticNet,1,1,0.957254946231842,1
6504,RCN24879,1209-PF-VN-IMPEQN-GENRE,Vietnam,Full,ElasticNet,1,1,0.9486064314842224,1
6505,RCN24880,1209-PF-VN-IMPEQN-GENRE,Vietnam,Full,ElasticNet,1,1,0.9988162517547607,1
6506,RCN24883,1209-PF-VN-IMPEQN-GENRE,Vietnam,Full,ElasticNet,1,1,0.9571905136108398,1
6507,RCN24884,1209-PF-VN-IMPEQN-GENRE,Vietnam,Full,ElasticNet,1,1,0.9985881447792053,1
6508,RCN24885,1209-PF-VN-IMPEQN-GENRE,Vietnam,Full,ElasticNet,1,1,0.9579298496246338,1
6509,RCN24886,1209-PF-VN-IMPEQN-GENRE,Vietnam,Full,ElasticNet,1,1,0.999347984790802,1
6510,RCN24887,1209-PF-VN-IMPEQN-GENRE,Vietnam,Full,ElasticNet,1,1,0.9992042183876038,1
6511,RCN24888,1209-PF-VN-IMPEQN-GENRE,Vietnam,Full,ElasticNet,1,0,0.9463824033737183,1
6512,RCN24889,1209-PF-VN-IMPEQN-GENRE,Vietnam,Full,ElasticNet,1,1,0.9988111257553101,1
6513,RCN24890,1209-PF-VN-IMPEQN-GENRE,Vietnam,Full,ElasticNet,1,1,0.9984855055809021,1
6514,RCN24891,1209-PF-VN-IMPEQN-GENRE,Vietnam,Full,ElasticNet,1,1,0.9973559379577637,1
6515,RCN24892,1209-PF-VN-IMPEQN-GENRE,Vietnam,Full,ElasticNet,1,1,0.9988075494766235,1
6516,RCN24893,1209-PF-VN-IMPEQN-GENRE,Vietnam,Full,ElasticNet,1,1,0.9993473887443542,1
6517,RCN24894,1209-PF-VN-IMPEQN-GENRE,Vietnam,Full,ElasticNet,1,1,0.998810887336731,1
6518,RCN24895,1209-PF-VN-IMPEQN-GENRE,Vietnam,Full,ElasticNet,1,1,0.9987775683403015,1
6519,RCN24896,1209-PF-VN-IMPEQN-GENRE,Vietnam,Full,ElasticNet,1,1,0.998805046081543,1
6520,RCN24897,1209-PF-VN-IMPEQN-GENRE,Vietnam,Full,ElasticNet,1,1,0.9992130994796753,1
6521,RCN24898,1209-PF-VN-IMPEQN-GENRE,Vietnam,Full,ElasticNet,1,1,0.9574920535087585,1
6522,RCN24900,1209-PF-VN-IMPEQN-GENRE,Vietnam,Full,ElasticNet,1,1,0.99598228931427,1
6523,RCN24903,1209-PF-VN-IMPEQN-GENRE,Vietnam,Full,ElasticNet,1,0,0.9665782451629639,1
6524,RCN24904,1209-PF-VN-IMPEQN-GENRE,Vietnam,Full,ElasticNet,1,1,0.9574759006500244,1
6525,RCN24905,1209-PF-VN-IMPEQN-GENRE,Vietnam,Full,ElasticNet,1,1,0.9992154836654663,1
6526,RCN24906,1209-PF-VN-IMPEQN-GENRE,Vietnam,Full,ElasticNet,1,0,0.9501670598983765,1
6527,RCN24907,1209-PF-VN-IMPEQN-GENRE,Vietnam,Full,ElasticNet,1,1,0.958604633808136,1
6528,RCN24909,1209-PF-VN-IMPEQN-GENRE,Vietnam,Full,ElasticNet,1,0,0.9504322409629822,1
6529,RCN24910,1209-PF-VN-IMPEQN-GENRE,Vietnam,Full,ElasticNet,1,0,0.9447278380393982,1
6530,RCN24911,1209-PF-VN-IMPEQN-GENRE,Vietnam,Full,ElasticNet,1,0,0.9504322409629822,1
6531,RCN24912,1209-PF-VN-IMPEQN-GENRE,Vietnam,Full,ElasticNet,1,1,0.956888735294342,1
6532,RCN24913,1209-PF-VN-IMPEQN-GENRE,Vietnam,Full,ElasticNet,1,0,0.9504322409629822,1
6533,RCN24914,1209-PF-VN-IMPEQN-GENRE,Vietnam,Full,ElasticNet,1,0,0.9337548613548279,1
6534,RCN24915,1209-PF-VN-IMPEQN-GENRE,Vietnam,Full,ElasticNet,1,1,0.956216037273407,1
6535,RCN24916,1209-PF-VN-IMPEQN-GENRE,Vietnam,Full,ElasticNet,1,1,0.9572625756263733,1
6536,RCN24917,1209-PF-VN-IMPEQN-GENRE,Vietnam,Full,ElasticNet,1,1,0.9573236703872681,1
6537,RCN24918,1209-PF-VN-IMPEQN-GENRE,Vietnam,Full,ElasticNet,1,0,0.005579972639679909,0
6538,RCN24919,1209-PF-VN-IMPEQN-GENRE,Vietnam,Full,ElasticNet,1,1,0.9977821707725525,1
6539,RCN24921,1209-PF-VN-IMPEQN-GENRE,Vietnam,Full,ElasticNet,1,1,0.9985929131507874,1
6540,RCN24922,1209-PF-VN-IMPEQN-GENRE,Vietnam,Full,ElasticNet,1,1,0.9988093376159668,1
6541,RCN24923,1209-PF-VN-IMPEQN-GENRE,Vietnam,Full,ElasticNet,1,1,0.9988024234771729,1
6542,RCN24925,1209-PF-VN-IMPEQN-GENRE,Vietnam,Full,ElasticNet,1,1,0.9987794756889343,1
6543,RCN24926,1209-PF-VN-IMPEQN-GENRE,Vietnam,Full,ElasticNet,1,1,0.9987779259681702,1
6544,RCN24927,1209-PF-VN-IMPEQN-GENRE,Vietnam,Full,ElasticNet,1,1,0.9988141059875488,1
6545,RCN24928,1209-PF-VN-IMPEQN-GENRE,Vietnam,Full,ElasticNet,1,1,0.9985816478729248,1
6546,RCN24929,1209-PF-VN-IMPEQN-GENRE,Vietnam,Full,ElasticNet,1,1,0.9990677237510681,1
6547,RCN24930,1209-PF-VN-IMPEQN-GENRE,Vietnam,Full,ElasticNet,1,1,0.9985854625701904,1
6548,RCN24931,1209-PF-VN-IMPEQN-GENRE,Vietnam,Full,ElasticNet,1,1,0.9985848665237427,1
6549,RCN24932,1209-PF-VN-IMPEQN-GENRE,Vietnam,Full,ElasticNet,1,1,0.9985945820808411,1
6550,RCN24933,1209-PF-VN-IMPEQN-GENRE,Vietnam,Full,ElasticNet,1,1,0.9985955357551575,1
6551,RCN24934,1209-PF-VN-IMPEQN-GENRE,Vietnam,Full,ElasticNet,1,1,0.9986090064048767,1
6552,RCN24935,1209-PF-VN-IMPEQN-GENRE,Vietnam,Full,ElasticNet,1,1,0.9988023042678833,1
6553,RCN24936,1209-PF-VN-IMPEQN-GENRE,Vietnam,Full,ElasticNet,1,1,0.9987812638282776,1
6554,RCN24937,1209-PF-VN-IMPEQN-GENRE,Vietnam,Full,ElasticNet,1,1,0.9985888600349426,1
6555,RCN24938,1209-PF-VN-IMPEQN-GENRE,Vietnam,Full,ElasticNet,1,1,0.9572051167488098,1
6556,RCN24939,1209-PF-VN-IMPEQN-GENRE,Vietnam,Full,ElasticNet,1,1,0.9571049809455872,1
6557,RCN24940,1209-PF-VN-IMPEQN-GENRE,Vietnam,Full,ElasticNet,1,1,0.9574156403541565,1
6558,RCN24941,1209-PF-VN-IMPEQN-GENRE,Vietnam,Full,ElasticNet,1,1,0.9988213181495667,1
6559,RCN24942,1209-PF-VN-IMPEQN-GENRE,Vietnam,Full,ElasticNet,1,1,0.9586266279220581,1
6560,RCN24943,1209-PF-VN-IMPEQN-GENRE,Vietnam,Full,ElasticNet,1,1,0.9572519063949585,1
6561,RCN24944,1209-PF-VN-IMPEQN-GENRE,Vietnam,Full,ElasticNet,1,1,0.9571244120597839,1
6562,RCN24945,1209-PF-VN-IMPEQN-GENRE,Vietnam,Full,ElasticNet,1,1,0.957789957523346,1
6563,RCN24946,1209-PF-VN-IMPEQN-GENRE,Vietnam,Full,ElasticNet,1,1,0.9574286937713623,1
6564,RCN24947,1209-PF-VN-IMPEQN-GENRE,Vietnam,Full,ElasticNet,1,1,0.957319974899292,1
6565,RCN24948,1209-PF-VN-IMPEQN-GENRE,Vietnam,Full,ElasticNet,1,1,0.998591959476471,1
6566,RCN24949,1209-PF-VN-IMPEQN-GENRE,Vietnam,Full,ElasticNet,1,1,0.9992309808731079,1
6567,RCN24951,1209-PF-VN-IMPEQN-GENRE,Vietnam,Full,ElasticNet,1,1,0.9988164901733398,1
6568,RCN24953,1209-PF-VN-IMPEQN-GENRE,Vietnam,Full,ElasticNet,1,1,0.9985920786857605,1
6569,RCN24954,1209-PF-VN-IMPEQN-GENRE,Vietnam,Full,ElasticNet,1,1,0.9986074566841125,1
6570,RCN24955,1209-PF-VN-IMPEQN-GENRE,Vietnam,Full,ElasticNet,1,1,0.998612642288208,1
6571,RCN24956,1209-PF-VN-IMPEQN-GENRE,Vietnam,Full,ElasticNet,1,1,0.998327910900116,1
6572,RCN24957,1209-PF-VN-IMPEQN-GENRE,Vietnam,Full,ElasticNet,1,1,0.9972479939460754,1
6573,RCN24958,1209-PF-VN-IMPEQN-GENRE,Vietnam,Full,ElasticNet,1,1,0.998812198638916,1
6574,RCN24959,1209-PF-VN-IMPEQN-GENRE,Vietnam,Full,ElasticNet,1,1,0.998794674873352,1
6575,RCN24960,1209-PF-VN-IMPEQN-GENRE,Vietnam,Full,ElasticNet,1,1,0.9985851049423218,1
6576,RCN24961,1209-PF-VN-IMPEQN-GENRE,Vietnam,Full,ElasticNet,1,1,0.9985833168029785,1
6577,RCN24963,1209-PF-VN-IMPEQN-GENRE,Vietnam,Full,ElasticNet,1,1,0.9988172054290771,1
6578,RCN24964,1209-PF-VN-IMPEQN-GENRE,Vietnam,Full,ElasticNet,1,1,0.9988042116165161,1
6579,RCN24965,1209-PF-VN-IMPEQN-GENRE,Vietnam,Full,ElasticNet,1,1,0.9985817670822144,1
6580,RCN24966,1209-PF-VN-IMPEQN-GENRE,Vietnam,Full,ElasticNet,1,1,0.9985817670822144,1
6581,RCN24967,1209-PF-VN-IMPEQN-GENRE,Vietnam,Full,ElasticNet,1,1,0.9985949397087097,1
6582,RCN24968,1209-PF-VN-IMPEQN-GENRE,Vietnam,Full,ElasticNet,1,1,0.99857497215271,1
6583,RCN24969,1209-PF-VN-IMPEQN-GENRE,Vietnam,Full,ElasticNet,1,1,0.9986315369606018,1
6584,RCN24970,1209-PF-VN-IMPEQN-GENRE,Vietnam,Full,ElasticNet,1,1,0.9982921481132507,1
6585,RCN24971,1209-PF-VN-IMPEQN-GENRE,Vietnam,Full,ElasticNet,1,1,0.9985815286636353,1
6586,RCN24972,1209-PF-VN-IMPEQN-GENRE,Vietnam,Full,ElasticNet,1,1,0.9985843896865845,1
6587,RCN24974,1209-PF-VN-IMPEQN-GENRE,Vietnam,Full,ElasticNet,1,1,0.9947159886360168,1
6588,RCN24975,1209-PF-VN-IMPEQN-GENRE,Vietnam,Full,ElasticNet,1,1,0.9946544170379639,1
6589,RCN24978,1209-PF-VN-IMPEQN-GENRE,Vietnam,Full,ElasticNet,1,1,0.9959499835968018,1
6590,RCN24979,1209-PF-VN-IMPEQN-GENRE,Vietnam,Full,ElasticNet,1,1,0.9959462285041809,1
6591,RCN24980,1209-PF-VN-IMPEQN-GENRE,Vietnam,Full,ElasticNet,1,1,0.9959927201271057,1
6592,RCN24981,1209-PF-VN-IMPEQN-GENRE,Vietnam,Full,ElasticNet,1,1,0.9959681034088135,1
6593,RCN24982,1209-PF-VN-IMPEQN-GENRE,Vietnam,Full,ElasticNet,1,1,0.9959582686424255,1
6594,RCN24983,1209-PF-VN-IMPEQN-GENRE,Vietnam,Full,ElasticNet,1,1,0.9959514141082764,1
6595,RCN24985,1209-PF-VN-IMPEQN-GENRE,Vietnam,Full,ElasticNet,1,1,0.9959642887115479,1
6596,RCN24986,1209-PF-VN-IMPEQN-GENRE,Vietnam,Full,ElasticNet,1,1,0.9959393739700317,1
6597,RCN24987,1209-PF-VN-IMPEQN-GENRE,Vietnam,Full,ElasticNet,1,1,0.9958873391151428,1
6598,RCN24988,1209-PF-VN-IMPEQN-GENRE,Vietnam,Full,ElasticNet,1,1,0.9959486722946167,1
6599,RCN24989,1209-PF-VN-IMPEQN-GENRE,Vietnam,Full,ElasticNet,1,1,0.9959781169891357,1
6600,RCN24991,1209-PF-VN-IMPEQN-GENRE,Vietnam,Full,ElasticNet,1,1,0.9959673881530762,1
6601,RCN24992,1209-PF-VN-IMPEQN-GENRE,Vietnam,Full,ElasticNet,1,1,0.9959555864334106,1
6602,RCN24994,1209-PF-VN-IMPEQN-GENRE,Vietnam,Full,ElasticNet,1,1,0.995911717414856,1
6603,RCN24995,1209-PF-VN-IMPEQN-GENRE,Vietnam,Full,ElasticNet,1,1,0.9959087371826172,1
6604,RCN24996,1209-PF-VN-IMPEQN-GENRE,Vietnam,Full,ElasticNet,1,1,0.9959551095962524,1
6605,RCN24997,1209-PF-VN-IMPEQN-GENRE,Vietnam,Full,ElasticNet,1,1,0.9959379434585571,1
6606,RCN24998,1209-PF-VN-IMPEQN-GENRE,Vietnam,Full,ElasticNet,1,1,0.9959638118743896,1
6607,RCN25000,1209-PF-VN-IMPEQN-GENRE,Vietnam,Full,ElasticNet,1,1,0.9985883831977844,1
6608,RCN25003,1209-PF-VN-IMPEQN-GENRE,Vietnam,Full,ElasticNet,1,1,0.998609185218811,1
6609,RCN25004,1209-PF-VN-IMPEQN-GENRE,Vietnam,Full,ElasticNet,1,1,0.9859785437583923,1
6610,RCN25005,1209-PF-VN-IMPEQN-GENRE,Vietnam,Full,ElasticNet,1,1,0.9985896944999695,1
6611,RCN25006,1209-PF-VN-IMPEQN-GENRE,Vietnam,Full,ElasticNet,1,1,0.9650492668151855,1
6612,RCN25007,1209-PF-VN-IMPEQN-GENRE,Vietnam,Full,ElasticNet,1,1,0.9572848677635193,1
6613,RCN25008,1209-PF-VN-IMPEQN-GENRE,Vietnam,Full,ElasticNet,1,1,0.9575657248497009,1
6614,RCN25009,1209-PF-VN-IMPEQN-GENRE,Vietnam,Full,ElasticNet,1,1,0.9581800699234009,1
6615,RCN25010,1209-PF-VN-IMPEQN-GENRE,Vietnam,Full,ElasticNet,1,1,0.9572158455848694,1
6616,RCN25011,1209-PF-VN-IMPEQN-GENRE,Vietnam,Full,ElasticNet,1,1,0.9571766257286072,1
6617,RCN25012,1209-PF-VN-IMPEQN-GENRE,Vietnam,Full,ElasticNet,1,1,0.957811176776886,1
6618,RCN25013,1209-PF-VN-IMPEQN-GENRE,Vietnam,Full,ElasticNet,1,1,0.9572176933288574,1
6619,RCN25014,1209-PF-VN-IMPEQN-GENRE,Vietnam,Full,ElasticNet,1,1,0.9574759602546692,1
6620,RCN25015,1209-PF-VN-IMPEQN-GENRE,Vietnam,Full,ElasticNet,1,1,0.9575901031494141,1
6621,RCN25016,1209-PF-VN-IMPEQN-GENRE,Vietnam,Full,ElasticNet,1,1,0.9571714997291565,1
6622,RCN25017,1209-PF-VN-IMPEQN-GENRE,Vietnam,Full,ElasticNet,1,1,0.9578917026519775,1
6623,RCN25018,1209-PF-VN-IMPEQN-GENRE,Vietnam,Full,ElasticNet,1,1,0.9574612379074097,1
6624,RCN25019,1209-PF-VN-IMPEQN-GENRE,Vietnam,Full,ElasticNet,1,1,0.9573164582252502,1
6625,RCN25020,1209-PF-VN-IMPEQN-GENRE,Vietnam,Full,ElasticNet,1,1,0.957454264163971,1
6626,RCN25021,1209-PF-VN-IMPEQN-GENRE,Vietnam,Full,ElasticNet,1,1,0.9571204781532288,1
6627,RCN25022,1209-PF-VN-IMPEQN-GENRE,Vietnam,Full,ElasticNet,1,1,0.9579275846481323,1
6628,RCN25023,1209-PF-VN-IMPEQN-GENRE,Vietnam,Full,ElasticNet,1,1,0.9570848941802979,1
6629,RCN25024,1209-PF-VN-IMPEQN-GENRE,Vietnam,Full,ElasticNet,1,1,0.9564316868782043,1
6630,RCN25025,1209-PF-VN-IMPEQN-GENRE,Vietnam,Full,ElasticNet,1,1,0.9570872783660889,1
6631,RCN25026,1209-PF-VN-IMPEQN-GENRE,Vietnam,Full,ElasticNet,1,1,0.9570915699005127,1
6632,RCN25027,1209-PF-VN-IMPEQN-GENRE,Vietnam,Full,ElasticNet,1,1,0.9986075758934021,1
6633,RCN25028,1209-PF-VN-IMPEQN-GENRE,Vietnam,Full,ElasticNet,1,1,0.9575297832489014,1
6634,RCN25029,1209-PF-VN-IMPEQN-GENRE,Vietnam,Full,ElasticNet,1,1,0.9572253227233887,1
6635,RCN25030,1209-PF-VN-IMPEQN-GENRE,Vietnam,Full,ElasticNet,1,1,0.9572667479515076,1
6636,RCN25036,1209-PF-VN-IMPEQN-GENRE,Vietnam,Full,ElasticNet,1,1,0.9990770816802979,1
6637,RCN25047,1209-PF-VN-IMPEQN-GENRE,Vietnam,Full,ElasticNet,1,1,0.9969869256019592,1
6638,RCN25053,1209-PF-VN-IMPEQN-GENRE,Vietnam,Full,ElasticNet,1,1,0.9992361068725586,1
6639,RCN25061,1209-PF-VN-IMPEQN-GENRE,Vietnam,Full,ElasticNet,1,1,0.9955997467041016,1
6640,RCN25063,1209-PF-VN-IMPEQN-GENRE,Vietnam,Full,ElasticNet,1,1,0.9931889772415161,1
6641,RCN25064,1209-PF-VN-IMPEQN-GENRE,Vietnam,Full,ElasticNet,1,1,0.9959902167320251,1
6642,RCN25065,1209-PF-VN-IMPEQN-GENRE,Vietnam,Full,ElasticNet,1,1,0.9580132365226746,1
6643,RCN25068,1209-PF-VN-IMPEQN-GENRE,Vietnam,Full,ElasticNet,1,1,0.9988077878952026,1
6644,RCN25076,1209-PF-VN-IMPEQN-GENRE,Vietnam,Full,ElasticNet,1,1,0.9941636919975281,1
6645,RCN25079,1209-PF-VN-IMPEQN-GENRE,Vietnam,Full,ElasticNet,1,0,0.9504110217094421,1
6646,RCN25080,1209-PF-VN-IMPEQN-GENRE,Vietnam,Full,ElasticNet,1,1,0.9985774755477905,1
6647,RCN25081,1209-PF-VN-IMPEQN-GENRE,Vietnam,Full,ElasticNet,1,1,0.9573429822921753,1
6648,RCN25083,1209-PF-VN-IMPEQN-GENRE,Vietnam,Full,ElasticNet,1,1,0.9561532735824585,1
6649,RCN25084,1209-PF-VN-IMPEQN-GENRE,Vietnam,Full,ElasticNet,1,1,0.9570304155349731,1
6650,RCN25085,1209-PF-VN-IMPEQN-GENRE,Vietnam,Full,ElasticNet,1,1,0.9563050270080566,1
6651,RCN25088,1209-PF-VN-IMPEQN-GENRE,Vietnam,Full,ElasticNet,1,1,0.9762296080589294,1
6652,RCN25089,1209-PF-VN-IMPEQN-GENRE,Vietnam,Full,ElasticNet,1,1,0.9982903599739075,1
6653,RCN25090,1209-PF-VN-IMPEQN-GENRE,Vietnam,Full,ElasticNet,1,1,0.9469923377037048,1
6654,RCN25091,1209-PF-VN-IMPEQN-GENRE,Vietnam,Full,ElasticNet,1,1,0.9969859719276428,1
6655,RCN25093,1209-PF-VN-IMPEQN-GENRE,Vietnam,Full,ElasticNet,1,1,0.9572818279266357,1
6656,RCN25095,1209-PF-VN-IMPEQN-GENRE,Vietnam,Full,ElasticNet,1,1,0.9982715845108032,1
6657,RCN25097,1209-PF-VN-IMPEQN-GENRE,Vietnam,Full,ElasticNet,1,1,0.99859219789505,1
6658,RCN25099,1209-PF-VN-IMPEQN-GENRE,Vietnam,Full,ElasticNet,1,1,0.9985973238945007,1
6659,RCN25102,1209-PF-VN-IMPEQN-GENRE,Vietnam,Full,ElasticNet,1,1,0.9979642629623413,1
6660,RCN25103,1209-PF-VN-IMPEQN-GENRE,Vietnam,Full,ElasticNet,1,1,0.9980822801589966,1
6661,RCN25104,1209-PF-VN-IMPEQN-GENRE,Vietnam,Full,ElasticNet,1,1,0.9575602412223816,1
6662,RCN25105,1209-PF-VN-IMPEQN-GENRE,Vietnam,Full,ElasticNet,1,1,0.9988182187080383,1
6663,RCN25107,1209-PF-VN-IMPEQN-GENRE,Vietnam,Full,ElasticNet,1,1,0.9985812902450562,1
6664,RCN25108,1209-PF-VN-IMPEQN-GENRE,Vietnam,Full,ElasticNet,1,1,0.9572106003761292,1
6665,RCN25112,1209-PF-VN-IMPEQN-GENRE,Vietnam,Full,ElasticNet,1,1,0.971660315990448,1
6666,RCN25116,1209-PF-VN-IMPEQN-GENRE,Vietnam,Full,ElasticNet,1,1,0.9994096755981445,1
6667,RCN25118,1209-PF-VN-IMPEQN-GENRE,Vietnam,Full,ElasticNet,1,1,0.9985905289649963,1
6668,RCN25119,1209-PF-VN-IMPEQN-GENRE,Vietnam,Full,ElasticNet,1,1,0.9985939860343933,1
6669,RCN25120,1209-PF-VN-IMPEQN-GENRE,Vietnam,Full,ElasticNet,1,1,0.9985793828964233,1
6670,RCN25124,1209-PF-VN-IMPEQN-GENRE,Vietnam,Full,ElasticNet,1,1,0.9483951330184937,1
6671,RCN25125,1209-PF-VN-IMPEQN-GENRE,Vietnam,Full,ElasticNet,1,1,0.9986044764518738,1
6672,RCN25129,1209-PF-VN-IMPEQN-GENRE,Vietnam,Full,ElasticNet,1,1,0.9991036057472229,1
6673,RCN25130,1209-PF-VN-IMPEQN-GENRE,Vietnam,Full,ElasticNet,1,1,0.9572691321372986,1
6674,RCN25134,1209-PF-VN-IMPEQN-GENRE,Vietnam,Full,ElasticNet,1,1,0.9988875985145569,1
6675,RCN25137,1209-PF-VN-IMPEQN-GENRE,Vietnam,Full,ElasticNet,1,1,0.9985858201980591,1
6676,RCN25142,1209-PF-VN-IMPEQN-GENRE,Vietnam,Full,ElasticNet,1,1,0.948767900466919,1
6677,RCN25143,1209-PF-VN-IMPEQN-GENRE,Vietnam,Full,ElasticNet,1,1,0.9909363389015198,1
6678,RCN25145,1209-PF-VN-IMPEQN-GENRE,Vietnam,Full,ElasticNet,1,1,0.9988067150115967,1
6679,RCN25151,1209-PF-VN-IMPEQN-GENRE,Vietnam,Full,ElasticNet,1,1,0.9972841739654541,1
6680,RCN25153,1209-PF-VN-IMPEQN-GENRE,Vietnam,Full,ElasticNet,1,0,0.7468128204345703,1
6681,RCN25154,1209-PF-VN-IMPEQN-GENRE,Vietnam,Full,ElasticNet,1,1,0.957344651222229,1
6682,RCN25158,1209-PF-VN-IMPEQN-GENRE,Vietnam,Full,ElasticNet,1,1,0.9987999200820923,1
6683,RCN25162,1209-PF-VN-IMPEQN-GENRE,Vietnam,Full,ElasticNet,1,1,0.9988126754760742,1
6684,RCN25166,1209-PF-VN-IMPEQN-GENRE,Vietnam,Full,ElasticNet,1,1,0.9983071088790894,1
6685,RCN25170,1209-PF-VN-IMPEQN-GENRE,Vietnam,Full,ElasticNet,1,1,0.9985847473144531,1
6686,RCN25177,1209-PF-VN-IMPEQN-GENRE,Vietnam,Full,ElasticNet,1,1,0.9988346695899963,1
6687,RCN25178,1209-PF-VN-IMPEQN-GENRE,Vietnam,Full,ElasticNet,1,1,0.9985968470573425,1
6688,RCN25179,1209-PF-VN-IMPEQN-GENRE,Vietnam,Full,ElasticNet,1,1,0.993043065071106,1
2622,RCN06881,1180-PF-TRAC2-DONDORP,Thailand,Full,ElasticNet,2,1,0.938712477684021,1
2623,RCN06893,1180-PF-TRAC2-DONDORP,Thailand,Full,ElasticNet,2,1,0.9576139450073242,1
2936,RCN08922,1208-PF-LA-CMPE-GENRE,Laos,Full,ElasticNet,2,0,0.3204116225242615,0
2937,RCN08923,1208-PF-LA-CMPE-GENRE,Laos,Full,ElasticNet,2,0,0.1867247372865677,0
2938,RCN08925,1208-PF-LA-CMPE-GENRE,Laos,Full,ElasticNet,2,0,0.0960204154253006,0
2939,RCN08926,1208-PF-LA-CMPE-GENRE,Laos,Full,ElasticNet,2,1,0.9530468583106995,1
2940,RCN08927,1208-PF-LA-CMPE-GENRE,Laos,Full,ElasticNet,2,0,0.09593899548053741,0
2941,RCN08929,1208-PF-LA-CMPE-GENRE,Laos,Full,ElasticNet,2,1,0.9956902861595154,1
2942,RCN08930,1208-PF-LA-CMPE-GENRE,Laos,Full,ElasticNet,2,0,0.0963503047823906,0
2943,RCN08931,1208-PF-LA-CMPE-GENRE,Laos,Full,ElasticNet,2,1,0.9957383871078491,1
2944,RCN08933,1208-PF-LA-CMPE-GENRE,Laos,Full,ElasticNet,2,0,0.09585397690534592,0
2945,RCN08934,1208-PF-LA-CMPE-GENRE,Laos,Full,ElasticNet,2,0,0.23006515204906464,0
2946,RCN08935,1208-PF-LA-CMPE-GENRE,Laos,Full,ElasticNet,2,0,0.09501664340496063,0
2947,RCN08936,1208-PF-LA-CMPE-GENRE,Laos,Full,ElasticNet,2,0,0.09581032395362854,0
2948,RCN08937,1208-PF-LA-CMPE-GENRE,Laos,Full,ElasticNet,2,0,0.31953752040863037,0
2949,RCN08938,1208-PF-LA-CMPE-GENRE,Laos,Full,ElasticNet,2,0,0.16905255615711212,0
2950,RCN08939,1208-PF-LA-CMPE-GENRE,Laos,Full,ElasticNet,2,0,0.32089588046073914,0
2951,RCN08941,1208-PF-LA-CMPE-GENRE,Laos,Full,ElasticNet,2,0,0.31961360573768616,0
2952,RCN08942,1208-PF-LA-CMPE-GENRE,Laos,Full,ElasticNet,2,1,0.9933699369430542,1
2953,RCN08943,1208-PF-LA-CMPE-GENRE,Laos,Full,ElasticNet,2,0,0.32101380825042725,0
2954,RCN08945,1208-PF-LA-CMPE-GENRE,Laos,Full,ElasticNet,2,0,0.32135406136512756,0
2955,RCN08946,1208-PF-LA-CMPE-GENRE,Laos,Full,ElasticNet,2,0,0.0223292987793684,0
2956,RCN08947,1208-PF-LA-CMPE-GENRE,Laos,Full,ElasticNet,2,0,0.0955776795744896,0
2957,RCN08949,1208-PF-LA-CMPE-GENRE,Laos,Full,ElasticNet,2,0,0.23022182285785675,0
2958,RCN08950,1208-PF-LA-CMPE-GENRE,Laos,Full,ElasticNet,2,0,0.09592001140117645,0
2959,RCN08951,1208-PF-LA-CMPE-GENRE,Laos,Full,ElasticNet,2,0,0.09661055356264114,0
2960,RCN08952,1208-PF-LA-CMPE-GENRE,Laos,Full,ElasticNet,2,0,0.09611572325229645,0
2961,RCN08953,1208-PF-LA-CMPE-GENRE,Laos,Full,ElasticNet,2,0,0.09641677141189575,0
2962,RCN08954,1208-PF-LA-CMPE-GENRE,Laos,Full,ElasticNet,2,0,0.2281886637210846,0
2963,RCN08955,1208-PF-LA-CMPE-GENRE,Laos,Full,ElasticNet,2,0,0.44095954298973083,0
2964,RCN08957,1208-PF-LA-CMPE-GENRE,Laos,Full,ElasticNet,2,0,0.320269376039505,0
2965,RCN08958,1208-PF-LA-CMPE-GENRE,Laos,Full,ElasticNet,2,1,0.9937811493873596,1
2966,RCN08959,1208-PF-LA-CMPE-GENRE,Laos,Full,ElasticNet,2,1,0.9930994510650635,1
2967,RCN08960,1208-PF-LA-CMPE-GENRE,Laos,Full,ElasticNet,2,1,0.9938623905181885,1
2968,RCN08961,1208-PF-LA-CMPE-GENRE,Laos,Full,ElasticNet,2,1,0.51380854845047,1
2969,RCN08962,1208-PF-LA-CMPE-GENRE,Laos,Full,ElasticNet,2,0,0.8807761669158936,1
2970,RCN08963,1208-PF-LA-CMPE-GENRE,Laos,Full,ElasticNet,2,1,0.982266366481781,1
2971,RCN08966,1208-PF-LA-CMPE-GENRE,Laos,Full,ElasticNet,2,1,0.9933871626853943,1
2972,RCN08971,1208-PF-LA-CMPE-GENRE,Laos,Full,ElasticNet,2,1,0.9934120774269104,1
2973,RCN08973,1208-PF-LA-CMPE-GENRE,Laos,Full,ElasticNet,2,0,0.23000070452690125,0
2974,RCN08974,1208-PF-LA-CMPE-GENRE,Laos,Full,ElasticNet,2,0,0.2276448756456375,0
2975,RCN08975,1208-PF-LA-CMPE-GENRE,Laos,Full,ElasticNet,2,1,0.9820543527603149,1
2976,RCN08976,1208-PF-LA-CMPE-GENRE,Laos,Full,ElasticNet,2,1,0.9195230007171631,1
2977,RCN08977,1208-PF-LA-CMPE-GENRE,Laos,Full,ElasticNet,2,1,0.9938687682151794,1
2978,RCN08978,1208-PF-LA-CMPE-GENRE,Laos,Full,ElasticNet,2,0,0.23078493773937225,0
2979,RCN08979,1208-PF-LA-CMPE-GENRE,Laos,Full,ElasticNet,2,0,0.2311505824327469,0
2980,RCN08981,1208-PF-LA-CMPE-GENRE,Laos,Full,ElasticNet,2,1,0.9401323199272156,1
2981,RCN08982,1208-PF-LA-CMPE-GENRE,Laos,Full,ElasticNet,2,1,0.9403260350227356,1
2982,RCN08984,1208-PF-LA-CMPE-GENRE,Laos,Full,ElasticNet,2,1,0.9860088229179382,1
2983,RCN08985,1208-PF-LA-CMPE-GENRE,Laos,Full,ElasticNet,2,1,0.9939501285552979,1
2984,RCN08987,1208-PF-LA-CMPE-GENRE,Laos,Full,ElasticNet,2,1,0.9938516616821289,1
2985,RCN08989,1208-PF-LA-CMPE-GENRE,Laos,Full,ElasticNet,2,1,0.9933120608329773,1
2986,RCN08990,1208-PF-LA-CMPE-GENRE,Laos,Full,ElasticNet,2,1,0.9055630564689636,1
2987,RCN08991,1208-PF-LA-CMPE-GENRE,Laos,Full,ElasticNet,2,1,0.9528541564941406,1
2988,RCN08992,1208-PF-LA-CMPE-GENRE,Laos,Full,ElasticNet,2,1,0.9869800806045532,1
2989,RCN08993,1208-PF-LA-CMPE-GENRE,Laos,Full,ElasticNet,2,1,0.9953821301460266,1
2990,RCN08994,1208-PF-LA-CMPE-GENRE,Laos,Full,ElasticNet,2,1,0.9933788776397705,1
2991,RCN08995,1208-PF-LA-CMPE-GENRE,Laos,Full,ElasticNet,2,1,0.9933111667633057,1
2992,RCN08998,1208-PF-LA-CMPE-GENRE,Laos,Full,ElasticNet,2,1,0.9933429956436157,1
2993,RCN08999,1208-PF-LA-CMPE-GENRE,Laos,Full,ElasticNet,2,1,0.9759411215782166,1
2994,RCN09000,1208-PF-LA-CMPE-GENRE,Laos,Full,ElasticNet,2,1,0.9525842070579529,1
2995,RCN09001,1208-PF-LA-CMPE-GENRE,Laos,Full,ElasticNet,2,1,0.9868861436843872,1
2996,RCN09002,1208-PF-LA-CMPE-GENRE,Laos,Full,ElasticNet,2,1,0.9720755815505981,1
2997,RCN09003,1208-PF-LA-CMPE-GENRE,Laos,Full,ElasticNet,2,1,0.9956464171409607,1
2998,RCN09006,1208-PF-LA-CMPE-GENRE,Laos,Full,ElasticNet,2,1,0.9783235788345337,1
2999,RCN09007,1208-PF-LA-CMPE-GENRE,Laos,Full,ElasticNet,2,1,0.976017415523529,1
3000,RCN09010,1208-PF-LA-CMPE-GENRE,Laos,Full,ElasticNet,2,1,0.9110100865364075,1
3001,RCN09012,1208-PF-LA-CMPE-GENRE,Laos,Full,ElasticNet,2,1,0.9884948134422302,1
3002,RCN09014,1208-PF-LA-CMPE-GENRE,Laos,Full,ElasticNet,2,0,0.22985565662384033,0
3003,RCN09016,1208-PF-LA-CMPE-GENRE,Laos,Full,ElasticNet,2,1,0.9938855767250061,1
3004,RCN09018,1208-PF-LA-CMPE-GENRE,Laos,Full,ElasticNet,2,1,0.9939610958099365,1
3005,RCN09019,1208-PF-LA-CMPE-GENRE,Laos,Full,ElasticNet,2,1,0.9938427209854126,1
3006,RCN09020,1208-PF-LA-CMPE-GENRE,Laos,Full,ElasticNet,2,1,0.9936414361000061,1
3007,RCN09021,1208-PF-LA-CMPE-GENRE,Laos,Full,ElasticNet,2,1,0.9935843348503113,1
3008,RCN09022,1208-PF-LA-CMPE-GENRE,Laos,Full,ElasticNet,2,1,0.9841043949127197,1
3009,RCN09023,1208-PF-LA-CMPE-GENRE,Laos,Full,ElasticNet,2,1,0.993803858757019,1
3010,RCN09024,1208-PF-LA-CMPE-GENRE,Laos,Full,ElasticNet,2,1,0.9934355020523071,1
3011,RCN09025,1208-PF-LA-CMPE-GENRE,Laos,Full,ElasticNet,2,1,0.9938367009162903,1
3012,RCN09027,1208-PF-LA-CMPE-GENRE,Laos,Full,ElasticNet,2,1,0.8647801876068115,1
3013,RCN09029,1208-PF-LA-CMPE-GENRE,Laos,Full,ElasticNet,2,0,0.020083805546164513,0
3014,RCN09031,1208-PF-LA-CMPE-GENRE,Laos,Full,ElasticNet,2,0,0.016952602192759514,0
3015,RCN09032,1208-PF-LA-CMPE-GENRE,Laos,Full,ElasticNet,2,0,0.016970736905932426,0
3016,RCN09033,1208-PF-LA-CMPE-GENRE,Laos,Full,ElasticNet,2,0,0.016915634274482727,0
3017,RCN09034,1208-PF-LA-CMPE-GENRE,Laos,Full,ElasticNet,2,1,0.9929205775260925,1
3018,RCN09035,1208-PF-LA-CMPE-GENRE,Laos,Full,ElasticNet,2,0,0.020648052915930748,0
3019,RCN09036,1208-PF-LA-CMPE-GENRE,Laos,Full,ElasticNet,2,0,0.020616641268134117,0
3020,RCN09037,1208-PF-LA-CMPE-GENRE,Laos,Full,ElasticNet,2,1,0.8657766580581665,1
3021,RCN09038,1208-PF-LA-CMPE-GENRE,Laos,Full,ElasticNet,2,1,0.016946738585829735,0
3022,RCN09039,1208-PF-LA-CMPE-GENRE,Laos,Full,ElasticNet,2,1,0.016908254474401474,0
3023,RCN09040,1208-PF-LA-CMPE-GENRE,Laos,Full,ElasticNet,2,1,0.8667516708374023,1
3024,RCN09041,1208-PF-LA-CMPE-GENRE,Laos,Full,ElasticNet,2,0,0.02061307802796364,0
3025,RCN09042,1208-PF-LA-CMPE-GENRE,Laos,Full,ElasticNet,2,0,0.017145005986094475,0
3026,RCN09043,1208-PF-LA-CMPE-GENRE,Laos,Full,ElasticNet,2,0,0.016866588965058327,0
3027,RCN09044,1208-PF-LA-CMPE-GENRE,Laos,Full,ElasticNet,2,0,0.08183804154396057,0
3028,RCN09046,1208-PF-LA-CMPE-GENRE,Laos,Full,ElasticNet,2,1,0.8663583397865295,1
3029,RCN09047,1208-PF-LA-CMPE-GENRE,Laos,Full,ElasticNet,2,0,0.047946568578481674,0
3030,RCN09048,1208-PF-LA-CMPE-GENRE,Laos,Full,ElasticNet,2,0,0.04846036061644554,0
3031,RCN09049,1208-PF-LA-CMPE-GENRE,Laos,Full,ElasticNet,2,0,0.2520599961280823,0
3032,RCN09050,1208-PF-LA-CMPE-GENRE,Laos,Full,ElasticNet,2,0,0.2521105408668518,0
3033,RCN09052,1208-PF-LA-CMPE-GENRE,Laos,Full,ElasticNet,2,0,0.3552079498767853,0
3034,RCN09053,1208-PF-LA-CMPE-GENRE,Laos,Full,ElasticNet,2,1,0.8090891242027283,1
3035,RCN09054,1208-PF-LA-CMPE-GENRE,Laos,Full,ElasticNet,2,1,0.8896180391311646,1
3036,RCN09055,1208-PF-LA-CMPE-GENRE,Laos,Full,ElasticNet,2,1,0.8663103580474854,1
3037,RCN09056,1208-PF-LA-CMPE-GENRE,Laos,Full,ElasticNet,2,1,0.8436915278434753,1
3038,RCN09057,1208-PF-LA-CMPE-GENRE,Laos,Full,ElasticNet,2,1,0.8430922031402588,1
3039,RCN09058,1208-PF-LA-CMPE-GENRE,Laos,Full,ElasticNet,2,1,0.8664861917495728,1
3040,RCN09059,1208-PF-LA-CMPE-GENRE,Laos,Full,ElasticNet,2,1,0.866184413433075,1
3041,RCN09060,1208-PF-LA-CMPE-GENRE,Laos,Full,ElasticNet,2,1,0.8656669855117798,1
3042,RCN09061,1208-PF-LA-CMPE-GENRE,Laos,Full,ElasticNet,2,0,0.35530605912208557,0
3043,RCN09062,1208-PF-LA-CMPE-GENRE,Laos,Full,ElasticNet,2,1,0.866256058216095,1
3044,RCN09063,1208-PF-LA-CMPE-GENRE,Laos,Full,ElasticNet,2,0,0.028515929356217384,0
3045,RCN09064,1208-PF-LA-CMPE-GENRE,Laos,Full,ElasticNet,2,0,0.047901853919029236,0
3046,RCN09065,1208-PF-LA-CMPE-GENRE,Laos,Full,ElasticNet,2,0,0.048234354704618454,0
3047,RCN09066,1208-PF-LA-CMPE-GENRE,Laos,Full,ElasticNet,2,0,0.5025428533554077,1
3048,RCN09069,1208-PF-LA-CMPE-GENRE,Laos,Full,ElasticNet,2,0,0.035494785755872726,0
3049,RCN09070,1208-PF-LA-CMPE-GENRE,Laos,Full,ElasticNet,2,0,0.5032584071159363,1
3050,RCN09071,1208-PF-LA-CMPE-GENRE,Laos,Full,ElasticNet,2,0,0.04881497472524643,0
3051,RCN09072,1208-PF-LA-CMPE-GENRE,Laos,Full,ElasticNet,2,0,0.21477830410003662,0
3052,RCN09073,1208-PF-LA-CMPE-GENRE,Laos,Full,ElasticNet,2,0,0.04889461025595665,0
3053,RCN09074,1208-PF-LA-CMPE-GENRE,Laos,Full,ElasticNet,2,0,0.01717226579785347,0
3054,RCN09075,1208-PF-LA-CMPE-GENRE,Laos,Full,ElasticNet,2,0,0.5033639073371887,1
3055,RCN09076,1208-PF-LA-CMPE-GENRE,Laos,Full,ElasticNet,2,0,0.04827534034848213,0
3056,RCN09077,1208-PF-LA-CMPE-GENRE,Laos,Full,ElasticNet,2,0,0.04792957752943039,0
3057,RCN09079,1208-PF-LA-CMPE-GENRE,Laos,Full,ElasticNet,2,0,0.5032476186752319,1
3058,RCN09080,1208-PF-LA-CMPE-GENRE,Laos,Full,ElasticNet,2,0,0.048422157764434814,0
3059,RCN09081,1208-PF-LA-CMPE-GENRE,Laos,Full,ElasticNet,2,0,0.014364008791744709,0
3060,RCN09082,1208-PF-LA-CMPE-GENRE,Laos,Full,ElasticNet,2,0,0.012590514495968819,0
3061,RCN09083,1208-PF-LA-CMPE-GENRE,Laos,Full,ElasticNet,2,0,0.016953738406300545,0
3062,RCN09084,1208-PF-LA-CMPE-GENRE,Laos,Full,ElasticNet,2,0,0.048396579921245575,0
3063,RCN09088,1208-PF-LA-CMPE-GENRE,Laos,Full,ElasticNet,2,0,0.048309940844774246,0
3064,RCN09093,1208-PF-LA-CMPE-GENRE,Laos,Full,ElasticNet,2,0,0.07077092677354813,0
3065,RCN09095,1208-PF-LA-CMPE-GENRE,Laos,Full,ElasticNet,2,0,0.07096755504608154,0
3066,RCN09096,1208-PF-LA-CMPE-GENRE,Laos,Full,ElasticNet,2,0,0.023713000118732452,0
3067,RCN09098,1208-PF-LA-CMPE-GENRE,Laos,Full,ElasticNet,2,0,0.04888931289315224,0
3068,RCN09105,1208-PF-LA-CMPE-GENRE,Laos,Full,ElasticNet,2,0,0.04832316190004349,0
3069,RCN09106,1208-PF-LA-CMPE-GENRE,Laos,Full,ElasticNet,2,0,0.0485793873667717,0
3070,RCN09110,1208-PF-LA-CMPE-GENRE,Laos,Full,ElasticNet,2,0,0.04465794563293457,0
3071,RCN09111,1208-PF-LA-CMPE-GENRE,Laos,Full,ElasticNet,2,0,0.045192837715148926,0
3072,RCN09112,1208-PF-LA-CMPE-GENRE,Laos,Full,ElasticNet,2,0,0.04792492464184761,0
3073,RCN09113,1208-PF-LA-CMPE-GENRE,Laos,Full,ElasticNet,2,0,0.020684339106082916,0
3074,RCN09114,1208-PF-LA-CMPE-GENRE,Laos,Full,ElasticNet,2,0,0.04827225208282471,0
3075,RCN09115,1208-PF-LA-CMPE-GENRE,Laos,Full,ElasticNet,2,0,0.02089381217956543,0
3076,RCN09116,1208-PF-LA-CMPE-GENRE,Laos,Full,ElasticNet,2,0,0.0205977875739336,0
3077,RCN09117,1208-PF-LA-CMPE-GENRE,Laos,Full,ElasticNet,2,0,0.009127780795097351,0
3078,RCN09118,1208-PF-LA-CMPE-GENRE,Laos,Full,ElasticNet,2,0,0.0482504777610302,0
3079,RCN09119,1208-PF-LA-CMPE-GENRE,Laos,Full,ElasticNet,2,0,0.013190421275794506,0
3080,RCN09120,1208-PF-LA-CMPE-GENRE,Laos,Full,ElasticNet,2,0,0.010100279003381729,0
3081,RCN09121,1208-PF-LA-CMPE-GENRE,Laos,Full,ElasticNet,2,0,0.02058834210038185,0
3082,RCN09122,1208-PF-LA-CMPE-GENRE,Laos,Full,ElasticNet,2,0,0.026473872363567352,0
3083,RCN09126,1208-PF-LA-CMPE-GENRE,Laos,Full,ElasticNet,2,0,0.020692048594355583,0
3084,RCN09127,1208-PF-LA-CMPE-GENRE,Laos,Full,ElasticNet,2,0,0.029093053191900253,0
3085,RCN09128,1208-PF-LA-CMPE-GENRE,Laos,Full,ElasticNet,2,0,0.047882430255413055,0
3086,RCN09129,1208-PF-LA-CMPE-GENRE,Laos,Full,ElasticNet,2,0,0.07095588743686676,0
3087,RCN09130,1208-PF-LA-CMPE-GENRE,Laos,Full,ElasticNet,2,1,0.6657335758209229,1
3088,RCN09131,1208-PF-LA-CMPE-GENRE,Laos,Full,ElasticNet,2,0,0.008591308258473873,0
3089,RCN09132,1208-PF-LA-CMPE-GENRE,Laos,Full,ElasticNet,2,0,0.44376495480537415,0
3090,RCN09133,1208-PF-LA-CMPE-GENRE,Laos,Full,ElasticNet,2,0,0.44646844267845154,0
3091,RCN09134,1208-PF-LA-CMPE-GENRE,Laos,Full,ElasticNet,2,1,0.8843938112258911,1
3092,RCN09135,1208-PF-LA-CMPE-GENRE,Laos,Full,ElasticNet,2,1,0.8100175857543945,1
3093,RCN09136,1208-PF-LA-CMPE-GENRE,Laos,Full,ElasticNet,2,1,0.811455488204956,1
3094,RCN09137,1208-PF-LA-CMPE-GENRE,Laos,Full,ElasticNet,2,0,0.048458799719810486,0
3095,RCN09138,1208-PF-LA-CMPE-GENRE,Laos,Full,ElasticNet,2,0,0.018461203202605247,0
3096,RCN09139,1208-PF-LA-CMPE-GENRE,Laos,Full,ElasticNet,2,0,0.026526350528001785,0
3097,RCN09140,1208-PF-LA-CMPE-GENRE,Laos,Full,ElasticNet,2,0,0.04838132858276367,0
3098,RCN09141,1208-PF-LA-CMPE-GENRE,Laos,Full,ElasticNet,2,0,0.008102025836706161,0
3099,RCN09143,1208-PF-LA-CMPE-GENRE,Laos,Full,ElasticNet,2,0,0.017213374376296997,0
3100,RCN09144,1208-PF-LA-CMPE-GENRE,Laos,Full,ElasticNet,2,0,0.012359606102108955,0
3101,RCN09145,1208-PF-LA-CMPE-GENRE,Laos,Full,ElasticNet,2,0,0.017218731343746185,0
3102,RCN09146,1208-PF-LA-CMPE-GENRE,Laos,Full,ElasticNet,2,0,0.04847174882888794,0
3103,RCN09147,1208-PF-LA-CMPE-GENRE,Laos,Full,ElasticNet,2,0,0.01559397205710411,0
3104,RCN09148,1208-PF-LA-CMPE-GENRE,Laos,Full,ElasticNet,2,0,0.04823144152760506,0
3105,RCN09149,1208-PF-LA-CMPE-GENRE,Laos,Full,ElasticNet,2,0,0.01572061888873577,0
3106,RCN09150,1208-PF-LA-CMPE-GENRE,Laos,Full,ElasticNet,2,0,0.02090764045715332,0
3107,RCN09151,1208-PF-LA-CMPE-GENRE,Laos,Full,ElasticNet,2,0,0.020747149363160133,0
3108,RCN09155,1208-PF-LA-CMPE-GENRE,Laos,Full,ElasticNet,2,0,0.007715236861258745,0
3109,RCN09156,1208-PF-LA-CMPE-GENRE,Laos,Full,ElasticNet,2,0,0.020620955154299736,0
3110,RCN09157,1208-PF-LA-CMPE-GENRE,Laos,Full,ElasticNet,2,0,0.035215914249420166,0
3111,RCN09158,1208-PF-LA-CMPE-GENRE,Laos,Full,ElasticNet,2,0,0.013322114013135433,0
3112,RCN09159,1208-PF-LA-CMPE-GENRE,Laos,Full,ElasticNet,2,0,0.020605726167559624,0
3113,RCN09160,1208-PF-LA-CMPE-GENRE,Laos,Full,ElasticNet,2,0,0.020545734092593193,0
3114,RCN09161,1208-PF-LA-CMPE-GENRE,Laos,Full,ElasticNet,2,0,0.01702585071325302,0
3115,RCN09162,1208-PF-LA-CMPE-GENRE,Laos,Full,ElasticNet,2,0,0.020636465400457382,0
3116,RCN09163,1208-PF-LA-CMPE-GENRE,Laos,Full,ElasticNet,2,0,0.016657516360282898,0
3117,RCN09164,1208-PF-LA-CMPE-GENRE,Laos,Full,ElasticNet,2,0,0.020633572712540627,0
3118,RCN09165,1208-PF-LA-CMPE-GENRE,Laos,Full,ElasticNet,2,0,0.020519107580184937,0
3119,RCN09166,1208-PF-LA-CMPE-GENRE,Laos,Full,ElasticNet,2,0,0.02900497429072857,0
3120,RCN09167,1208-PF-LA-CMPE-GENRE,Laos,Full,ElasticNet,2,0,0.017125442624092102,0
3121,RCN09168,1208-PF-LA-CMPE-GENRE,Laos,Full,ElasticNet,2,1,0.9911777377128601,1
3122,RCN09170,1208-PF-LA-CMPE-GENRE,Laos,Full,ElasticNet,2,0,0.7892954349517822,1
4083,RCN11492,1208-PF-LA-CMPE-GENRE,Laos,Full,ElasticNet,2,0,0.011197812855243683,0
4084,RCN11493,1208-PF-LA-CMPE-GENRE,Laos,Full,ElasticNet,2,0,0.035099804401397705,0
4085,RCN11494,1208-PF-LA-CMPE-GENRE,Laos,Full,ElasticNet,2,0,0.035472989082336426,0
4086,RCN11495,1208-PF-LA-CMPE-GENRE,Laos,Full,ElasticNet,2,0,0.013148535043001175,0
4087,RCN11497,1208-PF-LA-CMPE-GENRE,Laos,Full,ElasticNet,2,0,0.05496210232377052,0
4088,RCN11498,1208-PF-LA-CMPE-GENRE,Laos,Full,ElasticNet,2,0,0.023765813559293747,0
4089,RCN11499,1208-PF-LA-CMPE-GENRE,Laos,Full,ElasticNet,2,0,0.042743563652038574,0
4090,RCN11500,1208-PF-LA-CMPE-GENRE,Laos,Full,ElasticNet,2,0,0.015926960855722427,0
4091,RCN11501,1208-PF-LA-CMPE-GENRE,Laos,Full,ElasticNet,2,0,0.05885518714785576,0
4092,RCN11504,1208-PF-LA-CMPE-GENRE,Laos,Full,ElasticNet,2,0,0.03812061995267868,0
4093,RCN11505,1208-PF-LA-CMPE-GENRE,Laos,Full,ElasticNet,2,0,0.028272535651922226,0
4094,RCN11506,1208-PF-LA-CMPE-GENRE,Laos,Full,ElasticNet,2,0,0.028767896816134453,0
4095,RCN11507,1208-PF-LA-CMPE-GENRE,Laos,Full,ElasticNet,2,0,0.059353165328502655,0
4096,RCN11508,1208-PF-LA-CMPE-GENRE,Laos,Full,ElasticNet,2,0,0.10003122687339783,0
4097,RCN11510,1208-PF-LA-CMPE-GENRE,Laos,Full,ElasticNet,2,0,0.009268438443541527,0
4098,RCN11511,1208-PF-LA-CMPE-GENRE,Laos,Full,ElasticNet,2,1,0.8859126567840576,1
4099,RCN11512,1208-PF-LA-CMPE-GENRE,Laos,Full,ElasticNet,2,0,0.04886610805988312,0
4100,RCN11513,1208-PF-LA-CMPE-GENRE,Laos,Full,ElasticNet,2,0,0.012672781012952328,0
4101,RCN11514,1208-PF-LA-CMPE-GENRE,Laos,Full,ElasticNet,2,0,0.08611007779836655,0
4102,RCN11515,1208-PF-LA-CMPE-GENRE,Laos,Full,ElasticNet,2,0,0.04354844614863396,0
4103,RCN11516,1208-PF-LA-CMPE-GENRE,Laos,Full,ElasticNet,2,0,0.048939596861600876,0
4104,RCN11517,1208-PF-LA-CMPE-GENRE,Laos,Full,ElasticNet,2,0,0.04889695718884468,0
4105,RCN11518,1208-PF-LA-CMPE-GENRE,Laos,Full,ElasticNet,2,0,0.053385376930236816,0
4106,RCN11519,1208-PF-LA-CMPE-GENRE,Laos,Full,ElasticNet,2,0,0.04875946417450905,0
4107,RCN11520,1208-PF-LA-CMPE-GENRE,Laos,Full,ElasticNet,2,0,0.014298638328909874,0
4108,RCN11521,1208-PF-LA-CMPE-GENRE,Laos,Full,ElasticNet,2,0,0.020772865042090416,0
4109,RCN11522,1208-PF-LA-CMPE-GENRE,Laos,Full,ElasticNet,2,0,0.012326628901064396,0
4110,RCN11523,1208-PF-LA-CMPE-GENRE,Laos,Full,ElasticNet,2,0,0.02053968608379364,0
4111,RCN11524,1208-PF-LA-CMPE-GENRE,Laos,Full,ElasticNet,2,0,0.02059028670191765,0
4112,RCN11525,1208-PF-LA-CMPE-GENRE,Laos,Full,ElasticNet,2,0,0.02073444239795208,0
4113,RCN11526,1208-PF-LA-CMPE-GENRE,Laos,Full,ElasticNet,2,0,0.017125971615314484,0
4114,RCN11527,1208-PF-LA-CMPE-GENRE,Laos,Full,ElasticNet,2,0,0.025271622464060783,0
4115,RCN11528,1208-PF-LA-CMPE-GENRE,Laos,Full,ElasticNet,2,0,0.02098631113767624,0
4116,RCN11529,1208-PF-LA-CMPE-GENRE,Laos,Full,ElasticNet,2,0,0.020838093012571335,0
4117,RCN11530,1208-PF-LA-CMPE-GENRE,Laos,Full,ElasticNet,2,0,0.022272568196058273,0
4118,RCN11531,1208-PF-LA-CMPE-GENRE,Laos,Full,ElasticNet,2,0,0.021321076899766922,0
4119,RCN11532,1208-PF-LA-CMPE-GENRE,Laos,Full,ElasticNet,2,0,0.00943301897495985,0
4120,RCN11533,1208-PF-LA-CMPE-GENRE,Laos,Full,ElasticNet,2,0,0.020687410607933998,0
4121,RCN11534,1208-PF-LA-CMPE-GENRE,Laos,Full,ElasticNet,2,0,0.026991022750735283,0
4122,RCN11535,1208-PF-LA-CMPE-GENRE,Laos,Full,ElasticNet,2,0,0.08390752226114273,0
4123,RCN11537,1208-PF-LA-CMPE-GENRE,Laos,Full,ElasticNet,2,0,0.01588611677289009,0
4124,RCN11538,1208-PF-LA-CMPE-GENRE,Laos,Full,ElasticNet,2,0,0.017196692526340485,0
4125,RCN11539,1208-PF-LA-CMPE-GENRE,Laos,Full,ElasticNet,2,0,0.04895827919244766,0
4126,RCN11540,1208-PF-LA-CMPE-GENRE,Laos,Full,ElasticNet,2,0,0.04875670000910759,0
4127,RCN11541,1208-PF-LA-CMPE-GENRE,Laos,Full,ElasticNet,2,0,0.0208634864538908,0
4128,RCN11542,1208-PF-LA-CMPE-GENRE,Laos,Full,ElasticNet,2,0,0.020850107073783875,0
4129,RCN11543,1208-PF-LA-CMPE-GENRE,Laos,Full,ElasticNet,2,0,0.04884481802582741,0
4130,RCN11544,1208-PF-LA-CMPE-GENRE,Laos,Full,ElasticNet,2,0,0.020872177556157112,0
4131,RCN11545,1208-PF-LA-CMPE-GENRE,Laos,Full,ElasticNet,2,0,0.009407291188836098,0
4132,RCN11546,1208-PF-LA-CMPE-GENRE,Laos,Full,ElasticNet,2,1,0.8414798974990845,1
4133,RCN11547,1208-PF-LA-CMPE-GENRE,Laos,Full,ElasticNet,2,0,0.020685160532593727,0
4134,RCN11548,1208-PF-LA-CMPE-GENRE,Laos,Full,ElasticNet,2,0,0.048684898763895035,0
4135,RCN11550,1208-PF-LA-CMPE-GENRE,Laos,Full,ElasticNet,2,0,0.0447719506919384,0
4136,RCN11551,1208-PF-LA-CMPE-GENRE,Laos,Full,ElasticNet,2,0,0.08391106128692627,0
4137,RCN11552,1208-PF-LA-CMPE-GENRE,Laos,Full,ElasticNet,2,0,0.013379145413637161,0
4138,RCN11553,1208-PF-LA-CMPE-GENRE,Laos,Full,ElasticNet,2,0,0.03544844686985016,0
4139,RCN11554,1208-PF-LA-CMPE-GENRE,Laos,Full,ElasticNet,2,0,0.02644035406410694,0
4140,RCN11555,1208-PF-LA-CMPE-GENRE,Laos,Full,ElasticNet,2,0,0.04842514917254448,0
4141,RCN11556,1208-PF-LA-CMPE-GENRE,Laos,Full,ElasticNet,2,0,0.011989425867795944,0
4142,RCN11557,1208-PF-LA-CMPE-GENRE,Laos,Full,ElasticNet,2,0,0.04844316840171814,0
4143,RCN11558,1208-PF-LA-CMPE-GENRE,Laos,Full,ElasticNet,2,0,0.031285881996154785,0
4144,RCN11559,1208-PF-LA-CMPE-GENRE,Laos,Full,ElasticNet,2,0,0.01720064878463745,0
4145,RCN11560,1208-PF-LA-CMPE-GENRE,Laos,Full,ElasticNet,2,0,0.02523631788790226,0
4146,RCN11561,1208-PF-LA-CMPE-GENRE,Laos,Full,ElasticNet,2,1,0.8414798974990845,1
4147,RCN11562,1208-PF-LA-CMPE-GENRE,Laos,Full,ElasticNet,2,1,0.8414740562438965,1
4148,RCN11564,1208-PF-LA-CMPE-GENRE,Laos,Full,ElasticNet,2,0,0.04879634454846382,0
4149,RCN11565,1208-PF-LA-CMPE-GENRE,Laos,Full,ElasticNet,2,0,0.04865807294845581,0
4150,RCN11566,1208-PF-LA-CMPE-GENRE,Laos,Full,ElasticNet,2,0,0.0484062023460865,0
4151,RCN11567,1208-PF-LA-CMPE-GENRE,Laos,Full,ElasticNet,2,0,0.04858452081680298,0
4152,RCN11568,1208-PF-LA-CMPE-GENRE,Laos,Full,ElasticNet,2,0,0.011501701548695564,0
4153,RCN11569,1208-PF-LA-CMPE-GENRE,Laos,Full,ElasticNet,2,0,0.03465509042143822,0
4154,RCN11570,1208-PF-LA-CMPE-GENRE,Laos,Full,ElasticNet,2,0,0.04453407600522041,0
4155,RCN11571,1208-PF-LA-CMPE-GENRE,Laos,Full,ElasticNet,2,0,0.0268924068659544,0
4156,RCN11572,1208-PF-LA-CMPE-GENRE,Laos,Full,ElasticNet,2,0,0.048287127166986465,0
4157,RCN11573,1208-PF-LA-CMPE-GENRE,Laos,Full,ElasticNet,2,0,0.04523969441652298,0
4158,RCN11574,1208-PF-LA-CMPE-GENRE,Laos,Full,ElasticNet,2,0,0.048603612929582596,0
4159,RCN11575,1208-PF-LA-CMPE-GENRE,Laos,Full,ElasticNet,2,0,0.048846445977687836,0
4160,RCN11576,1208-PF-LA-CMPE-GENRE,Laos,Full,ElasticNet,2,0,0.021314261481165886,0
4161,RCN11577,1208-PF-LA-CMPE-GENRE,Laos,Full,ElasticNet,2,0,0.021176546812057495,0
4162,RCN11578,1208-PF-LA-CMPE-GENRE,Laos,Full,ElasticNet,2,0,0.02170933596789837,0
4163,RCN11579,1208-PF-LA-CMPE-GENRE,Laos,Full,ElasticNet,2,0,0.02178768999874592,0
4164,RCN11580,1208-PF-LA-CMPE-GENRE,Laos,Full,ElasticNet,2,0,0.021651210263371468,0
4165,RCN11581,1208-PF-LA-CMPE-GENRE,Laos,Full,ElasticNet,2,0,0.021328115835785866,0
4166,RCN11582,1208-PF-LA-CMPE-GENRE,Laos,Full,ElasticNet,2,0,0.021513214334845543,0
4167,RCN11593,1208-PF-LA-CMPE-GENRE,Laos,Full,ElasticNet,2,0,0.04866823926568031,0
4168,RCN11594,1208-PF-LA-CMPE-GENRE,Laos,Full,ElasticNet,2,0,0.02109961025416851,0
4169,RCN11595,1208-PF-LA-CMPE-GENRE,Laos,Full,ElasticNet,2,0,0.021688170731067657,0
4170,RCN11596,1208-PF-LA-CMPE-GENRE,Laos,Full,ElasticNet,2,0,0.027037516236305237,0
4171,RCN11597,1208-PF-LA-CMPE-GENRE,Laos,Full,ElasticNet,2,0,0.021285727620124817,0
4172,RCN11598,1208-PF-LA-CMPE-GENRE,Laos,Full,ElasticNet,2,0,0.021495044231414795,0
4173,RCN11599,1208-PF-LA-CMPE-GENRE,Laos,Full,ElasticNet,2,0,0.04512723907828331,0
4174,RCN11600,1208-PF-LA-CMPE-GENRE,Laos,Full,ElasticNet,2,0,0.048447344452142715,0
4175,RCN11601,1208-PF-LA-CMPE-GENRE,Laos,Full,ElasticNet,2,0,0.04533005133271217,0
4176,RCN11602,1208-PF-LA-CMPE-GENRE,Laos,Full,ElasticNet,2,0,0.018524548038840294,0
4177,RCN11603,1208-PF-LA-CMPE-GENRE,Laos,Full,ElasticNet,2,0,0.0481538362801075,0
4178,RCN11604,1208-PF-LA-CMPE-GENRE,Laos,Full,ElasticNet,2,0,0.04844456538558006,0
4179,RCN11605,1208-PF-LA-CMPE-GENRE,Laos,Full,ElasticNet,2,0,0.013695408590137959,0
4180,RCN11606,1208-PF-LA-CMPE-GENRE,Laos,Full,ElasticNet,2,0,0.04795650392770767,0
4181,RCN11607,1208-PF-LA-CMPE-GENRE,Laos,Full,ElasticNet,2,0,0.0482700914144516,0
4182,RCN11608,1208-PF-LA-CMPE-GENRE,Laos,Full,ElasticNet,2,0,0.03255363926291466,0
4183,RCN11610,1208-PF-LA-CMPE-GENRE,Laos,Full,ElasticNet,2,0,0.006396728567779064,0
4184,RCN11611,1208-PF-LA-CMPE-GENRE,Laos,Full,ElasticNet,2,0,0.029111355543136597,0
4185,RCN11612,1208-PF-LA-CMPE-GENRE,Laos,Full,ElasticNet,2,0,0.006575287785381079,0
4186,RCN11613,1208-PF-LA-CMPE-GENRE,Laos,Full,ElasticNet,2,0,0.017081651836633682,0
4187,RCN11614,1208-PF-LA-CMPE-GENRE,Laos,Full,ElasticNet,2,0,0.013763858936727047,0
4188,RCN11615,1208-PF-LA-CMPE-GENRE,Laos,Full,ElasticNet,2,0,0.04840924218297005,0
4189,RCN11616,1208-PF-LA-CMPE-GENRE,Laos,Full,ElasticNet,2,0,0.029101595282554626,0
4190,RCN11617,1208-PF-LA-CMPE-GENRE,Laos,Full,ElasticNet,2,0,0.04530817270278931,0
4191,RCN11618,1208-PF-LA-CMPE-GENRE,Laos,Full,ElasticNet,2,0,0.08366532623767853,0
4192,RCN11619,1208-PF-LA-CMPE-GENRE,Laos,Full,ElasticNet,2,0,0.04894934222102165,0
4193,RCN11620,1208-PF-LA-CMPE-GENRE,Laos,Full,ElasticNet,2,0,0.04867894574999809,0
4194,RCN11621,1208-PF-LA-CMPE-GENRE,Laos,Full,ElasticNet,2,0,0.020867345854640007,0
4195,RCN11622,1208-PF-LA-CMPE-GENRE,Laos,Full,ElasticNet,2,0,0.047583021223545074,0
4196,RCN11623,1208-PF-LA-CMPE-GENRE,Laos,Full,ElasticNet,2,0,0.02683865651488304,0
4197,RCN11624,1208-PF-LA-CMPE-GENRE,Laos,Full,ElasticNet,2,0,0.0231075007468462,0
4198,RCN11625,1208-PF-LA-CMPE-GENRE,Laos,Full,ElasticNet,2,0,0.012459095567464828,0
4199,RCN11626,1208-PF-LA-CMPE-GENRE,Laos,Full,ElasticNet,2,0,0.022919273003935814,0
4200,RCN11627,1208-PF-LA-CMPE-GENRE,Laos,Full,ElasticNet,2,0,0.04846697673201561,0
4201,RCN11628,1208-PF-LA-CMPE-GENRE,Laos,Full,ElasticNet,2,0,0.04821159318089485,0
4202,RCN11629,1208-PF-LA-CMPE-GENRE,Laos,Full,ElasticNet,2,0,0.02901293896138668,0
4203,RCN11630,1208-PF-LA-CMPE-GENRE,Laos,Full,ElasticNet,2,0,0.020824646577239037,0
4204,RCN11631,1208-PF-LA-CMPE-GENRE,Laos,Full,ElasticNet,2,0,0.04847339913249016,0
4205,RCN11632,1208-PF-LA-CMPE-GENRE,Laos,Full,ElasticNet,2,0,0.01577160321176052,0
4206,RCN11633,1208-PF-LA-CMPE-GENRE,Laos,Full,ElasticNet,2,0,0.045450735837221146,0
4207,RCN11634,1208-PF-LA-CMPE-GENRE,Laos,Full,ElasticNet,2,0,0.045450735837221146,0
4208,RCN11635,1208-PF-LA-CMPE-GENRE,Laos,Full,ElasticNet,2,0,0.045219555497169495,0
4209,RCN11636,1208-PF-LA-CMPE-GENRE,Laos,Full,ElasticNet,2,0,0.014372030273079872,0
4210,RCN11637,1208-PF-LA-CMPE-GENRE,Laos,Full,ElasticNet,2,0,0.046927113085985184,0
4211,RCN11638,1208-PF-LA-CMPE-GENRE,Laos,Full,ElasticNet,2,0,0.04863336309790611,0
4212,RCN11639,1208-PF-LA-CMPE-GENRE,Laos,Full,ElasticNet,2,0,0.0797029659152031,0
4213,RCN11640,1208-PF-LA-CMPE-GENRE,Laos,Full,ElasticNet,2,0,0.08384369313716888,0
4214,RCN11641,1208-PF-LA-CMPE-GENRE,Laos,Full,ElasticNet,2,0,0.08383352309465408,0
4215,RCN11642,1208-PF-LA-CMPE-GENRE,Laos,Full,ElasticNet,2,0,0.029057173058390617,0
4216,RCN11643,1208-PF-LA-CMPE-GENRE,Laos,Full,ElasticNet,2,0,0.08381389826536179,0
4217,RCN11644,1208-PF-LA-CMPE-GENRE,Laos,Full,ElasticNet,2,0,0.03525402396917343,0
4218,RCN11645,1208-PF-LA-CMPE-GENRE,Laos,Full,ElasticNet,2,0,0.02069728635251522,0
4219,RCN11646,1208-PF-LA-CMPE-GENRE,Laos,Full,ElasticNet,2,0,0.045408282428979874,0
4220,RCN11647,1208-PF-LA-CMPE-GENRE,Laos,Full,ElasticNet,2,0,0.04856205731630325,0
4221,RCN11648,1208-PF-LA-CMPE-GENRE,Laos,Full,ElasticNet,2,0,0.020749250426888466,0
4222,RCN11649,1208-PF-LA-CMPE-GENRE,Laos,Full,ElasticNet,2,0,0.020754221826791763,0
4223,RCN11650,1208-PF-LA-CMPE-GENRE,Laos,Full,ElasticNet,2,0,0.02061418630182743,0
4224,RCN11651,1208-PF-LA-CMPE-GENRE,Laos,Full,ElasticNet,2,0,0.048499975353479385,0
4225,RCN11652,1208-PF-LA-CMPE-GENRE,Laos,Full,ElasticNet,2,0,0.04831305518746376,0
4226,RCN11653,1208-PF-LA-CMPE-GENRE,Laos,Full,ElasticNet,2,0,0.04723997786641121,0
4227,RCN11654,1208-PF-LA-CMPE-GENRE,Laos,Full,ElasticNet,2,0,0.020743457600474358,0
4228,RCN11655,1208-PF-LA-CMPE-GENRE,Laos,Full,ElasticNet,2,0,0.04846053570508957,0
4229,RCN11658,1208-PF-LA-CMPE-GENRE,Laos,Full,ElasticNet,2,0,0.010590805672109127,0
4230,RCN11660,1208-PF-LA-CMPE-GENRE,Laos,Full,ElasticNet,2,0,0.010576783679425716,0
4231,RCN11661,1208-PF-LA-CMPE-GENRE,Laos,Full,ElasticNet,2,0,0.028987905010581017,0
4232,RCN11662,1208-PF-LA-CMPE-GENRE,Laos,Full,ElasticNet,2,0,0.027453746646642685,0
4233,RCN11663,1208-PF-LA-CMPE-GENRE,Laos,Full,ElasticNet,2,0,0.048581864684820175,0
4234,RCN11664,1208-PF-LA-CMPE-GENRE,Laos,Full,ElasticNet,2,0,0.04864092171192169,0
4235,RCN11665,1208-PF-LA-CMPE-GENRE,Laos,Full,ElasticNet,2,0,0.020593421533703804,0
4236,RCN11666,1208-PF-LA-CMPE-GENRE,Laos,Full,ElasticNet,2,0,0.020685728639364243,0
4237,RCN11667,1208-PF-LA-CMPE-GENRE,Laos,Full,ElasticNet,2,0,0.005270520690828562,0
4238,RCN11668,1208-PF-LA-CMPE-GENRE,Laos,Full,ElasticNet,2,0,0.01995864138007164,0
4239,RCN11669,1208-PF-LA-CMPE-GENRE,Laos,Full,ElasticNet,2,0,0.08386140316724777,0
4240,RCN11670,1208-PF-LA-CMPE-GENRE,Laos,Full,ElasticNet,2,0,0.04844953492283821,0
4241,RCN11671,1208-PF-LA-CMPE-GENRE,Laos,Full,ElasticNet,2,0,0.01722283847630024,0
4242,RCN11672,1208-PF-LA-CMPE-GENRE,Laos,Full,ElasticNet,2,0,0.04838639125227928,0
4243,RCN11673,1208-PF-LA-CMPE-GENRE,Laos,Full,ElasticNet,2,0,0.005977008957415819,0
4244,RCN11674,1208-PF-LA-CMPE-GENRE,Laos,Full,ElasticNet,2,0,0.00941398087888956,0
4245,RCN11675,1208-PF-LA-CMPE-GENRE,Laos,Full,ElasticNet,2,0,0.01072944700717926,0
4246,RCN11676,1208-PF-LA-CMPE-GENRE,Laos,Full,ElasticNet,2,0,0.02085774950683117,0
4247,RCN11677,1208-PF-LA-CMPE-GENRE,Laos,Full,ElasticNet,2,0,0.048650339245796204,0
4248,RCN11678,1208-PF-LA-CMPE-GENRE,Laos,Full,ElasticNet,2,0,0.045450735837221146,0
4249,RCN11679,1208-PF-LA-CMPE-GENRE,Laos,Full,ElasticNet,2,0,0.045450735837221146,0
4250,RCN11680,1208-PF-LA-CMPE-GENRE,Laos,Full,ElasticNet,2,0,0.04863563925027847,0
4251,RCN11681,1208-PF-LA-CMPE-GENRE,Laos,Full,ElasticNet,2,0,0.02473268285393715,0
4252,RCN11682,1208-PF-LA-CMPE-GENRE,Laos,Full,ElasticNet,2,0,0.04867778718471527,0
4253,RCN11684,1208-PF-LA-CMPE-GENRE,Laos,Full,ElasticNet,2,0,0.04531311243772507,0
4254,RCN11685,1208-PF-LA-CMPE-GENRE,Laos,Full,ElasticNet,2,0,0.024743283167481422,0
4255,RCN11687,1208-PF-LA-CMPE-GENRE,Laos,Full,ElasticNet,2,0,0.012357288971543312,0
4256,RCN11688,1208-PF-LA-CMPE-GENRE,Laos,Full,ElasticNet,2,0,0.025136906653642654,0
4257,RCN11689,1208-PF-LA-CMPE-GENRE,Laos,Full,ElasticNet,2,0,0.02567015215754509,0
4258,RCN11691,1208-PF-LA-CMPE-GENRE,Laos,Full,ElasticNet,2,0,0.024706950411200523,0
4259,RCN11692,1208-PF-LA-CMPE-GENRE,Laos,Full,ElasticNet,2,0,0.02058340236544609,0
4260,RCN11693,1208-PF-LA-CMPE-GENRE,Laos,Full,ElasticNet,2,0,0.012346376664936543,0
4261,RCN11694,1208-PF-LA-CMPE-GENRE,Laos,Full,ElasticNet,2,0,0.045372724533081055,0
4262,RCN11695,1208-PF-LA-CMPE-GENRE,Laos,Full,ElasticNet,2,0,0.015430484898388386,0
4263,RCN11696,1208-PF-LA-CMPE-GENRE,Laos,Full,ElasticNet,2,0,0.012355082668364048,0
4264,RCN11699,1208-PF-LA-CMPE-GENRE,Laos,Full,ElasticNet,2,0,0.04842226952314377,0
4265,RCN11700,1208-PF-LA-CMPE-GENRE,Laos,Full,ElasticNet,2,0,0.0057845888659358025,0
4266,RCN11701,1208-PF-LA-CMPE-GENRE,Laos,Full,ElasticNet,2,0,0.04833514988422394,0
4267,RCN11702,1208-PF-LA-CMPE-GENRE,Laos,Full,ElasticNet,2,0,0.048632506281137466,0
4268,RCN11703,1208-PF-LA-CMPE-GENRE,Laos,Full,ElasticNet,2,0,0.020795322954654694,0
4269,RCN11704,1208-PF-LA-CMPE-GENRE,Laos,Full,ElasticNet,2,0,0.048498138785362244,0
4270,RCN11706,1208-PF-LA-CMPE-GENRE,Laos,Full,ElasticNet,2,0,0.04855058714747429,0
4271,RCN11707,1208-PF-LA-CMPE-GENRE,Laos,Full,ElasticNet,2,0,0.045450735837221146,0
4272,RCN11708,1208-PF-LA-CMPE-GENRE,Laos,Full,ElasticNet,2,0,0.0199821125715971,0
4273,RCN11709,1208-PF-LA-CMPE-GENRE,Laos,Full,ElasticNet,2,0,0.032535988837480545,0
4274,RCN11710,1208-PF-LA-CMPE-GENRE,Laos,Full,ElasticNet,2,0,0.020647889003157616,0
4275,RCN11711,1208-PF-LA-CMPE-GENRE,Laos,Full,ElasticNet,2,0,0.045365795493125916,0
4276,RCN11712,1208-PF-LA-CMPE-GENRE,Laos,Full,ElasticNet,2,0,0.048839371651411057,0
4277,RCN11713,1208-PF-LA-CMPE-GENRE,Laos,Full,ElasticNet,2,0,0.033762648701667786,0
4278,RCN11714,1208-PF-LA-CMPE-GENRE,Laos,Full,ElasticNet,2,0,0.020892895758152008,0
4279,RCN11715,1208-PF-LA-CMPE-GENRE,Laos,Full,ElasticNet,2,0,0.02010924741625786,0
4280,RCN11716,1208-PF-LA-CMPE-GENRE,Laos,Full,ElasticNet,2,0,0.04886071756482124,0
4281,RCN11722,1208-PF-LA-CMPE-GENRE,Laos,Full,ElasticNet,2,0,0.008135640993714333,0
4282,RCN11723,1208-PF-LA-CMPE-GENRE,Laos,Full,ElasticNet,2,0,0.008228237740695477,0
4283,RCN11725,1208-PF-LA-CMPE-GENRE,Laos,Full,ElasticNet,2,0,0.01714928075671196,0
4284,RCN11726,1208-PF-LA-CMPE-GENRE,Laos,Full,ElasticNet,2,0,0.020926721394062042,0
4285,RCN11727,1208-PF-LA-CMPE-GENRE,Laos,Full,ElasticNet,2,0,0.02092054672539234,0
4286,RCN11730,1208-PF-LA-CMPE-GENRE,Laos,Full,ElasticNet,2,0,0.02065340429544449,0
4287,RCN11731,1208-PF-LA-CMPE-GENRE,Laos,Full,ElasticNet,2,0,0.0206866767257452,0
4288,RCN11732,1208-PF-LA-CMPE-GENRE,Laos,Full,ElasticNet,2,0,0.02078540064394474,0
4289,RCN11740,1208-PF-LA-CMPE-GENRE,Laos,Full,ElasticNet,2,0,0.02402287907898426,0
4290,RCN11741,1208-PF-LA-CMPE-GENRE,Laos,Full,ElasticNet,2,0,0.017139671370387077,0
4291,RCN11742,1208-PF-LA-CMPE-GENRE,Laos,Full,ElasticNet,2,0,0.04874835163354874,0
4292,RCN11743,1208-PF-LA-CMPE-GENRE,Laos,Full,ElasticNet,2,0,0.017180195078253746,0
4293,RCN11747,1208-PF-LA-CMPE-GENRE,Laos,Full,ElasticNet,2,1,0.4855942726135254,0
4294,RCN11748,1208-PF-LA-CMPE-GENRE,Laos,Full,ElasticNet,2,1,0.4856935143470764,0
4295,RCN11749,1208-PF-LA-CMPE-GENRE,Laos,Full,ElasticNet,2,1,0.536299467086792,1
4296,RCN11751,1208-PF-LA-CMPE-GENRE,Laos,Full,ElasticNet,2,1,0.5361385941505432,1
4297,RCN11752,1208-PF-LA-CMPE-GENRE,Laos,Full,ElasticNet,2,1,0.5367067456245422,1
4298,RCN11754,1208-PF-LA-CMPE-GENRE,Laos,Full,ElasticNet,2,0,0.020699916407465935,0
4299,RCN11755,1208-PF-LA-CMPE-GENRE,Laos,Full,ElasticNet,2,0,0.025246303528547287,0
4300,RCN11756,1208-PF-LA-CMPE-GENRE,Laos,Full,ElasticNet,2,0,0.020705820992588997,0
4301,RCN11758,1208-PF-LA-CMPE-GENRE,Laos,Full,ElasticNet,2,0,0.020840441808104515,0
4302,RCN11759,1208-PF-LA-CMPE-GENRE,Laos,Full,ElasticNet,2,0,0.02070852927863598,0
4303,RCN11760,1208-PF-LA-CMPE-GENRE,Laos,Full,ElasticNet,2,0,0.01722010225057602,0
4304,RCN11761,1208-PF-LA-CMPE-GENRE,Laos,Full,ElasticNet,2,0,0.0517747588455677,0
4305,RCN11762,1208-PF-LA-CMPE-GENRE,Laos,Full,ElasticNet,2,0,0.020801333710551262,0
4306,RCN11764,1208-PF-LA-CMPE-GENRE,Laos,Full,ElasticNet,2,0,0.5048315525054932,1
4307,RCN11765,1208-PF-LA-CMPE-GENRE,Laos,Full,ElasticNet,2,1,0.9159005880355835,1
4308,RCN11766,1208-PF-LA-CMPE-GENRE,Laos,Full,ElasticNet,2,1,0.8657470941543579,1
4309,RCN11767,1208-PF-LA-CMPE-GENRE,Laos,Full,ElasticNet,2,0,0.029118750244379044,0
4310,RCN11768,1208-PF-LA-CMPE-GENRE,Laos,Full,ElasticNet,2,0,0.03544698655605316,0
4311,RCN11769,1208-PF-LA-CMPE-GENRE,Laos,Full,ElasticNet,2,1,0.8658641576766968,1
4312,RCN11770,1208-PF-LA-CMPE-GENRE,Laos,Full,ElasticNet,2,1,0.8666971325874329,1
4313,RCN11771,1208-PF-LA-CMPE-GENRE,Laos,Full,ElasticNet,2,1,0.8657492399215698,1
4314,RCN11772,1208-PF-LA-CMPE-GENRE,Laos,Full,ElasticNet,2,1,0.6138809323310852,1
4315,RCN11773,1208-PF-LA-CMPE-GENRE,Laos,Full,ElasticNet,2,1,0.4857906699180603,0
4316,RCN11774,1208-PF-LA-CMPE-GENRE,Laos,Full,ElasticNet,2,1,0.4855087101459503,0
4317,RCN11776,1208-PF-LA-CMPE-GENRE,Laos,Full,ElasticNet,2,1,0.48566439747810364,0
4318,RCN11777,1208-PF-LA-CMPE-GENRE,Laos,Full,ElasticNet,2,0,0.020695816725492477,0
4319,RCN11778,1208-PF-LA-CMPE-GENRE,Laos,Full,ElasticNet,2,0,0.04489806666970253,0
4320,RCN11779,1208-PF-LA-CMPE-GENRE,Laos,Full,ElasticNet,2,0,0.051798172295093536,0
4321,RCN11780,1208-PF-LA-CMPE-GENRE,Laos,Full,ElasticNet,2,0,0.11015042662620544,0
4322,RCN11781,1208-PF-LA-CMPE-GENRE,Laos,Full,ElasticNet,2,0,0.015843555331230164,0
4323,RCN11782,1208-PF-LA-CMPE-GENRE,Laos,Full,ElasticNet,2,0,0.504948079586029,1
4324,RCN11783,1208-PF-LA-CMPE-GENRE,Laos,Full,ElasticNet,2,0,0.01590604893863201,0
4325,RCN11784,1208-PF-LA-CMPE-GENRE,Laos,Full,ElasticNet,2,1,0.017185203731060028,0
4326,RCN11786,1208-PF-LA-CMPE-GENRE,Laos,Full,ElasticNet,2,0,0.020807327702641487,0
4327,RCN11787,1208-PF-LA-CMPE-GENRE,Laos,Full,ElasticNet,2,0,0.020946621894836426,0
4328,RCN11789,1208-PF-LA-CMPE-GENRE,Laos,Full,ElasticNet,2,0,0.032026540488004684,0
4329,RCN11790,1208-PF-LA-CMPE-GENRE,Laos,Full,ElasticNet,2,0,0.020848531275987625,0
4330,RCN11792,1208-PF-LA-CMPE-GENRE,Laos,Full,ElasticNet,2,0,0.486022025346756,0
4331,RCN11793,1208-PF-LA-CMPE-GENRE,Laos,Full,ElasticNet,2,0,0.04809359461069107,0
4332,RCN11795,1208-PF-LA-CMPE-GENRE,Laos,Full,ElasticNet,2,0,0.04806090518832207,0
4333,RCN11796,1208-PF-LA-CMPE-GENRE,Laos,Full,ElasticNet,2,1,0.01693202555179596,0
4334,RCN11797,1208-PF-LA-CMPE-GENRE,Laos,Full,ElasticNet,2,0,0.04874705523252487,0
4335,RCN11798,1208-PF-LA-CMPE-GENRE,Laos,Full,ElasticNet,2,0,0.020589642226696014,0
4336,RCN11799,1208-PF-LA-CMPE-GENRE,Laos,Full,ElasticNet,2,1,0.01692855730652809,0
4337,RCN11800,1208-PF-LA-CMPE-GENRE,Laos,Full,ElasticNet,2,0,0.031243478879332542,0
4338,RCN11801,1208-PF-LA-CMPE-GENRE,Laos,Full,ElasticNet,2,0,0.5028619170188904,1
4339,RCN11802,1208-PF-LA-CMPE-GENRE,Laos,Full,ElasticNet,2,0,0.4994036555290222,0
4340,RCN11803,1208-PF-LA-CMPE-GENRE,Laos,Full,ElasticNet,2,1,0.01695694960653782,0
4341,RCN11804,1208-PF-LA-CMPE-GENRE,Laos,Full,ElasticNet,2,1,0.010807329788804054,0
4342,RCN11805,1208-PF-LA-CMPE-GENRE,Laos,Full,ElasticNet,2,0,0.017230208963155746,0
4343,RCN11806,1208-PF-LA-CMPE-GENRE,Laos,Full,ElasticNet,2,0,0.01526220329105854,0
4344,RCN11807,1208-PF-LA-CMPE-GENRE,Laos,Full,ElasticNet,2,0,0.05868711322546005,0
4345,RCN11808,1208-PF-LA-CMPE-GENRE,Laos,Full,ElasticNet,2,0,0.025347933173179626,0
4346,RCN11809,1208-PF-LA-CMPE-GENRE,Laos,Full,ElasticNet,2,0,0.04302201420068741,0
4347,RCN11810,1208-PF-LA-CMPE-GENRE,Laos,Full,ElasticNet,2,0,0.058584436774253845,0
4348,RCN11811,1208-PF-LA-CMPE-GENRE,Laos,Full,ElasticNet,2,0,0.02093539386987686,0
4349,RCN11812,1208-PF-LA-CMPE-GENRE,Laos,Full,ElasticNet,2,0,0.04862342029809952,0
4350,RCN11813,1208-PF-LA-CMPE-GENRE,Laos,Full,ElasticNet,2,1,0.8623588681221008,1
4351,RCN11816,1208-PF-LA-CMPE-GENRE,Laos,Full,ElasticNet,2,1,0.8631787896156311,1
4352,RCN11817,1208-PF-LA-CMPE-GENRE,Laos,Full,ElasticNet,2,1,0.8631394505500793,1
4353,RCN11819,1208-PF-LA-CMPE-GENRE,Laos,Full,ElasticNet,2,0,0.012818902730941772,0
4354,RCN11820,1208-PF-LA-CMPE-GENRE,Laos,Full,ElasticNet,2,0,0.01293285470455885,0
4355,RCN11822,1208-PF-LA-CMPE-GENRE,Laos,Full,ElasticNet,2,1,0.8630103468894958,1
4356,RCN11823,1208-PF-LA-CMPE-GENRE,Laos,Full,ElasticNet,2,1,0.8628857731819153,1
4357,RCN11824,1208-PF-LA-CMPE-GENRE,Laos,Full,ElasticNet,2,1,0.8634864687919617,1
4358,RCN11827,1208-PF-LA-CMPE-GENRE,Laos,Full,ElasticNet,2,1,0.863265335559845,1
4359,RCN11828,1208-PF-LA-CMPE-GENRE,Laos,Full,ElasticNet,2,1,0.8630800247192383,1
4360,RCN11829,1208-PF-LA-CMPE-GENRE,Laos,Full,ElasticNet,2,0,0.046752702444791794,0
4361,RCN11830,1208-PF-LA-CMPE-GENRE,Laos,Full,ElasticNet,2,1,0.9957214593887329,1
4362,RCN11831,1208-PF-LA-CMPE-GENRE,Laos,Full,ElasticNet,2,1,0.9957773685455322,1
4363,RCN11833,1208-PF-LA-CMPE-GENRE,Laos,Full,ElasticNet,2,0,0.8745859861373901,1
4364,RCN11834,1208-PF-LA-CMPE-GENRE,Laos,Full,ElasticNet,2,1,0.5222501158714294,1
4365,RCN11835,1208-PF-LA-CMPE-GENRE,Laos,Full,ElasticNet,2,0,0.36678144335746765,0
4366,RCN11836,1208-PF-LA-CMPE-GENRE,Laos,Full,ElasticNet,2,1,0.9161864519119263,1
4367,RCN11837,1208-PF-LA-CMPE-GENRE,Laos,Full,ElasticNet,2,1,0.9159224629402161,1
4368,RCN11839,1208-PF-LA-CMPE-GENRE,Laos,Full,ElasticNet,2,1,0.991730272769928,1
4369,RCN11840,1208-PF-LA-CMPE-GENRE,Laos,Full,ElasticNet,2,1,0.9724230170249939,1
4370,RCN11841,1208-PF-LA-CMPE-GENRE,Laos,Full,ElasticNet,2,1,0.9062812328338623,1
4371,RCN11843,1208-PF-LA-CMPE-GENRE,Laos,Full,ElasticNet,2,0,0.3591636121273041,0
4372,RCN11844,1208-PF-LA-CMPE-GENRE,Laos,Full,ElasticNet,2,0,0.41689532995224,0
4373,RCN11845,1208-PF-LA-CMPE-GENRE,Laos,Full,ElasticNet,2,1,0.9939647316932678,1
4374,RCN11847,1208-PF-LA-CMPE-GENRE,Laos,Full,ElasticNet,2,1,0.6438204646110535,1
4375,RCN11848,1208-PF-LA-CMPE-GENRE,Laos,Full,ElasticNet,2,0,0.3819364607334137,0
4376,RCN11849,1208-PF-LA-CMPE-GENRE,Laos,Full,ElasticNet,2,0,0.4007989466190338,0
4377,RCN11850,1208-PF-LA-CMPE-GENRE,Laos,Full,ElasticNet,2,1,0.9920825958251953,1
4378,RCN11852,1208-PF-LA-CMPE-GENRE,Laos,Full,ElasticNet,2,1,0.9806270003318787,1
4379,RCN11854,1208-PF-LA-CMPE-GENRE,Laos,Full,ElasticNet,2,1,0.9938367009162903,1
4380,RCN11855,1208-PF-LA-CMPE-GENRE,Laos,Full,ElasticNet,2,1,0.9282853007316589,1
4381,RCN11856,1208-PF-LA-CMPE-GENRE,Laos,Full,ElasticNet,2,1,0.9922824501991272,1
4382,RCN11859,1208-PF-LA-CMPE-GENRE,Laos,Full,ElasticNet,2,1,0.9933474659919739,1
4383,RCN11862,1208-PF-LA-CMPE-GENRE,Laos,Full,ElasticNet,2,1,0.995733916759491,1
4384,RCN11863,1208-PF-LA-CMPE-GENRE,Laos,Full,ElasticNet,2,1,0.9933947920799255,1
4385,RCN11864,1208-PF-LA-CMPE-GENRE,Laos,Full,ElasticNet,2,1,0.9933581948280334,1
4386,RCN11865,1208-PF-LA-CMPE-GENRE,Laos,Full,ElasticNet,2,1,0.9931706190109253,1
4387,RCN11866,1208-PF-LA-CMPE-GENRE,Laos,Full,ElasticNet,2,1,0.9939071536064148,1
4388,RCN11868,1208-PF-LA-CMPE-GENRE,Laos,Full,ElasticNet,2,0,0.6364472508430481,1
4389,RCN11869,1208-PF-LA-CMPE-GENRE,Laos,Full,ElasticNet,2,1,0.9938164353370667,1
4390,RCN11870,1208-PF-LA-CMPE-GENRE,Laos,Full,ElasticNet,2,1,0.9938008189201355,1
4391,RCN11871,1208-PF-LA-CMPE-GENRE,Laos,Full,ElasticNet,2,1,0.9958072900772095,1
4392,RCN11872,1208-PF-LA-CMPE-GENRE,Laos,Full,ElasticNet,2,1,0.993911623954773,1
4393,RCN11873,1208-PF-LA-CMPE-GENRE,Laos,Full,ElasticNet,2,1,0.9933880567550659,1
4394,RCN11874,1208-PF-LA-CMPE-GENRE,Laos,Full,ElasticNet,2,1,0.9787545800209045,1
4395,RCN11875,1208-PF-LA-CMPE-GENRE,Laos,Full,ElasticNet,2,1,0.996586799621582,1
4396,RCN11876,1208-PF-LA-CMPE-GENRE,Laos,Full,ElasticNet,2,1,0.9893223643302917,1
4397,RCN11877,1208-PF-LA-CMPE-GENRE,Laos,Full,ElasticNet,2,1,0.9774903655052185,1
4398,RCN11878,1208-PF-LA-CMPE-GENRE,Laos,Full,ElasticNet,2,1,0.9957275390625,1
4399,RCN11879,1208-PF-LA-CMPE-GENRE,Laos,Full,ElasticNet,2,0,0.9322009682655334,1
4400,RCN11880,1208-PF-LA-CMPE-GENRE,Laos,Full,ElasticNet,2,1,0.9006192088127136,1
4401,RCN11881,1208-PF-LA-CMPE-GENRE,Laos,Full,ElasticNet,2,0,0.11522268503904343,0
4402,RCN11882,1208-PF-LA-CMPE-GENRE,Laos,Full,ElasticNet,2,1,0.9946461319923401,1
4403,RCN11883,1208-PF-LA-CMPE-GENRE,Laos,Full,ElasticNet,2,1,0.993880033493042,1
4404,RCN11884,1208-PF-LA-CMPE-GENRE,Laos,Full,ElasticNet,2,0,0.2762705683708191,0
4405,RCN11885,1208-PF-LA-CMPE-GENRE,Laos,Full,ElasticNet,2,1,0.972786545753479,1
4406,RCN11886,1208-PF-LA-CMPE-GENRE,Laos,Full,ElasticNet,2,0,0.3579823970794678,0
4407,RCN11887,1208-PF-LA-CMPE-GENRE,Laos,Full,ElasticNet,2,0,0.3349933922290802,0
4408,RCN11888,1208-PF-LA-CMPE-GENRE,Laos,Full,ElasticNet,2,1,0.9127435684204102,1
4409,RCN11889,1208-PF-LA-CMPE-GENRE,Laos,Full,ElasticNet,2,0,0.06465735286474228,0
4410,RCN11890,1208-PF-LA-CMPE-GENRE,Laos,Full,ElasticNet,2,1,0.9949957132339478,1
4411,RCN11891,1208-PF-LA-CMPE-GENRE,Laos,Full,ElasticNet,2,1,0.996619701385498,1
4412,RCN11892,1208-PF-LA-CMPE-GENRE,Laos,Full,ElasticNet,2,1,0.9968998432159424,1
4413,RCN11893,1208-PF-LA-CMPE-GENRE,Laos,Full,ElasticNet,2,1,0.8105151653289795,1
4414,RCN11895,1208-PF-LA-CMPE-GENRE,Laos,Full,ElasticNet,2,1,0.9964675903320312,1
4415,RCN11896,1208-PF-LA-CMPE-GENRE,Laos,Full,ElasticNet,2,1,0.9291164875030518,1
4416,RCN11897,1208-PF-LA-CMPE-GENRE,Laos,Full,ElasticNet,2,0,0.1691688746213913,0
4417,RCN11898,1208-PF-LA-CMPE-GENRE,Laos,Full,ElasticNet,2,0,0.25828129053115845,0
4418,RCN11899,1208-PF-LA-CMPE-GENRE,Laos,Full,ElasticNet,2,0,0.09733005613088608,0
4419,RCN11900,1208-PF-LA-CMPE-GENRE,Laos,Full,ElasticNet,2,1,0.935513973236084,1
4420,RCN11901,1208-PF-LA-CMPE-GENRE,Laos,Full,ElasticNet,2,0,0.09695460647344589,0
4421,RCN11903,1208-PF-LA-CMPE-GENRE,Laos,Full,ElasticNet,2,1,0.9933865666389465,1
4422,RCN11904,1208-PF-LA-CMPE-GENRE,Laos,Full,ElasticNet,2,0,0.09650003165006638,0
4423,RCN11905,1208-PF-LA-CMPE-GENRE,Laos,Full,ElasticNet,2,0,0.15991899371147156,0
4424,RCN11906,1208-PF-LA-CMPE-GENRE,Laos,Full,ElasticNet,2,1,0.9290421605110168,1
4425,RCN11907,1208-PF-LA-CMPE-GENRE,Laos,Full,ElasticNet,2,0,0.06832976639270782,0
4426,RCN11908,1208-PF-LA-CMPE-GENRE,Laos,Full,ElasticNet,2,0,0.0682600736618042,0
4427,RCN11909,1208-PF-LA-CMPE-GENRE,Laos,Full,ElasticNet,2,1,0.9291398525238037,1
4428,RCN11910,1208-PF-LA-CMPE-GENRE,Laos,Full,ElasticNet,2,0,0.06838271021842957,0
4429,RCN11913,1208-PF-LA-CMPE-GENRE,Laos,Full,ElasticNet,2,1,0.20310163497924805,0
4430,RCN11914,1208-PF-LA-CMPE-GENRE,Laos,Full,ElasticNet,2,0,0.12885984778404236,0
4431,RCN11915,1208-PF-LA-CMPE-GENRE,Laos,Full,ElasticNet,2,1,0.9957426190376282,1
4432,RCN11916,1208-PF-LA-CMPE-GENRE,Laos,Full,ElasticNet,2,1,0.9956831932067871,1
4433,RCN11917,1208-PF-LA-CMPE-GENRE,Laos,Full,ElasticNet,2,0,0.3192547559738159,0
4434,RCN11918,1208-PF-LA-CMPE-GENRE,Laos,Full,ElasticNet,2,1,0.9933751225471497,1
4435,RCN11919,1208-PF-LA-CMPE-GENRE,Laos,Full,ElasticNet,2,1,0.9883577227592468,1
4436,RCN11920,1208-PF-LA-CMPE-GENRE,Laos,Full,ElasticNet,2,0,0.1684430092573166,0
4437,RCN11921,1208-PF-LA-CMPE-GENRE,Laos,Full,ElasticNet,2,0,0.019307756796479225,0
4438,RCN11922,1208-PF-LA-CMPE-GENRE,Laos,Full,ElasticNet,2,1,0.9907675385475159,1
4439,RCN11923,1208-PF-LA-CMPE-GENRE,Laos,Full,ElasticNet,2,0,0.37220069766044617,0
4440,RCN11924,1208-PF-LA-CMPE-GENRE,Laos,Full,ElasticNet,2,1,0.9865158796310425,1
4441,RCN11925,1208-PF-LA-CMPE-GENRE,Laos,Full,ElasticNet,2,0,0.2463265061378479,0
4442,RCN11926,1208-PF-LA-CMPE-GENRE,Laos,Full,ElasticNet,2,1,0.9289798140525818,1
4443,RCN11927,1208-PF-LA-CMPE-GENRE,Laos,Full,ElasticNet,2,0,0.4961608946323395,0
4444,RCN11928,1208-PF-LA-CMPE-GENRE,Laos,Full,ElasticNet,2,1,0.9933518171310425,1
4445,RCN11929,1208-PF-LA-CMPE-GENRE,Laos,Full,ElasticNet,2,1,0.9910759925842285,1
4446,RCN11930,1208-PF-LA-CMPE-GENRE,Laos,Full,ElasticNet,2,0,0.8566679954528809,1
4447,RCN11931,1208-PF-LA-CMPE-GENRE,Laos,Full,ElasticNet,2,0,0.8688046932220459,1
4448,RCN11933,1208-PF-LA-CMPE-GENRE,Laos,Full,ElasticNet,2,1,0.9938236474990845,1
4449,RCN11936,1208-PF-LA-CMPE-GENRE,Laos,Full,ElasticNet,2,1,0.9895185828208923,1
4450,RCN11937,1208-PF-LA-CMPE-GENRE,Laos,Full,ElasticNet,2,0,0.05759120732545853,0
4451,RCN11939,1208-PF-LA-CMPE-GENRE,Laos,Full,ElasticNet,2,1,0.9894401431083679,1
4452,RCN11940,1208-PF-LA-CMPE-GENRE,Laos,Full,ElasticNet,2,1,0.9957209229469299,1
4883,RCN13263,1208-PF-LA-CMPE-GENRE,Laos,Full,ElasticNet,2,0,0.03391900286078453,0
4884,RCN13264,1208-PF-LA-CMPE-GENRE,Laos,Full,ElasticNet,2,0,0.031676679849624634,0
4885,RCN13265,1208-PF-LA-CMPE-GENRE,Laos,Full,ElasticNet,2,0,0.059761568903923035,0
4886,RCN13266,1208-PF-LA-CMPE-GENRE,Laos,Full,ElasticNet,2,0,0.0650484636425972,0
4887,RCN13267,1208-PF-LA-CMPE-GENRE,Laos,Full,ElasticNet,2,0,0.017772546038031578,0
4888,RCN13268,1208-PF-LA-CMPE-GENRE,Laos,Full,ElasticNet,2,0,0.048146069049835205,0
4889,RCN13269,1208-PF-LA-CMPE-GENRE,Laos,Full,ElasticNet,2,0,0.017711734399199486,0
4890,RCN13270,1208-PF-LA-CMPE-GENRE,Laos,Full,ElasticNet,2,0,0.031307682394981384,0
4891,RCN13271,1208-PF-LA-CMPE-GENRE,Laos,Full,ElasticNet,2,0,0.03536752238869667,0
4892,RCN13272,1208-PF-LA-CMPE-GENRE,Laos,Full,ElasticNet,2,0,0.03528520092368126,0
4893,RCN13273,1208-PF-LA-CMPE-GENRE,Laos,Full,ElasticNet,2,0,0.03540429100394249,0
4894,RCN13274,1208-PF-LA-CMPE-GENRE,Laos,Full,ElasticNet,2,0,0.025273583829402924,0
4895,RCN13275,1208-PF-LA-CMPE-GENRE,Laos,Full,ElasticNet,2,0,0.03519117459654808,0
4896,RCN13276,1208-PF-LA-CMPE-GENRE,Laos,Full,ElasticNet,2,0,0.025272496044635773,0
4897,RCN13277,1208-PF-LA-CMPE-GENRE,Laos,Full,ElasticNet,2,0,0.03531751409173012,0
4898,RCN13278,1208-PF-LA-CMPE-GENRE,Laos,Full,ElasticNet,2,0,0.03532874211668968,0
4899,RCN13279,1208-PF-LA-CMPE-GENRE,Laos,Full,ElasticNet,2,0,0.02517966739833355,0
4900,RCN13280,1208-PF-LA-CMPE-GENRE,Laos,Full,ElasticNet,2,0,0.03526691347360611,0
4901,RCN13281,1208-PF-LA-CMPE-GENRE,Laos,Full,ElasticNet,2,0,0.035329774022102356,0
4902,RCN13282,1208-PF-LA-CMPE-GENRE,Laos,Full,ElasticNet,2,0,0.02522205375134945,0
4903,RCN13283,1208-PF-LA-CMPE-GENRE,Laos,Full,ElasticNet,2,0,0.008291849866509438,0
4904,RCN13284,1208-PF-LA-CMPE-GENRE,Laos,Full,ElasticNet,2,0,0.05922570824623108,0
4905,RCN13285,1208-PF-LA-CMPE-GENRE,Laos,Full,ElasticNet,2,0,0.0177546925842762,0
4906,RCN13286,1208-PF-LA-CMPE-GENRE,Laos,Full,ElasticNet,2,0,0.03534513711929321,0
4907,RCN13287,1208-PF-LA-CMPE-GENRE,Laos,Full,ElasticNet,2,0,0.059032242745161057,0
4908,RCN13288,1208-PF-LA-CMPE-GENRE,Laos,Full,ElasticNet,2,0,0.03527330979704857,0
4909,RCN13289,1208-PF-LA-CMPE-GENRE,Laos,Full,ElasticNet,2,0,0.02544577792286873,0
4910,RCN13290,1208-PF-LA-CMPE-GENRE,Laos,Full,ElasticNet,2,0,0.03513900190591812,0
4911,RCN13291,1208-PF-LA-CMPE-GENRE,Laos,Full,ElasticNet,2,0,0.035457316786050797,0
4912,RCN13292,1208-PF-LA-CMPE-GENRE,Laos,Full,ElasticNet,2,0,0.05892977863550186,0
4913,RCN13293,1208-PF-LA-CMPE-GENRE,Laos,Full,ElasticNet,2,0,0.04289684072136879,0
4914,RCN13294,1208-PF-LA-CMPE-GENRE,Laos,Full,ElasticNet,2,0,0.04277009889483452,0
4915,RCN13295,1208-PF-LA-CMPE-GENRE,Laos,Full,ElasticNet,2,0,0.04245031997561455,0
4916,RCN13296,1208-PF-LA-CMPE-GENRE,Laos,Full,ElasticNet,2,0,0.025183184072375298,0
4917,RCN13297,1208-PF-LA-CMPE-GENRE,Laos,Full,ElasticNet,2,0,0.042486678808927536,0
4918,RCN13298,1208-PF-LA-CMPE-GENRE,Laos,Full,ElasticNet,2,0,0.04287465661764145,0
4919,RCN13299,1208-PF-LA-CMPE-GENRE,Laos,Full,ElasticNet,2,0,0.0426868237555027,0
4920,RCN13300,1208-PF-LA-CMPE-GENRE,Laos,Full,ElasticNet,2,0,0.042810212820768356,0
4921,RCN13301,1208-PF-LA-CMPE-GENRE,Laos,Full,ElasticNet,2,0,0.0354316346347332,0
4922,RCN13302,1208-PF-LA-CMPE-GENRE,Laos,Full,ElasticNet,2,0,0.02528439275920391,0
4923,RCN13303,1208-PF-LA-CMPE-GENRE,Laos,Full,ElasticNet,2,0,0.025468597188591957,0
4924,RCN13304,1208-PF-LA-CMPE-GENRE,Laos,Full,ElasticNet,2,0,0.025205470621585846,0
4925,RCN13305,1208-PF-LA-CMPE-GENRE,Laos,Full,ElasticNet,2,0,0.02526158094406128,0
4926,RCN13306,1208-PF-LA-CMPE-GENRE,Laos,Full,ElasticNet,2,0,0.025226853787899017,0
4927,RCN13307,1208-PF-LA-CMPE-GENRE,Laos,Full,ElasticNet,2,0,0.015021611005067825,0
4928,RCN13308,1208-PF-LA-CMPE-GENRE,Laos,Full,ElasticNet,2,0,0.025303030386567116,0
4929,RCN13309,1208-PF-LA-CMPE-GENRE,Laos,Full,ElasticNet,2,0,0.025350991636514664,0
4930,RCN13310,1208-PF-LA-CMPE-GENRE,Laos,Full,ElasticNet,2,0,0.025473851710557938,0
4931,RCN13311,1208-PF-LA-CMPE-GENRE,Laos,Full,ElasticNet,2,0,0.005988149903714657,0
4932,RCN13312,1208-PF-LA-CMPE-GENRE,Laos,Full,ElasticNet,2,0,0.06514310836791992,0
4933,RCN13313,1208-PF-LA-CMPE-GENRE,Laos,Full,ElasticNet,2,0,0.05875363573431969,0
4934,RCN13316,1208-PF-LA-CMPE-GENRE,Laos,Full,ElasticNet,2,0,0.05863606184720993,0
4935,RCN13319,1208-PF-LA-CMPE-GENRE,Laos,Full,ElasticNet,2,0,0.0957607701420784,0
4936,RCN13320,1208-PF-LA-CMPE-GENRE,Laos,Full,ElasticNet,2,0,0.025300290435552597,0
4937,RCN13321,1208-PF-LA-CMPE-GENRE,Laos,Full,ElasticNet,2,0,0.014972704462707043,0
4938,RCN13322,1208-PF-LA-CMPE-GENRE,Laos,Full,ElasticNet,2,0,0.013656442984938622,0
4939,RCN13323,1208-PF-LA-CMPE-GENRE,Laos,Full,ElasticNet,2,0,0.05862153321504593,0
4940,RCN13324,1208-PF-LA-CMPE-GENRE,Laos,Full,ElasticNet,2,0,0.021026650443673134,0
4941,RCN13329,1208-PF-LA-CMPE-GENRE,Laos,Full,ElasticNet,2,1,0.5366653800010681,1
4942,RCN13330,1208-PF-LA-CMPE-GENRE,Laos,Full,ElasticNet,2,1,0.4092738628387451,0
4943,RCN13331,1208-PF-LA-CMPE-GENRE,Laos,Full,ElasticNet,2,1,0.536620020866394,1
4944,RCN13332,1208-PF-LA-CMPE-GENRE,Laos,Full,ElasticNet,2,1,0.5366973280906677,1
4945,RCN13333,1208-PF-LA-CMPE-GENRE,Laos,Full,ElasticNet,2,1,0.5342192649841309,1
4946,RCN13336,1208-PF-LA-CMPE-GENRE,Laos,Full,ElasticNet,2,0,0.058247361332178116,0
4947,RCN13337,1208-PF-LA-CMPE-GENRE,Laos,Full,ElasticNet,2,0,0.0548836924135685,0
4948,RCN13338,1208-PF-LA-CMPE-GENRE,Laos,Full,ElasticNet,2,0,0.05888235941529274,0
4949,RCN13339,1208-PF-LA-CMPE-GENRE,Laos,Full,ElasticNet,2,0,0.058801766484975815,0
4950,RCN13340,1208-PF-LA-CMPE-GENRE,Laos,Full,ElasticNet,2,0,0.02522493712604046,0
4951,RCN13341,1208-PF-LA-CMPE-GENRE,Laos,Full,ElasticNet,2,0,0.021011510863900185,0
4952,RCN13342,1208-PF-LA-CMPE-GENRE,Laos,Full,ElasticNet,2,0,0.019086040556430817,0
4953,RCN13343,1208-PF-LA-CMPE-GENRE,Laos,Full,ElasticNet,2,0,0.02085227333009243,0
4954,RCN13344,1208-PF-LA-CMPE-GENRE,Laos,Full,ElasticNet,2,0,0.02085178531706333,0
4955,RCN13345,1208-PF-LA-CMPE-GENRE,Laos,Full,ElasticNet,2,0,0.03530440479516983,0
4956,RCN13346,1208-PF-LA-CMPE-GENRE,Laos,Full,ElasticNet,2,0,0.020985297858715057,0
4957,RCN13347,1208-PF-LA-CMPE-GENRE,Laos,Full,ElasticNet,2,0,0.058599092066287994,0
4958,RCN13348,1208-PF-LA-CMPE-GENRE,Laos,Full,ElasticNet,2,0,0.059078190475702286,0
4959,RCN13349,1208-PF-LA-CMPE-GENRE,Laos,Full,ElasticNet,2,0,0.03115817718207836,0
4960,RCN13350,1208-PF-LA-CMPE-GENRE,Laos,Full,ElasticNet,2,0,0.015938054770231247,0
4961,RCN13351,1208-PF-LA-CMPE-GENRE,Laos,Full,ElasticNet,2,0,0.032266877591609955,0
4962,RCN13352,1208-PF-LA-CMPE-GENRE,Laos,Full,ElasticNet,2,0,0.054214999079704285,0
4963,RCN13353,1208-PF-LA-CMPE-GENRE,Laos,Full,ElasticNet,2,0,0.0424361377954483,0
4964,RCN13354,1208-PF-LA-CMPE-GENRE,Laos,Full,ElasticNet,2,0,0.042182181030511856,0
4965,RCN13355,1208-PF-LA-CMPE-GENRE,Laos,Full,ElasticNet,2,0,0.02105165459215641,0
4966,RCN13356,1208-PF-LA-CMPE-GENRE,Laos,Full,ElasticNet,2,0,0.02520160935819149,0
4967,RCN13357,1208-PF-LA-CMPE-GENRE,Laos,Full,ElasticNet,2,0,0.016348078846931458,0
4968,RCN13358,1208-PF-LA-CMPE-GENRE,Laos,Full,ElasticNet,2,1,0.8884684443473816,1
4969,RCN13359,1208-PF-LA-CMPE-GENRE,Laos,Full,ElasticNet,2,0,0.03482431545853615,0
4970,RCN13360,1208-PF-LA-CMPE-GENRE,Laos,Full,ElasticNet,2,0,0.0350596122443676,0
4971,RCN13361,1208-PF-LA-CMPE-GENRE,Laos,Full,ElasticNet,2,1,0.8883456587791443,1
4972,RCN13362,1208-PF-LA-CMPE-GENRE,Laos,Full,ElasticNet,2,1,0.888654887676239,1
4973,RCN13363,1208-PF-LA-CMPE-GENRE,Laos,Full,ElasticNet,2,1,0.8883582353591919,1
4974,RCN13364,1208-PF-LA-CMPE-GENRE,Laos,Full,ElasticNet,2,0,0.11865183711051941,0
4975,RCN13365,1208-PF-LA-CMPE-GENRE,Laos,Full,ElasticNet,2,0,0.025293594226241112,0
4976,RCN13366,1208-PF-LA-CMPE-GENRE,Laos,Full,ElasticNet,2,0,0.020973898470401764,0
4977,RCN13367,1208-PF-LA-CMPE-GENRE,Laos,Full,ElasticNet,2,0,0.4078938663005829,0
4978,RCN13368,1208-PF-LA-CMPE-GENRE,Laos,Full,ElasticNet,2,1,0.8413453698158264,1
4979,RCN13369,1208-PF-LA-CMPE-GENRE,Laos,Full,ElasticNet,2,0,0.021029390394687653,0
4980,RCN13370,1208-PF-LA-CMPE-GENRE,Laos,Full,ElasticNet,2,0,0.03274237737059593,0
4981,RCN13371,1208-PF-LA-CMPE-GENRE,Laos,Full,ElasticNet,2,0,0.02083609439432621,0
4982,RCN13372,1208-PF-LA-CMPE-GENRE,Laos,Full,ElasticNet,2,0,0.05468500405550003,0
4983,RCN13373,1208-PF-LA-CMPE-GENRE,Laos,Full,ElasticNet,2,0,0.05471842736005783,0
4984,RCN13374,1208-PF-LA-CMPE-GENRE,Laos,Full,ElasticNet,2,1,0.8414458632469177,1
4985,RCN13375,1208-PF-LA-CMPE-GENRE,Laos,Full,ElasticNet,2,0,0.03706340864300728,0
4986,RCN13376,1208-PF-LA-CMPE-GENRE,Laos,Full,ElasticNet,2,0,0.014756332151591778,0
4987,RCN13377,1208-PF-LA-CMPE-GENRE,Laos,Full,ElasticNet,2,0,0.03289594501256943,0
4988,RCN13378,1208-PF-LA-CMPE-GENRE,Laos,Full,ElasticNet,2,0,0.019335906952619553,0
4989,RCN13379,1208-PF-LA-CMPE-GENRE,Laos,Full,ElasticNet,2,0,0.007760907057672739,0
4990,RCN13380,1208-PF-LA-CMPE-GENRE,Laos,Full,ElasticNet,2,1,0.8411791920661926,1
4991,RCN13381,1208-PF-LA-CMPE-GENRE,Laos,Full,ElasticNet,2,0,0.027034670114517212,0
4992,RCN13382,1208-PF-LA-CMPE-GENRE,Laos,Full,ElasticNet,2,1,0.8414798974990845,1
4993,RCN13383,1208-PF-LA-CMPE-GENRE,Laos,Full,ElasticNet,2,0,0.020709538832306862,0
4994,RCN13384,1208-PF-LA-CMPE-GENRE,Laos,Full,ElasticNet,2,0,0.02519918978214264,0
4995,RCN13385,1208-PF-LA-CMPE-GENRE,Laos,Full,ElasticNet,2,0,0.02039102092385292,0
4996,RCN13386,1208-PF-LA-CMPE-GENRE,Laos,Full,ElasticNet,2,0,0.04966982081532478,0
4997,RCN13387,1208-PF-LA-CMPE-GENRE,Laos,Full,ElasticNet,2,1,0.8075518608093262,1
4998,RCN13388,1208-PF-LA-CMPE-GENRE,Laos,Full,ElasticNet,2,1,0.8877386450767517,1
4999,RCN13389,1208-PF-LA-CMPE-GENRE,Laos,Full,ElasticNet,2,0,0.35286596417427063,0
5000,RCN13390,1208-PF-LA-CMPE-GENRE,Laos,Full,ElasticNet,2,0,0.3533474802970886,0
5001,RCN13391,1208-PF-LA-CMPE-GENRE,Laos,Full,ElasticNet,2,1,0.8878368735313416,1
5002,RCN13392,1208-PF-LA-CMPE-GENRE,Laos,Full,ElasticNet,2,0,0.025389159098267555,0
5003,RCN13394,1208-PF-LA-CMPE-GENRE,Laos,Full,ElasticNet,2,0,0.06289184838533401,0
5004,RCN13395,1208-PF-LA-CMPE-GENRE,Laos,Full,ElasticNet,2,0,0.02553788386285305,0
5005,RCN13396,1208-PF-LA-CMPE-GENRE,Laos,Full,ElasticNet,2,0,0.025330688804388046,0
5006,RCN13397,1208-PF-LA-CMPE-GENRE,Laos,Full,ElasticNet,2,0,0.04287872463464737,0
5007,RCN13398,1208-PF-LA-CMPE-GENRE,Laos,Full,ElasticNet,2,0,0.02526956982910633,0
5008,RCN13400,1208-PF-LA-CMPE-GENRE,Laos,Full,ElasticNet,2,0,0.02840474434196949,0
5009,RCN13401,1208-PF-LA-CMPE-GENRE,Laos,Full,ElasticNet,2,0,0.025304647162556648,0
5010,RCN13403,1208-PF-LA-CMPE-GENRE,Laos,Full,ElasticNet,2,1,0.9876314997673035,1
5011,RCN13404,1208-PF-LA-CMPE-GENRE,Laos,Full,ElasticNet,2,1,0.9916386008262634,1
5012,RCN13405,1208-PF-LA-CMPE-GENRE,Laos,Full,ElasticNet,2,1,0.9894189834594727,1
5013,RCN13406,1208-PF-LA-CMPE-GENRE,Laos,Full,ElasticNet,2,1,0.9916412830352783,1
5014,RCN13407,1208-PF-LA-CMPE-GENRE,Laos,Full,ElasticNet,2,1,0.9920390844345093,1
5015,RCN13408,1208-PF-LA-CMPE-GENRE,Laos,Full,ElasticNet,2,1,0.9896851778030396,1
5016,RCN13409,1208-PF-LA-CMPE-GENRE,Laos,Full,ElasticNet,2,1,0.9948564767837524,1
5017,RCN13410,1208-PF-LA-CMPE-GENRE,Laos,Full,ElasticNet,2,1,0.9919290542602539,1
5018,RCN13411,1208-PF-LA-CMPE-GENRE,Laos,Full,ElasticNet,2,1,0.8844478726387024,1
5019,RCN13412,1208-PF-LA-CMPE-GENRE,Laos,Full,ElasticNet,2,1,0.53631192445755,1
5020,RCN13413,1208-PF-LA-CMPE-GENRE,Laos,Full,ElasticNet,2,1,0.8878377676010132,1
5021,RCN13414,1208-PF-LA-CMPE-GENRE,Laos,Full,ElasticNet,2,1,0.8868458867073059,1
5022,RCN13415,1208-PF-LA-CMPE-GENRE,Laos,Full,ElasticNet,2,1,0.8870660066604614,1
5023,RCN13416,1208-PF-LA-CMPE-GENRE,Laos,Full,ElasticNet,2,1,0.887123703956604,1
5024,RCN13417,1208-PF-LA-CMPE-GENRE,Laos,Full,ElasticNet,2,0,0.01929507963359356,0
5025,RCN13418,1208-PF-LA-CMPE-GENRE,Laos,Full,ElasticNet,2,0,0.04299694299697876,0
5026,RCN13419,1208-PF-LA-CMPE-GENRE,Laos,Full,ElasticNet,2,0,0.058653272688388824,0
5027,RCN13420,1208-PF-LA-CMPE-GENRE,Laos,Full,ElasticNet,2,0,0.02082596905529499,0
5028,RCN13421,1208-PF-LA-CMPE-GENRE,Laos,Full,ElasticNet,2,0,0.020980944857001305,0
5029,RCN13422,1208-PF-LA-CMPE-GENRE,Laos,Full,ElasticNet,2,0,0.04308858513832092,0
5030,RCN13424,1208-PF-LA-CMPE-GENRE,Laos,Full,ElasticNet,2,0,0.5724048614501953,1
5031,RCN13427,1208-PF-LA-CMPE-GENRE,Laos,Full,ElasticNet,2,0,0.5738322734832764,1
5032,RCN13429,1208-PF-LA-CMPE-GENRE,Laos,Full,ElasticNet,2,0,0.5738285779953003,1
5033,RCN13430,1208-PF-LA-CMPE-GENRE,Laos,Full,ElasticNet,2,0,0.07159077376127243,0
5034,RCN13431,1208-PF-LA-CMPE-GENRE,Laos,Full,ElasticNet,2,0,0.023626184090971947,0
5035,RCN13432,1208-PF-LA-CMPE-GENRE,Laos,Full,ElasticNet,2,0,0.05867727845907211,0
5036,RCN13433,1208-PF-LA-CMPE-GENRE,Laos,Full,ElasticNet,2,0,0.05892007797956467,0
5037,RCN13434,1208-PF-LA-CMPE-GENRE,Laos,Full,ElasticNet,2,0,0.05868967995047569,0
5038,RCN13435,1208-PF-LA-CMPE-GENRE,Laos,Full,ElasticNet,2,0,0.058472324162721634,0
5039,RCN13436,1208-PF-LA-CMPE-GENRE,Laos,Full,ElasticNet,2,0,0.05882527306675911,0
5040,RCN13437,1208-PF-LA-CMPE-GENRE,Laos,Full,ElasticNet,2,0,0.021050583571195602,0
5041,RCN13438,1208-PF-LA-CMPE-GENRE,Laos,Full,ElasticNet,2,0,0.05791579931974411,0
5042,RCN13439,1208-PF-LA-CMPE-GENRE,Laos,Full,ElasticNet,2,0,0.24517019093036652,0
5043,RCN13441,1208-PF-LA-CMPE-GENRE,Laos,Full,ElasticNet,2,0,0.02104901522397995,0
5044,RCN13442,1208-PF-LA-CMPE-GENRE,Laos,Full,ElasticNet,2,0,0.030589628964662552,0
5045,RCN13443,1208-PF-LA-CMPE-GENRE,Laos,Full,ElasticNet,2,0,0.13690823316574097,0
5046,RCN13445,1208-PF-LA-CMPE-GENRE,Laos,Full,ElasticNet,2,0,0.06263445317745209,0
5047,RCN13446,1208-PF-LA-CMPE-GENRE,Laos,Full,ElasticNet,2,0,0.058691591024398804,0
5048,RCN13447,1208-PF-LA-CMPE-GENRE,Laos,Full,ElasticNet,2,0,0.020875602960586548,0
5049,RCN13448,1208-PF-LA-CMPE-GENRE,Laos,Full,ElasticNet,2,0,0.08489131182432175,0
5050,RCN13449,1208-PF-LA-CMPE-GENRE,Laos,Full,ElasticNet,2,1,0.9949892163276672,1
5051,RCN13450,1208-PF-LA-CMPE-GENRE,Laos,Full,ElasticNet,2,1,0.9875805377960205,1
5052,RCN13452,1208-PF-LA-CMPE-GENRE,Laos,Full,ElasticNet,2,1,0.994594156742096,1
5053,RCN13454,1208-PF-LA-CMPE-GENRE,Laos,Full,ElasticNet,2,0,0.9638895988464355,1
5054,RCN13455,1208-PF-LA-CMPE-GENRE,Laos,Full,ElasticNet,2,0,0.4412844777107239,0
5055,RCN13457,1208-PF-LA-CMPE-GENRE,Laos,Full,ElasticNet,2,1,0.9928975105285645,1
5056,RCN13458,1208-PF-LA-CMPE-GENRE,Laos,Full,ElasticNet,2,0,0.44178506731987,0
5057,RCN13459,1208-PF-LA-CMPE-GENRE,Laos,Full,ElasticNet,2,0,0.26903295516967773,0
5058,RCN13460,1208-PF-LA-CMPE-GENRE,Laos,Full,ElasticNet,2,0,0.10913518816232681,0
5059,RCN13461,1208-PF-LA-CMPE-GENRE,Laos,Full,ElasticNet,2,0,0.148374542593956,0
5060,RCN13462,1208-PF-LA-CMPE-GENRE,Laos,Full,ElasticNet,2,1,0.995636522769928,1
5061,RCN13463,1208-PF-LA-CMPE-GENRE,Laos,Full,ElasticNet,2,1,0.9920591115951538,1
5062,RCN13464,1208-PF-LA-CMPE-GENRE,Laos,Full,ElasticNet,2,0,0.3525075614452362,0
5063,RCN13465,1208-PF-LA-CMPE-GENRE,Laos,Full,ElasticNet,2,1,0.9949905276298523,1
5064,RCN13466,1208-PF-LA-CMPE-GENRE,Laos,Full,ElasticNet,2,0,0.8868950605392456,1
5065,RCN13467,1208-PF-LA-CMPE-GENRE,Laos,Full,ElasticNet,2,0,0.3533565402030945,0
5066,RCN13468,1208-PF-LA-CMPE-GENRE,Laos,Full,ElasticNet,2,0,0.353306382894516,0
5067,RCN13469,1208-PF-LA-CMPE-GENRE,Laos,Full,ElasticNet,2,0,0.35304325819015503,0
5068,RCN13470,1208-PF-LA-CMPE-GENRE,Laos,Full,ElasticNet,2,1,0.984674334526062,1
5069,RCN13471,1208-PF-LA-CMPE-GENRE,Laos,Full,ElasticNet,2,1,0.9820027351379395,1
5070,RCN13472,1208-PF-LA-CMPE-GENRE,Laos,Full,ElasticNet,2,1,0.993911623954773,1
5071,RCN13473,1208-PF-LA-CMPE-GENRE,Laos,Full,ElasticNet,2,1,0.9934388995170593,1
5072,RCN13474,1208-PF-LA-CMPE-GENRE,Laos,Full,ElasticNet,2,1,0.991367518901825,1
5073,RCN13475,1208-PF-LA-CMPE-GENRE,Laos,Full,ElasticNet,2,1,0.9946250319480896,1
5074,RCN13476,1208-PF-LA-CMPE-GENRE,Laos,Full,ElasticNet,2,1,0.994662880897522,1
5075,RCN13477,1208-PF-LA-CMPE-GENRE,Laos,Full,ElasticNet,2,1,0.9820430874824524,1
5076,RCN13478,1208-PF-LA-CMPE-GENRE,Laos,Full,ElasticNet,2,1,0.9921655654907227,1
5077,RCN13479,1208-PF-LA-CMPE-GENRE,Laos,Full,ElasticNet,2,1,0.9946034550666809,1
5078,RCN13480,1208-PF-LA-CMPE-GENRE,Laos,Full,ElasticNet,2,1,0.9964744448661804,1
5079,RCN13481,1208-PF-LA-CMPE-GENRE,Laos,Full,ElasticNet,2,1,0.9222658276557922,1
5080,RCN13482,1208-PF-LA-CMPE-GENRE,Laos,Full,ElasticNet,2,1,0.9965417981147766,1
5081,RCN13483,1208-PF-LA-CMPE-GENRE,Laos,Full,ElasticNet,2,1,0.983974039554596,1
5082,RCN13484,1208-PF-LA-CMPE-GENRE,Laos,Full,ElasticNet,2,0,0.3652839660644531,0
5083,RCN13485,1208-PF-LA-CMPE-GENRE,Laos,Full,ElasticNet,2,1,0.9933049082756042,1
5084,RCN13486,1208-PF-LA-CMPE-GENRE,Laos,Full,ElasticNet,2,1,0.9931325316429138,1
5085,RCN13487,1208-PF-LA-CMPE-GENRE,Laos,Full,ElasticNet,2,0,0.23423412442207336,0
5086,RCN13488,1208-PF-LA-CMPE-GENRE,Laos,Full,ElasticNet,2,0,0.5047196745872498,1
5087,RCN13489,1208-PF-LA-CMPE-GENRE,Laos,Full,ElasticNet,2,1,0.9948933124542236,1
5088,RCN13490,1208-PF-LA-CMPE-GENRE,Laos,Full,ElasticNet,2,1,0.8876039385795593,1
5089,RCN13491,1208-PF-LA-CMPE-GENRE,Laos,Full,ElasticNet,2,0,0.973217248916626,1
5090,RCN13492,1208-PF-LA-CMPE-GENRE,Laos,Full,ElasticNet,2,0,0.40666043758392334,0
5091,RCN13493,1208-PF-LA-CMPE-GENRE,Laos,Full,ElasticNet,2,0,0.3817022144794464,0
5092,RCN13494,1208-PF-LA-CMPE-GENRE,Laos,Full,ElasticNet,2,1,0.9888471364974976,1
5093,RCN13495,1208-PF-LA-CMPE-GENRE,Laos,Full,ElasticNet,2,1,0.995010256767273,1
5094,RCN13497,1208-PF-LA-CMPE-GENRE,Laos,Full,ElasticNet,2,1,0.9915788173675537,1
5095,RCN13498,1208-PF-LA-CMPE-GENRE,Laos,Full,ElasticNet,2,1,0.9948738217353821,1
5096,RCN13499,1208-PF-LA-CMPE-GENRE,Laos,Full,ElasticNet,2,1,0.8990312814712524,1
5097,RCN13500,1208-PF-LA-CMPE-GENRE,Laos,Full,ElasticNet,2,0,0.3663545250892639,0
5098,RCN13501,1208-PF-LA-CMPE-GENRE,Laos,Full,ElasticNet,2,1,0.9616999626159668,1
5099,RCN13502,1208-PF-LA-CMPE-GENRE,Laos,Full,ElasticNet,2,1,0.9619753956794739,1
5100,RCN13503,1208-PF-LA-CMPE-GENRE,Laos,Full,ElasticNet,2,1,0.9958301186561584,1
5101,RCN13505,1208-PF-LA-CMPE-GENRE,Laos,Full,ElasticNet,2,1,0.9965773224830627,1
5102,RCN13506,1208-PF-LA-CMPE-GENRE,Laos,Full,ElasticNet,2,0,0.979438066482544,1
5103,RCN13507,1208-PF-LA-CMPE-GENRE,Laos,Full,ElasticNet,2,1,0.9945791959762573,1
5104,RCN13508,1208-PF-LA-CMPE-GENRE,Laos,Full,ElasticNet,2,1,0.9946417808532715,1
5105,RCN13510,1208-PF-LA-CMPE-GENRE,Laos,Full,ElasticNet,2,0,0.5828532576560974,1
5106,RCN13511,1208-PF-LA-CMPE-GENRE,Laos,Full,ElasticNet,2,1,0.9857777953147888,1
5107,RCN13512,1208-PF-LA-CMPE-GENRE,Laos,Full,ElasticNet,2,1,0.9938479065895081,1
5108,RCN13513,1208-PF-LA-CMPE-GENRE,Laos,Full,ElasticNet,2,0,0.3158179521560669,0
5109,RCN13514,1208-PF-LA-CMPE-GENRE,Laos,Full,ElasticNet,2,0,0.5833184123039246,1
5110,RCN13515,1208-PF-LA-CMPE-GENRE,Laos,Full,ElasticNet,2,1,0.922285258769989,1
5111,RCN13516,1208-PF-LA-CMPE-GENRE,Laos,Full,ElasticNet,2,1,0.9609768390655518,1
5112,RCN13517,1208-PF-LA-CMPE-GENRE,Laos,Full,ElasticNet,2,0,0.3488887548446655,0
5113,RCN13518,1208-PF-LA-CMPE-GENRE,Laos,Full,ElasticNet,2,1,0.9205178022384644,1
5114,RCN13521,1208-PF-LA-CMPE-GENRE,Laos,Full,ElasticNet,2,1,0.9919006824493408,1
5115,RCN13523,1208-PF-LA-CMPE-GENRE,Laos,Full,ElasticNet,2,0,0.020894812420010567,0
5116,RCN13524,1208-PF-LA-CMPE-GENRE,Laos,Full,ElasticNet,2,0,0.36576777696609497,0
5117,RCN13525,1208-PF-LA-CMPE-GENRE,Laos,Full,ElasticNet,2,0,0.03970194607973099,0
5118,RCN13526,1208-PF-LA-CMPE-GENRE,Laos,Full,ElasticNet,2,1,0.9965255856513977,1
5119,RCN13527,1208-PF-LA-CMPE-GENRE,Laos,Full,ElasticNet,2,1,0.9964340925216675,1
5120,RCN13528,1208-PF-LA-CMPE-GENRE,Laos,Full,ElasticNet,2,1,0.2937283515930176,0
5121,RCN13529,1208-PF-LA-CMPE-GENRE,Laos,Full,ElasticNet,2,1,0.9929807186126709,1
5122,RCN13530,1208-PF-LA-CMPE-GENRE,Laos,Full,ElasticNet,2,1,0.7962989211082458,1
5123,RCN13531,1208-PF-LA-CMPE-GENRE,Laos,Full,ElasticNet,2,0,0.3334648609161377,0
5124,RCN13532,1208-PF-LA-CMPE-GENRE,Laos,Full,ElasticNet,2,1,0.9048311114311218,1
5125,RCN13533,1208-PF-LA-CMPE-GENRE,Laos,Full,ElasticNet,2,1,0.904819130897522,1
5126,RCN13534,1208-PF-LA-CMPE-GENRE,Laos,Full,ElasticNet,2,1,0.9953302145004272,1
5127,RCN13536,1208-PF-LA-CMPE-GENRE,Laos,Full,ElasticNet,2,0,0.13796879351139069,0
5128,RCN13537,1208-PF-LA-CMPE-GENRE,Laos,Full,ElasticNet,2,1,0.9050715565681458,1
5129,RCN13538,1208-PF-LA-CMPE-GENRE,Laos,Full,ElasticNet,2,1,0.9048545360565186,1
5130,RCN13539,1208-PF-LA-CMPE-GENRE,Laos,Full,ElasticNet,2,1,0.9050146341323853,1
5131,RCN13540,1208-PF-LA-CMPE-GENRE,Laos,Full,ElasticNet,2,1,0.9913970232009888,1
5132,RCN13541,1208-PF-LA-CMPE-GENRE,Laos,Full,ElasticNet,2,0,0.36572736501693726,0
5133,RCN13542,1208-PF-LA-CMPE-GENRE,Laos,Full,ElasticNet,2,1,0.9202196002006531,1
5134,RCN13543,1208-PF-LA-CMPE-GENRE,Laos,Full,ElasticNet,2,1,0.7717292904853821,1
5135,RCN13544,1208-PF-LA-CMPE-GENRE,Laos,Full,ElasticNet,2,1,0.9953224062919617,1
5136,RCN13545,1208-PF-LA-CMPE-GENRE,Laos,Full,ElasticNet,2,1,0.9200936555862427,1
5137,RCN13546,1208-PF-LA-CMPE-GENRE,Laos,Full,ElasticNet,2,1,0.9920769929885864,1
5138,RCN13548,1208-PF-LA-CMPE-GENRE,Laos,Full,ElasticNet,2,1,0.9951385259628296,1
5139,RCN13549,1208-PF-LA-CMPE-GENRE,Laos,Full,ElasticNet,2,0,0.9841371774673462,1
5140,RCN13551,1208-PF-LA-CMPE-GENRE,Laos,Full,ElasticNet,2,1,0.9248305559158325,1
5141,RCN13552,1208-PF-LA-CMPE-GENRE,Laos,Full,ElasticNet,2,0,0.9833135008811951,1
5142,RCN13553,1208-PF-LA-CMPE-GENRE,Laos,Full,ElasticNet,2,1,0.9021798372268677,1
5143,RCN13554,1208-PF-LA-CMPE-GENRE,Laos,Full,ElasticNet,2,1,0.9300228357315063,1
5144,RCN13555,1208-PF-LA-CMPE-GENRE,Laos,Full,ElasticNet,2,0,0.9849808216094971,1
5145,RCN13556,1208-PF-LA-CMPE-GENRE,Laos,Full,ElasticNet,2,0,0.11500555276870728,0
5146,RCN13557,1208-PF-LA-CMPE-GENRE,Laos,Full,ElasticNet,2,1,0.9198220372200012,1
5147,RCN13558,1208-PF-LA-CMPE-GENRE,Laos,Full,ElasticNet,2,1,0.9945358037948608,1
5148,RCN13559,1208-PF-LA-CMPE-GENRE,Laos,Full,ElasticNet,2,0,0.8747569918632507,1
5149,RCN13560,1208-PF-LA-CMPE-GENRE,Laos,Full,ElasticNet,2,1,0.9834217429161072,1
5150,RCN13561,1208-PF-LA-CMPE-GENRE,Laos,Full,ElasticNet,2,1,0.9211673736572266,1
5151,RCN13562,1208-PF-LA-CMPE-GENRE,Laos,Full,ElasticNet,2,1,0.9202792048454285,1
5152,RCN13563,1208-PF-LA-CMPE-GENRE,Laos,Full,ElasticNet,2,1,0.9836063385009766,1
5153,RCN13564,1208-PF-LA-CMPE-GENRE,Laos,Full,ElasticNet,2,1,0.9047727584838867,1
5154,RCN13565,1208-PF-LA-CMPE-GENRE,Laos,Full,ElasticNet,2,1,0.9504624605178833,1
5155,RCN13566,1208-PF-LA-CMPE-GENRE,Laos,Full,ElasticNet,2,0,0.3622492849826813,0
5156,RCN13567,1208-PF-LA-CMPE-GENRE,Laos,Full,ElasticNet,2,1,0.9944615364074707,1
5157,RCN13568,1208-PF-LA-CMPE-GENRE,Laos,Full,ElasticNet,2,1,0.9389134049415588,1
5158,RCN13569,1208-PF-LA-CMPE-GENRE,Laos,Full,ElasticNet,2,0,0.22586378455162048,0
5159,RCN13570,1208-PF-LA-CMPE-GENRE,Laos,Full,ElasticNet,2,1,0.9210781455039978,1
5160,RCN13571,1208-PF-LA-CMPE-GENRE,Laos,Full,ElasticNet,2,1,0.9835643768310547,1
5161,RCN13574,1208-PF-LA-CMPE-GENRE,Laos,Full,ElasticNet,2,0,0.20285406708717346,0
5162,RCN13575,1208-PF-LA-CMPE-GENRE,Laos,Full,ElasticNet,2,1,0.9835988283157349,1
5163,RCN13576,1208-PF-LA-CMPE-GENRE,Laos,Full,ElasticNet,2,0,0.6382483839988708,1
5164,RCN13577,1208-PF-LA-CMPE-GENRE,Laos,Full,ElasticNet,2,1,0.9818675518035889,1
5165,RCN13578,1208-PF-LA-CMPE-GENRE,Laos,Full,ElasticNet,2,1,0.9822136163711548,1
5166,RCN13579,1208-PF-LA-CMPE-GENRE,Laos,Full,ElasticNet,2,1,0.9043272137641907,1
5167,RCN13580,1208-PF-LA-CMPE-GENRE,Laos,Full,ElasticNet,2,1,0.9797939658164978,1
5168,RCN13581,1208-PF-LA-CMPE-GENRE,Laos,Full,ElasticNet,2,1,0.9199108481407166,1
5169,RCN13582,1208-PF-LA-CMPE-GENRE,Laos,Full,ElasticNet,2,1,0.9122803211212158,1
5170,RCN13583,1208-PF-LA-CMPE-GENRE,Laos,Full,ElasticNet,2,0,0.1151830181479454,0
5171,RCN13584,1208-PF-LA-CMPE-GENRE,Laos,Full,ElasticNet,2,0,0.6798993945121765,1
5172,RCN13585,1208-PF-LA-CMPE-GENRE,Laos,Full,ElasticNet,2,1,0.8853805661201477,1
5424,RCN14904,1208-PF-LA-CMPE-GENRE,Laos,Full,ElasticNet,2,1,0.8884115815162659,1
5425,RCN14906,1208-PF-LA-CMPE-GENRE,Laos,Full,ElasticNet,2,1,0.8883385062217712,1
5426,RCN14910,1208-PF-LA-CMPE-GENRE,Laos,Full,ElasticNet,2,1,0.88852858543396,1
5427,RCN14912,1208-PF-LA-CMPE-GENRE,Laos,Full,ElasticNet,2,1,0.8884143233299255,1
5428,RCN14913,1208-PF-LA-CMPE-GENRE,Laos,Full,ElasticNet,2,1,0.8884423971176147,1
5429,RCN14915,1208-PF-LA-CMPE-GENRE,Laos,Full,ElasticNet,2,1,0.8884661793708801,1
5430,RCN14916,1208-PF-LA-CMPE-GENRE,Laos,Full,ElasticNet,2,1,0.8879615068435669,1
5431,RCN14917,1208-PF-LA-CMPE-GENRE,Laos,Full,ElasticNet,2,0,0.0061576212756335735,0
5432,RCN14918,1208-PF-LA-CMPE-GENRE,Laos,Full,ElasticNet,2,0,0.0208286140114069,0
5433,RCN14919,1208-PF-LA-CMPE-GENRE,Laos,Full,ElasticNet,2,0,0.02088288404047489,0
5434,RCN14920,1208-PF-LA-CMPE-GENRE,Laos,Full,ElasticNet,2,0,0.058949220925569534,0
5435,RCN14921,1208-PF-LA-CMPE-GENRE,Laos,Full,ElasticNet,2,0,0.017637059092521667,0
5436,RCN14923,1208-PF-LA-CMPE-GENRE,Laos,Full,ElasticNet,2,0,0.023326661437749863,0
5437,RCN14924,1208-PF-LA-CMPE-GENRE,Laos,Full,ElasticNet,2,0,0.03996795043349266,0
5438,RCN14925,1208-PF-LA-CMPE-GENRE,Laos,Full,ElasticNet,2,0,0.03548488765954971,0
5439,RCN14926,1208-PF-LA-CMPE-GENRE,Laos,Full,ElasticNet,2,0,0.05504652112722397,0
5440,RCN14927,1208-PF-LA-CMPE-GENRE,Laos,Full,ElasticNet,2,0,0.10094773024320602,0
5441,RCN14928,1208-PF-LA-CMPE-GENRE,Laos,Full,ElasticNet,2,0,0.025165122002363205,0
5442,RCN14929,1208-PF-LA-CMPE-GENRE,Laos,Full,ElasticNet,2,0,0.02543930523097515,0
5443,RCN14930,1208-PF-LA-CMPE-GENRE,Laos,Full,ElasticNet,2,0,0.015059693716466427,0
5444,RCN14932,1208-PF-LA-CMPE-GENRE,Laos,Full,ElasticNet,2,0,0.01499888114631176,0
5445,RCN14933,1208-PF-LA-CMPE-GENRE,Laos,Full,ElasticNet,2,0,0.014891008846461773,0
5446,RCN14934,1208-PF-LA-CMPE-GENRE,Laos,Full,ElasticNet,2,0,0.033813659101724625,0
5447,RCN14935,1208-PF-LA-CMPE-GENRE,Laos,Full,ElasticNet,2,1,0.8414216637611389,1
5448,RCN14936,1208-PF-LA-CMPE-GENRE,Laos,Full,ElasticNet,2,0,0.019672179594635963,0
5449,RCN14937,1208-PF-LA-CMPE-GENRE,Laos,Full,ElasticNet,2,0,0.025280607864260674,0
5450,RCN14938,1208-PF-LA-CMPE-GENRE,Laos,Full,ElasticNet,2,0,0.058998748660087585,0
5451,RCN14939,1208-PF-LA-CMPE-GENRE,Laos,Full,ElasticNet,2,0,0.02409406192600727,0
5452,RCN14940,1208-PF-LA-CMPE-GENRE,Laos,Full,ElasticNet,2,0,0.09126820415258408,0
5453,RCN14941,1208-PF-LA-CMPE-GENRE,Laos,Full,ElasticNet,2,0,0.020786449313163757,0
5454,RCN14942,1208-PF-LA-CMPE-GENRE,Laos,Full,ElasticNet,2,0,0.0856604352593422,0
5455,RCN14943,1208-PF-LA-CMPE-GENRE,Laos,Full,ElasticNet,2,0,0.05890372768044472,0
5456,RCN14944,1208-PF-LA-CMPE-GENRE,Laos,Full,ElasticNet,2,0,0.011521256528794765,0
5457,RCN14946,1208-PF-LA-CMPE-GENRE,Laos,Full,ElasticNet,2,0,0.043186090886592865,0
5458,RCN14948,1208-PF-LA-CMPE-GENRE,Laos,Full,ElasticNet,2,0,0.03422902151942253,0
5459,RCN14949,1208-PF-LA-CMPE-GENRE,Laos,Full,ElasticNet,2,0,0.09824877232313156,0
5460,RCN14950,1208-PF-LA-CMPE-GENRE,Laos,Full,ElasticNet,2,0,0.05884659290313721,0
5461,RCN14951,1208-PF-LA-CMPE-GENRE,Laos,Full,ElasticNet,2,0,0.09936615079641342,0
5462,RCN14952,1208-PF-LA-CMPE-GENRE,Laos,Full,ElasticNet,2,0,0.02551441639661789,0
5463,RCN14953,1208-PF-LA-CMPE-GENRE,Laos,Full,ElasticNet,2,0,0.05811077728867531,0
5464,RCN14954,1208-PF-LA-CMPE-GENRE,Laos,Full,ElasticNet,2,0,0.0254927109926939,0
5465,RCN14955,1208-PF-LA-CMPE-GENRE,Laos,Full,ElasticNet,2,0,0.059251073747873306,0
5466,RCN14957,1208-PF-LA-CMPE-GENRE,Laos,Full,ElasticNet,2,0,0.07918155193328857,0
5467,RCN14958,1208-PF-LA-CMPE-GENRE,Laos,Full,ElasticNet,2,0,0.07820926606655121,0
5468,RCN14959,1208-PF-LA-CMPE-GENRE,Laos,Full,ElasticNet,2,0,0.07429304718971252,0
5469,RCN14965,1208-PF-LA-CMPE-GENRE,Laos,Full,ElasticNet,2,0,0.017642902210354805,0
5470,RCN14966,1208-PF-LA-CMPE-GENRE,Laos,Full,ElasticNet,2,0,0.02535822056233883,0
5471,RCN14969,1208-PF-LA-CMPE-GENRE,Laos,Full,ElasticNet,2,0,0.05940048024058342,0
5472,RCN14970,1208-PF-LA-CMPE-GENRE,Laos,Full,ElasticNet,2,0,0.03516203910112381,0
5473,RCN14971,1208-PF-LA-CMPE-GENRE,Laos,Full,ElasticNet,2,0,0.05895179137587547,0
5474,RCN14973,1208-PF-LA-CMPE-GENRE,Laos,Full,ElasticNet,2,0,0.03539344668388367,0
5475,RCN14974,1208-PF-LA-CMPE-GENRE,Laos,Full,ElasticNet,2,0,0.05918576568365097,0
5476,RCN14975,1208-PF-LA-CMPE-GENRE,Laos,Full,ElasticNet,2,0,0.059217412024736404,0
5477,RCN14976,1208-PF-LA-CMPE-GENRE,Laos,Full,ElasticNet,2,0,0.05912208929657936,0
5478,RCN14978,1208-PF-LA-CMPE-GENRE,Laos,Full,ElasticNet,2,0,0.04473356530070305,0
5479,RCN14979,1208-PF-LA-CMPE-GENRE,Laos,Full,ElasticNet,2,0,0.10092436522245407,0
5480,RCN14981,1208-PF-LA-CMPE-GENRE,Laos,Full,ElasticNet,2,0,0.03546435385942459,0
5481,RCN14982,1208-PF-LA-CMPE-GENRE,Laos,Full,ElasticNet,2,0,0.035322096198797226,0
5482,RCN14988,1208-PF-LA-CMPE-GENRE,Laos,Full,ElasticNet,2,0,0.05521344020962715,0
5483,RCN14989,1208-PF-LA-CMPE-GENRE,Laos,Full,ElasticNet,2,0,0.059347644448280334,0
5484,RCN14990,1208-PF-LA-CMPE-GENRE,Laos,Full,ElasticNet,2,0,0.058830540627241135,0
5485,RCN14991,1208-PF-LA-CMPE-GENRE,Laos,Full,ElasticNet,2,0,0.05885941535234451,0
5486,RCN14992,1208-PF-LA-CMPE-GENRE,Laos,Full,ElasticNet,2,0,0.05901426076889038,0
5487,RCN14994,1208-PF-LA-CMPE-GENRE,Laos,Full,ElasticNet,2,0,0.019287947565317154,0
5488,RCN14996,1208-PF-LA-CMPE-GENRE,Laos,Full,ElasticNet,2,0,0.05869654566049576,0
5489,RCN14997,1208-PF-LA-CMPE-GENRE,Laos,Full,ElasticNet,2,0,0.05886545404791832,0
5490,RCN14998,1208-PF-LA-CMPE-GENRE,Laos,Full,ElasticNet,2,0,0.05897492170333862,0
5491,RCN14999,1208-PF-LA-CMPE-GENRE,Laos,Full,ElasticNet,2,0,0.05895305797457695,0
5492,RCN15000,1208-PF-LA-CMPE-GENRE,Laos,Full,ElasticNet,2,0,0.04310401529073715,0
5493,RCN15001,1208-PF-LA-CMPE-GENRE,Laos,Full,ElasticNet,2,0,0.03259774297475815,0
5494,RCN15002,1208-PF-LA-CMPE-GENRE,Laos,Full,ElasticNet,2,0,0.10104762017726898,0
5495,RCN15003,1208-PF-LA-CMPE-GENRE,Laos,Full,ElasticNet,2,0,0.019321557134389877,0
5496,RCN15004,1208-PF-LA-CMPE-GENRE,Laos,Full,ElasticNet,2,0,0.015093986876308918,0
5497,RCN15005,1208-PF-LA-CMPE-GENRE,Laos,Full,ElasticNet,2,0,0.04267781600356102,0
5498,RCN15006,1208-PF-LA-CMPE-GENRE,Laos,Full,ElasticNet,2,0,0.05529479682445526,0
5499,RCN15007,1208-PF-LA-CMPE-GENRE,Laos,Full,ElasticNet,2,0,0.10104028135538101,0
5500,RCN15008,1208-PF-LA-CMPE-GENRE,Laos,Full,ElasticNet,2,0,0.10082443803548813,0
5501,RCN15009,1208-PF-LA-CMPE-GENRE,Laos,Full,ElasticNet,2,0,0.10100442171096802,0
5502,RCN15010,1208-PF-LA-CMPE-GENRE,Laos,Full,ElasticNet,2,0,0.058555200695991516,0
5503,RCN15011,1208-PF-LA-CMPE-GENRE,Laos,Full,ElasticNet,2,0,0.05882960185408592,0
5504,RCN15012,1208-PF-LA-CMPE-GENRE,Laos,Full,ElasticNet,2,0,0.03529313951730728,0
5505,RCN15013,1208-PF-LA-CMPE-GENRE,Laos,Full,ElasticNet,2,0,0.0551304817199707,0
5506,RCN15014,1208-PF-LA-CMPE-GENRE,Laos,Full,ElasticNet,2,0,0.05899643152952194,0
5507,RCN15015,1208-PF-LA-CMPE-GENRE,Laos,Full,ElasticNet,2,0,0.05945628136396408,0
5508,RCN15016,1208-PF-LA-CMPE-GENRE,Laos,Full,ElasticNet,2,0,0.025156544521450996,0
5509,RCN15017,1208-PF-LA-CMPE-GENRE,Laos,Full,ElasticNet,2,0,0.05905962362885475,0
5510,RCN15018,1208-PF-LA-CMPE-GENRE,Laos,Full,ElasticNet,2,0,0.025244630873203278,0
5511,RCN15019,1208-PF-LA-CMPE-GENRE,Laos,Full,ElasticNet,2,0,0.055182650685310364,0
5512,RCN15020,1208-PF-LA-CMPE-GENRE,Laos,Full,ElasticNet,2,0,0.015048790723085403,0
5513,RCN15021,1208-PF-LA-CMPE-GENRE,Laos,Full,ElasticNet,2,0,0.008858267217874527,0
5514,RCN15022,1208-PF-LA-CMPE-GENRE,Laos,Full,ElasticNet,2,0,0.03546590358018875,0
5515,RCN15024,1208-PF-LA-CMPE-GENRE,Laos,Full,ElasticNet,2,0,0.035424161702394485,0
5516,RCN15025,1208-PF-LA-CMPE-GENRE,Laos,Full,ElasticNet,2,0,0.0889587327837944,0
5517,RCN15026,1208-PF-LA-CMPE-GENRE,Laos,Full,ElasticNet,2,0,0.03540806844830513,0
5518,RCN15027,1208-PF-LA-CMPE-GENRE,Laos,Full,ElasticNet,2,0,0.059134259819984436,0
5519,RCN15028,1208-PF-LA-CMPE-GENRE,Laos,Full,ElasticNet,2,0,0.05907070264220238,0
5520,RCN15029,1208-PF-LA-CMPE-GENRE,Laos,Full,ElasticNet,2,0,0.05893748998641968,0
5521,RCN15030,1208-PF-LA-CMPE-GENRE,Laos,Full,ElasticNet,2,0,0.01023273915052414,0
5522,RCN15031,1208-PF-LA-CMPE-GENRE,Laos,Full,ElasticNet,2,0,0.020593872293829918,0
5523,RCN15032,1208-PF-LA-CMPE-GENRE,Laos,Full,ElasticNet,2,0,0.020745325833559036,0
5524,RCN15033,1208-PF-LA-CMPE-GENRE,Laos,Full,ElasticNet,2,0,0.020623965188860893,0
5525,RCN15034,1208-PF-LA-CMPE-GENRE,Laos,Full,ElasticNet,2,0,0.019348157569766045,0
5526,RCN15035,1208-PF-LA-CMPE-GENRE,Laos,Full,ElasticNet,2,0,0.019412675872445107,0
5527,RCN15036,1208-PF-LA-CMPE-GENRE,Laos,Full,ElasticNet,2,0,0.019346261397004128,0
5528,RCN15037,1208-PF-LA-CMPE-GENRE,Laos,Full,ElasticNet,2,0,0.019404558464884758,0
5529,RCN15038,1208-PF-LA-CMPE-GENRE,Laos,Full,ElasticNet,2,0,0.019447898492217064,0
5530,RCN15039,1208-PF-LA-CMPE-GENRE,Laos,Full,ElasticNet,2,0,0.019435053691267967,0
5531,RCN15040,1208-PF-LA-CMPE-GENRE,Laos,Full,ElasticNet,2,0,0.020504461601376534,0
5532,RCN15041,1208-PF-LA-CMPE-GENRE,Laos,Full,ElasticNet,2,0,0.020651064813137054,0
5533,RCN15042,1208-PF-LA-CMPE-GENRE,Laos,Full,ElasticNet,2,0,0.020626414567232132,0
5534,RCN15043,1208-PF-LA-CMPE-GENRE,Laos,Full,ElasticNet,2,0,0.021064065396785736,0
5535,RCN15044,1208-PF-LA-CMPE-GENRE,Laos,Full,ElasticNet,2,0,0.02078264392912388,0
5536,RCN15046,1208-PF-LA-CMPE-GENRE,Laos,Full,ElasticNet,2,0,0.02104347012937069,0
5537,RCN15047,1208-PF-LA-CMPE-GENRE,Laos,Full,ElasticNet,2,0,0.021046170964837074,0
5538,RCN15048,1208-PF-LA-CMPE-GENRE,Laos,Full,ElasticNet,2,0,0.02104795351624489,0
5539,RCN15049,1208-PF-LA-CMPE-GENRE,Laos,Full,ElasticNet,2,0,0.020618215203285217,0
5540,RCN15050,1208-PF-LA-CMPE-GENRE,Laos,Full,ElasticNet,2,0,0.021052338182926178,0
5541,RCN15053,1208-PF-LA-CMPE-GENRE,Laos,Full,ElasticNet,2,0,0.021021399646997452,0
5542,RCN15054,1208-PF-LA-CMPE-GENRE,Laos,Full,ElasticNet,2,0,0.02104642428457737,0
5543,RCN15055,1208-PF-LA-CMPE-GENRE,Laos,Full,ElasticNet,2,0,0.009606997482478619,0
5544,RCN15056,1208-PF-LA-CMPE-GENRE,Laos,Full,ElasticNet,2,0,0.006559422239661217,0
5545,RCN15057,1208-PF-LA-CMPE-GENRE,Laos,Full,ElasticNet,2,0,0.009381314739584923,0
5546,RCN15058,1208-PF-LA-CMPE-GENRE,Laos,Full,ElasticNet,2,0,0.007969505153596401,0
5547,RCN15059,1208-PF-LA-CMPE-GENRE,Laos,Full,ElasticNet,2,0,0.02106497995555401,0
5548,RCN15060,1208-PF-LA-CMPE-GENRE,Laos,Full,ElasticNet,2,0,0.03545280918478966,0
5549,RCN15062,1208-PF-LA-CMPE-GENRE,Laos,Full,ElasticNet,2,0,0.035369984805583954,0
5550,RCN15063,1208-PF-LA-CMPE-GENRE,Laos,Full,ElasticNet,2,0,0.059102047234773636,0
5551,RCN15064,1208-PF-LA-CMPE-GENRE,Laos,Full,ElasticNet,2,0,0.035449057817459106,0
5552,RCN15065,1208-PF-LA-CMPE-GENRE,Laos,Full,ElasticNet,2,0,0.020930932834744453,0
5553,RCN15067,1208-PF-LA-CMPE-GENRE,Laos,Full,ElasticNet,2,0,0.03549480438232422,0
5554,RCN15068,1208-PF-LA-CMPE-GENRE,Laos,Full,ElasticNet,2,0,0.02079872600734234,0
5555,RCN15070,1208-PF-LA-CMPE-GENRE,Laos,Full,ElasticNet,2,0,0.02544396184384823,0
5556,RCN15071,1208-PF-LA-CMPE-GENRE,Laos,Full,ElasticNet,2,0,0.020594093948602676,0
5557,RCN15072,1208-PF-LA-CMPE-GENRE,Laos,Full,ElasticNet,2,0,0.025502877309918404,0
5558,RCN15073,1208-PF-LA-CMPE-GENRE,Laos,Full,ElasticNet,2,0,0.02546575292944908,0
5559,RCN15074,1208-PF-LA-CMPE-GENRE,Laos,Full,ElasticNet,2,0,0.025457723066210747,0
5560,RCN15075,1208-PF-LA-CMPE-GENRE,Laos,Full,ElasticNet,2,0,0.058869849890470505,0
5561,RCN15076,1208-PF-LA-CMPE-GENRE,Laos,Full,ElasticNet,2,0,0.015081614255905151,0
5562,RCN15077,1208-PF-LA-CMPE-GENRE,Laos,Full,ElasticNet,2,0,0.059026312083005905,0
5563,RCN15078,1208-PF-LA-CMPE-GENRE,Laos,Full,ElasticNet,2,0,0.020911255851387978,0
5564,RCN15079,1208-PF-LA-CMPE-GENRE,Laos,Full,ElasticNet,2,0,0.05877300351858139,0
5565,RCN15080,1208-PF-LA-CMPE-GENRE,Laos,Full,ElasticNet,2,0,0.053913552314043045,0
5566,RCN15081,1208-PF-LA-CMPE-GENRE,Laos,Full,ElasticNet,2,0,0.011685104109346867,0
5567,RCN15082,1208-PF-LA-CMPE-GENRE,Laos,Full,ElasticNet,2,0,0.010977770201861858,0
5568,RCN15083,1208-PF-LA-CMPE-GENRE,Laos,Full,ElasticNet,2,0,0.025275815278291702,0
5569,RCN15084,1208-PF-LA-CMPE-GENRE,Laos,Full,ElasticNet,2,0,0.011122138239443302,0
5570,RCN15085,1208-PF-LA-CMPE-GENRE,Laos,Full,ElasticNet,2,0,0.011958754621446133,0
5571,RCN15086,1208-PF-LA-CMPE-GENRE,Laos,Full,ElasticNet,2,0,0.02518598362803459,0
5572,RCN15087,1208-PF-LA-CMPE-GENRE,Laos,Full,ElasticNet,2,0,0.025417612865567207,0
5573,RCN15088,1208-PF-LA-CMPE-GENRE,Laos,Full,ElasticNet,2,0,0.011791953817009926,0
5574,RCN15089,1208-PF-LA-CMPE-GENRE,Laos,Full,ElasticNet,2,0,0.025338103994727135,0
5575,RCN15090,1208-PF-LA-CMPE-GENRE,Laos,Full,ElasticNet,2,0,0.02545842155814171,0
5576,RCN15091,1208-PF-LA-CMPE-GENRE,Laos,Full,ElasticNet,2,0,0.011806827038526535,0
5577,RCN15092,1208-PF-LA-CMPE-GENRE,Laos,Full,ElasticNet,2,0,0.012213648296892643,0
5578,RCN15093,1208-PF-LA-CMPE-GENRE,Laos,Full,ElasticNet,2,0,0.02536793239414692,0
5579,RCN15094,1208-PF-LA-CMPE-GENRE,Laos,Full,ElasticNet,2,0,0.01250816322863102,0
5580,RCN15095,1208-PF-LA-CMPE-GENRE,Laos,Full,ElasticNet,2,0,0.025441747158765793,0
5581,RCN15096,1208-PF-LA-CMPE-GENRE,Laos,Full,ElasticNet,2,0,0.02520962990820408,0
5582,RCN15097,1208-PF-LA-CMPE-GENRE,Laos,Full,ElasticNet,2,0,0.011899559758603573,0
5583,RCN15098,1208-PF-LA-CMPE-GENRE,Laos,Full,ElasticNet,2,0,0.02517589181661606,0
5584,RCN15099,1208-PF-LA-CMPE-GENRE,Laos,Full,ElasticNet,2,0,0.02552042156457901,0
5585,RCN15102,1208-PF-LA-CMPE-GENRE,Laos,Full,ElasticNet,2,0,0.09868882596492767,0
5586,RCN15104,1208-PF-LA-CMPE-GENRE,Laos,Full,ElasticNet,2,0,0.058403756469488144,0
5587,RCN15108,1208-PF-LA-CMPE-GENRE,Laos,Full,ElasticNet,2,0,0.053617581725120544,0
5588,RCN15109,1208-PF-LA-CMPE-GENRE,Laos,Full,ElasticNet,2,0,0.03534235432744026,0
5589,RCN15110,1208-PF-LA-CMPE-GENRE,Laos,Full,ElasticNet,2,0,0.025299008935689926,0
5590,RCN15111,1208-PF-LA-CMPE-GENRE,Laos,Full,ElasticNet,2,0,0.025438223034143448,0
5591,RCN15112,1208-PF-LA-CMPE-GENRE,Laos,Full,ElasticNet,2,0,0.05488503724336624,0
5592,RCN15113,1208-PF-LA-CMPE-GENRE,Laos,Full,ElasticNet,2,0,0.04195196554064751,0
5593,RCN15115,1208-PF-LA-CMPE-GENRE,Laos,Full,ElasticNet,2,0,0.07146970182657242,0
5594,RCN15116,1208-PF-LA-CMPE-GENRE,Laos,Full,ElasticNet,2,0,0.05518893152475357,0
5595,RCN15117,1208-PF-LA-CMPE-GENRE,Laos,Full,ElasticNet,2,0,0.04116325080394745,0
5596,RCN15120,1208-PF-LA-CMPE-GENRE,Laos,Full,ElasticNet,2,0,0.03526882454752922,0
5597,RCN15121,1208-PF-LA-CMPE-GENRE,Laos,Full,ElasticNet,2,0,0.03491412475705147,0
5598,RCN15122,1208-PF-LA-CMPE-GENRE,Laos,Full,ElasticNet,2,0,0.03478626906871796,0
5599,RCN15123,1208-PF-LA-CMPE-GENRE,Laos,Full,ElasticNet,2,0,0.05795833840966225,0
5600,RCN15126,1208-PF-LA-CMPE-GENRE,Laos,Full,ElasticNet,2,0,0.03507961332798004,0
5601,RCN15128,1208-PF-LA-CMPE-GENRE,Laos,Full,ElasticNet,2,0,0.03521507978439331,0
5602,RCN15129,1208-PF-LA-CMPE-GENRE,Laos,Full,ElasticNet,2,0,0.05741019546985626,0
5603,RCN15133,1208-PF-LA-CMPE-GENRE,Laos,Full,ElasticNet,2,0,0.03522826358675957,0
5604,RCN15135,1208-PF-LA-CMPE-GENRE,Laos,Full,ElasticNet,2,0,0.050246711820364,0
5605,RCN15139,1208-PF-LA-CMPE-GENRE,Laos,Full,ElasticNet,2,0,0.0351208858191967,0
5606,RCN15140,1208-PF-LA-CMPE-GENRE,Laos,Full,ElasticNet,2,0,0.05945628136396408,0
5607,RCN15141,1208-PF-LA-CMPE-GENRE,Laos,Full,ElasticNet,2,0,0.09700456261634827,0
5608,RCN15143,1208-PF-LA-CMPE-GENRE,Laos,Full,ElasticNet,2,0,0.03545538708567619,0
5609,RCN15146,1208-PF-LA-CMPE-GENRE,Laos,Full,ElasticNet,2,0,0.03481563553214073,0
5610,RCN15147,1208-PF-LA-CMPE-GENRE,Laos,Full,ElasticNet,2,0,0.03255511820316315,0
5611,RCN15152,1208-PF-LA-CMPE-GENRE,Laos,Full,ElasticNet,2,0,0.03490842878818512,0
5612,RCN15153,1208-PF-LA-CMPE-GENRE,Laos,Full,ElasticNet,2,0,0.015361648052930832,0
5613,RCN15154,1208-PF-LA-CMPE-GENRE,Laos,Full,ElasticNet,2,0,0.03477516025304794,0
5614,RCN15155,1208-PF-LA-CMPE-GENRE,Laos,Full,ElasticNet,2,0,0.015392187051475048,0
5615,RCN15160,1208-PF-LA-CMPE-GENRE,Laos,Full,ElasticNet,2,0,0.035050444304943085,0
5616,RCN15161,1208-PF-LA-CMPE-GENRE,Laos,Full,ElasticNet,2,0,0.03483857586979866,0
5617,RCN15162,1208-PF-LA-CMPE-GENRE,Laos,Full,ElasticNet,2,0,0.034058790653944016,0
5618,RCN15163,1208-PF-LA-CMPE-GENRE,Laos,Full,ElasticNet,2,0,0.03404679149389267,0
5619,RCN15164,1208-PF-LA-CMPE-GENRE,Laos,Full,ElasticNet,2,0,0.059291742742061615,0
5620,RCN15165,1208-PF-LA-CMPE-GENRE,Laos,Full,ElasticNet,2,0,0.016464104875922203,0
5621,RCN15167,1208-PF-LA-CMPE-GENRE,Laos,Full,ElasticNet,2,0,0.034813154488801956,0
5622,RCN15168,1208-PF-LA-CMPE-GENRE,Laos,Full,ElasticNet,2,0,0.05891917273402214,0
5623,RCN15169,1208-PF-LA-CMPE-GENRE,Laos,Full,ElasticNet,2,0,0.034540265798568726,0
5624,RCN15170,1208-PF-LA-CMPE-GENRE,Laos,Full,ElasticNet,2,0,0.05655830726027489,0
5625,RCN15171,1208-PF-LA-CMPE-GENRE,Laos,Full,ElasticNet,2,0,0.058552876114845276,0
5626,RCN15172,1208-PF-LA-CMPE-GENRE,Laos,Full,ElasticNet,2,0,0.059059809893369675,0
5627,RCN15173,1208-PF-LA-CMPE-GENRE,Laos,Full,ElasticNet,2,0,0.03483329713344574,0
5628,RCN15174,1208-PF-LA-CMPE-GENRE,Laos,Full,ElasticNet,2,0,0.034802939742803574,0
5629,RCN15175,1208-PF-LA-CMPE-GENRE,Laos,Full,ElasticNet,2,0,0.05794152989983559,0
5630,RCN15176,1208-PF-LA-CMPE-GENRE,Laos,Full,ElasticNet,2,0,0.0592803992331028,0
5631,RCN15178,1208-PF-LA-CMPE-GENRE,Laos,Full,ElasticNet,2,0,0.05923990160226822,0
5632,RCN15179,1208-PF-LA-CMPE-GENRE,Laos,Full,ElasticNet,2,0,0.03503778576850891,0
5633,RCN15180,1208-PF-LA-CMPE-GENRE,Laos,Full,ElasticNet,2,0,0.2979756295681,0
5634,RCN15182,1208-PF-LA-CMPE-GENRE,Laos,Full,ElasticNet,2,0,0.012667490169405937,0
5635,RCN15183,1208-PF-LA-CMPE-GENRE,Laos,Full,ElasticNet,2,0,0.04282614216208458,0
5636,RCN15184,1208-PF-LA-CMPE-GENRE,Laos,Full,ElasticNet,2,0,0.05877747759222984,0
5637,RCN15185,1208-PF-LA-CMPE-GENRE,Laos,Full,ElasticNet,2,0,0.05359255522489548,0
5638,RCN15186,1208-PF-LA-CMPE-GENRE,Laos,Full,ElasticNet,2,0,0.03337879106402397,0
5639,RCN15187,1208-PF-LA-CMPE-GENRE,Laos,Full,ElasticNet,2,0,0.042227718979120255,0
5640,RCN15189,1208-PF-LA-CMPE-GENRE,Laos,Full,ElasticNet,2,0,0.014294788241386414,0
5641,RCN15190,1208-PF-LA-CMPE-GENRE,Laos,Full,ElasticNet,2,0,0.024889029562473297,0
5642,RCN15191,1208-PF-LA-CMPE-GENRE,Laos,Full,ElasticNet,2,0,0.020898114889860153,0
5643,RCN15192,1208-PF-LA-CMPE-GENRE,Laos,Full,ElasticNet,2,0,0.02523486316204071,0
5644,RCN15193,1208-PF-LA-CMPE-GENRE,Laos,Full,ElasticNet,2,0,0.042717527598142624,0
5645,RCN15194,1208-PF-LA-CMPE-GENRE,Laos,Full,ElasticNet,2,0,0.05842103436589241,0
5646,RCN15195,1208-PF-LA-CMPE-GENRE,Laos,Full,ElasticNet,2,0,0.017907489091157913,0
5647,RCN15196,1208-PF-LA-CMPE-GENRE,Laos,Full,ElasticNet,2,0,0.02547665871679783,0
5648,RCN15197,1208-PF-LA-CMPE-GENRE,Laos,Full,ElasticNet,2,0,0.02484607882797718,0
5649,RCN15198,1208-PF-LA-CMPE-GENRE,Laos,Full,ElasticNet,2,0,0.004560562316328287,0
5650,RCN15199,1208-PF-LA-CMPE-GENRE,Laos,Full,ElasticNet,2,0,0.021043989807367325,0
5651,RCN15200,1208-PF-LA-CMPE-GENRE,Laos,Full,ElasticNet,2,0,0.021030090749263763,0
5652,RCN15201,1208-PF-LA-CMPE-GENRE,Laos,Full,ElasticNet,2,0,0.06254705041646957,0
5653,RCN15202,1208-PF-LA-CMPE-GENRE,Laos,Full,ElasticNet,2,0,0.018457556143403053,0
5654,RCN15204,1208-PF-LA-CMPE-GENRE,Laos,Full,ElasticNet,2,0,0.032588813453912735,0
5655,RCN15205,1208-PF-LA-CMPE-GENRE,Laos,Full,ElasticNet,2,0,0.00663358299061656,0
5656,RCN15206,1208-PF-LA-CMPE-GENRE,Laos,Full,ElasticNet,2,0,0.04255316033959389,0
5657,RCN15207,1208-PF-LA-CMPE-GENRE,Laos,Full,ElasticNet,2,0,0.020939456298947334,0
5658,RCN15208,1208-PF-LA-CMPE-GENRE,Laos,Full,ElasticNet,2,0,0.054815180599689484,0
5659,RCN15209,1208-PF-LA-CMPE-GENRE,Laos,Full,ElasticNet,2,1,0.8882350325584412,1
5660,RCN15210,1208-PF-LA-CMPE-GENRE,Laos,Full,ElasticNet,2,0,0.025502437725663185,0
5661,RCN15211,1208-PF-LA-CMPE-GENRE,Laos,Full,ElasticNet,2,0,0.02104620635509491,0
5662,RCN15212,1208-PF-LA-CMPE-GENRE,Laos,Full,ElasticNet,2,0,0.02087406814098358,0
5663,RCN15213,1208-PF-LA-CMPE-GENRE,Laos,Full,ElasticNet,2,0,0.023188861086964607,0
5664,RCN15215,1208-PF-LA-CMPE-GENRE,Laos,Full,ElasticNet,2,1,0.8872266411781311,1
5665,RCN15216,1208-PF-LA-CMPE-GENRE,Laos,Full,ElasticNet,2,0,0.18184076249599457,0
5666,RCN15217,1208-PF-LA-CMPE-GENRE,Laos,Full,ElasticNet,2,0,0.0252046100795269,0
5667,RCN15218,1208-PF-LA-CMPE-GENRE,Laos,Full,ElasticNet,2,0,0.025248615071177483,0
5668,RCN15219,1208-PF-LA-CMPE-GENRE,Laos,Full,ElasticNet,2,0,0.02539152465760708,0
5669,RCN15220,1208-PF-LA-CMPE-GENRE,Laos,Full,ElasticNet,2,0,0.042822469025850296,0
5670,RCN15221,1208-PF-LA-CMPE-GENRE,Laos,Full,ElasticNet,2,0,0.02322896011173725,0
5671,RCN15222,1208-PF-LA-CMPE-GENRE,Laos,Full,ElasticNet,2,0,0.04008800908923149,0
5672,RCN15224,1208-PF-LA-CMPE-GENRE,Laos,Full,ElasticNet,2,0,0.025071831420063972,0
5673,RCN15225,1208-PF-LA-CMPE-GENRE,Laos,Full,ElasticNet,2,0,0.025287412106990814,0
5674,RCN15226,1208-PF-LA-CMPE-GENRE,Laos,Full,ElasticNet,2,0,0.025191161781549454,0
5675,RCN15227,1208-PF-LA-CMPE-GENRE,Laos,Full,ElasticNet,2,0,0.02527790702879429,0
5676,RCN15228,1208-PF-LA-CMPE-GENRE,Laos,Full,ElasticNet,2,0,0.025492461398243904,0
5677,RCN15229,1208-PF-LA-CMPE-GENRE,Laos,Full,ElasticNet,2,0,0.011915123090147972,0
5678,RCN15230,1208-PF-LA-CMPE-GENRE,Laos,Full,ElasticNet,2,0,0.16535980999469757,0
5679,RCN15231,1208-PF-LA-CMPE-GENRE,Laos,Full,ElasticNet,2,0,0.015318000689148903,0
5680,RCN15233,1208-PF-LA-CMPE-GENRE,Laos,Full,ElasticNet,2,1,0.9945717453956604,1
5681,RCN15234,1208-PF-LA-CMPE-GENRE,Laos,Full,ElasticNet,2,0,0.19162960350513458,0
5682,RCN15235,1208-PF-LA-CMPE-GENRE,Laos,Full,ElasticNet,2,1,0.995036780834198,1
5683,RCN15236,1208-PF-LA-CMPE-GENRE,Laos,Full,ElasticNet,2,1,0.9940319657325745,1
5684,RCN15237,1208-PF-LA-CMPE-GENRE,Laos,Full,ElasticNet,2,1,0.9910252094268799,1
5685,RCN15238,1208-PF-LA-CMPE-GENRE,Laos,Full,ElasticNet,2,0,0.437440425157547,0
5686,RCN15239,1208-PF-LA-CMPE-GENRE,Laos,Full,ElasticNet,2,0,0.9794856309890747,1
5687,RCN15240,1208-PF-LA-CMPE-GENRE,Laos,Full,ElasticNet,2,1,0.9946169257164001,1
5688,RCN15241,1208-PF-LA-CMPE-GENRE,Laos,Full,ElasticNet,2,1,0.9945979118347168,1
5689,RCN15242,1208-PF-LA-CMPE-GENRE,Laos,Full,ElasticNet,2,1,0.9946088790893555,1
5690,RCN15243,1208-PF-LA-CMPE-GENRE,Laos,Full,ElasticNet,2,1,0.9702683091163635,1
5691,RCN15244,1208-PF-LA-CMPE-GENRE,Laos,Full,ElasticNet,2,1,0.9642342925071716,1
5692,RCN15245,1208-PF-LA-CMPE-GENRE,Laos,Full,ElasticNet,2,1,0.9913962483406067,1
5693,RCN15246,1208-PF-LA-CMPE-GENRE,Laos,Full,ElasticNet,2,0,0.38114070892333984,0
5694,RCN15247,1208-PF-LA-CMPE-GENRE,Laos,Full,ElasticNet,2,0,0.5775723457336426,1
5695,RCN15248,1208-PF-LA-CMPE-GENRE,Laos,Full,ElasticNet,2,1,0.9913869500160217,1
5696,RCN15249,1208-PF-LA-CMPE-GENRE,Laos,Full,ElasticNet,2,1,0.9341413378715515,1
5697,RCN15250,1208-PF-LA-CMPE-GENRE,Laos,Full,ElasticNet,2,0,0.07141905277967453,0
5698,RCN15251,1208-PF-LA-CMPE-GENRE,Laos,Full,ElasticNet,2,0,0.013753318227827549,0
5699,RCN15252,1208-PF-LA-CMPE-GENRE,Laos,Full,ElasticNet,2,0,0.015751903876662254,0
5700,RCN15253,1208-PF-LA-CMPE-GENRE,Laos,Full,ElasticNet,2,0,0.19009478390216827,0
5701,RCN15255,1208-PF-LA-CMPE-GENRE,Laos,Full,ElasticNet,2,0,0.3922249972820282,0
5702,RCN15256,1208-PF-LA-CMPE-GENRE,Laos,Full,ElasticNet,2,0,0.4335249066352844,0
5703,RCN15258,1208-PF-LA-CMPE-GENRE,Laos,Full,ElasticNet,2,1,0.9941397905349731,1
5704,RCN15259,1208-PF-LA-CMPE-GENRE,Laos,Full,ElasticNet,2,0,0.11587600409984589,0
5705,RCN15260,1208-PF-LA-CMPE-GENRE,Laos,Full,ElasticNet,2,1,0.9945979118347168,1
5706,RCN15261,1208-PF-LA-CMPE-GENRE,Laos,Full,ElasticNet,2,1,0.9950231313705444,1
5707,RCN15262,1208-PF-LA-CMPE-GENRE,Laos,Full,ElasticNet,2,0,0.13725511729717255,0
5708,RCN15264,1208-PF-LA-CMPE-GENRE,Laos,Full,ElasticNet,2,0,0.11678845435380936,0
5709,RCN15265,1208-PF-LA-CMPE-GENRE,Laos,Full,ElasticNet,2,0,0.07138948142528534,0
5710,RCN15267,1208-PF-LA-CMPE-GENRE,Laos,Full,ElasticNet,2,0,0.09006098657846451,0
5711,RCN15268,1208-PF-LA-CMPE-GENRE,Laos,Full,ElasticNet,2,0,0.11744105815887451,0
5712,RCN15269,1208-PF-LA-CMPE-GENRE,Laos,Full,ElasticNet,2,1,0.9888706803321838,1
5713,RCN15270,1208-PF-LA-CMPE-GENRE,Laos,Full,ElasticNet,2,0,0.18273800611495972,0
5714,RCN15271,1208-PF-LA-CMPE-GENRE,Laos,Full,ElasticNet,2,0,0.11677700281143188,0
5715,RCN15272,1208-PF-LA-CMPE-GENRE,Laos,Full,ElasticNet,2,0,0.3588719666004181,0
5716,RCN15273,1208-PF-LA-CMPE-GENRE,Laos,Full,ElasticNet,2,0,0.07053869217634201,0
5717,RCN15274,1208-PF-LA-CMPE-GENRE,Laos,Full,ElasticNet,2,1,0.2721652388572693,0
5718,RCN15275,1208-PF-LA-CMPE-GENRE,Laos,Full,ElasticNet,2,1,0.9962903261184692,1
5719,RCN15276,1208-PF-LA-CMPE-GENRE,Laos,Full,ElasticNet,2,1,0.9964916110038757,1
5720,RCN15277,1208-PF-LA-CMPE-GENRE,Laos,Full,ElasticNet,2,0,0.1527368277311325,0
5721,RCN15278,1208-PF-LA-CMPE-GENRE,Laos,Full,ElasticNet,2,1,0.995890200138092,1
5722,RCN15279,1208-PF-LA-CMPE-GENRE,Laos,Full,ElasticNet,2,1,0.9965142607688904,1
5723,RCN15280,1208-PF-LA-CMPE-GENRE,Laos,Full,ElasticNet,2,1,0.9963711500167847,1
5724,RCN15281,1208-PF-LA-CMPE-GENRE,Laos,Full,ElasticNet,2,1,0.9943629503250122,1
5725,RCN15282,1208-PF-LA-CMPE-GENRE,Laos,Full,ElasticNet,2,1,0.9965969920158386,1
5726,RCN15283,1208-PF-LA-CMPE-GENRE,Laos,Full,ElasticNet,2,1,0.9959743618965149,1
5727,RCN15284,1208-PF-LA-CMPE-GENRE,Laos,Full,ElasticNet,2,0,0.9030854105949402,1
5728,RCN15285,1208-PF-LA-CMPE-GENRE,Laos,Full,ElasticNet,2,0,0.1350158154964447,0
5729,RCN15287,1208-PF-LA-CMPE-GENRE,Laos,Full,ElasticNet,2,0,0.07136571407318115,0
5730,RCN15288,1208-PF-LA-CMPE-GENRE,Laos,Full,ElasticNet,2,0,0.1152215451002121,0
5731,RCN15290,1208-PF-LA-CMPE-GENRE,Laos,Full,ElasticNet,2,0,0.4172526001930237,0
5732,RCN15291,1208-PF-LA-CMPE-GENRE,Laos,Full,ElasticNet,2,0,0.06225559860467911,0
5733,RCN15292,1208-PF-LA-CMPE-GENRE,Laos,Full,ElasticNet,2,0,0.11516037583351135,0
5734,RCN15293,1208-PF-LA-CMPE-GENRE,Laos,Full,ElasticNet,2,0,0.07042597979307175,0
5735,RCN15294,1208-PF-LA-CMPE-GENRE,Laos,Full,ElasticNet,2,0,0.11661243438720703,0
5736,RCN15295,1208-PF-LA-CMPE-GENRE,Laos,Full,ElasticNet,2,1,0.9211772084236145,1
5737,RCN15296,1208-PF-LA-CMPE-GENRE,Laos,Full,ElasticNet,2,0,0.11731638759374619,0
5738,RCN15297,1208-PF-LA-CMPE-GENRE,Laos,Full,ElasticNet,2,0,0.1354435533285141,0
5739,RCN15298,1208-PF-LA-CMPE-GENRE,Laos,Full,ElasticNet,2,0,0.07147327810525894,0
5740,RCN15299,1208-PF-LA-CMPE-GENRE,Laos,Full,ElasticNet,2,0,0.15454316139221191,0
5741,RCN15300,1208-PF-LA-CMPE-GENRE,Laos,Full,ElasticNet,2,0,0.11638788878917694,0
5742,RCN15301,1208-PF-LA-CMPE-GENRE,Laos,Full,ElasticNet,2,0,0.13498549163341522,0
5743,RCN15302,1208-PF-LA-CMPE-GENRE,Laos,Full,ElasticNet,2,0,0.10997749119997025,0
5744,RCN15303,1208-PF-LA-CMPE-GENRE,Laos,Full,ElasticNet,2,0,0.15419895946979523,0
5745,RCN15304,1208-PF-LA-CMPE-GENRE,Laos,Full,ElasticNet,2,0,0.15384365618228912,0
5746,RCN15305,1208-PF-LA-CMPE-GENRE,Laos,Full,ElasticNet,2,0,0.08423114567995071,0
5747,RCN15306,1208-PF-LA-CMPE-GENRE,Laos,Full,ElasticNet,2,1,0.9047572612762451,1
5748,RCN15307,1208-PF-LA-CMPE-GENRE,Laos,Full,ElasticNet,2,0,0.4809936285018921,0
5749,RCN15308,1208-PF-LA-CMPE-GENRE,Laos,Full,ElasticNet,2,0,0.11500757932662964,0
5750,RCN15309,1208-PF-LA-CMPE-GENRE,Laos,Full,ElasticNet,2,0,0.11500440537929535,0
5751,RCN15310,1208-PF-LA-CMPE-GENRE,Laos,Full,ElasticNet,2,1,0.9507202506065369,1
5752,RCN15311,1208-PF-LA-CMPE-GENRE,Laos,Full,ElasticNet,2,0,0.11551417410373688,0
5753,RCN15312,1208-PF-LA-CMPE-GENRE,Laos,Full,ElasticNet,2,0,0.11523228883743286,0
5754,RCN15313,1208-PF-LA-CMPE-GENRE,Laos,Full,ElasticNet,2,0,0.11512506008148193,0
5755,RCN15315,1208-PF-LA-CMPE-GENRE,Laos,Full,ElasticNet,2,1,0.9960678815841675,1
5756,RCN15316,1208-PF-LA-CMPE-GENRE,Laos,Full,ElasticNet,2,0,0.06490781158208847,0
5757,RCN15317,1208-PF-LA-CMPE-GENRE,Laos,Full,ElasticNet,2,0,0.07147695124149323,0
5758,RCN15318,1208-PF-LA-CMPE-GENRE,Laos,Full,ElasticNet,2,0,0.07122709602117538,0
5759,RCN15319,1208-PF-LA-CMPE-GENRE,Laos,Full,ElasticNet,2,0,0.11587860435247421,0
5760,RCN15320,1208-PF-LA-CMPE-GENRE,Laos,Full,ElasticNet,2,0,0.13525210320949554,0
5761,RCN15321,1208-PF-LA-CMPE-GENRE,Laos,Full,ElasticNet,2,0,0.13529212772846222,0
5762,RCN15322,1208-PF-LA-CMPE-GENRE,Laos,Full,ElasticNet,2,0,0.11590435355901718,0
5763,RCN15323,1208-PF-LA-CMPE-GENRE,Laos,Full,ElasticNet,2,0,0.14850375056266785,0
5764,RCN15324,1208-PF-LA-CMPE-GENRE,Laos,Full,ElasticNet,2,0,0.15028664469718933,0
5765,RCN15325,1208-PF-LA-CMPE-GENRE,Laos,Full,ElasticNet,2,0,0.14835521578788757,0
5766,RCN15326,1208-PF-LA-CMPE-GENRE,Laos,Full,ElasticNet,2,0,0.15860846638679504,0
5767,RCN15327,1208-PF-LA-CMPE-GENRE,Laos,Full,ElasticNet,2,1,0.9963022470474243,1
5768,RCN15328,1208-PF-LA-CMPE-GENRE,Laos,Full,ElasticNet,2,1,0.9963158965110779,1
5769,RCN15329,1208-PF-LA-CMPE-GENRE,Laos,Full,ElasticNet,2,1,0.9963687658309937,1
5770,RCN15330,1208-PF-LA-CMPE-GENRE,Laos,Full,ElasticNet,2,0,0.11569545418024063,0
5771,RCN15331,1208-PF-LA-CMPE-GENRE,Laos,Full,ElasticNet,2,0,0.15438814461231232,0
5772,RCN15332,1208-PF-LA-CMPE-GENRE,Laos,Full,ElasticNet,2,0,0.0714675635099411,0
5773,RCN15333,1208-PF-LA-CMPE-GENRE,Laos,Full,ElasticNet,2,1,0.9949774146080017,1
5774,RCN15334,1208-PF-LA-CMPE-GENRE,Laos,Full,ElasticNet,2,0,0.11506059765815735,0
5775,RCN15335,1208-PF-LA-CMPE-GENRE,Laos,Full,ElasticNet,2,0,0.015198195353150368,0
5776,RCN15337,1208-PF-LA-CMPE-GENRE,Laos,Full,ElasticNet,2,0,0.06337551027536392,0
5777,RCN15338,1208-PF-LA-CMPE-GENRE,Laos,Full,ElasticNet,2,0,0.0673578605055809,0
5778,RCN15340,1208-PF-LA-CMPE-GENRE,Laos,Full,ElasticNet,2,1,0.9516498446464539,1
5779,RCN15341,1208-PF-LA-CMPE-GENRE,Laos,Full,ElasticNet,2,0,0.07107323408126831,0
5780,RCN15342,1208-PF-LA-CMPE-GENRE,Laos,Full,ElasticNet,2,1,0.9964708089828491,1
5781,RCN15343,1208-PF-LA-CMPE-GENRE,Laos,Full,ElasticNet,2,1,0.9879676699638367,1
5782,RCN15345,1208-PF-LA-CMPE-GENRE,Laos,Full,ElasticNet,2,0,0.07117030024528503,0
5783,RCN15346,1208-PF-LA-CMPE-GENRE,Laos,Full,ElasticNet,2,0,0.07127515226602554,0
5784,RCN15347,1208-PF-LA-CMPE-GENRE,Laos,Full,ElasticNet,2,1,0.9836771488189697,1
5785,RCN15348,1208-PF-LA-CMPE-GENRE,Laos,Full,ElasticNet,2,1,0.9836718440055847,1
5786,RCN15349,1208-PF-LA-CMPE-GENRE,Laos,Full,ElasticNet,2,1,0.9835633039474487,1
5787,RCN15350,1208-PF-LA-CMPE-GENRE,Laos,Full,ElasticNet,2,1,0.9835830330848694,1
5788,RCN15351,1208-PF-LA-CMPE-GENRE,Laos,Full,ElasticNet,2,1,0.988013744354248,1
5789,RCN15352,1208-PF-LA-CMPE-GENRE,Laos,Full,ElasticNet,2,0,0.07151725888252258,0
5790,RCN15353,1208-PF-LA-CMPE-GENRE,Laos,Full,ElasticNet,2,1,0.9836507439613342,1
5791,RCN15354,1208-PF-LA-CMPE-GENRE,Laos,Full,ElasticNet,2,1,0.9945790767669678,1
5792,RCN15355,1208-PF-LA-CMPE-GENRE,Laos,Full,ElasticNet,2,1,0.9836630821228027,1
5793,RCN15356,1208-PF-LA-CMPE-GENRE,Laos,Full,ElasticNet,2,0,0.07157567143440247,0
5794,RCN15357,1208-PF-LA-CMPE-GENRE,Laos,Full,ElasticNet,2,0,0.11617880314588547,0
5795,RCN15358,1208-PF-LA-CMPE-GENRE,Laos,Full,ElasticNet,2,1,0.995896577835083,1
5796,RCN15359,1208-PF-LA-CMPE-GENRE,Laos,Full,ElasticNet,2,1,0.9860484600067139,1
5797,RCN15360,1208-PF-LA-CMPE-GENRE,Laos,Full,ElasticNet,2,0,0.9841535687446594,1
5798,RCN15362,1208-PF-LA-CMPE-GENRE,Laos,Full,ElasticNet,2,0,0.07157028466463089,0
5799,RCN15363,1208-PF-LA-CMPE-GENRE,Laos,Full,ElasticNet,2,0,0.06897254288196564,0
5800,RCN15364,1208-PF-LA-CMPE-GENRE,Laos,Full,ElasticNet,2,0,0.07140206545591354,0
5801,RCN15365,1208-PF-LA-CMPE-GENRE,Laos,Full,ElasticNet,2,0,0.07134032249450684,0
5802,RCN15366,1208-PF-LA-CMPE-GENRE,Laos,Full,ElasticNet,2,0,0.07145857810974121,0
5803,RCN15368,1208-PF-LA-CMPE-GENRE,Laos,Full,ElasticNet,2,0,0.1169029250741005,0
5804,RCN15369,1208-PF-LA-CMPE-GENRE,Laos,Full,ElasticNet,2,0,0.07110024243593216,0
5805,RCN15370,1208-PF-LA-CMPE-GENRE,Laos,Full,ElasticNet,2,0,0.06908471137285233,0
5806,RCN15371,1208-PF-LA-CMPE-GENRE,Laos,Full,ElasticNet,2,1,0.9965062141418457,1
5807,RCN15372,1208-PF-LA-CMPE-GENRE,Laos,Full,ElasticNet,2,0,0.07127697765827179,0
5808,RCN15373,1208-PF-LA-CMPE-GENRE,Laos,Full,ElasticNet,2,0,0.07146353274583817,0
5809,RCN15374,1208-PF-LA-CMPE-GENRE,Laos,Full,ElasticNet,2,0,0.07139554619789124,0
5810,RCN15376,1208-PF-LA-CMPE-GENRE,Laos,Full,ElasticNet,2,0,0.11539352685213089,0
5811,RCN15377,1208-PF-LA-CMPE-GENRE,Laos,Full,ElasticNet,2,0,0.11568045616149902,0
5812,RCN15378,1208-PF-LA-CMPE-GENRE,Laos,Full,ElasticNet,2,0,0.1503872573375702,0
5813,RCN15379,1208-PF-LA-CMPE-GENRE,Laos,Full,ElasticNet,2,0,0.07157028466463089,0
5814,RCN15380,1208-PF-LA-CMPE-GENRE,Laos,Full,ElasticNet,2,0,0.07130695879459381,0
5815,RCN15381,1208-PF-LA-CMPE-GENRE,Laos,Full,ElasticNet,2,0,0.07125083357095718,0
5816,RCN15382,1208-PF-LA-CMPE-GENRE,Laos,Full,ElasticNet,2,0,0.07111433893442154,0
5817,RCN15386,1208-PF-LA-CMPE-GENRE,Laos,Full,ElasticNet,2,0,0.07143567502498627,0
5818,RCN15387,1208-PF-LA-CMPE-GENRE,Laos,Full,ElasticNet,2,0,0.07135375589132309,0
5926,RCN16513,1210-PF-TH-MAUDE,Thailand,Full,ElasticNet,2,1,0.9949081540107727,1
5927,RCN16514,1210-PF-TH-MAUDE,Thailand,Full,ElasticNet,2,1,0.9952240586280823,1
5928,RCN16515,1210-PF-TH-MAUDE,Thailand,Full,ElasticNet,2,1,0.9951035976409912,1
5929,RCN16516,1210-PF-TH-MAUDE,Thailand,Full,ElasticNet,2,1,0.9938812255859375,1
5930,RCN16517,1210-PF-TH-MAUDE,Thailand,Full,ElasticNet,2,1,0.9948081374168396,1
5931,RCN16518,1210-PF-TH-MAUDE,Thailand,Full,ElasticNet,2,1,0.9917128086090088,1
5932,RCN16519,1210-PF-TH-MAUDE,Thailand,Full,ElasticNet,2,1,0.9917030930519104,1
5933,RCN16520,1210-PF-TH-MAUDE,Thailand,Full,ElasticNet,2,1,0.9916438460350037,1
5934,RCN16521,1210-PF-TH-MAUDE,Thailand,Full,ElasticNet,2,1,0.9952083230018616,1
5935,RCN16522,1210-PF-TH-MAUDE,Thailand,Full,ElasticNet,2,1,0.994657039642334,1
5936,RCN16524,1210-PF-TH-MAUDE,Thailand,Full,ElasticNet,2,1,0.9917176961898804,1
5937,RCN16528,1210-PF-TH-MAUDE,Thailand,Full,ElasticNet,2,1,0.8970907926559448,1
5938,RCN16529,1210-PF-TH-MAUDE,Thailand,Full,ElasticNet,2,1,0.9943467974662781,1
5939,RCN16530,1210-PF-TH-MAUDE,Thailand,Full,ElasticNet,2,1,0.9951112866401672,1
5940,RCN16531,1210-PF-TH-MAUDE,Thailand,Full,ElasticNet,2,1,0.9967908263206482,1
5941,RCN16532,1210-PF-TH-MAUDE,Thailand,Full,ElasticNet,2,1,0.994650661945343,1
5942,RCN16534,1210-PF-TH-MAUDE,Thailand,Full,ElasticNet,2,1,0.9675228595733643,1
5943,RCN16536,1210-PF-TH-MAUDE,Thailand,Full,ElasticNet,2,1,0.991482138633728,1
5944,RCN16537,1210-PF-TH-MAUDE,Thailand,Full,ElasticNet,2,1,0.9952244758605957,1
5945,RCN16538,1210-PF-TH-MAUDE,Thailand,Full,ElasticNet,2,1,0.970465898513794,1
5946,RCN16539,1210-PF-TH-MAUDE,Thailand,Full,ElasticNet,2,1,0.9952351450920105,1
5947,RCN16540,1210-PF-TH-MAUDE,Thailand,Full,ElasticNet,2,1,0.9946489930152893,1
5948,RCN16541,1210-PF-TH-MAUDE,Thailand,Full,ElasticNet,2,1,0.9946462512016296,1
5949,RCN16542,1210-PF-TH-MAUDE,Thailand,Full,ElasticNet,2,1,0.9914228320121765,1
5950,RCN16544,1210-PF-TH-MAUDE,Thailand,Full,ElasticNet,2,1,0.9933783411979675,1
5951,RCN16545,1210-PF-TH-MAUDE,Thailand,Full,ElasticNet,2,1,0.9796056151390076,1
5952,RCN16546,1210-PF-TH-MAUDE,Thailand,Full,ElasticNet,2,1,0.8946359157562256,1
5953,RCN16548,1210-PF-TH-MAUDE,Thailand,Full,ElasticNet,2,1,0.9946592450141907,1
5954,RCN16549,1210-PF-TH-MAUDE,Thailand,Full,ElasticNet,2,1,0.9946492314338684,1
5955,RCN16550,1210-PF-TH-MAUDE,Thailand,Full,ElasticNet,2,1,0.9914342164993286,1
5956,RCN16551,1210-PF-TH-MAUDE,Thailand,Full,ElasticNet,2,1,0.9914782643318176,1
5957,RCN16552,1210-PF-TH-MAUDE,Thailand,Full,ElasticNet,2,1,0.9946179986000061,1
5958,RCN16553,1210-PF-TH-MAUDE,Thailand,Full,ElasticNet,2,1,0.991371750831604,1
5959,RCN16554,1210-PF-TH-MAUDE,Thailand,Full,ElasticNet,2,1,0.9913799166679382,1
5960,RCN16555,1210-PF-TH-MAUDE,Thailand,Full,ElasticNet,2,1,0.9946558475494385,1
5961,RCN16557,1210-PF-TH-MAUDE,Thailand,Full,ElasticNet,2,1,0.9946290850639343,1
5962,RCN16558,1210-PF-TH-MAUDE,Thailand,Full,ElasticNet,2,1,0.9946435689926147,1
5963,RCN16559,1210-PF-TH-MAUDE,Thailand,Full,ElasticNet,2,1,0.9945883750915527,1
5964,RCN16560,1210-PF-TH-MAUDE,Thailand,Full,ElasticNet,2,1,0.9946393370628357,1
5965,RCN16561,1210-PF-TH-MAUDE,Thailand,Full,ElasticNet,2,1,0.9945800304412842,1
5966,RCN16562,1210-PF-TH-MAUDE,Thailand,Full,ElasticNet,2,1,0.9946305751800537,1
5967,RCN16563,1210-PF-TH-MAUDE,Thailand,Full,ElasticNet,2,1,0.9946314096450806,1
5968,RCN16564,1210-PF-TH-MAUDE,Thailand,Full,ElasticNet,2,1,0.9872753620147705,1
5969,RCN16565,1210-PF-TH-MAUDE,Thailand,Full,ElasticNet,2,1,0.9946038126945496,1
5970,RCN16575,1210-PF-TH-MAUDE,Thailand,Full,ElasticNet,2,1,0.9441280364990234,1
5971,RCN16576,1210-PF-TH-MAUDE,Thailand,Full,ElasticNet,2,1,0.9946125745773315,1
5972,RCN16578,1210-PF-TH-MAUDE,Thailand,Full,ElasticNet,2,1,0.9946604371070862,1
5973,RCN16587,1210-PF-TH-MAUDE,Thailand,Full,ElasticNet,2,1,0.994638979434967,1
6689,RCN25181,1208-PF-LA-CMPE-GENRE,Laos,Full,ElasticNet,2,1,0.9945797920227051,1
6690,RCN25182,1208-PF-LA-CMPE-GENRE,Laos,Full,ElasticNet,2,1,0.9963920712471008,1
6691,RCN25183,1208-PF-LA-CMPE-GENRE,Laos,Full,ElasticNet,2,1,0.9966251850128174,1
6692,RCN25187,1208-PF-LA-CMPE-GENRE,Laos,Full,ElasticNet,2,1,0.9972733855247498,1
6693,RCN25188,1208-PF-LA-CMPE-GENRE,Laos,Full,ElasticNet,2,1,0.9072228670120239,1
6694,RCN25190,1208-PF-LA-CMPE-GENRE,Laos,Full,ElasticNet,2,1,0.9926424622535706,1
6695,RCN25192,1208-PF-LA-CMPE-GENRE,Laos,Full,ElasticNet,2,1,0.9361519813537598,1
6696,RCN25203,1208-PF-LA-CMPE-GENRE,Laos,Full,ElasticNet,2,1,0.9957175850868225,1
6697,RCN25204,1208-PF-LA-CMPE-GENRE,Laos,Full,ElasticNet,2,1,0.9972493052482605,1
6698,RCN25206,1208-PF-LA-CMPE-GENRE,Laos,Full,ElasticNet,2,1,0.9972478747367859,1
6699,RCN25207,1208-PF-LA-CMPE-GENRE,Laos,Full,ElasticNet,2,0,0.22129137814044952,0
6700,RCN25208,1208-PF-LA-CMPE-GENRE,Laos,Full,ElasticNet,2,1,0.9402316808700562,1
6701,RCN25209,1208-PF-LA-CMPE-GENRE,Laos,Full,ElasticNet,2,1,0.9958637952804565,1
6702,RCN25211,1208-PF-LA-CMPE-GENRE,Laos,Full,ElasticNet,2,1,0.9346986413002014,1
6703,RCN25213,1208-PF-LA-CMPE-GENRE,Laos,Full,ElasticNet,2,1,0.9949252605438232,1
6704,RCN25215,1208-PF-LA-CMPE-GENRE,Laos,Full,ElasticNet,2,1,0.9952127933502197,1
6705,RCN25221,1208-PF-LA-CMPE-GENRE,Laos,Full,ElasticNet,2,1,0.997344434261322,1
6706,RCN25223,1208-PF-LA-CMPE-GENRE,Laos,Full,ElasticNet,2,1,0.9926519989967346,1
6707,RCN25228,1208-PF-LA-CMPE-GENRE,Laos,Full,ElasticNet,2,1,0.997660756111145,1
6708,RCN25232,1208-PF-LA-CMPE-GENRE,Laos,Full,ElasticNet,2,1,0.9906287789344788,1
6709,RCN25234,1208-PF-LA-CMPE-GENRE,Laos,Full,ElasticNet,2,1,0.9961814880371094,1
6710,RCN25238,1208-PF-LA-CMPE-GENRE,Laos,Full,ElasticNet,2,1,0.9921444654464722,1
6711,RCN25240,1208-PF-LA-CMPE-GENRE,Laos,Full,ElasticNet,2,1,0.9980779886245728,1
6712,RCN25249,1208-PF-LA-CMPE-GENRE,Laos,Full,ElasticNet,2,1,0.9949058294296265,1
6713,RCN25251,1208-PF-LA-CMPE-GENRE,Laos,Full,ElasticNet,2,1,0.9074112772941589,1
6714,RCN25252,1208-PF-LA-CMPE-GENRE,Laos,Full,ElasticNet,2,1,0.9209415316581726,1
6715,RCN25257,1208-PF-LA-CMPE-GENRE,Laos,Full,ElasticNet,2,1,0.9931173324584961,1
6716,RCN25259,1208-PF-LA-CMPE-GENRE,Laos,Full,ElasticNet,2,1,0.9976258873939514,1
6717,RCN25260,1208-PF-LA-CMPE-GENRE,Laos,Full,ElasticNet,2,1,0.9927875399589539,1
6718,RCN25265,1208-PF-LA-CMPE-GENRE,Laos,Full,ElasticNet,2,0,0.03129062056541443,0
6719,RCN25267,1208-PF-LA-CMPE-GENRE,Laos,Full,ElasticNet,2,0,0.052398763597011566,0
6720,RCN25273,1208-PF-LA-CMPE-GENRE,Laos,Full,ElasticNet,2,1,0.9238754510879517,1
6721,RCN25280,1208-PF-LA-CMPE-GENRE,Laos,Full,ElasticNet,2,1,0.9308122992515564,1
6722,RCN25284,1208-PF-LA-CMPE-GENRE,Laos,Full,ElasticNet,2,0,0.024670235812664032,0
6723,RCN25285,1208-PF-LA-CMPE-GENRE,Laos,Full,ElasticNet,2,0,0.02562950924038887,0
6724,RCN25288,1208-PF-LA-CMPE-GENRE,Laos,Full,ElasticNet,2,0,0.005674409680068493,0
6725,RCN25292,1208-PF-LA-CMPE-GENRE,Laos,Full,ElasticNet,2,0,0.03131089732050896,0
6726,RCN25293,1208-PF-LA-CMPE-GENRE,Laos,Full,ElasticNet,2,0,0.004861870314925909,0
6727,RCN25308,1208-PF-LA-CMPE-GENRE,Laos,Full,ElasticNet,2,0,0.06679677963256836,0
6728,RCN25309,1208-PF-LA-CMPE-GENRE,Laos,Full,ElasticNet,2,1,0.9426519870758057,1
6729,RCN25314,1208-PF-LA-CMPE-GENRE,Laos,Full,ElasticNet,2,1,0.9976688027381897,1
6730,RCN25316,1208-PF-LA-CMPE-GENRE,Laos,Full,ElasticNet,2,1,0.996084451675415,1
6731,RCN25317,1208-PF-LA-CMPE-GENRE,Laos,Full,ElasticNet,2,0,0.06917429715394974,0
6732,RCN25318,1208-PF-LA-CMPE-GENRE,Laos,Full,ElasticNet,2,0,0.09754735976457596,0
6733,RCN25319,1208-PF-LA-CMPE-GENRE,Laos,Full,ElasticNet,2,0,0.3216480314731598,0
6734,RCN25320,1208-PF-LA-CMPE-GENRE,Laos,Full,ElasticNet,2,1,0.9956415891647339,1
6735,RCN25325,1208-PF-LA-CMPE-GENRE,Laos,Full,ElasticNet,2,1,0.997791051864624,1
6736,RCN25327,1208-PF-LA-CMPE-GENRE,Laos,Full,ElasticNet,2,0,0.10596001148223877,0
6737,RCN25332,1208-PF-LA-CMPE-GENRE,Laos,Full,ElasticNet,2,1,0.9920502305030823,1
6738,RCN25338,1208-PF-LA-CMPE-GENRE,Laos,Full,ElasticNet,2,0,0.11520673334598541,0
6739,RCN25345,1208-PF-LA-CMPE-GENRE,Laos,Full,ElasticNet,2,0,0.05893229693174362,0
6740,RCN25346,1208-PF-LA-CMPE-GENRE,Laos,Full,ElasticNet,2,0,0.0946694016456604,0
6741,RCN25349,1208-PF-LA-CMPE-GENRE,Laos,Full,ElasticNet,2,0,0.025581641122698784,0
6742,RCN25814,1208-PF-LA-CMPE-GENRE,Laos,Full,ElasticNet,2,0,0.06926271319389343,0
6743,RCN25821,1208-PF-LA-CMPE-GENRE,Laos,Full,ElasticNet,2,0,0.01236606203019619,0
6744,RCN25829,1208-PF-LA-CMPE-GENRE,Laos,Full,ElasticNet,2,0,0.013984796591103077,0
6745,RCN25833,1208-PF-LA-CMPE-GENRE,Laos,Full,ElasticNet,2,0,0.051399488002061844,0
6746,RCN25836,1208-PF-LA-CMPE-GENRE,Laos,Full,ElasticNet,2,0,0.02829035185277462,0
6747,RCN25848,1208-PF-LA-CMPE-GENRE,Laos,Full,ElasticNet,2,0,0.02571495622396469,0
6748,RCN25849,1208-PF-LA-CMPE-GENRE,Laos,Full,ElasticNet,2,0,0.02570915035903454,0
6749,RCN25851,1208-PF-LA-CMPE-GENRE,Laos,Full,ElasticNet,2,0,0.11921347677707672,0
6750,RCN25859,1208-PF-LA-CMPE-GENRE,Laos,Full,ElasticNet,2,0,0.02130630984902382,0
6751,RCN25866,1208-PF-LA-CMPE-GENRE,Laos,Full,ElasticNet,2,0,0.04400288313627243,0
6752,RCN25871,1208-PF-LA-CMPE-GENRE,Laos,Full,ElasticNet,2,0,0.025662550702691078,0
6753,RCN25875,1208-PF-LA-CMPE-GENRE,Laos,Full,ElasticNet,2,0,0.025728536769747734,0
6754,RCN25884,1208-PF-LA-CMPE-GENRE,Laos,Full,ElasticNet,2,0,0.03128533065319061,0
6755,RCN25885,1208-PF-LA-CMPE-GENRE,Laos,Full,ElasticNet,2,0,0.01903410069644451,0
6756,RCN25886,1208-PF-LA-CMPE-GENRE,Laos,Full,ElasticNet,2,1,0.8510870337486267,1
6757,RCN25890,1208-PF-LA-CMPE-GENRE,Laos,Full,ElasticNet,2,0,0.033129770308732986,0
6758,RCN25892,1208-PF-LA-CMPE-GENRE,Laos,Full,ElasticNet,2,0,0.12103472650051117,0
6759,RCN25897,1208-PF-LA-CMPE-GENRE,Laos,Full,ElasticNet,2,0,0.018436187878251076,0
6760,RCN25898,1208-PF-LA-CMPE-GENRE,Laos,Full,ElasticNet,2,0,0.032833654433488846,0
6761,RCN25902,1208-PF-LA-CMPE-GENRE,Laos,Full,ElasticNet,2,0,0.0532052256166935,0
6762,RCN25906,1208-PF-LA-CMPE-GENRE,Laos,Full,ElasticNet,2,0,0.07069045305252075,0
6763,RCN25907,1208-PF-LA-CMPE-GENRE,Laos,Full,ElasticNet,2,0,0.05245145782828331,0
6764,RCN25908,1208-PF-LA-CMPE-GENRE,Laos,Full,ElasticNet,2,0,0.05282851681113243,0
6765,RCN25910,1208-PF-LA-CMPE-GENRE,Laos,Full,ElasticNet,2,0,0.03096274472773075,0
6766,RCN25912,1208-PF-LA-CMPE-GENRE,Laos,Full,ElasticNet,2,0,0.007454932667315006,0
6767,RCN25913,1208-PF-LA-CMPE-GENRE,Laos,Full,ElasticNet,2,0,0.02203742228448391,0
6768,RCN25920,1208-PF-LA-CMPE-GENRE,Laos,Full,ElasticNet,2,0,0.0647348091006279,0
6769,RCN25921,1208-PF-LA-CMPE-GENRE,Laos,Full,ElasticNet,2,0,0.02207189053297043,0
6770,RCN25922,1208-PF-LA-CMPE-GENRE,Laos,Full,ElasticNet,2,0,0.007411937229335308,0
6771,RCN25923,1208-PF-LA-CMPE-GENRE,Laos,Full,ElasticNet,2,0,0.025716187432408333,0
6772,RCN25927,1208-PF-LA-CMPE-GENRE,Laos,Full,ElasticNet,2,0,0.023007100448012352,0
6773,RCN25928,1208-PF-LA-CMPE-GENRE,Laos,Full,ElasticNet,2,0,0.05483151227235794,0
6774,RCN25930,1208-PF-LA-CMPE-GENRE,Laos,Full,ElasticNet,2,0,0.023765195161104202,0
6775,RCN25931,1208-PF-LA-CMPE-GENRE,Laos,Full,ElasticNet,2,1,0.8213253617286682,1
6776,RCN25932,1208-PF-LA-CMPE-GENRE,Laos,Full,ElasticNet,2,0,0.01943075656890869,0
6777,RCN25933,1208-PF-LA-CMPE-GENRE,Laos,Full,ElasticNet,2,1,0.8151262998580933,1
6778,RCN25934,1208-PF-LA-CMPE-GENRE,Laos,Full,ElasticNet,2,0,0.20365649461746216,0
6779,RCN25935,1208-PF-LA-CMPE-GENRE,Laos,Full,ElasticNet,2,0,0.1381392478942871,0
6780,RCN25936,1208-PF-LA-CMPE-GENRE,Laos,Full,ElasticNet,2,0,0.08661774545907974,0
6781,RCN25937,1208-PF-LA-CMPE-GENRE,Laos,Full,ElasticNet,2,0,0.1393129676580429,0
6782,RCN25938,1208-PF-LA-CMPE-GENRE,Laos,Full,ElasticNet,2,1,0.99599289894104,1
6783,RCN25942,1208-PF-LA-CMPE-GENRE,Laos,Full,ElasticNet,2,0,0.07155309617519379,0
6784,RCN25943,1208-PF-LA-CMPE-GENRE,Laos,Full,ElasticNet,2,0,0.06040224805474281,0
6785,RCN25944,1208-PF-LA-CMPE-GENRE,Laos,Full,ElasticNet,2,0,0.05157561972737312,0
6786,RCN25945,1208-PF-LA-CMPE-GENRE,Laos,Full,ElasticNet,2,0,0.5029799938201904,1
6787,RCN25946,1208-PF-LA-CMPE-GENRE,Laos,Full,ElasticNet,2,1,0.8453038930892944,1
6788,RCN25947,1208-PF-LA-CMPE-GENRE,Laos,Full,ElasticNet,2,1,0.9186273217201233,1
6789,RCN25952,1208-PF-LA-CMPE-GENRE,Laos,Full,ElasticNet,2,0,0.1152859777212143,0
6790,RCN25956,1208-PF-LA-CMPE-GENRE,Laos,Full,ElasticNet,2,0,0.04031627997756004,0
6791,RCN25957,1208-PF-LA-CMPE-GENRE,Laos,Full,ElasticNet,2,0,0.0401734933257103,0
6792,RCN25958,1208-PF-LA-CMPE-GENRE,Laos,Full,ElasticNet,2,0,0.04012966528534889,0
6793,RCN25960,1208-PF-LA-CMPE-GENRE,Laos,Full,ElasticNet,2,1,0.9667381048202515,1
6794,RCN25961,1208-PF-LA-CMPE-GENRE,Laos,Full,ElasticNet,2,1,0.9517031908035278,1
6795,RCN25962,1208-PF-LA-CMPE-GENRE,Laos,Full,ElasticNet,2,1,0.9684485197067261,1
6796,RCN25964,1208-PF-LA-CMPE-GENRE,Laos,Full,ElasticNet,2,1,0.9516429305076599,1
6797,RCN25965,1208-PF-LA-CMPE-GENRE,Laos,Full,ElasticNet,2,1,0.9533138275146484,1
6798,RCN25967,1208-PF-LA-CMPE-GENRE,Laos,Full,ElasticNet,2,1,0.9185808300971985,1
6799,RCN25968,1208-PF-LA-CMPE-GENRE,Laos,Full,ElasticNet,2,0,0.01701892539858818,0
6800,RCN25971,1208-PF-LA-CMPE-GENRE,Laos,Full,ElasticNet,2,0,0.01675146445631981,0
6801,RCN25972,1208-PF-LA-CMPE-GENRE,Laos,Full,ElasticNet,2,0,0.01849825121462345,0
6802,RCN25973,1208-PF-LA-CMPE-GENRE,Laos,Full,ElasticNet,2,0,0.018442971631884575,0
6803,RCN25974,1208-PF-LA-CMPE-GENRE,Laos,Full,ElasticNet,2,0,0.12116485089063644,0
6804,RCN25975,1208-PF-LA-CMPE-GENRE,Laos,Full,ElasticNet,2,0,0.0170714370906353,0
6805,RCN25976,1208-PF-LA-CMPE-GENRE,Laos,Full,ElasticNet,2,0,0.022083410993218422,0
6806,RCN25982,1208-PF-LA-CMPE-GENRE,Laos,Full,ElasticNet,2,0,0.01674675941467285,0
6807,RCN25983,1208-PF-LA-CMPE-GENRE,Laos,Full,ElasticNet,2,0,0.018470095470547676,0
6808,RCN25987,1208-PF-LA-CMPE-GENRE,Laos,Full,ElasticNet,2,0,0.09033940732479095,0
6809,RCN25989,1208-PF-LA-CMPE-GENRE,Laos,Full,ElasticNet,2,0,0.12114585191011429,0
6810,RCN25992,1208-PF-LA-CMPE-GENRE,Laos,Full,ElasticNet,2,0,0.01657118834555149,0
6811,RCN25994,1208-PF-LA-CMPE-GENRE,Laos,Full,ElasticNet,2,0,0.018504410982131958,0
6812,RCN25996,1208-PF-LA-CMPE-GENRE,Laos,Full,ElasticNet,2,0,0.12117021530866623,0
6813,RCN25997,1208-PF-LA-CMPE-GENRE,Laos,Full,ElasticNet,2,0,0.030069267377257347,0
6814,RCN26001,1208-PF-LA-CMPE-GENRE,Laos,Full,ElasticNet,2,1,0.9955861568450928,1
6815,RCN26002,1208-PF-LA-CMPE-GENRE,Laos,Full,ElasticNet,2,0,0.08653635531663895,0
6816,RCN26003,1208-PF-LA-CMPE-GENRE,Laos,Full,ElasticNet,2,0,0.12115105986595154,0
6817,RCN26004,1208-PF-LA-CMPE-GENRE,Laos,Full,ElasticNet,2,0,0.12125055491924286,0
6818,RCN26005,1208-PF-LA-CMPE-GENRE,Laos,Full,ElasticNet,2,0,0.12096112966537476,0
6819,RCN26009,1208-PF-LA-CMPE-GENRE,Laos,Full,ElasticNet,2,0,0.016929136589169502,0
6820,RCN26018,1208-PF-LA-CMPE-GENRE,Laos,Full,ElasticNet,2,0,0.05300407484173775,0
6821,RCN26023,1208-PF-LA-CMPE-GENRE,Laos,Full,ElasticNet,2,0,0.01744166761636734,0
6822,RCN26024,1208-PF-LA-CMPE-GENRE,Laos,Full,ElasticNet,2,0,0.017867423593997955,0
6823,RCN26027,1208-PF-LA-CMPE-GENRE,Laos,Full,ElasticNet,2,0,0.8166355490684509,1
6824,RCN26029,1208-PF-LA-CMPE-GENRE,Laos,Full,ElasticNet,2,1,0.9016981720924377,1
6825,RCN26030,1208-PF-LA-CMPE-GENRE,Laos,Full,ElasticNet,2,1,0.44082096219062805,0
6826,RCN26031,1208-PF-LA-CMPE-GENRE,Laos,Full,ElasticNet,2,1,0.5493837594985962,1
6827,RCN26048,1208-PF-LA-CMPE-GENRE,Laos,Full,ElasticNet,2,0,0.07757366448640823,0
6828,RCN26061,1208-PF-LA-CMPE-GENRE,Laos,Full,ElasticNet,2,1,0.9357003569602966,1
6829,RCN26062,1208-PF-LA-CMPE-GENRE,Laos,Full,ElasticNet,2,1,0.9638992547988892,1
6830,RCN26064,1208-PF-LA-CMPE-GENRE,Laos,Full,ElasticNet,2,1,0.9533101916313171,1
6831,RCN26068,1208-PF-LA-CMPE-GENRE,Laos,Full,ElasticNet,2,0,0.0514838807284832,0
6832,RCN26072,1208-PF-LA-CMPE-GENRE,Laos,Full,ElasticNet,2,0,0.03259200602769852,0
6833,RCN26076,1208-PF-LA-CMPE-GENRE,Laos,Full,ElasticNet,2,0,0.019183319061994553,0
6834,RCN26511,1208-PF-LA-CMPE-GENRE,Laos,Full,ElasticNet,2,0,0.10113662481307983,0
6835,RCN26526,1208-PF-LA-CMPE-GENRE,Laos,Full,ElasticNet,2,0,0.20764629542827606,0
6836,RCN26541,1208-PF-LA-CMPE-GENRE,Laos,Full,ElasticNet,2,0,0.10276984423398972,0
6837,RCN26556,1208-PF-LA-CMPE-GENRE,Laos,Full,ElasticNet,2,0,0.08668026328086853,0
6838,RCN26574,1208-PF-LA-CMPE-GENRE,Laos,Full,ElasticNet,2,1,0.9390443563461304,1
6839,RCN26582,1208-PF-LA-CMPE-GENRE,Laos,Full,ElasticNet,2,1,0.8980934619903564,1
6840,RCN26586,1208-PF-LA-CMPE-GENRE,Laos,Full,ElasticNet,2,0,0.9470314979553223,1
6841,RCN26592,1208-PF-LA-CMPE-GENRE,Laos,Full,ElasticNet,2,1,0.8720178604125977,1
6842,RCN26594,1208-PF-LA-CMPE-GENRE,Laos,Full,ElasticNet,2,1,0.8950679302215576,1
6843,RCN26595,1208-PF-LA-CMPE-GENRE,Laos,Full,ElasticNet,2,1,0.8949737548828125,1
6844,RCN26596,1208-PF-LA-CMPE-GENRE,Laos,Full,ElasticNet,2,1,0.9196087121963501,1
6845,RCN26599,1208-PF-LA-CMPE-GENRE,Laos,Full,ElasticNet,2,1,0.9214718341827393,1
6846,RCN26612,1208-PF-LA-CMPE-GENRE,Laos,Full,ElasticNet,2,1,0.8981804847717285,1
6847,RCN26613,1208-PF-LA-CMPE-GENRE,Laos,Full,ElasticNet,2,0,0.10252203792333603,0
6848,RCN26617,1208-PF-LA-CMPE-GENRE,Laos,Full,ElasticNet,2,0,0.10208187252283096,0
6849,RCN26620,1208-PF-LA-CMPE-GENRE,Laos,Full,ElasticNet,2,1,0.9092338681221008,1
6850,RCN26622,1208-PF-LA-CMPE-GENRE,Laos,Full,ElasticNet,2,0,0.10566001385450363,0
6851,RCN26624,1208-PF-LA-CMPE-GENRE,Laos,Full,ElasticNet,2,0,0.06332390755414963,0
6852,RCN26631,1208-PF-LA-CMPE-GENRE,Laos,Full,ElasticNet,2,1,0.9012262225151062,1
6853,RCN26637,1208-PF-LA-CMPE-GENRE,Laos,Full,ElasticNet,2,1,0.9156293869018555,1
6854,RCN26638,1208-PF-LA-CMPE-GENRE,Laos,Full,ElasticNet,2,1,0.9021797180175781,1
6855,RCN26646,1208-PF-LA-CMPE-GENRE,Laos,Full,ElasticNet,2,1,0.992751955986023,1
6856,RCN26647,1208-PF-LA-CMPE-GENRE,Laos,Full,ElasticNet,2,1,0.8983460664749146,1
6857,RCN26648,1208-PF-LA-CMPE-GENRE,Laos,Full,ElasticNet,2,1,0.8984371423721313,1
6858,RCN26649,1208-PF-LA-CMPE-GENRE,Laos,Full,ElasticNet,2,1,0.8947250247001648,1
6859,RCN26655,1208-PF-LA-CMPE-GENRE,Laos,Full,ElasticNet,2,1,0.9390603303909302,1
6860,RCN26657,1208-PF-LA-CMPE-GENRE,Laos,Full,ElasticNet,2,1,0.4095867872238159,0
6861,RCN26662,1208-PF-LA-CMPE-GENRE,Laos,Full,ElasticNet,2,1,0.9966270923614502,1
6862,RCN26663,1208-PF-LA-CMPE-GENRE,Laos,Full,ElasticNet,2,0,0.7311559915542603,1
6863,RCN26664,1208-PF-LA-CMPE-GENRE,Laos,Full,ElasticNet,2,1,0.898464560508728,1
6864,RCN26666,1208-PF-LA-CMPE-GENRE,Laos,Full,ElasticNet,2,1,0.8948004841804504,1
6865,RCN26670,1208-PF-LA-CMPE-GENRE,Laos,Full,ElasticNet,2,1,0.8697860240936279,1
6866,RCN26672,1208-PF-LA-CMPE-GENRE,Laos,Full,ElasticNet,2,1,0.8983531594276428,1
6867,RCN26673,1208-PF-LA-CMPE-GENRE,Laos,Full,ElasticNet,2,1,0.8980082869529724,1
6868,RCN26675,1208-PF-LA-CMPE-GENRE,Laos,Full,ElasticNet,2,1,0.9480144381523132,1
6869,RCN26677,1208-PF-LA-CMPE-GENRE,Laos,Full,ElasticNet,2,1,0.8983221650123596,1
6870,RCN26678,1208-PF-LA-CMPE-GENRE,Laos,Full,ElasticNet,2,1,0.9966206550598145,1
6871,RCN26679,1208-PF-LA-CMPE-GENRE,Laos,Full,ElasticNet,2,1,0.8951093554496765,1
6872,RCN26680,1208-PF-LA-CMPE-GENRE,Laos,Full,ElasticNet,2,1,0.8950382471084595,1
6873,RCN26681,1208-PF-LA-CMPE-GENRE,Laos,Full,ElasticNet,2,1,0.9943121671676636,1
6874,RCN26683,1208-PF-LA-CMPE-GENRE,Laos,Full,ElasticNet,2,1,0.8983778953552246,1
6875,RCN26687,1208-PF-LA-CMPE-GENRE,Laos,Full,ElasticNet,2,1,0.9370894432067871,1
6876,RCN26688,1208-PF-LA-CMPE-GENRE,Laos,Full,ElasticNet,2,1,0.8951048254966736,1
6877,RCN26690,1208-PF-LA-CMPE-GENRE,Laos,Full,ElasticNet,2,1,0.9369032382965088,1
6878,RCN26703,1208-PF-LA-CMPE-GENRE,Laos,Full,ElasticNet,2,1,0.898464560508728,1
6879,RCN26709,1208-PF-LA-CMPE-GENRE,Laos,Full,ElasticNet,2,0,0.03427901864051819,0
6880,RCN26728,1208-PF-LA-CMPE-GENRE,Laos,Full,ElasticNet,2,1,0.8982994556427002,1
6881,RCN26735,1208-PF-LA-CMPE-GENRE,Laos,Full,ElasticNet,2,0,0.21353384852409363,0
6882,RCN26736,1208-PF-LA-CMPE-GENRE,Laos,Full,ElasticNet,2,0,0.029052719473838806,0
6883,RCN26737,1208-PF-LA-CMPE-GENRE,Laos,Full,ElasticNet,2,0,0.04822308197617531,0
6884,RCN26765,1208-PF-LA-CMPE-GENRE,Laos,Full,ElasticNet,2,0,0.017250649631023407,0
6885,RCN26766,1208-PF-LA-CMPE-GENRE,Laos,Full,ElasticNet,2,0,0.10276984423398972,0
6886,RCN26767,1208-PF-LA-CMPE-GENRE,Laos,Full,ElasticNet,2,1,0.8983650207519531,1
6887,RCN26775,1208-PF-LA-CMPE-GENRE,Laos,Full,ElasticNet,2,0,0.02257850207388401,0
6888,RCN26781,1208-PF-LA-CMPE-GENRE,Laos,Full,ElasticNet,2,1,0.9941214919090271,1
6889,RCN26782,1208-PF-LA-CMPE-GENRE,Laos,Full,ElasticNet,2,1,0.8983520865440369,1
6890,RCN26791,1208-PF-LA-CMPE-GENRE,Laos,Full,ElasticNet,2,1,0.9302127361297607,1
6891,RCN26804,1208-PF-LA-CMPE-GENRE,Laos,Full,ElasticNet,2,1,0.9962368011474609,1
6892,RCN26820,1208-PF-LA-CMPE-GENRE,Laos,Full,ElasticNet,2,1,0.8983273506164551,1
6893,RCN26837,1208-PF-LA-CMPE-GENRE,Laos,Full,ElasticNet,2,1,0.8667125105857849,1
6894,RCN26845,1208-PF-LA-CMPE-GENRE,Laos,Full,ElasticNet,2,1,0.9478923082351685,1
6895,RCN26846,1208-PF-LA-CMPE-GENRE,Laos,Full,ElasticNet,2,1,0.7711808681488037,1
6896,RCN26852,1208-PF-LA-CMPE-GENRE,Laos,Full,ElasticNet,2,1,0.8983154296875,1
6897,RCN26853,1208-PF-LA-CMPE-GENRE,Laos,Full,ElasticNet,2,1,0.9367388486862183,1
6898,RCN26861,1208-PF-LA-CMPE-GENRE,Laos,Full,ElasticNet,2,1,0.996740996837616,1
6899,RCN26871,1208-PF-LA-CMPE-GENRE,Laos,Full,ElasticNet,2,1,0.9370046257972717,1
6900,RCN26876,1208-PF-LA-CMPE-GENRE,Laos,Full,ElasticNet,2,1,0.9370031952857971,1
6901,RCN26886,1208-PF-LA-CMPE-GENRE,Laos,Full,ElasticNet,2,1,0.9154895544052124,1
6902,RCN26900,1208-PF-LA-CMPE-GENRE,Laos,Full,ElasticNet,2,1,0.9126806855201721,1
6903,RCN26904,1208-PF-LA-CMPE-GENRE,Laos,Full,ElasticNet,2,1,0.909696102142334,1
6904,RCN26930,1208-PF-LA-CMPE-GENRE,Laos,Full,ElasticNet,2,1,0.9116463661193848,1
6905,RCN26932,1208-PF-LA-CMPE-GENRE,Laos,Full,ElasticNet,2,1,0.9059352278709412,1
6906,RCN26937,1208-PF-LA-CMPE-GENRE,Laos,Full,ElasticNet,2,1,0.9128267168998718,1
6907,RCN26938,1208-PF-LA-CMPE-GENRE,Laos,Full,ElasticNet,2,1,0.9156282544136047,1
6908,RCN26945,1208-PF-LA-CMPE-GENRE,Laos,Full,ElasticNet,2,1,0.9390851259231567,1
6909,RCN26946,1208-PF-LA-CMPE-GENRE,Laos,Full,ElasticNet,2,1,0.9953616261482239,1
6910,RCN26950,1208-PF-LA-CMPE-GENRE,Laos,Full,ElasticNet,2,1,0.8948631286621094,1
6911,RCN26952,1208-PF-LA-CMPE-GENRE,Laos,Full,ElasticNet,2,1,0.898209273815155,1
6912,RCN26953,1208-PF-LA-CMPE-GENRE,Laos,Full,ElasticNet,2,1,0.8981994390487671,1
6913,RCN26958,1208-PF-LA-CMPE-GENRE,Laos,Full,ElasticNet,2,1,0.9390149116516113,1
6914,RCN26960,1208-PF-LA-CMPE-GENRE,Laos,Full,ElasticNet,2,1,0.9972297549247742,1
19,PD0025-C,1010-PF-TH-ANDERSON,Thailand,Full,ElasticNet,3,0,0.21279412508010864,0
20,PD0026-C,1010-PF-TH-ANDERSON,Thailand,Full,ElasticNet,3,0,0.09470797330141068,0
21,PD0028-C,1010-PF-TH-ANDERSON,Thailand,Full,ElasticNet,3,0,0.14869101345539093,0
22,PD0029-C,1010-PF-TH-ANDERSON,Thailand,Full,ElasticNet,3,0,0.08283669501543045,0
23,PD0030-C,1010-PF-TH-ANDERSON,Thailand,Full,ElasticNet,3,0,0.04843824356794357,0
24,PD0032-C,1010-PF-TH-ANDERSON,Thailand,Full,ElasticNet,3,0,0.13324770331382751,0
25,PD0034-C,1010-PF-TH-ANDERSON,Thailand,Full,ElasticNet,3,0,0.2798536717891693,0
26,PD0037-C,1010-PF-TH-ANDERSON,Thailand,Full,ElasticNet,3,0,0.08460002392530441,0
27,PD0038-C,1010-PF-TH-ANDERSON,Thailand,Full,ElasticNet,3,0,0.1681196093559265,0
28,PD0040-C,1010-PF-TH-ANDERSON,Thailand,Full,ElasticNet,3,0,0.10754445940256119,0
29,PD0041-C,1010-PF-TH-ANDERSON,Thailand,Full,ElasticNet,3,0,0.2527148127555847,0
30,PD0042-C,1010-PF-TH-ANDERSON,Thailand,Full,ElasticNet,3,0,0.021621743217110634,0
31,PD0043-C,1010-PF-TH-ANDERSON,Thailand,Full,ElasticNet,3,0,0.1172240599989891,0
32,PD0045-C,1010-PF-TH-ANDERSON,Thailand,Full,ElasticNet,3,0,0.038841381669044495,0
33,PD0046-C,1010-PF-TH-ANDERSON,Thailand,Full,ElasticNet,3,0,0.050683990120887756,0
34,PD0048-C,1010-PF-TH-ANDERSON,Thailand,Full,ElasticNet,3,0,0.14041367173194885,0
35,PD0050-C,1010-PF-TH-ANDERSON,Thailand,Full,ElasticNet,3,0,0.04509056732058525,0
36,PD0052-C,1010-PF-TH-ANDERSON,Thailand,Full,ElasticNet,3,0,0.06696131825447083,0
37,PD0053-C,1010-PF-TH-ANDERSON,Thailand,Full,ElasticNet,3,0,0.19703565537929535,0
38,PD0057-C,1010-PF-TH-ANDERSON,Thailand,Full,ElasticNet,3,0,0.06265158951282501,0
39,PD0058-C,1010-PF-TH-ANDERSON,Thailand,Full,ElasticNet,3,0,0.11538482457399368,0
40,PD0060-C,1010-PF-TH-ANDERSON,Thailand,Full,ElasticNet,3,0,0.03914912790060043,0
41,PD0061-C,1010-PF-TH-ANDERSON,Thailand,Full,ElasticNet,3,0,0.09644612669944763,0
42,PD0062-C,1010-PF-TH-ANDERSON,Thailand,Full,ElasticNet,3,0,0.07858896255493164,0
43,PD0063-C,1010-PF-TH-ANDERSON,Thailand,Full,ElasticNet,3,0,0.18295107781887054,0
44,PD0067-C,1010-PF-TH-ANDERSON,Thailand,Full,ElasticNet,3,0,0.146623894572258,0
45,PD0070-C,1010-PF-TH-ANDERSON,Thailand,Full,ElasticNet,3,0,0.03874091058969498,0
46,PD0072-C,1010-PF-TH-ANDERSON,Thailand,Full,ElasticNet,3,0,0.03906330093741417,0
47,PD0073-C,1010-PF-TH-ANDERSON,Thailand,Full,ElasticNet,3,0,0.30179473757743835,0
48,PD0074-C,1010-PF-TH-ANDERSON,Thailand,Full,ElasticNet,3,0,0.09057901054620743,0
49,PD0075-C,1010-PF-TH-ANDERSON,Thailand,Full,ElasticNet,3,0,0.2636527717113495,0
50,PD0076-C,1010-PF-TH-ANDERSON,Thailand,Full,ElasticNet,3,0,0.05406446009874344,0
51,PD0077-C,1010-PF-TH-ANDERSON,Thailand,Full,ElasticNet,3,0,0.08309584110975266,0
52,PD0078-C,1010-PF-TH-ANDERSON,Thailand,Full,ElasticNet,3,0,0.09448286145925522,0
53,PD0079-C,1010-PF-TH-ANDERSON,Thailand,Full,ElasticNet,3,1,0.16964955627918243,0
54,PD0080-C,1010-PF-TH-ANDERSON,Thailand,Full,ElasticNet,3,0,0.023445112630724907,0
55,PD0081-C,1010-PF-TH-ANDERSON,Thailand,Full,ElasticNet,3,0,0.0027889725752174854,0
56,PD0082-C,1010-PF-TH-ANDERSON,Thailand,Full,ElasticNet,3,0,0.05219658091664314,0
57,PD0083-C,1010-PF-TH-ANDERSON,Thailand,Full,ElasticNet,3,0,0.16529583930969238,0
58,PD0085-C,1010-PF-TH-ANDERSON,Thailand,Full,ElasticNet,3,0,0.09937211871147156,0
59,PD0086-C,1010-PF-TH-ANDERSON,Thailand,Full,ElasticNet,3,0,0.07648378610610962,0
60,PD0087-C,1010-PF-TH-ANDERSON,Thailand,Full,ElasticNet,3,0,0.14235085248947144,0
61,PD0088-C,1010-PF-TH-ANDERSON,Thailand,Full,ElasticNet,3,0,0.11869622766971588,0
62,PD0089-C,1010-PF-TH-ANDERSON,Thailand,Full,ElasticNet,3,0,0.1459752470254898,0
63,PD0090-C,1010-PF-TH-ANDERSON,Thailand,Full,ElasticNet,3,0,0.17355512082576752,0
64,PD0091-C,1010-PF-TH-ANDERSON,Thailand,Full,ElasticNet,3,0,0.3445952534675598,0
65,PD0092-C,1010-PF-TH-ANDERSON,Thailand,Full,ElasticNet,3,0,0.14236237108707428,0
66,PD0093-C,1010-PF-TH-ANDERSON,Thailand,Full,ElasticNet,3,0,0.037091225385665894,0
67,PD0094-C,1010-PF-TH-ANDERSON,Thailand,Full,ElasticNet,3,0,0.26298660039901733,0
68,PD0095-C,1010-PF-TH-ANDERSON,Thailand,Full,ElasticNet,3,0,0.10587425529956818,0
69,PD0096-C,1010-PF-TH-ANDERSON,Thailand,Full,ElasticNet,3,0,0.1812353879213333,0
70,PD0097-C,1010-PF-TH-ANDERSON,Thailand,Full,ElasticNet,3,0,0.2253386527299881,0
71,PD0098-C,1010-PF-TH-ANDERSON,Thailand,Full,ElasticNet,3,0,0.30814582109451294,0
72,PD0101-C,1010-PF-TH-ANDERSON,Thailand,Full,ElasticNet,3,0,0.20007076859474182,0
73,PD0102-C,1010-PF-TH-ANDERSON,Thailand,Full,ElasticNet,3,0,0.09573174268007278,0
74,PD0103-C,1010-PF-TH-ANDERSON,Thailand,Full,ElasticNet,3,0,0.3449767827987671,0
75,PD0105-C,1010-PF-TH-ANDERSON,Thailand,Full,ElasticNet,3,0,0.06410597264766693,0
76,PD0106-C,1010-PF-TH-ANDERSON,Thailand,Full,ElasticNet,3,0,0.07604514062404633,0
79,PD0111-C,1010-PF-TH-ANDERSON,Thailand,Full,ElasticNet,3,0,0.05402170494198799,0
80,PD0112-C,1010-PF-TH-ANDERSON,Thailand,Full,ElasticNet,3,0,0.14180628955364227,0
81,PD0113-C,1010-PF-TH-ANDERSON,Thailand,Full,ElasticNet,3,0,0.0394148975610733,0
82,PD0115-Cx,1010-PF-TH-ANDERSON,Thailand,Full,ElasticNet,3,0,0.18158018589019775,0
83,PD0116-Cx,1010-PF-TH-ANDERSON,Thailand,Full,ElasticNet,3,0,0.1951627880334854,0
84,PD0117-C,1010-PF-TH-ANDERSON,Thailand,Full,ElasticNet,3,0,0.20733019709587097,0
85,PD0118-C,1010-PF-TH-ANDERSON,Thailand,Full,ElasticNet,3,0,0.10195693373680115,0
86,PD0119-C,1010-PF-TH-ANDERSON,Thailand,Full,ElasticNet,3,0,0.1314300298690796,0
87,PD0121-C,1010-PF-TH-ANDERSON,Thailand,Full,ElasticNet,3,0,0.21027566492557526,0
88,PD0122-C,1010-PF-TH-ANDERSON,Thailand,Full,ElasticNet,3,0,0.028216920793056488,0
89,PD0123-C,1010-PF-TH-ANDERSON,Thailand,Full,ElasticNet,3,0,0.20759987831115723,0
90,PD0124-C,1010-PF-TH-ANDERSON,Thailand,Full,ElasticNet,3,0,0.11780893802642822,0
91,PD0125-C,1010-PF-TH-ANDERSON,Thailand,Full,ElasticNet,3,0,0.030995536595582962,0
92,PD0126-C,1010-PF-TH-ANDERSON,Thailand,Full,ElasticNet,3,1,0.13273625075817108,0
93,PD0127-C,1010-PF-TH-ANDERSON,Thailand,Full,ElasticNet,3,0,0.04654508829116821,0
94,PD0128-C,1010-PF-TH-ANDERSON,Thailand,Full,ElasticNet,3,0,0.04058816656470299,0
95,PD0129-C,1010-PF-TH-ANDERSON,Thailand,Full,ElasticNet,3,0,0.22759002447128296,0
96,PD0130-C,1010-PF-TH-ANDERSON,Thailand,Full,ElasticNet,3,0,0.11845454573631287,0
97,PD0131-C,1010-PF-TH-ANDERSON,Thailand,Full,ElasticNet,3,0,0.2099519670009613,0
98,PD0132-C,1010-PF-TH-ANDERSON,Thailand,Full,ElasticNet,3,0,0.25091472268104553,0
99,PD0133-C,1010-PF-TH-ANDERSON,Thailand,Full,ElasticNet,3,0,0.3073226511478424,0
100,PD0134-C,1010-PF-TH-ANDERSON,Thailand,Full,ElasticNet,3,0,0.30640560388565063,0
101,PD0135-C,1010-PF-TH-ANDERSON,Thailand,Full,ElasticNet,3,0,0.08467838168144226,0
102,PD0136-C,1010-PF-TH-ANDERSON,Thailand,Full,ElasticNet,3,0,0.37055501341819763,0
103,PD0137-C,1010-PF-TH-ANDERSON,Thailand,Full,ElasticNet,3,0,0.13025334477424622,0
104,PD0138-C,1010-PF-TH-ANDERSON,Thailand,Full,ElasticNet,3,0,0.08420054614543915,0
105,PD0139-C,1010-PF-TH-ANDERSON,Thailand,Full,ElasticNet,3,0,0.1930082142353058,0
106,PD0140-C,1010-PF-TH-ANDERSON,Thailand,Full,ElasticNet,3,0,0.1887914538383484,0
107,PD0141-C,1010-PF-TH-ANDERSON,Thailand,Full,ElasticNet,3,0,0.02827509120106697,0
108,PD0142-C,1010-PF-TH-ANDERSON,Thailand,Full,ElasticNet,3,0,0.17581668496131897,0
109,PD0143-C,1010-PF-TH-ANDERSON,Thailand,Full,ElasticNet,3,0,0.18155407905578613,0
110,PD0144-C,1010-PF-TH-ANDERSON,Thailand,Full,ElasticNet,3,0,0.06467942893505096,0
845,PD1582-C,1195-PF-TRAC2-DONDORP,Thailand,Full,ElasticNet,3,1,0.976482629776001,1
846,PD1589-C,1195-PF-TRAC2-DONDORP,Thailand,Full,ElasticNet,3,1,0.9849534034729004,1
883,PH0047-Cx,1044-PF-KH-FAIRHURST,Cambodia,Full,ElasticNet,3,0,0.08931194990873337,0
884,PH0051-Cx,1044-PF-KH-FAIRHURST,Cambodia,Full,ElasticNet,3,1,0.724266529083252,1
885,PH0052-C,1044-PF-KH-FAIRHURST,Cambodia,Full,ElasticNet,3,1,0.6248239278793335,1
886,PH0054-C,1044-PF-KH-FAIRHURST,Cambodia,Full,ElasticNet,3,0,0.02552352100610733,0
887,PH0055-C,1044-PF-KH-FAIRHURST,Cambodia,Full,ElasticNet,3,1,0.9478144645690918,1
888,PH0057-C,1044-PF-KH-FAIRHURST,Cambodia,Full,ElasticNet,3,1,0.7235561609268188,1
889,PH0058-C,1044-PF-KH-FAIRHURST,Cambodia,Full,ElasticNet,3,0,0.2571372985839844,0
890,PH0059-C,1044-PF-KH-FAIRHURST,Cambodia,Full,ElasticNet,3,0,0.2842216491699219,0
891,PH0060-C,1044-PF-KH-FAIRHURST,Cambodia,Full,ElasticNet,3,1,0.31407490372657776,0
892,PH0064-C,1044-PF-KH-FAIRHURST,Cambodia,Full,ElasticNet,3,1,0.7576118111610413,1
933,PH0157-C,1044-PF-KH-FAIRHURST,Cambodia,Full,ElasticNet,3,1,0.9712958335876465,1
934,PH0161-C,1044-PF-KH-FAIRHURST,Cambodia,Full,ElasticNet,3,1,0.9582143425941467,1
935,PH0163-C,1044-PF-KH-FAIRHURST,Cambodia,Full,ElasticNet,3,0,0.6909231543540955,1
936,PH0164-C,1044-PF-KH-FAIRHURST,Cambodia,Full,ElasticNet,3,0,0.22671028971672058,0
937,PH0165-C,1044-PF-KH-FAIRHURST,Cambodia,Full,ElasticNet,3,1,0.9495061039924622,1
938,PH0167-C,1044-PF-KH-FAIRHURST,Cambodia,Full,ElasticNet,3,0,0.6909235715866089,1
939,PH0169-C,1044-PF-KH-FAIRHURST,Cambodia,Full,ElasticNet,3,1,0.9581482410430908,1
940,PH0171-C,1044-PF-KH-FAIRHURST,Cambodia,Full,ElasticNet,3,1,0.7529953718185425,1
941,PH0172-C,1044-PF-KH-FAIRHURST,Cambodia,Full,ElasticNet,3,1,0.12974178791046143,0
942,PH0173-C,1044-PF-KH-FAIRHURST,Cambodia,Full,ElasticNet,3,1,0.9504923224449158,1
943,PH0191-C,1044-PF-KH-FAIRHURST,Cambodia,Full,ElasticNet,3,1,0.7666934728622437,1
944,PH0192-C,1044-PF-KH-FAIRHURST,Cambodia,Full,ElasticNet,3,1,0.6313343048095703,1
945,PH0194-C,1044-PF-KH-FAIRHURST,Cambodia,Full,ElasticNet,3,0,0.1677970439195633,0
946,PH0197-C,1044-PF-KH-FAIRHURST,Cambodia,Full,ElasticNet,3,1,0.9504765868186951,1
947,PH0198-C,1044-PF-KH-FAIRHURST,Cambodia,Full,ElasticNet,3,1,0.7683572769165039,1
948,PH0201-C,1044-PF-KH-FAIRHURST,Cambodia,Full,ElasticNet,3,0,0.006745973601937294,0
949,PH0203-C,1044-PF-KH-FAIRHURST,Cambodia,Full,ElasticNet,3,0,0.00146292254794389,0
950,PH0204-C,1044-PF-KH-FAIRHURST,Cambodia,Full,ElasticNet,3,0,0.0001704292226349935,0
951,PH0205-C,1044-PF-KH-FAIRHURST,Cambodia,Full,ElasticNet,3,0,7.408507372019812e-05,0
952,PH0206-C,1044-PF-KH-FAIRHURST,Cambodia,Full,ElasticNet,3,1,0.489636093378067,0
953,PH0207-C,1044-PF-KH-FAIRHURST,Cambodia,Full,ElasticNet,3,1,0.7984021902084351,1
954,PH0208-C,1044-PF-KH-FAIRHURST,Cambodia,Full,ElasticNet,3,1,0.9583101272583008,1
955,PH0209-C,1044-PF-KH-FAIRHURST,Cambodia,Full,ElasticNet,3,0,0.7684512734413147,1
956,PH0210-C,1044-PF-KH-FAIRHURST,Cambodia,Full,ElasticNet,3,1,0.9709774255752563,1
957,PH0212-C,1044-PF-KH-FAIRHURST,Cambodia,Full,ElasticNet,3,1,0.9496170878410339,1
958,PH0213-C,1044-PF-KH-FAIRHURST,Cambodia,Full,ElasticNet,3,1,0.9497441053390503,1
971,PH0237-C,1044-PF-KH-FAIRHURST,Cambodia,Full,ElasticNet,3,1,0.9588075280189514,1
972,PH0238-C,1044-PF-KH-FAIRHURST,Cambodia,Full,ElasticNet,3,1,0.957832932472229,1
973,PH0239-C,1044-PF-KH-FAIRHURST,Cambodia,Full,ElasticNet,3,1,0.6450900435447693,1
974,PH0240-C,1044-PF-KH-FAIRHURST,Cambodia,Full,ElasticNet,3,1,0.10147011280059814,0
975,PH0241-C,1044-PF-KH-FAIRHURST,Cambodia,Full,ElasticNet,3,1,0.9591338634490967,1
976,PH0242-C,1044-PF-KH-FAIRHURST,Cambodia,Full,ElasticNet,3,1,0.07383197546005249,0
977,PH0243-C,1044-PF-KH-FAIRHURST,Cambodia,Full,ElasticNet,3,1,0.6854665279388428,1
978,PH0244-C,1044-PF-KH-FAIRHURST,Cambodia,Full,ElasticNet,3,1,0.5358304381370544,1
979,PH0245-C,1044-PF-KH-FAIRHURST,Cambodia,Full,ElasticNet,3,1,0.6864575147628784,1
980,PH0246-C,1044-PF-KH-FAIRHURST,Cambodia,Full,ElasticNet,3,1,0.34971150755882263,0
981,PH0247-C,1044-PF-KH-FAIRHURST,Cambodia,Full,ElasticNet,3,1,0.6855994462966919,1
982,PH0248-C,1044-PF-KH-FAIRHURST,Cambodia,Full,ElasticNet,3,1,0.7995522618293762,1
983,PH0249-C,1044-PF-KH-FAIRHURST,Cambodia,Full,ElasticNet,3,1,0.643210768699646,1
984,PH0250-C,1044-PF-KH-FAIRHURST,Cambodia,Full,ElasticNet,3,1,0.6414593458175659,1
985,PH0251-C,1044-PF-KH-FAIRHURST,Cambodia,Full,ElasticNet,3,1,0.9577312469482422,1
986,PH0252-C,1044-PF-KH-FAIRHURST,Cambodia,Full,ElasticNet,3,1,0.4734223783016205,0
987,PH0253-C,1044-PF-KH-FAIRHURST,Cambodia,Full,ElasticNet,3,1,0.9504237174987793,1
988,PH0256-C,1044-PF-KH-FAIRHURST,Cambodia,Full,ElasticNet,3,0,0.012600294314324856,0
989,PH0274-C,1044-PF-KH-FAIRHURST,Cambodia,Full,ElasticNet,3,1,0.21845643222332,0
990,PH0278-CW,1044-PF-KH-FAIRHURST,Cambodia,Full,ElasticNet,3,1,0.7352477312088013,1
991,PH0279-C,1044-PF-KH-FAIRHURST,Cambodia,Full,ElasticNet,3,0,0.028101075440645218,0
992,PH0282-C,1044-PF-KH-FAIRHURST,Cambodia,Full,ElasticNet,3,1,0.6317627429962158,1
993,PH0283-C,1044-PF-KH-FAIRHURST,Cambodia,Full,ElasticNet,3,0,0.4751147925853729,0
994,PH0284-C,1044-PF-KH-FAIRHURST,Cambodia,Full,ElasticNet,3,1,0.9577447175979614,1
995,PH0285-C,1044-PF-KH-FAIRHURST,Cambodia,Full,ElasticNet,3,1,0.9357384443283081,1
996,PH0294-C,1044-PF-KH-FAIRHURST,Cambodia,Full,ElasticNet,3,1,0.5332796573638916,1
997,PH0299-CW,1044-PF-KH-FAIRHURST,Cambodia,Full,ElasticNet,3,1,0.9493013620376587,1
998,PH0300-C,1044-PF-KH-FAIRHURST,Cambodia,Full,ElasticNet,3,1,0.9577011466026306,1
999,PH0303-CW,1044-PF-KH-FAIRHURST,Cambodia,Full,ElasticNet,3,1,0.632486879825592,1
1000,PH0304-C,1044-PF-KH-FAIRHURST,Cambodia,Full,ElasticNet,3,1,0.7182022929191589,1
1001,PH0305-C,1044-PF-KH-FAIRHURST,Cambodia,Full,ElasticNet,3,0,0.010875847190618515,0
1002,PH0306-C,1044-PF-KH-FAIRHURST,Cambodia,Full,ElasticNet,3,1,0.7682794332504272,1
1003,PH0307-C,1044-PF-KH-FAIRHURST,Cambodia,Full,ElasticNet,3,1,0.5554558634757996,1
1004,PH0308-CW,1044-PF-KH-FAIRHURST,Cambodia,Full,ElasticNet,3,1,0.6205751895904541,1
1005,PH0321-C,1044-PF-KH-FAIRHURST,Cambodia,Full,ElasticNet,3,0,0.6908524632453918,1
1006,PH0322-C,1044-PF-KH-FAIRHURST,Cambodia,Full,ElasticNet,3,1,0.75003981590271,1
1007,PH0324-C,1044-PF-KH-FAIRHURST,Cambodia,Full,ElasticNet,3,1,0.4539717435836792,0
1008,PH0325-C,1044-PF-KH-FAIRHURST,Cambodia,Full,ElasticNet,3,1,0.5481059551239014,1
1009,PH0326-C,1044-PF-KH-FAIRHURST,Cambodia,Full,ElasticNet,3,1,0.10281933099031448,0
1010,PH0327-C,1044-PF-KH-FAIRHURST,Cambodia,Full,ElasticNet,3,0,0.42234382033348083,0
1011,PH0328-C,1044-PF-KH-FAIRHURST,Cambodia,Full,ElasticNet,3,1,0.9434689879417419,1
1012,PH0329-C,1044-PF-KH-FAIRHURST,Cambodia,Full,ElasticNet,3,1,0.7551254630088806,1
1013,PH0330-C,1044-PF-KH-FAIRHURST,Cambodia,Full,ElasticNet,3,1,0.3623509705066681,0
1014,PH0332-C,1044-PF-KH-FAIRHURST,Cambodia,Full,ElasticNet,3,0,0.2210756540298462,0
1015,PH0333-C,1044-PF-KH-FAIRHURST,Cambodia,Full,ElasticNet,3,0,0.008045904338359833,0
1016,PH0334-C,1044-PF-KH-FAIRHURST,Cambodia,Full,ElasticNet,3,0,0.013873840682208538,0
1017,PH0335-C,1044-PF-KH-FAIRHURST,Cambodia,Full,ElasticNet,3,1,0.948753297328949,1
1018,PH0336-C,1044-PF-KH-FAIRHURST,Cambodia,Full,ElasticNet,3,1,0.8139563202857971,1
1019,PH0337-C,1044-PF-KH-FAIRHURST,Cambodia,Full,ElasticNet,3,1,0.08234921842813492,0
1020,PH0338-C,1044-PF-KH-FAIRHURST,Cambodia,Full,ElasticNet,3,1,0.35144317150115967,0
1021,PH0339-C,1044-PF-KH-FAIRHURST,Cambodia,Full,ElasticNet,3,0,0.01756260357797146,0
1022,PH0340-C,1044-PF-KH-FAIRHURST,Cambodia,Full,ElasticNet,3,0,0.004387186840176582,0
1023,PH0341-C,1044-PF-KH-FAIRHURST,Cambodia,Full,ElasticNet,3,0,0.004054684657603502,0
1024,PH0342-C,1044-PF-KH-FAIRHURST,Cambodia,Full,ElasticNet,3,0,0.00424906937405467,0
1025,PH0343-C,1044-PF-KH-FAIRHURST,Cambodia,Full,ElasticNet,3,0,0.004249073565006256,0
1026,PH0344-C,1044-PF-KH-FAIRHURST,Cambodia,Full,ElasticNet,3,0,0.004251717124134302,0
1027,PH0345-C,1044-PF-KH-FAIRHURST,Cambodia,Full,ElasticNet,3,0,0.0009709131554700434,0
1028,PH0346-C,1044-PF-KH-FAIRHURST,Cambodia,Full,ElasticNet,3,0,0.021115023642778397,0
1029,PH0347-C,1044-PF-KH-FAIRHURST,Cambodia,Full,ElasticNet,3,0,0.0014566094614565372,0
1030,PH0348-C,1044-PF-KH-FAIRHURST,Cambodia,Full,ElasticNet,3,0,0.004988791421055794,0
1031,PH0349-C,1044-PF-KH-FAIRHURST,Cambodia,Full,ElasticNet,3,0,0.004250191152095795,0
1032,PH0350-C,1044-PF-KH-FAIRHURST,Cambodia,Full,ElasticNet,3,0,0.020132949575781822,0
1033,PH0351-C,1044-PF-KH-FAIRHURST,Cambodia,Full,ElasticNet,3,0,0.0021443041041493416,0
1034,PH0352-C,1044-PF-KH-FAIRHURST,Cambodia,Full,ElasticNet,3,0,0.002648016205057502,0
1035,PH0353-C,1044-PF-KH-FAIRHURST,Cambodia,Full,ElasticNet,3,0,0.001304740202613175,0
1036,PH0354-C,1044-PF-KH-FAIRHURST,Cambodia,Full,ElasticNet,3,0,0.0042547667399048805,0
1037,PH0355-C,1044-PF-KH-FAIRHURST,Cambodia,Full,ElasticNet,3,0,0.0012970255920663476,0
1038,PH0356-C,1044-PF-KH-FAIRHURST,Cambodia,Full,ElasticNet,3,0,0.0006590205011889338,0
1039,PH0357-C,1044-PF-KH-FAIRHURST,Cambodia,Full,ElasticNet,3,0,0.0046614995226264,0
1040,PH0358-C,1044-PF-KH-FAIRHURST,Cambodia,Full,ElasticNet,3,0,0.005354461260139942,0
1041,PH0359-C,1044-PF-KH-FAIRHURST,Cambodia,Full,ElasticNet,3,0,0.0006237344932742417,0
1042,PH0360-C,1044-PF-KH-FAIRHURST,Cambodia,Full,ElasticNet,3,0,0.0039390441961586475,0
1043,PH0361-C,1044-PF-KH-FAIRHURST,Cambodia,Full,ElasticNet,3,0,0.0019574593752622604,0
1044,PH0362-C,1044-PF-KH-FAIRHURST,Cambodia,Full,ElasticNet,3,0,0.0017636360134929419,0
1045,PH0363-C,1044-PF-KH-FAIRHURST,Cambodia,Full,ElasticNet,3,0,0.006753348745405674,0
1046,PH0364-C,1044-PF-KH-FAIRHURST,Cambodia,Full,ElasticNet,3,0,0.004741584416478872,0
1047,PH0365-C,1044-PF-KH-FAIRHURST,Cambodia,Full,ElasticNet,3,0,0.0002953006769530475,0
1048,PH0366-C,1044-PF-KH-FAIRHURST,Cambodia,Full,ElasticNet,3,0,0.001494197640568018,0
1049,PH0367-C,1044-PF-KH-FAIRHURST,Cambodia,Full,ElasticNet,3,0,0.021216223016381264,0
1050,PH0368-C,1044-PF-KH-FAIRHURST,Cambodia,Full,ElasticNet,3,0,0.00015934297698549926,0
1051,PH0369-C,1044-PF-KH-FAIRHURST,Cambodia,Full,ElasticNet,3,0,0.007935764268040657,0
1052,PH0370-C,1044-PF-KH-FAIRHURST,Cambodia,Full,ElasticNet,3,0,0.001804449944756925,0
1053,PH0371-C,1044-PF-KH-FAIRHURST,Cambodia,Full,ElasticNet,3,0,0.0006987035740166903,0
1054,PH0372-C,1044-PF-KH-FAIRHURST,Cambodia,Full,ElasticNet,3,0,0.0017272784607484937,0
1055,PH0373-C,1044-PF-KH-FAIRHURST,Cambodia,Full,ElasticNet,3,0,0.004714311100542545,0
1056,PH0374-C,1044-PF-KH-FAIRHURST,Cambodia,Full,ElasticNet,3,0,0.0026516655925661325,0
1057,PH0375-C,1044-PF-KH-FAIRHURST,Cambodia,Full,ElasticNet,3,0,0.0019673279020935297,0
1058,PH0376-C,1044-PF-KH-FAIRHURST,Cambodia,Full,ElasticNet,3,0,0.009207046590745449,0
1059,PH0377-C,1044-PF-KH-FAIRHURST,Cambodia,Full,ElasticNet,3,0,0.01076187752187252,0
1060,PH0378-C,1044-PF-KH-FAIRHURST,Cambodia,Full,ElasticNet,3,0,0.001530374283902347,0
1061,PH0379-C,1044-PF-KH-FAIRHURST,Cambodia,Full,ElasticNet,3,0,0.0007498229388147593,0
1062,PH0380-C,1044-PF-KH-FAIRHURST,Cambodia,Full,ElasticNet,3,0,0.000861044623889029,0
1063,PH0381-C,1044-PF-KH-FAIRHURST,Cambodia,Full,ElasticNet,3,0,0.0008609293145127594,0
1064,PH0382-C,1044-PF-KH-FAIRHURST,Cambodia,Full,ElasticNet,3,0,0.0039359042420983315,0
1065,PH0383-C,1044-PF-KH-FAIRHURST,Cambodia,Full,ElasticNet,3,0,0.013176072388887405,0
1104,PH0453-C,1044-PF-KH-FAIRHURST,Cambodia,Full,ElasticNet,3,0,0.26197370886802673,0
1105,PH0454-C,1044-PF-KH-FAIRHURST,Cambodia,Full,ElasticNet,3,1,0.48338237404823303,0
1106,PH0455-C,1044-PF-KH-FAIRHURST,Cambodia,Full,ElasticNet,3,1,0.34533342719078064,0
1107,PH0456-C,1044-PF-KH-FAIRHURST,Cambodia,Full,ElasticNet,3,1,0.48901498317718506,0
1108,PH0457-CW,1044-PF-KH-FAIRHURST,Cambodia,Full,ElasticNet,3,1,0.6293764710426331,1
1109,PH0458-CW,1044-PF-KH-FAIRHURST,Cambodia,Full,ElasticNet,3,1,0.9495282173156738,1
1110,PH0459-CW,1044-PF-KH-FAIRHURST,Cambodia,Full,ElasticNet,3,1,0.16554920375347137,0
1111,PH0460-C,1044-PF-KH-FAIRHURST,Cambodia,Full,ElasticNet,3,1,0.9579654335975647,1
1112,PH0461-C,1044-PF-KH-FAIRHURST,Cambodia,Full,ElasticNet,3,0,0.2174900323152542,0
1113,PH0462-C,1044-PF-KH-FAIRHURST,Cambodia,Full,ElasticNet,3,0,0.0544121116399765,0
1114,PH0463-C,1044-PF-KH-FAIRHURST,Cambodia,Full,ElasticNet,3,1,0.9578693509101868,1
1115,PH0464-CW,1044-PF-KH-FAIRHURST,Cambodia,Full,ElasticNet,3,0,0.1300823986530304,0
1116,PH0466-C,1044-PF-KH-FAIRHURST,Cambodia,Full,ElasticNet,3,0,0.0035552040208131075,0
1117,PH0467-CW,1044-PF-KH-FAIRHURST,Cambodia,Full,ElasticNet,3,1,0.6076188683509827,1
1118,PH0468-C,1044-PF-KH-FAIRHURST,Cambodia,Full,ElasticNet,3,0,0.0418759360909462,0
1119,PH0469-CW,1044-PF-KH-FAIRHURST,Cambodia,Full,ElasticNet,3,1,0.382561594247818,0
1120,PH0471-C,1044-PF-KH-FAIRHURST,Cambodia,Full,ElasticNet,3,1,0.5091120004653931,1
1121,PH0472-C,1044-PF-KH-FAIRHURST,Cambodia,Full,ElasticNet,3,1,0.8915243148803711,1
1122,PH0473-C,1044-PF-KH-FAIRHURST,Cambodia,Full,ElasticNet,3,0,0.07213583588600159,0
1123,PH0474-CW,1044-PF-KH-FAIRHURST,Cambodia,Full,ElasticNet,3,1,0.6958239078521729,1
1124,PH0475-C,1044-PF-KH-FAIRHURST,Cambodia,Full,ElasticNet,3,1,0.3705263137817383,0
1125,PH0476-C,1044-PF-KH-FAIRHURST,Cambodia,Full,ElasticNet,3,1,0.6297334432601929,1
1126,PH0478-C,1044-PF-KH-FAIRHURST,Cambodia,Full,ElasticNet,3,0,0.24440203607082367,0
1127,PH0479-CW,1044-PF-KH-FAIRHURST,Cambodia,Full,ElasticNet,3,1,0.94746333360672,1
1128,PH0480-C,1044-PF-KH-FAIRHURST,Cambodia,Full,ElasticNet,3,1,0.6072261929512024,1
1129,PH0481-C,1044-PF-KH-FAIRHURST,Cambodia,Full,ElasticNet,3,1,0.9505733251571655,1
1130,PH0482-C,1044-PF-KH-FAIRHURST,Cambodia,Full,ElasticNet,3,1,0.9491828083992004,1
1131,PH0483-CW,1044-PF-KH-FAIRHURST,Cambodia,Full,ElasticNet,3,0,0.07684948295354843,0
1132,PH0484-C,1044-PF-KH-FAIRHURST,Cambodia,Full,ElasticNet,3,1,0.734228789806366,1
1133,PH0485-C,1044-PF-KH-FAIRHURST,Cambodia,Full,ElasticNet,3,1,0.13688133656978607,0
1134,PH0486-C,1044-PF-KH-FAIRHURST,Cambodia,Full,ElasticNet,3,1,0.9670975208282471,1
1135,PH0487-C,1044-PF-KH-FAIRHURST,Cambodia,Full,ElasticNet,3,1,0.4974616467952728,0
1136,PH0488-C,1044-PF-KH-FAIRHURST,Cambodia,Full,ElasticNet,3,0,0.4583316147327423,0
1137,PH0489-C,1044-PF-KH-FAIRHURST,Cambodia,Full,ElasticNet,3,0,0.218611940741539,0
1138,PH0490-C,1044-PF-KH-FAIRHURST,Cambodia,Full,ElasticNet,3,1,0.5466004610061646,1
1139,PH0493-C,1044-PF-KH-FAIRHURST,Cambodia,Full,ElasticNet,3,1,0.488839328289032,0
1140,PH0494-CW,1044-PF-KH-FAIRHURST,Cambodia,Full,ElasticNet,3,0,0.2821045219898224,0
1141,PH0495-CW,1044-PF-KH-FAIRHURST,Cambodia,Full,ElasticNet,3,1,0.9641201496124268,1
1142,PH0496-CW,1044-PF-KH-FAIRHURST,Cambodia,Full,ElasticNet,3,1,0.43128442764282227,0
1143,PH0497-C,1044-PF-KH-FAIRHURST,Cambodia,Full,ElasticNet,3,1,0.592843770980835,1
1144,PH0498-C,1044-PF-KH-FAIRHURST,Cambodia,Full,ElasticNet,3,1,0.42958247661590576,0
1145,PH0499-CW,1044-PF-KH-FAIRHURST,Cambodia,Full,ElasticNet,3,0,0.48518767952919006,0
1146,PH0500-CW,1044-PF-KH-FAIRHURST,Cambodia,Full,ElasticNet,3,1,0.4243136942386627,0
1147,PH0501-CW,1044-PF-KH-FAIRHURST,Cambodia,Full,ElasticNet,3,1,0.9473683834075928,1
1489,PH0945-C,1044-PF-KH-FAIRHURST,Cambodia,Full,ElasticNet,3,0,0.05765201523900032,0
1490,PH0952-CW,1044-PF-KH-FAIRHURST,Cambodia,Full,ElasticNet,3,1,0.973391056060791,1
1491,PH0959-Cx,1044-PF-KH-FAIRHURST,Cambodia,Full,ElasticNet,3,1,0.8412514925003052,1
1492,PH0961-Cx,1044-PF-KH-FAIRHURST,Cambodia,Full,ElasticNet,3,1,0.7280974388122559,1
1493,PH0962-C,1044-PF-KH-FAIRHURST,Cambodia,Full,ElasticNet,3,1,0.9574170708656311,1
1494,PH0964-Cx,1044-PF-KH-FAIRHURST,Cambodia,Full,ElasticNet,3,1,0.8265604972839355,1
1495,PH0966-Cx,1044-PF-KH-FAIRHURST,Cambodia,Full,ElasticNet,3,1,0.9491711854934692,1
1496,PH0968-C,1044-PF-KH-FAIRHURST,Cambodia,Full,ElasticNet,3,0,0.012429889291524887,0
1497,PH0970-C,1044-PF-KH-FAIRHURST,Cambodia,Full,ElasticNet,3,0,0.012434929609298706,0
1498,PH0971-C,1044-PF-KH-FAIRHURST,Cambodia,Full,ElasticNet,3,0,0.00843513198196888,0
1499,PH0973-C,1044-PF-KH-FAIRHURST,Cambodia,Full,ElasticNet,3,1,0.012275767512619495,0
1500,PH0974-Cx,1044-PF-KH-FAIRHURST,Cambodia,Full,ElasticNet,3,1,0.013074955902993679,0
1521,PH1015-C,1044-PF-KH-FAIRHURST,Cambodia,Full,ElasticNet,3,1,0.9818721413612366,1
1522,PH1023-C,1044-PF-KH-FAIRHURST,Cambodia,Full,ElasticNet,3,0,0.5687099099159241,1
1523,PH1025-C,1044-PF-KH-FAIRHURST,Cambodia,Full,ElasticNet,3,1,0.9573612809181213,1
1524,PH1027-C,1044-PF-KH-FAIRHURST,Cambodia,Full,ElasticNet,3,0,0.16672444343566895,0
1525,PH1032-C,1044-PF-KH-FAIRHURST,Cambodia,Full,ElasticNet,3,0,0.0033809333108365536,0
1526,PH1037-C,1044-PF-KH-FAIRHURST,Cambodia,Full,ElasticNet,3,1,0.7660404443740845,1
1527,PH1043-C,1044-PF-KH-FAIRHURST,Cambodia,Full,ElasticNet,3,0,0.07691994309425354,0
1528,PH1045-C,1044-PF-KH-FAIRHURST,Cambodia,Full,ElasticNet,3,0,0.3592956066131592,0
1529,PH1051-C,1044-PF-KH-FAIRHURST,Cambodia,Full,ElasticNet,3,1,0.7052616477012634,1
1530,PH1058-C,1044-PF-KH-FAIRHURST,Cambodia,Full,ElasticNet,3,0,0.02480001002550125,0
1531,PH1065-C,1044-PF-KH-FAIRHURST,Cambodia,Full,ElasticNet,3,0,0.015632161870598793,0
1532,PH1068-C,1044-PF-KH-FAIRHURST,Cambodia,Full,ElasticNet,3,0,0.0031409990042448044,0
1533,PH1069-C,1044-PF-KH-FAIRHURST,Cambodia,Full,ElasticNet,3,0,0.002213285304605961,0
1534,PH1071-C,1044-PF-KH-FAIRHURST,Cambodia,Full,ElasticNet,3,0,0.008293433114886284,0
1535,PH1073-C,1044-PF-KH-FAIRHURST,Cambodia,Full,ElasticNet,3,0,0.0013931472785770893,0
1536,PH1085-C,1044-PF-KH-FAIRHURST,Cambodia,Full,ElasticNet,3,0,0.16712792217731476,0
1537,PH1086-C,1044-PF-KH-FAIRHURST,Cambodia,Full,ElasticNet,3,1,0.828874945640564,1
1538,PH1088-C,1044-PF-KH-FAIRHURST,Cambodia,Full,ElasticNet,3,1,0.4768489897251129,0
1539,PH1092-C,1044-PF-KH-FAIRHURST,Cambodia,Full,ElasticNet,3,0,0.014875496737658978,0
1540,PH1097-C,1044-PF-KH-FAIRHURST,Cambodia,Full,ElasticNet,3,0,0.3595065474510193,0
1541,PH1105-C,1044-PF-KH-FAIRHURST,Cambodia,Full,ElasticNet,3,0,0.0002586085756774992,0
1542,PH1106-C,1044-PF-KH-FAIRHURST,Cambodia,Full,ElasticNet,3,0,0.0019404948689043522,0
1546,PH1145-C,1044-PF-KH-FAIRHURST,Cambodia,Full,ElasticNet,3,0,0.14333029091358185,0
1547,PH1147-C,1044-PF-KH-FAIRHURST,Cambodia,Full,ElasticNet,3,0,0.007788450922816992,0
1548,PH1148-C,1044-PF-KH-FAIRHURST,Cambodia,Full,ElasticNet,3,1,0.9791389107704163,1
1549,PH1150-C,1044-PF-KH-FAIRHURST,Cambodia,Full,ElasticNet,3,0,0.06274762004613876,0
1550,PH1152-C,1044-PF-KH-FAIRHURST,Cambodia,Full,ElasticNet,3,1,0.9331713914871216,1
1551,PH1153-C,1044-PF-KH-FAIRHURST,Cambodia,Full,ElasticNet,3,0,0.010553556494414806,0
1552,PH1155-C,1044-PF-KH-FAIRHURST,Cambodia,Full,ElasticNet,3,1,0.9834485650062561,1
1553,PH1158-C,1044-PF-KH-FAIRHURST,Cambodia,Full,ElasticNet,3,1,0.8862015008926392,1
1554,PH1159-C,1044-PF-KH-FAIRHURST,Cambodia,Full,ElasticNet,3,0,0.013322615064680576,0
1555,PH1162-C,1044-PF-KH-FAIRHURST,Cambodia,Full,ElasticNet,3,1,0.9788872003555298,1
1556,PH1163-C,1044-PF-KH-FAIRHURST,Cambodia,Full,ElasticNet,3,0,0.011545593850314617,0
1557,PH1164-C,1044-PF-KH-FAIRHURST,Cambodia,Full,ElasticNet,3,0,0.010545074939727783,0
1558,PH1165-C,1044-PF-KH-FAIRHURST,Cambodia,Full,ElasticNet,3,0,0.3378496468067169,0
1559,PH1168-C,1044-PF-KH-FAIRHURST,Cambodia,Full,ElasticNet,3,0,0.09323214739561081,0
1560,PH1169-C,1044-PF-KH-FAIRHURST,Cambodia,Full,ElasticNet,3,0,0.2451101839542389,0
1561,PH1170-C,1044-PF-KH-FAIRHURST,Cambodia,Full,ElasticNet,3,0,0.0856318324804306,0
1562,PH1172-C,1044-PF-KH-FAIRHURST,Cambodia,Full,ElasticNet,3,0,0.10985390096902847,0
1563,PH1173-C,1044-PF-KH-FAIRHURST,Cambodia,Full,ElasticNet,3,1,0.9580691456794739,1
1564,PH1175-C,1044-PF-KH-FAIRHURST,Cambodia,Full,ElasticNet,3,1,0.9580394625663757,1
1565,PH1183-C,1044-PF-KH-FAIRHURST,Cambodia,Full,ElasticNet,3,1,0.9651349186897278,1
1566,PH1186-C,1044-PF-KH-FAIRHURST,Cambodia,Full,ElasticNet,3,1,0.9808789491653442,1
1567,PH1187-C,1044-PF-KH-FAIRHURST,Cambodia,Full,ElasticNet,3,1,0.9743082523345947,1
1568,PH1188-C,1044-PF-KH-FAIRHURST,Cambodia,Full,ElasticNet,3,0,0.7356815934181213,1
1569,PH1189-C,1044-PF-KH-FAIRHURST,Cambodia,Full,ElasticNet,3,0,0.9696210026741028,1
1570,PH1190-C,1044-PF-KH-FAIRHURST,Cambodia,Full,ElasticNet,3,1,0.8161093592643738,1
1571,PH1191-C,1044-PF-KH-FAIRHURST,Cambodia,Full,ElasticNet,3,0,0.09362916648387909,0
1572,PH1192-C,1044-PF-KH-FAIRHURST,Cambodia,Full,ElasticNet,3,1,0.9753216505050659,1
1573,PH1195-C,1044-PF-KH-FAIRHURST,Cambodia,Full,ElasticNet,3,1,0.8690974712371826,1
1574,PH1197-C,1044-PF-KH-FAIRHURST,Cambodia,Full,ElasticNet,3,0,0.7790511846542358,1
1575,PH1198-C,1044-PF-KH-FAIRHURST,Cambodia,Full,ElasticNet,3,1,0.974412739276886,1
1576,PH1200-C,1044-PF-KH-FAIRHURST,Cambodia,Full,ElasticNet,3,1,0.9240446090698242,1
1577,PH1201-C,1044-PF-KH-FAIRHURST,Cambodia,Full,ElasticNet,3,1,0.9746960997581482,1
1578,PH1202-C,1044-PF-KH-FAIRHURST,Cambodia,Full,ElasticNet,3,1,0.9752237200737,1
1579,PH1203-C,1044-PF-KH-FAIRHURST,Cambodia,Full,ElasticNet,3,1,0.9710937738418579,1
1580,PH1205-C,1044-PF-KH-FAIRHURST,Cambodia,Full,ElasticNet,3,0,0.2450801134109497,0
1581,PH1206-C,1044-PF-KH-FAIRHURST,Cambodia,Full,ElasticNet,3,1,0.9710698127746582,1
1582,PH1208-C,1044-PF-KH-FAIRHURST,Cambodia,Full,ElasticNet,3,1,0.9124285578727722,1
1583,PH1209-C,1044-PF-KH-FAIRHURST,Cambodia,Full,ElasticNet,3,1,0.969532310962677,1
1584,PH1211-C,1044-PF-KH-FAIRHURST,Cambodia,Full,ElasticNet,3,1,0.9164577126502991,1
1585,PH1216-C,1044-PF-KH-FAIRHURST,Cambodia,Full,ElasticNet,3,1,0.9710097908973694,1
1586,PH1217-C,1044-PF-KH-FAIRHURST,Cambodia,Full,ElasticNet,3,1,0.9606451392173767,1
1587,PH1218-C,1044-PF-KH-FAIRHURST,Cambodia,Full,ElasticNet,3,0,0.8425977826118469,1
1588,PH1220-C,1044-PF-KH-FAIRHURST,Cambodia,Full,ElasticNet,3,0,0.17635077238082886,0
1589,PH1223-C,1044-PF-KH-FAIRHURST,Cambodia,Full,ElasticNet,3,1,0.9747619032859802,1
1590,PH1224-C,1044-PF-KH-FAIRHURST,Cambodia,Full,ElasticNet,3,1,0.9747016429901123,1
1591,PH1229-C,1044-PF-KH-FAIRHURST,Cambodia,Full,ElasticNet,3,1,0.9883883595466614,1
1592,PH1234-C,1044-PF-KH-FAIRHURST,Cambodia,Full,ElasticNet,3,1,0.9760332107543945,1
1593,PH1236-C,1044-PF-KH-FAIRHURST,Cambodia,Full,ElasticNet,3,1,0.9789001941680908,1
1594,PH1251-C,1044-PF-KH-FAIRHURST,Cambodia,Full,ElasticNet,3,1,0.9497290253639221,1
1595,PH1252-C,1044-PF-KH-FAIRHURST,Cambodia,Full,ElasticNet,3,1,0.958608865737915,1
1596,PH1253-C,1044-PF-KH-FAIRHURST,Cambodia,Full,ElasticNet,3,1,0.9511140584945679,1
1597,PH1289-C,1044-PF-KH-FAIRHURST,Cambodia,Full,ElasticNet,3,0,0.057813651859760284,0
1598,PH1297-C,1044-PF-KH-FAIRHURST,Cambodia,Full,ElasticNet,3,0,0.010634379461407661,0
1599,PH1299-C,1044-PF-KH-FAIRHURST,Cambodia,Full,ElasticNet,3,0,0.0018268226413056254,0
1600,PH1300-C,1044-PF-KH-FAIRHURST,Cambodia,Full,ElasticNet,3,0,0.004476720001548529,0
1601,PH1304-C,1044-PF-KH-FAIRHURST,Cambodia,Full,ElasticNet,3,0,0.004113750532269478,0
1602,PH1305-C,1044-PF-KH-FAIRHURST,Cambodia,Full,ElasticNet,3,0,0.005405556410551071,0
1603,PH1309-C,1044-PF-KH-FAIRHURST,Cambodia,Full,ElasticNet,3,0,0.0006397292600013316,0
1604,PH1310-C,1044-PF-KH-FAIRHURST,Cambodia,Full,ElasticNet,3,0,0.020992441102862358,0
1605,PH1313-C,1044-PF-KH-FAIRHURST,Cambodia,Full,ElasticNet,3,1,0.9758815169334412,1
1606,PH1316-C,1044-PF-KH-FAIRHURST,Cambodia,Full,ElasticNet,3,0,0.15777793526649475,0
1607,PH1317-C,1044-PF-KH-FAIRHURST,Cambodia,Full,ElasticNet,3,0,0.007899044081568718,0
1608,PH1318-C,1044-PF-KH-FAIRHURST,Cambodia,Full,ElasticNet,3,0,0.006276147905737162,0
1609,PH1319-C,1044-PF-KH-FAIRHURST,Cambodia,Full,ElasticNet,3,0,0.0026800832711160183,0
1610,PH1336-C,1044-PF-KH-FAIRHURST,Cambodia,Full,ElasticNet,3,1,0.9730825424194336,1
1611,PH1337-C,1044-PF-KH-FAIRHURST,Cambodia,Full,ElasticNet,3,1,0.8159507513046265,1
1612,PH1338-C,1044-PF-KH-FAIRHURST,Cambodia,Full,ElasticNet,3,1,0.8409112691879272,1
1613,PH1339-C,1044-PF-KH-FAIRHURST,Cambodia,Full,ElasticNet,3,1,0.9747000932693481,1
1614,PH1341-C,1044-PF-KH-FAIRHURST,Cambodia,Full,ElasticNet,3,1,0.8703494071960449,1
1615,PH1343-C,1044-PF-KH-FAIRHURST,Cambodia,Full,ElasticNet,3,1,0.9870465993881226,1
1616,PH1351-C,1044-PF-KH-FAIRHURST,Cambodia,Full,ElasticNet,3,1,0.985590934753418,1
1617,PH1354-C,1044-PF-KH-FAIRHURST,Cambodia,Full,ElasticNet,3,1,0.9571986198425293,1
1618,PH1355-C,1044-PF-KH-FAIRHURST,Cambodia,Full,ElasticNet,3,1,0.9776091575622559,1
1619,PH1357-C,1044-PF-KH-FAIRHURST,Cambodia,Full,ElasticNet,3,1,0.810417115688324,1
1620,PH1358-C,1044-PF-KH-FAIRHURST,Cambodia,Full,ElasticNet,3,1,0.6791905760765076,1
1621,PH1360-C,1044-PF-KH-FAIRHURST,Cambodia,Full,ElasticNet,3,1,0.9492300748825073,1
1622,PH1368-C,1044-PF-KH-FAIRHURST,Cambodia,Full,ElasticNet,3,1,0.973132312297821,1
1623,PH1373-C,1044-PF-KH-FAIRHURST,Cambodia,Full,ElasticNet,3,1,0.9788522124290466,1
1624,PH1377-C,1044-PF-KH-FAIRHURST,Cambodia,Full,ElasticNet,3,1,0.9638663530349731,1
1625,PH1378-C,1044-PF-KH-FAIRHURST,Cambodia,Full,ElasticNet,3,1,0.9376298785209656,1
1626,PH1379-C,1044-PF-KH-FAIRHURST,Cambodia,Full,ElasticNet,3,1,0.974726676940918,1
1627,PH1384-C,1044-PF-KH-FAIRHURST,Cambodia,Full,ElasticNet,3,1,0.9775980114936829,1
1628,PH1387-C,1044-PF-KH-FAIRHURST,Cambodia,Full,ElasticNet,3,1,0.969743013381958,1
1629,PH1390-C,1044-PF-KH-FAIRHURST,Cambodia,Full,ElasticNet,3,1,0.9711196422576904,1
1630,PH1391-C,1044-PF-KH-FAIRHURST,Cambodia,Full,ElasticNet,3,1,0.8703437447547913,1
1631,PH1393-C,1044-PF-KH-FAIRHURST,Cambodia,Full,ElasticNet,3,0,0.8488432168960571,1
1632,PH1394-C,1044-PF-KH-FAIRHURST,Cambodia,Full,ElasticNet,3,1,0.8298991918563843,1
1633,PH1395-C,1044-PF-KH-FAIRHURST,Cambodia,Full,ElasticNet,3,0,0.3537331521511078,0
1634,PH1396-C,1044-PF-KH-FAIRHURST,Cambodia,Full,ElasticNet,3,1,0.9772854447364807,1
1635,PH1397-C,1044-PF-KH-FAIRHURST,Cambodia,Full,ElasticNet,3,1,0.9795370101928711,1
1636,PH1398-C,1044-PF-KH-FAIRHURST,Cambodia,Full,ElasticNet,3,1,0.9568670988082886,1
1637,PH1399-C,1044-PF-KH-FAIRHURST,Cambodia,Full,ElasticNet,3,1,0.9798352718353271,1
1638,PH1402-C,1044-PF-KH-FAIRHURST,Cambodia,Full,ElasticNet,3,1,0.948637068271637,1
1639,PH1407-C,1044-PF-KH-FAIRHURST,Cambodia,Full,ElasticNet,3,1,0.933796763420105,1
1640,PH1411-C,1044-PF-KH-FAIRHURST,Cambodia,Full,ElasticNet,3,1,0.8482391238212585,1
1641,PH1419-C,1044-PF-KH-FAIRHURST,Cambodia,Full,ElasticNet,3,1,0.9897966980934143,1
1642,PH1422-C,1044-PF-KH-FAIRHURST,Cambodia,Full,ElasticNet,3,1,0.6108283400535583,1
1643,PH1439-C,1044-PF-KH-FAIRHURST,Cambodia,Full,ElasticNet,3,1,0.8444428443908691,1
1644,PH1443-C,1044-PF-KH-FAIRHURST,Cambodia,Full,ElasticNet,3,1,0.847800076007843,1
1645,PH1449-C,1044-PF-KH-FAIRHURST,Cambodia,Full,ElasticNet,3,1,0.7464651465415955,1
1646,PH1453-C,1044-PF-KH-FAIRHURST,Cambodia,Full,ElasticNet,3,0,0.8891546726226807,1
1647,PH1454-C,1044-PF-KH-FAIRHURST,Cambodia,Full,ElasticNet,3,1,0.98080974817276,1
1648,PH1477-C,1044-PF-KH-FAIRHURST,Cambodia,Full,ElasticNet,3,1,0.9887758493423462,1
1649,PH1482-C,1044-PF-KH-FAIRHURST,Cambodia,Full,ElasticNet,3,0,0.9847825169563293,1
1650,PH1484-C,1044-PF-KH-FAIRHURST,Cambodia,Full,ElasticNet,3,1,0.9905968904495239,1
1651,PH1486-C,1044-PF-KH-FAIRHURST,Cambodia,Full,ElasticNet,3,1,0.964148759841919,1
1652,PH1487-C,1044-PF-KH-FAIRHURST,Cambodia,Full,ElasticNet,3,1,0.9804695248603821,1
1653,PH1488-C,1044-PF-KH-FAIRHURST,Cambodia,Full,ElasticNet,3,1,0.9798138737678528,1
1654,PH1489-C,1044-PF-KH-FAIRHURST,Cambodia,Full,ElasticNet,3,1,0.875321090221405,1
1655,PH1490-C,1044-PF-KH-FAIRHURST,Cambodia,Full,ElasticNet,3,0,0.7276641726493835,1
1656,PH1491-C,1044-PF-KH-FAIRHURST,Cambodia,Full,ElasticNet,3,1,0.9895545244216919,1
1657,PH1492-C,1044-PF-KH-FAIRHURST,Cambodia,Full,ElasticNet,3,1,0.7965670228004456,1
1658,PH1493-C,1044-PF-KH-FAIRHURST,Cambodia,Full,ElasticNet,3,1,0.9677203893661499,1
1659,PH1494-C,1044-PF-KH-FAIRHURST,Cambodia,Full,ElasticNet,3,0,0.9846559762954712,1
1660,PH1495-C,1044-PF-KH-FAIRHURST,Cambodia,Full,ElasticNet,3,1,0.9186156392097473,1
1661,PH1497-C,1044-PF-KH-FAIRHURST,Cambodia,Full,ElasticNet,3,1,0.9927288889884949,1
1662,PH1498-C,1044-PF-KH-FAIRHURST,Cambodia,Full,ElasticNet,3,1,0.8757796287536621,1
1663,PH1499-C,1044-PF-KH-FAIRHURST,Cambodia,Full,ElasticNet,3,1,0.9865723848342896,1
1664,PH1500-C,1044-PF-KH-FAIRHURST,Cambodia,Full,ElasticNet,3,1,0.9839255809783936,1
1665,PH1501-C,1044-PF-KH-FAIRHURST,Cambodia,Full,ElasticNet,3,1,0.9847524762153625,1
1666,PH1502-C,1044-PF-KH-FAIRHURST,Cambodia,Full,ElasticNet,3,1,0.9682287573814392,1
1667,PH1504-C,1044-PF-KH-FAIRHURST,Cambodia,Full,ElasticNet,3,1,0.9894002079963684,1
1668,PH1506-C,1044-PF-KH-FAIRHURST,Cambodia,Full,ElasticNet,3,1,0.984557032585144,1
1669,PH1519-C,1044-PF-KH-FAIRHURST,Cambodia,Full,ElasticNet,3,1,0.9908081889152527,1
1670,PH1529-C,1044-PF-KH-FAIRHURST,Cambodia,Full,ElasticNet,3,1,0.989623486995697,1
1671,PH1562-C,1044-PF-KH-FAIRHURST,Cambodia,Full,ElasticNet,3,1,0.9781783223152161,1
1672,PH1564-C,1044-PF-KH-FAIRHURST,Cambodia,Full,ElasticNet,3,1,0.9741250872612,1
1673,PH1565-C,1044-PF-KH-FAIRHURST,Cambodia,Full,ElasticNet,3,1,0.9803228378295898,1
1674,PH1566-C,1044-PF-KH-FAIRHURST,Cambodia,Full,ElasticNet,3,0,0.003328281454741955,0
1675,PH1567-C,1044-PF-KH-FAIRHURST,Cambodia,Full,ElasticNet,3,1,0.9673693180084229,1
1676,PH1568-C,1044-PF-KH-FAIRHURST,Cambodia,Full,ElasticNet,3,1,0.9683490991592407,1
1677,PH1570-C,1044-PF-KH-FAIRHURST,Cambodia,Full,ElasticNet,3,0,0.5015283823013306,1
1678,PH1571-C,1044-PF-KH-FAIRHURST,Cambodia,Full,ElasticNet,3,1,0.990514874458313,1
1679,PH1575-C,1044-PF-KH-FAIRHURST,Cambodia,Full,ElasticNet,3,0,0.011297741904854774,0
1680,PH1577-C,1044-PF-KH-FAIRHURST,Cambodia,Full,ElasticNet,3,0,0.03206856548786163,0
1681,PH1578-C,1044-PF-KH-FAIRHURST,Cambodia,Full,ElasticNet,3,0,0.025537818670272827,0
1682,PH1580-C,1044-PF-KH-FAIRHURST,Cambodia,Full,ElasticNet,3,0,0.0027266028337180614,0
1683,PH1587-C,1044-PF-KH-FAIRHURST,Cambodia,Full,ElasticNet,3,0,0.013096959330141544,0
1684,PH1589-C,1044-PF-KH-FAIRHURST,Cambodia,Full,ElasticNet,3,0,0.00973996240645647,0
1685,PH1594-C,1044-PF-KH-FAIRHURST,Cambodia,Full,ElasticNet,3,0,0.0026211219374090433,0
1686,PH1596-C,1044-PF-KH-FAIRHURST,Cambodia,Full,ElasticNet,3,0,0.004890918731689453,0
1687,PH1597-C,1044-PF-KH-FAIRHURST,Cambodia,Full,ElasticNet,3,0,0.009765253402292728,0
1688,PH1602-C,1044-PF-KH-FAIRHURST,Cambodia,Full,ElasticNet,3,0,0.0011502233101055026,0
1689,PH1604-C,1044-PF-KH-FAIRHURST,Cambodia,Full,ElasticNet,3,1,0.9778504967689514,1
1690,PH1611-C,1044-PF-KH-FAIRHURST,Cambodia,Full,ElasticNet,3,0,0.0062004136852920055,0
1691,PH1614-C,1044-PF-KH-FAIRHURST,Cambodia,Full,ElasticNet,3,1,0.22316722571849823,0
1692,PH1615-C,1044-PF-KH-FAIRHURST,Cambodia,Full,ElasticNet,3,0,0.01659339666366577,0
1693,PH1616-C,1044-PF-KH-FAIRHURST,Cambodia,Full,ElasticNet,3,0,0.009518519975244999,0
1694,PH1623-C,1044-PF-KH-FAIRHURST,Cambodia,Full,ElasticNet,3,0,0.008820801042020321,0
1695,PH1624-C,1044-PF-KH-FAIRHURST,Cambodia,Full,ElasticNet,3,0,0.003267014632001519,0
1696,PH1626-C,1044-PF-KH-FAIRHURST,Cambodia,Full,ElasticNet,3,0,0.004968976601958275,0
1697,PH1628-C,1044-PF-KH-FAIRHURST,Cambodia,Full,ElasticNet,3,0,0.0017594794044271111,0
1698,PH1630-C,1044-PF-KH-FAIRHURST,Cambodia,Full,ElasticNet,3,0,0.007777285762131214,0
1699,PH1634-C,1044-PF-KH-FAIRHURST,Cambodia,Full,ElasticNet,3,0,0.012196499854326248,0
1700,PH1636-C,1044-PF-KH-FAIRHURST,Cambodia,Full,ElasticNet,3,0,0.016685664653778076,0
1701,PH1638-C,1044-PF-KH-FAIRHURST,Cambodia,Full,ElasticNet,3,0,0.013118165545165539,0
1702,PH1639-C,1044-PF-KH-FAIRHURST,Cambodia,Full,ElasticNet,3,0,0.003708334406837821,0
1703,PH1643-C,1044-PF-KH-FAIRHURST,Cambodia,Full,ElasticNet,3,0,0.013408300466835499,0
1704,PH1668-CW2,1044-PF-KH-FAIRHURST,Cambodia,Full,ElasticNet,3,0,0.9836881160736084,1
1705,PH1669-CW2,1044-PF-KH-FAIRHURST,Cambodia,Full,ElasticNet,3,1,0.8484073281288147,1
1706,PH1670-CW2,1044-PF-KH-FAIRHURST,Cambodia,Full,ElasticNet,3,1,0.5130356550216675,1
1707,PH1671-CW2,1044-PF-KH-FAIRHURST,Cambodia,Full,ElasticNet,3,1,0.9630599021911621,1
1708,PH1674-CW2,1044-PF-KH-FAIRHURST,Cambodia,Full,ElasticNet,3,1,0.9228788614273071,1
1709,PH1675-CW2,1044-PF-KH-FAIRHURST,Cambodia,Full,ElasticNet,3,1,0.9388325810432434,1
1710,PH1676-CW2,1044-PF-KH-FAIRHURST,Cambodia,Full,ElasticNet,3,1,0.9312250018119812,1
1711,PH1677-CW2,1044-PF-KH-FAIRHURST,Cambodia,Full,ElasticNet,3,1,0.9601214528083801,1
1712,PH1692-CW,1044-PF-KH-FAIRHURST,Cambodia,Full,ElasticNet,3,1,0.9811218976974487,1
1713,PH1708-C,1195-PF-TRAC2-DONDORP,Cambodia,Full,ElasticNet,3,1,0.966093122959137,1
1714,PH1709-C,1195-PF-TRAC2-DONDORP,Cambodia,Full,ElasticNet,3,1,0.841846764087677,1
1715,PH1710-C,1195-PF-TRAC2-DONDORP,Cambodia,Full,ElasticNet,3,1,0.9880455136299133,1
1716,PH1711-C,1195-PF-TRAC2-DONDORP,Cambodia,Full,ElasticNet,3,1,0.9631915092468262,1
1717,PH1712-C,1195-PF-TRAC2-DONDORP,Cambodia,Full,ElasticNet,3,1,0.6604860424995422,1
1718,PH1713-C,1195-PF-TRAC2-DONDORP,Cambodia,Full,ElasticNet,3,1,0.9049201607704163,1
1719,PH1715-C,1195-PF-TRAC2-DONDORP,Cambodia,Full,ElasticNet,3,1,0.8865015506744385,1
1720,PH1716-C,1195-PF-TRAC2-DONDORP,Cambodia,Full,ElasticNet,3,1,0.985654890537262,1
1721,PH1717-C,1195-PF-TRAC2-DONDORP,Cambodia,Full,ElasticNet,3,1,0.9639878869056702,1
1722,PH1718-C,1195-PF-TRAC2-DONDORP,Cambodia,Full,ElasticNet,3,1,0.9860120415687561,1
1723,PH1719-C,1195-PF-TRAC2-DONDORP,Cambodia,Full,ElasticNet,3,1,0.9819851517677307,1
1724,PH1720-C,1195-PF-TRAC2-DONDORP,Cambodia,Full,ElasticNet,3,1,0.9913312196731567,1
1725,PH1721-C,1195-PF-TRAC2-DONDORP,Cambodia,Full,ElasticNet,3,1,0.985981822013855,1
1726,PH1723-C,1195-PF-TRAC2-DONDORP,Cambodia,Full,ElasticNet,3,1,0.9879399538040161,1
1727,PH1729-C,1195-PF-TRAC2-DONDORP,Cambodia,Full,ElasticNet,3,1,0.9853177666664124,1
1728,PH1730-C,1195-PF-TRAC2-DONDORP,Cambodia,Full,ElasticNet,3,1,0.9931502938270569,1
1729,PH1731-C,1195-PF-TRAC2-DONDORP,Cambodia,Full,ElasticNet,3,1,0.9919581413269043,1
1730,PH1732-C,1195-PF-TRAC2-DONDORP,Cambodia,Full,ElasticNet,3,1,0.9935346841812134,1
1731,PH1733-C,1195-PF-TRAC2-DONDORP,Cambodia,Full,ElasticNet,3,1,0.9698565006256104,1
1732,PH1734-C,1195-PF-TRAC2-DONDORP,Cambodia,Full,ElasticNet,3,0,0.007502296939492226,0
1733,PH1735-C,1195-PF-TRAC2-DONDORP,Cambodia,Full,ElasticNet,3,1,0.3694472908973694,0
1734,PH1737-C,1195-PF-TRAC2-DONDORP,Cambodia,Full,ElasticNet,3,0,0.8551408648490906,1
1735,PH1738-C,1195-PF-TRAC2-DONDORP,Cambodia,Full,ElasticNet,3,1,0.7438389658927917,1
1736,PH1741-C,1195-PF-TRAC2-DONDORP,Cambodia,Full,ElasticNet,3,1,0.9879388809204102,1
1737,PH1742-C,1195-PF-TRAC2-DONDORP,Cambodia,Full,ElasticNet,3,1,0.9862743020057678,1
1738,PH1743-C,1195-PF-TRAC2-DONDORP,Cambodia,Full,ElasticNet,3,1,0.979951798915863,1
1739,PH1744-C,1195-PF-TRAC2-DONDORP,Cambodia,Full,ElasticNet,3,1,0.9233782291412354,1
1740,PH1745-C,1195-PF-TRAC2-DONDORP,Cambodia,Full,ElasticNet,3,0,0.9867644309997559,1
1741,PH1746-C,1195-PF-TRAC2-DONDORP,Cambodia,Full,ElasticNet,3,1,0.9166544079780579,1
1742,PH1747-C,1195-PF-TRAC2-DONDORP,Cambodia,Full,ElasticNet,3,1,0.9884387850761414,1
1743,PH1748-C,1195-PF-TRAC2-DONDORP,Cambodia,Full,ElasticNet,3,1,0.879732072353363,1
1744,PH1749-C,1195-PF-TRAC2-DONDORP,Cambodia,Full,ElasticNet,3,1,0.9875119924545288,1
1745,PH1750-C,1195-PF-TRAC2-DONDORP,Cambodia,Full,ElasticNet,3,1,0.9769300222396851,1
1746,PH1752-C,1195-PF-TRAC2-DONDORP,Cambodia,Full,ElasticNet,3,1,0.9852144122123718,1
1747,PH1754-C,1195-PF-TRAC2-DONDORP,Cambodia,Full,ElasticNet,3,0,0.3788820207118988,0
1748,PH1756-C,1195-PF-TRAC2-DONDORP,Cambodia,Full,ElasticNet,3,1,0.9810265302658081,1
1749,PH1759-C,1195-PF-TRAC2-DONDORP,Cambodia,Full,ElasticNet,3,1,0.9828091263771057,1
1750,PH1760-C,1195-PF-TRAC2-DONDORP,Cambodia,Full,ElasticNet,3,1,0.9300493597984314,1
1751,PH1764-C,1195-PF-TRAC2-DONDORP,Cambodia,Full,ElasticNet,3,1,0.9844890832901001,1
1752,PH1765-C,1195-PF-TRAC2-DONDORP,Cambodia,Full,ElasticNet,3,1,0.9849933385848999,1
1753,PH1766-C,1195-PF-TRAC2-DONDORP,Cambodia,Full,ElasticNet,3,1,0.967300534248352,1
1754,PH1767-C,1195-PF-TRAC2-DONDORP,Cambodia,Full,ElasticNet,3,1,0.9812257885932922,1
1755,PH1768-C,1195-PF-TRAC2-DONDORP,Cambodia,Full,ElasticNet,3,1,0.8623939156532288,1
1775,PV0080-C,1008-PF-SEA-RINGWALD,Vietnam,Full,ElasticNet,3,0,0.001320396549999714,0
1776,PV0081-C,1008-PF-SEA-RINGWALD,Vietnam,Full,ElasticNet,3,1,0.35258448123931885,0
1777,PV0082-C,1008-PF-SEA-RINGWALD,Vietnam,Full,ElasticNet,3,0,0.001321005984209478,0
1778,PV0083-C,1008-PF-SEA-RINGWALD,Vietnam,Full,ElasticNet,3,1,0.06288078427314758,0
1779,PV0084-C,1008-PF-SEA-RINGWALD,Vietnam,Full,ElasticNet,3,0,0.0047040884383022785,0
1780,PV0085-C,1008-PF-SEA-RINGWALD,Vietnam,Full,ElasticNet,3,1,0.08140881359577179,0
1781,PV0086-C,1008-PF-SEA-RINGWALD,Vietnam,Full,ElasticNet,3,0,0.0008558802655898035,0
1782,PV0087-C,1008-PF-SEA-RINGWALD,Vietnam,Full,ElasticNet,3,0,0.001740440959110856,0
1783,PV0088-C,1008-PF-SEA-RINGWALD,Vietnam,Full,ElasticNet,3,1,0.0021440715063363314,0
1784,PV0089-C,1008-PF-SEA-RINGWALD,Vietnam,Full,ElasticNet,3,0,0.005217536352574825,0
1785,PV0091-C,1008-PF-SEA-RINGWALD,Vietnam,Full,ElasticNet,3,1,0.488679975271225,0
1786,PV0092-C,1008-PF-SEA-RINGWALD,Vietnam,Full,ElasticNet,3,0,0.0006564047071151435,0
1787,PV0093-C,1008-PF-SEA-RINGWALD,Vietnam,Full,ElasticNet,3,1,0.4773430824279785,0
1788,PV0094-C,1008-PF-SEA-RINGWALD,Vietnam,Full,ElasticNet,3,0,0.0006562962080352008,0
1789,PV0097-C,1008-PF-SEA-RINGWALD,Vietnam,Full,ElasticNet,3,0,0.022542214021086693,0
1790,PV0098-C,1008-PF-SEA-RINGWALD,Vietnam,Full,ElasticNet,3,0,0.02233569137752056,0
1791,PV0099-C,1008-PF-SEA-RINGWALD,Vietnam,Full,ElasticNet,3,0,0.09470723569393158,0
1792,PV0100-C,1008-PF-SEA-RINGWALD,Vietnam,Full,ElasticNet,3,0,0.003783079329878092,0
1793,PV0101-C,1008-PF-SEA-RINGWALD,Vietnam,Full,ElasticNet,3,1,0.08141972124576569,0
1794,PV0102-C,1008-PF-SEA-RINGWALD,Vietnam,Full,ElasticNet,3,1,0.03916945308446884,0
1795,PV0109-C,1008-PF-SEA-RINGWALD,Vietnam,Full,ElasticNet,3,0,0.0003312754852231592,0
1796,PV0110-C,1008-PF-SEA-RINGWALD,Vietnam,Full,ElasticNet,3,0,0.0007416221196763217,0
1797,PV0112-C,1008-PF-SEA-RINGWALD,Vietnam,Full,ElasticNet,3,0,0.02254629135131836,0
1798,PV0113-C,1008-PF-SEA-RINGWALD,Vietnam,Full,ElasticNet,3,0,0.002848854288458824,0
1799,PV0115-C,1008-PF-SEA-RINGWALD,Vietnam,Full,ElasticNet,3,1,0.0005900045507587492,0
1800,PV0117-C,1008-PF-SEA-RINGWALD,Vietnam,Full,ElasticNet,3,0,0.012676253914833069,0
1801,PV0120-C,1008-PF-SEA-RINGWALD,Vietnam,Full,ElasticNet,3,0,0.012216121889650822,0
1802,PV0122-C,1008-PF-SEA-RINGWALD,Vietnam,Full,ElasticNet,3,1,0.47925612330436707,0
1803,PV0125-C,1008-PF-SEA-RINGWALD,Vietnam,Full,ElasticNet,3,1,0.4907342791557312,0
1804,PV0126-C,1008-PF-SEA-RINGWALD,Vietnam,Full,ElasticNet,3,0,0.062353093177080154,0
1805,PV0127-C,1008-PF-SEA-RINGWALD,Vietnam,Full,ElasticNet,3,0,0.009942753240466118,0
1806,PV0128-C,1008-PF-SEA-RINGWALD,Vietnam,Full,ElasticNet,3,1,0.06293205916881561,0
1807,PV0129-C,1008-PF-SEA-RINGWALD,Vietnam,Full,ElasticNet,3,0,0.0077670784667134285,0
1808,PV0130-C,1008-PF-SEA-RINGWALD,Vietnam,Full,ElasticNet,3,1,0.4905324876308441,0
1809,PV0132-C,1008-PF-SEA-RINGWALD,Vietnam,Full,ElasticNet,3,0,0.014100058004260063,0
1810,PV0133-C,1008-PF-SEA-RINGWALD,Vietnam,Full,ElasticNet,3,0,0.00104442925658077,0
1811,PV0134-C,1008-PF-SEA-RINGWALD,Vietnam,Full,ElasticNet,3,0,0.03391174599528313,0
1812,PV0135-C,1008-PF-SEA-RINGWALD,Vietnam,Full,ElasticNet,3,0,0.007869462482631207,0
1813,PV0137-C,1008-PF-SEA-RINGWALD,Vietnam,Full,ElasticNet,3,1,0.0818287804722786,0
1814,PV0138-C,1008-PF-SEA-RINGWALD,Vietnam,Full,ElasticNet,3,0,0.008915465325117111,0
1815,PV0139-C,1008-PF-SEA-RINGWALD,Vietnam,Full,ElasticNet,3,0,0.003955551888793707,0
1816,PV0140-C,1008-PF-SEA-RINGWALD,Vietnam,Full,ElasticNet,3,1,0.4909976124763489,0
1817,PV0141-C,1008-PF-SEA-RINGWALD,Vietnam,Full,ElasticNet,3,1,0.4565221965312958,0
1818,PV0142-C,1008-PF-SEA-RINGWALD,Vietnam,Full,ElasticNet,3,0,0.022294513881206512,0
1819,PV0144-C,1008-PF-SEA-RINGWALD,Vietnam,Full,ElasticNet,3,1,0.07354369759559631,0
1820,PV0147-C,1008-PF-SEA-RINGWALD,Vietnam,Full,ElasticNet,3,0,0.023393308743834496,0
1821,PV0148-C,1008-PF-SEA-RINGWALD,Vietnam,Full,ElasticNet,3,0,0.00185417290776968,0
1822,PV0149-C,1008-PF-SEA-RINGWALD,Vietnam,Full,ElasticNet,3,0,0.003626544727012515,0
1823,PV0151-C,1008-PF-SEA-RINGWALD,Vietnam,Full,ElasticNet,3,1,0.49047696590423584,0
1824,PV0152-C,1008-PF-SEA-RINGWALD,Vietnam,Full,ElasticNet,3,0,0.0042180088348686695,0
1825,PV0153-C,1008-PF-SEA-RINGWALD,Vietnam,Full,ElasticNet,3,0,0.012702078558504581,0
1826,PV0155-C,1008-PF-SEA-RINGWALD,Vietnam,Full,ElasticNet,3,0,0.0002860904496628791,0
1827,PV0156-C,1008-PF-SEA-RINGWALD,Vietnam,Full,ElasticNet,3,0,0.01833503134548664,0
1828,PV0158-C,1008-PF-SEA-RINGWALD,Vietnam,Full,ElasticNet,3,1,0.12560603022575378,0
1829,PV0160-C,1008-PF-SEA-RINGWALD,Vietnam,Full,ElasticNet,3,0,0.005782746244221926,0
1830,PV0161-C,1008-PF-SEA-RINGWALD,Vietnam,Full,ElasticNet,3,0,0.01067429780960083,0
1831,PV0167-C,1008-PF-SEA-RINGWALD,Vietnam,Full,ElasticNet,3,0,0.0005862279213033617,0
1832,PV0169-C,1008-PF-SEA-RINGWALD,Vietnam,Full,ElasticNet,3,0,0.005296722054481506,0
1833,PV0170-C,1008-PF-SEA-RINGWALD,Vietnam,Full,ElasticNet,3,0,0.0037508406676352024,0
1834,PV0174-C,1008-PF-SEA-RINGWALD,Vietnam,Full,ElasticNet,3,0,0.00042242227937094867,0
1835,PV0176-C,1008-PF-SEA-RINGWALD,Vietnam,Full,ElasticNet,3,0,0.19254791736602783,0
1836,PV0180-C,1008-PF-SEA-RINGWALD,Vietnam,Full,ElasticNet,3,1,0.5445723533630371,1
1837,PV0182-C,1008-PF-SEA-RINGWALD,Vietnam,Full,ElasticNet,3,0,0.010603579692542553,0
1838,PV0183-C,1008-PF-SEA-RINGWALD,Vietnam,Full,ElasticNet,3,0,0.0025517120957374573,0
1839,PV0185-C,1008-PF-SEA-RINGWALD,Vietnam,Full,ElasticNet,3,1,0.15269263088703156,0
1840,PV0186-C,1008-PF-SEA-RINGWALD,Vietnam,Full,ElasticNet,3,1,0.00944950059056282,0
1841,PV0187-C,1008-PF-SEA-RINGWALD,Vietnam,Full,ElasticNet,3,0,0.09321384876966476,0
1842,PV0188-C,1008-PF-SEA-RINGWALD,Vietnam,Full,ElasticNet,3,0,0.0034398147836327553,0
1843,PV0189-C,1008-PF-SEA-RINGWALD,Vietnam,Full,ElasticNet,3,0,0.08231106400489807,0
1844,PV0192-C,1008-PF-SEA-RINGWALD,Vietnam,Full,ElasticNet,3,0,0.002317138249054551,0
1845,PV0193-C,1008-PF-SEA-RINGWALD,Vietnam,Full,ElasticNet,3,1,0.15315468609333038,0
1846,PV0194-C,1008-PF-SEA-RINGWALD,Vietnam,Full,ElasticNet,3,1,0.7765087485313416,1
1847,PV0195-C,1008-PF-SEA-RINGWALD,Vietnam,Full,ElasticNet,3,1,0.8070998191833496,1
1848,PV0197-C,1008-PF-SEA-RINGWALD,Vietnam,Full,ElasticNet,3,0,0.0044602081179618835,0
1849,PV0202-C,1008-PF-SEA-RINGWALD,Vietnam,Full,ElasticNet,3,0,0.0016828343505039811,0
1850,PV0204-C,1008-PF-SEA-RINGWALD,Vietnam,Full,ElasticNet,3,0,0.03490021079778671,0
1851,PV0205-C,1008-PF-SEA-RINGWALD,Vietnam,Full,ElasticNet,3,0,0.03165997564792633,0
1852,PV0209-C,1008-PF-SEA-RINGWALD,Vietnam,Full,ElasticNet,3,1,0.05867582932114601,0
1853,PV0210-C,1008-PF-SEA-RINGWALD,Vietnam,Full,ElasticNet,3,0,0.016983788460493088,0
1854,PV0211-C,1008-PF-SEA-RINGWALD,Vietnam,Full,ElasticNet,3,0,0.006702332757413387,0
1855,PV0212-C,1008-PF-SEA-RINGWALD,Vietnam,Full,ElasticNet,3,0,0.003800825448706746,0
1856,PV0216-C,1008-PF-SEA-RINGWALD,Vietnam,Full,ElasticNet,3,0,0.029214831069111824,0
1857,PV0218-C,1008-PF-SEA-RINGWALD,Vietnam,Full,ElasticNet,3,1,0.5493215918540955,1
1858,PV0219-C,1008-PF-SEA-RINGWALD,Vietnam,Full,ElasticNet,3,0,0.0016714328667148948,0
1859,PV0220-C,1008-PF-SEA-RINGWALD,Vietnam,Full,ElasticNet,3,1,0.5482078790664673,1
1860,PV0221-C,1008-PF-SEA-RINGWALD,Vietnam,Full,ElasticNet,3,0,0.008364724926650524,0
1861,PV0223-C,1008-PF-SEA-RINGWALD,Vietnam,Full,ElasticNet,3,1,0.5482116937637329,1
1862,PV0224-C,1008-PF-SEA-RINGWALD,Vietnam,Full,ElasticNet,3,0,0.004500148352235556,0
1863,PV0226-C,1008-PF-SEA-RINGWALD,Vietnam,Full,ElasticNet,3,0,0.005426946096122265,0
1864,PV0227-C,1008-PF-SEA-RINGWALD,Vietnam,Full,ElasticNet,3,1,0.07788878679275513,0
1865,PV0230-C,1008-PF-SEA-RINGWALD,Vietnam,Full,ElasticNet,3,0,0.013579255901277065,0
1866,PV0233-C,1008-PF-SEA-RINGWALD,Vietnam,Full,ElasticNet,3,0,0.0007240601116791368,0
1867,PV0234-C,1008-PF-SEA-RINGWALD,Vietnam,Full,ElasticNet,3,0,0.01669526845216751,0
1868,PV0235-C,1008-PF-SEA-RINGWALD,Vietnam,Full,ElasticNet,3,0,0.004329316783696413,0
1869,PV0236-C,1008-PF-SEA-RINGWALD,Vietnam,Full,ElasticNet,3,0,0.01008124090731144,0
1870,PV0237-C,1008-PF-SEA-RINGWALD,Vietnam,Full,ElasticNet,3,1,0.20430342853069305,0
1871,PV0238-C,1008-PF-SEA-RINGWALD,Vietnam,Full,ElasticNet,3,0,0.000736089248675853,0
1872,PV0239-C,1008-PF-SEA-RINGWALD,Vietnam,Full,ElasticNet,3,0,0.001670368481427431,0
1873,PV0240-C,1008-PF-SEA-RINGWALD,Vietnam,Full,ElasticNet,3,0,0.004448151681572199,0
1874,PV0241-C,1008-PF-SEA-RINGWALD,Vietnam,Full,ElasticNet,3,0,0.016695016995072365,0
1966,PV0360-C,1195-PF-TRAC2-DONDORP,Vietnam,Full,ElasticNet,3,0,0.6773505210876465,1
1967,PV0361-C,1195-PF-TRAC2-DONDORP,Vietnam,Full,ElasticNet,3,1,0.9856401681900024,1
1968,PV0362-C,1195-PF-TRAC2-DONDORP,Vietnam,Full,ElasticNet,3,0,0.6440227031707764,1
1969,PV0363-C,1195-PF-TRAC2-DONDORP,Vietnam,Full,ElasticNet,3,1,0.9921145439147949,1
1970,PV0364-C,1195-PF-TRAC2-DONDORP,Vietnam,Full,ElasticNet,3,1,0.9935147762298584,1
1971,PV0365-C,1195-PF-TRAC2-DONDORP,Vietnam,Full,ElasticNet,3,1,0.9932042360305786,1
1972,PV0366-C,1195-PF-TRAC2-DONDORP,Vietnam,Full,ElasticNet,3,1,0.9935017228126526,1
1973,PV0368-C,1195-PF-TRAC2-DONDORP,Vietnam,Full,ElasticNet,3,1,0.991806149482727,1
1974,PV0369-C,1195-PF-TRAC2-DONDORP,Vietnam,Full,ElasticNet,3,0,0.6288896203041077,1
1975,PV0370-C,1195-PF-TRAC2-DONDORP,Vietnam,Full,ElasticNet,3,1,0.9920681715011597,1
1976,PV0371-C,1195-PF-TRAC2-DONDORP,Vietnam,Full,ElasticNet,3,1,0.9851758480072021,1
1977,PV0372-C,1195-PF-TRAC2-DONDORP,Vietnam,Full,ElasticNet,3,1,0.9920725226402283,1
1978,PV0373-C,1195-PF-TRAC2-DONDORP,Vietnam,Full,ElasticNet,3,1,0.9851260185241699,1
1979,PV0375-C,1195-PF-TRAC2-DONDORP,Vietnam,Full,ElasticNet,3,1,0.987751841545105,1
1980,PV0376-C,1195-PF-TRAC2-DONDORP,Vietnam,Full,ElasticNet,3,1,0.987845242023468,1
1981,PV0377-C,1195-PF-TRAC2-DONDORP,Vietnam,Full,ElasticNet,3,1,0.9875882267951965,1
1982,PV0378-C,1195-PF-TRAC2-DONDORP,Vietnam,Full,ElasticNet,3,1,0.9877995252609253,1
1983,PV0379-C,1195-PF-TRAC2-DONDORP,Vietnam,Full,ElasticNet,3,1,0.9851522445678711,1
1984,PV0381-C,1195-PF-TRAC2-DONDORP,Vietnam,Full,ElasticNet,3,1,0.9920781254768372,1
1985,PV0382-C,1195-PF-TRAC2-DONDORP,Vietnam,Full,ElasticNet,3,1,0.9881101846694946,1
1986,PV0383-C,1195-PF-TRAC2-DONDORP,Vietnam,Full,ElasticNet,3,1,0.9880620241165161,1
1987,PV0384-C,1195-PF-TRAC2-DONDORP,Vietnam,Full,ElasticNet,3,1,0.9934893846511841,1
1988,PV0385-C,1195-PF-TRAC2-DONDORP,Vietnam,Full,ElasticNet,3,1,0.987527072429657,1
1989,PV0386-C,1195-PF-TRAC2-DONDORP,Vietnam,Full,ElasticNet,3,1,0.9920605421066284,1
1990,PV0387-C,1195-PF-TRAC2-DONDORP,Vietnam,Full,ElasticNet,3,0,0.6756663918495178,1
1991,PV0388-C,1195-PF-TRAC2-DONDORP,Vietnam,Full,ElasticNet,3,1,0.9851647615432739,1
1992,PV0389-C,1195-PF-TRAC2-DONDORP,Vietnam,Full,ElasticNet,3,1,0.9896057844161987,1
1993,PV0393-C,1195-PF-TRAC2-DONDORP,Vietnam,Full,ElasticNet,3,1,0.9850618243217468,1
1994,PV0395-C,1195-PF-TRAC2-DONDORP,Vietnam,Full,ElasticNet,3,1,0.9853799939155579,1
1995,PV0396-C,1195-PF-TRAC2-DONDORP,Vietnam,Full,ElasticNet,3,1,0.9919680953025818,1
1996,PV0397-C,1195-PF-TRAC2-DONDORP,Vietnam,Full,ElasticNet,3,1,0.17673851549625397,0
1997,PV0398-C,1195-PF-TRAC2-DONDORP,Vietnam,Full,ElasticNet,3,1,0.9879361987113953,1
1998,PV0399-C,1195-PF-TRAC2-DONDORP,Vietnam,Full,ElasticNet,3,1,0.9685078859329224,1
1999,PV0400-C,1195-PF-TRAC2-DONDORP,Vietnam,Full,ElasticNet,3,1,0.8405407071113586,1
2000,PV0401-C,1195-PF-TRAC2-DONDORP,Vietnam,Full,ElasticNet,3,1,0.8962941765785217,1
2001,PV0402-C,1195-PF-TRAC2-DONDORP,Vietnam,Full,ElasticNet,3,1,0.9932004809379578,1
2002,PV0403-C,1195-PF-TRAC2-DONDORP,Vietnam,Full,ElasticNet,3,1,0.9363242983818054,1
2003,QC0111-C,1008-PF-SEA-RINGWALD,Myanmar,Full,ElasticNet,3,1,0.38013365864753723,0
2004,QC0112-C,1008-PF-SEA-RINGWALD,Myanmar,Full,ElasticNet,3,1,0.5676212310791016,1
2005,QC0113-C,1008-PF-SEA-RINGWALD,Myanmar,Full,ElasticNet,3,1,0.7354697585105896,1
2006,QC0114-C,1008-PF-SEA-RINGWALD,Myanmar,Full,ElasticNet,3,0,0.4212471544742584,0
2007,QC0115-C,1008-PF-SEA-RINGWALD,Myanmar,Full,ElasticNet,3,0,0.6927468776702881,1
2008,QC0116-C,1008-PF-SEA-RINGWALD,Myanmar,Full,ElasticNet,3,0,0.2553745210170746,0
2009,QC0118-C,1008-PF-SEA-RINGWALD,Myanmar,Full,ElasticNet,3,0,0.6107003688812256,1
2010,QC0119-C,1008-PF-SEA-RINGWALD,Myanmar,Full,ElasticNet,3,0,0.6963369250297546,1
2011,QC0120-C,1008-PF-SEA-RINGWALD,Myanmar,Full,ElasticNet,3,1,0.4382057785987854,0
2012,QC0121-C,1008-PF-SEA-RINGWALD,Myanmar,Full,ElasticNet,3,0,0.42411404848098755,0
2013,QC0122-C,1008-PF-SEA-RINGWALD,Myanmar,Full,ElasticNet,3,1,0.2152850180864334,0
2014,QC0123-C,1008-PF-SEA-RINGWALD,Myanmar,Full,ElasticNet,3,0,0.5011492967605591,1
2015,QC0125-C,1008-PF-SEA-RINGWALD,Myanmar,Full,ElasticNet,3,1,0.3314302861690521,0
2016,QC0126-C,1008-PF-SEA-RINGWALD,Myanmar,Full,ElasticNet,3,0,0.37537315487861633,0
2017,QC0127-C,1008-PF-SEA-RINGWALD,Myanmar,Full,ElasticNet,3,1,0.7046718597412109,1
2018,QC0128-C,1008-PF-SEA-RINGWALD,Myanmar,Full,ElasticNet,3,0,0.6967820525169373,1
2019,QC0129-C,1008-PF-SEA-RINGWALD,Myanmar,Full,ElasticNet,3,1,0.6389608979225159,1
2020,QC0130-C,1008-PF-SEA-RINGWALD,Myanmar,Full,ElasticNet,3,0,0.5208835601806641,1
2021,QC0131-C,1008-PF-SEA-RINGWALD,Myanmar,Full,ElasticNet,3,0,0.44494256377220154,0
2022,QC0132-C,1008-PF-SEA-RINGWALD,Myanmar,Full,ElasticNet,3,0,0.30109402537345886,0
2023,QC0133-C,1008-PF-SEA-RINGWALD,Myanmar,Full,ElasticNet,3,1,0.6981940865516663,1
2024,QC0134-C,1008-PF-SEA-RINGWALD,Myanmar,Full,ElasticNet,3,1,0.3225139081478119,0
2025,QC0135-C,1008-PF-SEA-RINGWALD,Myanmar,Full,ElasticNet,3,0,0.3009704351425171,0
2026,QC0136-C,1008-PF-SEA-RINGWALD,Myanmar,Full,ElasticNet,3,1,0.7351581454277039,1
2027,QC0137-C,1008-PF-SEA-RINGWALD,Myanmar,Full,ElasticNet,3,1,0.38013237714767456,0
2028,QC0138-C,1008-PF-SEA-RINGWALD,Myanmar,Full,ElasticNet,3,1,0.38056573271751404,0
2029,QC0139-C,1008-PF-SEA-RINGWALD,Myanmar,Full,ElasticNet,3,1,0.3801313638687134,0
2030,QC0140-C,1008-PF-SEA-RINGWALD,Myanmar,Full,ElasticNet,3,1,0.38836362957954407,0
2031,QC0142-C,1008-PF-SEA-RINGWALD,Myanmar,Full,ElasticNet,3,0,0.45124050974845886,0
2032,QC0143-C,1008-PF-SEA-RINGWALD,Myanmar,Full,ElasticNet,3,0,0.6966254711151123,1
2033,QC0144-C,1008-PF-SEA-RINGWALD,Myanmar,Full,ElasticNet,3,1,0.8020848631858826,1
2034,QC0145-C,1008-PF-SEA-RINGWALD,Myanmar,Full,ElasticNet,3,0,0.5004953742027283,1
2035,QC0146-C,1008-PF-SEA-RINGWALD,Myanmar,Full,ElasticNet,3,0,0.5425534248352051,1
2036,QC0147-C,1008-PF-SEA-RINGWALD,Myanmar,Full,ElasticNet,3,1,0.7999511957168579,1
2037,QC0148-C,1008-PF-SEA-RINGWALD,Myanmar,Full,ElasticNet,3,1,0.8033209443092346,1
2038,QC0149-C,1008-PF-SEA-RINGWALD,Myanmar,Full,ElasticNet,3,0,0.4814107418060303,0
2039,QC0150-C,1008-PF-SEA-RINGWALD,Myanmar,Full,ElasticNet,3,0,0.5448862314224243,1
2040,QC0151-C,1008-PF-SEA-RINGWALD,Myanmar,Full,ElasticNet,3,0,0.30345696210861206,0
2041,QC0152-C,1008-PF-SEA-RINGWALD,Myanmar,Full,ElasticNet,3,1,0.30649176239967346,0
2042,QC0153-C,1008-PF-SEA-RINGWALD,Myanmar,Full,ElasticNet,3,1,0.8013672232627869,1
2043,QC0154-C,1008-PF-SEA-RINGWALD,Myanmar,Full,ElasticNet,3,1,0.32214978337287903,0
2044,QC0155-C,1008-PF-SEA-RINGWALD,Myanmar,Full,ElasticNet,3,1,0.5400447249412537,1
2045,QC0156-C,1008-PF-SEA-RINGWALD,Myanmar,Full,ElasticNet,3,0,0.6355935335159302,1
2046,QC0157-C,1008-PF-SEA-RINGWALD,Myanmar,Full,ElasticNet,3,0,0.19080208241939545,0
2047,QC0159-C,1008-PF-SEA-RINGWALD,Myanmar,Full,ElasticNet,3,0,0.18695808947086334,0
2048,QC0160-C,1008-PF-SEA-RINGWALD,Myanmar,Full,ElasticNet,3,1,0.30981677770614624,0
2049,QC0161-C,1008-PF-SEA-RINGWALD,Myanmar,Full,ElasticNet,3,1,0.11315089464187622,0
2050,QC0162-C,1008-PF-SEA-RINGWALD,Myanmar,Full,ElasticNet,3,1,0.680482029914856,1
2051,QC0163-C,1008-PF-SEA-RINGWALD,Myanmar,Full,ElasticNet,3,0,0.5708330273628235,1
2265,QC0619-C,1195-PF-TRAC2-DONDORP,Myanmar,Full,ElasticNet,3,1,0.17549671232700348,0
2266,QC0620-C,1195-PF-TRAC2-DONDORP,Myanmar,Full,ElasticNet,3,1,0.15736640989780426,0
2267,QC0621-C,1195-PF-TRAC2-DONDORP,Myanmar,Full,ElasticNet,3,0,0.2724434435367584,0
2268,QC0622-C,1195-PF-TRAC2-DONDORP,Myanmar,Full,ElasticNet,3,0,0.021207747980952263,0
2269,QC0623-C,1195-PF-TRAC2-DONDORP,Myanmar,Full,ElasticNet,3,0,0.46394097805023193,0
2270,QC0624-C,1195-PF-TRAC2-DONDORP,Myanmar,Full,ElasticNet,3,0,0.548801064491272,1
2271,QC0625-C,1195-PF-TRAC2-DONDORP,Myanmar,Full,ElasticNet,3,0,0.021506385877728462,0
2272,QC0626-C,1195-PF-TRAC2-DONDORP,Myanmar,Full,ElasticNet,3,0,0.47527480125427246,0
2273,QC0627-C,1195-PF-TRAC2-DONDORP,Myanmar,Full,ElasticNet,3,0,0.29556789994239807,0
2274,QC0628-C,1195-PF-TRAC2-DONDORP,Myanmar,Full,ElasticNet,3,0,0.07813438773155212,0
2275,QC0629-C,1195-PF-TRAC2-DONDORP,Myanmar,Full,ElasticNet,3,0,0.09978209435939789,0
2276,QC0630-C,1195-PF-TRAC2-DONDORP,Myanmar,Full,ElasticNet,3,0,0.415880024433136,0
2277,QC0633-C,1195-PF-TRAC2-DONDORP,Myanmar,Full,ElasticNet,3,0,0.5039721727371216,1
2278,QC0634-C,1195-PF-TRAC2-DONDORP,Myanmar,Full,ElasticNet,3,0,0.4180195927619934,0
2279,QC0636-C,1195-PF-TRAC2-DONDORP,Myanmar,Full,ElasticNet,3,0,0.10542874783277512,0
2280,QC0637-C,1195-PF-TRAC2-DONDORP,Myanmar,Full,ElasticNet,3,0,0.20131036639213562,0
2281,QC0638-C,1195-PF-TRAC2-DONDORP,Myanmar,Full,ElasticNet,3,0,0.2790893316268921,0
2282,QC0639-C,1195-PF-TRAC2-DONDORP,Myanmar,Full,ElasticNet,3,0,0.20000417530536652,0
2283,QC0640-C,1195-PF-TRAC2-DONDORP,Myanmar,Full,ElasticNet,3,0,0.03662858158349991,0
2284,QC0642-C,1195-PF-TRAC2-DONDORP,Myanmar,Full,ElasticNet,3,0,0.1415919065475464,0
2285,QC0643-C,1195-PF-TRAC2-DONDORP,Myanmar,Full,ElasticNet,3,0,0.10410024970769882,0
2286,QC0644-C,1195-PF-TRAC2-DONDORP,Myanmar,Full,ElasticNet,3,0,0.20022860169410706,0
2287,QC0645-C,1195-PF-TRAC2-DONDORP,Myanmar,Full,ElasticNet,3,0,0.23351895809173584,0
2288,QC0646-C,1195-PF-TRAC2-DONDORP,Myanmar,Full,ElasticNet,3,0,0.2367153763771057,0
2289,QC0647-C,1195-PF-TRAC2-DONDORP,Myanmar,Full,ElasticNet,3,0,0.37082794308662415,0
2290,QC0648-C,1195-PF-TRAC2-DONDORP,Myanmar,Full,ElasticNet,3,0,0.3279513418674469,0
2291,QC0649-C,1195-PF-TRAC2-DONDORP,Myanmar,Full,ElasticNet,3,0,0.46368879079818726,0
2292,QE0347-C,1008-PF-SEA-RINGWALD,Laos,Full,ElasticNet,3,0,0.0012454879470169544,0
2293,QE0348-C,1008-PF-SEA-RINGWALD,Laos,Full,ElasticNet,3,0,0.0014694568235427141,0
2294,QE0350-C,1008-PF-SEA-RINGWALD,Laos,Full,ElasticNet,3,0,0.001836369396187365,0
2295,QE0352-C,1008-PF-SEA-RINGWALD,Laos,Full,ElasticNet,3,0,0.0014420836232602596,0
2296,QE0356-C,1008-PF-SEA-RINGWALD,Laos,Full,ElasticNet,3,0,0.0014279282186180353,0
2297,QE0360-C,1008-PF-SEA-RINGWALD,Laos,Full,ElasticNet,3,0,0.0008679528255015612,0
2298,QE0361-C,1008-PF-SEA-RINGWALD,Laos,Full,ElasticNet,3,0,0.0037368452176451683,0
2299,QE0362-C,1008-PF-SEA-RINGWALD,Laos,Full,ElasticNet,3,0,0.000403927406296134,0
2300,QE0363-C,1008-PF-SEA-RINGWALD,Laos,Full,ElasticNet,3,0,0.0004951048758812249,0
2301,QE0364-C,1008-PF-SEA-RINGWALD,Laos,Full,ElasticNet,3,0,0.0008785825921222568,0
2302,QE0365-C,1008-PF-SEA-RINGWALD,Laos,Full,ElasticNet,3,0,0.0008627705392427742,0
2303,QE0366-C,1008-PF-SEA-RINGWALD,Laos,Full,ElasticNet,3,0,0.0009062643512152135,0
2304,QE0367-C,1008-PF-SEA-RINGWALD,Laos,Full,ElasticNet,3,0,0.0048609888181090355,0
2305,QE0368-C,1008-PF-SEA-RINGWALD,Laos,Full,ElasticNet,3,0,0.00083222019020468,0
2306,QE0369-C,1008-PF-SEA-RINGWALD,Laos,Full,ElasticNet,3,0,0.0023626945912837982,0
2307,QE0370-C,1008-PF-SEA-RINGWALD,Laos,Full,ElasticNet,3,0,0.0019823857583105564,0
2308,QE0371-C,1008-PF-SEA-RINGWALD,Laos,Full,ElasticNet,3,0,0.003809932619333267,0
2309,QE0372-C,1008-PF-SEA-RINGWALD,Laos,Full,ElasticNet,3,0,0.0014667147770524025,0
2310,QE0373-C,1008-PF-SEA-RINGWALD,Laos,Full,ElasticNet,3,0,0.0004855426086578518,0
2311,QE0374-C,1008-PF-SEA-RINGWALD,Laos,Full,ElasticNet,3,0,0.01836191490292549,0
2312,QE0375-C,1008-PF-SEA-RINGWALD,Laos,Full,ElasticNet,3,0,0.0038395426236093044,0
2313,QE0376-C,1008-PF-SEA-RINGWALD,Laos,Full,ElasticNet,3,0,0.0014622332528233528,0
2314,QE0378-C,1008-PF-SEA-RINGWALD,Laos,Full,ElasticNet,3,0,0.0014729017857462168,0
2315,QE0379-C,1008-PF-SEA-RINGWALD,Laos,Full,ElasticNet,3,0,0.003928010351955891,0
2316,QE0380-C,1008-PF-SEA-RINGWALD,Laos,Full,ElasticNet,3,0,0.0006185129750519991,0
2317,QE0381-C,1008-PF-SEA-RINGWALD,Laos,Full,ElasticNet,3,0,0.000487976212752983,0
2318,QE0382-C,1008-PF-SEA-RINGWALD,Laos,Full,ElasticNet,3,0,0.001439476734958589,0
2319,QE0383-C,1008-PF-SEA-RINGWALD,Laos,Full,ElasticNet,3,0,0.0008713469724170864,0
2320,QE0384-C,1008-PF-SEA-RINGWALD,Laos,Full,ElasticNet,3,0,0.0004891795688308775,0
2321,QE0385-C,1008-PF-SEA-RINGWALD,Laos,Full,ElasticNet,3,0,0.0014752327697351575,0
2322,QE0386-C,1008-PF-SEA-RINGWALD,Laos,Full,ElasticNet,3,0,0.00047786228242330253,0
2323,QE0387-C,1008-PF-SEA-RINGWALD,Laos,Full,ElasticNet,3,0,0.0038869441486895084,0
2324,QE0388-C,1008-PF-SEA-RINGWALD,Laos,Full,ElasticNet,3,0,0.0023783419746905565,0
2325,QE0389-C,1008-PF-SEA-RINGWALD,Laos,Full,ElasticNet,3,0,0.010195937938988209,0
2326,QE0390-C,1008-PF-SEA-RINGWALD,Laos,Full,ElasticNet,3,0,0.0027933670207858086,0
2327,QE0391-C,1008-PF-SEA-RINGWALD,Laos,Full,ElasticNet,3,0,0.003954099956899881,0
2412,QE0484-C,1195-PF-TRAC2-DONDORP,Laos,Full,ElasticNet,3,1,0.8958999514579773,1
2413,QE0485-C,1195-PF-TRAC2-DONDORP,Laos,Full,ElasticNet,3,0,0.024457599967718124,0
2414,QE0486-C,1195-PF-TRAC2-DONDORP,Laos,Full,ElasticNet,3,1,0.7284966111183167,1
2415,QE0487-C,1195-PF-TRAC2-DONDORP,Laos,Full,ElasticNet,3,1,0.8394348621368408,1
2416,QE0488-C,1195-PF-TRAC2-DONDORP,Laos,Full,ElasticNet,3,1,0.7198189496994019,1
2417,QE0489-C,1195-PF-TRAC2-DONDORP,Laos,Full,ElasticNet,3,0,0.009344649501144886,0
2418,QE0490-C,1195-PF-TRAC2-DONDORP,Laos,Full,ElasticNet,3,1,0.7858611941337585,1
2419,RCN01775,1181-PF-VN-THUYNHIEN,Vietnam,Full,ElasticNet,3,1,0.9868254065513611,1
2420,RCN01776,1181-PF-VN-THUYNHIEN,Vietnam,Full,ElasticNet,3,1,0.986793577671051,1
2421,RCN01777,1181-PF-VN-THUYNHIEN,Vietnam,Full,ElasticNet,3,1,0.9868214726448059,1
2422,RCN01778,1181-PF-VN-THUYNHIEN,Vietnam,Full,ElasticNet,3,1,0.7521458864212036,1
2423,RCN01779,1181-PF-VN-THUYNHIEN,Vietnam,Full,ElasticNet,3,1,0.988959550857544,1
2424,RCN01780,1181-PF-VN-THUYNHIEN,Vietnam,Full,ElasticNet,3,1,0.9714398980140686,1
2425,RCN01781,1181-PF-VN-THUYNHIEN,Vietnam,Full,ElasticNet,3,1,0.9866421222686768,1
2426,RCN01782,1181-PF-VN-THUYNHIEN,Vietnam,Full,ElasticNet,3,1,0.9908547401428223,1
2427,RCN01783,1181-PF-VN-THUYNHIEN,Vietnam,Full,ElasticNet,3,1,0.9909846782684326,1
2428,RCN01784,1181-PF-VN-THUYNHIEN,Vietnam,Full,ElasticNet,3,1,0.9895206689834595,1
2429,RCN01785,1181-PF-VN-THUYNHIEN,Vietnam,Full,ElasticNet,3,1,0.9908074736595154,1
2430,RCN01786,1181-PF-VN-THUYNHIEN,Vietnam,Full,ElasticNet,3,1,0.9927489161491394,1
2431,RCN01787,1181-PF-VN-THUYNHIEN,Vietnam,Full,ElasticNet,3,1,0.986591100692749,1
2432,RCN01788,1181-PF-VN-THUYNHIEN,Vietnam,Full,ElasticNet,3,1,0.9927595853805542,1
2433,RCN01789,1181-PF-VN-THUYNHIEN,Vietnam,Full,ElasticNet,3,1,0.9872079491615295,1
2434,RCN01859,1181-PF-VN-THUYNHIEN,Vietnam,Full,ElasticNet,3,1,0.7524611353874207,1
2435,RCN01860,1181-PF-VN-THUYNHIEN,Vietnam,Full,ElasticNet,3,0,0.5081275701522827,1
2436,RCN01861,1181-PF-VN-THUYNHIEN,Vietnam,Full,ElasticNet,3,1,0.7511827945709229,1
2437,RCN01862,1181-PF-VN-THUYNHIEN,Vietnam,Full,ElasticNet,3,1,0.7525159120559692,1
2438,RCN01863,1181-PF-VN-THUYNHIEN,Vietnam,Full,ElasticNet,3,1,0.9922010898590088,1
2439,RCN01864,1181-PF-VN-THUYNHIEN,Vietnam,Full,ElasticNet,3,1,0.992732584476471,1
2440,RCN01865,1181-PF-VN-THUYNHIEN,Vietnam,Full,ElasticNet,3,0,0.018462853506207466,0
2441,RCN01867,1181-PF-VN-THUYNHIEN,Vietnam,Full,ElasticNet,3,0,0.813540518283844,1
2442,RCN01869,1181-PF-VN-THUYNHIEN,Vietnam,Full,ElasticNet,3,0,0.7616698145866394,1
2443,RCN01871,1181-PF-VN-THUYNHIEN,Vietnam,Full,ElasticNet,3,1,0.5252609252929688,1
2444,RCN01872,1181-PF-VN-THUYNHIEN,Vietnam,Full,ElasticNet,3,0,0.6829491257667542,1
2445,RCN01874,1181-PF-VN-THUYNHIEN,Vietnam,Full,ElasticNet,3,1,0.9889261722564697,1
2446,RCN01875,1181-PF-VN-THUYNHIEN,Vietnam,Full,ElasticNet,3,1,0.9887146353721619,1
2447,RCN01876,1181-PF-VN-THUYNHIEN,Vietnam,Full,ElasticNet,3,1,0.983734130859375,1
2448,RCN01877,1181-PF-VN-THUYNHIEN,Vietnam,Full,ElasticNet,3,1,0.9909438490867615,1
2449,RCN01878,1181-PF-VN-THUYNHIEN,Vietnam,Full,ElasticNet,3,1,0.6937581300735474,1
2450,RCN01879,1181-PF-VN-THUYNHIEN,Vietnam,Full,ElasticNet,3,1,0.9909409880638123,1
2624,RCN07825,1195-PF-TRAC2-DONDORP,Cambodia,Full,ElasticNet,3,0,0.9861536026000977,1
2625,RCN07826,1195-PF-TRAC2-DONDORP,Cambodia,Full,ElasticNet,3,1,0.9871259331703186,1
2626,RCN07827,1195-PF-TRAC2-DONDORP,Cambodia,Full,ElasticNet,3,1,0.9804334044456482,1
2627,RCN07828,1195-PF-TRAC2-DONDORP,Cambodia,Full,ElasticNet,3,1,0.9804999828338623,1
2628,RCN07829,1195-PF-TRAC2-DONDORP,Cambodia,Full,ElasticNet,3,1,0.9954804182052612,1
2629,RCN07830,1195-PF-TRAC2-DONDORP,Cambodia,Full,ElasticNet,3,1,0.9935939908027649,1
2630,RCN07836,1195-PF-TRAC2-DONDORP,Cambodia,Full,ElasticNet,3,1,0.9811373949050903,1
2631,RCN07837,1195-PF-TRAC2-DONDORP,Cambodia,Full,ElasticNet,3,1,0.9859732389450073,1
2632,RCN07838,1195-PF-TRAC2-DONDORP,Cambodia,Full,ElasticNet,3,1,0.9771216511726379,1
2633,RCN07839,1195-PF-TRAC2-DONDORP,Cambodia,Full,ElasticNet,3,1,0.9811193943023682,1
2634,RCN07842,1195-PF-TRAC2-DONDORP,Cambodia,Full,ElasticNet,3,1,0.9765141606330872,1
2635,RCN07843,1195-PF-TRAC2-DONDORP,Cambodia,Full,ElasticNet,3,1,0.9662553668022156,1
2636,RCN07845,1195-PF-TRAC2-DONDORP,Cambodia,Full,ElasticNet,3,1,0.9763957262039185,1
2637,RCN07848,1195-PF-TRAC2-DONDORP,Cambodia,Full,ElasticNet,3,1,0.9714563488960266,1
2638,RCN07849,1195-PF-TRAC2-DONDORP,Cambodia,Full,ElasticNet,3,1,0.972405731678009,1
2639,RCN07851,1195-PF-TRAC2-DONDORP,Cambodia,Full,ElasticNet,3,0,0.004463491030037403,0
2640,RCN07852,1195-PF-TRAC2-DONDORP,Cambodia,Full,ElasticNet,3,1,0.9714203476905823,1
2641,RCN07853,1195-PF-TRAC2-DONDORP,Cambodia,Full,ElasticNet,3,1,0.9763452410697937,1
2642,RCN07854,1195-PF-TRAC2-DONDORP,Cambodia,Full,ElasticNet,3,1,0.9766229391098022,1
2643,RCN07856,1195-PF-TRAC2-DONDORP,Cambodia,Full,ElasticNet,3,1,0.9855554103851318,1
2644,RCN07858,1195-PF-TRAC2-DONDORP,Cambodia,Full,ElasticNet,3,1,0.9788236618041992,1
2645,RCN07859,1195-PF-TRAC2-DONDORP,Cambodia,Full,ElasticNet,3,1,0.9775573015213013,1
2646,RCN07860,1195-PF-TRAC2-DONDORP,Cambodia,Full,ElasticNet,3,1,0.962039053440094,1
2647,RCN07864,1195-PF-TRAC2-DONDORP,Cambodia,Full,ElasticNet,3,1,0.7663398385047913,1
2648,RCN07865,1195-PF-TRAC2-DONDORP,Cambodia,Full,ElasticNet,3,1,0.7582745552062988,1
2649,RCN07951,1195-PF-TRAC2-DONDORP,Cambodia,Full,ElasticNet,3,1,0.9487870931625366,1
2650,RCN07954,1195-PF-TRAC2-DONDORP,Cambodia,Full,ElasticNet,3,1,0.8256186842918396,1
2651,RCN07994,1195-PF-TRAC2-DONDORP,Cambodia,Full,ElasticNet,3,1,0.98792564868927,1
2652,RCN08001,1195-PF-TRAC2-DONDORP,Cambodia,Full,ElasticNet,3,1,0.9894473552703857,1
2653,RCN08009,1195-PF-TRAC2-DONDORP,Cambodia,Full,ElasticNet,3,1,0.9923324584960938,1
2654,RCN08011,1195-PF-TRAC2-DONDORP,Cambodia,Full,ElasticNet,3,1,0.994201123714447,1
2655,RCN08013,1195-PF-TRAC2-DONDORP,Cambodia,Full,ElasticNet,3,1,0.9439157843589783,1
2656,RCN08015,1195-PF-TRAC2-DONDORP,Cambodia,Full,ElasticNet,3,1,0.9790931940078735,1
2657,RCN08017,1195-PF-TRAC2-DONDORP,Cambodia,Full,ElasticNet,3,1,0.9893683791160583,1
2658,RCN08019,1195-PF-TRAC2-DONDORP,Cambodia,Full,ElasticNet,3,1,0.9893733859062195,1
2659,RCN08021,1195-PF-TRAC2-DONDORP,Cambodia,Full,ElasticNet,3,1,0.9893327951431274,1
2660,RCN08023,1195-PF-TRAC2-DONDORP,Cambodia,Full,ElasticNet,3,1,0.9915509223937988,1
2661,RCN08026,1195-PF-TRAC2-DONDORP,Cambodia,Full,ElasticNet,3,1,0.9897616505622864,1
2662,RCN08027,1195-PF-TRAC2-DONDORP,Cambodia,Full,ElasticNet,3,1,0.9874086380004883,1
2663,RCN08029,1195-PF-TRAC2-DONDORP,Cambodia,Full,ElasticNet,3,1,0.950290858745575,1
2664,RCN08031,1195-PF-TRAC2-DONDORP,Cambodia,Full,ElasticNet,3,1,0.9509938359260559,1
2665,RCN08033,1195-PF-TRAC2-DONDORP,Cambodia,Full,ElasticNet,3,1,0.989316463470459,1
2666,RCN08035,1195-PF-TRAC2-DONDORP,Cambodia,Full,ElasticNet,3,1,0.9893612265586853,1
2667,RCN08037,1195-PF-TRAC2-DONDORP,Cambodia,Full,ElasticNet,3,1,0.9893549680709839,1
2668,RCN08039,1195-PF-TRAC2-DONDORP,Cambodia,Full,ElasticNet,3,1,0.9893324375152588,1
2669,RCN08042,1195-PF-TRAC2-DONDORP,Cambodia,Full,ElasticNet,3,1,0.9870677590370178,1
2670,RCN08044,1195-PF-TRAC2-DONDORP,Cambodia,Full,ElasticNet,3,1,0.9893879890441895,1
2671,RCN08045,1195-PF-TRAC2-DONDORP,Cambodia,Full,ElasticNet,3,1,0.9916486740112305,1
2672,RCN08047,1195-PF-TRAC2-DONDORP,Cambodia,Full,ElasticNet,3,1,0.9893869161605835,1
2673,RCN08050,1195-PF-TRAC2-DONDORP,Cambodia,Full,ElasticNet,3,1,0.991584062576294,1
2674,RCN08051,1195-PF-TRAC2-DONDORP,Thailand,Full,ElasticNet,3,1,0.9909472465515137,1
2675,RCN08053,1195-PF-TRAC2-DONDORP,Thailand,Full,ElasticNet,3,1,0.9865542650222778,1
2676,RCN08055,1195-PF-TRAC2-DONDORP,Thailand,Full,ElasticNet,3,1,0.9854896068572998,1
2677,RCN08057,1195-PF-TRAC2-DONDORP,Thailand,Full,ElasticNet,3,1,0.9647324085235596,1
2678,RCN08060,1195-PF-TRAC2-DONDORP,Thailand,Full,ElasticNet,3,1,0.9865842461585999,1
2679,RCN08061,1195-PF-TRAC2-DONDORP,Thailand,Full,ElasticNet,3,1,0.9842768907546997,1
2680,RCN08063,1195-PF-TRAC2-DONDORP,Thailand,Full,ElasticNet,3,1,0.9028987884521484,1
2681,RCN08069,1195-PF-TRAC2-DONDORP,Thailand,Full,ElasticNet,3,1,0.9863173961639404,1
2682,RCN08071,1195-PF-TRAC2-DONDORP,Thailand,Full,ElasticNet,3,1,0.9866083860397339,1
2683,RCN08075,1195-PF-TRAC2-DONDORP,Thailand,Full,ElasticNet,3,1,0.9866532683372498,1
2684,RCN08079,1195-PF-TRAC2-DONDORP,Thailand,Full,ElasticNet,3,1,0.9844995737075806,1
2685,RCN08082,1195-PF-TRAC2-DONDORP,Thailand,Full,ElasticNet,3,1,0.9272494912147522,1
2686,RCN08084,1195-PF-TRAC2-DONDORP,Thailand,Full,ElasticNet,3,1,0.905230700969696,1
2687,RCN08086,1195-PF-TRAC2-DONDORP,Thailand,Full,ElasticNet,3,1,0.9893747568130493,1
2688,RCN08087,1195-PF-TRAC2-DONDORP,Thailand,Full,ElasticNet,3,1,0.9893742203712463,1
2689,RCN08091,1195-PF-TRAC2-DONDORP,Myanmar,Full,ElasticNet,3,0,0.03683747723698616,0
2690,RCN08092,1195-PF-TRAC2-DONDORP,Myanmar,Full,ElasticNet,3,0,0.3004366159439087,0
2691,RCN08093,1195-PF-TRAC2-DONDORP,Myanmar,Full,ElasticNet,3,0,0.00924600288271904,0
2692,RCN08094,1195-PF-TRAC2-DONDORP,Myanmar,Full,ElasticNet,3,0,0.4569709300994873,0
2693,RCN08095,1195-PF-TRAC2-DONDORP,Myanmar,Full,ElasticNet,3,0,0.45970067381858826,0
2694,RCN08096,1195-PF-TRAC2-DONDORP,Myanmar,Full,ElasticNet,3,0,0.46085125207901,0
2695,RCN08097,1195-PF-TRAC2-DONDORP,Myanmar,Full,ElasticNet,3,0,0.30113813281059265,0
2696,RCN08098,1195-PF-TRAC2-DONDORP,Myanmar,Full,ElasticNet,3,0,0.2988574504852295,0
2697,RCN08099,1195-PF-TRAC2-DONDORP,Myanmar,Full,ElasticNet,3,0,0.4612055718898773,0
2698,RCN08100,1195-PF-TRAC2-DONDORP,Vietnam,Full,ElasticNet,3,1,0.9680906534194946,1
2699,RCN08101,1195-PF-TRAC2-DONDORP,Vietnam,Full,ElasticNet,3,1,0.994186520576477,1
2700,RCN08103,1195-PF-TRAC2-DONDORP,Vietnam,Full,ElasticNet,3,1,0.9941799640655518,1
2701,RCN08105,1195-PF-TRAC2-DONDORP,Vietnam,Full,ElasticNet,3,1,0.9893940091133118,1
2702,RCN08106,1195-PF-TRAC2-DONDORP,Vietnam,Full,ElasticNet,3,1,0.9953945279121399,1
2703,RCN08107,1195-PF-TRAC2-DONDORP,Vietnam,Full,ElasticNet,3,1,0.994198203086853,1
2704,RCN08112,1195-PF-TRAC2-DONDORP,Vietnam,Full,ElasticNet,3,1,0.9797663688659668,1
2705,RCN08113,1195-PF-TRAC2-DONDORP,Vietnam,Full,ElasticNet,3,1,0.9915739893913269,1
2706,RCN08114,1195-PF-TRAC2-DONDORP,Vietnam,Full,ElasticNet,3,1,0.9942523837089539,1
2707,RCN08115,1195-PF-TRAC2-DONDORP,Vietnam,Full,ElasticNet,3,0,0.01867302693426609,0
2708,RCN08116,1195-PF-TRAC2-DONDORP,Vietnam,Full,ElasticNet,3,1,0.9942392110824585,1
2709,RCN08117,1195-PF-TRAC2-DONDORP,Vietnam,Full,ElasticNet,3,1,0.9954628348350525,1
2710,RCN08118,1195-PF-TRAC2-DONDORP,Vietnam,Full,ElasticNet,3,1,0.9941920638084412,1
2711,RCN08119,1195-PF-TRAC2-DONDORP,Vietnam,Full,ElasticNet,3,1,0.7907261252403259,1
2712,RCN08120,1195-PF-TRAC2-DONDORP,Vietnam,Full,ElasticNet,3,1,0.9942658543586731,1
2713,RCN08121,1195-PF-TRAC2-DONDORP,Vietnam,Full,ElasticNet,3,1,0.9909798502922058,1
2714,RCN08122,1195-PF-TRAC2-DONDORP,Vietnam,Full,ElasticNet,3,1,0.9893853068351746,1
2715,RCN08123,1195-PF-TRAC2-DONDORP,Vietnam,Full,ElasticNet,3,1,0.4284153878688812,0
2716,RCN08124,1195-PF-TRAC2-DONDORP,Vietnam,Full,ElasticNet,3,1,0.9914048910140991,1
2717,RCN08126,1195-PF-TRAC2-DONDORP,Vietnam,Full,ElasticNet,3,1,0.9953536987304688,1
2718,RCN08127,1195-PF-TRAC2-DONDORP,Vietnam,Full,ElasticNet,3,1,0.9915977716445923,1
2719,RCN08129,1195-PF-TRAC2-DONDORP,Vietnam,Full,ElasticNet,3,1,0.9954437017440796,1
2720,RCN08130,1195-PF-TRAC2-DONDORP,Vietnam,Full,ElasticNet,3,1,0.9897552132606506,1
2721,RCN08131,1195-PF-TRAC2-DONDORP,Vietnam,Full,ElasticNet,3,1,0.9915741086006165,1
2722,RCN08132,1195-PF-TRAC2-DONDORP,Vietnam,Full,ElasticNet,3,1,0.9928194880485535,1
2723,RCN08135,1195-PF-TRAC2-DONDORP,Vietnam,Full,ElasticNet,3,1,0.9953808784484863,1
2724,RCN08136,1195-PF-TRAC2-DONDORP,Vietnam,Full,ElasticNet,3,1,0.9897122383117676,1
2725,RCN08137,1195-PF-TRAC2-DONDORP,Vietnam,Full,ElasticNet,3,1,0.9701293706893921,1
2726,RCN08138,1195-PF-TRAC2-DONDORP,Vietnam,Full,ElasticNet,3,1,0.9871745109558105,1
2727,RCN08139,1195-PF-TRAC2-DONDORP,Vietnam,Full,ElasticNet,3,1,0.9915317893028259,1
2728,RCN08140,1195-PF-TRAC2-DONDORP,Vietnam,Full,ElasticNet,3,1,0.9885030388832092,1
2729,RCN08141,1195-PF-TRAC2-DONDORP,Vietnam,Full,ElasticNet,3,1,0.9954185485839844,1
2730,RCN08143,1195-PF-TRAC2-DONDORP,Vietnam,Full,ElasticNet,3,1,0.9954240918159485,1
2731,RCN08144,1195-PF-TRAC2-DONDORP,Vietnam,Full,ElasticNet,3,1,0.9935884475708008,1
2732,RCN08145,1195-PF-TRAC2-DONDORP,Vietnam,Full,ElasticNet,3,1,0.991561233997345,1
2733,RCN08147,1195-PF-TRAC2-DONDORP,Vietnam,Full,ElasticNet,3,1,0.9953749775886536,1
2734,RCN08148,1195-PF-TRAC2-DONDORP,Vietnam,Full,ElasticNet,3,1,0.9953941106796265,1
2735,RCN08149,1195-PF-TRAC2-DONDORP,Vietnam,Full,ElasticNet,3,1,0.9888157844543457,1
2736,RCN08150,1195-PF-TRAC2-DONDORP,Vietnam,Full,ElasticNet,3,1,0.9870901703834534,1
2737,RCN08154,1195-PF-TRAC2-DONDORP,Vietnam,Full,ElasticNet,3,1,0.9953680038452148,1
2738,RCN08156,1195-PF-TRAC2-DONDORP,Vietnam,Full,ElasticNet,3,1,0.9954249262809753,1
2739,RCN08158,1195-PF-TRAC2-DONDORP,Vietnam,Full,ElasticNet,3,1,0.9930582046508789,1
2740,RCN08161,1195-PF-TRAC2-DONDORP,Vietnam,Full,ElasticNet,3,1,0.9899948835372925,1
2741,RCN08240,1195-PF-TRAC2-DONDORP,Thailand,Full,ElasticNet,3,1,0.9853177666664124,1
2742,RCN08364,1195-PF-TRAC2-DONDORP,Myanmar,Full,ElasticNet,3,0,0.1530943512916565,0
2743,RCN08365,1195-PF-TRAC2-DONDORP,Myanmar,Full,ElasticNet,3,0,0.14932282269001007,0
2744,RCN08366,1195-PF-TRAC2-DONDORP,Myanmar,Full,ElasticNet,3,0,0.13728313148021698,0
2745,RCN08367,1195-PF-TRAC2-DONDORP,Myanmar,Full,ElasticNet,3,0,0.1498890072107315,0
2746,RCN08368,1195-PF-TRAC2-DONDORP,Myanmar,Full,ElasticNet,3,0,0.088531494140625,0
2747,RCN08370,1195-PF-TRAC2-DONDORP,Myanmar,Full,ElasticNet,3,0,0.14612451195716858,0
2748,RCN08371,1195-PF-TRAC2-DONDORP,Myanmar,Full,ElasticNet,3,0,0.07912573218345642,0
2749,RCN08372,1195-PF-TRAC2-DONDORP,Myanmar,Full,ElasticNet,3,1,0.2893085479736328,0
2750,RCN08374,1195-PF-TRAC2-DONDORP,Myanmar,Full,ElasticNet,3,0,0.0886421799659729,0
2751,RCN08375,1195-PF-TRAC2-DONDORP,Myanmar,Full,ElasticNet,3,0,0.07108177989721298,0
2752,RCN08376,1195-PF-TRAC2-DONDORP,Myanmar,Full,ElasticNet,3,0,0.6368253827095032,1
2753,RCN08377,1195-PF-TRAC2-DONDORP,Myanmar,Full,ElasticNet,3,0,0.6578577756881714,1
2754,RCN08378,1195-PF-TRAC2-DONDORP,Myanmar,Full,ElasticNet,3,0,0.5477870106697083,1
2755,RCN08379,1195-PF-TRAC2-DONDORP,Myanmar,Full,ElasticNet,3,0,0.6833845376968384,1
2756,RCN08380,1195-PF-TRAC2-DONDORP,Myanmar,Full,ElasticNet,3,0,0.6792746186256409,1
2757,RCN08381,1195-PF-TRAC2-DONDORP,Myanmar,Full,ElasticNet,3,0,0.6739310026168823,1
2758,RCN08382,1195-PF-TRAC2-DONDORP,Myanmar,Full,ElasticNet,3,0,0.6587260961532593,1
2759,RCN08383,1195-PF-TRAC2-DONDORP,Myanmar,Full,ElasticNet,3,0,0.32706668972969055,0
2760,RCN08384,1195-PF-TRAC2-DONDORP,Myanmar,Full,ElasticNet,3,0,0.2662316858768463,0
2761,RCN08385,1195-PF-TRAC2-DONDORP,Myanmar,Full,ElasticNet,3,0,0.6167460083961487,1
2762,RCN08386,1195-PF-TRAC2-DONDORP,Myanmar,Full,ElasticNet,3,0,0.3008589744567871,0
2763,RCN08387,1195-PF-TRAC2-DONDORP,Myanmar,Full,ElasticNet,3,0,0.12114062160253525,0
2764,RCN08388,1195-PF-TRAC2-DONDORP,Myanmar,Full,ElasticNet,3,0,0.16372761130332947,0
2765,RCN08389,1195-PF-TRAC2-DONDORP,Laos,Full,ElasticNet,3,0,0.01542896218597889,0
2766,RCN08390,1195-PF-TRAC2-DONDORP,Laos,Full,ElasticNet,3,0,0.0030879417899996042,0
2767,RCN08392,1195-PF-TRAC2-DONDORP,Laos,Full,ElasticNet,3,0,0.015214798040688038,0
2768,RCN08393,1195-PF-TRAC2-DONDORP,Thailand,Full,ElasticNet,3,1,0.9906850457191467,1
3610,RCN10199,1195-PF-TRAC2-DONDORP,Cambodia,Full,ElasticNet,3,1,0.9904649257659912,1
3611,RCN10200,1195-PF-TRAC2-DONDORP,Cambodia,Full,ElasticNet,3,1,0.9931358098983765,1
3612,RCN10201,1195-PF-TRAC2-DONDORP,Cambodia,Full,ElasticNet,3,1,0.990479052066803,1
3613,RCN10202,1195-PF-TRAC2-DONDORP,Cambodia,Full,ElasticNet,3,1,0.9904466867446899,1
3614,RCN10203,1195-PF-TRAC2-DONDORP,Cambodia,Full,ElasticNet,3,1,0.9884524941444397,1
3615,RCN10204,1195-PF-TRAC2-DONDORP,Cambodia,Full,ElasticNet,3,1,0.9948433637619019,1
3616,RCN10205,1195-PF-TRAC2-DONDORP,Cambodia,Full,ElasticNet,3,1,0.9948573112487793,1
3617,RCN10208,1195-PF-TRAC2-DONDORP,Cambodia,Full,ElasticNet,3,1,0.9890996813774109,1
4008,RCN11358,1181-PF-VN-THUYNHIEN,Vietnam,Full,ElasticNet,3,1,0.9939145445823669,1
4009,RCN11360,1181-PF-VN-THUYNHIEN,Vietnam,Full,ElasticNet,3,1,0.9954952001571655,1
4010,RCN11361,1181-PF-VN-THUYNHIEN,Vietnam,Full,ElasticNet,3,1,0.9943789839744568,1
4011,RCN11374,1181-PF-VN-THUYNHIEN,Vietnam,Full,ElasticNet,3,1,0.9954146146774292,1
4012,RCN11375,1181-PF-VN-THUYNHIEN,Vietnam,Full,ElasticNet,3,1,0.9954708814620972,1
4013,RCN11376,1181-PF-VN-THUYNHIEN,Vietnam,Full,ElasticNet,3,1,0.9309844970703125,1
4014,RCN11378,1181-PF-VN-THUYNHIEN,Vietnam,Full,ElasticNet,3,1,0.9963895678520203,1
4015,RCN11379,1181-PF-VN-THUYNHIEN,Vietnam,Full,ElasticNet,3,1,0.9281695485115051,1
4016,RCN11380,1181-PF-VN-THUYNHIEN,Vietnam,Full,ElasticNet,3,1,0.9953118562698364,1
4017,RCN11381,1181-PF-VN-THUYNHIEN,Vietnam,Full,ElasticNet,3,1,0.9937525391578674,1
4018,RCN11382,1181-PF-VN-THUYNHIEN,Vietnam,Full,ElasticNet,3,1,0.9942144751548767,1
4019,RCN11383,1181-PF-VN-THUYNHIEN,Vietnam,Full,ElasticNet,3,1,0.9954158067703247,1
4020,RCN11384,1181-PF-VN-THUYNHIEN,Vietnam,Full,ElasticNet,3,1,0.9954414367675781,1
4021,RCN11385,1181-PF-VN-THUYNHIEN,Vietnam,Full,ElasticNet,3,1,0.9955152869224548,1
4022,RCN11386,1181-PF-VN-THUYNHIEN,Vietnam,Full,ElasticNet,3,1,0.9915575981140137,1
4023,RCN11387,1181-PF-VN-THUYNHIEN,Vietnam,Full,ElasticNet,3,1,0.996376097202301,1
4024,RCN11388,1181-PF-VN-THUYNHIEN,Vietnam,Full,ElasticNet,3,1,0.9940926432609558,1
4025,RCN11389,1181-PF-VN-THUYNHIEN,Vietnam,Full,ElasticNet,3,1,0.9954426288604736,1
4026,RCN11390,1181-PF-VN-THUYNHIEN,Vietnam,Full,ElasticNet,3,1,0.996418833732605,1
4027,RCN11391,1181-PF-VN-THUYNHIEN,Vietnam,Full,ElasticNet,3,1,0.9941930174827576,1
4028,RCN11392,1181-PF-VN-THUYNHIEN,Vietnam,Full,ElasticNet,3,1,0.9964051246643066,1
4029,RCN11393,1181-PF-VN-THUYNHIEN,Vietnam,Full,ElasticNet,3,1,0.9755934476852417,1
4030,RCN11394,1181-PF-VN-THUYNHIEN,Vietnam,Full,ElasticNet,3,1,0.9963807463645935,1
4031,RCN11397,1181-PF-VN-THUYNHIEN,Vietnam,Full,ElasticNet,3,1,0.9963982105255127,1
4032,RCN11399,1181-PF-VN-THUYNHIEN,Vietnam,Full,ElasticNet,3,1,0.9914165139198303,1
4033,RCN11400,1181-PF-VN-THUYNHIEN,Vietnam,Full,ElasticNet,3,1,0.9954073429107666,1
4034,RCN11401,1181-PF-VN-THUYNHIEN,Vietnam,Full,ElasticNet,3,0,0.0849677324295044,0
4035,RCN11402,1181-PF-VN-THUYNHIEN,Vietnam,Full,ElasticNet,3,1,0.9950256943702698,1
4036,RCN11403,1181-PF-VN-THUYNHIEN,Vietnam,Full,ElasticNet,3,1,0.99333256483078,1
4037,RCN11404,1181-PF-VN-THUYNHIEN,Vietnam,Full,ElasticNet,3,1,0.9932816028594971,1
4038,RCN11405,1181-PF-VN-THUYNHIEN,Vietnam,Full,ElasticNet,3,1,0.9963437914848328,1
4039,RCN11407,1181-PF-VN-THUYNHIEN,Vietnam,Full,ElasticNet,3,1,0.9963515996932983,1
4040,RCN11408,1181-PF-VN-THUYNHIEN,Vietnam,Full,ElasticNet,3,1,0.9915212392807007,1
4041,RCN11409,1181-PF-VN-THUYNHIEN,Vietnam,Full,ElasticNet,3,1,0.9323142170906067,1
4042,RCN11410,1181-PF-VN-THUYNHIEN,Vietnam,Full,ElasticNet,3,1,0.9953528642654419,1
4043,RCN11413,1181-PF-VN-THUYNHIEN,Vietnam,Full,ElasticNet,3,1,0.9933637380599976,1
4044,RCN11414,1181-PF-VN-THUYNHIEN,Vietnam,Full,ElasticNet,3,1,0.9933291673660278,1
4045,RCN11415,1181-PF-VN-THUYNHIEN,Vietnam,Full,ElasticNet,3,1,0.7423339486122131,1
4046,RCN11417,1181-PF-VN-THUYNHIEN,Vietnam,Full,ElasticNet,3,1,0.9955605268478394,1
4047,RCN11418,1181-PF-VN-THUYNHIEN,Vietnam,Full,ElasticNet,3,1,0.9953487515449524,1
4048,RCN11419,1181-PF-VN-THUYNHIEN,Vietnam,Full,ElasticNet,3,1,0.9954309463500977,1
4049,RCN11421,1181-PF-VN-THUYNHIEN,Vietnam,Full,ElasticNet,3,1,0.9355901479721069,1
4050,RCN11424,1181-PF-VN-THUYNHIEN,Vietnam,Full,ElasticNet,3,1,0.9963717460632324,1
4051,RCN11425,1181-PF-VN-THUYNHIEN,Vietnam,Full,ElasticNet,3,1,0.9941754937171936,1
4052,RCN11428,1181-PF-VN-THUYNHIEN,Vietnam,Full,ElasticNet,3,1,0.9953615069389343,1
4053,RCN11429,1181-PF-VN-THUYNHIEN,Vietnam,Full,ElasticNet,3,1,0.9941051006317139,1
4054,RCN11430,1181-PF-VN-THUYNHIEN,Vietnam,Full,ElasticNet,3,1,0.9932807087898254,1
4055,RCN11431,1181-PF-VN-THUYNHIEN,Vietnam,Full,ElasticNet,3,1,0.9963518381118774,1
4056,RCN11433,1181-PF-VN-THUYNHIEN,Vietnam,Full,ElasticNet,3,1,0.9919701218605042,1
4057,RCN11434,1181-PF-VN-THUYNHIEN,Vietnam,Full,ElasticNet,3,1,0.9961114525794983,1
4058,RCN11437,1181-PF-VN-THUYNHIEN,Vietnam,Full,ElasticNet,3,1,0.9919092059135437,1
4059,RCN11438,1181-PF-VN-THUYNHIEN,Vietnam,Full,ElasticNet,3,1,0.9963024854660034,1
4060,RCN11459,1181-PF-VN-THUYNHIEN,Vietnam,Full,ElasticNet,3,1,0.9915856122970581,1
4061,RCN11460,1181-PF-VN-THUYNHIEN,Vietnam,Full,ElasticNet,3,1,0.9938700199127197,1
4062,RCN11461,1181-PF-VN-THUYNHIEN,Vietnam,Full,ElasticNet,3,1,0.9953926801681519,1
4063,RCN11462,1181-PF-VN-THUYNHIEN,Vietnam,Full,ElasticNet,3,1,0.991606593132019,1
4064,RCN11463,1181-PF-VN-THUYNHIEN,Vietnam,Full,ElasticNet,3,1,0.995375394821167,1
4065,RCN11464,1181-PF-VN-THUYNHIEN,Vietnam,Full,ElasticNet,3,1,0.9915395379066467,1
4066,RCN11465,1181-PF-VN-THUYNHIEN,Vietnam,Full,ElasticNet,3,1,0.9954017400741577,1
4067,RCN11466,1181-PF-VN-THUYNHIEN,Vietnam,Full,ElasticNet,3,1,0.994045078754425,1
4068,RCN11467,1181-PF-VN-THUYNHIEN,Vietnam,Full,ElasticNet,3,0,0.7488532662391663,1
4069,RCN11468,1181-PF-VN-THUYNHIEN,Vietnam,Full,ElasticNet,3,1,0.9943839311599731,1
4070,RCN11469,1181-PF-VN-THUYNHIEN,Vietnam,Full,ElasticNet,3,1,0.988401472568512,1
4071,RCN11470,1181-PF-VN-THUYNHIEN,Vietnam,Full,ElasticNet,3,1,0.9954812526702881,1
4072,RCN11471,1181-PF-VN-THUYNHIEN,Vietnam,Full,ElasticNet,3,1,0.9285765290260315,1
4073,RCN11472,1181-PF-VN-THUYNHIEN,Vietnam,Full,ElasticNet,3,1,0.995448887348175,1
4074,RCN11473,1181-PF-VN-THUYNHIEN,Vietnam,Full,ElasticNet,3,1,0.9914480447769165,1
4075,RCN11474,1181-PF-VN-THUYNHIEN,Vietnam,Full,ElasticNet,3,1,0.9949559569358826,1
4076,RCN11475,1181-PF-VN-THUYNHIEN,Vietnam,Full,ElasticNet,3,1,0.9944812059402466,1
4077,RCN11476,1181-PF-VN-THUYNHIEN,Vietnam,Full,ElasticNet,3,1,0.9889816045761108,1
4078,RCN11477,1181-PF-VN-THUYNHIEN,Vietnam,Full,ElasticNet,3,1,0.9940998554229736,1
4079,RCN11478,1181-PF-VN-THUYNHIEN,Vietnam,Full,ElasticNet,3,1,0.9954426288604736,1
4080,RCN11479,1181-PF-VN-THUYNHIEN,Vietnam,Full,ElasticNet,3,1,0.9935014843940735,1
4081,RCN11480,1181-PF-VN-THUYNHIEN,Vietnam,Full,ElasticNet,3,1,0.9903702139854431,1
4082,RCN11481,1181-PF-VN-THUYNHIEN,Vietnam,Full,ElasticNet,3,1,0.9883560538291931,1
4506,RCN12357,1195-PF-TRAC2-DONDORP,Thailand,Full,ElasticNet,3,1,0.961881697177887,1
4507,RCN12358,1195-PF-TRAC2-DONDORP,Thailand,Full,ElasticNet,3,1,0.9908589720726013,1
4508,RCN12359,1195-PF-TRAC2-DONDORP,Thailand,Full,ElasticNet,3,1,0.9924972057342529,1
4509,RCN12361,1195-PF-TRAC2-DONDORP,Cambodia,Full,ElasticNet,3,1,0.9899068474769592,1
4510,RCN12362,1195-PF-TRAC2-DONDORP,Cambodia,Full,ElasticNet,3,1,0.9850174784660339,1
4511,RCN12363,1195-PF-TRAC2-DONDORP,Cambodia,Full,ElasticNet,3,1,0.9695780277252197,1
4512,RCN12364,1195-PF-TRAC2-DONDORP,Cambodia,Full,ElasticNet,3,1,0.9754326939582825,1
4513,RCN12365,1195-PF-TRAC2-DONDORP,Cambodia,Full,ElasticNet,3,0,0.9895583391189575,1
4514,RCN12366,1195-PF-TRAC2-DONDORP,Vietnam,Full,ElasticNet,3,1,0.995846688747406,1
4515,RCN12367,1195-PF-TRAC2-DONDORP,Vietnam,Full,ElasticNet,3,1,0.9947736859321594,1
4516,RCN12369,1195-PF-TRAC2-DONDORP,Vietnam,Full,ElasticNet,3,1,0.9906226992607117,1
4517,RCN12370,1195-PF-TRAC2-DONDORP,Vietnam,Full,ElasticNet,3,1,0.9959652423858643,1
4518,RCN12371,1195-PF-TRAC2-DONDORP,Vietnam,Full,ElasticNet,3,1,0.9946470856666565,1
4519,RCN12372,1195-PF-TRAC2-DONDORP,Vietnam,Full,ElasticNet,3,1,0.9950608611106873,1
4520,RCN12373,1195-PF-TRAC2-DONDORP,Vietnam,Full,ElasticNet,3,1,0.9899076223373413,1
4521,RCN12374,1195-PF-TRAC2-DONDORP,Vietnam,Full,ElasticNet,3,1,0.9239298105239868,1
4522,RCN12375,1195-PF-TRAC2-DONDORP,Vietnam,Full,ElasticNet,3,1,0.9193153381347656,1
4523,RCN12376,1195-PF-TRAC2-DONDORP,Vietnam,Full,ElasticNet,3,1,0.9931764006614685,1
4524,RCN12378,1195-PF-TRAC2-DONDORP,Vietnam,Full,ElasticNet,3,1,0.9945502877235413,1
4525,RCN12379,1195-PF-TRAC2-DONDORP,Vietnam,Full,ElasticNet,3,1,0.98826664686203,1
4526,RCN12380,1195-PF-TRAC2-DONDORP,Vietnam,Full,ElasticNet,3,1,0.9238781929016113,1
4527,RCN12381,1195-PF-TRAC2-DONDORP,Vietnam,Full,ElasticNet,3,1,0.9907081127166748,1
4528,RCN12382,1195-PF-TRAC2-DONDORP,Vietnam,Full,ElasticNet,3,1,0.9923146367073059,1
4529,RCN12383,1195-PF-TRAC2-DONDORP,Vietnam,Full,ElasticNet,3,1,0.9854987859725952,1
4530,RCN12384,1195-PF-TRAC2-DONDORP,Vietnam,Full,ElasticNet,3,0,0.21662573516368866,0
4531,RCN12385,1195-PF-TRAC2-DONDORP,Vietnam,Full,ElasticNet,3,0,0.24102097749710083,0
4532,RCN12386,1195-PF-TRAC2-DONDORP,Vietnam,Full,ElasticNet,3,1,0.991649866104126,1
4533,RCN12387,1195-PF-TRAC2-DONDORP,Vietnam,Full,ElasticNet,3,1,0.9931961297988892,1
4534,RCN12388,1195-PF-TRAC2-DONDORP,Vietnam,Full,ElasticNet,3,1,0.9905315041542053,1
4535,RCN12389,1195-PF-TRAC2-DONDORP,Vietnam,Full,ElasticNet,3,1,0.992041289806366,1
4536,RCN12390,1195-PF-TRAC2-DONDORP,Vietnam,Full,ElasticNet,3,1,0.9418774247169495,1
4537,RCN12391,1195-PF-TRAC2-DONDORP,Vietnam,Full,ElasticNet,3,1,0.9894841313362122,1
4538,RCN12393,1195-PF-TRAC2-DONDORP,Vietnam,Full,ElasticNet,3,1,0.9916043877601624,1
4539,RCN12394,1195-PF-TRAC2-DONDORP,Vietnam,Full,ElasticNet,3,0,0.2416369915008545,0
4540,RCN12397,1195-PF-TRAC2-DONDORP,Myanmar,Full,ElasticNet,3,0,0.5425224304199219,1
4541,RCN12398,1195-PF-TRAC2-DONDORP,Myanmar,Full,ElasticNet,3,0,0.48754337430000305,0
4542,RCN12401,1195-PF-TRAC2-DONDORP,Myanmar,Full,ElasticNet,3,1,0.26194676756858826,0
4543,RCN12402,1195-PF-TRAC2-DONDORP,Myanmar,Full,ElasticNet,3,1,0.2549329698085785,0
4544,RCN12403,1195-PF-TRAC2-DONDORP,Myanmar,Full,ElasticNet,3,1,0.22872000932693481,0
4545,RCN12404,1195-PF-TRAC2-DONDORP,Myanmar,Full,ElasticNet,3,1,0.2519240975379944,0
4546,RCN12405,1195-PF-TRAC2-DONDORP,Myanmar,Full,ElasticNet,3,0,0.20585201680660248,0
4547,RCN12406,1195-PF-TRAC2-DONDORP,Myanmar,Full,ElasticNet,3,0,0.31922727823257446,0
4548,RCN12408,1195-PF-TRAC2-DONDORP,Myanmar,Full,ElasticNet,3,0,0.7186263799667358,1
4549,RCN12409,1195-PF-TRAC2-DONDORP,Myanmar,Full,ElasticNet,3,0,0.09638593345880508,0
4550,RCN12410,1195-PF-TRAC2-DONDORP,Myanmar,Full,ElasticNet,3,0,0.024413246661424637,0
4551,RCN12411,1195-PF-TRAC2-DONDORP,Myanmar,Full,ElasticNet,3,0,0.5527106523513794,1
4552,RCN12412,1195-PF-TRAC2-DONDORP,Myanmar,Full,ElasticNet,3,0,0.566288948059082,1
4553,RCN12415,1195-PF-TRAC2-DONDORP,Myanmar,Full,ElasticNet,3,0,0.007834254764020443,0
4554,RCN12420,1195-PF-TRAC2-DONDORP,Myanmar,Full,ElasticNet,3,0,0.33038222789764404,0
4555,RCN12423,1195-PF-TRAC2-DONDORP,Myanmar,Full,ElasticNet,3,0,0.03655662760138512,0
4620,RCN12593,1195-PF-TRAC2-DONDORP,Thailand,Full,ElasticNet,3,1,0.9896911382675171,1
4621,RCN12596,1195-PF-TRAC2-DONDORP,Thailand,Full,ElasticNet,3,1,0.9903586506843567,1
4622,RCN12597,1195-PF-TRAC2-DONDORP,Thailand,Full,ElasticNet,3,1,0.9292452335357666,1
4623,RCN12599,1195-PF-TRAC2-DONDORP,Thailand,Full,ElasticNet,3,1,0.9922723770141602,1
4624,RCN12600,1195-PF-TRAC2-DONDORP,Thailand,Full,ElasticNet,3,1,0.9922184944152832,1
4625,RCN12601,1195-PF-TRAC2-DONDORP,Thailand,Full,ElasticNet,3,1,0.989508867263794,1
4626,RCN12602,1195-PF-TRAC2-DONDORP,Thailand,Full,ElasticNet,3,1,0.9920696020126343,1
4627,RCN12603,1195-PF-TRAC2-DONDORP,Thailand,Full,ElasticNet,3,1,0.9922123551368713,1
4628,RCN12604,1195-PF-TRAC2-DONDORP,Thailand,Full,ElasticNet,3,1,0.9923572540283203,1
4629,RCN12606,1195-PF-TRAC2-DONDORP,Thailand,Full,ElasticNet,3,1,0.992548406124115,1
4630,RCN12607,1195-PF-TRAC2-DONDORP,Thailand,Full,ElasticNet,3,1,0.9904228448867798,1
4631,RCN12608,1195-PF-TRAC2-DONDORP,Thailand,Full,ElasticNet,3,1,0.9910768270492554,1
4632,RCN12612,1195-PF-TRAC2-DONDORP,Thailand,Full,ElasticNet,3,1,0.9895581603050232,1
4633,RCN12613,1195-PF-TRAC2-DONDORP,Thailand,Full,ElasticNet,3,1,0.9911128878593445,1
4634,RCN12614,1195-PF-TRAC2-DONDORP,Cambodia,Full,ElasticNet,3,1,0.9904900789260864,1
4635,RCN12615,1195-PF-TRAC2-DONDORP,Cambodia,Full,ElasticNet,3,1,0.9945112466812134,1
4636,RCN12616,1195-PF-TRAC2-DONDORP,Cambodia,Full,ElasticNet,3,1,0.9922395944595337,1
4637,RCN12617,1195-PF-TRAC2-DONDORP,Cambodia,Full,ElasticNet,3,1,0.9852338433265686,1
4638,RCN12618,1195-PF-TRAC2-DONDORP,Cambodia,Full,ElasticNet,3,1,0.9895966649055481,1
4639,RCN12619,1195-PF-TRAC2-DONDORP,Cambodia,Full,ElasticNet,3,0,0.8966867923736572,1
4640,RCN12620,1195-PF-TRAC2-DONDORP,Cambodia,Full,ElasticNet,3,1,0.9923996329307556,1
4641,RCN12621,1195-PF-TRAC2-DONDORP,Cambodia,Full,ElasticNet,3,1,0.9953978657722473,1
4642,RCN12622,1195-PF-TRAC2-DONDORP,Cambodia,Full,ElasticNet,3,1,0.9907280206680298,1
4788,RCN12976,1195-PF-TRAC2-DONDORP,Cambodia,Full,ElasticNet,3,1,0.6560336351394653,1
4789,RCN12978,1195-PF-TRAC2-DONDORP,Cambodia,Full,ElasticNet,3,1,0.979245662689209,1
4790,RCN12980,1195-PF-TRAC2-DONDORP,Cambodia,Full,ElasticNet,3,1,0.9903501272201538,1
4791,RCN12982,1195-PF-TRAC2-DONDORP,Cambodia,Full,ElasticNet,3,0,0.5717624425888062,1
4792,RCN12984,1195-PF-TRAC2-DONDORP,Cambodia,Full,ElasticNet,3,1,0.894848108291626,1
4793,RCN12986,1195-PF-TRAC2-DONDORP,Cambodia,Full,ElasticNet,3,1,0.9835644960403442,1
4794,RCN12987,1195-PF-TRAC2-DONDORP,Cambodia,Full,ElasticNet,3,1,0.9091563820838928,1
4795,RCN12988,1195-PF-TRAC2-DONDORP,Cambodia,Full,ElasticNet,3,1,0.44433411955833435,0
4796,RCN12990,1195-PF-TRAC2-DONDORP,Cambodia,Full,ElasticNet,3,1,0.8501477241516113,1
4797,RCN12992,1195-PF-TRAC2-DONDORP,Cambodia,Full,ElasticNet,3,1,0.9904892444610596,1
4798,RCN12993,1195-PF-TRAC2-DONDORP,Cambodia,Full,ElasticNet,3,1,0.8079917430877686,1
4799,RCN12994,1195-PF-TRAC2-DONDORP,Cambodia,Full,ElasticNet,3,1,0.9888293147087097,1
4800,RCN12995,1195-PF-TRAC2-DONDORP,Cambodia,Full,ElasticNet,3,1,0.9891942739486694,1
4801,RCN12996,1195-PF-TRAC2-DONDORP,Cambodia,Full,ElasticNet,3,1,0.987824559211731,1
4802,RCN12997,1195-PF-TRAC2-DONDORP,Cambodia,Full,ElasticNet,3,1,0.9855526089668274,1
4803,RCN12999,1195-PF-TRAC2-DONDORP,Cambodia,Full,ElasticNet,3,1,0.977088987827301,1
4804,RCN13000,1195-PF-TRAC2-DONDORP,Cambodia,Full,ElasticNet,3,1,0.8959285616874695,1
4805,RCN13003,1195-PF-TRAC2-DONDORP,Cambodia,Full,ElasticNet,3,1,0.9846033453941345,1
4806,RCN13004,1195-PF-TRAC2-DONDORP,Cambodia,Full,ElasticNet,3,1,0.847317099571228,1
4807,RCN13008,1195-PF-TRAC2-DONDORP,Cambodia,Full,ElasticNet,3,1,0.8981311917304993,1
4808,RCN13009,1195-PF-TRAC2-DONDORP,Cambodia,Full,ElasticNet,3,1,0.991224467754364,1
4809,RCN13010,1195-PF-TRAC2-DONDORP,Cambodia,Full,ElasticNet,3,1,0.9105656743049622,1
4810,RCN13012,1195-PF-TRAC2-DONDORP,Cambodia,Full,ElasticNet,3,1,0.9833002090454102,1
4811,RCN13013,1195-PF-TRAC2-DONDORP,Cambodia,Full,ElasticNet,3,1,0.9907239079475403,1
4812,RCN13014,1195-PF-TRAC2-DONDORP,Cambodia,Full,ElasticNet,3,1,0.9864562749862671,1
4813,RCN13015,1195-PF-TRAC2-DONDORP,Cambodia,Full,ElasticNet,3,1,0.9914997220039368,1
4814,RCN13016,1195-PF-TRAC2-DONDORP,Cambodia,Full,ElasticNet,3,0,0.9155170321464539,1
4815,RCN13017,1195-PF-TRAC2-DONDORP,Cambodia,Full,ElasticNet,3,1,0.9949038028717041,1
4816,RCN13018,1195-PF-TRAC2-DONDORP,Cambodia,Full,ElasticNet,3,1,0.8417089581489563,1
4817,RCN13019,1195-PF-TRAC2-DONDORP,Cambodia,Full,ElasticNet,3,1,0.9474543333053589,1
4818,RCN13020,1195-PF-TRAC2-DONDORP,Cambodia,Full,ElasticNet,3,0,0.9887645244598389,1
4819,RCN13021,1195-PF-TRAC2-DONDORP,Cambodia,Full,ElasticNet,3,1,0.7773247957229614,1
4820,RCN13023,1195-PF-TRAC2-DONDORP,Cambodia,Full,ElasticNet,3,1,0.9883452653884888,1
4821,RCN13025,1195-PF-TRAC2-DONDORP,Cambodia,Full,ElasticNet,3,1,0.9135265946388245,1
4822,RCN13028,1195-PF-TRAC2-DONDORP,Cambodia,Full,ElasticNet,3,1,0.9313636422157288,1
4823,RCN13029,1195-PF-TRAC2-DONDORP,Cambodia,Full,ElasticNet,3,1,0.9670871496200562,1
4824,RCN13031,1195-PF-TRAC2-DONDORP,Cambodia,Full,ElasticNet,3,1,0.9794334173202515,1
4825,RCN13032,1195-PF-TRAC2-DONDORP,Cambodia,Full,ElasticNet,3,1,0.9904194474220276,1
4826,RCN13034,1195-PF-TRAC2-DONDORP,Cambodia,Full,ElasticNet,3,1,0.9905869364738464,1
4827,RCN13036,1195-PF-TRAC2-DONDORP,Cambodia,Full,ElasticNet,3,1,0.9872491955757141,1
4828,RCN13037,1195-PF-TRAC2-DONDORP,Cambodia,Full,ElasticNet,3,1,0.9918978214263916,1
4829,RCN13039,1195-PF-TRAC2-DONDORP,Cambodia,Full,ElasticNet,3,1,0.9870254397392273,1
4830,RCN13041,1195-PF-TRAC2-DONDORP,Cambodia,Full,ElasticNet,3,1,0.9702978134155273,1
4831,RCN13044,1195-PF-TRAC2-DONDORP,Cambodia,Full,ElasticNet,3,1,0.9311723709106445,1
4832,RCN13045,1195-PF-TRAC2-DONDORP,Cambodia,Full,ElasticNet,3,1,0.9967036843299866,1
4833,RCN13048,1195-PF-TRAC2-DONDORP,Cambodia,Full,ElasticNet,3,1,0.9959405660629272,1
4834,RCN13049,1195-PF-TRAC2-DONDORP,Cambodia,Full,ElasticNet,3,0,0.03281628340482712,0
4835,RCN13050,1195-PF-TRAC2-DONDORP,Cambodia,Full,ElasticNet,3,1,0.9925020933151245,1
4836,RCN13051,1195-PF-TRAC2-DONDORP,Cambodia,Full,ElasticNet,3,1,0.9935399889945984,1
4837,RCN13052,1195-PF-TRAC2-DONDORP,Cambodia,Full,ElasticNet,3,0,0.18091142177581787,0
4838,RCN13053,1195-PF-TRAC2-DONDORP,Cambodia,Full,ElasticNet,3,1,0.98649001121521,1
4839,RCN13054,1195-PF-TRAC2-DONDORP,Cambodia,Full,ElasticNet,3,1,0.9913949370384216,1
4840,RCN13056,1195-PF-TRAC2-DONDORP,Cambodia,Full,ElasticNet,3,1,0.9899834394454956,1
4841,RCN13057,1195-PF-TRAC2-DONDORP,Cambodia,Full,ElasticNet,3,1,0.9575826525688171,1
4842,RCN13058,1195-PF-TRAC2-DONDORP,Cambodia,Full,ElasticNet,3,1,0.9905023574829102,1
4843,RCN13059,1195-PF-TRAC2-DONDORP,Cambodia,Full,ElasticNet,3,1,0.9937020540237427,1
4844,RCN13060,1195-PF-TRAC2-DONDORP,Cambodia,Full,ElasticNet,3,1,0.9863216876983643,1
4845,RCN13061,1195-PF-TRAC2-DONDORP,Cambodia,Full,ElasticNet,3,1,0.9885588884353638,1
4846,RCN13062,1195-PF-TRAC2-DONDORP,Cambodia,Full,ElasticNet,3,1,0.9950127005577087,1
4847,RCN13063,1195-PF-TRAC2-DONDORP,Cambodia,Full,ElasticNet,3,1,0.9811875224113464,1
4848,RCN13065,1195-PF-TRAC2-DONDORP,Cambodia,Full,ElasticNet,3,1,0.9937183856964111,1
4849,RCN13066,1195-PF-TRAC2-DONDORP,Cambodia,Full,ElasticNet,3,1,0.9792836904525757,1
4850,RCN13067,1195-PF-TRAC2-DONDORP,Cambodia,Full,ElasticNet,3,0,0.12961310148239136,0
4851,RCN13068,1195-PF-TRAC2-DONDORP,Cambodia,Full,ElasticNet,3,1,0.9923782348632812,1
4852,RCN13069,1195-PF-TRAC2-DONDORP,Cambodia,Full,ElasticNet,3,1,0.9903326630592346,1
4853,RCN13070,1195-PF-TRAC2-DONDORP,Cambodia,Full,ElasticNet,3,1,0.9532609581947327,1
4854,RCN13071,1195-PF-TRAC2-DONDORP,Cambodia,Full,ElasticNet,3,1,0.9847345352172852,1
4855,RCN13072,1195-PF-TRAC2-DONDORP,Cambodia,Full,ElasticNet,3,0,0.08436129987239838,0
4856,RCN13073,1195-PF-TRAC2-DONDORP,Cambodia,Full,ElasticNet,3,1,0.9777653813362122,1
4857,RCN13074,1195-PF-TRAC2-DONDORP,Cambodia,Full,ElasticNet,3,1,0.9430838227272034,1
4858,RCN13075,1195-PF-TRAC2-DONDORP,Cambodia,Full,ElasticNet,3,1,0.988307774066925,1
4859,RCN13076,1195-PF-TRAC2-DONDORP,Cambodia,Full,ElasticNet,3,1,0.18404993414878845,0
4860,RCN13077,1195-PF-TRAC2-DONDORP,Cambodia,Full,ElasticNet,3,1,0.9831663370132446,1
4861,RCN13078,1195-PF-TRAC2-DONDORP,Cambodia,Full,ElasticNet,3,1,0.994830310344696,1
4862,RCN13079,1195-PF-TRAC2-DONDORP,Cambodia,Full,ElasticNet,3,1,0.9901566505432129,1
4863,RCN13080,1195-PF-TRAC2-DONDORP,Cambodia,Full,ElasticNet,3,1,0.9468567371368408,1
4864,RCN13081,1195-PF-TRAC2-DONDORP,Cambodia,Full,ElasticNet,3,1,0.9901367425918579,1
4865,RCN13082,1195-PF-TRAC2-DONDORP,Cambodia,Full,ElasticNet,3,0,0.006802822928875685,0
4866,RCN13083,1195-PF-TRAC2-DONDORP,Cambodia,Full,ElasticNet,3,1,0.9335731267929077,1
4867,RCN13084,1195-PF-TRAC2-DONDORP,Cambodia,Full,ElasticNet,3,1,0.9916553497314453,1
4868,RCN13085,1195-PF-TRAC2-DONDORP,Cambodia,Full,ElasticNet,3,0,0.08188920468091965,0
4869,RCN13086,1195-PF-TRAC2-DONDORP,Cambodia,Full,ElasticNet,3,1,0.9916718602180481,1
4870,RCN13087,1195-PF-TRAC2-DONDORP,Cambodia,Full,ElasticNet,3,1,0.990422248840332,1
4871,RCN13088,1195-PF-TRAC2-DONDORP,Cambodia,Full,ElasticNet,3,1,0.9883142709732056,1
4872,RCN13089,1195-PF-TRAC2-DONDORP,Cambodia,Full,ElasticNet,3,1,0.9800216555595398,1
4873,RCN13090,1195-PF-TRAC2-DONDORP,Cambodia,Full,ElasticNet,3,1,0.9891256093978882,1
4874,RCN13093,1195-PF-TRAC2-DONDORP,Cambodia,Full,ElasticNet,3,0,0.14406637847423553,0
4875,RCN13095,1195-PF-TRAC2-DONDORP,Cambodia,Full,ElasticNet,3,1,0.9791032671928406,1
4876,RCN13096,1195-PF-TRAC2-DONDORP,Cambodia,Full,ElasticNet,3,0,0.43907883763313293,0
4877,RCN13097,1195-PF-TRAC2-DONDORP,Cambodia,Full,ElasticNet,3,1,0.988152801990509,1
4878,RCN13098,1195-PF-TRAC2-DONDORP,Cambodia,Full,ElasticNet,3,1,0.9884716272354126,1
4879,RCN13100,1195-PF-TRAC2-DONDORP,Cambodia,Full,ElasticNet,3,1,0.9963362216949463,1
4880,RCN13101,1195-PF-TRAC2-DONDORP,Cambodia,Full,ElasticNet,3,0,0.9217456579208374,1
4881,RCN13103,1195-PF-TRAC2-DONDORP,Cambodia,Full,ElasticNet,3,1,0.9863861799240112,1
4882,RCN13104,1195-PF-TRAC2-DONDORP,Cambodia,Full,ElasticNet,3,0,0.012183351442217827,0
6915,SPT24373,1224-PF-VN-ROSANAS-URGELL,Vietnam,Full,ElasticNet,3,1,0.0017202711896970868,0
6916,SPT24374,1224-PF-VN-ROSANAS-URGELL,Vietnam,Full,ElasticNet,3,0,0.0013436576118692756,0
6917,SPT24375,1224-PF-VN-ROSANAS-URGELL,Vietnam,Full,ElasticNet,3,0,0.00040724474820308387,0
6918,SPT24376,1224-PF-VN-ROSANAS-URGELL,Vietnam,Full,ElasticNet,3,1,0.002283036708831787,0
6919,SPT24383,1224-PF-VN-ROSANAS-URGELL,Vietnam,Full,ElasticNet,3,1,0.0015179162146523595,0
6920,SPT24385,1224-PF-VN-ROSANAS-URGELL,Vietnam,Full,ElasticNet,3,0,0.0010116425110027194,0
6921,SPT24386,1224-PF-VN-ROSANAS-URGELL,Vietnam,Full,ElasticNet,3,1,0.0015181632479652762,0
6922,SPT24393,1224-PF-VN-ROSANAS-URGELL,Vietnam,Full,ElasticNet,3,1,0.10444821417331696,0
6923,SPT24399,1224-PF-VN-ROSANAS-URGELL,Vietnam,Full,ElasticNet,3,1,0.07548468559980392,0
6924,SPT24447,1224-PF-VN-ROSANAS-URGELL,Vietnam,Full,ElasticNet,3,1,0.43679386377334595,0
6925,SPT24451,1224-PF-VN-ROSANAS-URGELL,Vietnam,Full,ElasticNet,3,1,0.4354432225227356,0
6926,SPT24454,1224-PF-VN-ROSANAS-URGELL,Vietnam,Full,ElasticNet,3,1,0.7344722151756287,1
6927,SPT24456,1224-PF-VN-ROSANAS-URGELL,Vietnam,Full,ElasticNet,3,1,0.7521715760231018,1
6928,SPT24457,1224-PF-VN-ROSANAS-URGELL,Vietnam,Full,ElasticNet,3,1,0.8591029047966003,1
6929,SPT24458,1224-PF-VN-ROSANAS-URGELL,Vietnam,Full,ElasticNet,3,1,0.29721179604530334,0
6930,SPT24459,1224-PF-VN-ROSANAS-URGELL,Vietnam,Full,ElasticNet,3,1,0.31467580795288086,0
6931,SPT24461,1224-PF-VN-ROSANAS-URGELL,Vietnam,Full,ElasticNet,3,1,0.6112859845161438,1
6932,SPT24462,1224-PF-VN-ROSANAS-URGELL,Vietnam,Full,ElasticNet,3,1,0.778735876083374,1
6933,SPT24463,1224-PF-VN-ROSANAS-URGELL,Vietnam,Full,ElasticNet,3,1,0.41507411003112793,0
6934,SPT24481,1224-PF-VN-ROSANAS-URGELL,Vietnam,Full,ElasticNet,3,0,0.024319948628544807,0
6935,SPT24486,1224-PF-VN-ROSANAS-URGELL,Vietnam,Full,ElasticNet,3,0,0.050477784126996994,0
6936,SPT24491,1224-PF-VN-ROSANAS-URGELL,Vietnam,Full,ElasticNet,3,0,0.010722337290644646,0
6937,SPT24497,1224-PF-VN-ROSANAS-URGELL,Vietnam,Full,ElasticNet,3,1,0.6691580414772034,1
6938,SPT24501,1224-PF-VN-ROSANAS-URGELL,Vietnam,Full,ElasticNet,3,0,0.012633012607693672,0
6939,SPT24520,1224-PF-VN-ROSANAS-URGELL,Vietnam,Full,ElasticNet,3,1,0.5221170783042908,1
6940,SPT24521,1224-PF-VN-ROSANAS-URGELL,Vietnam,Full,ElasticNet,3,1,0.5217444896697998,1
6941,SPT24522,1224-PF-VN-ROSANAS-URGELL,Vietnam,Full,ElasticNet,3,1,0.43244504928588867,0
6942,SPT24525,1224-PF-VN-ROSANAS-URGELL,Vietnam,Full,ElasticNet,3,1,0.46347159147262573,0
6943,SPT24526,1224-PF-VN-ROSANAS-URGELL,Vietnam,Full,ElasticNet,3,1,0.5219224095344543,1
6944,SPT24527,1224-PF-VN-ROSANAS-URGELL,Vietnam,Full,ElasticNet,3,1,0.4636607766151428,0
6945,SPT24530,1224-PF-VN-ROSANAS-URGELL,Vietnam,Full,ElasticNet,3,1,0.5221782326698303,1
6946,SPT24532,1224-PF-VN-ROSANAS-URGELL,Vietnam,Full,ElasticNet,3,1,0.5213136076927185,1
6947,SPT24533,1224-PF-VN-ROSANAS-URGELL,Vietnam,Full,ElasticNet,3,1,0.4631345570087433,0
6948,SPT24535,1224-PF-VN-ROSANAS-URGELL,Vietnam,Full,ElasticNet,3,1,0.33244675397872925,0
6949,SPT24538,1224-PF-VN-ROSANAS-URGELL,Vietnam,Full,ElasticNet,3,1,0.4855768382549286,0
6950,SPT24539,1224-PF-VN-ROSANAS-URGELL,Vietnam,Full,ElasticNet,3,1,0.4717329442501068,0
6951,SPT24540,1224-PF-VN-ROSANAS-URGELL,Vietnam,Full,ElasticNet,3,1,0.47090956568717957,0
6952,SPT24541,1224-PF-VN-ROSANAS-URGELL,Vietnam,Full,ElasticNet,3,1,0.4862791895866394,0
6953,SPT24543,1224-PF-VN-ROSANAS-URGELL,Vietnam,Full,ElasticNet,3,1,0.46217644214630127,0
6954,SPT24547,1224-PF-VN-ROSANAS-URGELL,Vietnam,Full,ElasticNet,3,1,0.5790535807609558,1
6955,SPT24554,1224-PF-VN-ROSANAS-URGELL,Vietnam,Full,ElasticNet,3,0,0.0030920179560780525,0
6956,SPT24557,1224-PF-VN-ROSANAS-URGELL,Vietnam,Full,ElasticNet,3,0,0.001380326459184289,0
6957,SPT24558,1224-PF-VN-ROSANAS-URGELL,Vietnam,Full,ElasticNet,3,0,0.0008784487145021558,0
6958,SPT24559,1224-PF-VN-ROSANAS-URGELL,Vietnam,Full,ElasticNet,3,0,0.0009280129452235997,0
6959,SPT24561,1224-PF-VN-ROSANAS-URGELL,Vietnam,Full,ElasticNet,3,0,0.0008244039490818977,0
6960,SPT24562,1224-PF-VN-ROSANAS-URGELL,Vietnam,Full,ElasticNet,3,0,0.0007574120536446571,0
6961,SPT24568,1224-PF-VN-ROSANAS-URGELL,Vietnam,Full,ElasticNet,3,0,0.005563774611800909,0
6962,SPT24583,1224-PF-VN-ROSANAS-URGELL,Vietnam,Full,ElasticNet,3,1,0.4447968900203705,0
6963,SPT24585,1224-PF-VN-ROSANAS-URGELL,Vietnam,Full,ElasticNet,3,1,0.4612369239330292,0
6964,SPT24587,1224-PF-VN-ROSANAS-URGELL,Vietnam,Full,ElasticNet,3,1,0.5216665863990784,1
6965,SPT24589,1224-PF-VN-ROSANAS-URGELL,Vietnam,Full,ElasticNet,3,1,0.4388197362422943,0
6966,SPT24590,1224-PF-VN-ROSANAS-URGELL,Vietnam,Full,ElasticNet,3,1,0.4627135992050171,0
6967,SPT24591,1224-PF-VN-ROSANAS-URGELL,Vietnam,Full,ElasticNet,3,1,0.4418499171733856,0
6968,SPT24593,1224-PF-VN-ROSANAS-URGELL,Vietnam,Full,ElasticNet,3,1,0.5934939980506897,1
6969,SPT24601,1224-PF-VN-ROSANAS-URGELL,Vietnam,Full,ElasticNet,3,1,0.4625794291496277,0
6970,SPT24602,1224-PF-VN-ROSANAS-URGELL,Vietnam,Full,ElasticNet,3,1,0.4359336197376251,0
6971,SPT24603,1224-PF-VN-ROSANAS-URGELL,Vietnam,Full,ElasticNet,3,1,0.4630563259124756,0
6972,SPT24604,1224-PF-VN-ROSANAS-URGELL,Vietnam,Full,ElasticNet,3,1,0.5222526788711548,1
6973,SPT24607,1224-PF-VN-ROSANAS-URGELL,Vietnam,Full,ElasticNet,3,1,0.4632680118083954,0
6974,SPT24608,1224-PF-VN-ROSANAS-URGELL,Vietnam,Full,ElasticNet,3,1,0.4635458290576935,0
6975,SPT24610,1224-PF-VN-ROSANAS-URGELL,Vietnam,Full,ElasticNet,3,1,0.4292154908180237,0
6976,SPT24613,1224-PF-VN-ROSANAS-URGELL,Vietnam,Full,ElasticNet,3,1,0.4782576262950897,0
6977,SPT24616,1224-PF-VN-ROSANAS-URGELL,Vietnam,Full,ElasticNet,3,1,0.43070435523986816,0
6978,SPT24617,1224-PF-VN-ROSANAS-URGELL,Vietnam,Full,ElasticNet,3,1,0.46290016174316406,0
6979,SPT24618,1224-PF-VN-ROSANAS-URGELL,Vietnam,Full,ElasticNet,3,1,0.5037044882774353,1
6980,SPT24620,1224-PF-VN-ROSANAS-URGELL,Vietnam,Full,ElasticNet,3,1,0.4635987877845764,0
6981,SPT24621,1224-PF-VN-ROSANAS-URGELL,Vietnam,Full,ElasticNet,3,1,0.28637534379959106,0
6982,SPT24624,1224-PF-VN-ROSANAS-URGELL,Vietnam,Full,ElasticNet,3,1,0.46369469165802,0
6983,SPT24625,1224-PF-VN-ROSANAS-URGELL,Vietnam,Full,ElasticNet,3,1,0.8022720813751221,1
6984,SPT24626,1224-PF-VN-ROSANAS-URGELL,Vietnam,Full,ElasticNet,3,1,0.426840603351593,0
6985,SPT24627,1224-PF-VN-ROSANAS-URGELL,Vietnam,Full,ElasticNet,3,1,0.4239816665649414,0
6986,SPT24630,1224-PF-VN-ROSANAS-URGELL,Vietnam,Full,ElasticNet,3,1,0.4935654103755951,0
6987,SPT24634,1224-PF-VN-ROSANAS-URGELL,Vietnam,Full,ElasticNet,3,1,0.4323776960372925,0
6988,SPT24635,1224-PF-VN-ROSANAS-URGELL,Vietnam,Full,ElasticNet,3,1,0.45995309948921204,0
6989,SPT24636,1224-PF-VN-ROSANAS-URGELL,Vietnam,Full,ElasticNet,3,1,0.4326951801776886,0
6990,SPT24638,1224-PF-VN-ROSANAS-URGELL,Vietnam,Full,ElasticNet,3,1,0.11788644641637802,0
6991,SPT24639,1224-PF-VN-ROSANAS-URGELL,Vietnam,Full,ElasticNet,3,1,0.4629444479942322,0
6992,SPT24641,1224-PF-VN-ROSANAS-URGELL,Vietnam,Full,ElasticNet,3,1,0.522121250629425,1
6993,SPT24642,1224-PF-VN-ROSANAS-URGELL,Vietnam,Full,ElasticNet,3,1,0.4631486237049103,0
6994,SPT24643,1224-PF-VN-ROSANAS-URGELL,Vietnam,Full,ElasticNet,3,1,0.46321767568588257,0
6995,SPT24644,1224-PF-VN-ROSANAS-URGELL,Vietnam,Full,ElasticNet,3,1,0.40899819135665894,0
6996,SPT24645,1224-PF-VN-ROSANAS-URGELL,Vietnam,Full,ElasticNet,3,1,0.5221344828605652,1
6997,SPT24646,1224-PF-VN-ROSANAS-URGELL,Vietnam,Full,ElasticNet,3,1,0.5217354893684387,1
6998,SPT24647,1224-PF-VN-ROSANAS-URGELL,Vietnam,Full,ElasticNet,3,1,0.43265625834465027,0
6999,SPT24648,1224-PF-VN-ROSANAS-URGELL,Vietnam,Full,ElasticNet,3,1,0.4634304344654083,0
7000,SPT24649,1224-PF-VN-ROSANAS-URGELL,Vietnam,Full,ElasticNet,3,1,0.4634588062763214,0
7001,SPT24650,1224-PF-VN-ROSANAS-URGELL,Vietnam,Full,ElasticNet,3,1,0.4851871430873871,0
7002,SPT24653,1224-PF-VN-ROSANAS-URGELL,Vietnam,Full,ElasticNet,3,1,0.4054871201515198,0
7003,SPT24654,1224-PF-VN-ROSANAS-URGELL,Vietnam,Full,ElasticNet,3,1,0.46369469165802,0
7004,SPT24708,1224-PF-VN-ROSANAS-URGELL,Vietnam,Full,ElasticNet,3,0,0.0006618894985876977,0
7005,SPT24709,1224-PF-VN-ROSANAS-URGELL,Vietnam,Full,ElasticNet,3,0,0.002974169794470072,0
7006,SPT24716,1224-PF-VN-ROSANAS-URGELL,Vietnam,Full,ElasticNet,3,0,0.016867244616150856,0
7007,SPT24719,1224-PF-VN-ROSANAS-URGELL,Vietnam,Full,ElasticNet,3,0,0.0010243878932669759,0
7008,SPT24724,1224-PF-VN-ROSANAS-URGELL,Vietnam,Full,ElasticNet,3,0,0.0027489641215652227,0
7009,SPT24725,1224-PF-VN-ROSANAS-URGELL,Vietnam,Full,ElasticNet,3,0,0.004272488411515951,0
7010,SPT24730,1224-PF-VN-ROSANAS-URGELL,Vietnam,Full,ElasticNet,3,0,0.0037715379148721695,0
7011,SPT24733,1224-PF-VN-ROSANAS-URGELL,Vietnam,Full,ElasticNet,3,0,0.022355826571583748,0
7012,SPT24741,1224-PF-VN-ROSANAS-URGELL,Vietnam,Full,ElasticNet,3,0,0.022777393460273743,0
7013,SPT24755,1224-PF-VN-ROSANAS-URGELL,Vietnam,Full,ElasticNet,3,1,0.22398220002651215,0
7014,SPT24756,1224-PF-VN-ROSANAS-URGELL,Vietnam,Full,ElasticNet,3,1,0.2435709834098816,0
7015,SPT24758,1224-PF-VN-ROSANAS-URGELL,Vietnam,Full,ElasticNet,3,1,0.12017922848463058,0
7016,SPT24760,1224-PF-VN-ROSANAS-URGELL,Vietnam,Full,ElasticNet,3,1,0.12126840651035309,0
7017,SPT24763,1224-PF-VN-ROSANAS-URGELL,Vietnam,Full,ElasticNet,3,0,0.33351361751556396,0
7018,SPT24766,1224-PF-VN-ROSANAS-URGELL,Vietnam,Full,ElasticNet,3,1,0.026905130594968796,0
7019,SPT24771,1224-PF-VN-ROSANAS-URGELL,Vietnam,Full,ElasticNet,3,0,0.06789083033800125,0
7020,SPT24772,1224-PF-VN-ROSANAS-URGELL,Vietnam,Full,ElasticNet,3,0,0.009894195944070816,0
7021,SPT24773,1224-PF-VN-ROSANAS-URGELL,Vietnam,Full,ElasticNet,3,1,0.10812582075595856,0
7022,SPT24774,1224-PF-VN-ROSANAS-URGELL,Vietnam,Full,ElasticNet,3,1,0.026012226939201355,0
7023,SPT24781,1224-PF-VN-ROSANAS-URGELL,Vietnam,Full,ElasticNet,3,0,0.043865691870450974,0
7024,SPT24782,1224-PF-VN-ROSANAS-URGELL,Vietnam,Full,ElasticNet,3,1,0.20484337210655212,0
7025,SPT24785,1224-PF-VN-ROSANAS-URGELL,Vietnam,Full,ElasticNet,3,1,0.020392654463648796,0
7026,SPT24786,1224-PF-VN-ROSANAS-URGELL,Vietnam,Full,ElasticNet,3,1,0.04315764084458351,0
7027,SPT24787,1224-PF-VN-ROSANAS-URGELL,Vietnam,Full,ElasticNet,3,0,0.04060081019997597,0
7028,SPT24789,1224-PF-VN-ROSANAS-URGELL,Vietnam,Full,ElasticNet,3,1,0.016022952273488045,0
7029,SPT24792,1224-PF-VN-ROSANAS-URGELL,Vietnam,Full,ElasticNet,3,0,0.04145117849111557,0
7030,SPT24796,1224-PF-VN-ROSANAS-URGELL,Vietnam,Full,ElasticNet,3,0,0.05401454120874405,0
7031,SPT24814,1224-PF-VN-ROSANAS-URGELL,Vietnam,Full,ElasticNet,3,1,0.9858251214027405,1
7032,SPT24826,1224-PF-VN-ROSANAS-URGELL,Vietnam,Full,ElasticNet,3,0,0.0002973341615870595,0
7033,SPT24861,1224-PF-VN-ROSANAS-URGELL,Vietnam,Full,ElasticNet,3,0,0.001581478980369866,0
7034,SPT24899,1224-PF-VN-ROSANAS-URGELL,Vietnam,Full,ElasticNet,3,0,0.0011704475618898869,0
7035,SPT25104,1224-PF-VN-ROSANAS-URGELL,Vietnam,Full,ElasticNet,3,0,0.006341384723782539,0
7036,SPT25106,1224-PF-VN-ROSANAS-URGELL,Vietnam,Full,ElasticNet,3,1,0.38150128722190857,0
7037,SPT25108,1224-PF-VN-ROSANAS-URGELL,Vietnam,Full,ElasticNet,3,0,0.012402408756315708,0
7038,SPT25109,1224-PF-VN-ROSANAS-URGELL,Vietnam,Full,ElasticNet,3,1,0.0741182193160057,0
7039,SPT25110,1224-PF-VN-ROSANAS-URGELL,Vietnam,Full,ElasticNet,3,1,0.057977188378572464,0
7040,SPT25111,1224-PF-VN-ROSANAS-URGELL,Vietnam,Full,ElasticNet,3,1,0.4907159209251404,0
7041,SPT25112,1224-PF-VN-ROSANAS-URGELL,Vietnam,Full,ElasticNet,3,1,0.49118494987487793,0
7042,SPT25114,1224-PF-VN-ROSANAS-URGELL,Vietnam,Full,ElasticNet,3,1,0.4889492988586426,0
7043,SPT25115,1224-PF-VN-ROSANAS-URGELL,Vietnam,Full,ElasticNet,3,1,0.48854437470436096,0
7044,SPT25116,1224-PF-VN-ROSANAS-URGELL,Vietnam,Full,ElasticNet,3,0,0.015701357275247574,0
7045,SPT25120,1224-PF-VN-ROSANAS-URGELL,Vietnam,Full,ElasticNet,3,1,0.48776501417160034,0
7046,SPT25121,1224-PF-VN-ROSANAS-URGELL,Vietnam,Full,ElasticNet,3,1,0.3601091802120209,0
7047,SPT25122,1224-PF-VN-ROSANAS-URGELL,Vietnam,Full,ElasticNet,3,1,0.5523104071617126,1
7048,SPT25123,1224-PF-VN-ROSANAS-URGELL,Vietnam,Full,ElasticNet,3,1,0.34529855847358704,0
7049,SPT25124,1224-PF-VN-ROSANAS-URGELL,Vietnam,Full,ElasticNet,3,1,0.2708805203437805,0
7050,SPT25125,1224-PF-VN-ROSANAS-URGELL,Vietnam,Full,ElasticNet,3,1,0.3035154342651367,0
7051,SPT25126,1224-PF-VN-ROSANAS-URGELL,Vietnam,Full,ElasticNet,3,1,0.020684760063886642,0
7052,SPT25127,1224-PF-VN-ROSANAS-URGELL,Vietnam,Full,ElasticNet,3,1,0.26781049370765686,0
7053,SPT25128,1224-PF-VN-ROSANAS-URGELL,Vietnam,Full,ElasticNet,3,1,0.362161248922348,0
7054,SPT25129,1224-PF-VN-ROSANAS-URGELL,Vietnam,Full,ElasticNet,3,1,0.41990187764167786,0
7055,SPT25130,1224-PF-VN-ROSANAS-URGELL,Vietnam,Full,ElasticNet,3,1,0.43737849593162537,0
7056,SPT25132,1224-PF-VN-ROSANAS-URGELL,Vietnam,Full,ElasticNet,3,1,0.48959457874298096,0
7057,SPT25133,1224-PF-VN-ROSANAS-URGELL,Vietnam,Full,ElasticNet,3,1,0.4912841320037842,0
7058,SPT25135,1224-PF-VN-ROSANAS-URGELL,Vietnam,Full,ElasticNet,3,1,0.5491842031478882,1
7059,SPT25138,1224-PF-VN-ROSANAS-URGELL,Vietnam,Full,ElasticNet,3,1,0.07857698202133179,0
7060,SPT25139,1224-PF-VN-ROSANAS-URGELL,Vietnam,Full,ElasticNet,3,0,0.2452409565448761,0
7061,SPT25144,1224-PF-VN-ROSANAS-URGELL,Vietnam,Full,ElasticNet,3,1,0.15625041723251343,0
7062,SPT25145,1224-PF-VN-ROSANAS-URGELL,Vietnam,Full,ElasticNet,3,1,0.48682859539985657,0
7063,SPT25147,1224-PF-VN-ROSANAS-URGELL,Vietnam,Full,ElasticNet,3,0,0.2461932897567749,0
7064,SPT25151,1224-PF-VN-ROSANAS-URGELL,Vietnam,Full,ElasticNet,3,0,0.24424345791339874,0
7065,SPT25157,1224-PF-VN-ROSANAS-URGELL,Vietnam,Full,ElasticNet,3,1,0.5461967587471008,1
7066,SPT25158,1224-PF-VN-ROSANAS-URGELL,Vietnam,Full,ElasticNet,3,1,0.1067497581243515,0
7067,SPT25159,1224-PF-VN-ROSANAS-URGELL,Vietnam,Full,ElasticNet,3,0,0.007084738463163376,0
7068,SPT25160,1224-PF-VN-ROSANAS-URGELL,Vietnam,Full,ElasticNet,3,1,0.5455939173698425,1
7069,SPT25162,1224-PF-VN-ROSANAS-URGELL,Vietnam,Full,ElasticNet,3,1,0.19007618725299835,0
112,PD0459-Cx,1052-PF-TRAC-WHITE,Thailand,Full,ElasticNet,4,1,0.7942605018615723,1
113,PD0460-C,1052-PF-TRAC-WHITE,Thailand,Full,ElasticNet,4,0,0.3335738182067871,0
114,PD0461-C,1052-PF-TRAC-WHITE,Thailand,Full,ElasticNet,4,0,0.08315826952457428,0
115,PD0462-C,1052-PF-TRAC-WHITE,Thailand,Full,ElasticNet,4,1,0.5677207708358765,1
116,PD0467-C,1052-PF-TRAC-WHITE,Thailand,Full,ElasticNet,4,0,0.4712735116481781,0
117,PD0469-C,1052-PF-TRAC-WHITE,Thailand,Full,ElasticNet,4,0,0.0530296191573143,0
118,PD0470-C,1052-PF-TRAC-WHITE,Thailand,Full,ElasticNet,4,1,0.7132967710494995,1
119,PD0471-C,1052-PF-TRAC-WHITE,Thailand,Full,ElasticNet,4,1,0.561804473400116,1
120,PD0472-C,1052-PF-TRAC-WHITE,Thailand,Full,ElasticNet,4,0,0.2782488465309143,0
121,PD0473-C,1052-PF-TRAC-WHITE,Thailand,Full,ElasticNet,4,1,0.6210535764694214,1
122,PD0474-C,1052-PF-TRAC-WHITE,Thailand,Full,ElasticNet,4,0,0.377452552318573,0
123,PD0475-C,1052-PF-TRAC-WHITE,Thailand,Full,ElasticNet,4,0,0.5508180856704712,1
124,PD0476-C,1052-PF-TRAC-WHITE,Thailand,Full,ElasticNet,4,0,0.6467545628547668,1
125,PD0477-C,1052-PF-TRAC-WHITE,Thailand,Full,ElasticNet,4,1,0.6498021483421326,1
126,PD0478-C,1052-PF-TRAC-WHITE,Thailand,Full,ElasticNet,4,1,0.23698678612709045,0
127,PD0480-C,1052-PF-TRAC-WHITE,Thailand,Full,ElasticNet,4,1,0.38487064838409424,0
128,PD0481-C,1052-PF-TRAC-WHITE,Thailand,Full,ElasticNet,4,1,0.6141629815101624,1
129,PD0483-C,1052-PF-TRAC-WHITE,Thailand,Full,ElasticNet,4,0,0.6153510212898254,1
130,PD0487-C,1052-PF-TRAC-WHITE,Thailand,Full,ElasticNet,4,1,0.4054192304611206,0
131,PD0488-C,1052-PF-TRAC-WHITE,Thailand,Full,ElasticNet,4,0,0.5677752494812012,1
132,PD0489-C,1052-PF-TRAC-WHITE,Thailand,Full,ElasticNet,4,0,0.07197263091802597,0
133,PD0490-C,1052-PF-TRAC-WHITE,Thailand,Full,ElasticNet,4,0,0.5665472149848938,1
134,PD0491-C,1052-PF-TRAC-WHITE,Thailand,Full,ElasticNet,4,1,0.3206849992275238,0
135,PD0493-C,1052-PF-TRAC-WHITE,Thailand,Full,ElasticNet,4,0,0.17549142241477966,0
136,PD0494-C,1052-PF-TRAC-WHITE,Thailand,Full,ElasticNet,4,0,0.6168800592422485,1
137,PD0495-C,1052-PF-TRAC-WHITE,Thailand,Full,ElasticNet,4,1,0.5998346209526062,1
138,PD0496-C,1052-PF-TRAC-WHITE,Thailand,Full,ElasticNet,4,1,0.4544619023799896,0
139,PD0497-C,1052-PF-TRAC-WHITE,Thailand,Full,ElasticNet,4,1,0.4196203052997589,0
140,PD0498-C,1052-PF-TRAC-WHITE,Thailand,Full,ElasticNet,4,1,0.7627595067024231,1
141,PD0499-C,1052-PF-TRAC-WHITE,Thailand,Full,ElasticNet,4,1,0.2346871793270111,0
142,PD0500-C,1052-PF-TRAC-WHITE,Thailand,Full,ElasticNet,4,1,0.955797553062439,1
143,PD0501-C,1052-PF-TRAC-WHITE,Thailand,Full,ElasticNet,4,1,0.9554651975631714,1
144,PD0502-C,1052-PF-TRAC-WHITE,Thailand,Full,ElasticNet,4,1,0.7627540826797485,1
145,PD0503-C,1052-PF-TRAC-WHITE,Thailand,Full,ElasticNet,4,1,0.7650551795959473,1
146,PD0504-C,1052-PF-TRAC-WHITE,Thailand,Full,ElasticNet,4,1,0.6967224478721619,1
147,PD0505-C,1052-PF-TRAC-WHITE,Thailand,Full,ElasticNet,4,1,0.6967745423316956,1
148,PD0506-C,1052-PF-TRAC-WHITE,Thailand,Full,ElasticNet,4,1,0.6971328258514404,1
149,PD0507-C,1052-PF-TRAC-WHITE,Thailand,Full,ElasticNet,4,0,0.32150185108184814,0
150,PD0508-C,1052-PF-TRAC-WHITE,Thailand,Full,ElasticNet,4,1,0.6966454982757568,1
151,PD0509-Cx2,1052-PF-TRAC-WHITE,Thailand,Full,ElasticNet,4,1,0.6990372538566589,1
152,PD0510-C,1052-PF-TRAC-WHITE,Thailand,Full,ElasticNet,4,1,0.23416931927204132,0
153,PD0511-C,1052-PF-TRAC-WHITE,Thailand,Full,ElasticNet,4,0,0.41923341155052185,0
154,PD0512-C,1052-PF-TRAC-WHITE,Thailand,Full,ElasticNet,4,1,0.6471238136291504,1
155,PD0513-C,1052-PF-TRAC-WHITE,Thailand,Full,ElasticNet,4,1,0.5154966115951538,1
156,PD0514-C,1052-PF-TRAC-WHITE,Thailand,Full,ElasticNet,4,1,0.7509347796440125,1
157,PD0515-C,1052-PF-TRAC-WHITE,Thailand,Full,ElasticNet,4,1,0.3163969814777374,0
158,PD0516-C,1052-PF-TRAC-WHITE,Thailand,Full,ElasticNet,4,1,0.69431072473526,1
159,PD0518-C,1052-PF-TRAC-WHITE,Thailand,Full,ElasticNet,4,1,0.6926230192184448,1
160,PD0520-C,1052-PF-TRAC-WHITE,Thailand,Full,ElasticNet,4,1,0.6966323256492615,1
161,PD0521-C,1052-PF-TRAC-WHITE,Thailand,Full,ElasticNet,4,1,0.1546434909105301,0
162,PD0522-C,1052-PF-TRAC-WHITE,Thailand,Full,ElasticNet,4,1,0.48666784167289734,0
163,PD0523-C,1052-PF-TRAC-WHITE,Thailand,Full,ElasticNet,4,1,0.1546812653541565,0
164,PD0524-C,1052-PF-TRAC-WHITE,Thailand,Full,ElasticNet,4,0,0.5366361141204834,1
165,PD0525-C,1052-PF-TRAC-WHITE,Thailand,Full,ElasticNet,4,1,0.7220730781555176,1
166,PD0527-C,1052-PF-TRAC-WHITE,Thailand,Full,ElasticNet,4,1,0.6953939199447632,1
167,PD0528-C,1052-PF-TRAC-WHITE,Thailand,Full,ElasticNet,4,1,0.20246359705924988,0
168,PD0529-C,1052-PF-TRAC-WHITE,Thailand,Full,ElasticNet,4,1,0.1959402859210968,0
169,PD0530-C,1052-PF-TRAC-WHITE,Thailand,Full,ElasticNet,4,1,0.5679439902305603,1
170,PD0531-C,1052-PF-TRAC-WHITE,Thailand,Full,ElasticNet,4,1,0.5539155602455139,1
171,PD0532-C,1052-PF-TRAC-WHITE,Thailand,Full,ElasticNet,4,0,0.6820809841156006,1
172,PD0533-C,1052-PF-TRAC-WHITE,Thailand,Full,ElasticNet,4,1,0.6945589184761047,1
173,PD0534-C,1052-PF-TRAC-WHITE,Thailand,Full,ElasticNet,4,1,0.2589268982410431,0
174,PD0535-C,1052-PF-TRAC-WHITE,Thailand,Full,ElasticNet,4,1,0.6166929006576538,1
175,PD0536-C,1052-PF-TRAC-WHITE,Thailand,Full,ElasticNet,4,0,0.36823925375938416,0
176,PD0537-C,1052-PF-TRAC-WHITE,Thailand,Full,ElasticNet,4,1,0.30342379212379456,0
177,PD0538-C,1052-PF-TRAC-WHITE,Thailand,Full,ElasticNet,4,1,0.49101924896240234,0
178,PD0539-C,1052-PF-TRAC-WHITE,Thailand,Full,ElasticNet,4,1,0.2229924350976944,0
179,PD0540-C,1052-PF-TRAC-WHITE,Thailand,Full,ElasticNet,4,1,0.47186651825904846,0
180,PD0541-C,1052-PF-TRAC-WHITE,Thailand,Full,ElasticNet,4,0,0.09931360930204391,0
181,PD0543-C,1052-PF-TRAC-WHITE,Thailand,Full,ElasticNet,4,0,0.6399413347244263,1
182,PD0544-C,1052-PF-TRAC-WHITE,Thailand,Full,ElasticNet,4,0,0.5961501598358154,1
183,PD0545-C,1052-PF-TRAC-WHITE,Thailand,Full,ElasticNet,4,1,0.5008922219276428,1
184,PD0546-C,1052-PF-TRAC-WHITE,Thailand,Full,ElasticNet,4,1,0.6943967938423157,1
185,PD0547-C,1052-PF-TRAC-WHITE,Thailand,Full,ElasticNet,4,1,0.567852258682251,1
186,PD0548-C,1052-PF-TRAC-WHITE,Thailand,Full,ElasticNet,4,1,0.6099624633789062,1
187,PD0549-C,1052-PF-TRAC-WHITE,Thailand,Full,ElasticNet,4,1,0.6955242156982422,1
188,PD0550-C,1052-PF-TRAC-WHITE,Thailand,Full,ElasticNet,4,0,0.4869764745235443,0
189,PD0552-C,1052-PF-TRAC-WHITE,Thailand,Full,ElasticNet,4,1,0.5629477500915527,1
190,PD0553-C,1052-PF-TRAC-WHITE,Thailand,Full,ElasticNet,4,1,0.4513430595397949,0
191,PD0554-C,1052-PF-TRAC-WHITE,Thailand,Full,ElasticNet,4,1,0.2726346254348755,0
192,PD0556-C,1052-PF-TRAC-WHITE,Thailand,Full,ElasticNet,4,1,0.612030029296875,1
193,PD0557-C,1052-PF-TRAC-WHITE,Thailand,Full,ElasticNet,4,1,0.5651283264160156,1
194,PD0558-C,1052-PF-TRAC-WHITE,Thailand,Full,ElasticNet,4,1,0.40283316373825073,0
195,PD0559-C,1052-PF-TRAC-WHITE,Thailand,Full,ElasticNet,4,1,0.6036412715911865,1
196,PD0561-C,1052-PF-TRAC-WHITE,Thailand,Full,ElasticNet,4,0,0.3790949285030365,0
197,PD0562-C,1052-PF-TRAC-WHITE,Thailand,Full,ElasticNet,4,1,0.5607925653457642,1
198,PD0563-C,1052-PF-TRAC-WHITE,Thailand,Full,ElasticNet,4,1,0.6123086810112,1
199,PD0564-C,1052-PF-TRAC-WHITE,Thailand,Full,ElasticNet,4,1,0.6119284629821777,1
200,PD0565-C,1052-PF-TRAC-WHITE,Thailand,Full,ElasticNet,4,1,0.6151295900344849,1
201,PD0567-C,1052-PF-TRAC-WHITE,Thailand,Full,ElasticNet,4,0,0.6372665166854858,1
202,PD0569-C,1052-PF-TRAC-WHITE,Thailand,Full,ElasticNet,4,1,0.6935648918151855,1
203,PD0570-C,1052-PF-TRAC-WHITE,Thailand,Full,ElasticNet,4,1,0.7220085859298706,1
204,PD0571-C,1052-PF-TRAC-WHITE,Thailand,Full,ElasticNet,4,1,0.5227644443511963,1
205,PD0572-C,1052-PF-TRAC-WHITE,Thailand,Full,ElasticNet,4,1,0.6105982661247253,1
206,PD0573-C,1052-PF-TRAC-WHITE,Thailand,Full,ElasticNet,4,1,0.6965163350105286,1
207,PD0574-C,1052-PF-TRAC-WHITE,Thailand,Full,ElasticNet,4,0,0.4083569049835205,0
208,PD0575-C,1052-PF-TRAC-WHITE,Thailand,Full,ElasticNet,4,1,0.7977632284164429,1
209,PD0576-C,1052-PF-TRAC-WHITE,Thailand,Full,ElasticNet,4,1,0.7614611387252808,1
210,PD0578-C,1052-PF-TRAC-WHITE,Thailand,Full,ElasticNet,4,1,0.6282160878181458,1
211,PD0579-C,1052-PF-TRAC-WHITE,Thailand,Full,ElasticNet,4,1,0.765007734298706,1
212,PD0580-C,1052-PF-TRAC-WHITE,Thailand,Full,ElasticNet,4,1,0.7977292537689209,1
213,PD0581-C,1052-PF-TRAC-WHITE,Thailand,Full,ElasticNet,4,1,0.7411218881607056,1
214,PD0582-C,1052-PF-TRAC-WHITE,Thailand,Full,ElasticNet,4,0,0.5494982004165649,1
215,PD0583-C,1052-PF-TRAC-WHITE,Thailand,Full,ElasticNet,4,1,0.46622607111930847,0
216,PD0584-C,1052-PF-TRAC-WHITE,Thailand,Full,ElasticNet,4,1,0.4661821126937866,0
217,PD0585-C,1052-PF-TRAC-WHITE,Thailand,Full,ElasticNet,4,0,0.5319806933403015,1
218,PD0586-C,1052-PF-TRAC-WHITE,Thailand,Full,ElasticNet,4,0,0.5495592951774597,1
219,PD0587-C,1052-PF-TRAC-WHITE,Thailand,Full,ElasticNet,4,1,0.4669567048549652,0
220,PD0589-C,1052-PF-TRAC-WHITE,Thailand,Full,ElasticNet,4,0,0.03849821537733078,0
221,PD0590-C,1052-PF-TRAC-WHITE,Thailand,Full,ElasticNet,4,1,0.7392048835754395,1
222,PD0591-C,1052-PF-TRAC-WHITE,Thailand,Full,ElasticNet,4,1,0.6906529068946838,1
223,PD0626-C,1052-PF-TRAC-WHITE,Thailand,Full,ElasticNet,4,0,0.3484697937965393,0
224,PD0627-C,1052-PF-TRAC-WHITE,Thailand,Full,ElasticNet,4,1,0.3353602886199951,0
225,PD0629-C,1052-PF-TRAC-WHITE,Thailand,Full,ElasticNet,4,1,0.6787540912628174,1
226,PD0630-C,1052-PF-TRAC-WHITE,Thailand,Full,ElasticNet,4,0,0.5318371057510376,1
227,PD0632-C,1052-PF-TRAC-WHITE,Thailand,Full,ElasticNet,4,0,0.5683751702308655,1
228,PD0635-C,1052-PF-TRAC-WHITE,Thailand,Full,ElasticNet,4,1,0.6021748781204224,1
229,PD0636-C,1052-PF-TRAC-WHITE,Thailand,Full,ElasticNet,4,1,0.6901336908340454,1
230,PD0637-C,1052-PF-TRAC-WHITE,Thailand,Full,ElasticNet,4,0,0.1467369645833969,0
231,PD0638-C,1052-PF-TRAC-WHITE,Thailand,Full,ElasticNet,4,0,0.4775824546813965,0
232,PD0648-C,1052-PF-TRAC-WHITE,Thailand,Full,ElasticNet,4,1,0.6898654699325562,1
233,PD0651-C,1052-PF-TRAC-WHITE,Thailand,Full,ElasticNet,4,1,0.9636265635490417,1
234,PD0658-C,1052-PF-TRAC-WHITE,Thailand,Full,ElasticNet,4,1,0.7979034781455994,1
235,PD0659-C,1052-PF-TRAC-WHITE,Thailand,Full,ElasticNet,4,1,0.7978887557983398,1
236,PD0662-C,1052-PF-TRAC-WHITE,Thailand,Full,ElasticNet,4,1,0.7624469995498657,1
237,PD0663-C,1052-PF-TRAC-WHITE,Thailand,Full,ElasticNet,4,1,0.7981366515159607,1
238,PD0664-C,1052-PF-TRAC-WHITE,Thailand,Full,ElasticNet,4,1,0.762532114982605,1
239,PD0668-C,1052-PF-TRAC-WHITE,Thailand,Full,ElasticNet,4,1,0.8288598656654358,1
240,PD0670-C,1052-PF-TRAC-WHITE,Thailand,Full,ElasticNet,4,1,0.7980009913444519,1
852,PH0002-C,1011-PF-KH-SU,Cambodia,Full,ElasticNet,4,1,0.24563251435756683,0
853,PH0003-C,1011-PF-KH-SU,Cambodia,Full,ElasticNet,4,0,0.04572562500834465,0
854,PH0004-C,1011-PF-KH-SU,Cambodia,Full,ElasticNet,4,0,0.11162138730287552,0
855,PH0005-C,1011-PF-KH-SU,Cambodia,Full,ElasticNet,4,1,0.30983296036720276,0
856,PH0006-C,1011-PF-KH-SU,Cambodia,Full,ElasticNet,4,1,0.24646925926208496,0
857,PH0007-C,1011-PF-KH-SU,Cambodia,Full,ElasticNet,4,0,0.2645564675331116,0
858,PH0008-C,1011-PF-KH-SU,Cambodia,Full,ElasticNet,4,1,0.0873517319560051,0
859,PH0010-C,1011-PF-KH-SU,Cambodia,Full,ElasticNet,4,0,0.1633632779121399,0
860,PH0011-C,1011-PF-KH-SU,Cambodia,Full,ElasticNet,4,1,0.1886463612318039,0
861,PH0012-C,1011-PF-KH-SU,Cambodia,Full,ElasticNet,4,0,0.13726167380809784,0
862,PH0013-C,1011-PF-KH-SU,Cambodia,Full,ElasticNet,4,0,0.0354146882891655,0
863,PH0014-C,1011-PF-KH-SU,Cambodia,Full,ElasticNet,4,0,0.0836869552731514,0
864,PH0015-C,1011-PF-KH-SU,Cambodia,Full,ElasticNet,4,0,0.15201881527900696,0
865,PH0016-C,1011-PF-KH-SU,Cambodia,Full,ElasticNet,4,0,0.15117113292217255,0
866,PH0017-C,1011-PF-KH-SU,Cambodia,Full,ElasticNet,4,0,0.2862449288368225,0
867,PH0018-C,1011-PF-KH-SU,Cambodia,Full,ElasticNet,4,0,0.3607255220413208,0
868,PH0019-C,1011-PF-KH-SU,Cambodia,Full,ElasticNet,4,0,0.16510236263275146,0
869,PH0020-C,1011-PF-KH-SU,Cambodia,Full,ElasticNet,4,0,0.09009502828121185,0
870,PH0021-C,1012-PF-KH-WHITE,Cambodia,Full,ElasticNet,4,0,0.289437472820282,0
871,PH0022-C,1012-PF-KH-WHITE,Cambodia,Full,ElasticNet,4,1,0.5377722382545471,1
872,PH0023-C,1011-PF-KH-SU,Cambodia,Full,ElasticNet,4,0,0.6067318320274353,1
873,PH0024-C,1011-PF-KH-SU,Cambodia,Full,ElasticNet,4,1,0.23466506600379944,0
874,PH0026-C,1011-PF-KH-SU,Cambodia,Full,ElasticNet,4,1,0.39608895778656006,0
875,PH0027-Cx,1011-PF-KH-SU,Cambodia,Full,ElasticNet,4,1,0.5043731331825256,1
876,PH0028-Cx,1011-PF-KH-SU,Cambodia,Full,ElasticNet,4,1,0.4867716431617737,0
877,PH0031-Cx,1011-PF-KH-SU,Cambodia,Full,ElasticNet,4,1,0.45121246576309204,0
878,PH0042-C,1011-PF-KH-SU,Cambodia,Full,ElasticNet,4,0,0.1499210149049759,0
879,PH0043-C,1012-PF-KH-WHITE,Cambodia,Full,ElasticNet,4,1,0.20788346230983734,0
1148,PH0502-C,1052-PF-TRAC-WHITE,Cambodia,Full,ElasticNet,4,0,0.0061294385232031345,0
1149,PH0503-C,1052-PF-TRAC-WHITE,Cambodia,Full,ElasticNet,4,1,0.34397780895233154,0
1150,PH0505-C,1052-PF-TRAC-WHITE,Cambodia,Full,ElasticNet,4,0,0.0006709596491418779,0
1151,PH0506-C,1052-PF-TRAC-WHITE,Cambodia,Full,ElasticNet,4,0,0.005781164392828941,0
1152,PH0507-C,1052-PF-TRAC-WHITE,Cambodia,Full,ElasticNet,4,0,0.005798456724733114,0
1153,PH0508-C,1052-PF-TRAC-WHITE,Cambodia,Full,ElasticNet,4,0,0.022602075710892677,0
1154,PH0510-C,1052-PF-TRAC-WHITE,Cambodia,Full,ElasticNet,4,0,0.004136094357818365,0
1155,PH0511-C,1052-PF-TRAC-WHITE,Cambodia,Full,ElasticNet,4,0,0.0035823427606374025,0
1156,PH0513-C,1052-PF-TRAC-WHITE,Cambodia,Full,ElasticNet,4,0,0.006024261470884085,0
1157,PH0514-C,1052-PF-TRAC-WHITE,Cambodia,Full,ElasticNet,4,1,0.39533475041389465,0
1158,PH0515-C,1052-PF-TRAC-WHITE,Cambodia,Full,ElasticNet,4,1,0.6375983953475952,1
1159,PH0516-C,1052-PF-TRAC-WHITE,Cambodia,Full,ElasticNet,4,1,0.610755205154419,1
1160,PH0517-C,1052-PF-TRAC-WHITE,Cambodia,Full,ElasticNet,4,0,0.006671720650047064,0
1161,PH0518-C,1052-PF-TRAC-WHITE,Cambodia,Full,ElasticNet,4,0,0.5934130549430847,1
1162,PH0519-C,1052-PF-TRAC-WHITE,Cambodia,Full,ElasticNet,4,0,0.23519796133041382,0
1163,PH0520-C,1052-PF-TRAC-WHITE,Cambodia,Full,ElasticNet,4,1,0.5929520130157471,1
1164,PH0521-C,1052-PF-TRAC-WHITE,Cambodia,Full,ElasticNet,4,0,0.2355421632528305,0
1165,PH0522-C,1052-PF-TRAC-WHITE,Cambodia,Full,ElasticNet,4,0,0.09282553195953369,0
1166,PH0523-C,1052-PF-TRAC-WHITE,Cambodia,Full,ElasticNet,4,1,0.7748708128929138,1
1167,PH0524-C,1052-PF-TRAC-WHITE,Cambodia,Full,ElasticNet,4,0,0.0067410836927592754,0
1168,PH0525-C,1052-PF-TRAC-WHITE,Cambodia,Full,ElasticNet,4,1,0.5634039640426636,1
1169,PH0526-C,1052-PF-TRAC-WHITE,Cambodia,Full,ElasticNet,4,0,0.767207682132721,1
1170,PH0527-C,1052-PF-TRAC-WHITE,Cambodia,Full,ElasticNet,4,1,0.9734978079795837,1
1171,PH0528-C,1052-PF-TRAC-WHITE,Cambodia,Full,ElasticNet,4,1,0.701668381690979,1
1172,PH0529-C,1052-PF-TRAC-WHITE,Cambodia,Full,ElasticNet,4,1,0.7872834801673889,1
1173,PH0530-C,1052-PF-TRAC-WHITE,Cambodia,Full,ElasticNet,4,1,0.7622457146644592,1
1174,PH0531-C,1052-PF-TRAC-WHITE,Cambodia,Full,ElasticNet,4,1,0.7221928834915161,1
1175,PH0532-C,1052-PF-TRAC-WHITE,Cambodia,Full,ElasticNet,4,1,0.7629392743110657,1
1176,PH0533-C,1052-PF-TRAC-WHITE,Cambodia,Full,ElasticNet,4,1,0.9790121912956238,1
1177,PH0534-C,1052-PF-TRAC-WHITE,Cambodia,Full,ElasticNet,4,1,0.670989453792572,1
1178,PH0535-C,1052-PF-TRAC-WHITE,Cambodia,Full,ElasticNet,4,1,0.7633918523788452,1
1179,PH0536-C,1052-PF-TRAC-WHITE,Cambodia,Full,ElasticNet,4,1,0.9029152393341064,1
1180,PH0537-C,1052-PF-TRAC-WHITE,Cambodia,Full,ElasticNet,4,1,0.7626639008522034,1
1181,PH0538-C,1052-PF-TRAC-WHITE,Cambodia,Full,ElasticNet,4,1,0.5734256505966187,1
1182,PH0539-C,1052-PF-TRAC-WHITE,Cambodia,Full,ElasticNet,4,1,0.9746466279029846,1
1183,PH0540-C,1052-PF-TRAC-WHITE,Cambodia,Full,ElasticNet,4,1,0.97896808385849,1
1184,PH0541-C,1052-PF-TRAC-WHITE,Cambodia,Full,ElasticNet,4,1,0.9606941938400269,1
1185,PH0542-C,1052-PF-TRAC-WHITE,Cambodia,Full,ElasticNet,4,0,0.8604901432991028,1
1186,PH0543-C,1052-PF-TRAC-WHITE,Cambodia,Full,ElasticNet,4,1,0.9786710143089294,1
1187,PH0544-C,1052-PF-TRAC-WHITE,Cambodia,Full,ElasticNet,4,1,0.7855800986289978,1
1188,PH0545-C,1052-PF-TRAC-WHITE,Cambodia,Full,ElasticNet,4,0,0.7764304876327515,1
1189,PH0546-C,1052-PF-TRAC-WHITE,Cambodia,Full,ElasticNet,4,0,0.609176754951477,1
1190,PH0547-C,1052-PF-TRAC-WHITE,Cambodia,Full,ElasticNet,4,1,0.786220371723175,1
1191,PH0548-C,1052-PF-TRAC-WHITE,Cambodia,Full,ElasticNet,4,1,0.4641251266002655,0
1192,PH0549-C,1052-PF-TRAC-WHITE,Cambodia,Full,ElasticNet,4,1,0.23022623360157013,0
1193,PH0551-C,1052-PF-TRAC-WHITE,Cambodia,Full,ElasticNet,4,1,0.8824567198753357,1
1194,PH0552-C,1052-PF-TRAC-WHITE,Cambodia,Full,ElasticNet,4,1,0.9745733737945557,1
1195,PH0553-C,1052-PF-TRAC-WHITE,Cambodia,Full,ElasticNet,4,1,0.7400251030921936,1
1196,PH0554-C,1052-PF-TRAC-WHITE,Cambodia,Full,ElasticNet,4,1,0.74024498462677,1
1197,PH0555-C,1052-PF-TRAC-WHITE,Cambodia,Full,ElasticNet,4,0,0.9196203947067261,1
1198,PH0556-C,1052-PF-TRAC-WHITE,Cambodia,Full,ElasticNet,4,1,0.9490923881530762,1
1199,PH0557-C,1052-PF-TRAC-WHITE,Cambodia,Full,ElasticNet,4,0,0.6701684594154358,1
1200,PH0558-C,1052-PF-TRAC-WHITE,Cambodia,Full,ElasticNet,4,1,0.9602610468864441,1
1201,PH0559-C,1052-PF-TRAC-WHITE,Cambodia,Full,ElasticNet,4,1,0.7403206825256348,1
1202,PH0560-C,1052-PF-TRAC-WHITE,Cambodia,Full,ElasticNet,4,1,0.809441089630127,1
1203,PH0561-C,1052-PF-TRAC-WHITE,Cambodia,Full,ElasticNet,4,1,0.9577661156654358,1
1204,PH0562-C,1052-PF-TRAC-WHITE,Cambodia,Full,ElasticNet,4,1,0.9628603458404541,1
1205,PH0563-C,1052-PF-TRAC-WHITE,Cambodia,Full,ElasticNet,4,1,0.7519277334213257,1
1206,PH0564-C,1052-PF-TRAC-WHITE,Cambodia,Full,ElasticNet,4,0,0.7669754028320312,1
1207,PH0565-C,1052-PF-TRAC-WHITE,Cambodia,Full,ElasticNet,4,1,0.975257396697998,1
1208,PH0566-C,1052-PF-TRAC-WHITE,Cambodia,Full,ElasticNet,4,1,0.9586393237113953,1
1209,PH0568-C,1052-PF-TRAC-WHITE,Cambodia,Full,ElasticNet,4,1,0.7117171883583069,1
1210,PH0569-C,1052-PF-TRAC-WHITE,Cambodia,Full,ElasticNet,4,0,0.2535358965396881,0
1211,PH0570-C,1052-PF-TRAC-WHITE,Cambodia,Full,ElasticNet,4,1,0.9785354733467102,1
1212,PH0571-C,1052-PF-TRAC-WHITE,Cambodia,Full,ElasticNet,4,0,0.6210708022117615,1
1213,PH0572-C,1052-PF-TRAC-WHITE,Cambodia,Full,ElasticNet,4,1,0.9457380771636963,1
1214,PH0574-C,1052-PF-TRAC-WHITE,Cambodia,Full,ElasticNet,4,0,0.04435274749994278,0
1215,PH0576-C,1052-PF-TRAC-WHITE,Cambodia,Full,ElasticNet,4,1,0.5299984216690063,1
1216,PH0578-C,1052-PF-TRAC-WHITE,Cambodia,Full,ElasticNet,4,1,0.9745003581047058,1
1217,PH0579-C,1052-PF-TRAC-WHITE,Cambodia,Full,ElasticNet,4,1,0.39396944642066956,0
1218,PH0582-C,1052-PF-TRAC-WHITE,Cambodia,Full,ElasticNet,4,0,0.5189990401268005,1
1219,PH0583-C,1052-PF-TRAC-WHITE,Cambodia,Full,ElasticNet,4,1,0.7833582758903503,1
1220,PH0584-C,1052-PF-TRAC-WHITE,Cambodia,Full,ElasticNet,4,1,0.9751790165901184,1
1221,PH0585-C,1052-PF-TRAC-WHITE,Cambodia,Full,ElasticNet,4,0,0.04268835484981537,0
1222,PH0586-C,1052-PF-TRAC-WHITE,Cambodia,Full,ElasticNet,4,1,0.5647785067558289,1
1223,PH0587-C,1052-PF-TRAC-WHITE,Cambodia,Full,ElasticNet,4,1,0.5652068257331848,1
1224,PH0588-C,1052-PF-TRAC-WHITE,Cambodia,Full,ElasticNet,4,0,0.001996875274926424,0
1225,PH0589-C,1052-PF-TRAC-WHITE,Cambodia,Full,ElasticNet,4,0,0.00576488533988595,0
1226,PH0590-C,1052-PF-TRAC-WHITE,Cambodia,Full,ElasticNet,4,0,0.0026073993649333715,0
1227,PH0592-C,1052-PF-TRAC-WHITE,Cambodia,Full,ElasticNet,4,0,0.565460741519928,1
1228,PH0593-C,1052-PF-TRAC-WHITE,Cambodia,Full,ElasticNet,4,0,0.12788431346416473,0
1229,PH0594-C,1052-PF-TRAC-WHITE,Cambodia,Full,ElasticNet,4,0,0.011535688303411007,0
1230,PH0596-C,1052-PF-TRAC-WHITE,Cambodia,Full,ElasticNet,4,1,0.46275418996810913,0
1231,PH0597-C,1052-PF-TRAC-WHITE,Cambodia,Full,ElasticNet,4,0,0.016130344942212105,0
1232,PH0598-C,1052-PF-TRAC-WHITE,Cambodia,Full,ElasticNet,4,0,0.005397431086748838,0
1233,PH0599-C,1052-PF-TRAC-WHITE,Cambodia,Full,ElasticNet,4,0,0.029043983668088913,0
1234,PH0600-C,1052-PF-TRAC-WHITE,Cambodia,Full,ElasticNet,4,0,0.029060060158371925,0
1235,PH0601-C,1052-PF-TRAC-WHITE,Cambodia,Full,ElasticNet,4,0,0.5910767912864685,1
1236,PH0602-C,1052-PF-TRAC-WHITE,Cambodia,Full,ElasticNet,4,1,0.39553162455558777,0
1237,PH0603-C,1052-PF-TRAC-WHITE,Cambodia,Full,ElasticNet,4,0,0.0024936466943472624,0
1238,PH0604-C,1052-PF-TRAC-WHITE,Cambodia,Full,ElasticNet,4,0,0.042644843459129333,0
1239,PH0605-C,1052-PF-TRAC-WHITE,Cambodia,Full,ElasticNet,4,0,0.5935637950897217,1
1240,PH0608-C,1052-PF-TRAC-WHITE,Cambodia,Full,ElasticNet,4,0,0.031933072954416275,0
1241,PH0609-C,1052-PF-TRAC-WHITE,Cambodia,Full,ElasticNet,4,0,0.05791543796658516,0
1242,PH0610-C,1052-PF-TRAC-WHITE,Cambodia,Full,ElasticNet,4,0,0.029251670464873314,0
1243,PH0611-C,1052-PF-TRAC-WHITE,Cambodia,Full,ElasticNet,4,1,0.40832510590553284,0
1244,PH0612-C,1052-PF-TRAC-WHITE,Cambodia,Full,ElasticNet,4,0,0.04312712699174881,0
1245,PH0613-C,1052-PF-TRAC-WHITE,Cambodia,Full,ElasticNet,4,0,0.05032874271273613,0
1246,PH0614-C,1052-PF-TRAC-WHITE,Cambodia,Full,ElasticNet,4,0,0.003193543991073966,0
1247,PH0617-C,1052-PF-TRAC-WHITE,Cambodia,Full,ElasticNet,4,0,0.003076899331063032,0
1248,PH0619-C,1052-PF-TRAC-WHITE,Cambodia,Full,ElasticNet,4,0,0.0028917030431330204,0
1249,PH0621-C,1052-PF-TRAC-WHITE,Cambodia,Full,ElasticNet,4,0,0.003246758133172989,0
1250,PH0623-C,1052-PF-TRAC-WHITE,Cambodia,Full,ElasticNet,4,0,0.01196112111210823,0
1251,PH0624-C,1052-PF-TRAC-WHITE,Cambodia,Full,ElasticNet,4,0,0.004048969596624374,0
1252,PH0625-C,1052-PF-TRAC-WHITE,Cambodia,Full,ElasticNet,4,0,0.002288668882101774,0
1253,PH0626-C,1052-PF-TRAC-WHITE,Cambodia,Full,ElasticNet,4,0,0.03744099289178848,0
1254,PH0627-C,1052-PF-TRAC-WHITE,Cambodia,Full,ElasticNet,4,0,0.000871500582434237,0
1255,PH0628-C,1052-PF-TRAC-WHITE,Cambodia,Full,ElasticNet,4,0,0.0008597365813329816,0
1256,PH0629-C,1052-PF-TRAC-WHITE,Cambodia,Full,ElasticNet,4,0,0.0038655020762234926,0
1257,PH0630-C,1052-PF-TRAC-WHITE,Cambodia,Full,ElasticNet,4,0,0.002634631935507059,0
1258,PH0631-C,1052-PF-TRAC-WHITE,Cambodia,Full,ElasticNet,4,0,0.0022326898761093616,0
1259,PH0632-C,1052-PF-TRAC-WHITE,Cambodia,Full,ElasticNet,4,0,0.003530539106577635,0
1260,PH0633-C,1052-PF-TRAC-WHITE,Cambodia,Full,ElasticNet,4,0,0.04951377213001251,0
1261,PH0634-C,1052-PF-TRAC-WHITE,Cambodia,Full,ElasticNet,4,0,0.0031011425890028477,0
1262,PH0635-C,1052-PF-TRAC-WHITE,Cambodia,Full,ElasticNet,4,0,0.031942300498485565,0
1263,PH0636-C,1052-PF-TRAC-WHITE,Cambodia,Full,ElasticNet,4,0,0.09131495654582977,0
1264,PH0637-C,1052-PF-TRAC-WHITE,Cambodia,Full,ElasticNet,4,0,0.012967017479240894,0
1265,PH0639-C,1052-PF-TRAC-WHITE,Cambodia,Full,ElasticNet,4,0,0.04956546425819397,0
1266,PH0640-C,1052-PF-TRAC-WHITE,Cambodia,Full,ElasticNet,4,0,0.01997941918671131,0
1267,PH0641-C,1052-PF-TRAC-WHITE,Cambodia,Full,ElasticNet,4,0,0.0099442508071661,0
1268,PH0642-C,1052-PF-TRAC-WHITE,Cambodia,Full,ElasticNet,4,0,0.0006517146830447018,0
1269,PH0643-C,1052-PF-TRAC-WHITE,Cambodia,Full,ElasticNet,4,0,0.004246518015861511,0
1270,PH0644-C,1052-PF-TRAC-WHITE,Cambodia,Full,ElasticNet,4,0,0.023153206333518028,0
1271,PH0645-C,1052-PF-TRAC-WHITE,Cambodia,Full,ElasticNet,4,0,0.00265708239749074,0
1272,PH0646-C,1052-PF-TRAC-WHITE,Cambodia,Full,ElasticNet,4,0,0.000818661879748106,0
1273,PH0647-C,1052-PF-TRAC-WHITE,Cambodia,Full,ElasticNet,4,0,0.005761365871876478,0
1274,PH0648-C,1052-PF-TRAC-WHITE,Cambodia,Full,ElasticNet,4,0,0.013663562946021557,0
1275,PH0650-C,1052-PF-TRAC-WHITE,Cambodia,Full,ElasticNet,4,0,0.011525357142090797,0
1276,PH0651-C,1052-PF-TRAC-WHITE,Cambodia,Full,ElasticNet,4,0,0.0019489523256197572,0
1277,PH0676-C,1052-PF-TRAC-WHITE,Cambodia,Full,ElasticNet,4,1,0.9751689434051514,1
1278,PH0677-C,1052-PF-TRAC-WHITE,Cambodia,Full,ElasticNet,4,1,0.7773995995521545,1
1279,PH0678-C,1052-PF-TRAC-WHITE,Cambodia,Full,ElasticNet,4,0,0.5045588612556458,1
1280,PH0679-C,1052-PF-TRAC-WHITE,Cambodia,Full,ElasticNet,4,0,0.3523142337799072,0
1281,PH0680-C,1052-PF-TRAC-WHITE,Cambodia,Full,ElasticNet,4,1,0.9634461402893066,1
1282,PH0681-C,1052-PF-TRAC-WHITE,Cambodia,Full,ElasticNet,4,1,0.49221017956733704,0
1283,PH0682-C,1052-PF-TRAC-WHITE,Cambodia,Full,ElasticNet,4,1,0.9746332764625549,1
1284,PH0683-C,1052-PF-TRAC-WHITE,Cambodia,Full,ElasticNet,4,1,0.8847062587738037,1
1285,PH0684-C,1052-PF-TRAC-WHITE,Cambodia,Full,ElasticNet,4,1,0.9539109468460083,1
1286,PH0685-C,1052-PF-TRAC-WHITE,Cambodia,Full,ElasticNet,4,1,0.8273124098777771,1
1287,PH0686-C,1052-PF-TRAC-WHITE,Cambodia,Full,ElasticNet,4,1,0.9728358387947083,1
1288,PH0687-C,1052-PF-TRAC-WHITE,Cambodia,Full,ElasticNet,4,1,0.7629050612449646,1
1289,PH0692-C,1052-PF-TRAC-WHITE,Cambodia,Full,ElasticNet,4,1,0.9747101664543152,1
1290,PH0694-C,1052-PF-TRAC-WHITE,Cambodia,Full,ElasticNet,4,1,0.9746201038360596,1
1291,PH0695-C,1052-PF-TRAC-WHITE,Cambodia,Full,ElasticNet,4,1,0.9346367716789246,1
1292,PH0696-C,1052-PF-TRAC-WHITE,Cambodia,Full,ElasticNet,4,1,0.7631904482841492,1
1293,PH0697-C,1052-PF-TRAC-WHITE,Cambodia,Full,ElasticNet,4,1,0.8072187304496765,1
1294,PH0698-C,1052-PF-TRAC-WHITE,Cambodia,Full,ElasticNet,4,0,0.23925048112869263,0
1295,PH0700-C,1052-PF-TRAC-WHITE,Cambodia,Full,ElasticNet,4,1,0.7529782652854919,1
1296,PH0701-C,1052-PF-TRAC-WHITE,Cambodia,Full,ElasticNet,4,1,0.5016177892684937,1
1297,PH0702-C,1052-PF-TRAC-WHITE,Cambodia,Full,ElasticNet,4,1,0.9600223302841187,1
1298,PH0703-C,1052-PF-TRAC-WHITE,Cambodia,Full,ElasticNet,4,1,0.5577202439308167,1
1299,PH0704-C,1052-PF-TRAC-WHITE,Cambodia,Full,ElasticNet,4,0,0.1360732764005661,0
1300,PH0706-C,1052-PF-TRAC-WHITE,Cambodia,Full,ElasticNet,4,1,0.9417714476585388,1
1301,PH0707-C,1052-PF-TRAC-WHITE,Cambodia,Full,ElasticNet,4,1,0.4098243713378906,0
1302,PH0708-C,1052-PF-TRAC-WHITE,Cambodia,Full,ElasticNet,4,1,0.7751739025115967,1
1303,PH0709-C,1052-PF-TRAC-WHITE,Cambodia,Full,ElasticNet,4,0,0.80633944272995,1
1304,PH0712-C,1052-PF-TRAC-WHITE,Cambodia,Full,ElasticNet,4,1,0.9787443280220032,1
1305,PH0715-C,1052-PF-TRAC-WHITE,Cambodia,Full,ElasticNet,4,1,0.9282053112983704,1
1306,PH0716-C,1052-PF-TRAC-WHITE,Cambodia,Full,ElasticNet,4,1,0.9784017205238342,1
1307,PH0717-C,1052-PF-TRAC-WHITE,Cambodia,Full,ElasticNet,4,0,0.060182835906744,0
1308,PH0718-C,1052-PF-TRAC-WHITE,Cambodia,Full,ElasticNet,4,1,0.6277931332588196,1
1309,PH0719-C,1052-PF-TRAC-WHITE,Cambodia,Full,ElasticNet,4,1,0.7401936054229736,1
1310,PH0722-C,1052-PF-TRAC-WHITE,Cambodia,Full,ElasticNet,4,1,0.7400884032249451,1
1311,PH0723-C,1052-PF-TRAC-WHITE,Cambodia,Full,ElasticNet,4,1,0.9747225046157837,1
1312,PH0725-C,1052-PF-TRAC-WHITE,Cambodia,Full,ElasticNet,4,0,0.08493561297655106,0
1313,PH0727-C,1052-PF-TRAC-WHITE,Cambodia,Full,ElasticNet,4,0,0.023922400549054146,0
1314,PH0728-C,1052-PF-TRAC-WHITE,Cambodia,Full,ElasticNet,4,1,0.6108828783035278,1
1315,PH0729-C,1052-PF-TRAC-WHITE,Cambodia,Full,ElasticNet,4,0,0.11656200885772705,0
1316,PH0730-C,1052-PF-TRAC-WHITE,Cambodia,Full,ElasticNet,4,0,0.031278207898139954,0
1317,PH0731-C,1052-PF-TRAC-WHITE,Cambodia,Full,ElasticNet,4,1,0.7629033923149109,1
1318,PH0732-C,1052-PF-TRAC-WHITE,Cambodia,Full,ElasticNet,4,0,0.04272385314106941,0
1319,PH0734-C,1052-PF-TRAC-WHITE,Cambodia,Full,ElasticNet,4,0,0.004059530328959227,0
1320,PH0736-C,1052-PF-TRAC-WHITE,Cambodia,Full,ElasticNet,4,0,0.009053817950189114,0
1321,PH0737-C,1052-PF-TRAC-WHITE,Cambodia,Full,ElasticNet,4,0,0.003377739107236266,0
1322,PH0738-C,1052-PF-TRAC-WHITE,Cambodia,Full,ElasticNet,4,1,0.7742950320243835,1
1323,PH0739-C,1052-PF-TRAC-WHITE,Cambodia,Full,ElasticNet,4,0,0.07919182628393173,0
1324,PH0742-C,1052-PF-TRAC-WHITE,Cambodia,Full,ElasticNet,4,0,0.5829476118087769,1
1325,PH0743-C,1052-PF-TRAC-WHITE,Cambodia,Full,ElasticNet,4,0,0.5824685096740723,1
1326,PH0744-C,1052-PF-TRAC-WHITE,Cambodia,Full,ElasticNet,4,0,0.05178886651992798,0
1327,PH0745-C,1052-PF-TRAC-WHITE,Cambodia,Full,ElasticNet,4,1,0.7636219263076782,1
1328,PH0746-C,1052-PF-TRAC-WHITE,Cambodia,Full,ElasticNet,4,0,0.0069834524765610695,0
1329,PH0747-Cx,1052-PF-TRAC-WHITE,Cambodia,Full,ElasticNet,4,0,0.018969226628541946,0
1330,PH0749-C,1052-PF-TRAC-WHITE,Cambodia,Full,ElasticNet,4,0,0.0024951938539743423,0
1331,PH0750-Cx,1052-PF-TRAC-WHITE,Cambodia,Full,ElasticNet,4,0,0.004483380820602179,0
1332,PH0752-C,1052-PF-TRAC-WHITE,Cambodia,Full,ElasticNet,4,0,0.04259122535586357,0
1333,PH0753-Cx,1052-PF-TRAC-WHITE,Cambodia,Full,ElasticNet,4,1,0.5954294800758362,1
1334,PH0754-C,1052-PF-TRAC-WHITE,Cambodia,Full,ElasticNet,4,0,0.02057093381881714,0
1335,PH0755-C,1052-PF-TRAC-WHITE,Cambodia,Full,ElasticNet,4,1,0.5633249878883362,1
1336,PH0756-Cx,1052-PF-TRAC-WHITE,Cambodia,Full,ElasticNet,4,0,0.008453493006527424,0
1337,PH0757-C,1052-PF-TRAC-WHITE,Cambodia,Full,ElasticNet,4,1,0.6105556488037109,1
1338,PH0758-C,1052-PF-TRAC-WHITE,Cambodia,Full,ElasticNet,4,0,0.12095647305250168,0
1339,PH0759-C,1052-PF-TRAC-WHITE,Cambodia,Full,ElasticNet,4,0,0.07941383868455887,0
1340,PH0760-C,1052-PF-TRAC-WHITE,Cambodia,Full,ElasticNet,4,0,0.002101968275383115,0
1341,PH0761-C,1052-PF-TRAC-WHITE,Cambodia,Full,ElasticNet,4,0,0.02921614982187748,0
1342,PH0762-Cx,1052-PF-TRAC-WHITE,Cambodia,Full,ElasticNet,4,0,0.5686200857162476,1
1343,PH0763-C,1052-PF-TRAC-WHITE,Cambodia,Full,ElasticNet,4,0,0.24982672929763794,0
1344,PH0764-C,1052-PF-TRAC-WHITE,Cambodia,Full,ElasticNet,4,0,0.010715517215430737,0
1345,PH0765-C,1052-PF-TRAC-WHITE,Cambodia,Full,ElasticNet,4,0,0.12670457363128662,0
1346,PH0766-Cx,1052-PF-TRAC-WHITE,Cambodia,Full,ElasticNet,4,0,0.0016902792267501354,0
1347,PH0767-C,1052-PF-TRAC-WHITE,Cambodia,Full,ElasticNet,4,0,0.0010395626304671168,0
1348,PH0768-C,1052-PF-TRAC-WHITE,Cambodia,Full,ElasticNet,4,0,0.001151474192738533,0
1349,PH0769-C,1052-PF-TRAC-WHITE,Cambodia,Full,ElasticNet,4,0,0.0021946034394204617,0
1350,PH0770-C,1052-PF-TRAC-WHITE,Cambodia,Full,ElasticNet,4,0,0.07067666947841644,0
1351,PH0772-C,1052-PF-TRAC-WHITE,Cambodia,Full,ElasticNet,4,0,0.009641061536967754,0
1352,PH0773-Cx,1052-PF-TRAC-WHITE,Cambodia,Full,ElasticNet,4,0,0.12704122066497803,0
1353,PH0774-C,1052-PF-TRAC-WHITE,Cambodia,Full,ElasticNet,4,0,0.004117966629564762,0
1354,PH0775-Cx,1052-PF-TRAC-WHITE,Cambodia,Full,ElasticNet,4,0,0.03358890116214752,0
1355,PH0776-C,1052-PF-TRAC-WHITE,Cambodia,Full,ElasticNet,4,0,0.011765411123633385,0
1356,PH0777-C,1052-PF-TRAC-WHITE,Cambodia,Full,ElasticNet,4,0,0.0008513497887179255,0
1357,PH0778-C,1052-PF-TRAC-WHITE,Cambodia,Full,ElasticNet,4,0,0.004132295958697796,0
1358,PH0779-Cx,1052-PF-TRAC-WHITE,Cambodia,Full,ElasticNet,4,0,0.001646439079195261,0
1359,PH0780-C,1052-PF-TRAC-WHITE,Cambodia,Full,ElasticNet,4,0,0.007369671948254108,0
1360,PH0782-C,1052-PF-TRAC-WHITE,Cambodia,Full,ElasticNet,4,0,0.057551197707653046,0
1361,PH0783-C,1052-PF-TRAC-WHITE,Cambodia,Full,ElasticNet,4,0,0.004427204839885235,0
1362,PH0784-C,1052-PF-TRAC-WHITE,Cambodia,Full,ElasticNet,4,1,0.01002560369670391,0
1363,PH0785-Cx,1052-PF-TRAC-WHITE,Cambodia,Full,ElasticNet,4,0,0.012036903761327267,0
1364,PH0786-Cx,1052-PF-TRAC-WHITE,Cambodia,Full,ElasticNet,4,1,0.020914243534207344,0
1365,PH0788-C,1052-PF-TRAC-WHITE,Cambodia,Full,ElasticNet,4,0,0.039973996579647064,0
1366,PH0789-C,1052-PF-TRAC-WHITE,Cambodia,Full,ElasticNet,4,0,0.0030083877500146627,0
1367,PH0790-C,1052-PF-TRAC-WHITE,Cambodia,Full,ElasticNet,4,0,0.002378105651587248,0
1368,PH0793-C,1052-PF-TRAC-WHITE,Cambodia,Full,ElasticNet,4,0,0.0050640711560845375,0
1369,PH0794-C,1052-PF-TRAC-WHITE,Cambodia,Full,ElasticNet,4,0,0.0030131167732179165,0
1370,PH0795-C,1052-PF-TRAC-WHITE,Cambodia,Full,ElasticNet,4,0,0.012110010720789433,0
1371,PH0797-C,1052-PF-TRAC-WHITE,Cambodia,Full,ElasticNet,4,0,0.003033151151612401,0
1372,PH0800-C,1052-PF-TRAC-WHITE,Cambodia,Full,ElasticNet,4,0,0.0059994482435286045,0
1373,PH0801-C,1052-PF-TRAC-WHITE,Cambodia,Full,ElasticNet,4,0,0.012059533037245274,0
1374,PH0802-C,1052-PF-TRAC-WHITE,Cambodia,Full,ElasticNet,4,0,0.0013624466955661774,0
1375,PH0805-C,1052-PF-TRAC-WHITE,Cambodia,Full,ElasticNet,4,0,0.005313455127179623,0
1376,PH0807-C,1052-PF-TRAC-WHITE,Cambodia,Full,ElasticNet,4,0,0.008241482079029083,0
1377,PH0810-C,1052-PF-TRAC-WHITE,Cambodia,Full,ElasticNet,4,0,0.005686589051038027,0
1378,PH0811-C,1052-PF-TRAC-WHITE,Cambodia,Full,ElasticNet,4,0,0.002735281828790903,0
1379,PH0813-C,1052-PF-TRAC-WHITE,Cambodia,Full,ElasticNet,4,0,0.00667591905221343,0
1380,PH0814-Cx,1052-PF-TRAC-WHITE,Cambodia,Full,ElasticNet,4,0,0.32009679079055786,0
1381,PH0815-C,1052-PF-TRAC-WHITE,Cambodia,Full,ElasticNet,4,0,0.0015920193400233984,0
1382,PH0817-C,1052-PF-TRAC-WHITE,Cambodia,Full,ElasticNet,4,1,0.7065011858940125,1
1383,PH0818-C,1052-PF-TRAC-WHITE,Cambodia,Full,ElasticNet,4,1,0.9559385180473328,1
1384,PH0819-C,1052-PF-TRAC-WHITE,Cambodia,Full,ElasticNet,4,1,0.9162723422050476,1
1385,PH0820-C,1052-PF-TRAC-WHITE,Cambodia,Full,ElasticNet,4,1,0.9163615107536316,1
1386,PH0821-C,1052-PF-TRAC-WHITE,Cambodia,Full,ElasticNet,4,1,0.7078073024749756,1
1387,PH0822-C,1052-PF-TRAC-WHITE,Cambodia,Full,ElasticNet,4,1,0.9745478630065918,1
1388,PH0823-C,1052-PF-TRAC-WHITE,Cambodia,Full,ElasticNet,4,1,0.9164246916770935,1
1389,PH0824-C,1052-PF-TRAC-WHITE,Cambodia,Full,ElasticNet,4,1,0.652744710445404,1
1390,PH0825-C,1052-PF-TRAC-WHITE,Cambodia,Full,ElasticNet,4,1,0.9786525964736938,1
1391,PH0826-C,1052-PF-TRAC-WHITE,Cambodia,Full,ElasticNet,4,1,0.9558175206184387,1
1392,PH0828-C,1052-PF-TRAC-WHITE,Cambodia,Full,ElasticNet,4,1,0.9165312051773071,1
1393,PH0829-C,1052-PF-TRAC-WHITE,Cambodia,Full,ElasticNet,4,1,0.9770307540893555,1
1394,PH0830-C,1052-PF-TRAC-WHITE,Cambodia,Full,ElasticNet,4,1,0.8047558665275574,1
1395,PH0831-C,1052-PF-TRAC-WHITE,Cambodia,Full,ElasticNet,4,1,0.9753535389900208,1
1396,PH0832-C,1052-PF-TRAC-WHITE,Cambodia,Full,ElasticNet,4,1,0.4405868649482727,0
1397,PH0833-C,1052-PF-TRAC-WHITE,Cambodia,Full,ElasticNet,4,1,0.9558113813400269,1
1398,PH0834-C,1052-PF-TRAC-WHITE,Cambodia,Full,ElasticNet,4,1,0.4223404824733734,0
1399,PH0835-C,1052-PF-TRAC-WHITE,Cambodia,Full,ElasticNet,4,1,0.9746135473251343,1
1400,PH0836-C,1052-PF-TRAC-WHITE,Cambodia,Full,ElasticNet,4,1,0.7349228858947754,1
1401,PH0837-C,1052-PF-TRAC-WHITE,Cambodia,Full,ElasticNet,4,1,0.9557751417160034,1
1402,PH0838-C,1052-PF-TRAC-WHITE,Cambodia,Full,ElasticNet,4,1,0.9473702311515808,1
1403,PH0839-C,1052-PF-TRAC-WHITE,Cambodia,Full,ElasticNet,4,1,0.9164423942565918,1
1404,PH0840-C,1052-PF-TRAC-WHITE,Cambodia,Full,ElasticNet,4,1,0.9164544343948364,1
1405,PH0841-C,1052-PF-TRAC-WHITE,Cambodia,Full,ElasticNet,4,1,0.9748372435569763,1
1406,PH0842-C,1052-PF-TRAC-WHITE,Cambodia,Full,ElasticNet,4,1,0.8234707713127136,1
1407,PH0843-C,1052-PF-TRAC-WHITE,Cambodia,Full,ElasticNet,4,1,0.5438946485519409,1
1408,PH0844-C,1052-PF-TRAC-WHITE,Cambodia,Full,ElasticNet,4,1,0.8274567127227783,1
1409,PH0845-C,1052-PF-TRAC-WHITE,Cambodia,Full,ElasticNet,4,1,0.9721417427062988,1
1410,PH0846-C,1052-PF-TRAC-WHITE,Cambodia,Full,ElasticNet,4,1,0.9746564626693726,1
1411,PH0847-C,1052-PF-TRAC-WHITE,Cambodia,Full,ElasticNet,4,1,0.9559008479118347,1
1412,PH0848-C,1052-PF-TRAC-WHITE,Cambodia,Full,ElasticNet,4,0,0.005706829950213432,0
1413,PH0849-C,1052-PF-TRAC-WHITE,Cambodia,Full,ElasticNet,4,0,0.006708929780870676,0
1414,PH0850-C,1052-PF-TRAC-WHITE,Cambodia,Full,ElasticNet,4,1,0.9539478421211243,1
1415,PH0851-C,1052-PF-TRAC-WHITE,Cambodia,Full,ElasticNet,4,1,0.9745240807533264,1
1416,PH0852-C,1052-PF-TRAC-WHITE,Cambodia,Full,ElasticNet,4,1,0.7293899059295654,1
1417,PH0853-C,1052-PF-TRAC-WHITE,Cambodia,Full,ElasticNet,4,1,0.7291122674942017,1
1418,PH0854-C,1052-PF-TRAC-WHITE,Cambodia,Full,ElasticNet,4,1,0.9558535218238831,1
1419,PH0855-C,1052-PF-TRAC-WHITE,Cambodia,Full,ElasticNet,4,1,0.9557262659072876,1
1420,PH0856-C,1052-PF-TRAC-WHITE,Cambodia,Full,ElasticNet,4,1,0.22731250524520874,0
1421,PH0858-C,1052-PF-TRAC-WHITE,Cambodia,Full,ElasticNet,4,1,0.9558549523353577,1
1422,PH0860-Cx,1052-PF-TRAC-WHITE,Cambodia,Full,ElasticNet,4,1,0.8794994950294495,1
1423,PH0863-Cx,1052-PF-TRAC-WHITE,Cambodia,Full,ElasticNet,4,0,0.7984111905097961,1
1424,PH0865-C,1052-PF-TRAC-WHITE,Cambodia,Full,ElasticNet,4,0,0.020818356424570084,0
1425,PH0866-C,1052-PF-TRAC-WHITE,Cambodia,Full,ElasticNet,4,0,0.020808756351470947,0
1426,PH0868-Cx,1052-PF-TRAC-WHITE,Cambodia,Full,ElasticNet,4,1,0.9830740094184875,1
1427,PH0870-C,1052-PF-TRAC-WHITE,Cambodia,Full,ElasticNet,4,1,0.9633814096450806,1
1428,PH0871-C,1052-PF-TRAC-WHITE,Cambodia,Full,ElasticNet,4,0,0.6990216374397278,1
1429,PH0872-C,1052-PF-TRAC-WHITE,Cambodia,Full,ElasticNet,4,0,0.07009696960449219,0
1430,PH0873-Cx,1052-PF-TRAC-WHITE,Cambodia,Full,ElasticNet,4,0,0.7343173623085022,1
1431,PH0874-Cx,1052-PF-TRAC-WHITE,Cambodia,Full,ElasticNet,4,1,0.9830742478370667,1
1432,PH0875-C,1052-PF-TRAC-WHITE,Cambodia,Full,ElasticNet,4,0,0.04650898650288582,0
1433,PH0876-C,1052-PF-TRAC-WHITE,Cambodia,Full,ElasticNet,4,0,0.01218398753553629,0
1434,PH0877-C,1052-PF-TRAC-WHITE,Cambodia,Full,ElasticNet,4,0,0.032919932156801224,0
1435,PH0878-C,1052-PF-TRAC-WHITE,Cambodia,Full,ElasticNet,4,0,0.03283434361219406,0
1436,PH0879-C,1052-PF-TRAC-WHITE,Cambodia,Full,ElasticNet,4,0,0.03706729784607887,0
1437,PH0880-C,1052-PF-TRAC-WHITE,Cambodia,Full,ElasticNet,4,0,0.0070175910368561745,0
1438,PH0882-C,1052-PF-TRAC-WHITE,Cambodia,Full,ElasticNet,4,0,0.00454377755522728,0
1439,PH0885-Cx,1052-PF-TRAC-WHITE,Cambodia,Full,ElasticNet,4,0,0.09286385029554367,0
1440,PH0886-C,1052-PF-TRAC-WHITE,Cambodia,Full,ElasticNet,4,1,0.9558125734329224,1
1441,PH0887-C,1052-PF-TRAC-WHITE,Cambodia,Full,ElasticNet,4,1,0.7368065118789673,1
1442,PH0888-C,1052-PF-TRAC-WHITE,Cambodia,Full,ElasticNet,4,1,0.9752453565597534,1
1443,PH0889-C,1052-PF-TRAC-WHITE,Cambodia,Full,ElasticNet,4,1,0.9555856585502625,1
1444,PH0890-C,1052-PF-TRAC-WHITE,Cambodia,Full,ElasticNet,4,1,0.9753516912460327,1
1445,PH0891-Cx,1052-PF-TRAC-WHITE,Cambodia,Full,ElasticNet,4,1,0.9758867025375366,1
1446,PH0894-C,1052-PF-TRAC-WHITE,Cambodia,Full,ElasticNet,4,1,0.6558803915977478,1
1447,PH0895-C,1052-PF-TRAC-WHITE,Cambodia,Full,ElasticNet,4,0,0.8272183537483215,1
1448,PH0896-C,1052-PF-TRAC-WHITE,Cambodia,Full,ElasticNet,4,1,0.963712751865387,1
1449,PH0898-C,1052-PF-TRAC-WHITE,Cambodia,Full,ElasticNet,4,0,0.6685335636138916,1
1450,PH0899-C,1052-PF-TRAC-WHITE,Cambodia,Full,ElasticNet,4,1,0.9797341227531433,1
1451,PH0900-C,1052-PF-TRAC-WHITE,Cambodia,Full,ElasticNet,4,1,0.979750394821167,1
1452,PH0901-C,1052-PF-TRAC-WHITE,Cambodia,Full,ElasticNet,4,1,0.9775846600532532,1
1453,PH0902-C,1052-PF-TRAC-WHITE,Cambodia,Full,ElasticNet,4,1,0.9599836468696594,1
1454,PH0903-C,1052-PF-TRAC-WHITE,Cambodia,Full,ElasticNet,4,1,0.94028639793396,1
1455,PH0904-C,1052-PF-TRAC-WHITE,Cambodia,Full,ElasticNet,4,1,0.9797464609146118,1
1456,PH0905-C,1052-PF-TRAC-WHITE,Cambodia,Full,ElasticNet,4,0,0.6850112080574036,1
1457,PH0906-C,1052-PF-TRAC-WHITE,Cambodia,Full,ElasticNet,4,1,0.9367855191230774,1
1458,PH0907-C,1052-PF-TRAC-WHITE,Cambodia,Full,ElasticNet,4,1,0.9798182249069214,1
1459,PH0908-C,1052-PF-TRAC-WHITE,Cambodia,Full,ElasticNet,4,1,0.9797852635383606,1
1460,PH0909-C,1052-PF-TRAC-WHITE,Cambodia,Full,ElasticNet,4,1,0.9275705814361572,1
1461,PH0910-C,1052-PF-TRAC-WHITE,Cambodia,Full,ElasticNet,4,1,0.9795992374420166,1
1462,PH0911-Cx,1052-PF-TRAC-WHITE,Cambodia,Full,ElasticNet,4,1,0.9695320129394531,1
1463,PH0912-C,1052-PF-TRAC-WHITE,Cambodia,Full,ElasticNet,4,1,0.9798021912574768,1
1464,PH0915-C,1052-PF-TRAC-WHITE,Cambodia,Full,ElasticNet,4,1,0.9797732830047607,1
1465,PH0916-C,1052-PF-TRAC-WHITE,Cambodia,Full,ElasticNet,4,1,0.9714092016220093,1
1466,PH0917-Cx,1052-PF-TRAC-WHITE,Cambodia,Full,ElasticNet,4,0,0.3747332990169525,0
1467,PH0918-Cx,1052-PF-TRAC-WHITE,Cambodia,Full,ElasticNet,4,0,0.4508039057254791,0
1468,PH0920-Cx,1052-PF-TRAC-WHITE,Cambodia,Full,ElasticNet,4,1,0.7388186454772949,1
1469,PH0921-C,1052-PF-TRAC-WHITE,Cambodia,Full,ElasticNet,4,0,0.4995296895503998,0
1470,PH0923-Cx,1052-PF-TRAC-WHITE,Cambodia,Full,ElasticNet,4,0,0.0581602044403553,0
1471,PH0924-C,1052-PF-TRAC-WHITE,Cambodia,Full,ElasticNet,4,0,0.07003520429134369,0
1472,PH0925-C,1052-PF-TRAC-WHITE,Cambodia,Full,ElasticNet,4,0,0.051922380924224854,0
1473,PH0926-C,1052-PF-TRAC-WHITE,Cambodia,Full,ElasticNet,4,0,0.152720108628273,0
1474,PH0927-C,1052-PF-TRAC-WHITE,Cambodia,Full,ElasticNet,4,0,0.007216552272439003,0
1475,PH0928-C,1052-PF-TRAC-WHITE,Cambodia,Full,ElasticNet,4,0,0.0025076272431761026,0
1476,PH0929-C,1052-PF-TRAC-WHITE,Cambodia,Full,ElasticNet,4,0,0.07013088464736938,0
1477,PH0930-Cx,1052-PF-TRAC-WHITE,Cambodia,Full,ElasticNet,4,0,0.01091561745852232,0
1478,PH0931-C,1052-PF-TRAC-WHITE,Cambodia,Full,ElasticNet,4,0,0.06939388066530228,0
1479,PH0932-C,1052-PF-TRAC-WHITE,Cambodia,Full,ElasticNet,4,0,0.004789542872458696,0
1480,PH0933-C,1052-PF-TRAC-WHITE,Cambodia,Full,ElasticNet,4,0,0.035846106708049774,0
1481,PH0935-C,1052-PF-TRAC-WHITE,Cambodia,Full,ElasticNet,4,0,0.003980435896664858,0
1482,PH0936-C,1052-PF-TRAC-WHITE,Cambodia,Full,ElasticNet,4,0,0.008176436647772789,0
1483,PH0937-C,1052-PF-TRAC-WHITE,Cambodia,Full,ElasticNet,4,0,0.006907939445227385,0
1484,PH0938-C,1052-PF-TRAC-WHITE,Cambodia,Full,ElasticNet,4,0,0.0008305700030177832,0
1485,PH0939-C,1052-PF-TRAC-WHITE,Cambodia,Full,ElasticNet,4,0,0.014674371108412743,0
1486,PH0940-Cx,1052-PF-TRAC-WHITE,Cambodia,Full,ElasticNet,4,0,0.004866380710154772,0
1487,PH0941-C,1052-PF-TRAC-WHITE,Cambodia,Full,ElasticNet,4,0,0.001325563876889646,0
1488,PH0942-Cx,1052-PF-TRAC-WHITE,Cambodia,Full,ElasticNet,4,0,0.014804487116634846,0
1501,PH0976-C,1052-PF-TRAC-WHITE,Cambodia,Full,ElasticNet,4,0,0.05220767855644226,0
1502,PH0979-C,1052-PF-TRAC-WHITE,Cambodia,Full,ElasticNet,4,0,0.05172574892640114,0
1503,PH0980-C,1052-PF-TRAC-WHITE,Cambodia,Full,ElasticNet,4,0,0.008259082213044167,0
1504,PH0981-C,1052-PF-TRAC-WHITE,Cambodia,Full,ElasticNet,4,0,0.1532130092382431,0
1505,PH0982-C,1052-PF-TRAC-WHITE,Cambodia,Full,ElasticNet,4,0,0.5607988834381104,1
1506,PH0983-C,1052-PF-TRAC-WHITE,Cambodia,Full,ElasticNet,4,0,0.07002464681863785,0
1507,PH0984-C,1052-PF-TRAC-WHITE,Cambodia,Full,ElasticNet,4,0,0.1749887317419052,0
1508,PH0985-C,1052-PF-TRAC-WHITE,Cambodia,Full,ElasticNet,4,0,0.6390414834022522,1
1509,PH0986-C,1052-PF-TRAC-WHITE,Cambodia,Full,ElasticNet,4,1,0.7425886988639832,1
1510,PH0987-C,1052-PF-TRAC-WHITE,Cambodia,Full,ElasticNet,4,1,0.7412523627281189,1
1511,PH0991-C,1052-PF-TRAC-WHITE,Cambodia,Full,ElasticNet,4,1,0.9797621369361877,1
1512,PH0994-C,1052-PF-TRAC-WHITE,Cambodia,Full,ElasticNet,4,1,0.9796164035797119,1
1513,PH0996-C,1052-PF-TRAC-WHITE,Cambodia,Full,ElasticNet,4,1,0.9796342253684998,1
1514,PH0997-C,1052-PF-TRAC-WHITE,Cambodia,Full,ElasticNet,4,1,0.9795852899551392,1
1515,PH0999-C,1052-PF-TRAC-WHITE,Cambodia,Full,ElasticNet,4,1,0.9792415499687195,1
1516,PH1000-C,1052-PF-TRAC-WHITE,Cambodia,Full,ElasticNet,4,0,0.03909100592136383,0
1517,PH1001-C,1052-PF-TRAC-WHITE,Cambodia,Full,ElasticNet,4,1,0.9798356294631958,1
1518,PH1002-C,1052-PF-TRAC-WHITE,Cambodia,Full,ElasticNet,4,1,0.9797675609588623,1
1519,PH1003-C,1052-PF-TRAC-WHITE,Cambodia,Full,ElasticNet,4,1,0.9790976643562317,1
1520,PH1007-C,1052-PF-TRAC-WHITE,Cambodia,Full,ElasticNet,4,0,0.015567503869533539,0
1543,PH1136-C,1052-PF-TRAC-WHITE,Cambodia,Full,ElasticNet,4,1,0.9377339482307434,1
1544,PH1137-C,1052-PF-TRAC-WHITE,Cambodia,Full,ElasticNet,4,0,0.8978101015090942,1
1545,PH1138-C,1052-PF-TRAC-WHITE,Cambodia,Full,ElasticNet,4,0,0.739483654499054,1
1875,PV0244-C,1052-PF-TRAC-WHITE,Vietnam,Full,ElasticNet,4,1,0.07627559453248978,0
1876,PV0245-Cx2,1052-PF-TRAC-WHITE,Vietnam,Full,ElasticNet,4,0,0.015172267332673073,0
1877,PV0246-C,1052-PF-TRAC-WHITE,Vietnam,Full,ElasticNet,4,1,0.23541408777236938,0
1878,PV0247-Cx2,1052-PF-TRAC-WHITE,Vietnam,Full,ElasticNet,4,0,0.02464621514081955,0
1879,PV0248-C,1052-PF-TRAC-WHITE,Vietnam,Full,ElasticNet,4,0,0.008592230267822742,0
1880,PV0249-Cx,1052-PF-TRAC-WHITE,Vietnam,Full,ElasticNet,4,0,0.035493168979883194,0
1881,PV0250-C,1052-PF-TRAC-WHITE,Vietnam,Full,ElasticNet,4,0,0.012139088474214077,0
1882,PV0251-C,1052-PF-TRAC-WHITE,Vietnam,Full,ElasticNet,4,1,0.22506962716579437,0
1883,PV0252-C,1052-PF-TRAC-WHITE,Vietnam,Full,ElasticNet,4,0,0.006434678100049496,0
1884,PV0254-C,1052-PF-TRAC-WHITE,Vietnam,Full,ElasticNet,4,0,0.021580785512924194,0
1885,PV0256-C,1052-PF-TRAC-WHITE,Vietnam,Full,ElasticNet,4,0,0.0010063416557386518,0
1886,PV0257-C,1052-PF-TRAC-WHITE,Vietnam,Full,ElasticNet,4,0,0.004523816984146833,0
1887,PV0258-C,1052-PF-TRAC-WHITE,Vietnam,Full,ElasticNet,4,0,0.052053797990083694,0
1888,PV0259-C,1052-PF-TRAC-WHITE,Vietnam,Full,ElasticNet,4,1,0.39578068256378174,0
1889,PV0261-C,1052-PF-TRAC-WHITE,Vietnam,Full,ElasticNet,4,0,0.055655717849731445,0
1890,PV0262-C,1052-PF-TRAC-WHITE,Vietnam,Full,ElasticNet,4,1,0.7296101450920105,1
1891,PV0263-C,1052-PF-TRAC-WHITE,Vietnam,Full,ElasticNet,4,0,0.011635263450443745,0
1892,PV0265-C,1052-PF-TRAC-WHITE,Vietnam,Full,ElasticNet,4,0,0.0162215419113636,0
1893,PV0266-C,1052-PF-TRAC-WHITE,Vietnam,Full,ElasticNet,4,1,0.6454567909240723,1
1894,PV0267-C,1052-PF-TRAC-WHITE,Vietnam,Full,ElasticNet,4,1,0.019776154309511185,0
1895,PV0268-C,1052-PF-TRAC-WHITE,Vietnam,Full,ElasticNet,4,0,0.01058350782841444,0
1896,PV0269-C,1052-PF-TRAC-WHITE,Vietnam,Full,ElasticNet,4,1,0.020236853510141373,0
1897,PV0270-C,1052-PF-TRAC-WHITE,Vietnam,Full,ElasticNet,4,0,0.035064928233623505,0
1898,PV0271-C,1052-PF-TRAC-WHITE,Vietnam,Full,ElasticNet,4,0,0.004354922100901604,0
1899,PV0272-C,1052-PF-TRAC-WHITE,Vietnam,Full,ElasticNet,4,0,0.03545301780104637,0
1900,PV0273-C,1052-PF-TRAC-WHITE,Vietnam,Full,ElasticNet,4,0,0.25097399950027466,0
1901,PV0274-C,1052-PF-TRAC-WHITE,Vietnam,Full,ElasticNet,4,0,0.005195631645619869,0
1902,PV0276-C,1052-PF-TRAC-WHITE,Vietnam,Full,ElasticNet,4,0,0.0054945326410233974,0
1903,PV0277-C,1052-PF-TRAC-WHITE,Vietnam,Full,ElasticNet,4,1,0.7402490377426147,1
1904,PV0278-C,1052-PF-TRAC-WHITE,Vietnam,Full,ElasticNet,4,1,0.7322438955307007,1
1905,PV0279-C,1052-PF-TRAC-WHITE,Vietnam,Full,ElasticNet,4,0,0.0041357665322721004,0
1906,PV0280-C,1052-PF-TRAC-WHITE,Vietnam,Full,ElasticNet,4,0,0.035515524446964264,0
1907,PV0282-C,1052-PF-TRAC-WHITE,Vietnam,Full,ElasticNet,4,0,0.03648944944143295,0
1908,PV0283-C,1052-PF-TRAC-WHITE,Vietnam,Full,ElasticNet,4,1,0.7293449640274048,1
1909,PV0284-C,1052-PF-TRAC-WHITE,Vietnam,Full,ElasticNet,4,0,0.05871836468577385,0
1910,PV0285-C,1052-PF-TRAC-WHITE,Vietnam,Full,ElasticNet,4,1,0.7708378434181213,1
1911,PV0286-C,1052-PF-TRAC-WHITE,Vietnam,Full,ElasticNet,4,1,0.76703280210495,1
1912,PV0288-C,1052-PF-TRAC-WHITE,Vietnam,Full,ElasticNet,4,1,0.3960001766681671,0
1913,PV0289-C,1052-PF-TRAC-WHITE,Vietnam,Full,ElasticNet,4,0,0.012189733795821667,0
1914,PV0290-C,1052-PF-TRAC-WHITE,Vietnam,Full,ElasticNet,4,1,0.20702201128005981,0
1915,PV0291-C,1052-PF-TRAC-WHITE,Vietnam,Full,ElasticNet,4,0,0.030616093426942825,0
1916,PV0292-C,1052-PF-TRAC-WHITE,Vietnam,Full,ElasticNet,4,1,0.7290412187576294,1
1917,PV0293-C,1052-PF-TRAC-WHITE,Vietnam,Full,ElasticNet,4,0,0.0007791492389515042,0
1918,PV0294-C,1052-PF-TRAC-WHITE,Vietnam,Full,ElasticNet,4,0,0.0008068867609836161,0
1919,PV0295-C,1052-PF-TRAC-WHITE,Vietnam,Full,ElasticNet,4,0,0.001192661700770259,0
1920,PV0296-C,1052-PF-TRAC-WHITE,Vietnam,Full,ElasticNet,4,0,0.08869542926549911,0
1921,PV0297-C,1052-PF-TRAC-WHITE,Vietnam,Full,ElasticNet,4,0,0.10633514076471329,0
1922,PV0298-C,1052-PF-TRAC-WHITE,Vietnam,Full,ElasticNet,4,0,0.00674517173320055,0
1923,PV0299-C,1052-PF-TRAC-WHITE,Vietnam,Full,ElasticNet,4,1,0.7297573089599609,1
1924,PV0300-C,1052-PF-TRAC-WHITE,Vietnam,Full,ElasticNet,4,1,0.7265470027923584,1
1925,PV0301-C,1052-PF-TRAC-WHITE,Vietnam,Full,ElasticNet,4,0,0.023772990331053734,0
1926,PV0302-C,1052-PF-TRAC-WHITE,Vietnam,Full,ElasticNet,4,0,0.016488732770085335,0
1927,PV0303-C,1052-PF-TRAC-WHITE,Vietnam,Full,ElasticNet,4,0,0.064704030752182,0
1928,PV0304-C,1052-PF-TRAC-WHITE,Vietnam,Full,ElasticNet,4,0,0.023810965940356255,0
1929,PV0305-C,1052-PF-TRAC-WHITE,Vietnam,Full,ElasticNet,4,0,0.007229039445519447,0
1930,PV0306-C,1052-PF-TRAC-WHITE,Vietnam,Full,ElasticNet,4,1,0.13127151131629944,0
1931,PV0308-Cx,1052-PF-TRAC-WHITE,Vietnam,Full,ElasticNet,4,0,0.06260737031698227,0
1932,PV0309-C,1052-PF-TRAC-WHITE,Vietnam,Full,ElasticNet,4,0,0.08179489523172379,0
1933,PV0310-C,1052-PF-TRAC-WHITE,Vietnam,Full,ElasticNet,4,0,0.05216255038976669,0
1934,PV0311-C,1052-PF-TRAC-WHITE,Vietnam,Full,ElasticNet,4,0,0.08018359541893005,0
1935,PV0312-C,1052-PF-TRAC-WHITE,Vietnam,Full,ElasticNet,4,1,0.7680871486663818,1
1936,PV0313-C,1052-PF-TRAC-WHITE,Vietnam,Full,ElasticNet,4,0,0.008298027329146862,0
1937,PV0314-C,1052-PF-TRAC-WHITE,Vietnam,Full,ElasticNet,4,0,0.015017695724964142,0
1938,PV0315-Cx,1052-PF-TRAC-WHITE,Vietnam,Full,ElasticNet,4,0,0.015027947723865509,0
1939,PV0317-C,1052-PF-TRAC-WHITE,Vietnam,Full,ElasticNet,4,0,0.20924055576324463,0
1940,PV0318-C,1052-PF-TRAC-WHITE,Vietnam,Full,ElasticNet,4,1,0.7679527401924133,1
1941,PV0319-C,1052-PF-TRAC-WHITE,Vietnam,Full,ElasticNet,4,0,0.21633650362491608,0
1942,PV0320-C,1052-PF-TRAC-WHITE,Vietnam,Full,ElasticNet,4,1,0.7668121457099915,1
1943,PV0321-C,1052-PF-TRAC-WHITE,Vietnam,Full,ElasticNet,4,0,0.10112342238426208,0
1944,PV0322-C,1052-PF-TRAC-WHITE,Vietnam,Full,ElasticNet,4,1,0.7675434947013855,1
1945,PV0323-C,1052-PF-TRAC-WHITE,Vietnam,Full,ElasticNet,4,0,0.08043691515922546,0
1946,PV0324-C,1052-PF-TRAC-WHITE,Vietnam,Full,ElasticNet,4,1,0.7681553959846497,1
1947,PV0325-C,1052-PF-TRAC-WHITE,Vietnam,Full,ElasticNet,4,0,0.005066832527518272,0
1948,PV0326-C,1052-PF-TRAC-WHITE,Vietnam,Full,ElasticNet,4,0,0.015008537098765373,0
1949,PV0328-C,1052-PF-TRAC-WHITE,Vietnam,Full,ElasticNet,4,0,0.005062281619757414,0
1950,PV0329-C,1052-PF-TRAC-WHITE,Vietnam,Full,ElasticNet,4,0,0.07239492237567902,0
1951,PV0330-C,1052-PF-TRAC-WHITE,Vietnam,Full,ElasticNet,4,0,0.027293512597680092,0
1952,PV0331-Cx,1052-PF-TRAC-WHITE,Vietnam,Full,ElasticNet,4,0,0.015033707953989506,0
1953,PV0333-C,1052-PF-TRAC-WHITE,Vietnam,Full,ElasticNet,4,1,0.07006915658712387,0
1954,PV0335-C,1052-PF-TRAC-WHITE,Vietnam,Full,ElasticNet,4,0,0.02913377620279789,0
1955,PV0336-C,1052-PF-TRAC-WHITE,Vietnam,Full,ElasticNet,4,0,0.029293358325958252,0
1956,PV0337-C,1052-PF-TRAC-WHITE,Vietnam,Full,ElasticNet,4,0,0.006695248186588287,0
1957,PV0338-C,1052-PF-TRAC-WHITE,Vietnam,Full,ElasticNet,4,0,0.011881906539201736,0
1958,PV0339-C,1052-PF-TRAC-WHITE,Vietnam,Full,ElasticNet,4,1,0.10559114068746567,0
1959,PV0340-C,1052-PF-TRAC-WHITE,Vietnam,Full,ElasticNet,4,1,0.22550152242183685,0
1960,PV0343-C,1052-PF-TRAC-WHITE,Vietnam,Full,ElasticNet,4,1,0.2386917918920517,0
1961,PV0344-C,1052-PF-TRAC-WHITE,Vietnam,Full,ElasticNet,4,1,0.7290146350860596,1
1962,PV0345-C,1052-PF-TRAC-WHITE,Vietnam,Full,ElasticNet,4,1,0.7405074834823608,1
1963,PV0347-C,1052-PF-TRAC-WHITE,Vietnam,Full,ElasticNet,4,0,0.0034921348560601473,0
1964,PV0355-C,1052-PF-TRAC-WHITE,Vietnam,Full,ElasticNet,4,1,0.768096923828125,1
1965,PV0358-C,1052-PF-TRAC-WHITE,Vietnam,Full,ElasticNet,4,0,0.028914764523506165,0
2052,QC0164-C,1052-PF-TRAC-WHITE,Myanmar,Full,ElasticNet,4,0,0.36938220262527466,0
2053,QC0165-C,1052-PF-TRAC-WHITE,Myanmar,Full,ElasticNet,4,1,0.34056833386421204,0
2054,QC0166-C,1052-PF-TRAC-WHITE,Myanmar,Full,ElasticNet,4,0,0.38270139694213867,0
2055,QC0167-C,1052-PF-TRAC-WHITE,Myanmar,Full,ElasticNet,4,0,0.026009375229477882,0
2056,QC0168-C,1052-PF-TRAC-WHITE,Myanmar,Full,ElasticNet,4,0,0.2802251875400543,0
2057,QC0169-C,1052-PF-TRAC-WHITE,Myanmar,Full,ElasticNet,4,0,0.31465426087379456,0
2058,QC0170-C,1052-PF-TRAC-WHITE,Myanmar,Full,ElasticNet,4,0,0.0694570392370224,0
2059,QC0171-C,1052-PF-TRAC-WHITE,Myanmar,Full,ElasticNet,4,0,0.11067625135183334,0
2060,QC0172-C,1052-PF-TRAC-WHITE,Myanmar,Full,ElasticNet,4,0,0.24067279696464539,0
2061,QC0173-C,1052-PF-TRAC-WHITE,Myanmar,Full,ElasticNet,4,1,0.4157501757144928,0
2062,QC0174-C,1052-PF-TRAC-WHITE,Myanmar,Full,ElasticNet,4,0,0.008355904370546341,0
2063,QC0175-C,1052-PF-TRAC-WHITE,Myanmar,Full,ElasticNet,4,1,0.4158705770969391,0
2064,QC0176-C,1052-PF-TRAC-WHITE,Myanmar,Full,ElasticNet,4,0,0.5083798766136169,1
2065,QC0177-C,1052-PF-TRAC-WHITE,Myanmar,Full,ElasticNet,4,0,0.6349511742591858,1
2066,QC0178-C,1052-PF-TRAC-WHITE,Myanmar,Full,ElasticNet,4,0,0.034332025796175,0
2067,QC0179-C,1052-PF-TRAC-WHITE,Myanmar,Full,ElasticNet,4,0,0.00670618424192071,0
2068,QC0180-C,1052-PF-TRAC-WHITE,Myanmar,Full,ElasticNet,4,0,0.42212966084480286,0
2069,QC0181-Cx,1052-PF-TRAC-WHITE,Myanmar,Full,ElasticNet,4,1,0.10024287551641464,0
2070,QC0182-C,1052-PF-TRAC-WHITE,Myanmar,Full,ElasticNet,4,0,0.5907003879547119,1
2071,QC0184-C,1052-PF-TRAC-WHITE,Myanmar,Full,ElasticNet,4,1,0.34120896458625793,0
2072,QC0185-C,1052-PF-TRAC-WHITE,Myanmar,Full,ElasticNet,4,1,0.341342031955719,0
2073,QC0187-C,1052-PF-TRAC-WHITE,Myanmar,Full,ElasticNet,4,0,0.17526595294475555,0
2074,QC0188-C,1052-PF-TRAC-WHITE,Myanmar,Full,ElasticNet,4,0,0.07758195698261261,0
2075,QC0189-C,1052-PF-TRAC-WHITE,Myanmar,Full,ElasticNet,4,0,0.6506656408309937,1
2076,QC0193-C,1052-PF-TRAC-WHITE,Myanmar,Full,ElasticNet,4,0,0.7594902515411377,1
2077,QC0194-C,1052-PF-TRAC-WHITE,Myanmar,Full,ElasticNet,4,0,0.12568308413028717,0
2078,QC0195-C,1052-PF-TRAC-WHITE,Myanmar,Full,ElasticNet,4,0,0.7581008076667786,1
2079,QC0196-C,1052-PF-TRAC-WHITE,Myanmar,Full,ElasticNet,4,0,0.7209703922271729,1
2080,QC0198-C,1052-PF-TRAC-WHITE,Myanmar,Full,ElasticNet,4,0,0.5691932439804077,1
2081,QC0200-C,1052-PF-TRAC-WHITE,Myanmar,Full,ElasticNet,4,0,0.1057143583893776,0
2082,QC0204-C,1052-PF-TRAC-WHITE,Myanmar,Full,ElasticNet,4,0,0.17572002112865448,0
2083,QC0205-C,1052-PF-TRAC-WHITE,Myanmar,Full,ElasticNet,4,0,0.37354204058647156,0
2084,QC0206-C,1052-PF-TRAC-WHITE,Myanmar,Full,ElasticNet,4,1,0.315507173538208,0
2085,QC0207-C,1052-PF-TRAC-WHITE,Myanmar,Full,ElasticNet,4,0,0.7102978825569153,1
2086,QC0209-C,1052-PF-TRAC-WHITE,Myanmar,Full,ElasticNet,4,1,0.13734520971775055,0
2087,QC0210-C,1052-PF-TRAC-WHITE,Myanmar,Full,ElasticNet,4,1,0.31895577907562256,0
2088,QC0211-C,1052-PF-TRAC-WHITE,Myanmar,Full,ElasticNet,4,0,0.7100465893745422,1
2089,QC0212-C,1052-PF-TRAC-WHITE,Myanmar,Full,ElasticNet,4,0,0.36362338066101074,0
2090,QC0213-C,1052-PF-TRAC-WHITE,Myanmar,Full,ElasticNet,4,1,0.10917821526527405,0
2091,QC0214-C,1052-PF-TRAC-WHITE,Myanmar,Full,ElasticNet,4,1,0.27502989768981934,0
2092,QC0215-C,1052-PF-TRAC-WHITE,Myanmar,Full,ElasticNet,4,0,0.5906913876533508,1
2093,QC0219-C,1052-PF-TRAC-WHITE,Myanmar,Full,ElasticNet,4,1,0.4042457938194275,0
2094,QC0220-C,1052-PF-TRAC-WHITE,Myanmar,Full,ElasticNet,4,0,0.25969699025154114,0
2095,QC0221-C,1052-PF-TRAC-WHITE,Myanmar,Full,ElasticNet,4,0,0.22866204380989075,0
2096,QC0222-C,1052-PF-TRAC-WHITE,Myanmar,Full,ElasticNet,4,0,0.2601192593574524,0
2097,QC0223-C,1052-PF-TRAC-WHITE,Myanmar,Full,ElasticNet,4,1,0.1597992330789566,0
2098,QC0225-C,1052-PF-TRAC-WHITE,Myanmar,Full,ElasticNet,4,0,0.11092119663953781,0
2099,QC0227-C,1052-PF-TRAC-WHITE,Myanmar,Full,ElasticNet,4,0,0.5947672724723816,1
2100,QC0228-C,1052-PF-TRAC-WHITE,Myanmar,Full,ElasticNet,4,0,0.5947553515434265,1
2101,QC0229-C,1052-PF-TRAC-WHITE,Myanmar,Full,ElasticNet,4,0,0.1208847165107727,0
2102,QC0230-C,1052-PF-TRAC-WHITE,Myanmar,Full,ElasticNet,4,0,0.20130226016044617,0
2103,QC0231-C,1052-PF-TRAC-WHITE,Myanmar,Full,ElasticNet,4,1,0.4202122390270233,0
2104,QC0232-C,1052-PF-TRAC-WHITE,Myanmar,Full,ElasticNet,4,0,0.5893344879150391,1
2105,QC0233-C,1052-PF-TRAC-WHITE,Myanmar,Full,ElasticNet,4,0,0.5890011787414551,1
2106,QC0235-C,1052-PF-TRAC-WHITE,Myanmar,Full,ElasticNet,4,0,0.6789167523384094,1
2107,QC0239-C,1052-PF-TRAC-WHITE,Myanmar,Full,ElasticNet,4,0,0.5946221351623535,1
2108,QC0242-C,1052-PF-TRAC-WHITE,Myanmar,Full,ElasticNet,4,0,0.08370129764080048,0
2109,QC0243-C,1052-PF-TRAC-WHITE,Myanmar,Full,ElasticNet,4,0,0.21310731768608093,0
2110,QC0244-C,1052-PF-TRAC-WHITE,Myanmar,Full,ElasticNet,4,0,0.1804654896259308,0
2111,QC0245-C,1052-PF-TRAC-WHITE,Myanmar,Full,ElasticNet,4,0,0.12587736546993256,0
2112,QC0246-C,1052-PF-TRAC-WHITE,Myanmar,Full,ElasticNet,4,0,0.7628329992294312,1
2113,QC0248-C,1052-PF-TRAC-WHITE,Myanmar,Full,ElasticNet,4,0,0.09852980822324753,0
2114,QC0250-C,1052-PF-TRAC-WHITE,Myanmar,Full,ElasticNet,4,1,0.05221223458647728,0
2115,QC0251-C,1052-PF-TRAC-WHITE,Myanmar,Full,ElasticNet,4,0,0.2556097209453583,0
2116,QC0253-C,1052-PF-TRAC-WHITE,Myanmar,Full,ElasticNet,4,0,0.038421861827373505,0
2117,QC0254-C,1052-PF-TRAC-WHITE,Myanmar,Full,ElasticNet,4,0,0.2558668851852417,0
2118,QC0255-C,1052-PF-TRAC-WHITE,Myanmar,Full,ElasticNet,4,0,0.25591495633125305,0
2119,QC0256-C,1052-PF-TRAC-WHITE,Myanmar,Full,ElasticNet,4,0,0.09843671321868896,0
2120,QC0257-C,1052-PF-TRAC-WHITE,Myanmar,Full,ElasticNet,4,0,0.25530534982681274,0
2121,QC0258-C,1052-PF-TRAC-WHITE,Myanmar,Full,ElasticNet,4,1,0.6844266653060913,1
2122,QC0259-C,1052-PF-TRAC-WHITE,Myanmar,Full,ElasticNet,4,1,0.6843048930168152,1
2123,QC0260-C,1052-PF-TRAC-WHITE,Myanmar,Full,ElasticNet,4,1,0.6412646174430847,1
2124,QC0261-C,1052-PF-TRAC-WHITE,Myanmar,Full,ElasticNet,4,1,0.6840271353721619,1
2125,QC0262-C,1052-PF-TRAC-WHITE,Myanmar,Full,ElasticNet,4,1,0.6843037009239197,1
2126,QC0263-C,1052-PF-TRAC-WHITE,Myanmar,Full,ElasticNet,4,1,0.6842637062072754,1
2127,QC0264-C,1052-PF-TRAC-WHITE,Myanmar,Full,ElasticNet,4,1,0.6841366291046143,1
2128,QC0266-C,1052-PF-TRAC-WHITE,Myanmar,Full,ElasticNet,4,1,0.6839984655380249,1
2129,QC0267-C,1052-PF-TRAC-WHITE,Myanmar,Full,ElasticNet,4,0,0.2963936924934387,0
2130,QC0268-C,1052-PF-TRAC-WHITE,Myanmar,Full,ElasticNet,4,1,0.68701171875,1
2131,QC0275-C,1052-PF-TRAC-WHITE,Myanmar,Full,ElasticNet,4,1,0.43605682253837585,0
2132,QC0276-C,1052-PF-TRAC-WHITE,Myanmar,Full,ElasticNet,4,1,0.15216657519340515,0
2133,QC0277-C,1052-PF-TRAC-WHITE,Myanmar,Full,ElasticNet,4,1,0.6128716468811035,1
2134,QC0278-C,1052-PF-TRAC-WHITE,Myanmar,Full,ElasticNet,4,1,0.2970772981643677,0
2135,QC0279-C,1052-PF-TRAC-WHITE,Myanmar,Full,ElasticNet,4,0,0.1684338003396988,0
2136,QC0281-C,1052-PF-TRAC-WHITE,Myanmar,Full,ElasticNet,4,1,0.2765749990940094,0
2137,QC0282-C,1052-PF-TRAC-WHITE,Myanmar,Full,ElasticNet,4,0,0.13579203188419342,0
2138,QC0283-C,1052-PF-TRAC-WHITE,Myanmar,Full,ElasticNet,4,1,0.09099992364645004,0
2139,QC0285-C,1052-PF-TRAC-WHITE,Myanmar,Full,ElasticNet,4,1,0.27728667855262756,0
2140,QC0289-C,1052-PF-TRAC-WHITE,Myanmar,Full,ElasticNet,4,1,0.17579999566078186,0
2141,QC0295-C,1052-PF-TRAC-WHITE,Myanmar,Full,ElasticNet,4,0,0.025848153978586197,0
2142,QC0296-C,1052-PF-TRAC-WHITE,Myanmar,Full,ElasticNet,4,1,0.24722519516944885,0
2143,QC0298-C,1052-PF-TRAC-WHITE,Myanmar,Full,ElasticNet,4,0,0.4693005383014679,0
2144,QC0299-C,1052-PF-TRAC-WHITE,Myanmar,Full,ElasticNet,4,0,0.07296907901763916,0
2145,QC0300-C,1052-PF-TRAC-WHITE,Myanmar,Full,ElasticNet,4,1,0.45999911427497864,0
2146,QC0302-C,1052-PF-TRAC-WHITE,Myanmar,Full,ElasticNet,4,0,0.34165245294570923,0
2147,QC0305-C,1052-PF-TRAC-WHITE,Myanmar,Full,ElasticNet,4,1,0.31364017724990845,0
2148,QC0306-C,1052-PF-TRAC-WHITE,Myanmar,Full,ElasticNet,4,0,0.16163790225982666,0
2149,QC0307-C,1052-PF-TRAC-WHITE,Myanmar,Full,ElasticNet,4,1,0.2535690665245056,0
2150,QC0308-C,1052-PF-TRAC-WHITE,Myanmar,Full,ElasticNet,4,1,0.6902583241462708,1
2151,QC0309-C,1052-PF-TRAC-WHITE,Myanmar,Full,ElasticNet,4,1,0.18037022650241852,0
2152,QC0313-C,1052-PF-TRAC-WHITE,Myanmar,Full,ElasticNet,4,0,0.18050703406333923,0
2153,QC0314-C,1052-PF-TRAC-WHITE,Myanmar,Full,ElasticNet,4,0,0.11370350420475006,0
2154,QC0318-C,1052-PF-TRAC-WHITE,Myanmar,Full,ElasticNet,4,1,0.10026894509792328,0
2155,QC0319-C,1052-PF-TRAC-WHITE,Myanmar,Full,ElasticNet,4,0,0.7584706544876099,1
2156,QC0320-C,1052-PF-TRAC-WHITE,Myanmar,Full,ElasticNet,4,0,0.04252106696367264,0
2157,QC0321-C,1052-PF-TRAC-WHITE,Myanmar,Full,ElasticNet,4,0,0.07665431499481201,0
2158,QC0322-C,1052-PF-TRAC-WHITE,Myanmar,Full,ElasticNet,4,1,0.12719054520130157,0
2159,QC0323-C,1052-PF-TRAC-WHITE,Myanmar,Full,ElasticNet,4,0,0.07662678509950638,0
2160,QC0325-C,1052-PF-TRAC-WHITE,Myanmar,Full,ElasticNet,4,0,0.29822057485580444,0
2161,QC0326-C,1052-PF-TRAC-WHITE,Myanmar,Full,ElasticNet,4,1,0.45335397124290466,0
2162,QC0327-C,1052-PF-TRAC-WHITE,Myanmar,Full,ElasticNet,4,0,0.2736969292163849,0
2163,QC0328-C,1052-PF-TRAC-WHITE,Myanmar,Full,ElasticNet,4,0,0.1937696784734726,0
2164,QC0329-C,1052-PF-TRAC-WHITE,Myanmar,Full,ElasticNet,4,0,0.27629247307777405,0
2165,QC0330-C,1052-PF-TRAC-WHITE,Myanmar,Full,ElasticNet,4,0,0.16345274448394775,0
2166,QC0331-C,1052-PF-TRAC-WHITE,Myanmar,Full,ElasticNet,4,0,0.07432960718870163,0
2167,QC0332-C,1052-PF-TRAC-WHITE,Myanmar,Full,ElasticNet,4,0,0.19130918383598328,0
2168,QC0333-C,1052-PF-TRAC-WHITE,Myanmar,Full,ElasticNet,4,0,0.27538207173347473,0
2169,QC0334-C,1052-PF-TRAC-WHITE,Myanmar,Full,ElasticNet,4,0,0.13662078976631165,0
2170,QC0336-C,1052-PF-TRAC-WHITE,Myanmar,Full,ElasticNet,4,0,0.45743680000305176,0
2171,QC0338-C,1052-PF-TRAC-WHITE,Myanmar,Full,ElasticNet,4,0,0.03904402256011963,0
2172,QC0339-C,1052-PF-TRAC-WHITE,Myanmar,Full,ElasticNet,4,0,0.13251447677612305,0
2173,QC0340-C,1052-PF-TRAC-WHITE,Myanmar,Full,ElasticNet,4,0,0.13812127709388733,0
2174,QC0341-C,1052-PF-TRAC-WHITE,Myanmar,Full,ElasticNet,4,0,0.11522360891103745,0
2175,QC0342-C,1052-PF-TRAC-WHITE,Myanmar,Full,ElasticNet,4,0,0.34821298718452454,0
2176,QC0343-C,1052-PF-TRAC-WHITE,Myanmar,Full,ElasticNet,4,0,0.11527697741985321,0
2177,QC0344-C,1052-PF-TRAC-WHITE,Myanmar,Full,ElasticNet,4,0,0.11523367464542389,0
2178,QC0345-C,1052-PF-TRAC-WHITE,Myanmar,Full,ElasticNet,4,0,0.07662604004144669,0
2179,QC0346-C,1052-PF-TRAC-WHITE,Myanmar,Full,ElasticNet,4,0,0.07665517926216125,0
2180,QC0347-C,1052-PF-TRAC-WHITE,Myanmar,Full,ElasticNet,4,1,0.18211261928081512,0
2181,QC0348-C,1052-PF-TRAC-WHITE,Myanmar,Full,ElasticNet,4,1,0.1520538479089737,0
2182,QC0349-C,1052-PF-TRAC-WHITE,Myanmar,Full,ElasticNet,4,0,0.24155911803245544,0
2183,QC0350-C,1052-PF-TRAC-WHITE,Myanmar,Full,ElasticNet,4,0,0.18054476380348206,0
2184,QC0351-C,1052-PF-TRAC-WHITE,Myanmar,Full,ElasticNet,4,0,0.193771094083786,0
2185,QC0353-C,1052-PF-TRAC-WHITE,Myanmar,Full,ElasticNet,4,1,0.3981083631515503,0
2186,QC0354-C,1052-PF-TRAC-WHITE,Myanmar,Full,ElasticNet,4,1,0.39827075600624084,0
2187,QC0357-C,1052-PF-TRAC-WHITE,Myanmar,Full,ElasticNet,4,0,0.09294526278972626,0
2188,QC0358-C,1052-PF-TRAC-WHITE,Myanmar,Full,ElasticNet,4,0,0.12554337084293365,0
2189,QC0359-C,1052-PF-TRAC-WHITE,Myanmar,Full,ElasticNet,4,0,0.212978333234787,0
2190,QC0362-C,1052-PF-TRAC-WHITE,Myanmar,Full,ElasticNet,4,0,0.028427498415112495,0
2191,QC0363-C,1052-PF-TRAC-WHITE,Myanmar,Full,ElasticNet,4,0,0.21261973679065704,0
2192,QC0364-C,1052-PF-TRAC-WHITE,Myanmar,Full,ElasticNet,4,0,0.21351169049739838,0
2193,QC0365-C,1052-PF-TRAC-WHITE,Myanmar,Full,ElasticNet,4,1,0.21263635158538818,0
2194,QC0366-C,1052-PF-TRAC-WHITE,Myanmar,Full,ElasticNet,4,0,0.21303215622901917,0
2195,QC0367-C,1052-PF-TRAC-WHITE,Myanmar,Full,ElasticNet,4,0,0.22505062818527222,0
2196,QC0368-C,1052-PF-TRAC-WHITE,Myanmar,Full,ElasticNet,4,0,0.10296066105365753,0
2197,QC0369-C,1052-PF-TRAC-WHITE,Myanmar,Full,ElasticNet,4,0,0.07429753988981247,0
2198,QC0370-C,1052-PF-TRAC-WHITE,Myanmar,Full,ElasticNet,4,0,0.0898587554693222,0
2199,QC0372-C,1052-PF-TRAC-WHITE,Myanmar,Full,ElasticNet,4,1,0.11660792678594589,0
2328,QE0392-C,1052-PF-TRAC-WHITE,Laos,Full,ElasticNet,4,0,0.003384284907951951,0
2329,QE0393-Cx,1052-PF-TRAC-WHITE,Laos,Full,ElasticNet,4,0,0.012072356417775154,0
2330,QE0395-C,1052-PF-TRAC-WHITE,Laos,Full,ElasticNet,4,0,0.002749323844909668,0
2331,QE0396-C,1052-PF-TRAC-WHITE,Laos,Full,ElasticNet,4,0,0.0005728440592065454,0
2332,QE0397-C,1052-PF-TRAC-WHITE,Laos,Full,ElasticNet,4,0,0.0023200567811727524,0
2333,QE0398-C,1052-PF-TRAC-WHITE,Laos,Full,ElasticNet,4,0,0.0027555041015148163,0
2334,QE0399-C,1052-PF-TRAC-WHITE,Laos,Full,ElasticNet,4,0,0.02075738087296486,0
2335,QE0400-C,1052-PF-TRAC-WHITE,Laos,Full,ElasticNet,4,0,0.0035405245143920183,0
2336,QE0401-C,1052-PF-TRAC-WHITE,Laos,Full,ElasticNet,4,0,0.005333533510565758,0
2337,QE0402-C,1052-PF-TRAC-WHITE,Laos,Full,ElasticNet,4,0,0.004325131885707378,0
2338,QE0403-Cx,1052-PF-TRAC-WHITE,Laos,Full,ElasticNet,4,0,0.011768250726163387,0
2339,QE0404-C,1052-PF-TRAC-WHITE,Laos,Full,ElasticNet,4,0,0.010139113292098045,0
2340,QE0405-Cx,1052-PF-TRAC-WHITE,Laos,Full,ElasticNet,4,0,0.005780068691819906,0
2341,QE0407-C,1052-PF-TRAC-WHITE,Laos,Full,ElasticNet,4,0,0.003233426483348012,0
2342,QE0408-C,1052-PF-TRAC-WHITE,Laos,Full,ElasticNet,4,0,0.0010665617883205414,0
2343,QE0409-C,1052-PF-TRAC-WHITE,Laos,Full,ElasticNet,4,0,0.01902473159134388,0
2344,QE0410-C,1052-PF-TRAC-WHITE,Laos,Full,ElasticNet,4,0,0.003446333110332489,0
2345,QE0411-C,1052-PF-TRAC-WHITE,Laos,Full,ElasticNet,4,0,0.00038779652095399797,0
2346,QE0412-C,1052-PF-TRAC-WHITE,Laos,Full,ElasticNet,4,0,0.010463851504027843,0
2347,QE0413-C,1052-PF-TRAC-WHITE,Laos,Full,ElasticNet,4,0,0.004048123490065336,0
2348,QE0414-C,1052-PF-TRAC-WHITE,Laos,Full,ElasticNet,4,0,0.005787759553641081,0
2349,QE0415-C,1052-PF-TRAC-WHITE,Laos,Full,ElasticNet,4,0,0.010232585482299328,0
2350,QE0416-C,1052-PF-TRAC-WHITE,Laos,Full,ElasticNet,4,0,0.0013838170561939478,0
2351,QE0417-C,1052-PF-TRAC-WHITE,Laos,Full,ElasticNet,4,0,0.014681275002658367,0
2352,QE0418-C,1052-PF-TRAC-WHITE,Laos,Full,ElasticNet,4,0,0.001466228044591844,0
2353,QE0419-C,1052-PF-TRAC-WHITE,Laos,Full,ElasticNet,4,0,0.04710858315229416,0
2354,QE0420-C,1052-PF-TRAC-WHITE,Laos,Full,ElasticNet,4,0,0.0007783129694871604,0
2355,QE0421-C,1052-PF-TRAC-WHITE,Laos,Full,ElasticNet,4,0,0.0010596758220344782,0
2356,QE0422-C,1052-PF-TRAC-WHITE,Laos,Full,ElasticNet,4,0,0.02251807227730751,0
2357,QE0423-C,1052-PF-TRAC-WHITE,Laos,Full,ElasticNet,4,0,0.2845964729785919,0
2358,QE0424-C,1052-PF-TRAC-WHITE,Laos,Full,ElasticNet,4,0,0.003234155010432005,0
2359,QE0425-C,1052-PF-TRAC-WHITE,Laos,Full,ElasticNet,4,0,0.0018083018949255347,0
2360,QE0426-C,1052-PF-TRAC-WHITE,Laos,Full,ElasticNet,4,0,0.05186990648508072,0
2361,QE0427-C,1052-PF-TRAC-WHITE,Laos,Full,ElasticNet,4,0,0.008097398094832897,0
2362,QE0428-C,1052-PF-TRAC-WHITE,Laos,Full,ElasticNet,4,0,0.008220372721552849,0
2363,QE0429-C,1052-PF-TRAC-WHITE,Laos,Full,ElasticNet,4,1,0.040384456515312195,0
2364,QE0430-C,1052-PF-TRAC-WHITE,Laos,Full,ElasticNet,4,0,0.004138953052461147,0
2365,QE0431-C,1052-PF-TRAC-WHITE,Laos,Full,ElasticNet,4,0,0.016457242891192436,0
2366,QE0432-C,1052-PF-TRAC-WHITE,Laos,Full,ElasticNet,4,0,0.19124038517475128,0
2367,QE0433-C,1052-PF-TRAC-WHITE,Laos,Full,ElasticNet,4,0,0.0027535788249224424,0
2368,QE0434-C,1052-PF-TRAC-WHITE,Laos,Full,ElasticNet,4,0,0.0016927020624279976,0
2369,QE0435-C,1052-PF-TRAC-WHITE,Laos,Full,ElasticNet,4,0,0.0007248009205795825,0
2370,QE0436-C,1052-PF-TRAC-WHITE,Laos,Full,ElasticNet,4,0,0.2840811312198639,0
2371,QE0437-C,1052-PF-TRAC-WHITE,Laos,Full,ElasticNet,4,0,0.046362265944480896,0
2372,QE0438-C,1052-PF-TRAC-WHITE,Laos,Full,ElasticNet,4,0,0.02665827050805092,0
2373,QE0439-C,1052-PF-TRAC-WHITE,Laos,Full,ElasticNet,4,0,0.007349405437707901,0
2374,QE0440-C,1052-PF-TRAC-WHITE,Laos,Full,ElasticNet,4,0,0.005787932313978672,0
2375,QE0441-C,1052-PF-TRAC-WHITE,Laos,Full,ElasticNet,4,0,0.005131011828780174,0
2376,QE0442-C,1052-PF-TRAC-WHITE,Laos,Full,ElasticNet,4,0,0.0016425029607489705,0
2377,QE0443-C,1052-PF-TRAC-WHITE,Laos,Full,ElasticNet,4,0,0.0035007144324481487,0
2378,QE0444-C,1052-PF-TRAC-WHITE,Laos,Full,ElasticNet,4,0,0.03335164114832878,0
2379,QE0445-C,1052-PF-TRAC-WHITE,Laos,Full,ElasticNet,4,0,0.023332426324486732,0
2380,QE0446-C,1052-PF-TRAC-WHITE,Laos,Full,ElasticNet,4,0,0.0022326132748275995,0
2381,QE0447-C,1052-PF-TRAC-WHITE,Laos,Full,ElasticNet,4,0,0.004332170356065035,0
2382,QE0448-C,1052-PF-TRAC-WHITE,Laos,Full,ElasticNet,4,0,0.0016870920080691576,0
2383,QE0449-C,1052-PF-TRAC-WHITE,Laos,Full,ElasticNet,4,0,0.0016908982070162892,0
2384,QE0451-C,1052-PF-TRAC-WHITE,Laos,Full,ElasticNet,4,0,0.06906330585479736,0
2385,QE0452-C,1052-PF-TRAC-WHITE,Laos,Full,ElasticNet,4,0,0.006461135111749172,0
2386,QE0453-C,1052-PF-TRAC-WHITE,Laos,Full,ElasticNet,4,0,0.1936226785182953,0
2387,QE0454-C,1052-PF-TRAC-WHITE,Laos,Full,ElasticNet,4,0,0.007422953378409147,0
2388,QE0455-C,1052-PF-TRAC-WHITE,Laos,Full,ElasticNet,4,0,0.0050850738771259785,0
2389,QE0456-C,1052-PF-TRAC-WHITE,Laos,Full,ElasticNet,4,1,0.7505530118942261,1
2390,QE0457-C,1052-PF-TRAC-WHITE,Laos,Full,ElasticNet,4,0,0.008275436237454414,0
2391,QE0458-C,1052-PF-TRAC-WHITE,Laos,Full,ElasticNet,4,0,0.3275512456893921,0
2392,QE0459-C,1052-PF-TRAC-WHITE,Laos,Full,ElasticNet,4,0,0.023728813976049423,0
2393,QE0460-C,1052-PF-TRAC-WHITE,Laos,Full,ElasticNet,4,0,0.3275851607322693,0
2394,QE0461-C,1052-PF-TRAC-WHITE,Laos,Full,ElasticNet,4,0,0.008194638416171074,0
2395,QE0463-C,1052-PF-TRAC-WHITE,Laos,Full,ElasticNet,4,0,0.32694822549819946,0
2396,QE0464-C,1052-PF-TRAC-WHITE,Laos,Full,ElasticNet,4,0,0.03163474425673485,0
2397,QE0465-C,1052-PF-TRAC-WHITE,Laos,Full,ElasticNet,4,0,0.00342822028324008,0
2398,QE0466-C,1052-PF-TRAC-WHITE,Laos,Full,ElasticNet,4,0,0.007076991721987724,0
2399,QE0467-C,1052-PF-TRAC-WHITE,Laos,Full,ElasticNet,4,0,0.005145548842847347,0
2400,QE0468-C,1052-PF-TRAC-WHITE,Laos,Full,ElasticNet,4,0,0.19394449889659882,0
2401,QE0469-C,1052-PF-TRAC-WHITE,Laos,Full,ElasticNet,4,0,0.06741907447576523,0
2402,QE0470-C,1052-PF-TRAC-WHITE,Laos,Full,ElasticNet,4,0,0.01844886690378189,0
2403,QE0471-C,1052-PF-TRAC-WHITE,Laos,Full,ElasticNet,4,0,0.021500475704669952,0
2404,QE0472-C,1052-PF-TRAC-WHITE,Laos,Full,ElasticNet,4,0,0.005768655799329281,0
2405,QE0474-C,1052-PF-TRAC-WHITE,Laos,Full,ElasticNet,4,0,0.013283289968967438,0
2406,QE0475-C,1052-PF-TRAC-WHITE,Laos,Full,ElasticNet,4,0,0.21382266283035278,0
2407,QE0476-C,1052-PF-TRAC-WHITE,Laos,Full,ElasticNet,4,0,0.0027894380036741495,0
2408,QE0478-C,1052-PF-TRAC-WHITE,Laos,Full,ElasticNet,4,0,0.003701265901327133,0
2409,QE0479-C,1052-PF-TRAC-WHITE,Laos,Full,ElasticNet,4,0,0.003484794870018959,0
2410,QE0481-C,1052-PF-TRAC-WHITE,Laos,Full,ElasticNet,4,0,0.007477041333913803,0
2411,QE0483-C,1052-PF-TRAC-WHITE,Laos,Full,ElasticNet,4,0,0.0033243296202272177,0
6151,RCN22378,1239-PF-KH-MSF-GENRE,Cambodia,Full,ElasticNet,4,1,0.9965842962265015,1
6152,RCN22386,1239-PF-KH-MSF-GENRE,Cambodia,Full,ElasticNet,4,1,0.9983811378479004,1
6153,RCN22480,1239-PF-KH-MSF-GENRE,Cambodia,Full,ElasticNet,4,1,0.9890087246894836,1
6154,RCN22500,1239-PF-KH-MSF-GENRE,Cambodia,Full,ElasticNet,4,1,0.9937624335289001,1
6155,RCN22505,1239-PF-KH-MSF-GENRE,Cambodia,Full,ElasticNet,4,1,0.9935610294342041,1
6156,RCN22509,1239-PF-KH-MSF-GENRE,Cambodia,Full,ElasticNet,4,1,0.9934872388839722,1
6157,RCN22510,1239-PF-KH-MSF-GENRE,Cambodia,Full,ElasticNet,4,1,0.9936095476150513,1
6158,RCN22513,1239-PF-KH-MSF-GENRE,Cambodia,Full,ElasticNet,4,1,0.909822404384613,1
6159,RCN22514,1239-PF-KH-MSF-GENRE,Cambodia,Full,ElasticNet,4,1,0.9898350834846497,1
6160,RCN22520,1239-PF-KH-MSF-GENRE,Cambodia,Full,ElasticNet,4,1,0.9924557209014893,1
6161,RCN22529,1239-PF-KH-MSF-GENRE,Cambodia,Full,ElasticNet,4,1,0.9970932006835938,1
6162,RCN22532,1239-PF-KH-MSF-GENRE,Cambodia,Full,ElasticNet,4,1,0.993861198425293,1
6163,RCN22535,1239-PF-KH-MSF-GENRE,Cambodia,Full,ElasticNet,4,1,0.9841653108596802,1
6164,RCN22536,1239-PF-KH-MSF-GENRE,Cambodia,Full,ElasticNet,4,1,0.9790670275688171,1
6165,RCN22542,1239-PF-KH-MSF-GENRE,Cambodia,Full,ElasticNet,4,1,0.9937594532966614,1
6166,RCN22545,1239-PF-KH-MSF-GENRE,Cambodia,Full,ElasticNet,4,0,0.09598284214735031,0
6167,RCN22550,1239-PF-KH-MSF-GENRE,Cambodia,Full,ElasticNet,4,1,0.9970249533653259,1
6168,RCN22552,1239-PF-KH-MSF-GENRE,Cambodia,Full,ElasticNet,4,1,0.9939236044883728,1
6169,RCN22554,1239-PF-KH-MSF-GENRE,Cambodia,Full,ElasticNet,4,1,0.9957713484764099,1
6170,RCN22555,1239-PF-KH-MSF-GENRE,Cambodia,Full,ElasticNet,4,1,0.9957606196403503,1
6171,RCN22556,1239-PF-KH-MSF-GENRE,Cambodia,Full,ElasticNet,4,1,0.997785210609436,1
6172,RCN22558,1239-PF-KH-MSF-GENRE,Cambodia,Full,ElasticNet,4,1,0.9937341809272766,1
6173,RCN22561,1239-PF-KH-MSF-GENRE,Cambodia,Full,ElasticNet,4,1,0.9901280999183655,1
6174,RCN22562,1239-PF-KH-MSF-GENRE,Cambodia,Full,ElasticNet,4,1,0.985813558101654,1
6175,RCN22564,1239-PF-KH-MSF-GENRE,Cambodia,Full,ElasticNet,4,1,0.9958066940307617,1
6176,RCN22565,1239-PF-KH-MSF-GENRE,Cambodia,Full,ElasticNet,4,1,0.8718238472938538,1
6177,RCN22571,1239-PF-KH-MSF-GENRE,Cambodia,Full,ElasticNet,4,1,0.9957705140113831,1
6178,RCN22572,1239-PF-KH-MSF-GENRE,Cambodia,Full,ElasticNet,4,1,0.9867281317710876,1
6179,RCN22575,1239-PF-KH-MSF-GENRE,Cambodia,Full,ElasticNet,4,1,0.9926984906196594,1
6180,RCN22579,1239-PF-KH-MSF-GENRE,Cambodia,Full,ElasticNet,4,1,0.921094536781311,1
6181,RCN22580,1239-PF-KH-MSF-GENRE,Cambodia,Full,ElasticNet,4,1,0.992438018321991,1
6182,RCN22581,1239-PF-KH-MSF-GENRE,Cambodia,Full,ElasticNet,4,1,0.9978450536727905,1
6183,RCN22584,1239-PF-KH-MSF-GENRE,Cambodia,Full,ElasticNet,4,1,0.995637834072113,1
6184,RCN22585,1239-PF-KH-MSF-GENRE,Cambodia,Full,ElasticNet,4,1,0.99649578332901,1
6185,RCN22587,1239-PF-KH-MSF-GENRE,Cambodia,Full,ElasticNet,4,1,0.9971373081207275,1
6186,RCN22589,1239-PF-KH-MSF-GENRE,Cambodia,Full,ElasticNet,4,1,0.9960789084434509,1
6187,RCN22590,1239-PF-KH-MSF-GENRE,Cambodia,Full,ElasticNet,4,1,0.9953513145446777,1
6188,RCN22595,1239-PF-KH-MSF-GENRE,Cambodia,Full,ElasticNet,4,1,0.9724384546279907,1
6189,RCN22597,1239-PF-KH-MSF-GENRE,Cambodia,Full,ElasticNet,4,1,0.9958477020263672,1
6190,RCN22598,1239-PF-KH-MSF-GENRE,Cambodia,Full,ElasticNet,4,1,0.9957630634307861,1
6191,RCN22602,1239-PF-KH-MSF-GENRE,Cambodia,Full,ElasticNet,4,1,0.977889358997345,1
6192,RCN22604,1239-PF-KH-MSF-GENRE,Cambodia,Full,ElasticNet,4,1,0.9964137673377991,1
6193,RCN22613,1239-PF-KH-MSF-GENRE,Cambodia,Full,ElasticNet,4,1,0.9977899789810181,1
6194,RCN22614,1239-PF-KH-MSF-GENRE,Cambodia,Full,ElasticNet,4,1,0.935174286365509,1
6195,RCN22636,1239-PF-KH-MSF-GENRE,Cambodia,Full,ElasticNet,4,1,0.9922939538955688,1
6196,RCN22637,1239-PF-KH-MSF-GENRE,Cambodia,Full,ElasticNet,4,1,0.996129035949707,1
6197,RCN22641,1239-PF-KH-MSF-GENRE,Cambodia,Full,ElasticNet,4,1,0.9845841526985168,1
6198,RCN22643,1239-PF-KH-MSF-GENRE,Cambodia,Full,ElasticNet,4,1,0.9973577857017517,1
6199,RCN22644,1239-PF-KH-MSF-GENRE,Cambodia,Full,ElasticNet,4,1,0.996484637260437,1
6200,RCN22645,1239-PF-KH-MSF-GENRE,Cambodia,Full,ElasticNet,4,1,0.9957677125930786,1
6201,RCN22647,1239-PF-KH-MSF-GENRE,Cambodia,Full,ElasticNet,4,1,0.9788876175880432,1
6202,RCN22651,1239-PF-KH-MSF-GENRE,Cambodia,Full,ElasticNet,4,1,0.9355953931808472,1
6203,RCN22653,1239-PF-KH-MSF-GENRE,Cambodia,Full,ElasticNet,4,0,0.18600541353225708,0
6204,RCN22654,1239-PF-KH-MSF-GENRE,Cambodia,Full,ElasticNet,4,1,0.9978283047676086,1
6205,RCN22655,1239-PF-KH-MSF-GENRE,Cambodia,Full,ElasticNet,4,1,0.995707631111145,1
6206,RCN22657,1239-PF-KH-MSF-GENRE,Cambodia,Full,ElasticNet,4,1,0.9941554069519043,1
6207,RCN22659,1239-PF-KH-MSF-GENRE,Cambodia,Full,ElasticNet,4,1,0.8304007053375244,1
6208,RCN22660,1239-PF-KH-MSF-GENRE,Cambodia,Full,ElasticNet,4,1,0.993911862373352,1
6209,RCN22663,1239-PF-KH-MSF-GENRE,Cambodia,Full,ElasticNet,4,1,0.8860043883323669,1
6210,RCN22668,1239-PF-KH-MSF-GENRE,Cambodia,Full,ElasticNet,4,1,0.9958608746528625,1
6211,RCN22669,1239-PF-KH-MSF-GENRE,Cambodia,Full,ElasticNet,4,1,0.9954463839530945,1
6212,RCN22671,1239-PF-KH-MSF-GENRE,Cambodia,Full,ElasticNet,4,1,0.9964393973350525,1
6213,RCN22672,1239-PF-KH-MSF-GENRE,Cambodia,Full,ElasticNet,4,1,0.9960785508155823,1
6214,RCN22675,1239-PF-KH-MSF-GENRE,Cambodia,Full,ElasticNet,4,1,0.9815402626991272,1
6215,RCN22678,1239-PF-KH-MSF-GENRE,Cambodia,Full,ElasticNet,4,1,0.9964757561683655,1
6216,RCN22679,1239-PF-KH-MSF-GENRE,Cambodia,Full,ElasticNet,4,1,0.9920291900634766,1
6217,RCN22684,1239-PF-KH-MSF-GENRE,Cambodia,Full,ElasticNet,4,0,0.27993476390838623,0
6218,RCN22685,1239-PF-KH-MSF-GENRE,Cambodia,Full,ElasticNet,4,1,0.9928513765335083,1
6219,RCN22686,1239-PF-KH-MSF-GENRE,Cambodia,Full,ElasticNet,4,1,0.9904858469963074,1
6220,RCN22687,1239-PF-KH-MSF-GENRE,Cambodia,Full,ElasticNet,4,1,0.9965752959251404,1
6221,RCN22688,1239-PF-KH-MSF-GENRE,Cambodia,Full,ElasticNet,4,1,0.9971309900283813,1
6222,RCN22689,1239-PF-KH-MSF-GENRE,Cambodia,Full,ElasticNet,4,1,0.9979209303855896,1
6223,RCN22690,1239-PF-KH-MSF-GENRE,Cambodia,Full,ElasticNet,4,1,0.9964883327484131,1
6224,RCN22699,1239-PF-KH-MSF-GENRE,Cambodia,Full,ElasticNet,4,1,0.9903050661087036,1
6225,RCN22720,1239-PF-KH-MSF-GENRE,Cambodia,Full,ElasticNet,4,1,0.9965274930000305,1
6226,RCN22736,1239-PF-KH-MSF-GENRE,Cambodia,Full,ElasticNet,4,1,0.9846989512443542,1
6227,RCN22748,1239-PF-KH-MSF-GENRE,Cambodia,Full,ElasticNet,4,1,0.9937521815299988,1
6228,RCN22749,1239-PF-KH-MSF-GENRE,Cambodia,Full,ElasticNet,4,1,0.9547683596611023,1
6229,RCN22753,1239-PF-KH-MSF-GENRE,Cambodia,Full,ElasticNet,4,1,0.9663256406784058,1
6230,RCN22768,1239-PF-KH-MSF-GENRE,Cambodia,Full,ElasticNet,4,1,0.9978721141815186,1
6231,RCN22770,1239-PF-KH-MSF-GENRE,Cambodia,Full,ElasticNet,4,1,0.9963310360908508,1
6232,RCN22772,1239-PF-KH-MSF-GENRE,Cambodia,Full,ElasticNet,4,1,0.9976379871368408,1
6233,RCN22781,1239-PF-KH-MSF-GENRE,Cambodia,Full,ElasticNet,4,1,0.9971959590911865,1
6234,RCN22787,1239-PF-KH-MSF-GENRE,Cambodia,Full,ElasticNet,4,1,0.9559983015060425,1
6235,RCN22788,1239-PF-KH-MSF-GENRE,Cambodia,Full,ElasticNet,4,1,0.9883678555488586,1
6236,RCN22789,1239-PF-KH-MSF-GENRE,Cambodia,Full,ElasticNet,4,1,0.9965517520904541,1
6237,RCN22790,1239-PF-KH-MSF-GENRE,Cambodia,Full,ElasticNet,4,1,0.9971970319747925,1
6238,RCN22791,1239-PF-KH-MSF-GENRE,Cambodia,Full,ElasticNet,4,1,0.9079666137695312,1
6239,RCN22792,1239-PF-KH-MSF-GENRE,Cambodia,Full,ElasticNet,4,1,0.9827787280082703,1
6240,RCN22795,1239-PF-KH-MSF-GENRE,Cambodia,Full,ElasticNet,4,1,0.7072094082832336,1
6241,RCN22798,1239-PF-KH-MSF-GENRE,Cambodia,Full,ElasticNet,4,0,0.557098925113678,1
6242,RCN22799,1239-PF-KH-MSF-GENRE,Cambodia,Full,ElasticNet,4,1,0.9627202749252319,1
6243,RCN22800,1239-PF-KH-MSF-GENRE,Cambodia,Full,ElasticNet,4,0,0.5374912023544312,1
6244,RCN22802,1239-PF-KH-MSF-GENRE,Cambodia,Full,ElasticNet,4,1,0.9965031147003174,1
6245,RCN22803,1239-PF-KH-MSF-GENRE,Cambodia,Full,ElasticNet,4,1,0.99504154920578,1
6246,RCN22804,1239-PF-KH-MSF-GENRE,Cambodia,Full,ElasticNet,4,1,0.9940370321273804,1
6247,RCN22805,1239-PF-KH-MSF-GENRE,Cambodia,Full,ElasticNet,4,1,0.9872767329216003,1
6248,RCN22806,1239-PF-KH-MSF-GENRE,Cambodia,Full,ElasticNet,4,1,0.9964824914932251,1
6249,RCN22808,1239-PF-KH-MSF-GENRE,Cambodia,Full,ElasticNet,4,1,0.9965381622314453,1
6250,RCN22809,1239-PF-KH-MSF-GENRE,Cambodia,Full,ElasticNet,4,1,0.9971784353256226,1
6251,RCN22810,1239-PF-KH-MSF-GENRE,Cambodia,Full,ElasticNet,4,1,0.9940348267555237,1
6252,RCN22811,1239-PF-KH-MSF-GENRE,Cambodia,Full,ElasticNet,4,1,0.9913573265075684,1
6253,RCN22815,1239-PF-KH-MSF-GENRE,Cambodia,Full,ElasticNet,4,1,0.9976391792297363,1
6254,RCN22817,1239-PF-KH-MSF-GENRE,Cambodia,Full,ElasticNet,4,1,0.97672438621521,1
6255,RCN22818,1239-PF-KH-MSF-GENRE,Cambodia,Full,ElasticNet,4,1,0.9968050718307495,1
6256,RCN22819,1239-PF-KH-MSF-GENRE,Cambodia,Full,ElasticNet,4,0,0.14339597523212433,0
6257,RCN22820,1239-PF-KH-MSF-GENRE,Cambodia,Full,ElasticNet,4,1,0.9965524673461914,1
6258,RCN22821,1239-PF-KH-MSF-GENRE,Cambodia,Full,ElasticNet,4,0,0.15044426918029785,0
6259,RCN22822,1239-PF-KH-MSF-GENRE,Cambodia,Full,ElasticNet,4,1,0.9827451109886169,1
6260,RCN22824,1239-PF-KH-MSF-GENRE,Cambodia,Full,ElasticNet,4,1,0.9873728156089783,1
6261,RCN22826,1239-PF-KH-MSF-GENRE,Cambodia,Full,ElasticNet,4,1,0.8057626485824585,1
6262,RCN22827,1239-PF-KH-MSF-GENRE,Cambodia,Full,ElasticNet,4,1,0.9921896457672119,1
6263,RCN22828,1239-PF-KH-MSF-GENRE,Cambodia,Full,ElasticNet,4,1,0.9940348267555237,1
6264,RCN22829,1239-PF-KH-MSF-GENRE,Cambodia,Full,ElasticNet,4,1,0.9940297603607178,1
6265,RCN22831,1239-PF-KH-MSF-GENRE,Cambodia,Full,ElasticNet,4,1,0.9931233525276184,1
6266,RCN22832,1239-PF-KH-MSF-GENRE,Cambodia,Full,ElasticNet,4,0,0.14113593101501465,0
6267,RCN22833,1239-PF-KH-MSF-GENRE,Cambodia,Full,ElasticNet,4,1,0.9970923662185669,1
6268,RCN22834,1239-PF-KH-MSF-GENRE,Cambodia,Full,ElasticNet,4,1,0.8994665145874023,1
6269,RCN22835,1239-PF-KH-MSF-GENRE,Cambodia,Full,ElasticNet,4,0,0.547700822353363,1
6270,RCN22836,1239-PF-KH-MSF-GENRE,Cambodia,Full,ElasticNet,4,1,0.9964994192123413,1
6271,RCN22837,1239-PF-KH-MSF-GENRE,Cambodia,Full,ElasticNet,4,1,0.9874458312988281,1
6272,RCN22838,1239-PF-KH-MSF-GENRE,Cambodia,Full,ElasticNet,4,1,0.9878624677658081,1
6273,RCN22839,1239-PF-KH-MSF-GENRE,Cambodia,Full,ElasticNet,4,0,0.2702651619911194,0
6274,RCN22840,1239-PF-KH-MSF-GENRE,Cambodia,Full,ElasticNet,4,1,0.9971296191215515,1
6275,RCN22842,1239-PF-KH-MSF-GENRE,Cambodia,Full,ElasticNet,4,1,0.9406167268753052,1
6276,RCN22843,1239-PF-KH-MSF-GENRE,Cambodia,Full,ElasticNet,4,0,0.2852133810520172,0
6277,RCN22845,1239-PF-KH-MSF-GENRE,Cambodia,Full,ElasticNet,4,0,0.6998077630996704,1
6278,RCN22846,1239-PF-KH-MSF-GENRE,Cambodia,Full,ElasticNet,4,1,0.9909088015556335,1
6279,RCN22847,1239-PF-KH-MSF-GENRE,Cambodia,Full,ElasticNet,4,1,0.9934837222099304,1
6280,RCN22848,1239-PF-KH-MSF-GENRE,Cambodia,Full,ElasticNet,4,1,0.9921733140945435,1
6281,RCN22850,1239-PF-KH-MSF-GENRE,Cambodia,Full,ElasticNet,4,1,0.9971292614936829,1
6282,RCN22851,1239-PF-KH-MSF-GENRE,Cambodia,Full,ElasticNet,4,1,0.9924362301826477,1
6283,RCN22852,1239-PF-KH-MSF-GENRE,Cambodia,Full,ElasticNet,4,1,0.9896805882453918,1
6284,RCN22853,1239-PF-KH-MSF-GENRE,Cambodia,Full,ElasticNet,4,1,0.9888489246368408,1
6285,RCN22854,1239-PF-KH-MSF-GENRE,Cambodia,Full,ElasticNet,4,1,0.992119550704956,1
6286,RCN22855,1239-PF-KH-MSF-GENRE,Cambodia,Full,ElasticNet,4,1,0.9964488744735718,1
6287,RCN22857,1239-PF-KH-MSF-GENRE,Cambodia,Full,ElasticNet,4,1,0.9921905398368835,1
6288,RCN22858,1239-PF-KH-MSF-GENRE,Cambodia,Full,ElasticNet,4,1,0.993619978427887,1
6289,RCN22859,1239-PF-KH-MSF-GENRE,Cambodia,Full,ElasticNet,4,1,0.9936129450798035,1
6290,RCN22860,1239-PF-KH-MSF-GENRE,Cambodia,Full,ElasticNet,4,1,0.99490886926651,1
6291,RCN22861,1239-PF-KH-MSF-GENRE,Cambodia,Full,ElasticNet,4,1,0.9921277761459351,1
6292,RCN22862,1239-PF-KH-MSF-GENRE,Cambodia,Full,ElasticNet,4,1,0.9936496615409851,1
6293,RCN22863,1239-PF-KH-MSF-GENRE,Cambodia,Full,ElasticNet,4,1,0.9968515038490295,1
6294,RCN22864,1239-PF-KH-MSF-GENRE,Cambodia,Full,ElasticNet,4,1,0.9912791848182678,1
6295,RCN22865,1239-PF-KH-MSF-GENRE,Cambodia,Full,ElasticNet,4,0,0.8002662062644958,1
6296,RCN22866,1239-PF-KH-MSF-GENRE,Cambodia,Full,ElasticNet,4,1,0.9938684105873108,1
6297,RCN22867,1239-PF-KH-MSF-GENRE,Cambodia,Full,ElasticNet,4,1,0.9971345663070679,1
6298,RCN22868,1239-PF-KH-MSF-GENRE,Cambodia,Full,ElasticNet,4,1,0.9971259236335754,1
6299,RCN22869,1239-PF-KH-MSF-GENRE,Cambodia,Full,ElasticNet,4,1,0.9914324283599854,1
6300,RCN22870,1239-PF-KH-MSF-GENRE,Cambodia,Full,ElasticNet,4,1,0.9968871474266052,1
6301,RCN22872,1239-PF-KH-MSF-GENRE,Cambodia,Full,ElasticNet,4,1,0.9812613725662231,1
6302,RCN22873,1239-PF-KH-MSF-GENRE,Cambodia,Full,ElasticNet,4,1,0.9813589453697205,1
6303,RCN22874,1239-PF-KH-MSF-GENRE,Cambodia,Full,ElasticNet,4,1,0.9813474416732788,1
6304,RCN22875,1239-PF-KH-MSF-GENRE,Cambodia,Full,ElasticNet,4,1,0.9813047647476196,1
6305,RCN22876,1239-PF-KH-MSF-GENRE,Cambodia,Full,ElasticNet,4,1,0.9921351671218872,1
6306,RCN22877,1239-PF-KH-MSF-GENRE,Cambodia,Full,ElasticNet,4,1,0.9934951663017273,1
6307,RCN22878,1239-PF-KH-MSF-GENRE,Cambodia,Full,ElasticNet,4,1,0.9914203882217407,1
6308,RCN22879,1239-PF-KH-MSF-GENRE,Cambodia,Full,ElasticNet,4,1,0.9936284422874451,1
6309,RCN22880,1239-PF-KH-MSF-GENRE,Cambodia,Full,ElasticNet,4,1,0.9891479015350342,1
6310,RCN22881,1239-PF-KH-MSF-GENRE,Cambodia,Full,ElasticNet,4,0,0.10210894793272018,0
6311,RCN22882,1239-PF-KH-MSF-GENRE,Cambodia,Full,ElasticNet,4,1,0.9946691393852234,1
6312,RCN22887,1239-PF-KH-MSF-GENRE,Cambodia,Full,ElasticNet,4,0,0.9224245548248291,1
6313,RCN22888,1239-PF-KH-MSF-GENRE,Cambodia,Full,ElasticNet,4,1,0.9892449378967285,1
6314,RCN22889,1239-PF-KH-MSF-GENRE,Cambodia,Full,ElasticNet,4,0,0.9640626311302185,1
6315,RCN22890,1239-PF-KH-MSF-GENRE,Cambodia,Full,ElasticNet,4,0,0.8653894662857056,1
6316,RCN22891,1239-PF-KH-MSF-GENRE,Cambodia,Full,ElasticNet,4,0,0.9226998090744019,1
6317,RCN22892,1239-PF-KH-MSF-GENRE,Cambodia,Full,ElasticNet,4,1,0.9857879877090454,1
6318,RCN22894,1239-PF-KH-MSF-GENRE,Cambodia,Full,ElasticNet,4,1,0.9920618534088135,1
6319,RCN22895,1239-PF-KH-MSF-GENRE,Cambodia,Full,ElasticNet,4,0,0.9215867519378662,1
6320,RCN22896,1239-PF-KH-MSF-GENRE,Cambodia,Full,ElasticNet,4,1,0.994032084941864,1
6321,RCN22897,1239-PF-KH-MSF-GENRE,Cambodia,Full,ElasticNet,4,1,0.8124288320541382,1
6322,RCN22898,1239-PF-KH-MSF-GENRE,Cambodia,Full,ElasticNet,4,0,0.09631802141666412,0
6323,RCN22899,1239-PF-KH-MSF-GENRE,Cambodia,Full,ElasticNet,4,0,0.11567216366529465,0
6324,RCN22900,1239-PF-KH-MSF-GENRE,Cambodia,Full,ElasticNet,4,0,0.11526560038328171,0
6325,RCN22902,1239-PF-KH-MSF-GENRE,Cambodia,Full,ElasticNet,4,0,0.9224731922149658,1
6326,RCN22903,1239-PF-KH-MSF-GENRE,Cambodia,Full,ElasticNet,4,1,0.9813767075538635,1
6327,RCN22904,1239-PF-KH-MSF-GENRE,Cambodia,Full,ElasticNet,4,0,0.922760009765625,1
6328,RCN22905,1239-PF-KH-MSF-GENRE,Cambodia,Full,ElasticNet,4,1,0.9711009860038757,1
6329,RCN22908,1239-PF-KH-MSF-GENRE,Cambodia,Full,ElasticNet,4,1,0.9946932196617126,1
6330,RCN22909,1239-PF-KH-MSF-GENRE,Cambodia,Full,ElasticNet,4,1,0.9883342981338501,1
6331,RCN22911,1239-PF-KH-MSF-GENRE,Cambodia,Full,ElasticNet,4,1,0.9902960658073425,1
6332,RCN22931,1239-PF-KH-MSF-GENRE,Cambodia,Full,ElasticNet,4,1,0.990075409412384,1
6333,RCN22934,1239-PF-KH-MSF-GENRE,Cambodia,Full,ElasticNet,4,1,0.998199462890625,1
6334,RCN22939,1239-PF-KH-MSF-GENRE,Cambodia,Full,ElasticNet,4,1,0.8879124522209167,1
6335,RCN22940,1239-PF-KH-MSF-GENRE,Cambodia,Full,ElasticNet,4,1,0.9985045194625854,1
6336,RCN22947,1239-PF-KH-MSF-GENRE,Cambodia,Full,ElasticNet,4,1,0.9971229434013367,1
6337,RCN22954,1239-PF-KH-MSF-GENRE,Cambodia,Full,ElasticNet,4,1,0.9518439173698425,1
6338,RCN22955,1239-PF-KH-MSF-GENRE,Cambodia,Full,ElasticNet,4,1,0.9470086097717285,1
6339,RCN22957,1239-PF-KH-MSF-GENRE,Cambodia,Full,ElasticNet,4,1,0.9472189545631409,1
6340,RCN22959,1239-PF-KH-MSF-GENRE,Cambodia,Full,ElasticNet,4,1,0.9920349717140198,1
6341,RCN22967,1239-PF-KH-MSF-GENRE,Cambodia,Full,ElasticNet,4,1,0.9959335923194885,1
6342,RCN22970,1239-PF-KH-MSF-GENRE,Cambodia,Full,ElasticNet,4,1,0.9960567951202393,1
6343,RCN22971,1239-PF-KH-MSF-GENRE,Cambodia,Full,ElasticNet,4,1,0.9914636015892029,1
6344,RCN22972,1239-PF-KH-MSF-GENRE,Cambodia,Full,ElasticNet,4,1,0.9970691800117493,1
6345,RCN22974,1239-PF-KH-MSF-GENRE,Cambodia,Full,ElasticNet,4,1,0.9971113204956055,1
6346,RCN22975,1239-PF-KH-MSF-GENRE,Cambodia,Full,ElasticNet,4,1,0.9964821338653564,1
6347,RCN22976,1239-PF-KH-MSF-GENRE,Cambodia,Full,ElasticNet,4,1,0.9848286509513855,1
6348,RCN22977,1239-PF-KH-MSF-GENRE,Cambodia,Full,ElasticNet,4,1,0.9164503216743469,1
6349,RCN22979,1239-PF-KH-MSF-GENRE,Cambodia,Full,ElasticNet,4,1,0.9935879707336426,1
6350,RCN22982,1239-PF-KH-MSF-GENRE,Cambodia,Full,ElasticNet,4,1,0.9666038751602173,1
6351,RCN22984,1239-PF-KH-MSF-GENRE,Cambodia,Full,ElasticNet,4,1,0.9971940517425537,1
6352,RCN22988,1239-PF-KH-MSF-GENRE,Cambodia,Full,ElasticNet,4,1,0.9964840412139893,1
6353,RCN22989,1239-PF-KH-MSF-GENRE,Cambodia,Full,ElasticNet,4,1,0.9968873858451843,1
6354,RCN22990,1239-PF-KH-MSF-GENRE,Cambodia,Full,ElasticNet,4,1,0.9877517223358154,1
6355,RCN22995,1239-PF-KH-MSF-GENRE,Cambodia,Full,ElasticNet,4,1,0.9941132664680481,1
6356,RCN22999,1239-PF-KH-MSF-GENRE,Cambodia,Full,ElasticNet,4,1,0.9965141415596008,1
6357,RCN23000,1239-PF-KH-MSF-GENRE,Cambodia,Full,ElasticNet,4,1,0.9984714388847351,1
6358,RCN23001,1239-PF-KH-MSF-GENRE,Cambodia,Full,ElasticNet,4,1,0.9976334571838379,1
6359,RCN23002,1239-PF-KH-MSF-GENRE,Cambodia,Full,ElasticNet,4,1,0.9969937801361084,1
6360,RCN23003,1239-PF-KH-MSF-GENRE,Cambodia,Full,ElasticNet,4,1,0.9965489506721497,1
6361,RCN23004,1239-PF-KH-MSF-GENRE,Cambodia,Full,ElasticNet,4,1,0.996976375579834,1
6362,RCN23020,1239-PF-KH-MSF-GENRE,Cambodia,Full,ElasticNet,4,1,0.9971265196800232,1
6363,RCN23022,1239-PF-KH-MSF-GENRE,Cambodia,Full,ElasticNet,4,1,0.9971954822540283,1
6364,RCN23024,1239-PF-KH-MSF-GENRE,Cambodia,Full,ElasticNet,4,1,0.9965314269065857,1
6365,RCN23025,1239-PF-KH-MSF-GENRE,Cambodia,Full,ElasticNet,4,1,0.9971300959587097,1
6366,RCN23026,1239-PF-KH-MSF-GENRE,Cambodia,Full,ElasticNet,4,1,0.9931085109710693,1
6367,RCN23028,1239-PF-KH-MSF-GENRE,Cambodia,Full,ElasticNet,4,1,0.9964994192123413,1
6368,RCN23029,1239-PF-KH-MSF-GENRE,Cambodia,Full,ElasticNet,4,1,0.9966205358505249,1
6369,RCN23030,1239-PF-KH-MSF-GENRE,Cambodia,Full,ElasticNet,4,1,0.9965066313743591,1
6370,RCN23032,1239-PF-KH-MSF-GENRE,Cambodia,Full,ElasticNet,4,1,0.996631920337677,1
6371,RCN23035,1239-PF-KH-MSF-GENRE,Cambodia,Full,ElasticNet,4,1,0.9940400123596191,1
6372,RCN23036,1239-PF-KH-MSF-GENRE,Cambodia,Full,ElasticNet,4,1,0.9965104460716248,1
6373,RCN23038,1239-PF-KH-MSF-GENRE,Cambodia,Full,ElasticNet,4,1,0.9979602098464966,1
6374,RCN23041,1239-PF-KH-MSF-GENRE,Cambodia,Full,ElasticNet,4,0,0.27946144342422485,0
6375,RCN23042,1239-PF-KH-MSF-GENRE,Cambodia,Full,ElasticNet,4,1,0.9560473561286926,1
6376,RCN23044,1239-PF-KH-MSF-GENRE,Cambodia,Full,ElasticNet,4,0,0.15057069063186646,0
6377,RCN23046,1239-PF-KH-MSF-GENRE,Cambodia,Full,ElasticNet,4,0,0.15061044692993164,0
6378,RCN23048,1239-PF-KH-MSF-GENRE,Cambodia,Full,ElasticNet,4,0,0.15051957964897156,0
6379,RCN23059,1239-PF-KH-MSF-GENRE,Cambodia,Full,ElasticNet,4,1,0.9956315755844116,1
6380,RCN23060,1239-PF-KH-MSF-GENRE,Cambodia,Full,ElasticNet,4,1,0.9968134760856628,1
6381,RCN23072,1239-PF-KH-MSF-GENRE,Cambodia,Full,ElasticNet,4,1,0.9937266111373901,1
6382,RCN23080,1239-PF-KH-MSF-GENRE,Cambodia,Full,ElasticNet,4,1,0.9783443212509155,1
6383,RCN23082,1239-PF-KH-MSF-GENRE,Cambodia,Full,ElasticNet,4,1,0.9679258465766907,1
6384,RCN23098,1239-PF-KH-MSF-GENRE,Cambodia,Full,ElasticNet,4,1,0.9913854598999023,1
6385,RCN23099,1239-PF-KH-MSF-GENRE,Cambodia,Full,ElasticNet,4,1,0.9964886903762817,1
6386,RCN23103,1239-PF-KH-MSF-GENRE,Cambodia,Full,ElasticNet,4,1,0.9954492449760437,1
6387,RCN23105,1239-PF-KH-MSF-GENRE,Cambodia,Full,ElasticNet,4,1,0.9976898431777954,1
6388,RCN23106,1239-PF-KH-MSF-GENRE,Cambodia,Full,ElasticNet,4,1,0.9971345663070679,1
6389,RCN23112,1239-PF-KH-MSF-GENRE,Cambodia,Full,ElasticNet,4,1,0.9964286684989929,1
6390,RCN23114,1239-PF-KH-MSF-GENRE,Cambodia,Full,ElasticNet,4,1,0.990481972694397,1
6391,RCN23121,1239-PF-KH-MSF-GENRE,Cambodia,Full,ElasticNet,4,1,0.9670882821083069,1
6392,RCN23122,1239-PF-KH-MSF-GENRE,Cambodia,Full,ElasticNet,4,1,0.996268630027771,1
6393,RCN23128,1239-PF-KH-MSF-GENRE,Cambodia,Full,ElasticNet,4,1,0.9968042373657227,1
6394,RCN23138,1239-PF-KH-MSF-GENRE,Cambodia,Full,ElasticNet,4,1,0.9971317052841187,1
6395,RCN23139,1239-PF-KH-MSF-GENRE,Cambodia,Full,ElasticNet,4,1,0.9911544322967529,1
6396,RCN23145,1239-PF-KH-MSF-GENRE,Cambodia,Full,ElasticNet,4,1,0.9560547471046448,1
6397,RCN23146,1239-PF-KH-MSF-GENRE,Cambodia,Full,ElasticNet,4,1,0.9720752835273743,1
6398,RCN23151,1239-PF-KH-MSF-GENRE,Cambodia,Full,ElasticNet,4,1,0.9472570419311523,1
6399,RCN23162,1239-PF-KH-MSF-GENRE,Cambodia,Full,ElasticNet,4,1,0.9563724994659424,1
6400,RCN23163,1239-PF-KH-MSF-GENRE,Cambodia,Full,ElasticNet,4,0,0.07585864514112473,0
6401,RCN23164,1239-PF-KH-MSF-GENRE,Cambodia,Full,ElasticNet,4,1,0.9969663023948669,1
6402,RCN23166,1239-PF-KH-MSF-GENRE,Cambodia,Full,ElasticNet,4,1,0.9965071082115173,1
6403,RCN23167,1239-PF-KH-MSF-GENRE,Cambodia,Full,ElasticNet,4,0,0.4601287841796875,0
6404,RCN23168,1239-PF-KH-MSF-GENRE,Cambodia,Full,ElasticNet,4,1,0.9903298616409302,1
6405,RCN23174,1239-PF-KH-MSF-GENRE,Cambodia,Full,ElasticNet,4,1,0.9979891777038574,1
6406,RCN23175,1239-PF-KH-MSF-GENRE,Cambodia,Full,ElasticNet,4,1,0.9954431056976318,1
6407,RCN23178,1239-PF-KH-MSF-GENRE,Cambodia,Full,ElasticNet,4,1,0.9710515141487122,1
6408,RCN23191,1239-PF-KH-MSF-GENRE,Cambodia,Full,ElasticNet,4,1,0.9969573020935059,1
6409,RCN23198,1239-PF-KH-MSF-GENRE,Cambodia,Full,ElasticNet,4,1,0.9917700290679932,1
6410,RCN23208,1239-PF-KH-MSF-GENRE,Cambodia,Full,ElasticNet,4,1,0.9883560538291931,1
6411,RCN23216,1239-PF-KH-MSF-GENRE,Cambodia,Full,ElasticNet,4,1,0.9739531874656677,1
6412,RCN23223,1239-PF-KH-MSF-GENRE,Cambodia,Full,ElasticNet,4,1,0.9922695159912109,1
6413,RCN23227,1239-PF-KH-MSF-GENRE,Cambodia,Full,ElasticNet,4,1,0.9920819997787476,1
6414,RCN23230,1239-PF-KH-MSF-GENRE,Cambodia,Full,ElasticNet,4,1,0.9907163381576538,1
6415,RCN23232,1239-PF-KH-MSF-GENRE,Cambodia,Full,ElasticNet,4,1,0.9922956228256226,1
6416,RCN23233,1239-PF-KH-MSF-GENRE,Cambodia,Full,ElasticNet,4,1,0.989422619342804,1
6417,RCN23234,1239-PF-KH-MSF-GENRE,Cambodia,Full,ElasticNet,4,1,0.9920899868011475,1
77,PD0109-C,1031-PF-SEA-PLOWE,Thailand,Full,ElasticNet,5,0,0.2671278417110443,0
78,PD0110-C,1031-PF-SEA-PLOWE,Thailand,Full,ElasticNet,5,1,0.3539999723434448,0
111,PD0145-C,1031-PF-SEA-PLOWE,Thailand,Full,ElasticNet,5,0,0.172962948679924,0
241,PD0716-C,1125-PF-TH-NOSTEN,Thailand,Full,ElasticNet,5,0,0.16348671913146973,0
242,PD0717-C,1125-PF-TH-NOSTEN,Thailand,Full,ElasticNet,5,0,0.40470772981643677,0
243,PD0718-C,1125-PF-TH-NOSTEN,Thailand,Full,ElasticNet,5,0,0.217300146818161,0
244,PD0720-C,1125-PF-TH-NOSTEN,Thailand,Full,ElasticNet,5,1,0.6241697669029236,1
245,PD0721-C,1125-PF-TH-NOSTEN,Thailand,Full,ElasticNet,5,0,0.23370090126991272,0
246,PD0722-C,1125-PF-TH-NOSTEN,Thailand,Full,ElasticNet,5,0,0.547359824180603,1
247,PD0724-C,1125-PF-TH-NOSTEN,Thailand,Full,ElasticNet,5,0,0.19180046021938324,0
248,PD0725-C,1125-PF-TH-NOSTEN,Thailand,Full,ElasticNet,5,1,0.6135730147361755,1
249,PD0726-C,1125-PF-TH-NOSTEN,Thailand,Full,ElasticNet,5,0,0.7109406590461731,1
250,PD0727-C,1125-PF-TH-NOSTEN,Thailand,Full,ElasticNet,5,0,0.3357016444206238,0
251,PD0728-C,1125-PF-TH-NOSTEN,Thailand,Full,ElasticNet,5,0,0.07149239629507065,0
252,PD0729-C,1125-PF-TH-NOSTEN,Thailand,Full,ElasticNet,5,0,0.5115304589271545,1
253,PD0730-C,1125-PF-TH-NOSTEN,Thailand,Full,ElasticNet,5,0,0.5301485061645508,1
254,PD0731-C,1125-PF-TH-NOSTEN,Thailand,Full,ElasticNet,5,1,0.6281928420066833,1
255,PD0733-C,1125-PF-TH-NOSTEN,Thailand,Full,ElasticNet,5,0,0.06777574121952057,0
256,PD0734-C,1125-PF-TH-NOSTEN,Thailand,Full,ElasticNet,5,1,0.5060073137283325,1
257,PD0735-C,1125-PF-TH-NOSTEN,Thailand,Full,ElasticNet,5,0,0.4310632348060608,0
258,PD0740-C,1125-PF-TH-NOSTEN,Thailand,Full,ElasticNet,5,0,0.14661478996276855,0
259,PD0741-C,1125-PF-TH-NOSTEN,Thailand,Full,ElasticNet,5,0,0.292939692735672,0
260,PD0742-C,1125-PF-TH-NOSTEN,Thailand,Full,ElasticNet,5,0,0.2976950705051422,0
261,PD0744-C,1125-PF-TH-NOSTEN,Thailand,Full,ElasticNet,5,0,0.640993595123291,1
262,PD0746-C,1125-PF-TH-NOSTEN,Thailand,Full,ElasticNet,5,1,0.6267287135124207,1
263,PD0747-C,1125-PF-TH-NOSTEN,Thailand,Full,ElasticNet,5,0,0.3183611035346985,0
264,PD0748-C,1125-PF-TH-NOSTEN,Thailand,Full,ElasticNet,5,0,0.18719206750392914,0
265,PD0749-C,1125-PF-TH-NOSTEN,Thailand,Full,ElasticNet,5,0,0.6134575009346008,1
266,PD0750-C,1125-PF-TH-NOSTEN,Thailand,Full,ElasticNet,5,0,0.547420084476471,1
267,PD0751-C,1125-PF-TH-NOSTEN,Thailand,Full,ElasticNet,5,1,0.4601999819278717,0
268,PD0754-C,1125-PF-TH-NOSTEN,Thailand,Full,ElasticNet,5,0,0.2074195295572281,0
269,PD0755-C,1125-PF-TH-NOSTEN,Thailand,Full,ElasticNet,5,0,0.5445377826690674,1
270,PD0758-C,1125-PF-TH-NOSTEN,Thailand,Full,ElasticNet,5,0,0.6491996049880981,1
271,PD0760-C,1125-PF-TH-NOSTEN,Thailand,Full,ElasticNet,5,0,0.5352879762649536,1
272,PD0761-C,1125-PF-TH-NOSTEN,Thailand,Full,ElasticNet,5,0,0.4332856237888336,0
273,PD0762-C,1125-PF-TH-NOSTEN,Thailand,Full,ElasticNet,5,0,0.12943421304225922,0
274,PD0765-C,1125-PF-TH-NOSTEN,Thailand,Full,ElasticNet,5,0,0.10640764236450195,0
275,PD0766-C,1125-PF-TH-NOSTEN,Thailand,Full,ElasticNet,5,0,0.6130764484405518,1
276,PD0767-C,1125-PF-TH-NOSTEN,Thailand,Full,ElasticNet,5,0,0.48487594723701477,0
277,PD0771-C,1125-PF-TH-NOSTEN,Thailand,Full,ElasticNet,5,0,0.288278192281723,0
278,PD0772-C,1125-PF-TH-NOSTEN,Thailand,Full,ElasticNet,5,0,0.4937821328639984,0
279,PD0774-C,1125-PF-TH-NOSTEN,Thailand,Full,ElasticNet,5,0,0.06008165329694748,0
280,PD0775-C,1125-PF-TH-NOSTEN,Thailand,Full,ElasticNet,5,0,0.13951769471168518,0
281,PD0776-C,1125-PF-TH-NOSTEN,Thailand,Full,ElasticNet,5,0,0.3111119866371155,0
282,PD0777-C,1125-PF-TH-NOSTEN,Thailand,Full,ElasticNet,5,0,0.5992838144302368,1
283,PD0781-C,1125-PF-TH-NOSTEN,Thailand,Full,ElasticNet,5,0,0.12960076332092285,0
284,PD0782-C,1125-PF-TH-NOSTEN,Thailand,Full,ElasticNet,5,0,0.4721740484237671,0
285,PD0785-C,1125-PF-TH-NOSTEN,Thailand,Full,ElasticNet,5,0,0.23395822942256927,0
286,PD0786-C,1125-PF-TH-NOSTEN,Thailand,Full,ElasticNet,5,0,0.14496451616287231,0
287,PD0787-C,1125-PF-TH-NOSTEN,Thailand,Full,ElasticNet,5,0,0.5579826235771179,1
288,PD0789-C,1125-PF-TH-NOSTEN,Thailand,Full,ElasticNet,5,0,0.42354869842529297,0
289,PD0790-C,1125-PF-TH-NOSTEN,Thailand,Full,ElasticNet,5,0,0.26575589179992676,0
290,PD0791-C,1125-PF-TH-NOSTEN,Thailand,Full,ElasticNet,5,1,0.5881658792495728,1
291,PD0792-C,1125-PF-TH-NOSTEN,Thailand,Full,ElasticNet,5,0,0.6341472268104553,1
292,PD0794-C,1125-PF-TH-NOSTEN,Thailand,Full,ElasticNet,5,0,0.5407364368438721,1
293,PD0795-C,1125-PF-TH-NOSTEN,Thailand,Full,ElasticNet,5,0,0.6886044144630432,1
294,PD0796-C,1125-PF-TH-NOSTEN,Thailand,Full,ElasticNet,5,0,0.539667010307312,1
295,PD0799-C,1125-PF-TH-NOSTEN,Thailand,Full,ElasticNet,5,1,0.7099538445472717,1
296,PD0800-C,1125-PF-TH-NOSTEN,Thailand,Full,ElasticNet,5,1,0.7109631896018982,1
297,PD0801-C,1125-PF-TH-NOSTEN,Thailand,Full,ElasticNet,5,1,0.08662888407707214,0
298,PD0802-C,1125-PF-TH-NOSTEN,Thailand,Full,ElasticNet,5,1,0.062407735735177994,0
299,PD0803-C,1125-PF-TH-NOSTEN,Thailand,Full,ElasticNet,5,1,0.4505476653575897,0
300,PD0804-C,1125-PF-TH-NOSTEN,Thailand,Full,ElasticNet,5,1,0.7099008560180664,1
301,PD0806-C,1125-PF-TH-NOSTEN,Thailand,Full,ElasticNet,5,1,0.7352630496025085,1
302,PD0808-C,1125-PF-TH-NOSTEN,Thailand,Full,ElasticNet,5,1,0.6842939853668213,1
303,PD0809-C,1125-PF-TH-NOSTEN,Thailand,Full,ElasticNet,5,1,0.6259686946868896,1
304,PD0810-C,1125-PF-TH-NOSTEN,Thailand,Full,ElasticNet,5,1,0.5291107892990112,1
305,PD0813-C,1125-PF-TH-NOSTEN,Thailand,Full,ElasticNet,5,0,0.03544694557785988,0
306,PD0814-C,1125-PF-TH-NOSTEN,Thailand,Full,ElasticNet,5,1,0.7560030817985535,1
307,PD0816-C,1125-PF-TH-NOSTEN,Thailand,Full,ElasticNet,5,1,0.7545409202575684,1
308,PD0817-C,1125-PF-TH-NOSTEN,Thailand,Full,ElasticNet,5,0,0.5965703129768372,1
309,PD0818-C,1125-PF-TH-NOSTEN,Thailand,Full,ElasticNet,5,1,0.7545416951179504,1
310,PD0819-C,1125-PF-TH-NOSTEN,Thailand,Full,ElasticNet,5,1,0.7549732327461243,1
311,PD0820-C,1125-PF-TH-NOSTEN,Thailand,Full,ElasticNet,5,1,0.7535346150398254,1
312,PD0822-C,1125-PF-TH-NOSTEN,Thailand,Full,ElasticNet,5,1,0.7551085948944092,1
313,PD0823-C,1125-PF-TH-NOSTEN,Thailand,Full,ElasticNet,5,1,0.7328709363937378,1
314,PD0824-C,1125-PF-TH-NOSTEN,Thailand,Full,ElasticNet,5,1,0.7329402565956116,1
315,PD0825-C,1125-PF-TH-NOSTEN,Thailand,Full,ElasticNet,5,1,0.7560121417045593,1
316,PD0826-C,1125-PF-TH-NOSTEN,Thailand,Full,ElasticNet,5,1,0.7550556659698486,1
317,PD0827-C,1125-PF-TH-NOSTEN,Thailand,Full,ElasticNet,5,1,0.7544434070587158,1
318,PD0828-C,1125-PF-TH-NOSTEN,Thailand,Full,ElasticNet,5,1,0.755140483379364,1
319,PD0829-C,1125-PF-TH-NOSTEN,Thailand,Full,ElasticNet,5,1,0.7544347047805786,1
320,PD0830-C,1125-PF-TH-NOSTEN,Thailand,Full,ElasticNet,5,1,0.5630379319190979,1
321,PD0831-C,1125-PF-TH-NOSTEN,Thailand,Full,ElasticNet,5,1,0.4033598303794861,0
322,PD0832-C,1125-PF-TH-NOSTEN,Thailand,Full,ElasticNet,5,1,0.7551143169403076,1
323,PD0833-C,1125-PF-TH-NOSTEN,Thailand,Full,ElasticNet,5,0,0.4947805404663086,0
324,PD0834-C,1125-PF-TH-NOSTEN,Thailand,Full,ElasticNet,5,0,0.37949562072753906,0
325,PD0835-C,1125-PF-TH-NOSTEN,Thailand,Full,ElasticNet,5,0,0.17405642569065094,0
326,PD0836-C,1125-PF-TH-NOSTEN,Thailand,Full,ElasticNet,5,0,0.1828063577413559,0
327,PD0837-C,1125-PF-TH-NOSTEN,Thailand,Full,ElasticNet,5,0,0.13706712424755096,0
328,PD0838-C,1125-PF-TH-NOSTEN,Thailand,Full,ElasticNet,5,0,0.5312895774841309,1
329,PD0839-C,1125-PF-TH-NOSTEN,Thailand,Full,ElasticNet,5,0,0.5339142084121704,1
330,PD0840-C,1125-PF-TH-NOSTEN,Thailand,Full,ElasticNet,5,0,0.30146682262420654,0
331,PD0841-C,1125-PF-TH-NOSTEN,Thailand,Full,ElasticNet,5,0,0.3200380802154541,0
332,PD0842-C,1125-PF-TH-NOSTEN,Thailand,Full,ElasticNet,5,0,0.17423367500305176,0
333,PD0843-C,1125-PF-TH-NOSTEN,Thailand,Full,ElasticNet,5,0,0.04407208412885666,0
334,PD0846-C,1125-PF-TH-NOSTEN,Thailand,Full,ElasticNet,5,0,0.29589971899986267,0
335,PD0847-C,1125-PF-TH-NOSTEN,Thailand,Full,ElasticNet,5,0,0.404244601726532,0
336,PD0848-C,1125-PF-TH-NOSTEN,Thailand,Full,ElasticNet,5,0,0.2399040013551712,0
337,PD0849-C,1125-PF-TH-NOSTEN,Thailand,Full,ElasticNet,5,0,0.1422177255153656,0
338,PD0851-C,1125-PF-TH-NOSTEN,Thailand,Full,ElasticNet,5,0,0.1488226056098938,0
339,PD0852-C,1125-PF-TH-NOSTEN,Thailand,Full,ElasticNet,5,0,0.3904116451740265,0
340,PD0853-C,1125-PF-TH-NOSTEN,Thailand,Full,ElasticNet,5,0,0.42928698658943176,0
341,PD0854-C,1125-PF-TH-NOSTEN,Thailand,Full,ElasticNet,5,0,0.16631457209587097,0
342,PD0855-C,1125-PF-TH-NOSTEN,Thailand,Full,ElasticNet,5,0,0.25139835476875305,0
343,PD0856-C,1125-PF-TH-NOSTEN,Thailand,Full,ElasticNet,5,0,0.21561166644096375,0
344,PD0857-C,1125-PF-TH-NOSTEN,Thailand,Full,ElasticNet,5,0,0.4315052926540375,0
345,PD0858-C,1125-PF-TH-NOSTEN,Thailand,Full,ElasticNet,5,0,0.03043295629322529,0
346,PD0859-C,1125-PF-TH-NOSTEN,Thailand,Full,ElasticNet,5,0,0.16297806799411774,0
347,PD0860-C,1125-PF-TH-NOSTEN,Thailand,Full,ElasticNet,5,0,0.7307431101799011,1
348,PD0861-C,1125-PF-TH-NOSTEN,Thailand,Full,ElasticNet,5,0,0.08800802379846573,0
349,PD0862-C,1125-PF-TH-NOSTEN,Thailand,Full,ElasticNet,5,0,0.77313232421875,1
350,PD0863-C,1125-PF-TH-NOSTEN,Thailand,Full,ElasticNet,5,0,0.41171911358833313,0
351,PD0864-C,1125-PF-TH-NOSTEN,Thailand,Full,ElasticNet,5,0,0.40223705768585205,0
352,PD0867-C,1125-PF-TH-NOSTEN,Thailand,Full,ElasticNet,5,1,0.24680960178375244,0
353,PD0869-C,1125-PF-TH-NOSTEN,Thailand,Full,ElasticNet,5,0,0.42079398036003113,0
354,PD0870-C,1125-PF-TH-NOSTEN,Thailand,Full,ElasticNet,5,1,0.5628299713134766,1
355,PD0871-C,1125-PF-TH-NOSTEN,Thailand,Full,ElasticNet,5,0,0.44675135612487793,0
356,PD0872-C,1125-PF-TH-NOSTEN,Thailand,Full,ElasticNet,5,1,0.42014554142951965,0
357,PD0873-C,1125-PF-TH-NOSTEN,Thailand,Full,ElasticNet,5,1,0.7311204671859741,1
358,PD0874-C,1125-PF-TH-NOSTEN,Thailand,Full,ElasticNet,5,1,0.7305278778076172,1
359,PD0875-C,1125-PF-TH-NOSTEN,Thailand,Full,ElasticNet,5,1,0.31967493891716003,0
360,PD0876-C,1125-PF-TH-NOSTEN,Thailand,Full,ElasticNet,5,1,0.7551708817481995,1
361,PD0877-C,1125-PF-TH-NOSTEN,Thailand,Full,ElasticNet,5,1,0.06629134714603424,0
362,PD0878-C,1125-PF-TH-NOSTEN,Thailand,Full,ElasticNet,5,1,0.6702972054481506,1
363,PD0879-C,1125-PF-TH-NOSTEN,Thailand,Full,ElasticNet,5,1,0.6703795194625854,1
364,PD0881-C,1125-PF-TH-NOSTEN,Thailand,Full,ElasticNet,5,0,0.2043149471282959,0
365,PD0882-C,1125-PF-TH-NOSTEN,Thailand,Full,ElasticNet,5,0,0.10208606719970703,0
366,PD0883-C,1125-PF-TH-NOSTEN,Thailand,Full,ElasticNet,5,0,0.4104687571525574,0
367,PD0884-C,1125-PF-TH-NOSTEN,Thailand,Full,ElasticNet,5,0,0.08044975250959396,0
368,PD0885-C,1125-PF-TH-NOSTEN,Thailand,Full,ElasticNet,5,0,0.7238433957099915,1
369,PD0886-C,1125-PF-TH-NOSTEN,Thailand,Full,ElasticNet,5,0,0.34956949949264526,0
370,PD0887-C,1125-PF-TH-NOSTEN,Thailand,Full,ElasticNet,5,1,0.6314665079116821,1
371,PD0889-C,1125-PF-TH-NOSTEN,Thailand,Full,ElasticNet,5,0,0.3311415910720825,0
372,PD0890-C,1125-PF-TH-NOSTEN,Thailand,Full,ElasticNet,5,0,0.24785438179969788,0
373,PD0891-C,1125-PF-TH-NOSTEN,Thailand,Full,ElasticNet,5,0,0.07892191410064697,0
374,PD0892-C,1125-PF-TH-NOSTEN,Thailand,Full,ElasticNet,5,0,0.38374775648117065,0
375,PD0894-C,1125-PF-TH-NOSTEN,Thailand,Full,ElasticNet,5,0,0.31793928146362305,0
376,PD0895-C,1125-PF-TH-NOSTEN,Thailand,Full,ElasticNet,5,0,0.44666042923927307,0
377,PD0898-C,1125-PF-TH-NOSTEN,Thailand,Full,ElasticNet,5,1,0.20005643367767334,0
378,PD0901-C,1125-PF-TH-NOSTEN,Thailand,Full,ElasticNet,5,0,0.234108567237854,0
379,PD0904-C,1125-PF-TH-NOSTEN,Thailand,Full,ElasticNet,5,0,0.4591025412082672,0
380,PD0905-C,1125-PF-TH-NOSTEN,Thailand,Full,ElasticNet,5,0,0.2533119022846222,0
381,PD0906-C,1125-PF-TH-NOSTEN,Thailand,Full,ElasticNet,5,0,0.2887756824493408,0
382,PD0907-C,1125-PF-TH-NOSTEN,Thailand,Full,ElasticNet,5,0,0.294217586517334,0
383,PD0908-C,1125-PF-TH-NOSTEN,Thailand,Full,ElasticNet,5,0,0.26530736684799194,0
384,PD0909-C,1125-PF-TH-NOSTEN,Thailand,Full,ElasticNet,5,0,0.6682501435279846,1
385,PD0910-C,1125-PF-TH-NOSTEN,Thailand,Full,ElasticNet,5,0,0.45712172985076904,0
386,PD0913-C,1125-PF-TH-NOSTEN,Thailand,Full,ElasticNet,5,1,0.5088967084884644,1
387,PD0914-C,1125-PF-TH-NOSTEN,Thailand,Full,ElasticNet,5,0,0.6137430667877197,1
388,PD0915-C,1125-PF-TH-NOSTEN,Thailand,Full,ElasticNet,5,0,0.09119545668363571,0
389,PD0916-C,1125-PF-TH-NOSTEN,Thailand,Full,ElasticNet,5,0,0.43085795640945435,0
390,PD0918-C,1125-PF-TH-NOSTEN,Thailand,Full,ElasticNet,5,0,0.6403159499168396,1
391,PD0919-C,1125-PF-TH-NOSTEN,Thailand,Full,ElasticNet,5,0,0.5399401187896729,1
392,PD0920-C,1125-PF-TH-NOSTEN,Thailand,Full,ElasticNet,5,0,0.1654820442199707,0
393,PD0921-C,1125-PF-TH-NOSTEN,Thailand,Full,ElasticNet,5,0,0.25037217140197754,0
394,PD0923-C,1125-PF-TH-NOSTEN,Thailand,Full,ElasticNet,5,0,0.687139093875885,1
395,PD0924-C,1125-PF-TH-NOSTEN,Thailand,Full,ElasticNet,5,1,0.42075005173683167,0
396,PD0925-C,1125-PF-TH-NOSTEN,Thailand,Full,ElasticNet,5,0,0.3444274663925171,0
397,PD0926-C,1125-PF-TH-NOSTEN,Thailand,Full,ElasticNet,5,0,0.5955381393432617,1
398,PD0927-C,1125-PF-TH-NOSTEN,Thailand,Full,ElasticNet,5,1,0.6709293127059937,1
399,PD0928-C,1125-PF-TH-NOSTEN,Thailand,Full,ElasticNet,5,1,0.8138207793235779,1
400,PD0929-C,1125-PF-TH-NOSTEN,Thailand,Full,ElasticNet,5,1,0.7319340705871582,1
401,PD0930-C,1125-PF-TH-NOSTEN,Thailand,Full,ElasticNet,5,0,0.4372180104255676,0
402,PD0931-C,1125-PF-TH-NOSTEN,Thailand,Full,ElasticNet,5,1,0.486469030380249,0
403,PD0932-C,1125-PF-TH-NOSTEN,Thailand,Full,ElasticNet,5,1,0.4864806830883026,0
404,PD0933-C,1125-PF-TH-NOSTEN,Thailand,Full,ElasticNet,5,1,0.6708999276161194,1
405,PD0934-C,1125-PF-TH-NOSTEN,Thailand,Full,ElasticNet,5,0,0.8308054208755493,1
406,PD0935-C,1125-PF-TH-NOSTEN,Thailand,Full,ElasticNet,5,0,0.2992410957813263,0
407,PD0936-C,1125-PF-TH-NOSTEN,Thailand,Full,ElasticNet,5,0,0.6885006427764893,1
408,PD0937-C,1125-PF-TH-NOSTEN,Thailand,Full,ElasticNet,5,0,0.6158498525619507,1
409,PD0938-C,1125-PF-TH-NOSTEN,Thailand,Full,ElasticNet,5,0,0.352177232503891,0
410,PD0939-C,1125-PF-TH-NOSTEN,Thailand,Full,ElasticNet,5,0,0.6871654391288757,1
411,PD0941-C,1125-PF-TH-NOSTEN,Thailand,Full,ElasticNet,5,0,0.3487178087234497,0
412,PD0942-C,1125-PF-TH-NOSTEN,Thailand,Full,ElasticNet,5,0,0.3311692774295807,0
413,PD0944-C,1125-PF-TH-NOSTEN,Thailand,Full,ElasticNet,5,0,0.40440458059310913,0
414,PD0948-C,1125-PF-TH-NOSTEN,Thailand,Full,ElasticNet,5,0,0.25919559597969055,0
415,PD0949-C,1125-PF-TH-NOSTEN,Thailand,Full,ElasticNet,5,0,0.40973329544067383,0
416,PD0950-C,1125-PF-TH-NOSTEN,Thailand,Full,ElasticNet,5,0,0.6166160702705383,1
417,PD0951-C,1125-PF-TH-NOSTEN,Thailand,Full,ElasticNet,5,0,0.6156168580055237,1
418,PD0952-C,1125-PF-TH-NOSTEN,Thailand,Full,ElasticNet,5,0,0.36221808195114136,0
419,PD0953-C,1125-PF-TH-NOSTEN,Thailand,Full,ElasticNet,5,0,0.5757648944854736,1
420,PD0954-C,1125-PF-TH-NOSTEN,Thailand,Full,ElasticNet,5,0,0.6399092674255371,1
421,PD0955-C,1125-PF-TH-NOSTEN,Thailand,Full,ElasticNet,5,0,0.8559092283248901,1
422,PD0956-C,1125-PF-TH-NOSTEN,Thailand,Full,ElasticNet,5,0,0.6381075382232666,1
423,PD0957-C,1125-PF-TH-NOSTEN,Thailand,Full,ElasticNet,5,0,0.4964905381202698,0
424,PD0958-C,1125-PF-TH-NOSTEN,Thailand,Full,ElasticNet,5,0,0.7916631102561951,1
425,PD0959-C,1125-PF-TH-NOSTEN,Thailand,Full,ElasticNet,5,0,0.6491252779960632,1
426,PD0961-C,1125-PF-TH-NOSTEN,Thailand,Full,ElasticNet,5,0,0.5193488597869873,1
427,PD0962-C,1125-PF-TH-NOSTEN,Thailand,Full,ElasticNet,5,0,0.13802319765090942,0
428,PD0963-C,1125-PF-TH-NOSTEN,Thailand,Full,ElasticNet,5,0,0.642358124256134,1
429,PD0964-C,1125-PF-TH-NOSTEN,Thailand,Full,ElasticNet,5,0,0.05764419212937355,0
430,PD0966-C,1125-PF-TH-NOSTEN,Thailand,Full,ElasticNet,5,0,0.38689544796943665,0
431,PD0967-C,1125-PF-TH-NOSTEN,Thailand,Full,ElasticNet,5,0,0.30885735154151917,0
432,PD0968-C,1125-PF-TH-NOSTEN,Thailand,Full,ElasticNet,5,0,0.4222250282764435,0
433,PD0969-C,1125-PF-TH-NOSTEN,Thailand,Full,ElasticNet,5,0,0.4226642847061157,0
434,PD0971-C,1125-PF-TH-NOSTEN,Thailand,Full,ElasticNet,5,0,0.4179003834724426,0
435,PD0972-C,1125-PF-TH-NOSTEN,Thailand,Full,ElasticNet,5,0,0.24572502076625824,0
436,PD0973-C,1125-PF-TH-NOSTEN,Thailand,Full,ElasticNet,5,0,0.3701871335506439,0
437,PD0974-C,1125-PF-TH-NOSTEN,Thailand,Full,ElasticNet,5,0,0.24819844961166382,0
438,PD0976-C,1125-PF-TH-NOSTEN,Thailand,Full,ElasticNet,5,0,0.3777048885822296,0
439,PD0978-C,1125-PF-TH-NOSTEN,Thailand,Full,ElasticNet,5,0,0.6986355185508728,1
440,PD0979-C,1125-PF-TH-NOSTEN,Thailand,Full,ElasticNet,5,0,0.4427207410335541,0
441,PD0980-C,1125-PF-TH-NOSTEN,Thailand,Full,ElasticNet,5,0,0.575295627117157,1
442,PD0982-C,1125-PF-TH-NOSTEN,Thailand,Full,ElasticNet,5,1,0.38648781180381775,0
443,PD0983-C,1125-PF-TH-NOSTEN,Thailand,Full,ElasticNet,5,0,0.42969441413879395,0
444,PD0984-C,1125-PF-TH-NOSTEN,Thailand,Full,ElasticNet,5,0,0.1491149514913559,0
445,PD0985-C,1125-PF-TH-NOSTEN,Thailand,Full,ElasticNet,5,0,0.6117035150527954,1
446,PD0986-C,1125-PF-TH-NOSTEN,Thailand,Full,ElasticNet,5,0,0.29579123854637146,0
447,PD0987-C,1125-PF-TH-NOSTEN,Thailand,Full,ElasticNet,5,0,0.2399786114692688,0
448,PD0988-C,1125-PF-TH-NOSTEN,Thailand,Full,ElasticNet,5,0,0.37541306018829346,0
449,PD0989-C,1125-PF-TH-NOSTEN,Thailand,Full,ElasticNet,5,1,0.10531990975141525,0
450,PD0990-C,1125-PF-TH-NOSTEN,Thailand,Full,ElasticNet,5,1,0.4635373651981354,0
451,PD0992-C,1125-PF-TH-NOSTEN,Thailand,Full,ElasticNet,5,0,0.07829452306032181,0
452,PD0994-C,1125-PF-TH-NOSTEN,Thailand,Full,ElasticNet,5,0,0.2699233889579773,0
453,PD0995-C,1125-PF-TH-NOSTEN,Thailand,Full,ElasticNet,5,0,0.5142814517021179,1
454,PD0996-C,1125-PF-TH-NOSTEN,Thailand,Full,ElasticNet,5,0,0.4218754172325134,0
455,PD0997-C,1125-PF-TH-NOSTEN,Thailand,Full,ElasticNet,5,0,0.6423508524894714,1
456,PD0998-C,1125-PF-TH-NOSTEN,Thailand,Full,ElasticNet,5,0,0.6114566922187805,1
457,PD1000-C,1125-PF-TH-NOSTEN,Thailand,Full,ElasticNet,5,0,0.6469184756278992,1
458,PD1001-C,1125-PF-TH-NOSTEN,Thailand,Full,ElasticNet,5,1,0.037667956203222275,0
459,PD1004-C,1125-PF-TH-NOSTEN,Thailand,Full,ElasticNet,5,0,0.1493549644947052,0
460,PD1005-C,1125-PF-TH-NOSTEN,Thailand,Full,ElasticNet,5,1,0.16978372633457184,0
461,PD1006-C,1125-PF-TH-NOSTEN,Thailand,Full,ElasticNet,5,0,0.32651934027671814,0
462,PD1007-C,1125-PF-TH-NOSTEN,Thailand,Full,ElasticNet,5,0,0.5176319479942322,1
463,PD1008-C,1125-PF-TH-NOSTEN,Thailand,Full,ElasticNet,5,0,0.7600669264793396,1
464,PD1009-C,1125-PF-TH-NOSTEN,Thailand,Full,ElasticNet,5,0,0.29281553626060486,0
465,PD1010-C,1125-PF-TH-NOSTEN,Thailand,Full,ElasticNet,5,0,0.17077435553073883,0
466,PD1011-C,1125-PF-TH-NOSTEN,Thailand,Full,ElasticNet,5,0,0.27890563011169434,0
467,PD1012-C,1125-PF-TH-NOSTEN,Thailand,Full,ElasticNet,5,0,0.1275278627872467,0
468,PD1013-C,1125-PF-TH-NOSTEN,Thailand,Full,ElasticNet,5,0,0.5412898659706116,1
469,PD1014-C,1125-PF-TH-NOSTEN,Thailand,Full,ElasticNet,5,1,0.12930834293365479,0
470,PD1015-C,1125-PF-TH-NOSTEN,Thailand,Full,ElasticNet,5,0,0.6409799456596375,1
471,PD1016-C,1125-PF-TH-NOSTEN,Thailand,Full,ElasticNet,5,0,0.16166235506534576,0
472,PD1017-C,1125-PF-TH-NOSTEN,Thailand,Full,ElasticNet,5,0,0.4173692762851715,0
473,PD1018-C,1125-PF-TH-NOSTEN,Thailand,Full,ElasticNet,5,0,0.38798972964286804,0
474,PD1019-C,1125-PF-TH-NOSTEN,Thailand,Full,ElasticNet,5,0,0.2091752141714096,0
475,PD1020-C,1125-PF-TH-NOSTEN,Thailand,Full,ElasticNet,5,0,0.4597497284412384,0
476,PD1021-C,1125-PF-TH-NOSTEN,Thailand,Full,ElasticNet,5,0,0.7103208899497986,1
477,PD1023-C,1125-PF-TH-NOSTEN,Thailand,Full,ElasticNet,5,0,0.5051709413528442,1
478,PD1024-C,1125-PF-TH-NOSTEN,Thailand,Full,ElasticNet,5,0,0.6401129961013794,1
479,PD1026-C,1125-PF-TH-NOSTEN,Thailand,Full,ElasticNet,5,0,0.7114316821098328,1
480,PD1027-C,1125-PF-TH-NOSTEN,Thailand,Full,ElasticNet,5,0,0.3252292573451996,0
481,PD1028-C,1125-PF-TH-NOSTEN,Thailand,Full,ElasticNet,5,0,0.7098236680030823,1
482,PD1029-C,1125-PF-TH-NOSTEN,Thailand,Full,ElasticNet,5,0,0.4110909402370453,0
483,PD1030-C,1125-PF-TH-NOSTEN,Thailand,Full,ElasticNet,5,0,0.6288714408874512,1
484,PD1031-C,1125-PF-TH-NOSTEN,Thailand,Full,ElasticNet,5,1,0.16951550543308258,0
485,PD1032-C,1125-PF-TH-NOSTEN,Thailand,Full,ElasticNet,5,0,0.1790902018547058,0
486,PD1033-C,1125-PF-TH-NOSTEN,Thailand,Full,ElasticNet,5,0,0.6411714553833008,1
487,PD1034-C,1125-PF-TH-NOSTEN,Thailand,Full,ElasticNet,5,0,0.5045007467269897,1
488,PD1036-C,1125-PF-TH-NOSTEN,Thailand,Full,ElasticNet,5,0,0.07417868077754974,0
489,PD1037-C,1125-PF-TH-NOSTEN,Thailand,Full,ElasticNet,5,0,0.4399552345275879,0
490,PD1038-C,1125-PF-TH-NOSTEN,Thailand,Full,ElasticNet,5,0,0.7580248713493347,1
491,PD1039-C,1125-PF-TH-NOSTEN,Thailand,Full,ElasticNet,5,0,0.6272388100624084,1
492,PD1040-C,1125-PF-TH-NOSTEN,Thailand,Full,ElasticNet,5,0,0.5052846670150757,1
493,PD1042-C,1125-PF-TH-NOSTEN,Thailand,Full,ElasticNet,5,0,0.7320705056190491,1
494,PD1043-C,1125-PF-TH-NOSTEN,Thailand,Full,ElasticNet,5,0,0.5594813823699951,1
495,PD1044-C,1125-PF-TH-NOSTEN,Thailand,Full,ElasticNet,5,0,0.12401798367500305,0
496,PD1045-C,1125-PF-TH-NOSTEN,Thailand,Full,ElasticNet,5,0,0.16995394229888916,0
497,PD1046-C,1125-PF-TH-NOSTEN,Thailand,Full,ElasticNet,5,0,0.1274421513080597,0
498,PD1047-C,1125-PF-TH-NOSTEN,Thailand,Full,ElasticNet,5,0,0.06274282932281494,0
499,PD1048-C,1125-PF-TH-NOSTEN,Thailand,Full,ElasticNet,5,0,0.4392908215522766,0
500,PD1049-C,1125-PF-TH-NOSTEN,Thailand,Full,ElasticNet,5,1,0.3108168840408325,0
501,PD1050-C,1125-PF-TH-NOSTEN,Thailand,Full,ElasticNet,5,0,0.7058082818984985,1
502,PD1051-C,1125-PF-TH-NOSTEN,Thailand,Full,ElasticNet,5,0,0.855560302734375,1
503,PD1052-C,1125-PF-TH-NOSTEN,Thailand,Full,ElasticNet,5,0,0.46033433079719543,0
504,PD1053-C,1125-PF-TH-NOSTEN,Thailand,Full,ElasticNet,5,0,0.6799129843711853,1
505,PD1054-C,1125-PF-TH-NOSTEN,Thailand,Full,ElasticNet,5,0,0.6136165261268616,1
506,PD1056-C,1125-PF-TH-NOSTEN,Thailand,Full,ElasticNet,5,0,0.29064634442329407,0
507,PD1059-C,1125-PF-TH-NOSTEN,Thailand,Full,ElasticNet,5,1,0.10564692318439484,0
508,PD1060-C,1125-PF-TH-NOSTEN,Thailand,Full,ElasticNet,5,1,0.6267198920249939,1
509,PD1061-C,1125-PF-TH-NOSTEN,Thailand,Full,ElasticNet,5,0,0.6110073328018188,1
510,PD1062-C,1125-PF-TH-NOSTEN,Thailand,Full,ElasticNet,5,0,0.438703328371048,0
511,PD1064-C,1125-PF-TH-NOSTEN,Thailand,Full,ElasticNet,5,0,0.418672114610672,0
512,PD1065-C,1125-PF-TH-NOSTEN,Thailand,Full,ElasticNet,5,0,0.1502782702445984,0
513,PD1066-C,1125-PF-TH-NOSTEN,Thailand,Full,ElasticNet,5,0,0.32777461409568787,0
514,PD1068-C,1125-PF-TH-NOSTEN,Thailand,Full,ElasticNet,5,0,0.09323646128177643,0
515,PD1069-C,1125-PF-TH-NOSTEN,Thailand,Full,ElasticNet,5,0,0.21598781645298004,0
516,PD1072-C,1125-PF-TH-NOSTEN,Thailand,Full,ElasticNet,5,0,0.5655269026756287,1
517,PD1073-C,1125-PF-TH-NOSTEN,Thailand,Full,ElasticNet,5,0,0.791737973690033,1
518,PD1074-C,1125-PF-TH-NOSTEN,Thailand,Full,ElasticNet,5,0,0.08554849773645401,0
519,PD1075-C,1125-PF-TH-NOSTEN,Thailand,Full,ElasticNet,5,0,0.6120558381080627,1
520,PD1076-C,1125-PF-TH-NOSTEN,Thailand,Full,ElasticNet,5,0,0.07847730070352554,0
521,PD1077-C,1125-PF-TH-NOSTEN,Thailand,Full,ElasticNet,5,0,0.6112409234046936,1
522,PD1078-C,1125-PF-TH-NOSTEN,Thailand,Full,ElasticNet,5,0,0.24378752708435059,0
523,PD1079-C,1125-PF-TH-NOSTEN,Thailand,Full,ElasticNet,5,0,0.3269568383693695,0
524,PD1081-C,1125-PF-TH-NOSTEN,Thailand,Full,ElasticNet,5,0,0.27871817350387573,0
525,PD1082-C,1125-PF-TH-NOSTEN,Thailand,Full,ElasticNet,5,0,0.6410170197486877,1
526,PD1083-C,1125-PF-TH-NOSTEN,Thailand,Full,ElasticNet,5,0,0.19930200278759003,0
527,PD1084-C,1125-PF-TH-NOSTEN,Thailand,Full,ElasticNet,5,0,0.48189663887023926,0
528,PD1086-C,1125-PF-TH-NOSTEN,Thailand,Full,ElasticNet,5,0,0.7360588908195496,1
529,PD1087-C,1125-PF-TH-NOSTEN,Thailand,Full,ElasticNet,5,0,0.06633837521076202,0
530,PD1088-C,1125-PF-TH-NOSTEN,Thailand,Full,ElasticNet,5,0,0.6411510109901428,1
531,PD1090-C,1125-PF-TH-NOSTEN,Thailand,Full,ElasticNet,5,0,0.06953386217355728,0
532,PD1091-C,1125-PF-TH-NOSTEN,Thailand,Full,ElasticNet,5,1,0.6397055983543396,1
533,PD1092-C,1125-PF-TH-NOSTEN,Thailand,Full,ElasticNet,5,0,0.5975246429443359,1
534,PD1093-C,1125-PF-TH-NOSTEN,Thailand,Full,ElasticNet,5,0,0.5340700149536133,1
535,PD1095-C,1125-PF-TH-NOSTEN,Thailand,Full,ElasticNet,5,1,0.34914830327033997,0
536,PD1096-C,1125-PF-TH-NOSTEN,Thailand,Full,ElasticNet,5,1,0.6384093761444092,1
537,PD1097-C,1125-PF-TH-NOSTEN,Thailand,Full,ElasticNet,5,0,0.06572415679693222,0
538,PD1099-C,1125-PF-TH-NOSTEN,Thailand,Full,ElasticNet,5,0,0.16183969378471375,0
539,PD1100-C,1125-PF-TH-NOSTEN,Thailand,Full,ElasticNet,5,0,0.6409668922424316,1
540,PD1101-C,1125-PF-TH-NOSTEN,Thailand,Full,ElasticNet,5,0,0.7922077178955078,1
541,PD1102-C,1125-PF-TH-NOSTEN,Thailand,Full,ElasticNet,5,0,0.5210349559783936,1
542,PD1103-C,1125-PF-TH-NOSTEN,Thailand,Full,ElasticNet,5,0,0.6648041605949402,1
543,PD1104-C,1125-PF-TH-NOSTEN,Thailand,Full,ElasticNet,5,0,0.30696988105773926,0
544,PD1105-C,1125-PF-TH-NOSTEN,Thailand,Full,ElasticNet,5,0,0.32083451747894287,0
545,PD1106-C,1125-PF-TH-NOSTEN,Thailand,Full,ElasticNet,5,0,0.6059518456459045,1
546,PD1107-C,1125-PF-TH-NOSTEN,Thailand,Full,ElasticNet,5,0,0.49601784348487854,0
547,PD1108-C,1125-PF-TH-NOSTEN,Thailand,Full,ElasticNet,5,0,0.4360737204551697,0
548,PD1109-C,1125-PF-TH-NOSTEN,Thailand,Full,ElasticNet,5,0,0.539080023765564,1
549,PD1110-C,1125-PF-TH-NOSTEN,Thailand,Full,ElasticNet,5,0,0.5638914108276367,1
550,PD1111-C,1125-PF-TH-NOSTEN,Thailand,Full,ElasticNet,5,0,0.53126060962677,1
551,PD1112-C,1125-PF-TH-NOSTEN,Thailand,Full,ElasticNet,5,1,0.1698136031627655,0
552,PD1113-C,1125-PF-TH-NOSTEN,Thailand,Full,ElasticNet,5,0,0.24363507330417633,0
553,PD1114-C,1125-PF-TH-NOSTEN,Thailand,Full,ElasticNet,5,1,0.6975597143173218,1
554,PD1116-C,1125-PF-TH-NOSTEN,Thailand,Full,ElasticNet,5,0,0.6127479672431946,1
555,PD1117-C,1125-PF-TH-NOSTEN,Thailand,Full,ElasticNet,5,0,0.23471251130104065,0
556,PD1118-C,1125-PF-TH-NOSTEN,Thailand,Full,ElasticNet,5,0,0.274325966835022,0
557,PD1119-C,1125-PF-TH-NOSTEN,Thailand,Full,ElasticNet,5,0,0.33559536933898926,0
558,PD1120-C,1125-PF-TH-NOSTEN,Thailand,Full,ElasticNet,5,0,0.05499421805143356,0
559,PD1121-C,1125-PF-TH-NOSTEN,Thailand,Full,ElasticNet,5,0,0.4864724278450012,0
560,PD1122-C,1125-PF-TH-NOSTEN,Thailand,Full,ElasticNet,5,0,0.8873350024223328,1
561,PD1124-C,1125-PF-TH-NOSTEN,Thailand,Full,ElasticNet,5,0,0.646799623966217,1
562,PD1125-C,1125-PF-TH-NOSTEN,Thailand,Full,ElasticNet,5,0,0.6398381590843201,1
563,PD1127-C,1125-PF-TH-NOSTEN,Thailand,Full,ElasticNet,5,1,0.34344571828842163,0
564,PD1128-C,1125-PF-TH-NOSTEN,Thailand,Full,ElasticNet,5,0,0.28432324528694153,0
565,PD1129-C,1125-PF-TH-NOSTEN,Thailand,Full,ElasticNet,5,0,0.11059766262769699,0
566,PD1130-C,1125-PF-TH-NOSTEN,Thailand,Full,ElasticNet,5,0,0.6397925615310669,1
567,PD1131-C,1125-PF-TH-NOSTEN,Thailand,Full,ElasticNet,5,0,0.6333063840866089,1
568,PD1133-C,1125-PF-TH-NOSTEN,Thailand,Full,ElasticNet,5,0,0.481920450925827,0
569,PD1134-C,1125-PF-TH-NOSTEN,Thailand,Full,ElasticNet,5,0,0.7037311792373657,1
570,PD1135-C,1125-PF-TH-NOSTEN,Thailand,Full,ElasticNet,5,0,0.0418461374938488,0
571,PD1136-C,1125-PF-TH-NOSTEN,Thailand,Full,ElasticNet,5,0,0.19589227437973022,0
572,PD1137-C,1125-PF-TH-NOSTEN,Thailand,Full,ElasticNet,5,0,0.6650229692459106,1
573,PD1138-C,1125-PF-TH-NOSTEN,Thailand,Full,ElasticNet,5,0,0.6174013614654541,1
574,PD1139-C,1125-PF-TH-NOSTEN,Thailand,Full,ElasticNet,5,0,0.1445818692445755,0
575,PD1140-C,1125-PF-TH-NOSTEN,Thailand,Full,ElasticNet,5,0,0.6091673374176025,1
576,PD1141-C,1125-PF-TH-NOSTEN,Thailand,Full,ElasticNet,5,0,0.6636000275611877,1
577,PD1142-C,1125-PF-TH-NOSTEN,Thailand,Full,ElasticNet,5,0,0.24351593852043152,0
578,PD1143-C,1125-PF-TH-NOSTEN,Thailand,Full,ElasticNet,5,0,0.7710010409355164,1
579,PD1144-C,1125-PF-TH-NOSTEN,Thailand,Full,ElasticNet,5,0,0.24716675281524658,0
580,PD1145-C,1125-PF-TH-NOSTEN,Thailand,Full,ElasticNet,5,1,0.22616979479789734,0
581,PD1146-C,1125-PF-TH-NOSTEN,Thailand,Full,ElasticNet,5,0,0.25372114777565,0
582,PD1147-C,1125-PF-TH-NOSTEN,Thailand,Full,ElasticNet,5,0,0.41700759530067444,0
583,PD1148-C,1125-PF-TH-NOSTEN,Thailand,Full,ElasticNet,5,0,0.5132992267608643,1
584,PD1149-C,1125-PF-TH-NOSTEN,Thailand,Full,ElasticNet,5,0,0.6886186599731445,1
585,PD1150-C,1125-PF-TH-NOSTEN,Thailand,Full,ElasticNet,5,0,0.42572247982025146,0
586,PD1151-C,1125-PF-TH-NOSTEN,Thailand,Full,ElasticNet,5,0,0.4976333975791931,0
587,PD1153-C,1125-PF-TH-NOSTEN,Thailand,Full,ElasticNet,5,0,0.7717392444610596,1
588,PD1155-C,1125-PF-TH-NOSTEN,Thailand,Full,ElasticNet,5,1,0.5255696773529053,1
589,PD1156-C,1125-PF-TH-NOSTEN,Thailand,Full,ElasticNet,5,0,0.5067130327224731,1
590,PD1157-C,1125-PF-TH-NOSTEN,Thailand,Full,ElasticNet,5,0,0.7133997678756714,1
591,PD1158-C,1125-PF-TH-NOSTEN,Thailand,Full,ElasticNet,5,0,0.6647802591323853,1
592,PD1159-C,1125-PF-TH-NOSTEN,Thailand,Full,ElasticNet,5,0,0.519788920879364,1
593,PD1160-C,1125-PF-TH-NOSTEN,Thailand,Full,ElasticNet,5,1,0.8027075529098511,1
594,PD1161-C,1125-PF-TH-NOSTEN,Thailand,Full,ElasticNet,5,0,0.5436710715293884,1
595,PD1162-C,1125-PF-TH-NOSTEN,Thailand,Full,ElasticNet,5,0,0.7126164436340332,1
596,PD1163-C,1125-PF-TH-NOSTEN,Thailand,Full,ElasticNet,5,0,0.38661888241767883,0
597,PD1164-C,1125-PF-TH-NOSTEN,Thailand,Full,ElasticNet,5,1,0.686521053314209,1
598,PD1165-C,1125-PF-TH-NOSTEN,Thailand,Full,ElasticNet,5,1,0.7923018336296082,1
599,PD1166-C,1125-PF-TH-NOSTEN,Thailand,Full,ElasticNet,5,0,0.10058552771806717,0
600,PD1167-C,1125-PF-TH-NOSTEN,Thailand,Full,ElasticNet,5,1,0.5137163400650024,1
601,PD1168-C,1125-PF-TH-NOSTEN,Thailand,Full,ElasticNet,5,0,0.6050648093223572,1
602,PD1169-C,1125-PF-TH-NOSTEN,Thailand,Full,ElasticNet,5,0,0.5290500521659851,1
603,PD1170-C,1125-PF-TH-NOSTEN,Thailand,Full,ElasticNet,5,0,0.13869409263134003,0
604,PD1171-C,1125-PF-TH-NOSTEN,Thailand,Full,ElasticNet,5,0,0.7399749755859375,1
605,PD1173-C,1125-PF-TH-NOSTEN,Thailand,Full,ElasticNet,5,1,0.7060143351554871,1
606,PD1174-C,1125-PF-TH-NOSTEN,Thailand,Full,ElasticNet,5,1,0.5788651704788208,1
607,PD1175-C,1125-PF-TH-NOSTEN,Thailand,Full,ElasticNet,5,0,0.16446669399738312,0
608,PD1176-C,1125-PF-TH-NOSTEN,Thailand,Full,ElasticNet,5,0,0.5606760382652283,1
609,PD1177-C,1125-PF-TH-NOSTEN,Thailand,Full,ElasticNet,5,0,0.13624538481235504,0
610,PD1178-C,1125-PF-TH-NOSTEN,Thailand,Full,ElasticNet,5,1,0.5396773815155029,1
611,PD1179-C,1125-PF-TH-NOSTEN,Thailand,Full,ElasticNet,5,0,0.2405710071325302,0
612,PD1180-C,1125-PF-TH-NOSTEN,Thailand,Full,ElasticNet,5,0,0.2389608770608902,0
613,PD1181-C,1125-PF-TH-NOSTEN,Thailand,Full,ElasticNet,5,0,0.0914483442902565,0
614,PD1182-C,1125-PF-TH-NOSTEN,Thailand,Full,ElasticNet,5,1,0.42012596130371094,0
615,PD1183-C,1125-PF-TH-NOSTEN,Thailand,Full,ElasticNet,5,0,0.20762836933135986,0
616,PD1184-C,1125-PF-TH-NOSTEN,Thailand,Full,ElasticNet,5,0,0.599959135055542,1
617,PD1185-C,1125-PF-TH-NOSTEN,Thailand,Full,ElasticNet,5,1,0.3463505208492279,0
618,PD1187-C,1125-PF-TH-NOSTEN,Thailand,Full,ElasticNet,5,1,0.4634541869163513,0
619,PD1188-C,1125-PF-TH-NOSTEN,Thailand,Full,ElasticNet,5,1,0.843163788318634,1
620,PD1189-C,1125-PF-TH-NOSTEN,Thailand,Full,ElasticNet,5,0,0.1718263030052185,0
621,PD1190-C,1125-PF-TH-NOSTEN,Thailand,Full,ElasticNet,5,1,0.731522262096405,1
622,PD1191-C,1125-PF-TH-NOSTEN,Thailand,Full,ElasticNet,5,1,0.16447055339813232,0
623,PD1192-C,1125-PF-TH-NOSTEN,Thailand,Full,ElasticNet,5,0,0.20805780589580536,0
624,PD1193-C,1125-PF-TH-NOSTEN,Thailand,Full,ElasticNet,5,1,0.7137987017631531,1
625,PD1194-C,1125-PF-TH-NOSTEN,Thailand,Full,ElasticNet,5,1,0.8358113169670105,1
626,PD1195-C,1125-PF-TH-NOSTEN,Thailand,Full,ElasticNet,5,1,0.6707050800323486,1
627,PD1197-C,1125-PF-TH-NOSTEN,Thailand,Full,ElasticNet,5,1,0.743757963180542,1
628,PD1198-C,1125-PF-TH-NOSTEN,Thailand,Full,ElasticNet,5,1,0.6082267165184021,1
629,PD1199-C,1125-PF-TH-NOSTEN,Thailand,Full,ElasticNet,5,1,0.7312554121017456,1
630,PD1200-C,1125-PF-TH-NOSTEN,Thailand,Full,ElasticNet,5,1,0.7315048575401306,1
631,PD1202-C,1125-PF-TH-NOSTEN,Thailand,Full,ElasticNet,5,1,0.809385359287262,1
632,PD1203-C,1125-PF-TH-NOSTEN,Thailand,Full,ElasticNet,5,1,0.7315678000450134,1
633,PD1204-C,1125-PF-TH-NOSTEN,Thailand,Full,ElasticNet,5,1,0.17239439487457275,0
634,PD1205-C,1125-PF-TH-NOSTEN,Thailand,Full,ElasticNet,5,1,0.6492281556129456,1
635,PD1206-C,1125-PF-TH-NOSTEN,Thailand,Full,ElasticNet,5,1,0.731269896030426,1
636,PD1208-C,1125-PF-TH-NOSTEN,Thailand,Full,ElasticNet,5,1,0.5229441523551941,1
637,PD1209-C,1125-PF-TH-NOSTEN,Thailand,Full,ElasticNet,5,0,0.1518816351890564,0
638,PD1210-C,1125-PF-TH-NOSTEN,Thailand,Full,ElasticNet,5,1,0.7537713050842285,1
639,PD1211-C,1125-PF-TH-NOSTEN,Thailand,Full,ElasticNet,5,1,0.7319928407669067,1
640,PD1212-C,1125-PF-TH-NOSTEN,Thailand,Full,ElasticNet,5,1,0.6635798811912537,1
641,PD1213-C,1125-PF-TH-NOSTEN,Thailand,Full,ElasticNet,5,1,0.5317593812942505,1
642,PD1214-C,1125-PF-TH-NOSTEN,Thailand,Full,ElasticNet,5,1,0.8096607327461243,1
643,PD1215-C,1125-PF-TH-NOSTEN,Thailand,Full,ElasticNet,5,1,0.6634982228279114,1
644,PD1216-C,1125-PF-TH-NOSTEN,Thailand,Full,ElasticNet,5,0,0.20536422729492188,0
645,PD1217-C,1125-PF-TH-NOSTEN,Thailand,Full,ElasticNet,5,1,0.4853203594684601,0
646,PD1218-C,1125-PF-TH-NOSTEN,Thailand,Full,ElasticNet,5,1,0.5221750736236572,1
647,PD1219-C,1125-PF-TH-NOSTEN,Thailand,Full,ElasticNet,5,1,0.5219151377677917,1
648,PD1220-C,1125-PF-TH-NOSTEN,Thailand,Full,ElasticNet,5,0,0.5580089092254639,1
649,PD1221-C,1125-PF-TH-NOSTEN,Thailand,Full,ElasticNet,5,1,0.664130687713623,1
650,PD1222-C,1125-PF-TH-NOSTEN,Thailand,Full,ElasticNet,5,1,0.6636063456535339,1
651,PD1223-C,1125-PF-TH-NOSTEN,Thailand,Full,ElasticNet,5,1,0.17240335047245026,0
652,PD1224-C,1125-PF-TH-NOSTEN,Thailand,Full,ElasticNet,5,1,0.7317109107971191,1
653,PD1225-C,1125-PF-TH-NOSTEN,Thailand,Full,ElasticNet,5,1,0.731514573097229,1
654,PD1226-C,1125-PF-TH-NOSTEN,Thailand,Full,ElasticNet,5,1,0.7316026091575623,1
655,PD1227-C,1125-PF-TH-NOSTEN,Thailand,Full,ElasticNet,5,1,0.8097102642059326,1
656,PD1228-C,1125-PF-TH-NOSTEN,Thailand,Full,ElasticNet,5,1,0.8139743208885193,1
657,PD1229-C,1125-PF-TH-NOSTEN,Thailand,Full,ElasticNet,5,1,0.6639607548713684,1
658,PD1230-C,1125-PF-TH-NOSTEN,Thailand,Full,ElasticNet,5,1,0.8097097873687744,1
659,PD1231-C,1125-PF-TH-NOSTEN,Thailand,Full,ElasticNet,5,1,0.6640952229499817,1
660,PD1232-C,1125-PF-TH-NOSTEN,Thailand,Full,ElasticNet,5,1,0.6635634303092957,1
661,PD1233-C,1125-PF-TH-NOSTEN,Thailand,Full,ElasticNet,5,1,0.6642715930938721,1
662,PD1234-C,1125-PF-TH-NOSTEN,Thailand,Full,ElasticNet,5,1,0.6639927625656128,1
663,PD1236-C,1125-PF-TH-NOSTEN,Thailand,Full,ElasticNet,5,1,0.7380672097206116,1
664,PD1239-C,1125-PF-TH-NOSTEN,Thailand,Full,ElasticNet,5,1,0.6702576875686646,1
665,PD1240-C,1125-PF-TH-NOSTEN,Thailand,Full,ElasticNet,5,1,0.8096802234649658,1
666,PD1241-C,1125-PF-TH-NOSTEN,Thailand,Full,ElasticNet,5,1,0.4853516221046448,0
667,PD1243-C,1125-PF-TH-NOSTEN,Thailand,Full,ElasticNet,5,1,0.8096903562545776,1
668,PD1244-C,1125-PF-TH-NOSTEN,Thailand,Full,ElasticNet,5,1,0.4858779013156891,0
669,PD1246-C,1125-PF-TH-NOSTEN,Thailand,Full,ElasticNet,5,1,0.8043409585952759,1
670,PD1247-C,1125-PF-TH-NOSTEN,Thailand,Full,ElasticNet,5,1,0.7316310405731201,1
671,PD1249-C,1125-PF-TH-NOSTEN,Thailand,Full,ElasticNet,5,1,0.5219757556915283,1
672,PD1250-C,1125-PF-TH-NOSTEN,Thailand,Full,ElasticNet,5,1,0.7317647933959961,1
673,PD1251-C,1125-PF-TH-NOSTEN,Thailand,Full,ElasticNet,5,1,0.8096809387207031,1
674,PD1252-C,1125-PF-TH-NOSTEN,Thailand,Full,ElasticNet,5,0,0.3790990114212036,0
675,PD1253-C,1125-PF-TH-NOSTEN,Thailand,Full,ElasticNet,5,0,0.16315701603889465,0
676,PD1254-C,1125-PF-TH-NOSTEN,Thailand,Full,ElasticNet,5,0,0.12580227851867676,0
677,PD1255-C,1125-PF-TH-NOSTEN,Thailand,Full,ElasticNet,5,0,0.3660794496536255,0
678,PD1256-C,1125-PF-TH-NOSTEN,Thailand,Full,ElasticNet,5,0,0.45325589179992676,0
679,PD1257-C,1125-PF-TH-NOSTEN,Thailand,Full,ElasticNet,5,0,0.08884574472904205,0
680,PD1258-C,1125-PF-TH-NOSTEN,Thailand,Full,ElasticNet,5,0,0.3984277546405792,0
681,PD1260-C,1125-PF-TH-NOSTEN,Thailand,Full,ElasticNet,5,0,0.043872009962797165,0
682,PD1261-C,1125-PF-TH-NOSTEN,Thailand,Full,ElasticNet,5,0,0.53067547082901,1
683,PD1262-C,1125-PF-TH-NOSTEN,Thailand,Full,ElasticNet,5,0,0.40150755643844604,0
684,PD1263-C,1125-PF-TH-NOSTEN,Thailand,Full,ElasticNet,5,0,0.4589647054672241,0
685,PD1264-C,1125-PF-TH-NOSTEN,Thailand,Full,ElasticNet,5,0,0.1917332112789154,0
686,PD1265-C,1125-PF-TH-NOSTEN,Thailand,Full,ElasticNet,5,0,0.22461551427841187,0
687,PD1266-C,1125-PF-TH-NOSTEN,Thailand,Full,ElasticNet,5,0,0.18389195203781128,0
688,PD1267-C,1125-PF-TH-NOSTEN,Thailand,Full,ElasticNet,5,0,0.18141476809978485,0
689,PD1269-C,1125-PF-TH-NOSTEN,Thailand,Full,ElasticNet,5,0,0.06094907224178314,0
690,PD1270-C,1125-PF-TH-NOSTEN,Thailand,Full,ElasticNet,5,0,0.07544329762458801,0
691,PD1271-C,1125-PF-TH-NOSTEN,Thailand,Full,ElasticNet,5,0,0.31414973735809326,0
692,PD1273-C,1125-PF-TH-NOSTEN,Thailand,Full,ElasticNet,5,0,0.09836376458406448,0
693,PD1274-C,1125-PF-TH-NOSTEN,Thailand,Full,ElasticNet,5,0,0.037346091121435165,0
694,PD1276-C,1125-PF-TH-NOSTEN,Thailand,Full,ElasticNet,5,0,0.015559162013232708,0
695,PD1277-C,1125-PF-TH-NOSTEN,Thailand,Full,ElasticNet,5,0,0.20006391406059265,0
696,PD1278-C,1125-PF-TH-NOSTEN,Thailand,Full,ElasticNet,5,0,0.04183046147227287,0
697,PD1279-C,1125-PF-TH-NOSTEN,Thailand,Full,ElasticNet,5,0,0.20362505316734314,0
698,PD1280-C,1125-PF-TH-NOSTEN,Thailand,Full,ElasticNet,5,0,0.2927507162094116,0
699,PD1281-C,1125-PF-TH-NOSTEN,Thailand,Full,ElasticNet,5,0,0.20580735802650452,0
700,PD1282-C,1125-PF-TH-NOSTEN,Thailand,Full,ElasticNet,5,0,0.03287782892584801,0
701,PD1283-C,1125-PF-TH-NOSTEN,Thailand,Full,ElasticNet,5,0,0.1795523315668106,0
702,PD1284-C,1125-PF-TH-NOSTEN,Thailand,Full,ElasticNet,5,0,0.0803016871213913,0
703,PD1285-C,1125-PF-TH-NOSTEN,Thailand,Full,ElasticNet,5,0,0.572281539440155,1
704,PD1286-C,1125-PF-TH-NOSTEN,Thailand,Full,ElasticNet,5,0,0.24830815196037292,0
705,PD1288-C,1125-PF-TH-NOSTEN,Thailand,Full,ElasticNet,5,0,0.03861488774418831,0
706,PD1289-C,1125-PF-TH-NOSTEN,Thailand,Full,ElasticNet,5,0,0.05749106779694557,0
707,PD1290-C,1125-PF-TH-NOSTEN,Thailand,Full,ElasticNet,5,0,0.008556959219276905,0
708,PD1291-C,1125-PF-TH-NOSTEN,Thailand,Full,ElasticNet,5,0,0.15296225249767303,0
709,PD1292-C,1125-PF-TH-NOSTEN,Thailand,Full,ElasticNet,5,0,0.12226209789514542,0
710,PD1293-C,1125-PF-TH-NOSTEN,Thailand,Full,ElasticNet,5,0,0.16822321712970734,0
711,PD1294-C,1125-PF-TH-NOSTEN,Thailand,Full,ElasticNet,5,0,0.28909531235694885,0
712,PD1295-C,1125-PF-TH-NOSTEN,Thailand,Full,ElasticNet,5,0,0.03266775980591774,0
713,PD1296-C,1125-PF-TH-NOSTEN,Thailand,Full,ElasticNet,5,0,0.48172351717948914,0
714,PD1297-C,1125-PF-TH-NOSTEN,Thailand,Full,ElasticNet,5,0,0.047667887061834335,0
715,PD1299-C,1125-PF-TH-NOSTEN,Thailand,Full,ElasticNet,5,0,0.22704072296619415,0
716,PD1300-C,1125-PF-TH-NOSTEN,Thailand,Full,ElasticNet,5,0,0.10589217394590378,0
717,PD1301-C,1125-PF-TH-NOSTEN,Thailand,Full,ElasticNet,5,0,0.15098926424980164,0
718,PD1302-C,1125-PF-TH-NOSTEN,Thailand,Full,ElasticNet,5,0,0.14444521069526672,0
719,PD1304-C,1125-PF-TH-NOSTEN,Thailand,Full,ElasticNet,5,0,0.5594905614852905,1
720,PD1305-C,1125-PF-TH-NOSTEN,Thailand,Full,ElasticNet,5,0,0.6798583269119263,1
721,PD1306-C,1125-PF-TH-NOSTEN,Thailand,Full,ElasticNet,5,0,0.256115198135376,0
722,PD1307-C,1125-PF-TH-NOSTEN,Thailand,Full,ElasticNet,5,0,0.1409401297569275,0
723,PD1308-C,1125-PF-TH-NOSTEN,Thailand,Full,ElasticNet,5,0,0.527576744556427,1
724,PD1309-C,1125-PF-TH-NOSTEN,Thailand,Full,ElasticNet,5,0,0.08201078325510025,0
725,PD1310-C,1125-PF-TH-NOSTEN,Thailand,Full,ElasticNet,5,0,0.37957921624183655,0
726,PD1311-C,1125-PF-TH-NOSTEN,Thailand,Full,ElasticNet,5,0,0.213589608669281,0
727,PD1312-C,1125-PF-TH-NOSTEN,Thailand,Full,ElasticNet,5,0,0.23383069038391113,0
728,PD1313-C,1125-PF-TH-NOSTEN,Thailand,Full,ElasticNet,5,0,0.5589312314987183,1
729,PD1314-C,1125-PF-TH-NOSTEN,Thailand,Full,ElasticNet,5,0,0.14101049304008484,0
730,PD1318-C,1125-PF-TH-NOSTEN,Thailand,Full,ElasticNet,5,0,0.3986475467681885,0
731,PD1319-C,1125-PF-TH-NOSTEN,Thailand,Full,ElasticNet,5,0,0.5963090658187866,1
732,PD1322-C,1125-PF-TH-NOSTEN,Thailand,Full,ElasticNet,5,0,0.06104692816734314,0
733,PD1326-C,1125-PF-TH-NOSTEN,Thailand,Full,ElasticNet,5,0,0.378377228975296,0
734,PD1328-C,1125-PF-TH-NOSTEN,Thailand,Full,ElasticNet,5,0,0.5873435735702515,1
735,PD1329-C,1125-PF-TH-NOSTEN,Thailand,Full,ElasticNet,5,0,0.2366321086883545,0
736,PD1330-C,1125-PF-TH-NOSTEN,Thailand,Full,ElasticNet,5,0,0.1410599946975708,0
737,PD1331-C,1125-PF-TH-NOSTEN,Thailand,Full,ElasticNet,5,0,0.4862166941165924,0
738,PD1332-C,1125-PF-TH-NOSTEN,Thailand,Full,ElasticNet,5,0,0.5792924761772156,1
739,PD1333-C,1125-PF-TH-NOSTEN,Thailand,Full,ElasticNet,5,0,0.6285150647163391,1
740,PD1335-C,1125-PF-TH-NOSTEN,Thailand,Full,ElasticNet,5,0,0.46295997500419617,0
741,PD1337-C,1125-PF-TH-NOSTEN,Thailand,Full,ElasticNet,5,0,0.04658583551645279,0
742,PD1338-C,1125-PF-TH-NOSTEN,Thailand,Full,ElasticNet,5,0,0.14043176174163818,0
743,PD1339-C,1125-PF-TH-NOSTEN,Thailand,Full,ElasticNet,5,0,0.3011234402656555,0
744,PD1340-C,1125-PF-TH-NOSTEN,Thailand,Full,ElasticNet,5,0,0.6391423344612122,1
745,PD1341-C,1125-PF-TH-NOSTEN,Thailand,Full,ElasticNet,5,0,0.3428870141506195,0
746,PD1343-C,1125-PF-TH-NOSTEN,Thailand,Full,ElasticNet,5,0,0.2003958374261856,0
747,PD1345-C,1125-PF-TH-NOSTEN,Thailand,Full,ElasticNet,5,0,0.7752659916877747,1
748,PD1347-C,1125-PF-TH-NOSTEN,Thailand,Full,ElasticNet,5,0,0.11840488016605377,0
749,PD1348-C,1125-PF-TH-NOSTEN,Thailand,Full,ElasticNet,5,0,0.20563781261444092,0
750,PD1350-C,1125-PF-TH-NOSTEN,Thailand,Full,ElasticNet,5,0,0.09122142940759659,0
751,PD1353-C,1125-PF-TH-NOSTEN,Thailand,Full,ElasticNet,5,0,0.5350041389465332,1
752,PD1354-C,1125-PF-TH-NOSTEN,Thailand,Full,ElasticNet,5,0,0.02778618596494198,0
753,PD1355-C,1125-PF-TH-NOSTEN,Thailand,Full,ElasticNet,5,0,0.024896522983908653,0
754,PD1357-C,1125-PF-TH-NOSTEN,Thailand,Full,ElasticNet,5,0,0.21381644904613495,0
755,PD1358-C,1125-PF-TH-NOSTEN,Thailand,Full,ElasticNet,5,0,0.6221280694007874,1
756,PD1360-C,1125-PF-TH-NOSTEN,Thailand,Full,ElasticNet,5,0,0.2759194076061249,0
757,PD1361-C,1125-PF-TH-NOSTEN,Thailand,Full,ElasticNet,5,0,0.6188318729400635,1
758,PD1364-C,1125-PF-TH-NOSTEN,Thailand,Full,ElasticNet,5,0,0.29243120551109314,0
759,PD1365-C,1125-PF-TH-NOSTEN,Thailand,Full,ElasticNet,5,0,0.45287710428237915,0
760,PD1366-C,1125-PF-TH-NOSTEN,Thailand,Full,ElasticNet,5,0,0.4060678482055664,0
761,PD1368-C,1125-PF-TH-NOSTEN,Thailand,Full,ElasticNet,5,0,0.03220047056674957,0
762,PD1373-C,1125-PF-TH-NOSTEN,Thailand,Full,ElasticNet,5,0,0.22717924416065216,0
763,PD1376-C,1125-PF-TH-NOSTEN,Thailand,Full,ElasticNet,5,0,0.6138322949409485,1
764,PD1379-C,1125-PF-TH-NOSTEN,Thailand,Full,ElasticNet,5,0,0.2913931608200073,0
765,PD1380-C,1125-PF-TH-NOSTEN,Thailand,Full,ElasticNet,5,0,0.17169584333896637,0
766,PD1382-C,1125-PF-TH-NOSTEN,Thailand,Full,ElasticNet,5,0,0.6248119473457336,1
767,PD1387-C,1125-PF-TH-NOSTEN,Thailand,Full,ElasticNet,5,0,0.07570400089025497,0
768,PD1388-C,1125-PF-TH-NOSTEN,Thailand,Full,ElasticNet,5,0,0.07492798566818237,0
769,PD1390-C,1125-PF-TH-NOSTEN,Thailand,Full,ElasticNet,5,0,0.11955957859754562,0
770,PD1391-C,1125-PF-TH-NOSTEN,Thailand,Full,ElasticNet,5,0,0.4044758081436157,0
771,PD1392-C,1125-PF-TH-NOSTEN,Thailand,Full,ElasticNet,5,0,0.12122741341590881,0
772,PD1394-C,1125-PF-TH-NOSTEN,Thailand,Full,ElasticNet,5,0,0.21748045086860657,0
773,PD1397-C,1125-PF-TH-NOSTEN,Thailand,Full,ElasticNet,5,0,0.23527519404888153,0
774,PD1399-C,1125-PF-TH-NOSTEN,Thailand,Full,ElasticNet,5,0,0.6469890475273132,1
775,PD1400-C,1125-PF-TH-NOSTEN,Thailand,Full,ElasticNet,5,0,0.40670886635780334,0
776,PD1402-C,1125-PF-TH-NOSTEN,Thailand,Full,ElasticNet,5,0,0.5102696418762207,1
777,PD1403-C,1125-PF-TH-NOSTEN,Thailand,Full,ElasticNet,5,0,0.3014858365058899,0
778,PD1404-C,1125-PF-TH-NOSTEN,Thailand,Full,ElasticNet,5,0,0.35136303305625916,0
779,PD1405-C,1125-PF-TH-NOSTEN,Thailand,Full,ElasticNet,5,0,0.07983182370662689,0
780,PD1406-C,1125-PF-TH-NOSTEN,Thailand,Full,ElasticNet,5,0,0.5049390196800232,1
781,PD1407-C,1125-PF-TH-NOSTEN,Thailand,Full,ElasticNet,5,0,0.6916897296905518,1
782,PD1409-C,1125-PF-TH-NOSTEN,Thailand,Full,ElasticNet,5,0,0.04890571907162666,0
783,PD1411-C,1125-PF-TH-NOSTEN,Thailand,Full,ElasticNet,5,0,0.35494139790534973,0
784,PD1412-C,1125-PF-TH-NOSTEN,Thailand,Full,ElasticNet,5,0,0.3570318818092346,0
785,PD1413-C,1125-PF-TH-NOSTEN,Thailand,Full,ElasticNet,5,0,0.38243165612220764,0
786,PD1414-C,1125-PF-TH-NOSTEN,Thailand,Full,ElasticNet,5,0,0.33364129066467285,0
787,PD1415-C,1125-PF-TH-NOSTEN,Thailand,Full,ElasticNet,5,0,0.44794315099716187,0
788,PD1418-C,1125-PF-TH-NOSTEN,Thailand,Full,ElasticNet,5,0,0.3298497796058655,0
789,PD1419-C,1125-PF-TH-NOSTEN,Thailand,Full,ElasticNet,5,0,0.35739248991012573,0
790,PD1420-C,1125-PF-TH-NOSTEN,Thailand,Full,ElasticNet,5,0,0.2124779224395752,0
791,PD1421-C,1125-PF-TH-NOSTEN,Thailand,Full,ElasticNet,5,0,0.16425472497940063,0
792,PD1422-C,1125-PF-TH-NOSTEN,Thailand,Full,ElasticNet,5,0,0.17226620018482208,0
793,PD1426-C,1125-PF-TH-NOSTEN,Thailand,Full,ElasticNet,5,0,0.43235450983047485,0
794,PD1427-C,1125-PF-TH-NOSTEN,Thailand,Full,ElasticNet,5,0,0.6134958863258362,1
795,PD1428-C,1125-PF-TH-NOSTEN,Thailand,Full,ElasticNet,5,0,0.6136007308959961,1
796,PD1430-C,1125-PF-TH-NOSTEN,Thailand,Full,ElasticNet,5,0,0.6012466549873352,1
797,PD1434-C,1125-PF-TH-NOSTEN,Thailand,Full,ElasticNet,5,0,0.2971450984477997,0
798,PD1436-C,1125-PF-TH-NOSTEN,Thailand,Full,ElasticNet,5,0,0.09397101402282715,0
799,PD1437-C,1125-PF-TH-NOSTEN,Thailand,Full,ElasticNet,5,0,0.0254579596221447,0
800,PD1440-C,1125-PF-TH-NOSTEN,Thailand,Full,ElasticNet,5,0,0.1352732926607132,0
801,PD1443-C,1125-PF-TH-NOSTEN,Thailand,Full,ElasticNet,5,0,0.4522666931152344,0
802,PD1451-C,1125-PF-TH-NOSTEN,Thailand,Full,ElasticNet,5,0,0.05185016617178917,0
803,PD1457-C,1125-PF-TH-NOSTEN,Thailand,Full,ElasticNet,5,0,0.17920656502246857,0
804,PD1462-C,1125-PF-TH-NOSTEN,Thailand,Full,ElasticNet,5,0,0.32825249433517456,0
805,PD1464-C,1125-PF-TH-NOSTEN,Thailand,Full,ElasticNet,5,0,0.13708387315273285,0
806,PD1465-C,1125-PF-TH-NOSTEN,Thailand,Full,ElasticNet,5,0,0.6684712171554565,1
807,PD1466-C,1125-PF-TH-NOSTEN,Thailand,Full,ElasticNet,5,0,0.2682327926158905,0
808,PD1470-C,1125-PF-TH-NOSTEN,Thailand,Full,ElasticNet,5,0,0.07112788408994675,0
809,PD1472-C,1125-PF-TH-NOSTEN,Thailand,Full,ElasticNet,5,0,0.10548726469278336,0
810,PD1474-C,1125-PF-TH-NOSTEN,Thailand,Full,ElasticNet,5,0,0.440286785364151,0
811,PD1475-C,1125-PF-TH-NOSTEN,Thailand,Full,ElasticNet,5,0,0.023408446460962296,0
812,PD1476-C,1125-PF-TH-NOSTEN,Thailand,Full,ElasticNet,5,0,0.15022128820419312,0
813,PD1478-C,1125-PF-TH-NOSTEN,Thailand,Full,ElasticNet,5,0,0.2551637589931488,0
814,PD1479-C,1125-PF-TH-NOSTEN,Thailand,Full,ElasticNet,5,0,0.06254453212022781,0
815,PD1480-C,1125-PF-TH-NOSTEN,Thailand,Full,ElasticNet,5,0,0.2176690697669983,0
816,PD1482-C,1125-PF-TH-NOSTEN,Thailand,Full,ElasticNet,5,0,0.155851349234581,0
817,PD1483-C,1125-PF-TH-NOSTEN,Thailand,Full,ElasticNet,5,0,0.18850310146808624,0
818,PD1484-C,1125-PF-TH-NOSTEN,Thailand,Full,ElasticNet,5,0,0.03940942510962486,0
819,PD1485-C,1125-PF-TH-NOSTEN,Thailand,Full,ElasticNet,5,0,0.6172970533370972,1
820,PD1486-C,1125-PF-TH-NOSTEN,Thailand,Full,ElasticNet,5,0,0.30821532011032104,0
821,PD1487-C,1125-PF-TH-NOSTEN,Thailand,Full,ElasticNet,5,0,0.13612771034240723,0
822,PD1489-C,1125-PF-TH-NOSTEN,Thailand,Full,ElasticNet,5,0,0.03262576088309288,0
823,PD1490-C,1125-PF-TH-NOSTEN,Thailand,Full,ElasticNet,5,0,0.41898611187934875,0
824,PD1491-C,1125-PF-TH-NOSTEN,Thailand,Full,ElasticNet,5,0,0.15058477222919464,0
825,PD1493-C,1125-PF-TH-NOSTEN,Thailand,Full,ElasticNet,5,0,0.26413604617118835,0
826,PD1494-C,1125-PF-TH-NOSTEN,Thailand,Full,ElasticNet,5,0,0.20232999324798584,0
827,PD1496-C,1125-PF-TH-NOSTEN,Thailand,Full,ElasticNet,5,0,0.2309197038412094,0
828,PD1497-C,1125-PF-TH-NOSTEN,Thailand,Full,ElasticNet,5,0,0.36501872539520264,0
829,PD1498-C,1125-PF-TH-NOSTEN,Thailand,Full,ElasticNet,5,0,0.10033439844846725,0
830,PD1499-C,1125-PF-TH-NOSTEN,Thailand,Full,ElasticNet,5,0,0.317953884601593,0
831,PD1501-C,1125-PF-TH-NOSTEN,Thailand,Full,ElasticNet,5,0,0.39748427271842957,0
832,PD1502-C,1125-PF-TH-NOSTEN,Thailand,Full,ElasticNet,5,0,0.058507416397333145,0
833,PD1503-C,1125-PF-TH-NOSTEN,Thailand,Full,ElasticNet,5,0,0.05776724964380264,0
834,PD1504-C,1125-PF-TH-NOSTEN,Thailand,Full,ElasticNet,5,0,0.10474313795566559,0
835,PD1505-C,1125-PF-TH-NOSTEN,Thailand,Full,ElasticNet,5,0,0.5311970710754395,1
836,PD1507-C,1125-PF-TH-NOSTEN,Thailand,Full,ElasticNet,5,0,0.6154709458351135,1
837,PD1508-C,1125-PF-TH-NOSTEN,Thailand,Full,ElasticNet,5,0,0.7801474332809448,1
838,PD1510-C,1125-PF-TH-NOSTEN,Thailand,Full,ElasticNet,5,0,0.4692988991737366,0
839,PD1511-C,1125-PF-TH-NOSTEN,Thailand,Full,ElasticNet,5,0,0.35711023211479187,0
840,PD1512-C,1125-PF-TH-NOSTEN,Thailand,Full,ElasticNet,5,0,0.49144232273101807,0
841,PD1513-C,1125-PF-TH-NOSTEN,Thailand,Full,ElasticNet,5,0,0.16430997848510742,0
842,PD1515-C,1125-PF-TH-NOSTEN,Thailand,Full,ElasticNet,5,0,0.3220517933368683,0
843,PD1516-C,1125-PF-TH-NOSTEN,Thailand,Full,ElasticNet,5,0,0.09759629517793655,0
844,PD1518-C,1125-PF-TH-NOSTEN,Thailand,Full,ElasticNet,5,0,0.6200478672981262,1
880,PH0044-C,1031-PF-SEA-PLOWE,Cambodia,Full,ElasticNet,5,1,0.9699606895446777,1
881,PH0045-C,1031-PF-SEA-PLOWE,Cambodia,Full,ElasticNet,5,1,0.9700431227684021,1
882,PH0046-C,1031-PF-SEA-PLOWE,Cambodia,Full,ElasticNet,5,0,0.006806912366300821,0
893,PH0105-C,1031-PF-SEA-PLOWE,Cambodia,Full,ElasticNet,5,1,0.9568941593170166,1
894,PH0109-C,1031-PF-SEA-PLOWE,Cambodia,Full,ElasticNet,5,1,0.7976316213607788,1
895,PH0110-C,1031-PF-SEA-PLOWE,Cambodia,Full,ElasticNet,5,1,0.7967039942741394,1
896,PH0111-C,1031-PF-SEA-PLOWE,Cambodia,Full,ElasticNet,5,1,0.8985633254051208,1
897,PH0112-C,1031-PF-SEA-PLOWE,Cambodia,Full,ElasticNet,5,1,0.7972127199172974,1
898,PH0114-C,1031-PF-SEA-PLOWE,Cambodia,Full,ElasticNet,5,1,0.8252303004264832,1
899,PH0116-C,1031-PF-SEA-PLOWE,Cambodia,Full,ElasticNet,5,1,0.796754777431488,1
900,PH0117-C,1031-PF-SEA-PLOWE,Cambodia,Full,ElasticNet,5,1,0.7973743677139282,1
901,PH0118-C,1031-PF-SEA-PLOWE,Cambodia,Full,ElasticNet,5,1,0.7974401712417603,1
902,PH0121-CW,1031-PF-SEA-PLOWE,Cambodia,Full,ElasticNet,5,1,0.9765350818634033,1
903,PH0122-CW,1031-PF-SEA-PLOWE,Cambodia,Full,ElasticNet,5,1,0.9699940085411072,1
904,PH0123-CW,1031-PF-SEA-PLOWE,Cambodia,Full,ElasticNet,5,1,0.11712410300970078,0
905,PH0124-CW,1031-PF-SEA-PLOWE,Cambodia,Full,ElasticNet,5,1,0.25460243225097656,0
906,PH0125-CW,1031-PF-SEA-PLOWE,Cambodia,Full,ElasticNet,5,1,0.5439230799674988,1
907,PH0126-CW,1031-PF-SEA-PLOWE,Cambodia,Full,ElasticNet,5,1,0.9521048069000244,1
908,PH0128-CW,1031-PF-SEA-PLOWE,Cambodia,Full,ElasticNet,5,1,0.3108924925327301,0
909,PH0130-CW,1031-PF-SEA-PLOWE,Cambodia,Full,ElasticNet,5,1,0.7467139959335327,1
910,PH0131-CW,1031-PF-SEA-PLOWE,Cambodia,Full,ElasticNet,5,1,0.9700250625610352,1
911,PH0132-CW,1031-PF-SEA-PLOWE,Cambodia,Full,ElasticNet,5,1,0.8692789673805237,1
912,PH0133-CW,1031-PF-SEA-PLOWE,Cambodia,Full,ElasticNet,5,1,0.30404821038246155,0
913,PH0134-C,1031-PF-SEA-PLOWE,Cambodia,Full,ElasticNet,5,1,0.9521791934967041,1
914,PH0136-C,1031-PF-SEA-PLOWE,Cambodia,Full,ElasticNet,5,1,0.7890463471412659,1
915,PH0137-C,1031-PF-SEA-PLOWE,Cambodia,Full,ElasticNet,5,1,0.774357795715332,1
916,PH0138-CW,1031-PF-SEA-PLOWE,Cambodia,Full,ElasticNet,5,0,0.9383840560913086,1
917,PH0139-CW,1031-PF-SEA-PLOWE,Cambodia,Full,ElasticNet,5,1,0.7393246293067932,1
918,PH0140-CW,1031-PF-SEA-PLOWE,Cambodia,Full,ElasticNet,5,1,0.8086288571357727,1
919,PH0141-CW,1031-PF-SEA-PLOWE,Cambodia,Full,ElasticNet,5,0,0.46181464195251465,0
920,PH0142-CW,1031-PF-SEA-PLOWE,Cambodia,Full,ElasticNet,5,0,0.7397369742393494,1
921,PH0143-CW,1031-PF-SEA-PLOWE,Cambodia,Full,ElasticNet,5,1,0.9249532222747803,1
922,PH0144-CW,1031-PF-SEA-PLOWE,Cambodia,Full,ElasticNet,5,1,0.6165953874588013,1
923,PH0145-CW,1031-PF-SEA-PLOWE,Cambodia,Full,ElasticNet,5,1,0.8801990747451782,1
924,PH0146-CW,1031-PF-SEA-PLOWE,Cambodia,Full,ElasticNet,5,0,0.22369174659252167,0
925,PH0147-CW,1031-PF-SEA-PLOWE,Cambodia,Full,ElasticNet,5,1,0.956887423992157,1
926,PH0148-CW,1031-PF-SEA-PLOWE,Cambodia,Full,ElasticNet,5,0,0.50422602891922,1
927,PH0149-CW,1031-PF-SEA-PLOWE,Cambodia,Full,ElasticNet,5,1,0.7801352739334106,1
928,PH0151-CW,1031-PF-SEA-PLOWE,Cambodia,Full,ElasticNet,5,1,0.96988844871521,1
929,PH0152-CW,1031-PF-SEA-PLOWE,Cambodia,Full,ElasticNet,5,1,0.7472479939460754,1
930,PH0153-CW,1031-PF-SEA-PLOWE,Cambodia,Full,ElasticNet,5,1,0.7805488705635071,1
931,PH0155-C,1031-PF-SEA-PLOWE,Cambodia,Full,ElasticNet,5,1,0.7795799970626831,1
932,PH0156-C,1031-PF-SEA-PLOWE,Cambodia,Full,ElasticNet,5,1,0.7807769179344177,1
959,PH0217-C,1031-PF-SEA-PLOWE,Cambodia,Full,ElasticNet,5,1,0.975296139717102,1
960,PH0218-C,1031-PF-SEA-PLOWE,Cambodia,Full,ElasticNet,5,1,0.966191291809082,1
961,PH0221-C,1031-PF-SEA-PLOWE,Cambodia,Full,ElasticNet,5,1,0.8387275338172913,1
962,PH0222-C,1031-PF-SEA-PLOWE,Cambodia,Full,ElasticNet,5,1,0.9015495777130127,1
963,PH0223-CW,1031-PF-SEA-PLOWE,Cambodia,Full,ElasticNet,5,1,0.9476794004440308,1
964,PH0224-C,1031-PF-SEA-PLOWE,Cambodia,Full,ElasticNet,5,1,0.9751974940299988,1
965,PH0225-C,1031-PF-SEA-PLOWE,Cambodia,Full,ElasticNet,5,1,0.9752850532531738,1
966,PH0227-C,1031-PF-SEA-PLOWE,Cambodia,Full,ElasticNet,5,1,0.9752231240272522,1
967,PH0228-C,1031-PF-SEA-PLOWE,Cambodia,Full,ElasticNet,5,1,0.9753044247627258,1
968,PH0229-C,1031-PF-SEA-PLOWE,Cambodia,Full,ElasticNet,5,1,0.9322882890701294,1
969,PH0234-C,1031-PF-SEA-PLOWE,Cambodia,Full,ElasticNet,5,1,0.778871476650238,1
970,PH0236-C,1031-PF-SEA-PLOWE,Cambodia,Full,ElasticNet,5,1,0.9521933197975159,1
1066,PH0386-C,1031-PF-SEA-PLOWE,Cambodia,Full,ElasticNet,5,1,0.8519904613494873,1
1067,PH0387-C,1031-PF-SEA-PLOWE,Cambodia,Full,ElasticNet,5,1,0.7799302339553833,1
1068,PH0388-C,1031-PF-SEA-PLOWE,Cambodia,Full,ElasticNet,5,1,0.2312294840812683,0
1069,PH0389-C,1031-PF-SEA-PLOWE,Cambodia,Full,ElasticNet,5,1,0.9570155739784241,1
1070,PH0390-C,1031-PF-SEA-PLOWE,Cambodia,Full,ElasticNet,5,1,0.9474346041679382,1
1071,PH0391-C,1031-PF-SEA-PLOWE,Cambodia,Full,ElasticNet,5,0,0.3389938771724701,0
1072,PH0392-C,1031-PF-SEA-PLOWE,Cambodia,Full,ElasticNet,5,1,0.42567288875579834,0
1073,PH0393-C,1031-PF-SEA-PLOWE,Cambodia,Full,ElasticNet,5,1,0.9730389714241028,1
1074,PH0394-C,1031-PF-SEA-PLOWE,Cambodia,Full,ElasticNet,5,0,0.2975929081439972,0
1075,PH0395-C,1031-PF-SEA-PLOWE,Cambodia,Full,ElasticNet,5,1,0.6395295262336731,1
1076,PH0396-C,1031-PF-SEA-PLOWE,Cambodia,Full,ElasticNet,5,1,0.957017183303833,1
1077,PH0397-C,1031-PF-SEA-PLOWE,Cambodia,Full,ElasticNet,5,1,0.8606007099151611,1
1078,PH0398-C,1031-PF-SEA-PLOWE,Cambodia,Full,ElasticNet,5,1,0.9523792862892151,1
1079,PH0400-C,1031-PF-SEA-PLOWE,Cambodia,Full,ElasticNet,5,1,0.9569523334503174,1
1080,PH0404-C,1031-PF-SEA-PLOWE,Cambodia,Full,ElasticNet,5,1,0.15761195123195648,0
1081,PH0407-C,1031-PF-SEA-PLOWE,Cambodia,Full,ElasticNet,5,1,0.9565858244895935,1
1082,PH0408-C,1031-PF-SEA-PLOWE,Cambodia,Full,ElasticNet,5,0,0.2043752670288086,0
1083,PH0409-CW,1031-PF-SEA-PLOWE,Cambodia,Full,ElasticNet,5,1,0.9545222520828247,1
1084,PH0410-C,1031-PF-SEA-PLOWE,Cambodia,Full,ElasticNet,5,1,0.8803457021713257,1
1085,PH0411-C,1031-PF-SEA-PLOWE,Cambodia,Full,ElasticNet,5,1,0.7844281792640686,1
1086,PH0412-C,1031-PF-SEA-PLOWE,Cambodia,Full,ElasticNet,5,1,0.7803334593772888,1
1087,PH0413-C,1031-PF-SEA-PLOWE,Cambodia,Full,ElasticNet,5,1,0.4308360517024994,0
1088,PH0414-C,1031-PF-SEA-PLOWE,Cambodia,Full,ElasticNet,5,0,0.7272453904151917,1
1089,PH0415-C,1031-PF-SEA-PLOWE,Cambodia,Full,ElasticNet,5,0,0.4921107292175293,0
1090,PH0416-C,1031-PF-SEA-PLOWE,Cambodia,Full,ElasticNet,5,1,0.5235994458198547,1
1091,PH0418-C,1031-PF-SEA-PLOWE,Cambodia,Full,ElasticNet,5,1,0.8985382914543152,1
1092,PH0420-CW,1031-PF-SEA-PLOWE,Cambodia,Full,ElasticNet,5,0,0.008258640766143799,0
1093,PH0421-C,1031-PF-SEA-PLOWE,Cambodia,Full,ElasticNet,5,1,0.39502862095832825,0
1094,PH0422-CW,1031-PF-SEA-PLOWE,Cambodia,Full,ElasticNet,5,1,0.9520400762557983,1
1095,PH0424-C,1031-PF-SEA-PLOWE,Cambodia,Full,ElasticNet,5,1,0.8981075286865234,1
1096,PH0425-C,1031-PF-SEA-PLOWE,Cambodia,Full,ElasticNet,5,1,0.40112271904945374,0
1097,PH0431-CW,1031-PF-SEA-PLOWE,Cambodia,Full,ElasticNet,5,1,0.8952264785766602,1
1098,PH0437-C,1031-PF-SEA-PLOWE,Cambodia,Full,ElasticNet,5,1,0.7793537378311157,1
1099,PH0438-C,1031-PF-SEA-PLOWE,Cambodia,Full,ElasticNet,5,1,0.3789565861225128,0
1100,PH0444-C,1031-PF-SEA-PLOWE,Cambodia,Full,ElasticNet,5,1,0.3012394309043884,0
1101,PH0445-C,1031-PF-SEA-PLOWE,Cambodia,Full,ElasticNet,5,1,0.4442148208618164,0
1102,PH0447-C,1031-PF-SEA-PLOWE,Cambodia,Full,ElasticNet,5,1,0.3520953357219696,0
1103,PH0451-C,1031-PF-SEA-PLOWE,Cambodia,Full,ElasticNet,5,1,0.9243447780609131,1
2451,RCN03169,1125-PF-TH-NOSTEN,Thailand,Full,ElasticNet,5,1,0.8820368647575378,1
2452,RCN03171,1125-PF-TH-NOSTEN,Thailand,Full,ElasticNet,5,0,0.1983991265296936,0
2453,RCN03172,1125-PF-TH-NOSTEN,Thailand,Full,ElasticNet,5,0,0.634678065776825,1
2454,RCN03173,1125-PF-TH-NOSTEN,Thailand,Full,ElasticNet,5,0,0.3634718060493469,0
2455,RCN03174,1125-PF-TH-NOSTEN,Thailand,Full,ElasticNet,5,1,0.8277055025100708,1
2456,RCN03177,1125-PF-TH-NOSTEN,Thailand,Full,ElasticNet,5,0,0.4077903628349304,0
2457,RCN03178,1125-PF-TH-NOSTEN,Thailand,Full,ElasticNet,5,1,0.9114619493484497,1
2458,RCN03181,1125-PF-TH-NOSTEN,Thailand,Full,ElasticNet,5,0,0.9021730422973633,1
2459,RCN03182,1125-PF-TH-NOSTEN,Thailand,Full,ElasticNet,5,1,0.5154537558555603,1
2460,RCN03186,1125-PF-TH-NOSTEN,Thailand,Full,ElasticNet,5,1,0.5425126552581787,1
2461,RCN03187,1125-PF-TH-NOSTEN,Thailand,Full,ElasticNet,5,1,0.7409250736236572,1
2462,RCN03188,1125-PF-TH-NOSTEN,Thailand,Full,ElasticNet,5,0,0.8192683458328247,1
2463,RCN03189,1125-PF-TH-NOSTEN,Thailand,Full,ElasticNet,5,1,0.2749536633491516,0
2464,RCN03191,1125-PF-TH-NOSTEN,Thailand,Full,ElasticNet,5,1,0.8021175861358643,1
2465,RCN03192,1125-PF-TH-NOSTEN,Thailand,Full,ElasticNet,5,0,0.8489046096801758,1
2466,RCN03194,1125-PF-TH-NOSTEN,Thailand,Full,ElasticNet,5,1,0.8255020380020142,1
2467,RCN03195,1125-PF-TH-NOSTEN,Thailand,Full,ElasticNet,5,1,0.6735268831253052,1
2468,RCN03196,1125-PF-TH-NOSTEN,Thailand,Full,ElasticNet,5,1,0.5149109363555908,1
2469,RCN03197,1125-PF-TH-NOSTEN,Thailand,Full,ElasticNet,5,1,0.6206728219985962,1
2470,RCN03272,1198-PF-METF-NOSTEN,Myanmar,Full,ElasticNet,5,1,0.8611933588981628,1
2471,RCN03283,1198-PF-METF-NOSTEN,Myanmar,Full,ElasticNet,5,1,0.35538360476493835,0
2472,RCN03285,1198-PF-METF-NOSTEN,Myanmar,Full,ElasticNet,5,0,0.8125307559967041,1
2473,RCN03292,1198-PF-METF-NOSTEN,Myanmar,Full,ElasticNet,5,1,0.8551649451255798,1
2474,RCN03299,1198-PF-METF-NOSTEN,Myanmar,Full,ElasticNet,5,0,0.325695276260376,0
2475,RCN03300,1198-PF-METF-NOSTEN,Myanmar,Full,ElasticNet,5,0,0.41440606117248535,0
2476,RCN03303,1198-PF-METF-NOSTEN,Myanmar,Full,ElasticNet,5,0,0.32546466588974,0
2477,RCN03306,1198-PF-METF-NOSTEN,Myanmar,Full,ElasticNet,5,1,0.23096667230129242,0
2478,RCN03307,1198-PF-METF-NOSTEN,Myanmar,Full,ElasticNet,5,1,0.6444444060325623,1
2479,RCN03311,1198-PF-METF-NOSTEN,Myanmar,Full,ElasticNet,5,0,0.8503726124763489,1
2480,RCN03312,1198-PF-METF-NOSTEN,Myanmar,Full,ElasticNet,5,0,0.8623667359352112,1
2481,RCN03313,1198-PF-METF-NOSTEN,Myanmar,Full,ElasticNet,5,1,0.6460226774215698,1
2482,RCN03315,1198-PF-METF-NOSTEN,Myanmar,Full,ElasticNet,5,0,0.5399550795555115,1
2483,RCN03316,1198-PF-METF-NOSTEN,Myanmar,Full,ElasticNet,5,0,0.3261248469352722,0
2484,RCN03317,1198-PF-METF-NOSTEN,Myanmar,Full,ElasticNet,5,1,0.22826416790485382,0
2485,RCN03318,1198-PF-METF-NOSTEN,Myanmar,Full,ElasticNet,5,0,0.3262140154838562,0
2486,RCN03319,1198-PF-METF-NOSTEN,Myanmar,Full,ElasticNet,5,1,0.35925447940826416,0
2487,RCN03320,1198-PF-METF-NOSTEN,Myanmar,Full,ElasticNet,5,0,0.20146368443965912,0
2488,RCN03323,1198-PF-METF-NOSTEN,Myanmar,Full,ElasticNet,5,0,0.15960504114627838,0
2489,RCN03326,1198-PF-METF-NOSTEN,Myanmar,Full,ElasticNet,5,1,0.22117003798484802,0
2490,RCN03328,1198-PF-METF-NOSTEN,Myanmar,Full,ElasticNet,5,1,0.4410746991634369,0
2491,RCN03334,1198-PF-METF-NOSTEN,Myanmar,Full,ElasticNet,5,1,0.428316593170166,0
2492,RCN03335,1198-PF-METF-NOSTEN,Myanmar,Full,ElasticNet,5,0,0.4110591411590576,0
2493,RCN03336,1198-PF-METF-NOSTEN,Myanmar,Full,ElasticNet,5,0,0.29715415835380554,0
2494,RCN03337,1198-PF-METF-NOSTEN,Myanmar,Full,ElasticNet,5,1,0.7114274501800537,1
2495,RCN03338,1198-PF-METF-NOSTEN,Myanmar,Full,ElasticNet,5,1,0.5665698051452637,1
2496,RCN03339,1198-PF-METF-NOSTEN,Myanmar,Full,ElasticNet,5,1,0.6713544726371765,1
2497,RCN03340,1198-PF-METF-NOSTEN,Myanmar,Full,ElasticNet,5,1,0.6416338682174683,1
2498,RCN03341,1198-PF-METF-NOSTEN,Myanmar,Full,ElasticNet,5,0,0.32653939723968506,0
2499,RCN03342,1198-PF-METF-NOSTEN,Myanmar,Full,ElasticNet,5,0,0.2641199827194214,0
2500,RCN03344,1198-PF-METF-NOSTEN,Myanmar,Full,ElasticNet,5,0,0.2642579674720764,0
2501,RCN03347,1198-PF-METF-NOSTEN,Myanmar,Full,ElasticNet,5,0,0.32668641209602356,0
2502,RCN03348,1198-PF-METF-NOSTEN,Myanmar,Full,ElasticNet,5,1,0.35934528708457947,0
2503,RCN03349,1198-PF-METF-NOSTEN,Myanmar,Full,ElasticNet,5,1,0.5674377679824829,1
2504,RCN03352,1198-PF-METF-NOSTEN,Myanmar,Full,ElasticNet,5,0,0.19056127965450287,0
2505,RCN03353,1198-PF-METF-NOSTEN,Myanmar,Full,ElasticNet,5,1,0.5343010425567627,1
2506,RCN03354,1198-PF-METF-NOSTEN,Myanmar,Full,ElasticNet,5,1,0.6418935656547546,1
2507,RCN03357,1198-PF-METF-NOSTEN,Myanmar,Full,ElasticNet,5,1,0.5670872330665588,1
2508,RCN03358,1198-PF-METF-NOSTEN,Myanmar,Full,ElasticNet,5,1,0.812232494354248,1
2509,RCN03361,1198-PF-METF-NOSTEN,Myanmar,Full,ElasticNet,5,0,0.326878160238266,0
2510,RCN03363,1198-PF-METF-NOSTEN,Myanmar,Full,ElasticNet,5,0,0.28818726539611816,0
2511,RCN03365,1198-PF-METF-NOSTEN,Myanmar,Full,ElasticNet,5,1,0.9236154556274414,1
2512,RCN03367,1198-PF-METF-NOSTEN,Myanmar,Full,ElasticNet,5,1,0.22909939289093018,0
2513,RCN03369,1198-PF-METF-NOSTEN,Myanmar,Full,ElasticNet,5,0,0.32697778940200806,0
2514,RCN03375,1198-PF-METF-NOSTEN,Myanmar,Full,ElasticNet,5,0,0.3253530263900757,0
2515,RCN03376,1198-PF-METF-NOSTEN,Myanmar,Full,ElasticNet,5,1,0.2285761833190918,0
2516,RCN03377,1198-PF-METF-NOSTEN,Myanmar,Full,ElasticNet,5,0,0.3994270861148834,0
2517,RCN03380,1198-PF-METF-NOSTEN,Myanmar,Full,ElasticNet,5,0,0.4964544177055359,0
2518,RCN03382,1198-PF-METF-NOSTEN,Myanmar,Full,ElasticNet,5,0,0.22621336579322815,0
2519,RCN03383,1198-PF-METF-NOSTEN,Myanmar,Full,ElasticNet,5,0,0.2639315724372864,0
2520,RCN03384,1198-PF-METF-NOSTEN,Myanmar,Full,ElasticNet,5,0,0.2637142241001129,0
2521,RCN03386,1198-PF-METF-NOSTEN,Myanmar,Full,ElasticNet,5,0,0.521554708480835,1
2522,RCN03388,1198-PF-METF-NOSTEN,Myanmar,Full,ElasticNet,5,1,0.6709360480308533,1
2523,RCN03389,1198-PF-METF-NOSTEN,Myanmar,Full,ElasticNet,5,0,0.26003554463386536,0
2524,RCN03390,1198-PF-METF-NOSTEN,Myanmar,Full,ElasticNet,5,0,0.2659410536289215,0
2525,RCN03391,1198-PF-METF-NOSTEN,Myanmar,Full,ElasticNet,5,0,0.42327290773391724,0
2526,RCN03392,1198-PF-METF-NOSTEN,Myanmar,Full,ElasticNet,5,0,0.32624274492263794,0
2527,RCN03394,1198-PF-METF-NOSTEN,Myanmar,Full,ElasticNet,5,1,0.6418485641479492,1
2528,RCN03396,1198-PF-METF-NOSTEN,Myanmar,Full,ElasticNet,5,1,0.4788217842578888,0
2529,RCN03398,1198-PF-METF-NOSTEN,Myanmar,Full,ElasticNet,5,1,0.3520382344722748,0
2530,RCN03399,1198-PF-METF-NOSTEN,Myanmar,Full,ElasticNet,5,0,0.4453931152820587,0
2531,RCN03400,1198-PF-METF-NOSTEN,Myanmar,Full,ElasticNet,5,0,0.14381876587867737,0
2532,RCN03401,1198-PF-METF-NOSTEN,Myanmar,Full,ElasticNet,5,1,0.8130886554718018,1
2533,RCN03402,1198-PF-METF-NOSTEN,Myanmar,Full,ElasticNet,5,0,0.26421546936035156,0
2534,RCN03403,1198-PF-METF-NOSTEN,Myanmar,Full,ElasticNet,5,1,0.6417970657348633,1
2535,RCN03405,1198-PF-METF-NOSTEN,Myanmar,Full,ElasticNet,5,0,0.3257848620414734,0
2536,RCN03406,1198-PF-METF-NOSTEN,Myanmar,Full,ElasticNet,5,0,0.3262087106704712,0
2537,RCN03408,1198-PF-METF-NOSTEN,Myanmar,Full,ElasticNet,5,0,0.2631957232952118,0
2538,RCN03409,1198-PF-METF-NOSTEN,Myanmar,Full,ElasticNet,5,1,0.22884047031402588,0
2539,RCN03410,1198-PF-METF-NOSTEN,Myanmar,Full,ElasticNet,5,1,0.3242918848991394,0
2540,RCN03415,1198-PF-METF-NOSTEN,Myanmar,Full,ElasticNet,5,1,0.6449739933013916,1
2541,RCN03419,1198-PF-METF-NOSTEN,Myanmar,Full,ElasticNet,5,0,0.3237300515174866,0
2542,RCN03420,1198-PF-METF-NOSTEN,Myanmar,Full,ElasticNet,5,1,0.6421404480934143,1
2543,RCN03421,1198-PF-METF-NOSTEN,Myanmar,Full,ElasticNet,5,1,0.3243902623653412,0
2544,RCN03422,1198-PF-METF-NOSTEN,Myanmar,Full,ElasticNet,5,1,0.5342671275138855,1
2545,RCN03423,1198-PF-METF-NOSTEN,Myanmar,Full,ElasticNet,5,1,0.22871580719947815,0
2546,RCN03424,1198-PF-METF-NOSTEN,Myanmar,Full,ElasticNet,5,1,0.32553577423095703,0
2547,RCN03425,1198-PF-METF-NOSTEN,Myanmar,Full,ElasticNet,5,1,0.22862328588962555,0
2548,RCN03426,1198-PF-METF-NOSTEN,Myanmar,Full,ElasticNet,5,1,0.2279108315706253,0
2549,RCN03428,1198-PF-METF-NOSTEN,Myanmar,Full,ElasticNet,5,0,0.3506513833999634,0
2550,RCN03429,1198-PF-METF-NOSTEN,Myanmar,Full,ElasticNet,5,0,0.23792000114917755,0
2551,RCN03430,1198-PF-METF-NOSTEN,Myanmar,Full,ElasticNet,5,0,0.19691093266010284,0
2552,RCN03431,1198-PF-METF-NOSTEN,Myanmar,Full,ElasticNet,5,1,0.6676985025405884,1
2553,RCN03433,1198-PF-METF-NOSTEN,Myanmar,Full,ElasticNet,5,1,0.4127175211906433,0
2554,RCN03435,1198-PF-METF-NOSTEN,Myanmar,Full,ElasticNet,5,0,0.33182376623153687,0
2555,RCN03436,1198-PF-METF-NOSTEN,Myanmar,Full,ElasticNet,5,1,0.6411475539207458,1
2556,RCN03439,1198-PF-METF-NOSTEN,Myanmar,Full,ElasticNet,5,1,0.7073572874069214,1
2557,RCN03440,1198-PF-METF-NOSTEN,Myanmar,Full,ElasticNet,5,1,0.5657338500022888,1
2558,RCN03441,1198-PF-METF-NOSTEN,Myanmar,Full,ElasticNet,5,1,0.8718786835670471,1
2559,RCN03442,1198-PF-METF-NOSTEN,Myanmar,Full,ElasticNet,5,1,0.32575997710227966,0
2560,RCN03444,1198-PF-METF-NOSTEN,Myanmar,Full,ElasticNet,5,0,0.26410168409347534,0
2561,RCN03448,1198-PF-METF-NOSTEN,Myanmar,Full,ElasticNet,5,1,0.7063581943511963,1
2562,RCN03450,1198-PF-METF-NOSTEN,Myanmar,Full,ElasticNet,5,1,0.7327799201011658,1
2563,RCN03451,1198-PF-METF-NOSTEN,Myanmar,Full,ElasticNet,5,0,0.47031617164611816,0
2564,RCN03452,1198-PF-METF-NOSTEN,Myanmar,Full,ElasticNet,5,0,0.1931232064962387,0
2565,RCN03453,1198-PF-METF-NOSTEN,Myanmar,Full,ElasticNet,5,0,0.21716761589050293,0
2566,RCN03458,1198-PF-METF-NOSTEN,Myanmar,Full,ElasticNet,5,1,0.5679678320884705,1
2567,RCN03459,1198-PF-METF-NOSTEN,Myanmar,Full,ElasticNet,5,0,0.5457207560539246,1
2568,RCN03460,1198-PF-METF-NOSTEN,Myanmar,Full,ElasticNet,5,1,0.8136950135231018,1
2569,RCN03461,1198-PF-METF-NOSTEN,Myanmar,Full,ElasticNet,5,0,0.9164911508560181,1
2570,RCN03462,1198-PF-METF-NOSTEN,Myanmar,Full,ElasticNet,5,0,0.31786879897117615,0
2571,RCN03463,1198-PF-METF-NOSTEN,Myanmar,Full,ElasticNet,5,0,0.8704082369804382,1
2572,RCN03464,1198-PF-METF-NOSTEN,Myanmar,Full,ElasticNet,5,0,0.8714252710342407,1
2573,RCN03467,1198-PF-METF-NOSTEN,Myanmar,Full,ElasticNet,5,0,0.2650909423828125,0
2574,RCN03468,1198-PF-METF-NOSTEN,Myanmar,Full,ElasticNet,5,0,0.26752418279647827,0
2575,RCN03469,1198-PF-METF-NOSTEN,Myanmar,Full,ElasticNet,5,0,0.26558858156204224,0
2576,RCN03470,1198-PF-METF-NOSTEN,Myanmar,Full,ElasticNet,5,0,0.26429829001426697,0
2577,RCN03471,1198-PF-METF-NOSTEN,Myanmar,Full,ElasticNet,5,0,0.2641374170780182,0
2578,RCN03472,1198-PF-METF-NOSTEN,Myanmar,Full,ElasticNet,5,0,0.2641758620738983,0
2579,RCN03474,1198-PF-METF-NOSTEN,Myanmar,Full,ElasticNet,5,1,0.23111267387866974,0
2580,RCN03475,1198-PF-METF-NOSTEN,Myanmar,Full,ElasticNet,5,0,0.2656649649143219,0
2581,RCN03476,1198-PF-METF-NOSTEN,Myanmar,Full,ElasticNet,5,0,0.2642659842967987,0
2582,RCN03477,1198-PF-METF-NOSTEN,Myanmar,Full,ElasticNet,5,0,0.316015362739563,0
2583,RCN03478,1198-PF-METF-NOSTEN,Myanmar,Full,ElasticNet,5,0,0.2655295729637146,0
2584,RCN03479,1198-PF-METF-NOSTEN,Myanmar,Full,ElasticNet,5,0,0.26423192024230957,0
2585,RCN03480,1198-PF-METF-NOSTEN,Myanmar,Full,ElasticNet,5,0,0.262749582529068,0
2586,RCN03484,1198-PF-METF-NOSTEN,Myanmar,Full,ElasticNet,5,0,0.3479031026363373,0
2587,RCN03485,1198-PF-METF-NOSTEN,Myanmar,Full,ElasticNet,5,1,0.2286635935306549,0
2588,RCN03486,1198-PF-METF-NOSTEN,Myanmar,Full,ElasticNet,5,0,0.8697558045387268,1
2589,RCN03487,1198-PF-METF-NOSTEN,Myanmar,Full,ElasticNet,5,1,0.8754737377166748,1
2590,RCN03488,1198-PF-METF-NOSTEN,Myanmar,Full,ElasticNet,5,0,0.9533327221870422,1
2591,RCN03489,1198-PF-METF-NOSTEN,Myanmar,Full,ElasticNet,5,1,0.7086538672447205,1
2592,RCN03490,1198-PF-METF-NOSTEN,Myanmar,Full,ElasticNet,5,1,0.7087781429290771,1
2593,RCN03492,1198-PF-METF-NOSTEN,Myanmar,Full,ElasticNet,5,0,0.8701518177986145,1
2594,RCN03493,1198-PF-METF-NOSTEN,Myanmar,Full,ElasticNet,5,0,0.34533047676086426,0
2595,RCN03494,1198-PF-METF-NOSTEN,Myanmar,Full,ElasticNet,5,0,0.32894080877304077,0
2596,RCN03495,1198-PF-METF-NOSTEN,Myanmar,Full,ElasticNet,5,0,0.306967556476593,0
2597,RCN03496,1198-PF-METF-NOSTEN,Myanmar,Full,ElasticNet,5,1,0.2284684181213379,0
2598,RCN03497,1198-PF-METF-NOSTEN,Myanmar,Full,ElasticNet,5,0,0.3767606019973755,0
2599,RCN03501,1198-PF-METF-NOSTEN,Myanmar,Full,ElasticNet,5,1,0.43027129769325256,0
2600,RCN03502,1198-PF-METF-NOSTEN,Myanmar,Full,ElasticNet,5,1,0.6698915958404541,1
2601,RCN03504,1198-PF-METF-NOSTEN,Myanmar,Full,ElasticNet,5,1,0.2285545915365219,0
2602,RCN03505,1198-PF-METF-NOSTEN,Myanmar,Full,ElasticNet,5,0,0.49895599484443665,0
2603,RCN03508,1198-PF-METF-NOSTEN,Myanmar,Full,ElasticNet,5,1,0.6439302563667297,1
2604,RCN03509,1198-PF-METF-NOSTEN,Myanmar,Full,ElasticNet,5,0,0.6938827633857727,1
2605,RCN03510,1198-PF-METF-NOSTEN,Myanmar,Full,ElasticNet,5,1,0.35914117097854614,0
2606,RCN03511,1198-PF-METF-NOSTEN,Myanmar,Full,ElasticNet,5,1,0.22938621044158936,0
2607,RCN03512,1198-PF-METF-NOSTEN,Myanmar,Full,ElasticNet,5,1,0.42932575941085815,0
2608,RCN03513,1198-PF-METF-NOSTEN,Myanmar,Full,ElasticNet,5,1,0.6421727538108826,1
2609,RCN03514,1198-PF-METF-NOSTEN,Myanmar,Full,ElasticNet,5,0,0.19730351865291595,0
2610,RCN03515,1198-PF-METF-NOSTEN,Myanmar,Full,ElasticNet,5,1,0.2282257229089737,0
2611,RCN03519,1198-PF-METF-NOSTEN,Myanmar,Full,ElasticNet,5,1,0.4290720224380493,0
2612,RCN03521,1198-PF-METF-NOSTEN,Myanmar,Full,ElasticNet,5,0,0.8079623579978943,1
2613,RCN03522,1198-PF-METF-NOSTEN,Myanmar,Full,ElasticNet,5,0,0.4011686444282532,0
2614,RCN03523,1198-PF-METF-NOSTEN,Myanmar,Full,ElasticNet,5,1,0.7374637126922607,1
2615,RCN03527,1198-PF-METF-NOSTEN,Myanmar,Full,ElasticNet,5,1,0.32519105076789856,0
2616,RCN03529,1198-PF-METF-NOSTEN,Myanmar,Full,ElasticNet,5,1,0.734001100063324,1
2617,RCN03530,1198-PF-METF-NOSTEN,Myanmar,Full,ElasticNet,5,0,0.6501176953315735,1
2618,RCN03531,1198-PF-METF-NOSTEN,Myanmar,Full,ElasticNet,5,0,0.8717804551124573,1
2619,RCN03534,1198-PF-METF-NOSTEN,Myanmar,Full,ElasticNet,5,0,0.4001295864582062,0
2620,RCN03535,1198-PF-METF-NOSTEN,Myanmar,Full,ElasticNet,5,1,0.3348829448223114,0
2621,RCN03536,1198-PF-METF-NOSTEN,Myanmar,Full,ElasticNet,5,1,0.5665070414543152,1
2769,RCN08621,1207-PF-KH-CNM-GENRE,Cambodia,Full,ElasticNet,5,1,0.9845678806304932,1
2770,RCN08623,1207-PF-KH-CNM-GENRE,Cambodia,Full,ElasticNet,5,1,0.9957194924354553,1
2771,RCN08629,1207-PF-KH-CNM-GENRE,Cambodia,Full,ElasticNet,5,1,0.819009006023407,1
2772,RCN08633,1207-PF-KH-CNM-GENRE,Cambodia,Full,ElasticNet,5,0,0.1156446561217308,0
2773,RCN08634,1207-PF-KH-CNM-GENRE,Cambodia,Full,ElasticNet,5,1,0.9242008328437805,1
2774,RCN08635,1207-PF-KH-CNM-GENRE,Cambodia,Full,ElasticNet,5,1,0.8036877512931824,1
2775,RCN08636,1207-PF-KH-CNM-GENRE,Cambodia,Full,ElasticNet,5,1,0.9945781230926514,1
2776,RCN08637,1207-PF-KH-CNM-GENRE,Cambodia,Full,ElasticNet,5,1,0.9838207960128784,1
2777,RCN08638,1207-PF-KH-CNM-GENRE,Cambodia,Full,ElasticNet,5,1,0.9847685098648071,1
2778,RCN08639,1207-PF-KH-CNM-GENRE,Cambodia,Full,ElasticNet,5,1,0.9978118538856506,1
2779,RCN08640,1207-PF-KH-CNM-GENRE,Cambodia,Full,ElasticNet,5,0,0.03157080337405205,0
2780,RCN08641,1207-PF-KH-CNM-GENRE,Cambodia,Full,ElasticNet,5,1,0.9848219752311707,1
2781,RCN08642,1207-PF-KH-CNM-GENRE,Cambodia,Full,ElasticNet,5,1,0.9469831585884094,1
2782,RCN08643,1207-PF-KH-CNM-GENRE,Cambodia,Full,ElasticNet,5,1,0.7123394012451172,1
2783,RCN08644,1207-PF-KH-CNM-GENRE,Cambodia,Full,ElasticNet,5,1,0.9861001372337341,1
2784,RCN08645,1207-PF-KH-CNM-GENRE,Cambodia,Full,ElasticNet,5,1,0.7925311923027039,1
2785,RCN08646,1207-PF-KH-CNM-GENRE,Cambodia,Full,ElasticNet,5,0,0.03174814209342003,0
2786,RCN08647,1207-PF-KH-CNM-GENRE,Cambodia,Full,ElasticNet,5,1,0.9910095930099487,1
2787,RCN08648,1207-PF-KH-CNM-GENRE,Cambodia,Full,ElasticNet,5,1,0.9881184697151184,1
2788,RCN08650,1207-PF-KH-CNM-GENRE,Cambodia,Full,ElasticNet,5,0,0.04155987501144409,0
2789,RCN08651,1207-PF-KH-CNM-GENRE,Cambodia,Full,ElasticNet,5,1,0.9294527769088745,1
2790,RCN08652,1207-PF-KH-CNM-GENRE,Cambodia,Full,ElasticNet,5,1,0.9457868337631226,1
2791,RCN08653,1207-PF-KH-CNM-GENRE,Cambodia,Full,ElasticNet,5,1,0.994594395160675,1
2792,RCN08654,1207-PF-KH-CNM-GENRE,Cambodia,Full,ElasticNet,5,0,0.08255235105752945,0
2793,RCN08655,1207-PF-KH-CNM-GENRE,Cambodia,Full,ElasticNet,5,0,0.031712599098682404,0
2794,RCN08656,1207-PF-KH-CNM-GENRE,Cambodia,Full,ElasticNet,5,1,0.994528591632843,1
2795,RCN08657,1207-PF-KH-CNM-GENRE,Cambodia,Full,ElasticNet,5,1,0.05398504436016083,0
2796,RCN08659,1207-PF-KH-CNM-GENRE,Cambodia,Full,ElasticNet,5,0,0.03128737583756447,0
2797,RCN08661,1207-PF-KH-CNM-GENRE,Cambodia,Full,ElasticNet,5,0,0.04151175171136856,0
2798,RCN08662,1207-PF-KH-CNM-GENRE,Cambodia,Full,ElasticNet,5,0,0.07322271913290024,0
2799,RCN08663,1207-PF-KH-CNM-GENRE,Cambodia,Full,ElasticNet,5,1,0.8816709518432617,1
2800,RCN08664,1207-PF-KH-CNM-GENRE,Cambodia,Full,ElasticNet,5,1,0.9285504221916199,1
2801,RCN08665,1207-PF-KH-CNM-GENRE,Cambodia,Full,ElasticNet,5,1,0.9872849583625793,1
2802,RCN08666,1207-PF-KH-CNM-GENRE,Cambodia,Full,ElasticNet,5,1,0.9835165143013,1
2803,RCN08667,1207-PF-KH-CNM-GENRE,Cambodia,Full,ElasticNet,5,0,0.04135207086801529,0
2804,RCN08668,1207-PF-KH-CNM-GENRE,Cambodia,Full,ElasticNet,5,1,0.9864322543144226,1
2805,RCN08669,1207-PF-KH-CNM-GENRE,Cambodia,Full,ElasticNet,5,1,0.8184902667999268,1
2806,RCN08670,1207-PF-KH-CNM-GENRE,Cambodia,Full,ElasticNet,5,1,0.9944949746131897,1
2807,RCN08671,1207-PF-KH-CNM-GENRE,Cambodia,Full,ElasticNet,5,1,0.9952452778816223,1
2808,RCN08672,1207-PF-KH-CNM-GENRE,Cambodia,Full,ElasticNet,5,1,0.9527352452278137,1
2809,RCN08673,1207-PF-KH-CNM-GENRE,Cambodia,Full,ElasticNet,5,1,0.929804801940918,1
2810,RCN08674,1207-PF-KH-CNM-GENRE,Cambodia,Full,ElasticNet,5,1,0.9434906840324402,1
2811,RCN08676,1207-PF-KH-CNM-GENRE,Cambodia,Full,ElasticNet,5,0,0.062381286174058914,0
2812,RCN08677,1207-PF-KH-CNM-GENRE,Cambodia,Full,ElasticNet,5,1,0.9945539236068726,1
2813,RCN08678,1207-PF-KH-CNM-GENRE,Cambodia,Full,ElasticNet,5,0,0.09042900055646896,0
2814,RCN08679,1207-PF-KH-CNM-GENRE,Cambodia,Full,ElasticNet,5,0,0.05738504230976105,0
2815,RCN08680,1207-PF-KH-CNM-GENRE,Cambodia,Full,ElasticNet,5,0,0.09064408391714096,0
2816,RCN08681,1207-PF-KH-CNM-GENRE,Cambodia,Full,ElasticNet,5,1,0.9944922924041748,1
2817,RCN08682,1207-PF-KH-CNM-GENRE,Cambodia,Full,ElasticNet,5,0,0.7460814118385315,1
2818,RCN08683,1207-PF-KH-CNM-GENRE,Cambodia,Full,ElasticNet,5,0,0.1691674143075943,0
2819,RCN08684,1207-PF-KH-CNM-GENRE,Cambodia,Full,ElasticNet,5,1,0.809302031993866,1
2820,RCN08685,1207-PF-KH-CNM-GENRE,Cambodia,Full,ElasticNet,5,1,0.9879416823387146,1
2821,RCN08686,1207-PF-KH-CNM-GENRE,Cambodia,Full,ElasticNet,5,1,0.9944989085197449,1
2822,RCN08687,1207-PF-KH-CNM-GENRE,Cambodia,Full,ElasticNet,5,1,0.9963560104370117,1
2823,RCN08688,1207-PF-KH-CNM-GENRE,Cambodia,Full,ElasticNet,5,1,0.9834625720977783,1
2824,RCN08689,1207-PF-KH-CNM-GENRE,Cambodia,Full,ElasticNet,5,1,0.0576101653277874,0
2825,RCN08690,1207-PF-KH-CNM-GENRE,Cambodia,Full,ElasticNet,5,1,0.05751194804906845,0
2826,RCN08692,1207-PF-KH-CNM-GENRE,Cambodia,Full,ElasticNet,5,1,0.9858152866363525,1
2827,RCN08693,1207-PF-KH-CNM-GENRE,Cambodia,Full,ElasticNet,5,1,0.9866719841957092,1
2828,RCN08694,1207-PF-KH-CNM-GENRE,Cambodia,Full,ElasticNet,5,1,0.9833003282546997,1
2829,RCN08695,1207-PF-KH-CNM-GENRE,Cambodia,Full,ElasticNet,5,1,0.9851987957954407,1
2830,RCN08696,1207-PF-KH-CNM-GENRE,Cambodia,Full,ElasticNet,5,1,0.9889161586761475,1
2831,RCN08699,1207-PF-KH-CNM-GENRE,Cambodia,Full,ElasticNet,5,1,0.9444474577903748,1
2832,RCN08700,1207-PF-KH-CNM-GENRE,Cambodia,Full,ElasticNet,5,1,0.9207987189292908,1
2833,RCN08701,1207-PF-KH-CNM-GENRE,Cambodia,Full,ElasticNet,5,1,0.9290188550949097,1
2834,RCN08702,1207-PF-KH-CNM-GENRE,Cambodia,Full,ElasticNet,5,1,0.9951717257499695,1
2835,RCN08703,1207-PF-KH-CNM-GENRE,Cambodia,Full,ElasticNet,5,1,0.9961470365524292,1
2836,RCN08705,1207-PF-KH-CNM-GENRE,Cambodia,Full,ElasticNet,5,1,0.9894713163375854,1
2837,RCN08706,1207-PF-KH-CNM-GENRE,Cambodia,Full,ElasticNet,5,1,0.8940528035163879,1
2838,RCN08707,1207-PF-KH-CNM-GENRE,Cambodia,Full,ElasticNet,5,1,0.9141604900360107,1
2839,RCN08709,1207-PF-KH-CNM-GENRE,Cambodia,Full,ElasticNet,5,1,0.960934579372406,1
2840,RCN08710,1207-PF-KH-CNM-GENRE,Cambodia,Full,ElasticNet,5,1,0.9690322875976562,1
2841,RCN08713,1207-PF-KH-CNM-GENRE,Cambodia,Full,ElasticNet,5,1,0.9740262031555176,1
2842,RCN08714,1207-PF-KH-CNM-GENRE,Cambodia,Full,ElasticNet,5,1,0.8940232992172241,1
2843,RCN08715,1207-PF-KH-CNM-GENRE,Cambodia,Full,ElasticNet,5,1,0.8943069577217102,1
2844,RCN08719,1207-PF-KH-CNM-GENRE,Cambodia,Full,ElasticNet,5,1,0.9365517497062683,1
2845,RCN08720,1207-PF-KH-CNM-GENRE,Cambodia,Full,ElasticNet,5,1,0.9365533590316772,1
2846,RCN08722,1207-PF-KH-CNM-GENRE,Cambodia,Full,ElasticNet,5,1,0.9946179986000061,1
2847,RCN08723,1207-PF-KH-CNM-GENRE,Cambodia,Full,ElasticNet,5,1,0.9951666593551636,1
2848,RCN08724,1207-PF-KH-CNM-GENRE,Cambodia,Full,ElasticNet,5,0,0.6430012583732605,1
2849,RCN08725,1207-PF-KH-CNM-GENRE,Cambodia,Full,ElasticNet,5,0,0.08192989975214005,0
2850,RCN08726,1207-PF-KH-CNM-GENRE,Cambodia,Full,ElasticNet,5,1,0.9951567053794861,1
2851,RCN08727,1207-PF-KH-CNM-GENRE,Cambodia,Full,ElasticNet,5,1,0.9889007806777954,1
2852,RCN08728,1207-PF-KH-CNM-GENRE,Cambodia,Full,ElasticNet,5,1,0.9791733026504517,1
2853,RCN08730,1207-PF-KH-CNM-GENRE,Cambodia,Full,ElasticNet,5,1,0.9946145415306091,1
2854,RCN08731,1207-PF-KH-CNM-GENRE,Cambodia,Full,ElasticNet,5,0,0.1443791389465332,0
2855,RCN08732,1207-PF-KH-CNM-GENRE,Cambodia,Full,ElasticNet,5,1,0.9872766137123108,1
2856,RCN08734,1207-PF-KH-CNM-GENRE,Cambodia,Full,ElasticNet,5,1,0.9946135878562927,1
2857,RCN08736,1207-PF-KH-CNM-GENRE,Cambodia,Full,ElasticNet,5,1,0.9937337040901184,1
2858,RCN08737,1207-PF-KH-CNM-GENRE,Cambodia,Full,ElasticNet,5,1,0.9906394481658936,1
2859,RCN08738,1207-PF-KH-CNM-GENRE,Cambodia,Full,ElasticNet,5,1,0.9663614630699158,1
2860,RCN08739,1207-PF-KH-CNM-GENRE,Cambodia,Full,ElasticNet,5,1,0.9540663957595825,1
2861,RCN08740,1207-PF-KH-CNM-GENRE,Cambodia,Full,ElasticNet,5,1,0.9885536432266235,1
2862,RCN08741,1207-PF-KH-CNM-GENRE,Cambodia,Full,ElasticNet,5,1,0.9951410293579102,1
2863,RCN08742,1207-PF-KH-CNM-GENRE,Cambodia,Full,ElasticNet,5,1,0.9951069355010986,1
2864,RCN08743,1207-PF-KH-CNM-GENRE,Cambodia,Full,ElasticNet,5,1,0.9907265901565552,1
2865,RCN08744,1207-PF-KH-CNM-GENRE,Cambodia,Full,ElasticNet,5,1,0.9906116127967834,1
2866,RCN08745,1207-PF-KH-CNM-GENRE,Cambodia,Full,ElasticNet,5,1,0.9921668767929077,1
2867,RCN08746,1207-PF-KH-CNM-GENRE,Cambodia,Full,ElasticNet,5,1,0.9926196932792664,1
2868,RCN08747,1207-PF-KH-CNM-GENRE,Cambodia,Full,ElasticNet,5,1,0.9823561310768127,1
2869,RCN08748,1207-PF-KH-CNM-GENRE,Cambodia,Full,ElasticNet,5,1,0.9835030436515808,1
2870,RCN08749,1207-PF-KH-CNM-GENRE,Cambodia,Full,ElasticNet,5,1,0.9873086810112,1
2871,RCN08750,1207-PF-KH-CNM-GENRE,Cambodia,Full,ElasticNet,5,1,0.9930979609489441,1
2872,RCN08751,1207-PF-KH-CNM-GENRE,Cambodia,Full,ElasticNet,5,1,0.9946079254150391,1
2873,RCN08752,1207-PF-KH-CNM-GENRE,Cambodia,Full,ElasticNet,5,1,0.9952178001403809,1
2874,RCN08753,1207-PF-KH-CNM-GENRE,Cambodia,Full,ElasticNet,5,1,0.9967160224914551,1
2875,RCN08754,1207-PF-KH-CNM-GENRE,Cambodia,Full,ElasticNet,5,1,0.9945880174636841,1
2876,RCN08756,1207-PF-KH-CNM-GENRE,Cambodia,Full,ElasticNet,5,1,0.986473560333252,1
2877,RCN08757,1207-PF-KH-CNM-GENRE,Cambodia,Full,ElasticNet,5,1,0.9864454865455627,1
2878,RCN08758,1207-PF-KH-CNM-GENRE,Cambodia,Full,ElasticNet,5,1,0.9860426783561707,1
2879,RCN08759,1207-PF-KH-CNM-GENRE,Cambodia,Full,ElasticNet,5,1,0.9864885210990906,1
2880,RCN08761,1207-PF-KH-CNM-GENRE,Cambodia,Full,ElasticNet,5,1,0.988538384437561,1
2881,RCN08762,1207-PF-KH-CNM-GENRE,Cambodia,Full,ElasticNet,5,1,0.994469165802002,1
2882,RCN08763,1207-PF-KH-CNM-GENRE,Cambodia,Full,ElasticNet,5,1,0.9885691404342651,1
2883,RCN08764,1207-PF-KH-CNM-GENRE,Cambodia,Full,ElasticNet,5,1,0.986416220664978,1
2884,RCN08765,1207-PF-KH-CNM-GENRE,Cambodia,Full,ElasticNet,5,1,0.9863787889480591,1
2885,RCN08766,1207-PF-KH-CNM-GENRE,Cambodia,Full,ElasticNet,5,1,0.9909890294075012,1
2886,RCN08767,1207-PF-KH-CNM-GENRE,Cambodia,Full,ElasticNet,5,1,0.9951558113098145,1
2887,RCN08768,1207-PF-KH-CNM-GENRE,Cambodia,Full,ElasticNet,5,1,0.9925806522369385,1
2888,RCN08769,1207-PF-KH-CNM-GENRE,Cambodia,Full,ElasticNet,5,1,0.9938365817070007,1
2889,RCN08770,1207-PF-KH-CNM-GENRE,Cambodia,Full,ElasticNet,5,1,0.9635018110275269,1
2890,RCN08771,1207-PF-KH-CNM-GENRE,Cambodia,Full,ElasticNet,5,1,0.9851239323616028,1
2891,RCN08772,1207-PF-KH-CNM-GENRE,Cambodia,Full,ElasticNet,5,0,0.06921228766441345,0
2892,RCN08773,1207-PF-KH-CNM-GENRE,Cambodia,Full,ElasticNet,5,0,0.6962834000587463,1
2893,RCN08774,1207-PF-KH-CNM-GENRE,Cambodia,Full,ElasticNet,5,0,0.11560365557670593,0
2894,RCN08775,1207-PF-KH-CNM-GENRE,Cambodia,Full,ElasticNet,5,1,0.9950891137123108,1
2895,RCN08776,1207-PF-KH-CNM-GENRE,Cambodia,Full,ElasticNet,5,1,0.9833813905715942,1
2896,RCN08777,1207-PF-KH-CNM-GENRE,Cambodia,Full,ElasticNet,5,1,0.8824358582496643,1
2897,RCN08778,1207-PF-KH-CNM-GENRE,Cambodia,Full,ElasticNet,5,1,0.9851983189582825,1
2898,RCN08779,1207-PF-KH-CNM-GENRE,Cambodia,Full,ElasticNet,5,1,0.9951651096343994,1
2899,RCN08780,1207-PF-KH-CNM-GENRE,Cambodia,Full,ElasticNet,5,1,0.988514244556427,1
2900,RCN08781,1207-PF-KH-CNM-GENRE,Cambodia,Full,ElasticNet,5,1,0.9604814648628235,1
2901,RCN08782,1207-PF-KH-CNM-GENRE,Cambodia,Full,ElasticNet,5,0,0.16000357270240784,0
2902,RCN08783,1207-PF-KH-CNM-GENRE,Cambodia,Full,ElasticNet,5,1,0.9867652654647827,1
2903,RCN08784,1207-PF-KH-CNM-GENRE,Cambodia,Full,ElasticNet,5,1,0.9890116453170776,1
3161,RCN09292,1198-PF-METF-NOSTEN,Myanmar,Full,ElasticNet,5,0,0.6013169884681702,1
3162,RCN09293,1198-PF-METF-NOSTEN,Myanmar,Full,ElasticNet,5,1,0.32574090361595154,0
3163,RCN09295,1198-PF-METF-NOSTEN,Myanmar,Full,ElasticNet,5,0,0.32740339636802673,0
3164,RCN09296,1198-PF-METF-NOSTEN,Myanmar,Full,ElasticNet,5,1,0.5955802202224731,1
3165,RCN09299,1198-PF-METF-NOSTEN,Myanmar,Full,ElasticNet,5,0,0.19711953401565552,0
3166,RCN09301,1198-PF-METF-NOSTEN,Myanmar,Full,ElasticNet,5,1,0.34867432713508606,0
3167,RCN09302,1198-PF-METF-NOSTEN,Myanmar,Full,ElasticNet,5,1,0.3513060510158539,0
3168,RCN09303,1198-PF-METF-NOSTEN,Myanmar,Full,ElasticNet,5,0,0.5185108184814453,1
3169,RCN09305,1198-PF-METF-NOSTEN,Myanmar,Full,ElasticNet,5,0,0.8439849615097046,1
3170,RCN09306,1198-PF-METF-NOSTEN,Myanmar,Full,ElasticNet,5,1,0.43012475967407227,0
3171,RCN09308,1198-PF-METF-NOSTEN,Myanmar,Full,ElasticNet,5,0,0.32824116945266724,0
3172,RCN09309,1198-PF-METF-NOSTEN,Myanmar,Full,ElasticNet,5,0,0.7101046442985535,1
3173,RCN09310,1198-PF-METF-NOSTEN,Myanmar,Full,ElasticNet,5,0,0.650814950466156,1
3174,RCN09312,1198-PF-METF-NOSTEN,Myanmar,Full,ElasticNet,5,1,0.43769341707229614,0
3175,RCN09313,1198-PF-METF-NOSTEN,Myanmar,Full,ElasticNet,5,1,0.3521980345249176,0
3176,RCN09314,1198-PF-METF-NOSTEN,Myanmar,Full,ElasticNet,5,1,0.6299740672111511,1
3177,RCN09315,1198-PF-METF-NOSTEN,Myanmar,Full,ElasticNet,5,0,0.6509268879890442,1
3178,RCN09316,1198-PF-METF-NOSTEN,Myanmar,Full,ElasticNet,5,1,0.35112524032592773,0
3179,RCN09317,1198-PF-METF-NOSTEN,Myanmar,Full,ElasticNet,5,1,0.3514273464679718,0
3180,RCN09318,1198-PF-METF-NOSTEN,Myanmar,Full,ElasticNet,5,0,0.6515786051750183,1
3181,RCN09319,1198-PF-METF-NOSTEN,Myanmar,Full,ElasticNet,5,1,0.3518728017807007,0
3182,RCN09320,1198-PF-METF-NOSTEN,Myanmar,Full,ElasticNet,5,0,0.6512696146965027,1
3183,RCN09322,1198-PF-METF-NOSTEN,Myanmar,Full,ElasticNet,5,0,0.6494616866111755,1
3184,RCN09324,1198-PF-METF-NOSTEN,Myanmar,Full,ElasticNet,5,0,0.6480420827865601,1
3185,RCN09326,1198-PF-METF-NOSTEN,Myanmar,Full,ElasticNet,5,1,0.351658433675766,0
3186,RCN09329,1198-PF-METF-NOSTEN,Myanmar,Full,ElasticNet,5,1,0.3596665561199188,0
3187,RCN09330,1198-PF-METF-NOSTEN,Myanmar,Full,ElasticNet,5,1,0.42847463488578796,0
3188,RCN09331,1198-PF-METF-NOSTEN,Myanmar,Full,ElasticNet,5,0,0.4200162887573242,0
3189,RCN09332,1198-PF-METF-NOSTEN,Myanmar,Full,ElasticNet,5,0,0.5393625497817993,1
3190,RCN09333,1198-PF-METF-NOSTEN,Myanmar,Full,ElasticNet,5,0,0.10681092739105225,0
3191,RCN09334,1198-PF-METF-NOSTEN,Myanmar,Full,ElasticNet,5,1,0.24906840920448303,0
3192,RCN09337,1198-PF-METF-NOSTEN,Myanmar,Full,ElasticNet,5,1,0.6689555644989014,1
3193,RCN09338,1198-PF-METF-NOSTEN,Myanmar,Full,ElasticNet,5,0,0.2863346040248871,0
3194,RCN09339,1198-PF-METF-NOSTEN,Myanmar,Full,ElasticNet,5,1,0.8084788918495178,1
3195,RCN09340,1198-PF-METF-NOSTEN,Myanmar,Full,ElasticNet,5,1,0.6133682131767273,1
3196,RCN09341,1198-PF-METF-NOSTEN,Myanmar,Full,ElasticNet,5,0,0.668283224105835,1
3197,RCN09342,1198-PF-METF-NOSTEN,Myanmar,Full,ElasticNet,5,1,0.6715044975280762,1
3198,RCN09344,1198-PF-METF-NOSTEN,Myanmar,Full,ElasticNet,5,0,0.5390575528144836,1
3199,RCN09347,1198-PF-METF-NOSTEN,Myanmar,Full,ElasticNet,5,1,0.6432233452796936,1
3200,RCN09348,1198-PF-METF-NOSTEN,Myanmar,Full,ElasticNet,5,1,0.35526442527770996,0
3201,RCN09350,1198-PF-METF-NOSTEN,Myanmar,Full,ElasticNet,5,0,0.7330570816993713,1
3202,RCN09360,1198-PF-METF-NOSTEN,Myanmar,Full,ElasticNet,5,1,0.6450483798980713,1
3203,RCN09362,1198-PF-METF-NOSTEN,Myanmar,Full,ElasticNet,5,1,0.3543776273727417,0
3204,RCN09363,1198-PF-METF-NOSTEN,Myanmar,Full,ElasticNet,5,1,0.4301740825176239,0
3205,RCN09364,1198-PF-METF-NOSTEN,Myanmar,Full,ElasticNet,5,1,0.43099918961524963,0
3206,RCN09365,1198-PF-METF-NOSTEN,Myanmar,Full,ElasticNet,5,0,0.1971312165260315,0
3207,RCN09368,1198-PF-METF-NOSTEN,Myanmar,Full,ElasticNet,5,0,0.24426530301570892,0
3208,RCN09369,1198-PF-METF-NOSTEN,Myanmar,Full,ElasticNet,5,1,0.8004747033119202,1
3209,RCN09370,1198-PF-METF-NOSTEN,Myanmar,Full,ElasticNet,5,1,0.5670292973518372,1
3210,RCN09375,1198-PF-METF-NOSTEN,Myanmar,Full,ElasticNet,5,0,0.6718253493309021,1
3211,RCN09378,1198-PF-METF-NOSTEN,Myanmar,Full,ElasticNet,5,1,0.7353248000144958,1
3212,RCN09382,1198-PF-METF-NOSTEN,Myanmar,Full,ElasticNet,5,1,0.6451535820960999,1
3213,RCN09385,1198-PF-METF-NOSTEN,Myanmar,Full,ElasticNet,5,1,0.6450347900390625,1
3214,RCN09386,1198-PF-METF-NOSTEN,Myanmar,Full,ElasticNet,5,1,0.64601069688797,1
3215,RCN09387,1198-PF-METF-NOSTEN,Myanmar,Full,ElasticNet,5,0,0.40487250685691833,0
3216,RCN09388,1198-PF-METF-NOSTEN,Myanmar,Full,ElasticNet,5,1,0.6464630961418152,1
3217,RCN09390,1198-PF-METF-NOSTEN,Myanmar,Full,ElasticNet,5,0,0.5265793204307556,1
3218,RCN09391,1198-PF-METF-NOSTEN,Myanmar,Full,ElasticNet,5,0,0.19878415763378143,0
3219,RCN09394,1198-PF-METF-NOSTEN,Myanmar,Full,ElasticNet,5,1,0.6456941366195679,1
3220,RCN09399,1198-PF-METF-NOSTEN,Myanmar,Full,ElasticNet,5,1,0.349783718585968,0
3221,RCN09400,1198-PF-METF-NOSTEN,Myanmar,Full,ElasticNet,5,0,0.8106876015663147,1
3222,RCN09401,1198-PF-METF-NOSTEN,Myanmar,Full,ElasticNet,5,0,0.9118789434432983,1
3223,RCN09402,1198-PF-METF-NOSTEN,Myanmar,Full,ElasticNet,5,1,0.35963138937950134,0
3224,RCN09403,1198-PF-METF-NOSTEN,Myanmar,Full,ElasticNet,5,0,0.32816043496131897,0
3225,RCN09412,1198-PF-METF-NOSTEN,Myanmar,Full,ElasticNet,5,0,0.32774120569229126,0
3226,RCN09413,1198-PF-METF-NOSTEN,Myanmar,Full,ElasticNet,5,0,0.5208935737609863,1
3227,RCN09415,1198-PF-METF-NOSTEN,Myanmar,Full,ElasticNet,5,0,0.43332985043525696,0
3228,RCN09416,1198-PF-METF-NOSTEN,Myanmar,Full,ElasticNet,5,1,0.7988912463188171,1
3229,RCN09418,1198-PF-METF-NOSTEN,Myanmar,Full,ElasticNet,5,1,0.5685153007507324,1
3230,RCN09419,1198-PF-METF-NOSTEN,Myanmar,Full,ElasticNet,5,1,0.567175567150116,1
3231,RCN09420,1198-PF-METF-NOSTEN,Myanmar,Full,ElasticNet,5,0,0.4690121114253998,0
3232,RCN09421,1198-PF-METF-NOSTEN,Myanmar,Full,ElasticNet,5,0,0.5425068736076355,1
3233,RCN09423,1198-PF-METF-NOSTEN,Myanmar,Full,ElasticNet,5,0,0.26496559381484985,0
3234,RCN09424,1198-PF-METF-NOSTEN,Myanmar,Full,ElasticNet,5,0,0.2681993842124939,0
3235,RCN09425,1198-PF-METF-NOSTEN,Myanmar,Full,ElasticNet,5,0,0.2651078999042511,0
3236,RCN09426,1198-PF-METF-NOSTEN,Myanmar,Full,ElasticNet,5,0,0.2672518491744995,0
3237,RCN09427,1198-PF-METF-NOSTEN,Myanmar,Full,ElasticNet,5,0,0.2636506259441376,0
3238,RCN09428,1198-PF-METF-NOSTEN,Myanmar,Full,ElasticNet,5,0,0.26716679334640503,0
3239,RCN09433,1198-PF-METF-NOSTEN,Myanmar,Full,ElasticNet,5,0,0.21628150343894958,0
3240,RCN09435,1198-PF-METF-NOSTEN,Myanmar,Full,ElasticNet,5,1,0.7368864417076111,1
3241,RCN09436,1198-PF-METF-NOSTEN,Myanmar,Full,ElasticNet,5,1,0.3522607088088989,0
3242,RCN09439,1198-PF-METF-NOSTEN,Myanmar,Full,ElasticNet,5,1,0.5680750608444214,1
3243,RCN09440,1198-PF-METF-NOSTEN,Myanmar,Full,ElasticNet,5,0,0.5398526787757874,1
3244,RCN09441,1198-PF-METF-NOSTEN,Myanmar,Full,ElasticNet,5,0,0.8343062996864319,1
3245,RCN09443,1198-PF-METF-NOSTEN,Myanmar,Full,ElasticNet,5,0,0.26381388306617737,0
3246,RCN09446,1198-PF-METF-NOSTEN,Myanmar,Full,ElasticNet,5,0,0.5398312211036682,1
3247,RCN09451,1198-PF-METF-NOSTEN,Myanmar,Full,ElasticNet,5,0,0.19777627289295197,0
3248,RCN09454,1198-PF-METF-NOSTEN,Myanmar,Full,ElasticNet,5,1,0.5679717659950256,1
3249,RCN09458,1198-PF-METF-NOSTEN,Myanmar,Full,ElasticNet,5,0,0.6504175662994385,1
3250,RCN09460,1198-PF-METF-NOSTEN,Myanmar,Full,ElasticNet,5,0,0.16033993661403656,0
3251,RCN09462,1198-PF-METF-NOSTEN,Myanmar,Full,ElasticNet,5,0,0.5411680340766907,1
3252,RCN09463,1198-PF-METF-NOSTEN,Myanmar,Full,ElasticNet,5,0,0.26579350233078003,0
3253,RCN09464,1198-PF-METF-NOSTEN,Myanmar,Full,ElasticNet,5,0,0.35156121850013733,0
3254,RCN09466,1198-PF-METF-NOSTEN,Myanmar,Full,ElasticNet,5,1,0.37732720375061035,0
3255,RCN09467,1198-PF-METF-NOSTEN,Myanmar,Full,ElasticNet,5,1,0.6438229084014893,1
3256,RCN09472,1198-PF-METF-NOSTEN,Myanmar,Full,ElasticNet,5,1,0.5684464573860168,1
3257,RCN09475,1198-PF-METF-NOSTEN,Myanmar,Full,ElasticNet,5,0,0.3271311819553375,0
3258,RCN09477,1198-PF-METF-NOSTEN,Myanmar,Full,ElasticNet,5,1,0.899174153804779,1
3259,RCN09481,1198-PF-METF-NOSTEN,Myanmar,Full,ElasticNet,5,0,0.3282369375228882,0
3260,RCN09483,1198-PF-METF-NOSTEN,Myanmar,Full,ElasticNet,5,0,0.2655448317527771,0
3261,RCN09486,1198-PF-METF-NOSTEN,Myanmar,Full,ElasticNet,5,1,0.35939741134643555,0
3262,RCN09487,1198-PF-METF-NOSTEN,Myanmar,Full,ElasticNet,5,0,0.5425071716308594,1
3263,RCN09489,1198-PF-METF-NOSTEN,Myanmar,Full,ElasticNet,5,1,0.7289677262306213,1
3264,RCN09490,1198-PF-METF-NOSTEN,Myanmar,Full,ElasticNet,5,0,0.2660021185874939,0
3265,RCN09491,1198-PF-METF-NOSTEN,Myanmar,Full,ElasticNet,5,0,0.46776095032691956,0
3266,RCN09492,1198-PF-METF-NOSTEN,Myanmar,Full,ElasticNet,5,0,0.26576125621795654,0
3267,RCN09493,1198-PF-METF-NOSTEN,Myanmar,Full,ElasticNet,5,1,0.23074296116828918,0
3268,RCN09494,1198-PF-METF-NOSTEN,Myanmar,Full,ElasticNet,5,1,0.6451905369758606,1
3269,RCN09495,1198-PF-METF-NOSTEN,Myanmar,Full,ElasticNet,5,1,0.569262683391571,1
3270,RCN09501,1198-PF-METF-NOSTEN,Myanmar,Full,ElasticNet,5,1,0.6438226699829102,1
3271,RCN09503,1198-PF-METF-NOSTEN,Myanmar,Full,ElasticNet,5,1,0.35256484150886536,0
3272,RCN09504,1198-PF-METF-NOSTEN,Myanmar,Full,ElasticNet,5,1,0.3529273271560669,0
3273,RCN09505,1198-PF-METF-NOSTEN,Myanmar,Full,ElasticNet,5,1,0.3527730405330658,0
3274,RCN09506,1198-PF-METF-NOSTEN,Myanmar,Full,ElasticNet,5,1,0.4297714829444885,0
3275,RCN09507,1198-PF-METF-NOSTEN,Myanmar,Full,ElasticNet,5,1,0.5689377188682556,1
3276,RCN09509,1198-PF-METF-NOSTEN,Myanmar,Full,ElasticNet,5,1,0.64498370885849,1
3277,RCN09512,1198-PF-METF-NOSTEN,Myanmar,Full,ElasticNet,5,0,0.26422032713890076,0
3278,RCN09515,1198-PF-METF-NOSTEN,Myanmar,Full,ElasticNet,5,0,0.26607954502105713,0
3279,RCN09518,1198-PF-METF-NOSTEN,Myanmar,Full,ElasticNet,5,0,0.19080623984336853,0
3280,RCN09519,1198-PF-METF-NOSTEN,Myanmar,Full,ElasticNet,5,0,0.17546379566192627,0
3281,RCN09520,1198-PF-METF-NOSTEN,Myanmar,Full,ElasticNet,5,0,0.5394580364227295,1
3282,RCN09522,1198-PF-METF-NOSTEN,Myanmar,Full,ElasticNet,5,0,0.26296481490135193,0
3283,RCN09524,1198-PF-METF-NOSTEN,Myanmar,Full,ElasticNet,5,0,0.32691338658332825,0
3284,RCN09525,1198-PF-METF-NOSTEN,Myanmar,Full,ElasticNet,5,1,0.7368772625923157,1
3285,RCN09526,1198-PF-METF-NOSTEN,Myanmar,Full,ElasticNet,5,0,0.3825829327106476,0
3286,RCN09527,1198-PF-METF-NOSTEN,Myanmar,Full,ElasticNet,5,1,0.22934362292289734,0
3287,RCN09532,1198-PF-METF-NOSTEN,Myanmar,Full,ElasticNet,5,0,0.23128670454025269,0
3288,RCN09533,1198-PF-METF-NOSTEN,Myanmar,Full,ElasticNet,5,0,0.2657797038555145,0
3289,RCN09534,1198-PF-METF-NOSTEN,Myanmar,Full,ElasticNet,5,1,0.9073210954666138,1
3290,RCN09535,1198-PF-METF-NOSTEN,Myanmar,Full,ElasticNet,5,1,0.569038450717926,1
3291,RCN09536,1198-PF-METF-NOSTEN,Myanmar,Full,ElasticNet,5,1,0.6427755355834961,1
3292,RCN09537,1198-PF-METF-NOSTEN,Myanmar,Full,ElasticNet,5,1,0.642940104007721,1
3293,RCN09539,1198-PF-METF-NOSTEN,Myanmar,Full,ElasticNet,5,0,0.5381693243980408,1
3294,RCN09540,1198-PF-METF-NOSTEN,Myanmar,Full,ElasticNet,5,1,0.7352179288864136,1
3295,RCN09541,1198-PF-METF-NOSTEN,Myanmar,Full,ElasticNet,5,0,0.23127755522727966,0
3296,RCN09542,1198-PF-METF-NOSTEN,Myanmar,Full,ElasticNet,5,1,0.22780446708202362,0
3297,RCN09544,1198-PF-METF-NOSTEN,Myanmar,Full,ElasticNet,5,1,0.34991735219955444,0
3298,RCN09547,1198-PF-METF-NOSTEN,Myanmar,Full,ElasticNet,5,1,0.569864809513092,1
3299,RCN09549,1198-PF-METF-NOSTEN,Myanmar,Full,ElasticNet,5,1,0.738172709941864,1
3300,RCN09550,1198-PF-METF-NOSTEN,Myanmar,Full,ElasticNet,5,1,0.7368054986000061,1
3301,RCN09552,1198-PF-METF-NOSTEN,Myanmar,Full,ElasticNet,5,0,0.3478260338306427,0
3302,RCN09554,1198-PF-METF-NOSTEN,Myanmar,Full,ElasticNet,5,1,0.24795442819595337,0
3303,RCN09555,1198-PF-METF-NOSTEN,Myanmar,Full,ElasticNet,5,1,0.7540190815925598,1
3304,RCN09559,1198-PF-METF-NOSTEN,Myanmar,Full,ElasticNet,5,0,0.2885308563709259,0
3305,RCN09560,1198-PF-METF-NOSTEN,Myanmar,Full,ElasticNet,5,0,0.7583420276641846,1
3306,RCN09561,1198-PF-METF-NOSTEN,Myanmar,Full,ElasticNet,5,1,0.646795928478241,1
3307,RCN09562,1198-PF-METF-NOSTEN,Myanmar,Full,ElasticNet,5,0,0.3795035481452942,0
3308,RCN09565,1198-PF-METF-NOSTEN,Myanmar,Full,ElasticNet,5,1,0.7536423802375793,1
3309,RCN09566,1198-PF-METF-NOSTEN,Myanmar,Full,ElasticNet,5,0,0.6940004825592041,1
3310,RCN09567,1198-PF-METF-NOSTEN,Myanmar,Full,ElasticNet,5,1,0.24911941587924957,0
3311,RCN09568,1198-PF-METF-NOSTEN,Myanmar,Full,ElasticNet,5,1,0.6678522229194641,1
3312,RCN09569,1198-PF-METF-NOSTEN,Myanmar,Full,ElasticNet,5,1,0.37863558530807495,0
3313,RCN09570,1198-PF-METF-NOSTEN,Myanmar,Full,ElasticNet,5,1,0.752700686454773,1
3314,RCN09571,1198-PF-METF-NOSTEN,Myanmar,Full,ElasticNet,5,1,0.647901713848114,1
3315,RCN09572,1198-PF-METF-NOSTEN,Myanmar,Full,ElasticNet,5,1,0.2504127621650696,0
3316,RCN09574,1198-PF-METF-NOSTEN,Myanmar,Full,ElasticNet,5,1,0.7362467050552368,1
3317,RCN09575,1198-PF-METF-NOSTEN,Myanmar,Full,ElasticNet,5,1,0.38108503818511963,0
3318,RCN09577,1198-PF-METF-NOSTEN,Myanmar,Full,ElasticNet,5,1,0.25045648217201233,0
3319,RCN09578,1198-PF-METF-NOSTEN,Myanmar,Full,ElasticNet,5,1,0.6693271994590759,1
3320,RCN09580,1198-PF-METF-NOSTEN,Myanmar,Full,ElasticNet,5,1,0.4335629940032959,0
3321,RCN09581,1198-PF-METF-NOSTEN,Myanmar,Full,ElasticNet,5,1,0.3811497092247009,0
3322,RCN09582,1198-PF-METF-NOSTEN,Myanmar,Full,ElasticNet,5,1,0.24920232594013214,0
3323,RCN09584,1198-PF-METF-NOSTEN,Myanmar,Full,ElasticNet,5,1,0.24930338561534882,0
3324,RCN09585,1198-PF-METF-NOSTEN,Myanmar,Full,ElasticNet,5,1,0.6696206331253052,1
3325,RCN09586,1198-PF-METF-NOSTEN,Myanmar,Full,ElasticNet,5,0,0.37884625792503357,0
3326,RCN09587,1198-PF-METF-NOSTEN,Myanmar,Full,ElasticNet,5,1,0.22938968241214752,0
3327,RCN09588,1198-PF-METF-NOSTEN,Myanmar,Full,ElasticNet,5,0,0.5422000885009766,1
3328,RCN09589,1198-PF-METF-NOSTEN,Myanmar,Full,ElasticNet,5,1,0.22930370271205902,0
3329,RCN09590,1198-PF-METF-NOSTEN,Myanmar,Full,ElasticNet,5,1,0.22981658577919006,0
3330,RCN09592,1198-PF-METF-NOSTEN,Myanmar,Full,ElasticNet,5,1,0.3584606349468231,0
3331,RCN09594,1198-PF-METF-NOSTEN,Myanmar,Full,ElasticNet,5,1,0.35398826003074646,0
3332,RCN09596,1198-PF-METF-NOSTEN,Myanmar,Full,ElasticNet,5,0,0.26446786522865295,0
3333,RCN09597,1198-PF-METF-NOSTEN,Myanmar,Full,ElasticNet,5,0,0.2643654942512512,0
3334,RCN09599,1198-PF-METF-NOSTEN,Myanmar,Full,ElasticNet,5,0,0.5048896074295044,1
3335,RCN09600,1198-PF-METF-NOSTEN,Myanmar,Full,ElasticNet,5,0,0.3262619972229004,0
3336,RCN09602,1198-PF-METF-NOSTEN,Myanmar,Full,ElasticNet,5,1,0.35119321942329407,0
3337,RCN09607,1198-PF-METF-NOSTEN,Myanmar,Full,ElasticNet,5,1,0.6699085235595703,1
3338,RCN09610,1198-PF-METF-NOSTEN,Myanmar,Full,ElasticNet,5,1,0.7363852262496948,1
3339,RCN09611,1198-PF-METF-NOSTEN,Myanmar,Full,ElasticNet,5,1,0.22912892699241638,0
3340,RCN09613,1198-PF-METF-NOSTEN,Myanmar,Full,ElasticNet,5,0,0.5390520691871643,1
3341,RCN09614,1198-PF-METF-NOSTEN,Myanmar,Full,ElasticNet,5,0,0.5388543009757996,1
3342,RCN09615,1198-PF-METF-NOSTEN,Myanmar,Full,ElasticNet,5,1,0.3539428412914276,0
3343,RCN09616,1198-PF-METF-NOSTEN,Myanmar,Full,ElasticNet,5,1,0.5684326887130737,1
3344,RCN09617,1198-PF-METF-NOSTEN,Myanmar,Full,ElasticNet,5,1,0.56878662109375,1
3345,RCN09619,1198-PF-METF-NOSTEN,Myanmar,Full,ElasticNet,5,1,0.4147357642650604,0
3346,RCN09621,1198-PF-METF-NOSTEN,Myanmar,Full,ElasticNet,5,0,0.266133189201355,0
3347,RCN09622,1198-PF-METF-NOSTEN,Myanmar,Full,ElasticNet,5,0,0.5483493804931641,1
3348,RCN09624,1198-PF-METF-NOSTEN,Myanmar,Full,ElasticNet,5,1,0.6135818958282471,1
3349,RCN09625,1198-PF-METF-NOSTEN,Myanmar,Full,ElasticNet,5,1,0.2288663238286972,0
3350,RCN09628,1198-PF-METF-NOSTEN,Myanmar,Full,ElasticNet,5,1,0.35319966077804565,0
3351,RCN09630,1198-PF-METF-NOSTEN,Myanmar,Full,ElasticNet,5,1,0.6275341510772705,1
3352,RCN09631,1198-PF-METF-NOSTEN,Myanmar,Full,ElasticNet,5,0,0.30346623063087463,0
3353,RCN09633,1198-PF-METF-NOSTEN,Myanmar,Full,ElasticNet,5,0,0.8105464577674866,1
3354,RCN09636,1198-PF-METF-NOSTEN,Myanmar,Full,ElasticNet,5,1,0.2299807071685791,0
3355,RCN09637,1198-PF-METF-NOSTEN,Myanmar,Full,ElasticNet,5,0,0.3138962686061859,0
3356,RCN09638,1198-PF-METF-NOSTEN,Myanmar,Full,ElasticNet,5,1,0.38407760858535767,0
3357,RCN09639,1198-PF-METF-NOSTEN,Myanmar,Full,ElasticNet,5,0,0.7658645510673523,1
3358,RCN09640,1198-PF-METF-NOSTEN,Myanmar,Full,ElasticNet,5,0,0.2666017711162567,0
3359,RCN09641,1198-PF-METF-NOSTEN,Myanmar,Full,ElasticNet,5,0,0.2655743658542633,0
3360,RCN09644,1198-PF-METF-NOSTEN,Myanmar,Full,ElasticNet,5,1,0.35373806953430176,0
3361,RCN09647,1198-PF-METF-NOSTEN,Myanmar,Full,ElasticNet,5,0,0.22943153977394104,0
3362,RCN09649,1198-PF-METF-NOSTEN,Myanmar,Full,ElasticNet,5,0,0.5050670504570007,1
3363,RCN09652,1198-PF-METF-NOSTEN,Myanmar,Full,ElasticNet,5,1,0.519677460193634,1
3364,RCN09653,1198-PF-METF-NOSTEN,Myanmar,Full,ElasticNet,5,1,0.35559922456741333,0
3365,RCN09654,1198-PF-METF-NOSTEN,Myanmar,Full,ElasticNet,5,1,0.3537639081478119,0
3366,RCN09655,1198-PF-METF-NOSTEN,Myanmar,Full,ElasticNet,5,1,0.7880695462226868,1
3367,RCN09656,1198-PF-METF-NOSTEN,Myanmar,Full,ElasticNet,5,1,0.24985095858573914,0
3368,RCN09657,1198-PF-METF-NOSTEN,Myanmar,Full,ElasticNet,5,1,0.4475576877593994,0
3369,RCN09658,1198-PF-METF-NOSTEN,Myanmar,Full,ElasticNet,5,1,0.37729448080062866,0
3370,RCN09662,1198-PF-METF-NOSTEN,Myanmar,Full,ElasticNet,5,0,0.5680832266807556,1
3371,RCN09663,1198-PF-METF-NOSTEN,Myanmar,Full,ElasticNet,5,0,0.32731539011001587,0
3372,RCN09664,1198-PF-METF-NOSTEN,Myanmar,Full,ElasticNet,5,0,0.352582186460495,0
3373,RCN09666,1198-PF-METF-NOSTEN,Myanmar,Full,ElasticNet,5,0,0.40808096528053284,0
3374,RCN09667,1198-PF-METF-NOSTEN,Myanmar,Full,ElasticNet,5,1,0.6674186587333679,1
3375,RCN09668,1198-PF-METF-NOSTEN,Myanmar,Full,ElasticNet,5,1,0.3780589997768402,0
3376,RCN09669,1198-PF-METF-NOSTEN,Myanmar,Full,ElasticNet,5,0,0.3519834578037262,0
3377,RCN09670,1198-PF-METF-NOSTEN,Myanmar,Full,ElasticNet,5,0,0.3508342206478119,0
3378,RCN09671,1198-PF-METF-NOSTEN,Myanmar,Full,ElasticNet,5,1,0.3778006136417389,0
3379,RCN09673,1198-PF-METF-NOSTEN,Myanmar,Full,ElasticNet,5,0,0.3752991557121277,0
3380,RCN09677,1198-PF-METF-NOSTEN,Myanmar,Full,ElasticNet,5,1,0.377760112285614,0
3381,RCN09678,1198-PF-METF-NOSTEN,Myanmar,Full,ElasticNet,5,1,0.5909770131111145,1
3382,RCN09680,1198-PF-METF-NOSTEN,Myanmar,Full,ElasticNet,5,0,0.37444087862968445,0
3383,RCN09681,1198-PF-METF-NOSTEN,Myanmar,Full,ElasticNet,5,0,0.3508831262588501,0
3384,RCN09683,1198-PF-METF-NOSTEN,Myanmar,Full,ElasticNet,5,0,0.5299248695373535,1
3385,RCN09684,1198-PF-METF-NOSTEN,Myanmar,Full,ElasticNet,5,0,0.3511325418949127,0
3386,RCN09685,1198-PF-METF-NOSTEN,Myanmar,Full,ElasticNet,5,0,0.17142939567565918,0
3387,RCN09687,1198-PF-METF-NOSTEN,Myanmar,Full,ElasticNet,5,1,0.24987013638019562,0
3388,RCN09689,1198-PF-METF-NOSTEN,Myanmar,Full,ElasticNet,5,1,0.3774777948856354,0
3389,RCN09690,1198-PF-METF-NOSTEN,Myanmar,Full,ElasticNet,5,0,0.3498295843601227,0
3390,RCN09694,1198-PF-METF-NOSTEN,Myanmar,Full,ElasticNet,5,1,0.38421228528022766,0
3391,RCN09695,1198-PF-METF-NOSTEN,Myanmar,Full,ElasticNet,5,0,0.6964302062988281,1
3392,RCN09696,1198-PF-METF-NOSTEN,Myanmar,Full,ElasticNet,5,1,0.8840236067771912,1
3393,RCN09699,1198-PF-METF-NOSTEN,Myanmar,Full,ElasticNet,5,0,0.2893125116825104,0
3394,RCN09700,1198-PF-METF-NOSTEN,Myanmar,Full,ElasticNet,5,1,0.7540270686149597,1
3395,RCN09701,1198-PF-METF-NOSTEN,Myanmar,Full,ElasticNet,5,0,0.3517969250679016,0
3396,RCN09702,1198-PF-METF-NOSTEN,Myanmar,Full,ElasticNet,5,0,0.4604376256465912,0
3397,RCN09703,1198-PF-METF-NOSTEN,Myanmar,Full,ElasticNet,5,1,0.5927146673202515,1
3398,RCN09704,1198-PF-METF-NOSTEN,Myanmar,Full,ElasticNet,5,1,0.5952516794204712,1
3399,RCN09705,1198-PF-METF-NOSTEN,Myanmar,Full,ElasticNet,5,0,0.6923544406890869,1
3400,RCN09708,1198-PF-METF-NOSTEN,Myanmar,Full,ElasticNet,5,0,0.19218957424163818,0
3401,RCN09709,1198-PF-METF-NOSTEN,Myanmar,Full,ElasticNet,5,1,0.2484186291694641,0
3402,RCN09710,1198-PF-METF-NOSTEN,Myanmar,Full,ElasticNet,5,1,0.6697012782096863,1
3403,RCN09711,1198-PF-METF-NOSTEN,Myanmar,Full,ElasticNet,5,0,0.2862868905067444,0
3404,RCN09712,1198-PF-METF-NOSTEN,Myanmar,Full,ElasticNet,5,1,0.377727210521698,0
3405,RCN09713,1198-PF-METF-NOSTEN,Myanmar,Full,ElasticNet,5,0,0.3519607186317444,0
3406,RCN09714,1198-PF-METF-NOSTEN,Myanmar,Full,ElasticNet,5,0,0.10777285695075989,0
3407,RCN09715,1198-PF-METF-NOSTEN,Myanmar,Full,ElasticNet,5,1,0.7533911466598511,1
3408,RCN09716,1198-PF-METF-NOSTEN,Myanmar,Full,ElasticNet,5,1,0.9471835494041443,1
3409,RCN09717,1198-PF-METF-NOSTEN,Myanmar,Full,ElasticNet,5,0,0.24698202311992645,0
3410,RCN09718,1198-PF-METF-NOSTEN,Myanmar,Full,ElasticNet,5,1,0.5938317179679871,1
3411,RCN09719,1198-PF-METF-NOSTEN,Myanmar,Full,ElasticNet,5,0,0.3779386878013611,0
3412,RCN09720,1198-PF-METF-NOSTEN,Myanmar,Full,ElasticNet,5,1,0.3772217035293579,0
3413,RCN09721,1198-PF-METF-NOSTEN,Myanmar,Full,ElasticNet,5,0,0.40867385268211365,0
3414,RCN09722,1198-PF-METF-NOSTEN,Myanmar,Full,ElasticNet,5,0,0.40749573707580566,0
3415,RCN09723,1198-PF-METF-NOSTEN,Myanmar,Full,ElasticNet,5,0,0.5289586782455444,1
3416,RCN09725,1198-PF-METF-NOSTEN,Myanmar,Full,ElasticNet,5,0,0.5287811160087585,1
3417,RCN09726,1198-PF-METF-NOSTEN,Myanmar,Full,ElasticNet,5,1,0.668319046497345,1
3418,RCN09728,1198-PF-METF-NOSTEN,Myanmar,Full,ElasticNet,5,1,0.7540339231491089,1
3419,RCN09729,1198-PF-METF-NOSTEN,Myanmar,Full,ElasticNet,5,1,0.25021904706954956,0
3420,RCN09734,1198-PF-METF-NOSTEN,Myanmar,Full,ElasticNet,5,0,0.40848249197006226,0
3421,RCN09735,1198-PF-METF-NOSTEN,Myanmar,Full,ElasticNet,5,1,0.24923186004161835,0
3422,RCN09736,1198-PF-METF-NOSTEN,Myanmar,Full,ElasticNet,5,1,0.24885129928588867,0
3423,RCN09737,1198-PF-METF-NOSTEN,Myanmar,Full,ElasticNet,5,0,0.3510502278804779,0
3424,RCN09738,1198-PF-METF-NOSTEN,Myanmar,Full,ElasticNet,5,1,0.7534064054489136,1
3425,RCN09740,1198-PF-METF-NOSTEN,Myanmar,Full,ElasticNet,5,1,0.43757039308547974,0
3426,RCN09743,1198-PF-METF-NOSTEN,Myanmar,Full,ElasticNet,5,0,0.6940994262695312,1
3427,RCN09744,1198-PF-METF-NOSTEN,Myanmar,Full,ElasticNet,5,1,0.2489798665046692,0
3428,RCN09745,1198-PF-METF-NOSTEN,Myanmar,Full,ElasticNet,5,1,0.6692671179771423,1
3429,RCN09746,1198-PF-METF-NOSTEN,Myanmar,Full,ElasticNet,5,0,0.6201248168945312,1
3430,RCN09748,1198-PF-METF-NOSTEN,Myanmar,Full,ElasticNet,5,0,0.3505195379257202,0
3431,RCN09749,1198-PF-METF-NOSTEN,Myanmar,Full,ElasticNet,5,0,0.28916284441947937,0
3432,RCN09751,1198-PF-METF-NOSTEN,Myanmar,Full,ElasticNet,5,1,0.35065045952796936,0
3433,RCN09753,1198-PF-METF-NOSTEN,Myanmar,Full,ElasticNet,5,1,0.3771046996116638,0
3434,RCN09756,1198-PF-METF-NOSTEN,Myanmar,Full,ElasticNet,5,1,0.24867776036262512,0
3435,RCN09757,1198-PF-METF-NOSTEN,Myanmar,Full,ElasticNet,5,0,0.3737851083278656,0
3436,RCN09759,1198-PF-METF-NOSTEN,Myanmar,Full,ElasticNet,5,0,0.8671996593475342,1
3437,RCN09760,1198-PF-METF-NOSTEN,Myanmar,Full,ElasticNet,5,1,0.37210214138031006,0
3438,RCN09761,1198-PF-METF-NOSTEN,Myanmar,Full,ElasticNet,5,0,0.3521539866924286,0
3439,RCN09763,1198-PF-METF-NOSTEN,Myanmar,Full,ElasticNet,5,0,0.3519764542579651,0
3440,RCN09764,1198-PF-METF-NOSTEN,Myanmar,Full,ElasticNet,5,0,0.3522029519081116,0
3441,RCN09765,1198-PF-METF-NOSTEN,Myanmar,Full,ElasticNet,5,0,0.373421847820282,0
3442,RCN09767,1198-PF-METF-NOSTEN,Myanmar,Full,ElasticNet,5,0,0.5639265775680542,1
3443,RCN09768,1198-PF-METF-NOSTEN,Myanmar,Full,ElasticNet,5,0,0.5027858018875122,1
3444,RCN09771,1198-PF-METF-NOSTEN,Myanmar,Full,ElasticNet,5,0,0.37871116399765015,0
3445,RCN09772,1198-PF-METF-NOSTEN,Myanmar,Full,ElasticNet,5,0,0.20517171919345856,0
3446,RCN09773,1198-PF-METF-NOSTEN,Myanmar,Full,ElasticNet,5,0,0.4273618161678314,0
3447,RCN09774,1198-PF-METF-NOSTEN,Myanmar,Full,ElasticNet,5,1,0.3523208796977997,0
3448,RCN09776,1198-PF-METF-NOSTEN,Myanmar,Full,ElasticNet,5,1,0.4514048993587494,0
3449,RCN09777,1198-PF-METF-NOSTEN,Myanmar,Full,ElasticNet,5,0,0.672677218914032,1
3450,RCN09780,1198-PF-METF-NOSTEN,Myanmar,Full,ElasticNet,5,1,0.2482035905122757,0
3451,RCN09782,1198-PF-METF-NOSTEN,Myanmar,Full,ElasticNet,5,0,0.34283339977264404,0
3452,RCN09783,1198-PF-METF-NOSTEN,Myanmar,Full,ElasticNet,5,1,0.7560036778450012,1
3453,RCN09784,1198-PF-METF-NOSTEN,Myanmar,Full,ElasticNet,5,0,0.3535497486591339,0
3454,RCN09785,1198-PF-METF-NOSTEN,Myanmar,Full,ElasticNet,5,0,0.3749171495437622,0
3455,RCN09786,1198-PF-METF-NOSTEN,Myanmar,Full,ElasticNet,5,0,0.3760344982147217,0
3456,RCN09787,1198-PF-METF-NOSTEN,Myanmar,Full,ElasticNet,5,1,0.5938461422920227,1
3457,RCN09788,1198-PF-METF-NOSTEN,Myanmar,Full,ElasticNet,5,1,0.7530396580696106,1
3458,RCN09791,1198-PF-METF-NOSTEN,Myanmar,Full,ElasticNet,5,0,0.6939296722412109,1
3459,RCN09792,1198-PF-METF-NOSTEN,Myanmar,Full,ElasticNet,5,1,0.7590920925140381,1
3460,RCN09793,1198-PF-METF-NOSTEN,Myanmar,Full,ElasticNet,5,0,0.5689661502838135,1
3461,RCN09794,1198-PF-METF-NOSTEN,Myanmar,Full,ElasticNet,5,0,0.8900438547134399,1
3462,RCN09796,1198-PF-METF-NOSTEN,Myanmar,Full,ElasticNet,5,0,0.35299205780029297,0
3463,RCN09798,1198-PF-METF-NOSTEN,Myanmar,Full,ElasticNet,5,1,0.5948408246040344,1
3464,RCN09800,1198-PF-METF-NOSTEN,Myanmar,Full,ElasticNet,5,1,0.46420809626579285,0
3465,RCN09805,1198-PF-METF-NOSTEN,Myanmar,Full,ElasticNet,5,0,0.26355066895484924,0
3466,RCN09809,1198-PF-METF-NOSTEN,Myanmar,Full,ElasticNet,5,1,0.3770882785320282,0
3467,RCN09811,1198-PF-METF-NOSTEN,Myanmar,Full,ElasticNet,5,1,0.3514546751976013,0
3468,RCN09812,1198-PF-METF-NOSTEN,Myanmar,Full,ElasticNet,5,1,0.695245087146759,1
3469,RCN09813,1198-PF-METF-NOSTEN,Myanmar,Full,ElasticNet,5,0,0.6190348267555237,1
3470,RCN09816,1198-PF-METF-NOSTEN,Myanmar,Full,ElasticNet,5,1,0.4572993218898773,0
3471,RCN09818,1198-PF-METF-NOSTEN,Myanmar,Full,ElasticNet,5,1,0.2500523626804352,0
3472,RCN09819,1198-PF-METF-NOSTEN,Myanmar,Full,ElasticNet,5,0,0.28499650955200195,0
3473,RCN09820,1198-PF-METF-NOSTEN,Myanmar,Full,ElasticNet,5,0,0.351100891828537,0
3474,RCN09823,1198-PF-METF-NOSTEN,Myanmar,Full,ElasticNet,5,1,0.7540061473846436,1
3475,RCN09825,1198-PF-METF-NOSTEN,Myanmar,Full,ElasticNet,5,0,0.5305336117744446,1
3476,RCN09826,1198-PF-METF-NOSTEN,Myanmar,Full,ElasticNet,5,1,0.6675034761428833,1
3477,RCN09827,1198-PF-METF-NOSTEN,Myanmar,Full,ElasticNet,5,0,0.8316130638122559,1
3478,RCN09828,1198-PF-METF-NOSTEN,Myanmar,Full,ElasticNet,5,1,0.3847183287143707,0
3479,RCN09829,1198-PF-METF-NOSTEN,Myanmar,Full,ElasticNet,5,1,0.5940715670585632,1
3480,RCN09832,1198-PF-METF-NOSTEN,Myanmar,Full,ElasticNet,5,1,0.3851088583469391,0
3481,RCN09834,1198-PF-METF-NOSTEN,Myanmar,Full,ElasticNet,5,0,0.28450310230255127,0
3482,RCN09835,1198-PF-METF-NOSTEN,Myanmar,Full,ElasticNet,5,1,0.24813257157802582,0
3483,RCN09836,1198-PF-METF-NOSTEN,Myanmar,Full,ElasticNet,5,1,0.3810562789440155,0
3484,RCN09837,1198-PF-METF-NOSTEN,Myanmar,Full,ElasticNet,5,1,0.5946387052536011,1
3485,RCN09839,1198-PF-METF-NOSTEN,Myanmar,Full,ElasticNet,5,1,0.35083070397377014,0
3486,RCN09842,1198-PF-METF-NOSTEN,Myanmar,Full,ElasticNet,5,1,0.2495795488357544,0
3487,RCN09845,1198-PF-METF-NOSTEN,Myanmar,Full,ElasticNet,5,1,0.3771497309207916,0
3488,RCN09847,1198-PF-METF-NOSTEN,Myanmar,Full,ElasticNet,5,1,0.5505019426345825,1
3489,RCN09850,1198-PF-METF-NOSTEN,Myanmar,Full,ElasticNet,5,1,0.3509785532951355,0
3490,RCN09851,1198-PF-METF-NOSTEN,Myanmar,Full,ElasticNet,5,0,0.3813820779323578,0
3491,RCN09852,1198-PF-METF-NOSTEN,Myanmar,Full,ElasticNet,5,1,0.25098365545272827,0
3492,RCN09853,1198-PF-METF-NOSTEN,Myanmar,Full,ElasticNet,5,0,0.5655469298362732,1
3493,RCN09854,1198-PF-METF-NOSTEN,Myanmar,Full,ElasticNet,5,1,0.6655769348144531,1
3494,RCN09855,1198-PF-METF-NOSTEN,Myanmar,Full,ElasticNet,5,1,0.2486039102077484,0
3495,RCN09856,1198-PF-METF-NOSTEN,Myanmar,Full,ElasticNet,5,0,0.3753361701965332,0
3496,RCN09857,1198-PF-METF-NOSTEN,Myanmar,Full,ElasticNet,5,1,0.7442650198936462,1
3497,RCN09863,1198-PF-METF-NOSTEN,Myanmar,Full,ElasticNet,5,0,0.641895055770874,1
3498,RCN09864,1198-PF-METF-NOSTEN,Myanmar,Full,ElasticNet,5,1,0.5607010722160339,1
3499,RCN09865,1198-PF-METF-NOSTEN,Myanmar,Full,ElasticNet,5,1,0.32719555497169495,0
3500,RCN09868,1198-PF-METF-NOSTEN,Myanmar,Full,ElasticNet,5,1,0.8500506281852722,1
3501,RCN09874,1198-PF-METF-NOSTEN,Myanmar,Full,ElasticNet,5,0,0.7219961285591125,1
3502,RCN09878,1198-PF-METF-NOSTEN,Myanmar,Full,ElasticNet,5,0,0.3765166103839874,0
3503,RCN09880,1198-PF-METF-NOSTEN,Myanmar,Full,ElasticNet,5,0,0.3852771520614624,0
3504,RCN09881,1198-PF-METF-NOSTEN,Myanmar,Full,ElasticNet,5,1,0.2508578598499298,0
3505,RCN09884,1198-PF-METF-NOSTEN,Myanmar,Full,ElasticNet,5,1,0.860305905342102,1
3506,RCN09888,1198-PF-METF-NOSTEN,Myanmar,Full,ElasticNet,5,0,0.5657358765602112,1
3507,RCN09889,1198-PF-METF-NOSTEN,Myanmar,Full,ElasticNet,5,0,0.35062265396118164,0
3508,RCN09890,1198-PF-METF-NOSTEN,Myanmar,Full,ElasticNet,5,1,0.4516650140285492,0
3509,RCN09892,1198-PF-METF-NOSTEN,Myanmar,Full,ElasticNet,5,0,0.3520582616329193,0
3510,RCN09893,1198-PF-METF-NOSTEN,Myanmar,Full,ElasticNet,5,1,0.6672150492668152,1
3511,RCN09894,1198-PF-METF-NOSTEN,Myanmar,Full,ElasticNet,5,1,0.8601523041725159,1
3512,RCN09895,1198-PF-METF-NOSTEN,Myanmar,Full,ElasticNet,5,1,0.2077343910932541,0
3513,RCN09898,1198-PF-METF-NOSTEN,Myanmar,Full,ElasticNet,5,1,0.37841102480888367,0
3514,RCN09899,1198-PF-METF-NOSTEN,Myanmar,Full,ElasticNet,5,0,0.3791716992855072,0
3515,RCN09900,1198-PF-METF-NOSTEN,Myanmar,Full,ElasticNet,5,1,0.886725902557373,1
3516,RCN09901,1198-PF-METF-NOSTEN,Myanmar,Full,ElasticNet,5,1,0.8868540525436401,1
3517,RCN09902,1198-PF-METF-NOSTEN,Myanmar,Full,ElasticNet,5,1,0.8866052031517029,1
3518,RCN09904,1198-PF-METF-NOSTEN,Myanmar,Full,ElasticNet,5,1,0.4557085335254669,0
3519,RCN09905,1198-PF-METF-NOSTEN,Myanmar,Full,ElasticNet,5,1,0.45187628269195557,0
3520,RCN09906,1198-PF-METF-NOSTEN,Myanmar,Full,ElasticNet,5,0,0.37804144620895386,0
3521,RCN09907,1198-PF-METF-NOSTEN,Myanmar,Full,ElasticNet,5,0,0.374815970659256,0
3522,RCN09908,1198-PF-METF-NOSTEN,Myanmar,Full,ElasticNet,5,1,0.7538935542106628,1
3523,RCN09910,1198-PF-METF-NOSTEN,Myanmar,Full,ElasticNet,5,0,0.3764338195323944,0
3524,RCN09911,1198-PF-METF-NOSTEN,Myanmar,Full,ElasticNet,5,1,0.4549732208251953,0
3525,RCN09912,1198-PF-METF-NOSTEN,Myanmar,Full,ElasticNet,5,0,0.3756018280982971,0
3526,RCN09913,1198-PF-METF-NOSTEN,Myanmar,Full,ElasticNet,5,1,0.24895626306533813,0
3527,RCN09914,1198-PF-METF-NOSTEN,Myanmar,Full,ElasticNet,5,0,0.3759916424751282,0
3528,RCN09915,1198-PF-METF-NOSTEN,Myanmar,Full,ElasticNet,5,1,0.25115296244621277,0
3529,RCN09916,1198-PF-METF-NOSTEN,Myanmar,Full,ElasticNet,5,1,0.2509920597076416,0
3530,RCN09919,1198-PF-METF-NOSTEN,Myanmar,Full,ElasticNet,5,1,0.6964740753173828,1
3531,RCN09920,1198-PF-METF-NOSTEN,Myanmar,Full,ElasticNet,5,1,0.4525744616985321,0
3532,RCN09921,1198-PF-METF-NOSTEN,Myanmar,Full,ElasticNet,5,1,0.2510453164577484,0
3533,RCN09922,1198-PF-METF-NOSTEN,Myanmar,Full,ElasticNet,5,0,0.3790847063064575,0
3534,RCN09923,1198-PF-METF-NOSTEN,Myanmar,Full,ElasticNet,5,1,0.7491028308868408,1
3535,RCN09924,1198-PF-METF-NOSTEN,Myanmar,Full,ElasticNet,5,1,0.2510116398334503,0
3536,RCN09925,1198-PF-METF-NOSTEN,Myanmar,Full,ElasticNet,5,0,0.288309246301651,0
3537,RCN09926,1198-PF-METF-NOSTEN,Myanmar,Full,ElasticNet,5,1,0.25103092193603516,0
3538,RCN09927,1198-PF-METF-NOSTEN,Myanmar,Full,ElasticNet,5,1,0.25078609585762024,0
3539,RCN09928,1198-PF-METF-NOSTEN,Myanmar,Full,ElasticNet,5,1,0.7533171772956848,1
3540,RCN09929,1198-PF-METF-NOSTEN,Myanmar,Full,ElasticNet,5,0,0.6676583886146545,1
3541,RCN09930,1198-PF-METF-NOSTEN,Myanmar,Full,ElasticNet,5,0,0.38055965304374695,0
3542,RCN09931,1198-PF-METF-NOSTEN,Myanmar,Full,ElasticNet,5,0,0.377459853887558,0
3543,RCN09932,1198-PF-METF-NOSTEN,Myanmar,Full,ElasticNet,5,0,0.5975797176361084,1
3544,RCN09933,1198-PF-METF-NOSTEN,Myanmar,Full,ElasticNet,5,0,0.1300174742937088,0
3545,RCN09934,1198-PF-METF-NOSTEN,Myanmar,Full,ElasticNet,5,1,0.4523894190788269,0
3546,RCN09935,1198-PF-METF-NOSTEN,Myanmar,Full,ElasticNet,5,1,0.6946640014648438,1
3547,RCN09936,1198-PF-METF-NOSTEN,Myanmar,Full,ElasticNet,5,1,0.5940343141555786,1
3548,RCN09939,1198-PF-METF-NOSTEN,Myanmar,Full,ElasticNet,5,1,0.2481500506401062,0
3549,RCN09940,1198-PF-METF-NOSTEN,Myanmar,Full,ElasticNet,5,0,0.2881539762020111,0
3550,RCN09941,1198-PF-METF-NOSTEN,Myanmar,Full,ElasticNet,5,1,0.7544881701469421,1
3551,RCN09942,1198-PF-METF-NOSTEN,Myanmar,Full,ElasticNet,5,0,0.3767155110836029,0
3552,RCN09943,1198-PF-METF-NOSTEN,Myanmar,Full,ElasticNet,5,1,0.25102946162223816,0
3553,RCN09944,1198-PF-METF-NOSTEN,Myanmar,Full,ElasticNet,5,1,0.3497217893600464,0
3554,RCN09945,1198-PF-METF-NOSTEN,Myanmar,Full,ElasticNet,5,0,0.2513364255428314,0
3555,RCN09946,1198-PF-METF-NOSTEN,Myanmar,Full,ElasticNet,5,0,0.38528263568878174,0
3556,RCN09948,1198-PF-METF-NOSTEN,Myanmar,Full,ElasticNet,5,1,0.4507144093513489,0
3557,RCN09950,1198-PF-METF-NOSTEN,Myanmar,Full,ElasticNet,5,0,0.835021436214447,1
3558,RCN09951,1198-PF-METF-NOSTEN,Myanmar,Full,ElasticNet,5,1,0.5942895412445068,1
3559,RCN09952,1198-PF-METF-NOSTEN,Myanmar,Full,ElasticNet,5,1,0.594695508480072,1
3560,RCN09953,1198-PF-METF-NOSTEN,Myanmar,Full,ElasticNet,5,1,0.5341148376464844,1
3561,RCN09954,1198-PF-METF-NOSTEN,Myanmar,Full,ElasticNet,5,1,0.3754703998565674,0
3562,RCN09955,1198-PF-METF-NOSTEN,Myanmar,Full,ElasticNet,5,0,0.2147018164396286,0
3563,RCN09956,1198-PF-METF-NOSTEN,Myanmar,Full,ElasticNet,5,1,0.596190333366394,1
3564,RCN09958,1198-PF-METF-NOSTEN,Myanmar,Full,ElasticNet,5,0,0.5681512951850891,1
3565,RCN09959,1198-PF-METF-NOSTEN,Myanmar,Full,ElasticNet,5,1,0.24902693927288055,0
3566,RCN09960,1198-PF-METF-NOSTEN,Myanmar,Full,ElasticNet,5,1,0.25087597966194153,0
3567,RCN09961,1198-PF-METF-NOSTEN,Myanmar,Full,ElasticNet,5,1,0.25093328952789307,0
3568,RCN09962,1198-PF-METF-NOSTEN,Myanmar,Full,ElasticNet,5,1,0.5941896438598633,1
3569,RCN09963,1198-PF-METF-NOSTEN,Myanmar,Full,ElasticNet,5,1,0.6928414106369019,1
3570,RCN09964,1198-PF-METF-NOSTEN,Myanmar,Full,ElasticNet,5,1,0.6952495574951172,1
3571,RCN09965,1198-PF-METF-NOSTEN,Myanmar,Full,ElasticNet,5,1,0.2510542571544647,0
3572,RCN09967,1198-PF-METF-NOSTEN,Myanmar,Full,ElasticNet,5,1,0.2504168748855591,0
3573,RCN09969,1198-PF-METF-NOSTEN,Myanmar,Full,ElasticNet,5,1,0.8601586818695068,1
3574,RCN09970,1198-PF-METF-NOSTEN,Myanmar,Full,ElasticNet,5,1,0.5679959058761597,1
3575,RCN09973,1198-PF-METF-NOSTEN,Myanmar,Full,ElasticNet,5,1,0.6680818200111389,1
3576,RCN09974,1198-PF-METF-NOSTEN,Myanmar,Full,ElasticNet,5,1,0.5945754647254944,1
3577,RCN09978,1198-PF-METF-NOSTEN,Myanmar,Full,ElasticNet,5,1,0.5940350890159607,1
3578,RCN09979,1198-PF-METF-NOSTEN,Myanmar,Full,ElasticNet,5,1,0.3762560784816742,0
3579,RCN09986,1198-PF-METF-NOSTEN,Myanmar,Full,ElasticNet,5,1,0.667930543422699,1
3580,RCN09987,1198-PF-METF-NOSTEN,Myanmar,Full,ElasticNet,5,1,0.3794242739677429,0
3581,RCN09988,1198-PF-METF-NOSTEN,Myanmar,Full,ElasticNet,5,0,0.5746363401412964,1
3582,RCN09990,1198-PF-METF-NOSTEN,Myanmar,Full,ElasticNet,5,1,0.3386099338531494,0
3583,RCN09992,1198-PF-METF-NOSTEN,Myanmar,Full,ElasticNet,5,0,0.35083916783332825,0
3584,RCN09994,1198-PF-METF-NOSTEN,Myanmar,Full,ElasticNet,5,0,0.6952228546142578,1
3585,RCN10000,1198-PF-METF-NOSTEN,Myanmar,Full,ElasticNet,5,1,0.3269732892513275,0
3586,RCN10002,1198-PF-METF-NOSTEN,Myanmar,Full,ElasticNet,5,1,0.3594481945037842,0
3587,RCN10003,1198-PF-METF-NOSTEN,Myanmar,Full,ElasticNet,5,1,0.6852602362632751,1
3588,RCN10004,1198-PF-METF-NOSTEN,Myanmar,Full,ElasticNet,5,1,0.7324207425117493,1
3589,RCN10006,1198-PF-METF-NOSTEN,Myanmar,Full,ElasticNet,5,1,0.23045507073402405,0
3590,RCN10007,1198-PF-METF-NOSTEN,Myanmar,Full,ElasticNet,5,1,0.3598022162914276,0
3591,RCN10008,1198-PF-METF-NOSTEN,Myanmar,Full,ElasticNet,5,1,0.3766350746154785,0
3592,RCN10009,1198-PF-METF-NOSTEN,Myanmar,Full,ElasticNet,5,1,0.6471786499023438,1
3593,RCN10010,1198-PF-METF-NOSTEN,Myanmar,Full,ElasticNet,5,0,0.2647749185562134,0
3594,RCN10011,1198-PF-METF-NOSTEN,Myanmar,Full,ElasticNet,5,0,0.21494384109973907,0
3595,RCN10012,1198-PF-METF-NOSTEN,Myanmar,Full,ElasticNet,5,1,0.37845084071159363,0
3596,RCN10014,1198-PF-METF-NOSTEN,Myanmar,Full,ElasticNet,5,0,0.525966227054596,1
3597,RCN10015,1198-PF-METF-NOSTEN,Myanmar,Full,ElasticNet,5,0,0.2664472162723541,0
3598,RCN10016,1198-PF-METF-NOSTEN,Myanmar,Full,ElasticNet,5,0,0.44836336374282837,0
3599,RCN10019,1198-PF-METF-NOSTEN,Myanmar,Full,ElasticNet,5,1,0.37515807151794434,0
3600,RCN10021,1198-PF-METF-NOSTEN,Thailand,Full,ElasticNet,5,1,0.0311262309551239,0
4556,RCN12435,1238-PF-VN-NIMPE-GENRE,Vietnam,Full,ElasticNet,5,1,0.9913461804389954,1
4557,RCN12437,1238-PF-VN-NIMPE-GENRE,Vietnam,Full,ElasticNet,5,0,0.738919734954834,1
4558,RCN12438,1238-PF-VN-NIMPE-GENRE,Vietnam,Full,ElasticNet,5,1,0.9970433115959167,1
4559,RCN12453,1238-PF-VN-NIMPE-GENRE,Vietnam,Full,ElasticNet,5,1,0.9928286671638489,1
4560,RCN12454,1238-PF-VN-NIMPE-GENRE,Vietnam,Full,ElasticNet,5,1,0.9955320358276367,1
4561,RCN12456,1238-PF-VN-NIMPE-GENRE,Vietnam,Full,ElasticNet,5,1,0.9927998781204224,1
4562,RCN12458,1238-PF-VN-NIMPE-GENRE,Vietnam,Full,ElasticNet,5,1,0.995650589466095,1
4563,RCN12459,1238-PF-VN-NIMPE-GENRE,Vietnam,Full,ElasticNet,5,1,0.9863243699073792,1
4564,RCN12461,1238-PF-VN-NIMPE-GENRE,Vietnam,Full,ElasticNet,5,1,0.9924595952033997,1
4565,RCN12462,1238-PF-VN-NIMPE-GENRE,Vietnam,Full,ElasticNet,5,1,0.9854920506477356,1
4566,RCN12466,1238-PF-VN-NIMPE-GENRE,Vietnam,Full,ElasticNet,5,1,0.9896695017814636,1
4567,RCN12468,1238-PF-VN-NIMPE-GENRE,Vietnam,Full,ElasticNet,5,1,0.9966433048248291,1
4568,RCN12469,1238-PF-VN-NIMPE-GENRE,Vietnam,Full,ElasticNet,5,1,0.9916111826896667,1
4569,RCN12476,1238-PF-VN-NIMPE-GENRE,Vietnam,Full,ElasticNet,5,1,0.9896256327629089,1
4570,RCN12478,1238-PF-VN-NIMPE-GENRE,Vietnam,Full,ElasticNet,5,1,0.9955396056175232,1
4571,RCN12479,1238-PF-VN-NIMPE-GENRE,Vietnam,Full,ElasticNet,5,1,0.9835588335990906,1
4572,RCN12480,1238-PF-VN-NIMPE-GENRE,Vietnam,Full,ElasticNet,5,1,0.9647132158279419,1
4573,RCN12481,1238-PF-VN-NIMPE-GENRE,Vietnam,Full,ElasticNet,5,1,0.9840880632400513,1
4574,RCN12482,1238-PF-VN-NIMPE-GENRE,Vietnam,Full,ElasticNet,5,1,0.9954997897148132,1
4575,RCN12483,1238-PF-VN-NIMPE-GENRE,Vietnam,Full,ElasticNet,5,1,0.9850849509239197,1
4576,RCN12484,1238-PF-VN-NIMPE-GENRE,Vietnam,Full,ElasticNet,5,1,0.901043713092804,1
4577,RCN12485,1238-PF-VN-NIMPE-GENRE,Vietnam,Full,ElasticNet,5,1,0.9927881360054016,1
4578,RCN12486,1238-PF-VN-NIMPE-GENRE,Vietnam,Full,ElasticNet,5,1,0.9856152534484863,1
4579,RCN12489,1238-PF-VN-NIMPE-GENRE,Vietnam,Full,ElasticNet,5,1,0.9955500364303589,1
4580,RCN12490,1238-PF-VN-NIMPE-GENRE,Vietnam,Full,ElasticNet,5,1,0.9896906614303589,1
4581,RCN12493,1238-PF-VN-NIMPE-GENRE,Vietnam,Full,ElasticNet,5,1,0.9860317707061768,1
4582,RCN12494,1238-PF-VN-NIMPE-GENRE,Vietnam,Full,ElasticNet,5,1,0.9903490543365479,1
4583,RCN12495,1238-PF-VN-NIMPE-GENRE,Vietnam,Full,ElasticNet,5,1,0.992798924446106,1
4584,RCN12496,1238-PF-VN-NIMPE-GENRE,Vietnam,Full,ElasticNet,5,1,0.9773414731025696,1
4585,RCN12497,1238-PF-VN-NIMPE-GENRE,Vietnam,Full,ElasticNet,5,1,0.9895704984664917,1
4586,RCN12501,1238-PF-VN-NIMPE-GENRE,Vietnam,Full,ElasticNet,5,0,0.4356834888458252,0
4587,RCN12504,1238-PF-VN-NIMPE-GENRE,Vietnam,Full,ElasticNet,5,1,0.9896432161331177,1
4588,RCN12505,1238-PF-VN-NIMPE-GENRE,Vietnam,Full,ElasticNet,5,1,0.9897021055221558,1
4589,RCN12506,1238-PF-VN-NIMPE-GENRE,Vietnam,Full,ElasticNet,5,1,0.9955885410308838,1
4590,RCN12510,1238-PF-VN-NIMPE-GENRE,Vietnam,Full,ElasticNet,5,1,0.9806383848190308,1
4591,RCN12511,1238-PF-VN-NIMPE-GENRE,Vietnam,Full,ElasticNet,5,1,0.9969769716262817,1
4592,RCN12512,1238-PF-VN-NIMPE-GENRE,Vietnam,Full,ElasticNet,5,1,0.9897045493125916,1
4593,RCN12514,1238-PF-VN-NIMPE-GENRE,Vietnam,Full,ElasticNet,5,1,0.9912748336791992,1
4594,RCN12520,1238-PF-VN-NIMPE-GENRE,Vietnam,Full,ElasticNet,5,1,0.9970505237579346,1
4595,RCN12522,1238-PF-VN-NIMPE-GENRE,Vietnam,Full,ElasticNet,5,1,0.9398403763771057,1
4596,RCN12528,1238-PF-VN-NIMPE-GENRE,Vietnam,Full,ElasticNet,5,1,0.9970466494560242,1
4597,RCN12547,1238-PF-VN-NIMPE-GENRE,Vietnam,Full,ElasticNet,5,1,0.9944450259208679,1
4598,RCN12548,1238-PF-VN-NIMPE-GENRE,Vietnam,Full,ElasticNet,5,1,0.9855785369873047,1
4599,RCN12550,1238-PF-VN-NIMPE-GENRE,Vietnam,Full,ElasticNet,5,1,0.9956685304641724,1
4600,RCN12553,1238-PF-VN-NIMPE-GENRE,Vietnam,Full,ElasticNet,5,1,0.9893542528152466,1
4601,RCN12558,1238-PF-VN-NIMPE-GENRE,Vietnam,Full,ElasticNet,5,1,0.989560604095459,1
4602,RCN12560,1238-PF-VN-NIMPE-GENRE,Vietnam,Full,ElasticNet,5,1,0.8657603859901428,1
4603,RCN12562,1238-PF-VN-NIMPE-GENRE,Vietnam,Full,ElasticNet,5,0,0.5132171511650085,1
4604,RCN12563,1238-PF-VN-NIMPE-GENRE,Vietnam,Full,ElasticNet,5,1,0.9896399974822998,1
4605,RCN12566,1238-PF-VN-NIMPE-GENRE,Vietnam,Full,ElasticNet,5,1,0.9955710768699646,1
4606,RCN12567,1238-PF-VN-NIMPE-GENRE,Vietnam,Full,ElasticNet,5,1,0.9941819310188293,1
4607,RCN12569,1238-PF-VN-NIMPE-GENRE,Vietnam,Full,ElasticNet,5,1,0.9976805448532104,1
4608,RCN12570,1238-PF-VN-NIMPE-GENRE,Vietnam,Full,ElasticNet,5,1,0.9970346689224243,1
4609,RCN12571,1238-PF-VN-NIMPE-GENRE,Vietnam,Full,ElasticNet,5,1,0.9895909428596497,1
4610,RCN12574,1238-PF-VN-NIMPE-GENRE,Vietnam,Full,ElasticNet,5,0,0.6019858121871948,1
4611,RCN12575,1238-PF-VN-NIMPE-GENRE,Vietnam,Full,ElasticNet,5,1,0.9859199523925781,1
4612,RCN12576,1238-PF-VN-NIMPE-GENRE,Vietnam,Full,ElasticNet,5,1,0.9660148024559021,1
4613,RCN12577,1238-PF-VN-NIMPE-GENRE,Vietnam,Full,ElasticNet,5,1,0.994498074054718,1
4614,RCN12584,1238-PF-VN-NIMPE-GENRE,Vietnam,Full,ElasticNet,5,1,0.9857764840126038,1
4615,RCN12586,1238-PF-VN-NIMPE-GENRE,Vietnam,Full,ElasticNet,5,1,0.9931386113166809,1
4616,RCN12587,1238-PF-VN-NIMPE-GENRE,Vietnam,Full,ElasticNet,5,1,0.9908069968223572,1
4617,RCN12590,1238-PF-VN-NIMPE-GENRE,Vietnam,Full,ElasticNet,5,1,0.9883219599723816,1
4618,RCN12591,1238-PF-VN-NIMPE-GENRE,Vietnam,Full,ElasticNet,5,1,0.8727840185165405,1
4619,RCN12592,1238-PF-VN-NIMPE-GENRE,Vietnam,Full,ElasticNet,5,1,0.9956122636795044,1
4682,RCN12770,1238-PF-VN-NIMPE-GENRE,Vietnam,Full,ElasticNet,5,1,0.9017922878265381,1
4683,RCN12772,1238-PF-VN-NIMPE-GENRE,Vietnam,Full,ElasticNet,5,1,0.9905338287353516,1
4684,RCN12773,1238-PF-VN-NIMPE-GENRE,Vietnam,Full,ElasticNet,5,1,0.9888747930526733,1
4685,RCN12774,1238-PF-VN-NIMPE-GENRE,Vietnam,Full,ElasticNet,5,1,0.9913552403450012,1
4686,RCN12775,1238-PF-VN-NIMPE-GENRE,Vietnam,Full,ElasticNet,5,1,0.9932175278663635,1
4687,RCN12776,1238-PF-VN-NIMPE-GENRE,Vietnam,Full,ElasticNet,5,1,0.9883684515953064,1
4688,RCN12780,1238-PF-VN-NIMPE-GENRE,Vietnam,Full,ElasticNet,5,1,0.9969021081924438,1
4689,RCN12781,1238-PF-VN-NIMPE-GENRE,Vietnam,Full,ElasticNet,5,1,0.99647456407547,1
4690,RCN12784,1238-PF-VN-NIMPE-GENRE,Vietnam,Full,ElasticNet,5,1,0.9867902398109436,1
4691,RCN12785,1238-PF-VN-NIMPE-GENRE,Vietnam,Full,ElasticNet,5,1,0.991890549659729,1
4692,RCN12786,1238-PF-VN-NIMPE-GENRE,Vietnam,Full,ElasticNet,5,1,0.9580509662628174,1
4693,RCN12787,1238-PF-VN-NIMPE-GENRE,Vietnam,Full,ElasticNet,5,1,0.9856874346733093,1
4694,RCN12788,1238-PF-VN-NIMPE-GENRE,Vietnam,Full,ElasticNet,5,1,0.9806874394416809,1
4695,RCN12789,1238-PF-VN-NIMPE-GENRE,Vietnam,Full,ElasticNet,5,1,0.9124488830566406,1
4696,RCN12791,1238-PF-VN-NIMPE-GENRE,Vietnam,Full,ElasticNet,5,1,0.9918020367622375,1
4697,RCN12792,1238-PF-VN-NIMPE-GENRE,Vietnam,Full,ElasticNet,5,1,0.9956303834915161,1
4698,RCN12793,1238-PF-VN-NIMPE-GENRE,Vietnam,Full,ElasticNet,5,1,0.9896608591079712,1
4699,RCN12794,1238-PF-VN-NIMPE-GENRE,Vietnam,Full,ElasticNet,5,1,0.9897236824035645,1
4700,RCN12795,1238-PF-VN-NIMPE-GENRE,Vietnam,Full,ElasticNet,5,1,0.9944899082183838,1
4701,RCN12796,1238-PF-VN-NIMPE-GENRE,Vietnam,Full,ElasticNet,5,1,0.9918448328971863,1
4702,RCN12797,1238-PF-VN-NIMPE-GENRE,Vietnam,Full,ElasticNet,5,1,0.9912979602813721,1
4703,RCN12798,1238-PF-VN-NIMPE-GENRE,Vietnam,Full,ElasticNet,5,1,0.985821545124054,1
4704,RCN12799,1238-PF-VN-NIMPE-GENRE,Vietnam,Full,ElasticNet,5,1,0.9955695271492004,1
4705,RCN12800,1238-PF-VN-NIMPE-GENRE,Vietnam,Full,ElasticNet,5,1,0.938998281955719,1
4706,RCN12801,1238-PF-VN-NIMPE-GENRE,Vietnam,Full,ElasticNet,5,1,0.9956209063529968,1
4707,RCN12802,1238-PF-VN-NIMPE-GENRE,Vietnam,Full,ElasticNet,5,1,0.9829912185668945,1
4708,RCN12803,1238-PF-VN-NIMPE-GENRE,Vietnam,Full,ElasticNet,5,1,0.9821473360061646,1
4709,RCN12804,1238-PF-VN-NIMPE-GENRE,Vietnam,Full,ElasticNet,5,1,0.9024635553359985,1
4710,RCN12806,1238-PF-VN-NIMPE-GENRE,Vietnam,Full,ElasticNet,5,1,0.9913970232009888,1
4711,RCN12807,1238-PF-VN-NIMPE-GENRE,Vietnam,Full,ElasticNet,5,1,0.892876923084259,1
4712,RCN12808,1238-PF-VN-NIMPE-GENRE,Vietnam,Full,ElasticNet,5,1,0.9896503686904907,1
4713,RCN12809,1238-PF-VN-NIMPE-GENRE,Vietnam,Full,ElasticNet,5,1,0.9882920384407043,1
4714,RCN12810,1238-PF-VN-NIMPE-GENRE,Vietnam,Full,ElasticNet,5,1,0.9955719709396362,1
4715,RCN12811,1238-PF-VN-NIMPE-GENRE,Vietnam,Full,ElasticNet,5,1,0.995583713054657,1
4716,RCN12813,1238-PF-VN-NIMPE-GENRE,Vietnam,Full,ElasticNet,5,1,0.9955716133117676,1
4717,RCN12815,1238-PF-VN-NIMPE-GENRE,Vietnam,Full,ElasticNet,5,1,0.9912835359573364,1
4718,RCN12816,1238-PF-VN-NIMPE-GENRE,Vietnam,Full,ElasticNet,5,1,0.9858477115631104,1
4719,RCN12817,1238-PF-VN-NIMPE-GENRE,Vietnam,Full,ElasticNet,5,1,0.9955675005912781,1
4720,RCN12818,1238-PF-VN-NIMPE-GENRE,Vietnam,Full,ElasticNet,5,1,0.9025176167488098,1
4721,RCN12819,1238-PF-VN-NIMPE-GENRE,Vietnam,Full,ElasticNet,5,1,0.9883904457092285,1
4722,RCN12820,1238-PF-VN-NIMPE-GENRE,Vietnam,Full,ElasticNet,5,1,0.9888026118278503,1
4723,RCN12821,1238-PF-VN-NIMPE-GENRE,Vietnam,Full,ElasticNet,5,1,0.7194697260856628,1
4724,RCN12822,1238-PF-VN-NIMPE-GENRE,Vietnam,Full,ElasticNet,5,1,0.9955644607543945,1
4725,RCN12823,1238-PF-VN-NIMPE-GENRE,Vietnam,Full,ElasticNet,5,1,0.9018839001655579,1
4726,RCN12824,1238-PF-VN-NIMPE-GENRE,Vietnam,Full,ElasticNet,5,1,0.9715765118598938,1
4727,RCN12826,1238-PF-VN-NIMPE-GENRE,Vietnam,Full,ElasticNet,5,1,0.9719535112380981,1
4728,RCN12827,1238-PF-VN-NIMPE-GENRE,Vietnam,Full,ElasticNet,5,1,0.993028461933136,1
4729,RCN12828,1238-PF-VN-NIMPE-GENRE,Vietnam,Full,ElasticNet,5,1,0.9930523633956909,1
4730,RCN12829,1238-PF-VN-NIMPE-GENRE,Vietnam,Full,ElasticNet,5,1,0.9923909306526184,1
4731,RCN12830,1238-PF-VN-NIMPE-GENRE,Vietnam,Full,ElasticNet,5,1,0.9895403981208801,1
4732,RCN12831,1238-PF-VN-NIMPE-GENRE,Vietnam,Full,ElasticNet,5,1,0.4369673728942871,0
4733,RCN12832,1238-PF-VN-NIMPE-GENRE,Vietnam,Full,ElasticNet,5,1,0.9956134557723999,1
4734,RCN12834,1238-PF-VN-NIMPE-GENRE,Vietnam,Full,ElasticNet,5,1,0.9897095561027527,1
4735,RCN12835,1238-PF-VN-NIMPE-GENRE,Vietnam,Full,ElasticNet,5,1,0.9872221350669861,1
4736,RCN12836,1238-PF-VN-NIMPE-GENRE,Vietnam,Full,ElasticNet,5,1,0.9897370934486389,1
4737,RCN12837,1238-PF-VN-NIMPE-GENRE,Vietnam,Full,ElasticNet,5,1,0.9912221431732178,1
4738,RCN12838,1238-PF-VN-NIMPE-GENRE,Vietnam,Full,ElasticNet,5,1,0.9955772161483765,1
4739,RCN12839,1238-PF-VN-NIMPE-GENRE,Vietnam,Full,ElasticNet,5,1,0.9930618405342102,1
4740,RCN12840,1238-PF-VN-NIMPE-GENRE,Vietnam,Full,ElasticNet,5,1,0.9951387643814087,1
4741,RCN12841,1238-PF-VN-NIMPE-GENRE,Vietnam,Full,ElasticNet,5,1,0.985149621963501,1
4742,RCN12842,1238-PF-VN-NIMPE-GENRE,Vietnam,Full,ElasticNet,5,1,0.9896776676177979,1
4743,RCN12843,1238-PF-VN-NIMPE-GENRE,Vietnam,Full,ElasticNet,5,1,0.9955465793609619,1
4744,RCN12844,1238-PF-VN-NIMPE-GENRE,Vietnam,Full,ElasticNet,5,1,0.7098328471183777,1
4745,RCN12845,1238-PF-VN-NIMPE-GENRE,Vietnam,Full,ElasticNet,5,1,0.9855258464813232,1
4746,RCN12846,1238-PF-VN-NIMPE-GENRE,Vietnam,Full,ElasticNet,5,1,0.9906507730484009,1
4747,RCN12847,1238-PF-VN-NIMPE-GENRE,Vietnam,Full,ElasticNet,5,1,0.9956032037734985,1
4748,RCN12848,1238-PF-VN-NIMPE-GENRE,Vietnam,Full,ElasticNet,5,1,0.9928762912750244,1
4749,RCN12849,1238-PF-VN-NIMPE-GENRE,Vietnam,Full,ElasticNet,5,1,0.9832990765571594,1
4750,RCN12850,1238-PF-VN-NIMPE-GENRE,Vietnam,Full,ElasticNet,5,1,0.9021312594413757,1
4751,RCN12851,1238-PF-VN-NIMPE-GENRE,Vietnam,Full,ElasticNet,5,1,0.9925238490104675,1
4752,RCN12852,1238-PF-VN-NIMPE-GENRE,Vietnam,Full,ElasticNet,5,0,0.8389186263084412,1
4753,RCN12853,1238-PF-VN-NIMPE-GENRE,Vietnam,Full,ElasticNet,5,1,0.9955541491508484,1
4754,RCN12854,1238-PF-VN-NIMPE-GENRE,Vietnam,Full,ElasticNet,5,1,0.9387016892433167,1
4755,RCN12856,1238-PF-VN-NIMPE-GENRE,Vietnam,Full,ElasticNet,5,1,0.9955614805221558,1
4756,RCN12857,1238-PF-VN-NIMPE-GENRE,Vietnam,Full,ElasticNet,5,1,0.8815576434135437,1
4757,RCN12858,1238-PF-VN-NIMPE-GENRE,Vietnam,Full,ElasticNet,5,1,0.9880252480506897,1
4758,RCN12859,1238-PF-VN-NIMPE-GENRE,Vietnam,Full,ElasticNet,5,1,0.9913493394851685,1
4759,RCN12860,1238-PF-VN-NIMPE-GENRE,Vietnam,Full,ElasticNet,5,1,0.9899469017982483,1
4760,RCN12862,1238-PF-VN-NIMPE-GENRE,Vietnam,Full,ElasticNet,5,1,0.6400743722915649,1
4761,RCN12865,1238-PF-VN-NIMPE-GENRE,Vietnam,Full,ElasticNet,5,1,0.9126392006874084,1
4762,RCN12867,1238-PF-VN-NIMPE-GENRE,Vietnam,Full,ElasticNet,5,1,0.9956598877906799,1
4763,RCN12868,1238-PF-VN-NIMPE-GENRE,Vietnam,Full,ElasticNet,5,1,0.9833143949508667,1
4764,RCN12869,1238-PF-VN-NIMPE-GENRE,Vietnam,Full,ElasticNet,5,1,0.9916419982910156,1
4765,RCN12870,1238-PF-VN-NIMPE-GENRE,Vietnam,Full,ElasticNet,5,1,0.9856044054031372,1
4766,RCN12871,1238-PF-VN-NIMPE-GENRE,Vietnam,Full,ElasticNet,5,1,0.995556652545929,1
4767,RCN12872,1238-PF-VN-NIMPE-GENRE,Vietnam,Full,ElasticNet,5,1,0.5321559309959412,1
4768,RCN12873,1238-PF-VN-NIMPE-GENRE,Vietnam,Full,ElasticNet,5,1,0.6051980257034302,1
4769,RCN12877,1238-PF-VN-NIMPE-GENRE,Vietnam,Full,ElasticNet,5,1,0.9621948599815369,1
4770,RCN12878,1238-PF-VN-NIMPE-GENRE,Vietnam,Full,ElasticNet,5,1,0.9955247640609741,1
4771,RCN12879,1238-PF-VN-NIMPE-GENRE,Vietnam,Full,ElasticNet,5,1,0.9923755526542664,1
4772,RCN12880,1238-PF-VN-NIMPE-GENRE,Vietnam,Full,ElasticNet,5,1,0.9929060935974121,1
4773,RCN12881,1238-PF-VN-NIMPE-GENRE,Vietnam,Full,ElasticNet,5,0,0.01152758952230215,0
4774,RCN12883,1238-PF-VN-NIMPE-GENRE,Vietnam,Full,ElasticNet,5,1,0.9924938678741455,1
4775,RCN12884,1238-PF-VN-NIMPE-GENRE,Vietnam,Full,ElasticNet,5,1,0.7212671637535095,1
4776,RCN12886,1238-PF-VN-NIMPE-GENRE,Vietnam,Full,ElasticNet,5,0,0.014492175541818142,0
4777,RCN12888,1238-PF-VN-NIMPE-GENRE,Vietnam,Full,ElasticNet,5,0,0.7357683777809143,1
4778,RCN12889,1238-PF-VN-NIMPE-GENRE,Vietnam,Full,ElasticNet,5,1,0.9866985082626343,1
4779,RCN12890,1238-PF-VN-NIMPE-GENRE,Vietnam,Full,ElasticNet,5,1,0.9949336647987366,1
4780,RCN12891,1238-PF-VN-NIMPE-GENRE,Vietnam,Full,ElasticNet,5,1,0.9929037690162659,1
4781,RCN12892,1238-PF-VN-NIMPE-GENRE,Vietnam,Full,ElasticNet,5,1,0.9970405697822571,1
4782,RCN12893,1238-PF-VN-NIMPE-GENRE,Vietnam,Full,ElasticNet,5,1,0.9955888986587524,1
4783,RCN12894,1238-PF-VN-NIMPE-GENRE,Vietnam,Full,ElasticNet,5,0,0.01157492958009243,0
4784,RCN12895,1238-PF-VN-NIMPE-GENRE,Vietnam,Full,ElasticNet,5,1,0.9939725995063782,1
4785,RCN12897,1238-PF-VN-NIMPE-GENRE,Vietnam,Full,ElasticNet,5,1,0.9970636963844299,1
4786,RCN12900,1238-PF-VN-NIMPE-GENRE,Vietnam,Full,ElasticNet,5,1,0.9832773208618164,1
4787,RCN12901,1238-PF-VN-NIMPE-GENRE,Vietnam,Full,ElasticNet,5,1,0.9908417463302612,1
