Row,Sample,Study,Country,Set,Model,Fold,y_true,prob,pred
0,PD0003-C,1016-PF-TH-NOSTEN,Thailand,Strict,XGBoost,1,0,0.07213267683982849,0
1,PD0004-03,1016-PF-TH-NOSTEN,Thailand,Strict,XGBoost,1,0,0.0413375087082386,0
2,PD0004-C,1016-PF-TH-NOSTEN,Thailand,Strict,XGBoost,1,0,0.09939371794462204,0
3,PD0005-01,1016-PF-TH-NOSTEN,Thailand,Strict,XGBoost,1,0,0.020509354770183563,0
4,PD0005-C,1016-PF-TH-NOSTEN,Thailand,Strict,XGBoost,1,0,0.10233265161514282,0
5,PD0006-01,1016-PF-TH-NOSTEN,Thailand,Strict,XGBoost,1,0,0.02604152075946331,0
6,PD0007-01,1016-PF-TH-NOSTEN,Thailand,Strict,XGBoost,1,0,0.010213560424745083,0
7,PD0008-02,1016-PF-TH-NOSTEN,Thailand,Strict,XGBoost,1,0,0.02161332219839096,0
8,PD0009-01,1016-PF-TH-NOSTEN,Thailand,Strict,XGBoost,1,0,0.015758292749524117,0
9,PD0011-01,1016-PF-TH-NOSTEN,Thailand,Strict,XGBoost,1,0,0.030206702649593353,0
10,PD0015-02,1016-PF-TH-NOSTEN,Thailand,Strict,XGBoost,1,0,0.0772038921713829,0
11,PD0016-C,1016-PF-TH-NOSTEN,Thailand,Strict,XGBoost,1,0,0.05974315479397774,0
12,PD0017-C,1016-PF-TH-NOSTEN,Thailand,Strict,XGBoost,1,0,0.09088954329490662,0
13,PD0018-C,1016-PF-TH-NOSTEN,Thailand,Strict,XGBoost,1,0,0.052761923521757126,0
14,PD0019-C,1016-PF-TH-NOSTEN,Thailand,Strict,XGBoost,1,0,0.028440888971090317,0
15,PD0020-C,1016-PF-TH-NOSTEN,Thailand,Strict,XGBoost,1,0,0.016014819964766502,0
16,PD0021-C,1016-PF-TH-NOSTEN,Thailand,Strict,XGBoost,1,0,0.026757732033729553,0
17,PD0022-C,1016-PF-TH-NOSTEN,Thailand,Strict,XGBoost,1,0,0.055224232375621796,0
18,PD0023-C,1016-PF-TH-NOSTEN,Thailand,Strict,XGBoost,1,0,0.026757732033729553,0
847,PG0607-C,1185-PF-KH-KYLE,Cambodia,Strict,XGBoost,1,0,0.018301337957382202,0
848,PG0608-C,1185-PF-KH-KYLE,Cambodia,Strict,XGBoost,1,0,0.035225022584199905,0
849,PG0609-C,1185-PF-KH-KYLE,Cambodia,Strict,XGBoost,1,0,0.12140779942274094,0
850,PG0610-C,1185-PF-KH-KYLE,Cambodia,Strict,XGBoost,1,0,0.04200616851449013,0
851,PG0611-C,1185-PF-KH-KYLE,Cambodia,Strict,XGBoost,1,0,0.05945169925689697,0
1756,PV0002-C,1020-PF-VN-BONI,Vietnam,Strict,XGBoost,1,1,0.020566768944263458,0
1757,PV0004-C,1020-PF-VN-BONI,Vietnam,Strict,XGBoost,1,0,0.09704822301864624,0
1758,PV0006-C,1020-PF-VN-BONI,Vietnam,Strict,XGBoost,1,0,0.0229653287678957,0
1759,PV0008-C,1020-PF-VN-BONI,Vietnam,Strict,XGBoost,1,1,0.4549380838871002,0
1760,PV0014-C,1020-PF-VN-BONI,Vietnam,Strict,XGBoost,1,0,0.014331802725791931,0
1761,PV0015-C,1020-PF-VN-BONI,Vietnam,Strict,XGBoost,1,0,0.05200638249516487,0
1762,PV0017-C,1020-PF-VN-BONI,Vietnam,Strict,XGBoost,1,0,0.011166553013026714,0
1763,PV0018-C,1020-PF-VN-BONI,Vietnam,Strict,XGBoost,1,0,0.24272949993610382,0
1764,PV0020-C,1020-PF-VN-BONI,Vietnam,Strict,XGBoost,1,0,0.07526081800460815,0
1765,PV0023-C,1020-PF-VN-BONI,Vietnam,Strict,XGBoost,1,0,0.030028609558939934,0
1766,PV0028-C,1020-PF-VN-BONI,Vietnam,Strict,XGBoost,1,1,0.9761333465576172,1
1767,PV0030-C,1020-PF-VN-BONI,Vietnam,Strict,XGBoost,1,0,0.08842622488737106,0
1768,PV0031-C,1020-PF-VN-BONI,Vietnam,Strict,XGBoost,1,1,0.13046477735042572,0
1769,PV0035-C,1020-PF-VN-BONI,Vietnam,Strict,XGBoost,1,0,0.032117266207933426,0
1770,PV0037-C,1020-PF-VN-BONI,Vietnam,Strict,XGBoost,1,0,0.7018516659736633,1
1771,PV0039-C,1020-PF-VN-BONI,Vietnam,Strict,XGBoost,1,1,0.0166604146361351,0
1772,PV0041-C,1020-PF-VN-BONI,Vietnam,Strict,XGBoost,1,0,0.1126384362578392,0
1773,PV0046-C,1020-PF-VN-BONI,Vietnam,Strict,XGBoost,1,0,0.023952992632985115,0
1774,PV0048-C,1020-PF-VN-BONI,Vietnam,Strict,XGBoost,1,0,0.6905221939086914,1
2200,QC0392-CW,1149-PF-MM-RINGWALD,Myanmar,Strict,XGBoost,1,1,0.6057031750679016,1
2201,QC0396-CW,1149-PF-MM-RINGWALD,Myanmar,Strict,XGBoost,1,0,0.4214593768119812,0
2202,QC0399-CW,1149-PF-MM-RINGWALD,Myanmar,Strict,XGBoost,1,0,0.6273757815361023,1
2203,QC0402-CW,1149-PF-MM-RINGWALD,Myanmar,Strict,XGBoost,1,1,0.09772782772779465,0
2204,QC0404-CW,1149-PF-MM-RINGWALD,Myanmar,Strict,XGBoost,1,0,0.5896838307380676,1
2205,QC0409-CW,1149-PF-MM-RINGWALD,Myanmar,Strict,XGBoost,1,0,0.13401617109775543,0
2206,QC0417-CW,1149-PF-MM-RINGWALD,Myanmar,Strict,XGBoost,1,0,0.19386206567287445,0
2207,QC0420-CW,1149-PF-MM-RINGWALD,Myanmar,Strict,XGBoost,1,1,0.6754630208015442,1
2208,QC0421-CW,1149-PF-MM-RINGWALD,Myanmar,Strict,XGBoost,1,0,0.1437007486820221,0
2209,QC0424-CW,1149-PF-MM-RINGWALD,Myanmar,Strict,XGBoost,1,0,0.3428345322608948,0
2210,QC0428-CW,1149-PF-MM-RINGWALD,Myanmar,Strict,XGBoost,1,0,0.4904201328754425,0
2211,QC0436-CW,1149-PF-MM-RINGWALD,Myanmar,Strict,XGBoost,1,0,0.054106734693050385,0
2212,QC0438-CW,1149-PF-MM-RINGWALD,Myanmar,Strict,XGBoost,1,1,0.27344048023223877,0
2213,QC0439-CW,1149-PF-MM-RINGWALD,Myanmar,Strict,XGBoost,1,1,0.747309148311615,1
2214,QC0442-CW,1149-PF-MM-RINGWALD,Myanmar,Strict,XGBoost,1,0,0.5896838307380676,1
2215,QC0443-CW,1149-PF-MM-RINGWALD,Myanmar,Strict,XGBoost,1,0,0.2444520890712738,0
2216,QC0444-CW,1149-PF-MM-RINGWALD,Myanmar,Strict,XGBoost,1,0,0.6049063801765442,1
2217,QC0445-CW,1149-PF-MM-RINGWALD,Myanmar,Strict,XGBoost,1,1,0.17043033242225647,0
2218,QC0446-CW,1149-PF-MM-RINGWALD,Myanmar,Strict,XGBoost,1,0,0.7019660472869873,1
2219,QC0448-CW,1149-PF-MM-RINGWALD,Myanmar,Strict,XGBoost,1,1,0.09985271841287613,0
2220,QC0462-C,1149-PF-MM-RINGWALD,Myanmar,Strict,XGBoost,1,0,0.3729289174079895,0
2221,QC0471-CW,1149-PF-MM-RINGWALD,Myanmar,Strict,XGBoost,1,1,0.20063920319080353,0
2222,QC0477-CW,1149-PF-MM-RINGWALD,Myanmar,Strict,XGBoost,1,0,0.7900153994560242,1
2223,QC0479-CW,1149-PF-MM-RINGWALD,Myanmar,Strict,XGBoost,1,1,0.6057031750679016,1
2224,QC0481-CW,1149-PF-MM-RINGWALD,Myanmar,Strict,XGBoost,1,1,0.665459930896759,1
2225,QC0485-CW,1149-PF-MM-RINGWALD,Myanmar,Strict,XGBoost,1,0,0.1845957636833191,0
2226,QC0487-CW,1149-PF-MM-RINGWALD,Myanmar,Strict,XGBoost,1,0,0.5832394957542419,1
2227,QC0488-CW,1149-PF-MM-RINGWALD,Myanmar,Strict,XGBoost,1,0,0.04706740751862526,0
2228,QC0490-CW,1149-PF-MM-RINGWALD,Myanmar,Strict,XGBoost,1,0,0.7256247401237488,1
2229,QC0491-CW,1149-PF-MM-RINGWALD,Myanmar,Strict,XGBoost,1,0,0.4646246135234833,0
2230,QC0494-CW,1149-PF-MM-RINGWALD,Myanmar,Strict,XGBoost,1,1,0.15521617233753204,0
2231,QC0497-CW,1149-PF-MM-RINGWALD,Myanmar,Strict,XGBoost,1,0,0.5896838307380676,1
2232,QC0504-CW,1149-PF-MM-RINGWALD,Myanmar,Strict,XGBoost,1,1,0.11856167018413544,0
2233,QC0505-CW,1149-PF-MM-RINGWALD,Myanmar,Strict,XGBoost,1,1,0.5787596106529236,1
2234,QC0506-CW,1149-PF-MM-RINGWALD,Myanmar,Strict,XGBoost,1,0,0.12094635516405106,0
2235,QC0507-CW,1149-PF-MM-RINGWALD,Myanmar,Strict,XGBoost,1,0,0.6827085018157959,1
2236,QC0523-CW,1149-PF-MM-RINGWALD,Myanmar,Strict,XGBoost,1,0,0.17352186143398285,0
2237,QC0524-CW,1149-PF-MM-RINGWALD,Myanmar,Strict,XGBoost,1,0,0.5346527099609375,1
2238,QC0530-CW,1149-PF-MM-RINGWALD,Myanmar,Strict,XGBoost,1,0,0.5186419486999512,1
2239,QC0534-C,1149-PF-MM-RINGWALD,Myanmar,Strict,XGBoost,1,0,0.42010194063186646,0
2240,QC0535-CW,1149-PF-MM-RINGWALD,Myanmar,Strict,XGBoost,1,0,0.659101665019989,1
2241,QC0536-CW,1149-PF-MM-RINGWALD,Myanmar,Strict,XGBoost,1,0,0.08833378553390503,0
2242,QC0537-CW,1149-PF-MM-RINGWALD,Myanmar,Strict,XGBoost,1,0,0.49988678097724915,0
2243,QC0542-CW,1149-PF-MM-RINGWALD,Myanmar,Strict,XGBoost,1,0,0.46493929624557495,0
2244,QC0544-CW,1149-PF-MM-RINGWALD,Myanmar,Strict,XGBoost,1,1,0.7375698685646057,1
2245,QC0547-CW,1149-PF-MM-RINGWALD,Myanmar,Strict,XGBoost,1,0,0.6000612378120422,1
2246,QC0548-CW,1149-PF-MM-RINGWALD,Myanmar,Strict,XGBoost,1,0,0.2535470426082611,0
2247,QC0551-CW,1149-PF-MM-RINGWALD,Myanmar,Strict,XGBoost,1,1,0.532694935798645,1
2248,QC0552-C,1149-PF-MM-RINGWALD,Myanmar,Strict,XGBoost,1,0,0.43723317980766296,0
2249,QC0554-CW,1149-PF-MM-RINGWALD,Myanmar,Strict,XGBoost,1,1,0.37067049741744995,0
2250,QC0557-CW,1149-PF-MM-RINGWALD,Myanmar,Strict,XGBoost,1,0,0.6313750743865967,1
2251,QC0558-CW,1149-PF-MM-RINGWALD,Myanmar,Strict,XGBoost,1,0,0.38513046503067017,0
2252,QC0564-CW,1149-PF-MM-RINGWALD,Myanmar,Strict,XGBoost,1,0,0.5287460684776306,1
2253,QC0572-CW,1149-PF-MM-RINGWALD,Myanmar,Strict,XGBoost,1,0,0.6030532121658325,1
2254,QC0573-CW,1149-PF-MM-RINGWALD,Myanmar,Strict,XGBoost,1,0,0.6569522023200989,1
2255,QC0574-CW,1149-PF-MM-RINGWALD,Myanmar,Strict,XGBoost,1,0,0.17043033242225647,0
2256,QC0576-CW,1149-PF-MM-RINGWALD,Myanmar,Strict,XGBoost,1,0,0.49845021963119507,0
2257,QC0581-CW,1149-PF-MM-RINGWALD,Myanmar,Strict,XGBoost,1,0,0.7211029529571533,1
2258,QC0599-CW,1149-PF-MM-RINGWALD,Myanmar,Strict,XGBoost,1,1,0.28943198919296265,0
2259,QC0603-CW,1149-PF-MM-RINGWALD,Myanmar,Strict,XGBoost,1,0,0.6175504922866821,1
2260,QC0604-CW,1149-PF-MM-RINGWALD,Myanmar,Strict,XGBoost,1,0,0.5908651947975159,1
2261,QC0606-CW,1149-PF-MM-RINGWALD,Myanmar,Strict,XGBoost,1,1,0.1714513897895813,0
2262,QC0607-CW,1149-PF-MM-RINGWALD,Myanmar,Strict,XGBoost,1,0,0.5982589721679688,1
2263,QC0608-CW,1149-PF-MM-RINGWALD,Myanmar,Strict,XGBoost,1,1,0.19449469447135925,0
2264,QC0609-C,1149-PF-MM-RINGWALD,Myanmar,Strict,XGBoost,1,0,0.09007427096366882,0
2904,RCN08807,1209-PF-VN-IMPEQN-GENRE,Vietnam,Strict,XGBoost,1,1,0.9961580634117126,1
2905,RCN08808,1209-PF-VN-IMPEQN-GENRE,Vietnam,Strict,XGBoost,1,1,0.994750440120697,1
2906,RCN08809,1209-PF-VN-IMPEQN-GENRE,Vietnam,Strict,XGBoost,1,1,0.9942001104354858,1
2907,RCN08810,1209-PF-VN-IMPEQN-GENRE,Vietnam,Strict,XGBoost,1,1,0.993660032749176,1
2908,RCN08811,1209-PF-VN-IMPEQN-GENRE,Vietnam,Strict,XGBoost,1,0,0.019795963540673256,0
2909,RCN08812,1209-PF-VN-IMPEQN-GENRE,Vietnam,Strict,XGBoost,1,1,0.8982735276222229,1
2910,RCN08813,1209-PF-VN-IMPEQN-GENRE,Vietnam,Strict,XGBoost,1,1,0.9948108196258545,1
2911,RCN08814,1209-PF-VN-IMPEQN-GENRE,Vietnam,Strict,XGBoost,1,1,0.9948108196258545,1
2912,RCN08815,1209-PF-VN-IMPEQN-GENRE,Vietnam,Strict,XGBoost,1,1,0.757457435131073,1
2913,RCN08816,1209-PF-VN-IMPEQN-GENRE,Vietnam,Strict,XGBoost,1,1,0.9968720078468323,1
2914,RCN08817,1209-PF-VN-IMPEQN-GENRE,Vietnam,Strict,XGBoost,1,1,0.9959262609481812,1
2915,RCN08818,1209-PF-VN-IMPEQN-GENRE,Vietnam,Strict,XGBoost,1,1,0.9968720078468323,1
2916,RCN08819,1209-PF-VN-IMPEQN-GENRE,Vietnam,Strict,XGBoost,1,1,0.9962930083274841,1
2917,RCN08820,1209-PF-VN-IMPEQN-GENRE,Vietnam,Strict,XGBoost,1,1,0.9948108196258545,1
2918,RCN08821,1209-PF-VN-IMPEQN-GENRE,Vietnam,Strict,XGBoost,1,0,0.02775120921432972,0
2919,RCN08822,1209-PF-VN-IMPEQN-GENRE,Vietnam,Strict,XGBoost,1,0,0.028821462765336037,0
2920,RCN08824,1209-PF-VN-IMPEQN-GENRE,Vietnam,Strict,XGBoost,1,0,0.013182726688683033,0
2921,RCN08827,1209-PF-VN-IMPEQN-GENRE,Vietnam,Strict,XGBoost,1,1,0.036771561950445175,0
2922,RCN08828,1209-PF-VN-IMPEQN-GENRE,Vietnam,Strict,XGBoost,1,0,0.2875283360481262,0
2923,RCN08829,1209-PF-VN-IMPEQN-GENRE,Vietnam,Strict,XGBoost,1,1,0.0431593656539917,0
2924,RCN08830,1209-PF-VN-IMPEQN-GENRE,Vietnam,Strict,XGBoost,1,0,0.1584193855524063,0
2925,RCN08831,1209-PF-VN-IMPEQN-GENRE,Vietnam,Strict,XGBoost,1,0,0.1620689034461975,0
2926,RCN08833,1209-PF-VN-IMPEQN-GENRE,Vietnam,Strict,XGBoost,1,0,0.023629290983080864,0
2927,RCN08834,1209-PF-VN-IMPEQN-GENRE,Vietnam,Strict,XGBoost,1,0,0.012039285153150558,0
2928,RCN08878,1209-PF-VN-IMPEQN-GENRE,Vietnam,Strict,XGBoost,1,0,0.019795963540673256,0
2929,RCN08883,1209-PF-VN-IMPEQN-GENRE,Vietnam,Strict,XGBoost,1,0,0.013182726688683033,0
2930,RCN08884,1209-PF-VN-IMPEQN-GENRE,Vietnam,Strict,XGBoost,1,0,0.04477759823203087,0
2931,RCN08887,1209-PF-VN-IMPEQN-GENRE,Vietnam,Strict,XGBoost,1,0,0.023525429889559746,0
2932,RCN08888,1209-PF-VN-IMPEQN-GENRE,Vietnam,Strict,XGBoost,1,0,0.13103048503398895,0
2933,RCN08889,1209-PF-VN-IMPEQN-GENRE,Vietnam,Strict,XGBoost,1,0,0.225491002202034,0
2934,RCN08890,1209-PF-VN-IMPEQN-GENRE,Vietnam,Strict,XGBoost,1,0,0.05632895603775978,0
2935,RCN08891,1209-PF-VN-IMPEQN-GENRE,Vietnam,Strict,XGBoost,1,0,0.05632895603775978,0
3123,RCN09220,1209-PF-VN-IMPEQN-GENRE,Vietnam,Strict,XGBoost,1,0,0.32328832149505615,0
3124,RCN09225,1209-PF-VN-IMPEQN-GENRE,Vietnam,Strict,XGBoost,1,1,0.0390738882124424,0
3125,RCN09226,1209-PF-VN-IMPEQN-GENRE,Vietnam,Strict,XGBoost,1,1,0.04783737286925316,0
3126,RCN09229,1209-PF-VN-IMPEQN-GENRE,Vietnam,Strict,XGBoost,1,1,0.036771561950445175,0
3127,RCN09230,1209-PF-VN-IMPEQN-GENRE,Vietnam,Strict,XGBoost,1,1,0.0431593656539917,0
3128,RCN09234,1209-PF-VN-IMPEQN-GENRE,Vietnam,Strict,XGBoost,1,1,0.9693173170089722,1
3129,RCN09235,1209-PF-VN-IMPEQN-GENRE,Vietnam,Strict,XGBoost,1,1,0.9968720078468323,1
3130,RCN09236,1209-PF-VN-IMPEQN-GENRE,Vietnam,Strict,XGBoost,1,1,0.9961580634117126,1
3131,RCN09238,1209-PF-VN-IMPEQN-GENRE,Vietnam,Strict,XGBoost,1,1,0.9968720078468323,1
3132,RCN09239,1209-PF-VN-IMPEQN-GENRE,Vietnam,Strict,XGBoost,1,0,0.12121056765317917,0
3133,RCN09240,1209-PF-VN-IMPEQN-GENRE,Vietnam,Strict,XGBoost,1,1,0.9962312579154968,1
3134,RCN09241,1209-PF-VN-IMPEQN-GENRE,Vietnam,Strict,XGBoost,1,1,0.9911870360374451,1
3135,RCN09245,1209-PF-VN-IMPEQN-GENRE,Vietnam,Strict,XGBoost,1,1,0.9949666857719421,1
3136,RCN09250,1209-PF-VN-IMPEQN-GENRE,Vietnam,Strict,XGBoost,1,1,0.9881334900856018,1
3137,RCN09251,1209-PF-VN-IMPEQN-GENRE,Vietnam,Strict,XGBoost,1,1,0.9968720078468323,1
3138,RCN09254,1209-PF-VN-IMPEQN-GENRE,Vietnam,Strict,XGBoost,1,1,0.9471305012702942,1
3139,RCN09258,1209-PF-VN-IMPEQN-GENRE,Vietnam,Strict,XGBoost,1,1,0.9938295483589172,1
3140,RCN09259,1209-PF-VN-IMPEQN-GENRE,Vietnam,Strict,XGBoost,1,1,0.9912705421447754,1
3141,RCN09260,1209-PF-VN-IMPEQN-GENRE,Vietnam,Strict,XGBoost,1,1,0.991175651550293,1
3142,RCN09261,1209-PF-VN-IMPEQN-GENRE,Vietnam,Strict,XGBoost,1,1,0.9922193288803101,1
3143,RCN09262,1209-PF-VN-IMPEQN-GENRE,Vietnam,Strict,XGBoost,1,1,0.9961580634117126,1
3144,RCN09264,1209-PF-VN-IMPEQN-GENRE,Vietnam,Strict,XGBoost,1,1,0.9934294819831848,1
3145,RCN09265,1209-PF-VN-IMPEQN-GENRE,Vietnam,Strict,XGBoost,1,1,0.9936684966087341,1
3146,RCN09266,1209-PF-VN-IMPEQN-GENRE,Vietnam,Strict,XGBoost,1,1,0.9937694668769836,1
3147,RCN09268,1209-PF-VN-IMPEQN-GENRE,Vietnam,Strict,XGBoost,1,1,0.9961580634117126,1
3148,RCN09269,1209-PF-VN-IMPEQN-GENRE,Vietnam,Strict,XGBoost,1,1,0.9857894778251648,1
3149,RCN09270,1209-PF-VN-IMPEQN-GENRE,Vietnam,Strict,XGBoost,1,1,0.9801754355430603,1
3150,RCN09271,1209-PF-VN-IMPEQN-GENRE,Vietnam,Strict,XGBoost,1,1,0.9949666857719421,1
3151,RCN09272,1209-PF-VN-IMPEQN-GENRE,Vietnam,Strict,XGBoost,1,1,0.9952985644340515,1
3152,RCN09273,1209-PF-VN-IMPEQN-GENRE,Vietnam,Strict,XGBoost,1,1,0.9886614084243774,1
3153,RCN09274,1209-PF-VN-IMPEQN-GENRE,Vietnam,Strict,XGBoost,1,1,0.9961580634117126,1
3154,RCN09276,1209-PF-VN-IMPEQN-GENRE,Vietnam,Strict,XGBoost,1,0,0.25529614090919495,0
3155,RCN09278,1209-PF-VN-IMPEQN-GENRE,Vietnam,Strict,XGBoost,1,1,0.9890000224113464,1
3156,RCN09282,1209-PF-VN-IMPEQN-GENRE,Vietnam,Strict,XGBoost,1,0,0.20169736444950104,0
3157,RCN09283,1209-PF-VN-IMPEQN-GENRE,Vietnam,Strict,XGBoost,1,1,0.988014280796051,1
3158,RCN09284,1209-PF-VN-IMPEQN-GENRE,Vietnam,Strict,XGBoost,1,1,0.9968720078468323,1
3159,RCN09285,1209-PF-VN-IMPEQN-GENRE,Vietnam,Strict,XGBoost,1,1,0.20267629623413086,0
3160,RCN09286,1209-PF-VN-IMPEQN-GENRE,Vietnam,Strict,XGBoost,1,0,0.008129360154271126,0
3601,RCN10143,1209-PF-VN-IMPEQN-GENRE,Vietnam,Strict,XGBoost,1,0,0.09363962709903717,0
3602,RCN10145,1209-PF-VN-IMPEQN-GENRE,Vietnam,Strict,XGBoost,1,0,0.3458702862262726,0
3603,RCN10151,1209-PF-VN-IMPEQN-GENRE,Vietnam,Strict,XGBoost,1,1,0.9914512038230896,1
3604,RCN10159,1209-PF-VN-IMPEQN-GENRE,Vietnam,Strict,XGBoost,1,1,0.9968720078468323,1
3605,RCN10162,1209-PF-VN-IMPEQN-GENRE,Vietnam,Strict,XGBoost,1,0,0.43480682373046875,0
3606,RCN10167,1209-PF-VN-IMPEQN-GENRE,Vietnam,Strict,XGBoost,1,1,0.8729053139686584,1
3607,RCN10168,1209-PF-VN-IMPEQN-GENRE,Vietnam,Strict,XGBoost,1,1,0.9900109171867371,1
3608,RCN10169,1209-PF-VN-IMPEQN-GENRE,Vietnam,Strict,XGBoost,1,1,0.9920005798339844,1
3609,RCN10170,1209-PF-VN-IMPEQN-GENRE,Vietnam,Strict,XGBoost,1,0,0.3208882212638855,0
3618,RCN10238,1209-PF-VN-IMPEQN-GENRE,Vietnam,Strict,XGBoost,1,1,0.9904863238334656,1
3619,RCN10244,1209-PF-VN-IMPEQN-GENRE,Vietnam,Strict,XGBoost,1,0,0.3208882212638855,0
3620,RCN10246,1209-PF-VN-IMPEQN-GENRE,Vietnam,Strict,XGBoost,1,1,0.988014280796051,1
3621,RCN10247,1209-PF-VN-IMPEQN-GENRE,Vietnam,Strict,XGBoost,1,1,0.9912705421447754,1
3622,RCN10250,1209-PF-VN-IMPEQN-GENRE,Vietnam,Strict,XGBoost,1,1,0.9882872700691223,1
3623,RCN10252,1209-PF-VN-IMPEQN-GENRE,Vietnam,Strict,XGBoost,1,1,0.9900208711624146,1
3624,RCN10254,1209-PF-VN-IMPEQN-GENRE,Vietnam,Strict,XGBoost,1,1,0.9904863238334656,1
3625,RCN10256,1209-PF-VN-IMPEQN-GENRE,Vietnam,Strict,XGBoost,1,1,0.9452956914901733,1
3626,RCN10268,1209-PF-VN-IMPEQN-GENRE,Vietnam,Strict,XGBoost,1,1,0.9784406423568726,1
3627,RCN10286,1209-PF-VN-IMPEQN-GENRE,Vietnam,Strict,XGBoost,1,1,0.9848907589912415,1
3628,RCN10290,1209-PF-VN-IMPEQN-GENRE,Vietnam,Strict,XGBoost,1,1,0.9966675639152527,1
3629,RCN10291,1209-PF-VN-IMPEQN-GENRE,Vietnam,Strict,XGBoost,1,1,0.9920060038566589,1
3630,RCN10292,1209-PF-VN-IMPEQN-GENRE,Vietnam,Strict,XGBoost,1,1,0.991175651550293,1
3631,RCN10293,1209-PF-VN-IMPEQN-GENRE,Vietnam,Strict,XGBoost,1,1,0.9916439652442932,1
3632,RCN10296,1209-PF-VN-IMPEQN-GENRE,Vietnam,Strict,XGBoost,1,1,0.9922193288803101,1
3633,RCN10297,1209-PF-VN-IMPEQN-GENRE,Vietnam,Strict,XGBoost,1,1,0.991175651550293,1
3634,RCN10298,1209-PF-VN-IMPEQN-GENRE,Vietnam,Strict,XGBoost,1,1,0.9961580634117126,1
3635,RCN10299,1209-PF-VN-IMPEQN-GENRE,Vietnam,Strict,XGBoost,1,1,0.6015246510505676,1
3636,RCN10300,1209-PF-VN-IMPEQN-GENRE,Vietnam,Strict,XGBoost,1,1,0.9936684966087341,1
3637,RCN10305,1209-PF-VN-IMPEQN-GENRE,Vietnam,Strict,XGBoost,1,1,0.9888583421707153,1
3638,RCN10306,1209-PF-VN-IMPEQN-GENRE,Vietnam,Strict,XGBoost,1,1,0.991175651550293,1
3639,RCN10307,1209-PF-VN-IMPEQN-GENRE,Vietnam,Strict,XGBoost,1,1,0.9932196736335754,1
3640,RCN10308,1209-PF-VN-IMPEQN-GENRE,Vietnam,Strict,XGBoost,1,1,0.994265615940094,1
3641,RCN10309,1209-PF-VN-IMPEQN-GENRE,Vietnam,Strict,XGBoost,1,1,0.9964812994003296,1
3642,RCN10311,1209-PF-VN-IMPEQN-GENRE,Vietnam,Strict,XGBoost,1,1,0.9949315190315247,1
3643,RCN10312,1209-PF-VN-IMPEQN-GENRE,Vietnam,Strict,XGBoost,1,1,0.9882893562316895,1
3644,RCN10313,1209-PF-VN-IMPEQN-GENRE,Vietnam,Strict,XGBoost,1,1,0.9968720078468323,1
3645,RCN10315,1209-PF-VN-IMPEQN-GENRE,Vietnam,Strict,XGBoost,1,1,0.9839943647384644,1
3646,RCN10316,1209-PF-VN-IMPEQN-GENRE,Vietnam,Strict,XGBoost,1,1,0.9923725128173828,1
3647,RCN10317,1209-PF-VN-IMPEQN-GENRE,Vietnam,Strict,XGBoost,1,1,0.993660032749176,1
3648,RCN10318,1209-PF-VN-IMPEQN-GENRE,Vietnam,Strict,XGBoost,1,1,0.991175651550293,1
3649,RCN10319,1209-PF-VN-IMPEQN-GENRE,Vietnam,Strict,XGBoost,1,1,0.8809212446212769,1
3650,RCN10320,1209-PF-VN-IMPEQN-GENRE,Vietnam,Strict,XGBoost,1,1,0.991175651550293,1
3651,RCN10321,1209-PF-VN-IMPEQN-GENRE,Vietnam,Strict,XGBoost,1,1,0.9948108196258545,1
3652,RCN10322,1209-PF-VN-IMPEQN-GENRE,Vietnam,Strict,XGBoost,1,1,0.9968720078468323,1
3653,RCN10323,1209-PF-VN-IMPEQN-GENRE,Vietnam,Strict,XGBoost,1,1,0.9968720078468323,1
3654,RCN10324,1209-PF-VN-IMPEQN-GENRE,Vietnam,Strict,XGBoost,1,1,0.9968720078468323,1
3655,RCN10325,1209-PF-VN-IMPEQN-GENRE,Vietnam,Strict,XGBoost,1,1,0.9860705733299255,1
3656,RCN10330,1209-PF-VN-IMPEQN-GENRE,Vietnam,Strict,XGBoost,1,1,0.9922193288803101,1
3657,RCN10332,1209-PF-VN-IMPEQN-GENRE,Vietnam,Strict,XGBoost,1,0,0.5087811350822449,1
3658,RCN10333,1209-PF-VN-IMPEQN-GENRE,Vietnam,Strict,XGBoost,1,1,0.988014280796051,1
3659,RCN10337,1209-PF-VN-IMPEQN-GENRE,Vietnam,Strict,XGBoost,1,1,0.9966675639152527,1
3660,RCN10338,1209-PF-VN-IMPEQN-GENRE,Vietnam,Strict,XGBoost,1,1,0.22160857915878296,0
3661,RCN10339,1209-PF-VN-IMPEQN-GENRE,Vietnam,Strict,XGBoost,1,0,0.011277850717306137,0
3662,RCN10340,1209-PF-VN-IMPEQN-GENRE,Vietnam,Strict,XGBoost,1,0,0.010751978494226933,0
3663,RCN10341,1209-PF-VN-IMPEQN-GENRE,Vietnam,Strict,XGBoost,1,0,0.018920471891760826,0
3664,RCN10345,1209-PF-VN-IMPEQN-GENRE,Vietnam,Strict,XGBoost,1,1,0.9968720078468323,1
3665,RCN10346,1209-PF-VN-IMPEQN-GENRE,Vietnam,Strict,XGBoost,1,1,0.9968720078468323,1
3666,RCN10347,1209-PF-VN-IMPEQN-GENRE,Vietnam,Strict,XGBoost,1,0,0.3208882212638855,0
3667,RCN10348,1209-PF-VN-IMPEQN-GENRE,Vietnam,Strict,XGBoost,1,1,0.988014280796051,1
3668,RCN10349,1209-PF-VN-IMPEQN-GENRE,Vietnam,Strict,XGBoost,1,0,0.11107306182384491,0
3669,RCN10350,1209-PF-VN-IMPEQN-GENRE,Vietnam,Strict,XGBoost,1,1,0.9961580634117126,1
3670,RCN10351,1209-PF-VN-IMPEQN-GENRE,Vietnam,Strict,XGBoost,1,1,0.9872178435325623,1
3671,RCN10352,1209-PF-VN-IMPEQN-GENRE,Vietnam,Strict,XGBoost,1,1,0.988014280796051,1
3672,RCN10353,1209-PF-VN-IMPEQN-GENRE,Vietnam,Strict,XGBoost,1,1,0.9961995482444763,1
3673,RCN10354,1209-PF-VN-IMPEQN-GENRE,Vietnam,Strict,XGBoost,1,1,0.993660032749176,1
3674,RCN10356,1209-PF-VN-IMPEQN-GENRE,Vietnam,Strict,XGBoost,1,0,0.3208882212638855,0
3675,RCN10357,1209-PF-VN-IMPEQN-GENRE,Vietnam,Strict,XGBoost,1,0,0.35200515389442444,0
3676,RCN10362,1209-PF-VN-IMPEQN-GENRE,Vietnam,Strict,XGBoost,1,1,0.24457880854606628,0
3677,RCN10363,1209-PF-VN-IMPEQN-GENRE,Vietnam,Strict,XGBoost,1,1,0.9952985644340515,1
3678,RCN10364,1209-PF-VN-IMPEQN-GENRE,Vietnam,Strict,XGBoost,1,1,0.9952985644340515,1
3679,RCN10365,1209-PF-VN-IMPEQN-GENRE,Vietnam,Strict,XGBoost,1,1,0.9952985644340515,1
3680,RCN10370,1209-PF-VN-IMPEQN-GENRE,Vietnam,Strict,XGBoost,1,1,0.991175651550293,1
3681,RCN10372,1209-PF-VN-IMPEQN-GENRE,Vietnam,Strict,XGBoost,1,0,0.21240317821502686,0
3682,RCN10373,1209-PF-VN-IMPEQN-GENRE,Vietnam,Strict,XGBoost,1,1,0.8023832440376282,1
3683,RCN10377,1209-PF-VN-IMPEQN-GENRE,Vietnam,Strict,XGBoost,1,1,0.991175651550293,1
3684,RCN10379,1209-PF-VN-IMPEQN-GENRE,Vietnam,Strict,XGBoost,1,1,0.991175651550293,1
3685,RCN10380,1209-PF-VN-IMPEQN-GENRE,Vietnam,Strict,XGBoost,1,0,0.022213011980056763,0
3686,RCN10381,1209-PF-VN-IMPEQN-GENRE,Vietnam,Strict,XGBoost,1,1,0.991175651550293,1
3687,RCN10382,1209-PF-VN-IMPEQN-GENRE,Vietnam,Strict,XGBoost,1,1,0.991175651550293,1
3688,RCN10384,1209-PF-VN-IMPEQN-GENRE,Vietnam,Strict,XGBoost,1,1,0.9961580634117126,1
3689,RCN10385,1209-PF-VN-IMPEQN-GENRE,Vietnam,Strict,XGBoost,1,0,0.013182726688683033,0
3690,RCN10386,1209-PF-VN-IMPEQN-GENRE,Vietnam,Strict,XGBoost,1,1,0.9376665949821472,1
3691,RCN10387,1209-PF-VN-IMPEQN-GENRE,Vietnam,Strict,XGBoost,1,1,0.9434974193572998,1
3692,RCN10388,1209-PF-VN-IMPEQN-GENRE,Vietnam,Strict,XGBoost,1,0,0.607947587966919,1
3693,RCN10390,1209-PF-VN-IMPEQN-GENRE,Vietnam,Strict,XGBoost,1,0,0.3896506428718567,0
3694,RCN10391,1209-PF-VN-IMPEQN-GENRE,Vietnam,Strict,XGBoost,1,1,0.9968720078468323,1
3695,RCN10392,1209-PF-VN-IMPEQN-GENRE,Vietnam,Strict,XGBoost,1,0,0.014883765019476414,0
3696,RCN10393,1209-PF-VN-IMPEQN-GENRE,Vietnam,Strict,XGBoost,1,0,0.014790805988013744,0
3697,RCN10396,1209-PF-VN-IMPEQN-GENRE,Vietnam,Strict,XGBoost,1,1,0.991175651550293,1
3698,RCN10397,1209-PF-VN-IMPEQN-GENRE,Vietnam,Strict,XGBoost,1,1,0.9920060038566589,1
3699,RCN10398,1209-PF-VN-IMPEQN-GENRE,Vietnam,Strict,XGBoost,1,1,0.9903074502944946,1
3700,RCN10399,1209-PF-VN-IMPEQN-GENRE,Vietnam,Strict,XGBoost,1,0,0.014790805988013744,0
3701,RCN10400,1209-PF-VN-IMPEQN-GENRE,Vietnam,Strict,XGBoost,1,0,0.014790805988013744,0
3702,RCN10401,1209-PF-VN-IMPEQN-GENRE,Vietnam,Strict,XGBoost,1,0,0.2839357554912567,0
3703,RCN10402,1209-PF-VN-IMPEQN-GENRE,Vietnam,Strict,XGBoost,1,0,0.014790805988013744,0
3704,RCN10405,1209-PF-VN-IMPEQN-GENRE,Vietnam,Strict,XGBoost,1,1,0.02291719615459442,0
3705,RCN10406,1209-PF-VN-IMPEQN-GENRE,Vietnam,Strict,XGBoost,1,0,0.8020727634429932,1
3706,RCN10689,1209-PF-VN-IMPEQN-GENRE,Vietnam,Strict,XGBoost,1,1,0.9963926672935486,1
3707,RCN10690,1209-PF-VN-IMPEQN-GENRE,Vietnam,Strict,XGBoost,1,1,0.9968720078468323,1
3708,RCN10691,1209-PF-VN-IMPEQN-GENRE,Vietnam,Strict,XGBoost,1,0,0.03525138646364212,0
3709,RCN10692,1209-PF-VN-IMPEQN-GENRE,Vietnam,Strict,XGBoost,1,1,0.991175651550293,1
3710,RCN10693,1209-PF-VN-IMPEQN-GENRE,Vietnam,Strict,XGBoost,1,1,0.9217872619628906,1
3711,RCN10694,1209-PF-VN-IMPEQN-GENRE,Vietnam,Strict,XGBoost,1,1,0.9217872619628906,1
3712,RCN10695,1209-PF-VN-IMPEQN-GENRE,Vietnam,Strict,XGBoost,1,1,0.9920005798339844,1
3713,RCN10696,1209-PF-VN-IMPEQN-GENRE,Vietnam,Strict,XGBoost,1,1,0.8810628056526184,1
3714,RCN10697,1209-PF-VN-IMPEQN-GENRE,Vietnam,Strict,XGBoost,1,1,0.991175651550293,1
3715,RCN10699,1209-PF-VN-IMPEQN-GENRE,Vietnam,Strict,XGBoost,1,1,0.9217872619628906,1
3716,RCN10703,1209-PF-VN-IMPEQN-GENRE,Vietnam,Strict,XGBoost,1,1,0.9964812994003296,1
3717,RCN10706,1209-PF-VN-IMPEQN-GENRE,Vietnam,Strict,XGBoost,1,1,0.991175651550293,1
3718,RCN10709,1209-PF-VN-IMPEQN-GENRE,Vietnam,Strict,XGBoost,1,1,0.7371280193328857,1
3719,RCN10710,1209-PF-VN-IMPEQN-GENRE,Vietnam,Strict,XGBoost,1,1,0.9922329187393188,1
3720,RCN10712,1209-PF-VN-IMPEQN-GENRE,Vietnam,Strict,XGBoost,1,1,0.9216873049736023,1
3721,RCN10715,1209-PF-VN-IMPEQN-GENRE,Vietnam,Strict,XGBoost,1,0,0.3208882212638855,0
3722,RCN10716,1209-PF-VN-IMPEQN-GENRE,Vietnam,Strict,XGBoost,1,0,0.15434227883815765,0
3723,RCN10717,1209-PF-VN-IMPEQN-GENRE,Vietnam,Strict,XGBoost,1,0,0.5735812783241272,1
3724,RCN10718,1209-PF-VN-IMPEQN-GENRE,Vietnam,Strict,XGBoost,1,0,0.1002366915345192,0
3725,RCN10719,1209-PF-VN-IMPEQN-GENRE,Vietnam,Strict,XGBoost,1,0,0.09127575159072876,0
3726,RCN10720,1209-PF-VN-IMPEQN-GENRE,Vietnam,Strict,XGBoost,1,0,0.09127575159072876,0
3727,RCN10721,1209-PF-VN-IMPEQN-GENRE,Vietnam,Strict,XGBoost,1,0,0.11113642901182175,0
3728,RCN10722,1209-PF-VN-IMPEQN-GENRE,Vietnam,Strict,XGBoost,1,1,0.9702349901199341,1
3729,RCN10723,1209-PF-VN-IMPEQN-GENRE,Vietnam,Strict,XGBoost,1,1,0.9282676577568054,1
3730,RCN10724,1209-PF-VN-IMPEQN-GENRE,Vietnam,Strict,XGBoost,1,1,0.9855639934539795,1
3731,RCN10725,1209-PF-VN-IMPEQN-GENRE,Vietnam,Strict,XGBoost,1,1,0.9945132732391357,1
3732,RCN10726,1209-PF-VN-IMPEQN-GENRE,Vietnam,Strict,XGBoost,1,1,0.9931650757789612,1
3733,RCN10727,1209-PF-VN-IMPEQN-GENRE,Vietnam,Strict,XGBoost,1,1,0.9945132732391357,1
3734,RCN10728,1209-PF-VN-IMPEQN-GENRE,Vietnam,Strict,XGBoost,1,1,0.9376665949821472,1
3735,RCN10729,1209-PF-VN-IMPEQN-GENRE,Vietnam,Strict,XGBoost,1,1,0.894749641418457,1
3736,RCN10730,1209-PF-VN-IMPEQN-GENRE,Vietnam,Strict,XGBoost,1,1,0.9968720078468323,1
3737,RCN10731,1209-PF-VN-IMPEQN-GENRE,Vietnam,Strict,XGBoost,1,0,0.3208882212638855,0
3738,RCN10732,1209-PF-VN-IMPEQN-GENRE,Vietnam,Strict,XGBoost,1,0,0.3208882212638855,0
3739,RCN10733,1209-PF-VN-IMPEQN-GENRE,Vietnam,Strict,XGBoost,1,1,0.9921138286590576,1
3740,RCN10734,1209-PF-VN-IMPEQN-GENRE,Vietnam,Strict,XGBoost,1,1,0.9357823133468628,1
3741,RCN10735,1209-PF-VN-IMPEQN-GENRE,Vietnam,Strict,XGBoost,1,1,0.9961580634117126,1
3742,RCN10736,1209-PF-VN-IMPEQN-GENRE,Vietnam,Strict,XGBoost,1,1,0.991175651550293,1
3743,RCN10737,1209-PF-VN-IMPEQN-GENRE,Vietnam,Strict,XGBoost,1,1,0.9217872619628906,1
3744,RCN10738,1209-PF-VN-IMPEQN-GENRE,Vietnam,Strict,XGBoost,1,1,0.9934713840484619,1
3745,RCN10741,1209-PF-VN-IMPEQN-GENRE,Vietnam,Strict,XGBoost,1,1,0.9961580634117126,1
3746,RCN10742,1209-PF-VN-IMPEQN-GENRE,Vietnam,Strict,XGBoost,1,1,0.9961995482444763,1
3747,RCN10743,1209-PF-VN-IMPEQN-GENRE,Vietnam,Strict,XGBoost,1,1,0.9925209283828735,1
3748,RCN10744,1209-PF-VN-IMPEQN-GENRE,Vietnam,Strict,XGBoost,1,1,0.9923725128173828,1
3749,RCN10745,1209-PF-VN-IMPEQN-GENRE,Vietnam,Strict,XGBoost,1,1,0.9961580634117126,1
3750,RCN10746,1209-PF-VN-IMPEQN-GENRE,Vietnam,Strict,XGBoost,1,1,0.9902259707450867,1
3751,RCN10752,1209-PF-VN-IMPEQN-GENRE,Vietnam,Strict,XGBoost,1,1,0.7979306578636169,1
3752,RCN10761,1209-PF-VN-IMPEQN-GENRE,Vietnam,Strict,XGBoost,1,1,0.9920060038566589,1
3753,RCN10762,1209-PF-VN-IMPEQN-GENRE,Vietnam,Strict,XGBoost,1,1,0.9963435530662537,1
3754,RCN10764,1209-PF-VN-IMPEQN-GENRE,Vietnam,Strict,XGBoost,1,1,0.9964156150817871,1
3755,RCN10766,1209-PF-VN-IMPEQN-GENRE,Vietnam,Strict,XGBoost,1,0,0.015114301815629005,0
3756,RCN10768,1209-PF-VN-IMPEQN-GENRE,Vietnam,Strict,XGBoost,1,0,0.0204996969550848,0
3757,RCN10769,1209-PF-VN-IMPEQN-GENRE,Vietnam,Strict,XGBoost,1,0,0.014962328597903252,0
3758,RCN10770,1209-PF-VN-IMPEQN-GENRE,Vietnam,Strict,XGBoost,1,1,0.7582590579986572,1
3759,RCN10772,1209-PF-VN-IMPEQN-GENRE,Vietnam,Strict,XGBoost,1,0,0.013041709549725056,0
3760,RCN10773,1209-PF-VN-IMPEQN-GENRE,Vietnam,Strict,XGBoost,1,1,0.7582590579986572,1
3761,RCN10774,1209-PF-VN-IMPEQN-GENRE,Vietnam,Strict,XGBoost,1,1,0.7564812302589417,1
3762,RCN10776,1209-PF-VN-IMPEQN-GENRE,Vietnam,Strict,XGBoost,1,0,0.022740868851542473,0
3763,RCN10777,1209-PF-VN-IMPEQN-GENRE,Vietnam,Strict,XGBoost,1,0,0.008123145438730717,0
3764,RCN10779,1209-PF-VN-IMPEQN-GENRE,Vietnam,Strict,XGBoost,1,0,0.018114382401108742,0
3765,RCN10780,1209-PF-VN-IMPEQN-GENRE,Vietnam,Strict,XGBoost,1,0,0.04206458106637001,0
3766,RCN10782,1209-PF-VN-IMPEQN-GENRE,Vietnam,Strict,XGBoost,1,0,0.018132003024220467,0
3767,RCN10785,1209-PF-VN-IMPEQN-GENRE,Vietnam,Strict,XGBoost,1,1,0.7582590579986572,1
3768,RCN10786,1209-PF-VN-IMPEQN-GENRE,Vietnam,Strict,XGBoost,1,1,0.7582590579986572,1
3769,RCN10788,1209-PF-VN-IMPEQN-GENRE,Vietnam,Strict,XGBoost,1,0,0.014868886210024357,0
3770,RCN10789,1209-PF-VN-IMPEQN-GENRE,Vietnam,Strict,XGBoost,1,0,0.011833203956484795,0
3771,RCN10790,1209-PF-VN-IMPEQN-GENRE,Vietnam,Strict,XGBoost,1,0,0.021134166046977043,0
3772,RCN10792,1209-PF-VN-IMPEQN-GENRE,Vietnam,Strict,XGBoost,1,0,0.01622832380235195,0
3773,RCN10794,1209-PF-VN-IMPEQN-GENRE,Vietnam,Strict,XGBoost,1,1,0.7582590579986572,1
3774,RCN11011,1209-PF-VN-IMPEQN-GENRE,Vietnam,Strict,XGBoost,1,0,0.7180553674697876,1
3775,RCN11012,1209-PF-VN-IMPEQN-GENRE,Vietnam,Strict,XGBoost,1,1,0.9920060038566589,1
3776,RCN11013,1209-PF-VN-IMPEQN-GENRE,Vietnam,Strict,XGBoost,1,0,0.7180553674697876,1
3777,RCN11014,1209-PF-VN-IMPEQN-GENRE,Vietnam,Strict,XGBoost,1,1,0.9962784647941589,1
3778,RCN11015,1209-PF-VN-IMPEQN-GENRE,Vietnam,Strict,XGBoost,1,1,0.9912174940109253,1
3779,RCN11016,1209-PF-VN-IMPEQN-GENRE,Vietnam,Strict,XGBoost,1,1,0.9962784647941589,1
3780,RCN11017,1209-PF-VN-IMPEQN-GENRE,Vietnam,Strict,XGBoost,1,1,0.8257161974906921,1
3781,RCN11018,1209-PF-VN-IMPEQN-GENRE,Vietnam,Strict,XGBoost,1,1,0.9914512038230896,1
3782,RCN11019,1209-PF-VN-IMPEQN-GENRE,Vietnam,Strict,XGBoost,1,1,0.9885557293891907,1
3783,RCN11020,1209-PF-VN-IMPEQN-GENRE,Vietnam,Strict,XGBoost,1,1,0.991175651550293,1
3784,RCN11021,1209-PF-VN-IMPEQN-GENRE,Vietnam,Strict,XGBoost,1,1,0.9961995482444763,1
3785,RCN11022,1209-PF-VN-IMPEQN-GENRE,Vietnam,Strict,XGBoost,1,1,0.8160971403121948,1
3786,RCN11023,1209-PF-VN-IMPEQN-GENRE,Vietnam,Strict,XGBoost,1,1,0.9767141342163086,1
3787,RCN11024,1209-PF-VN-IMPEQN-GENRE,Vietnam,Strict,XGBoost,1,1,0.8206846714019775,1
3788,RCN11025,1209-PF-VN-IMPEQN-GENRE,Vietnam,Strict,XGBoost,1,0,0.7180553674697876,1
3789,RCN11026,1209-PF-VN-IMPEQN-GENRE,Vietnam,Strict,XGBoost,1,1,0.991175651550293,1
3790,RCN11027,1209-PF-VN-IMPEQN-GENRE,Vietnam,Strict,XGBoost,1,1,0.8160971403121948,1
3791,RCN11029,1209-PF-VN-IMPEQN-GENRE,Vietnam,Strict,XGBoost,1,1,0.8478294014930725,1
3792,RCN11030,1209-PF-VN-IMPEQN-GENRE,Vietnam,Strict,XGBoost,1,1,0.9961580634117126,1
3793,RCN11032,1209-PF-VN-IMPEQN-GENRE,Vietnam,Strict,XGBoost,1,1,0.9952985644340515,1
3794,RCN11034,1209-PF-VN-IMPEQN-GENRE,Vietnam,Strict,XGBoost,1,1,0.737176239490509,1
3795,RCN11036,1209-PF-VN-IMPEQN-GENRE,Vietnam,Strict,XGBoost,1,1,0.9915804266929626,1
3796,RCN11038,1209-PF-VN-IMPEQN-GENRE,Vietnam,Strict,XGBoost,1,0,0.7789992094039917,1
3797,RCN11040,1209-PF-VN-IMPEQN-GENRE,Vietnam,Strict,XGBoost,1,1,0.991175651550293,1
3798,RCN11042,1209-PF-VN-IMPEQN-GENRE,Vietnam,Strict,XGBoost,1,1,0.9961580634117126,1
3799,RCN11043,1209-PF-VN-IMPEQN-GENRE,Vietnam,Strict,XGBoost,1,1,0.988014280796051,1
3800,RCN11045,1209-PF-VN-IMPEQN-GENRE,Vietnam,Strict,XGBoost,1,1,0.9920060038566589,1
3801,RCN11048,1209-PF-VN-IMPEQN-GENRE,Vietnam,Strict,XGBoost,1,1,0.9961995482444763,1
3802,RCN11049,1209-PF-VN-IMPEQN-GENRE,Vietnam,Strict,XGBoost,1,1,0.9282676577568054,1
3803,RCN11050,1209-PF-VN-IMPEQN-GENRE,Vietnam,Strict,XGBoost,1,1,0.9922329187393188,1
3804,RCN11054,1209-PF-VN-IMPEQN-GENRE,Vietnam,Strict,XGBoost,1,1,0.9970163106918335,1
3805,RCN11056,1209-PF-VN-IMPEQN-GENRE,Vietnam,Strict,XGBoost,1,1,0.9970163106918335,1
3806,RCN11058,1209-PF-VN-IMPEQN-GENRE,Vietnam,Strict,XGBoost,1,1,0.9963350296020508,1
3807,RCN11062,1209-PF-VN-IMPEQN-GENRE,Vietnam,Strict,XGBoost,1,1,0.9920702576637268,1
3808,RCN11063,1209-PF-VN-IMPEQN-GENRE,Vietnam,Strict,XGBoost,1,1,0.9915804266929626,1
3809,RCN11067,1209-PF-VN-IMPEQN-GENRE,Vietnam,Strict,XGBoost,1,1,0.9867760539054871,1
3810,RCN11070,1209-PF-VN-IMPEQN-GENRE,Vietnam,Strict,XGBoost,1,1,0.9893699884414673,1
3811,RCN11071,1209-PF-VN-IMPEQN-GENRE,Vietnam,Strict,XGBoost,1,1,0.9952219128608704,1
3812,RCN11072,1209-PF-VN-IMPEQN-GENRE,Vietnam,Strict,XGBoost,1,1,0.8160971403121948,1
3813,RCN11075,1209-PF-VN-IMPEQN-GENRE,Vietnam,Strict,XGBoost,1,1,0.9961580634117126,1
3814,RCN11077,1209-PF-VN-IMPEQN-GENRE,Vietnam,Strict,XGBoost,1,1,0.994769275188446,1
3815,RCN11080,1209-PF-VN-IMPEQN-GENRE,Vietnam,Strict,XGBoost,1,1,0.9888806343078613,1
3816,RCN11081,1209-PF-VN-IMPEQN-GENRE,Vietnam,Strict,XGBoost,1,1,0.9961580634117126,1
3817,RCN11085,1209-PF-VN-IMPEQN-GENRE,Vietnam,Strict,XGBoost,1,1,0.9914503693580627,1
3818,RCN11086,1209-PF-VN-IMPEQN-GENRE,Vietnam,Strict,XGBoost,1,1,0.9909079074859619,1
3819,RCN11088,1209-PF-VN-IMPEQN-GENRE,Vietnam,Strict,XGBoost,1,0,0.7141668200492859,1
3820,RCN11089,1209-PF-VN-IMPEQN-GENRE,Vietnam,Strict,XGBoost,1,1,0.8269172310829163,1
3821,RCN11094,1209-PF-VN-IMPEQN-GENRE,Vietnam,Strict,XGBoost,1,1,0.9970163106918335,1
3822,RCN11096,1209-PF-VN-IMPEQN-GENRE,Vietnam,Strict,XGBoost,1,1,0.9951984286308289,1
3823,RCN11104,1209-PF-VN-IMPEQN-GENRE,Vietnam,Strict,XGBoost,1,1,0.9970163106918335,1
3824,RCN11105,1209-PF-VN-IMPEQN-GENRE,Vietnam,Strict,XGBoost,1,1,0.9890792965888977,1
3825,RCN11106,1209-PF-VN-IMPEQN-GENRE,Vietnam,Strict,XGBoost,1,1,0.9922329187393188,1
3826,RCN11107,1209-PF-VN-IMPEQN-GENRE,Vietnam,Strict,XGBoost,1,1,0.9961580634117126,1
3827,RCN11108,1209-PF-VN-IMPEQN-GENRE,Vietnam,Strict,XGBoost,1,1,0.993660032749176,1
3828,RCN11109,1209-PF-VN-IMPEQN-GENRE,Vietnam,Strict,XGBoost,1,1,0.21459390223026276,0
3829,RCN11110,1209-PF-VN-IMPEQN-GENRE,Vietnam,Strict,XGBoost,1,1,0.9961580634117126,1
3830,RCN11111,1209-PF-VN-IMPEQN-GENRE,Vietnam,Strict,XGBoost,1,1,0.9933376312255859,1
3831,RCN11112,1209-PF-VN-IMPEQN-GENRE,Vietnam,Strict,XGBoost,1,1,0.9217872619628906,1
3832,RCN11114,1209-PF-VN-IMPEQN-GENRE,Vietnam,Strict,XGBoost,1,1,0.7024482488632202,1
3833,RCN11115,1209-PF-VN-IMPEQN-GENRE,Vietnam,Strict,XGBoost,1,1,0.3272402882575989,0
3834,RCN11118,1209-PF-VN-IMPEQN-GENRE,Vietnam,Strict,XGBoost,1,0,0.3172765374183655,0
3835,RCN11119,1209-PF-VN-IMPEQN-GENRE,Vietnam,Strict,XGBoost,1,1,0.9920005798339844,1
3836,RCN11121,1209-PF-VN-IMPEQN-GENRE,Vietnam,Strict,XGBoost,1,1,0.991175651550293,1
3837,RCN11122,1209-PF-VN-IMPEQN-GENRE,Vietnam,Strict,XGBoost,1,1,0.9943662881851196,1
3838,RCN11123,1209-PF-VN-IMPEQN-GENRE,Vietnam,Strict,XGBoost,1,0,0.28001487255096436,0
3839,RCN11124,1209-PF-VN-IMPEQN-GENRE,Vietnam,Strict,XGBoost,1,1,0.9961580634117126,1
3840,RCN11125,1209-PF-VN-IMPEQN-GENRE,Vietnam,Strict,XGBoost,1,1,0.9920060038566589,1
3841,RCN11126,1209-PF-VN-IMPEQN-GENRE,Vietnam,Strict,XGBoost,1,1,0.995049774646759,1
3842,RCN11127,1209-PF-VN-IMPEQN-GENRE,Vietnam,Strict,XGBoost,1,1,0.9366967082023621,1
3843,RCN11128,1209-PF-VN-IMPEQN-GENRE,Vietnam,Strict,XGBoost,1,1,0.9915804266929626,1
3844,RCN11129,1209-PF-VN-IMPEQN-GENRE,Vietnam,Strict,XGBoost,1,1,0.9676995277404785,1
3845,RCN11131,1209-PF-VN-IMPEQN-GENRE,Vietnam,Strict,XGBoost,1,1,0.9904863238334656,1
3846,RCN11133,1209-PF-VN-IMPEQN-GENRE,Vietnam,Strict,XGBoost,1,1,0.9963435530662537,1
3847,RCN11134,1209-PF-VN-IMPEQN-GENRE,Vietnam,Strict,XGBoost,1,1,0.9809210300445557,1
3848,RCN11135,1209-PF-VN-IMPEQN-GENRE,Vietnam,Strict,XGBoost,1,1,0.9961580634117126,1
3849,RCN11136,1209-PF-VN-IMPEQN-GENRE,Vietnam,Strict,XGBoost,1,1,0.9962784647941589,1
3850,RCN11137,1209-PF-VN-IMPEQN-GENRE,Vietnam,Strict,XGBoost,1,1,0.9961580634117126,1
3851,RCN11138,1209-PF-VN-IMPEQN-GENRE,Vietnam,Strict,XGBoost,1,1,0.9795016646385193,1
3852,RCN11139,1209-PF-VN-IMPEQN-GENRE,Vietnam,Strict,XGBoost,1,1,0.991175651550293,1
3853,RCN11141,1209-PF-VN-IMPEQN-GENRE,Vietnam,Strict,XGBoost,1,1,0.9961580634117126,1
3854,RCN11143,1209-PF-VN-IMPEQN-GENRE,Vietnam,Strict,XGBoost,1,1,0.9963350296020508,1
3855,RCN11144,1209-PF-VN-IMPEQN-GENRE,Vietnam,Strict,XGBoost,1,1,0.9915804266929626,1
3856,RCN11145,1209-PF-VN-IMPEQN-GENRE,Vietnam,Strict,XGBoost,1,1,0.5224704146385193,1
3857,RCN11146,1209-PF-VN-IMPEQN-GENRE,Vietnam,Strict,XGBoost,1,1,0.9860705733299255,1
3858,RCN11147,1209-PF-VN-IMPEQN-GENRE,Vietnam,Strict,XGBoost,1,1,0.9920060038566589,1
3859,RCN11150,1209-PF-VN-IMPEQN-GENRE,Vietnam,Strict,XGBoost,1,1,0.993660032749176,1
3860,RCN11151,1209-PF-VN-IMPEQN-GENRE,Vietnam,Strict,XGBoost,1,1,0.9961580634117126,1
3861,RCN11152,1209-PF-VN-IMPEQN-GENRE,Vietnam,Strict,XGBoost,1,1,0.9961580634117126,1
3862,RCN11153,1209-PF-VN-IMPEQN-GENRE,Vietnam,Strict,XGBoost,1,1,0.9961995482444763,1
3863,RCN11154,1209-PF-VN-IMPEQN-GENRE,Vietnam,Strict,XGBoost,1,1,0.991175651550293,1
3864,RCN11155,1209-PF-VN-IMPEQN-GENRE,Vietnam,Strict,XGBoost,1,1,0.9961580634117126,1
3865,RCN11156,1209-PF-VN-IMPEQN-GENRE,Vietnam,Strict,XGBoost,1,1,0.9797316193580627,1
3866,RCN11158,1209-PF-VN-IMPEQN-GENRE,Vietnam,Strict,XGBoost,1,1,0.991175651550293,1
3867,RCN11159,1209-PF-VN-IMPEQN-GENRE,Vietnam,Strict,XGBoost,1,1,0.9961580634117126,1
3868,RCN11160,1209-PF-VN-IMPEQN-GENRE,Vietnam,Strict,XGBoost,1,1,0.991175651550293,1
3869,RCN11161,1209-PF-VN-IMPEQN-GENRE,Vietnam,Strict,XGBoost,1,1,0.991175651550293,1
3870,RCN11162,1209-PF-VN-IMPEQN-GENRE,Vietnam,Strict,XGBoost,1,1,0.993660032749176,1
3871,RCN11163,1209-PF-VN-IMPEQN-GENRE,Vietnam,Strict,XGBoost,1,1,0.8809212446212769,1
3872,RCN11164,1209-PF-VN-IMPEQN-GENRE,Vietnam,Strict,XGBoost,1,1,0.9961580634117126,1
3873,RCN11165,1209-PF-VN-IMPEQN-GENRE,Vietnam,Strict,XGBoost,1,1,0.991175651550293,1
3874,RCN11166,1209-PF-VN-IMPEQN-GENRE,Vietnam,Strict,XGBoost,1,1,0.9961580634117126,1
3875,RCN11167,1209-PF-VN-IMPEQN-GENRE,Vietnam,Strict,XGBoost,1,1,0.991175651550293,1
3876,RCN11168,1209-PF-VN-IMPEQN-GENRE,Vietnam,Strict,XGBoost,1,1,0.988014280796051,1
3877,RCN11169,1209-PF-VN-IMPEQN-GENRE,Vietnam,Strict,XGBoost,1,1,0.9961580634117126,1
3878,RCN11170,1209-PF-VN-IMPEQN-GENRE,Vietnam,Strict,XGBoost,1,1,0.9513967633247375,1
3879,RCN11171,1209-PF-VN-IMPEQN-GENRE,Vietnam,Strict,XGBoost,1,1,0.9897477626800537,1
3880,RCN11172,1209-PF-VN-IMPEQN-GENRE,Vietnam,Strict,XGBoost,1,1,0.991175651550293,1
3881,RCN11173,1209-PF-VN-IMPEQN-GENRE,Vietnam,Strict,XGBoost,1,1,0.9963350296020508,1
3882,RCN11175,1209-PF-VN-IMPEQN-GENRE,Vietnam,Strict,XGBoost,1,1,0.9923729300498962,1
3883,RCN11176,1209-PF-VN-IMPEQN-GENRE,Vietnam,Strict,XGBoost,1,1,0.9941132664680481,1
3884,RCN11177,1209-PF-VN-IMPEQN-GENRE,Vietnam,Strict,XGBoost,1,1,0.9921101927757263,1
3885,RCN11178,1209-PF-VN-IMPEQN-GENRE,Vietnam,Strict,XGBoost,1,1,0.9920060038566589,1
3886,RCN11179,1209-PF-VN-IMPEQN-GENRE,Vietnam,Strict,XGBoost,1,1,0.9863532781600952,1
3887,RCN11181,1209-PF-VN-IMPEQN-GENRE,Vietnam,Strict,XGBoost,1,1,0.991175651550293,1
3888,RCN11182,1209-PF-VN-IMPEQN-GENRE,Vietnam,Strict,XGBoost,1,1,0.9963350296020508,1
3889,RCN11183,1209-PF-VN-IMPEQN-GENRE,Vietnam,Strict,XGBoost,1,1,0.9903074502944946,1
3890,RCN11184,1209-PF-VN-IMPEQN-GENRE,Vietnam,Strict,XGBoost,1,1,0.986671507358551,1
3891,RCN11185,1209-PF-VN-IMPEQN-GENRE,Vietnam,Strict,XGBoost,1,1,0.9896782636642456,1
3892,RCN11186,1209-PF-VN-IMPEQN-GENRE,Vietnam,Strict,XGBoost,1,1,0.9903074502944946,1
3893,RCN11187,1209-PF-VN-IMPEQN-GENRE,Vietnam,Strict,XGBoost,1,1,0.9897477626800537,1
3894,RCN11189,1209-PF-VN-IMPEQN-GENRE,Vietnam,Strict,XGBoost,1,1,0.9244544506072998,1
3895,RCN11190,1209-PF-VN-IMPEQN-GENRE,Vietnam,Strict,XGBoost,1,1,0.9908443093299866,1
3896,RCN11191,1209-PF-VN-IMPEQN-GENRE,Vietnam,Strict,XGBoost,1,0,0.16330017149448395,0
3897,RCN11192,1209-PF-VN-IMPEQN-GENRE,Vietnam,Strict,XGBoost,1,1,0.9907851219177246,1
3898,RCN11193,1209-PF-VN-IMPEQN-GENRE,Vietnam,Strict,XGBoost,1,0,0.24740879237651825,0
3899,RCN11194,1209-PF-VN-IMPEQN-GENRE,Vietnam,Strict,XGBoost,1,1,0.24457880854606628,0
3900,RCN11195,1209-PF-VN-IMPEQN-GENRE,Vietnam,Strict,XGBoost,1,1,0.036771561950445175,0
3901,RCN11196,1209-PF-VN-IMPEQN-GENRE,Vietnam,Strict,XGBoost,1,1,0.036771561950445175,0
3902,RCN11197,1209-PF-VN-IMPEQN-GENRE,Vietnam,Strict,XGBoost,1,0,0.03690498322248459,0
3903,RCN11208,1209-PF-VN-IMPEQN-GENRE,Vietnam,Strict,XGBoost,1,0,0.05632895603775978,0
3904,RCN11217,1209-PF-VN-IMPEQN-GENRE,Vietnam,Strict,XGBoost,1,0,0.05632895603775978,0
3905,RCN11221,1209-PF-VN-IMPEQN-GENRE,Vietnam,Strict,XGBoost,1,0,0.09212805330753326,0
3906,RCN11222,1209-PF-VN-IMPEQN-GENRE,Vietnam,Strict,XGBoost,1,1,0.9920060038566589,1
3907,RCN11223,1209-PF-VN-IMPEQN-GENRE,Vietnam,Strict,XGBoost,1,1,0.9912705421447754,1
3908,RCN11224,1209-PF-VN-IMPEQN-GENRE,Vietnam,Strict,XGBoost,1,1,0.991175651550293,1
3909,RCN11225,1209-PF-VN-IMPEQN-GENRE,Vietnam,Strict,XGBoost,1,1,0.9912705421447754,1
3910,RCN11228,1209-PF-VN-IMPEQN-GENRE,Vietnam,Strict,XGBoost,1,1,0.9968720078468323,1
3911,RCN11229,1209-PF-VN-IMPEQN-GENRE,Vietnam,Strict,XGBoost,1,1,0.9823688864707947,1
3912,RCN11230,1209-PF-VN-IMPEQN-GENRE,Vietnam,Strict,XGBoost,1,1,0.9054789543151855,1
3913,RCN11231,1209-PF-VN-IMPEQN-GENRE,Vietnam,Strict,XGBoost,1,1,0.9509454965591431,1
3914,RCN11232,1209-PF-VN-IMPEQN-GENRE,Vietnam,Strict,XGBoost,1,1,0.9961498975753784,1
3915,RCN11233,1209-PF-VN-IMPEQN-GENRE,Vietnam,Strict,XGBoost,1,1,0.9915804266929626,1
3916,RCN11234,1209-PF-VN-IMPEQN-GENRE,Vietnam,Strict,XGBoost,1,1,0.9915804266929626,1
3917,RCN11235,1209-PF-VN-IMPEQN-GENRE,Vietnam,Strict,XGBoost,1,0,0.6353409290313721,1
3918,RCN11236,1209-PF-VN-IMPEQN-GENRE,Vietnam,Strict,XGBoost,1,0,0.015483405441045761,0
3919,RCN11237,1209-PF-VN-IMPEQN-GENRE,Vietnam,Strict,XGBoost,1,0,0.014790805988013744,0
3920,RCN11238,1209-PF-VN-IMPEQN-GENRE,Vietnam,Strict,XGBoost,1,0,0.014790805988013744,0
3921,RCN11239,1209-PF-VN-IMPEQN-GENRE,Vietnam,Strict,XGBoost,1,0,0.014790805988013744,0
3922,RCN11240,1209-PF-VN-IMPEQN-GENRE,Vietnam,Strict,XGBoost,1,0,0.3896506428718567,0
3923,RCN11241,1209-PF-VN-IMPEQN-GENRE,Vietnam,Strict,XGBoost,1,0,0.3896506428718567,0
3924,RCN11242,1209-PF-VN-IMPEQN-GENRE,Vietnam,Strict,XGBoost,1,0,0.506608784198761,1
3925,RCN11243,1209-PF-VN-IMPEQN-GENRE,Vietnam,Strict,XGBoost,1,0,0.607947587966919,1
3926,RCN11244,1209-PF-VN-IMPEQN-GENRE,Vietnam,Strict,XGBoost,1,0,0.3896506428718567,0
3927,RCN11245,1209-PF-VN-IMPEQN-GENRE,Vietnam,Strict,XGBoost,1,0,0.014790805988013744,0
3928,RCN11246,1209-PF-VN-IMPEQN-GENRE,Vietnam,Strict,XGBoost,1,1,0.9903074502944946,1
3929,RCN11247,1209-PF-VN-IMPEQN-GENRE,Vietnam,Strict,XGBoost,1,0,0.01568809151649475,0
3930,RCN11248,1209-PF-VN-IMPEQN-GENRE,Vietnam,Strict,XGBoost,1,0,0.37358248233795166,0
3931,RCN11249,1209-PF-VN-IMPEQN-GENRE,Vietnam,Strict,XGBoost,1,0,0.610868513584137,1
3932,RCN11250,1209-PF-VN-IMPEQN-GENRE,Vietnam,Strict,XGBoost,1,0,0.01662422902882099,0
3933,RCN11251,1209-PF-VN-IMPEQN-GENRE,Vietnam,Strict,XGBoost,1,0,0.5128492116928101,1
3934,RCN11252,1209-PF-VN-IMPEQN-GENRE,Vietnam,Strict,XGBoost,1,0,0.016837824136018753,0
3935,RCN11253,1209-PF-VN-IMPEQN-GENRE,Vietnam,Strict,XGBoost,1,0,0.9325168132781982,1
3936,RCN11254,1209-PF-VN-IMPEQN-GENRE,Vietnam,Strict,XGBoost,1,0,0.010901669040322304,0
3937,RCN11255,1209-PF-VN-IMPEQN-GENRE,Vietnam,Strict,XGBoost,1,1,0.9963350296020508,1
3938,RCN11256,1209-PF-VN-IMPEQN-GENRE,Vietnam,Strict,XGBoost,1,1,0.9963350296020508,1
3939,RCN11257,1209-PF-VN-IMPEQN-GENRE,Vietnam,Strict,XGBoost,1,1,0.9920587539672852,1
3940,RCN11258,1209-PF-VN-IMPEQN-GENRE,Vietnam,Strict,XGBoost,1,1,0.9963350296020508,1
3941,RCN11259,1209-PF-VN-IMPEQN-GENRE,Vietnam,Strict,XGBoost,1,1,0.9923729300498962,1
3942,RCN11260,1209-PF-VN-IMPEQN-GENRE,Vietnam,Strict,XGBoost,1,1,0.9923729300498962,1
3943,RCN11261,1209-PF-VN-IMPEQN-GENRE,Vietnam,Strict,XGBoost,1,1,0.9953489899635315,1
3944,RCN11262,1209-PF-VN-IMPEQN-GENRE,Vietnam,Strict,XGBoost,1,1,0.9571649432182312,1
3945,RCN11265,1209-PF-VN-IMPEQN-GENRE,Vietnam,Strict,XGBoost,1,1,0.815831184387207,1
3946,RCN11266,1209-PF-VN-IMPEQN-GENRE,Vietnam,Strict,XGBoost,1,1,0.9970163106918335,1
3947,RCN11267,1209-PF-VN-IMPEQN-GENRE,Vietnam,Strict,XGBoost,1,1,0.9907851219177246,1
3948,RCN11268,1209-PF-VN-IMPEQN-GENRE,Vietnam,Strict,XGBoost,1,1,0.9861766695976257,1
3949,RCN11269,1209-PF-VN-IMPEQN-GENRE,Vietnam,Strict,XGBoost,1,1,0.9963350296020508,1
3950,RCN11270,1209-PF-VN-IMPEQN-GENRE,Vietnam,Strict,XGBoost,1,1,0.9859792590141296,1
3951,RCN11271,1209-PF-VN-IMPEQN-GENRE,Vietnam,Strict,XGBoost,1,1,0.9953213334083557,1
3952,RCN11273,1209-PF-VN-IMPEQN-GENRE,Vietnam,Strict,XGBoost,1,1,0.9906712770462036,1
3953,RCN11274,1209-PF-VN-IMPEQN-GENRE,Vietnam,Strict,XGBoost,1,1,0.9890792965888977,1
3954,RCN11275,1209-PF-VN-IMPEQN-GENRE,Vietnam,Strict,XGBoost,1,1,0.9906951189041138,1
3955,RCN11276,1209-PF-VN-IMPEQN-GENRE,Vietnam,Strict,XGBoost,1,1,0.7944868206977844,1
3956,RCN11277,1209-PF-VN-IMPEQN-GENRE,Vietnam,Strict,XGBoost,1,1,0.5581312775611877,1
3957,RCN11278,1209-PF-VN-IMPEQN-GENRE,Vietnam,Strict,XGBoost,1,1,0.9966435432434082,1
3958,RCN11282,1209-PF-VN-IMPEQN-GENRE,Vietnam,Strict,XGBoost,1,0,0.5448693633079529,1
3959,RCN11283,1209-PF-VN-IMPEQN-GENRE,Vietnam,Strict,XGBoost,1,1,0.9909199476242065,1
3960,RCN11284,1209-PF-VN-IMPEQN-GENRE,Vietnam,Strict,XGBoost,1,1,0.9900516867637634,1
3961,RCN11285,1209-PF-VN-IMPEQN-GENRE,Vietnam,Strict,XGBoost,1,1,0.9923729300498962,1
3962,RCN11286,1209-PF-VN-IMPEQN-GENRE,Vietnam,Strict,XGBoost,1,1,0.7520049214363098,1
3963,RCN11287,1209-PF-VN-IMPEQN-GENRE,Vietnam,Strict,XGBoost,1,1,0.9923729300498962,1
3964,RCN11288,1209-PF-VN-IMPEQN-GENRE,Vietnam,Strict,XGBoost,1,1,0.9949997663497925,1
3965,RCN11289,1209-PF-VN-IMPEQN-GENRE,Vietnam,Strict,XGBoost,1,1,0.9964639544487,1
3966,RCN11290,1209-PF-VN-IMPEQN-GENRE,Vietnam,Strict,XGBoost,1,1,0.6224468350410461,1
3967,RCN11292,1209-PF-VN-IMPEQN-GENRE,Vietnam,Strict,XGBoost,1,1,0.9923729300498962,1
3968,RCN11293,1209-PF-VN-IMPEQN-GENRE,Vietnam,Strict,XGBoost,1,1,0.9923729300498962,1
3969,RCN11294,1209-PF-VN-IMPEQN-GENRE,Vietnam,Strict,XGBoost,1,1,0.8269172310829163,1
3970,RCN11295,1209-PF-VN-IMPEQN-GENRE,Vietnam,Strict,XGBoost,1,1,0.9952502250671387,1
3971,RCN11298,1209-PF-VN-IMPEQN-GENRE,Vietnam,Strict,XGBoost,1,1,0.9955940842628479,1
3972,RCN11299,1209-PF-VN-IMPEQN-GENRE,Vietnam,Strict,XGBoost,1,1,0.9923729300498962,1
3973,RCN11300,1209-PF-VN-IMPEQN-GENRE,Vietnam,Strict,XGBoost,1,1,0.9961580634117126,1
3974,RCN11301,1209-PF-VN-IMPEQN-GENRE,Vietnam,Strict,XGBoost,1,1,0.995114803314209,1
3975,RCN11302,1209-PF-VN-IMPEQN-GENRE,Vietnam,Strict,XGBoost,1,1,0.9968720078468323,1
3976,RCN11303,1209-PF-VN-IMPEQN-GENRE,Vietnam,Strict,XGBoost,1,1,0.9921138286590576,1
3977,RCN11304,1209-PF-VN-IMPEQN-GENRE,Vietnam,Strict,XGBoost,1,0,0.8398798108100891,1
3978,RCN11305,1209-PF-VN-IMPEQN-GENRE,Vietnam,Strict,XGBoost,1,1,0.9921138286590576,1
3979,RCN11306,1209-PF-VN-IMPEQN-GENRE,Vietnam,Strict,XGBoost,1,1,0.9915804266929626,1
3980,RCN11307,1209-PF-VN-IMPEQN-GENRE,Vietnam,Strict,XGBoost,1,1,0.9955151677131653,1
3981,RCN11308,1209-PF-VN-IMPEQN-GENRE,Vietnam,Strict,XGBoost,1,1,0.9955151677131653,1
3982,RCN11309,1209-PF-VN-IMPEQN-GENRE,Vietnam,Strict,XGBoost,1,1,0.9964500665664673,1
3983,RCN11310,1209-PF-VN-IMPEQN-GENRE,Vietnam,Strict,XGBoost,1,0,0.010901669040322304,0
3984,RCN11312,1209-PF-VN-IMPEQN-GENRE,Vietnam,Strict,XGBoost,1,1,0.9915804266929626,1
3985,RCN11313,1209-PF-VN-IMPEQN-GENRE,Vietnam,Strict,XGBoost,1,1,0.9915804266929626,1
3986,RCN11314,1209-PF-VN-IMPEQN-GENRE,Vietnam,Strict,XGBoost,1,1,0.9915804266929626,1
3987,RCN11315,1209-PF-VN-IMPEQN-GENRE,Vietnam,Strict,XGBoost,1,1,0.790759801864624,1
3988,RCN11316,1209-PF-VN-IMPEQN-GENRE,Vietnam,Strict,XGBoost,1,1,0.8163999915122986,1
3989,RCN11317,1209-PF-VN-IMPEQN-GENRE,Vietnam,Strict,XGBoost,1,1,0.9866033792495728,1
3990,RCN11318,1209-PF-VN-IMPEQN-GENRE,Vietnam,Strict,XGBoost,1,1,0.9963350296020508,1
3991,RCN11319,1209-PF-VN-IMPEQN-GENRE,Vietnam,Strict,XGBoost,1,1,0.8275413513183594,1
3992,RCN11320,1209-PF-VN-IMPEQN-GENRE,Vietnam,Strict,XGBoost,1,1,0.9966435432434082,1
3993,RCN11321,1209-PF-VN-IMPEQN-GENRE,Vietnam,Strict,XGBoost,1,1,0.9511359333992004,1
3994,RCN11322,1209-PF-VN-IMPEQN-GENRE,Vietnam,Strict,XGBoost,1,1,0.8163999915122986,1
3995,RCN11324,1209-PF-VN-IMPEQN-GENRE,Vietnam,Strict,XGBoost,1,1,0.9909069538116455,1
3996,RCN11325,1209-PF-VN-IMPEQN-GENRE,Vietnam,Strict,XGBoost,1,1,0.9909079074859619,1
3997,RCN11326,1209-PF-VN-IMPEQN-GENRE,Vietnam,Strict,XGBoost,1,1,0.9963746666908264,1
3998,RCN11327,1209-PF-VN-IMPEQN-GENRE,Vietnam,Strict,XGBoost,1,1,0.29147201776504517,0
3999,RCN11328,1209-PF-VN-IMPEQN-GENRE,Vietnam,Strict,XGBoost,1,1,0.9963350296020508,1
4000,RCN11331,1209-PF-VN-IMPEQN-GENRE,Vietnam,Strict,XGBoost,1,1,0.9893895983695984,1
4001,RCN11332,1209-PF-VN-IMPEQN-GENRE,Vietnam,Strict,XGBoost,1,1,0.9915804266929626,1
4002,RCN11334,1209-PF-VN-IMPEQN-GENRE,Vietnam,Strict,XGBoost,1,1,0.9920060038566589,1
4003,RCN11335,1209-PF-VN-IMPEQN-GENRE,Vietnam,Strict,XGBoost,1,1,0.9964500665664673,1
4004,RCN11336,1209-PF-VN-IMPEQN-GENRE,Vietnam,Strict,XGBoost,1,1,0.9949387311935425,1
4005,RCN11337,1209-PF-VN-IMPEQN-GENRE,Vietnam,Strict,XGBoost,1,1,0.9481738805770874,1
4006,RCN11339,1209-PF-VN-IMPEQN-GENRE,Vietnam,Strict,XGBoost,1,1,0.9963350296020508,1
4007,RCN11341,1209-PF-VN-IMPEQN-GENRE,Vietnam,Strict,XGBoost,1,1,0.9481738805770874,1
4453,RCN12025,1209-PF-VN-IMPEQN-GENRE,Vietnam,Strict,XGBoost,1,1,0.9951984286308289,1
4454,RCN12026,1209-PF-VN-IMPEQN-GENRE,Vietnam,Strict,XGBoost,1,1,0.9970163106918335,1
4455,RCN12027,1209-PF-VN-IMPEQN-GENRE,Vietnam,Strict,XGBoost,1,1,0.9935573935508728,1
4456,RCN12028,1209-PF-VN-IMPEQN-GENRE,Vietnam,Strict,XGBoost,1,1,0.9970163106918335,1
4457,RCN12031,1209-PF-VN-IMPEQN-GENRE,Vietnam,Strict,XGBoost,1,1,0.9968720078468323,1
4458,RCN12032,1209-PF-VN-IMPEQN-GENRE,Vietnam,Strict,XGBoost,1,1,0.7083452343940735,1
4459,RCN12033,1209-PF-VN-IMPEQN-GENRE,Vietnam,Strict,XGBoost,1,1,0.9935029149055481,1
4460,RCN12034,1209-PF-VN-IMPEQN-GENRE,Vietnam,Strict,XGBoost,1,1,0.9963350296020508,1
4461,RCN12035,1209-PF-VN-IMPEQN-GENRE,Vietnam,Strict,XGBoost,1,1,0.9963350296020508,1
4462,RCN12036,1209-PF-VN-IMPEQN-GENRE,Vietnam,Strict,XGBoost,1,1,0.9922359585762024,1
4463,RCN12040,1209-PF-VN-IMPEQN-GENRE,Vietnam,Strict,XGBoost,1,1,0.991671085357666,1
4464,RCN12041,1209-PF-VN-IMPEQN-GENRE,Vietnam,Strict,XGBoost,1,1,0.9923729300498962,1
4465,RCN12042,1209-PF-VN-IMPEQN-GENRE,Vietnam,Strict,XGBoost,1,1,0.9963350296020508,1
4466,RCN12043,1209-PF-VN-IMPEQN-GENRE,Vietnam,Strict,XGBoost,1,1,0.9903074502944946,1
4467,RCN12044,1209-PF-VN-IMPEQN-GENRE,Vietnam,Strict,XGBoost,1,1,0.9907851219177246,1
4468,RCN12048,1209-PF-VN-IMPEQN-GENRE,Vietnam,Strict,XGBoost,1,0,0.4713704288005829,0
4469,RCN12050,1209-PF-VN-IMPEQN-GENRE,Vietnam,Strict,XGBoost,1,0,0.24438662827014923,0
4470,RCN12051,1209-PF-VN-IMPEQN-GENRE,Vietnam,Strict,XGBoost,1,0,0.6198632121086121,1
4471,RCN12052,1209-PF-VN-IMPEQN-GENRE,Vietnam,Strict,XGBoost,1,0,0.42799028754234314,0
4472,RCN12057,1209-PF-VN-IMPEQN-GENRE,Vietnam,Strict,XGBoost,1,1,0.917262852191925,1
4473,RCN12058,1209-PF-VN-IMPEQN-GENRE,Vietnam,Strict,XGBoost,1,1,0.9963350296020508,1
4474,RCN12059,1209-PF-VN-IMPEQN-GENRE,Vietnam,Strict,XGBoost,1,1,0.9915804266929626,1
4475,RCN12060,1209-PF-VN-IMPEQN-GENRE,Vietnam,Strict,XGBoost,1,0,0.010901669040322304,0
4476,RCN12063,1209-PF-VN-IMPEQN-GENRE,Vietnam,Strict,XGBoost,1,0,0.02058172971010208,0
4477,RCN12064,1209-PF-VN-IMPEQN-GENRE,Vietnam,Strict,XGBoost,1,1,0.9920060038566589,1
4478,RCN12066,1209-PF-VN-IMPEQN-GENRE,Vietnam,Strict,XGBoost,1,0,0.27253809571266174,0
4479,RCN12068,1209-PF-VN-IMPEQN-GENRE,Vietnam,Strict,XGBoost,1,1,0.9544261693954468,1
4480,RCN12070,1209-PF-VN-IMPEQN-GENRE,Vietnam,Strict,XGBoost,1,0,0.6403990983963013,1
4481,RCN12071,1209-PF-VN-IMPEQN-GENRE,Vietnam,Strict,XGBoost,1,1,0.9963350296020508,1
4482,RCN12072,1209-PF-VN-IMPEQN-GENRE,Vietnam,Strict,XGBoost,1,1,0.9885624647140503,1
4483,RCN12074,1209-PF-VN-IMPEQN-GENRE,Vietnam,Strict,XGBoost,1,1,0.9941664934158325,1
4484,RCN12075,1209-PF-VN-IMPEQN-GENRE,Vietnam,Strict,XGBoost,1,0,0.757457435131073,1
4485,RCN12076,1209-PF-VN-IMPEQN-GENRE,Vietnam,Strict,XGBoost,1,0,0.0170021653175354,0
4486,RCN12077,1209-PF-VN-IMPEQN-GENRE,Vietnam,Strict,XGBoost,1,0,0.43063580989837646,0
4487,RCN12079,1209-PF-VN-IMPEQN-GENRE,Vietnam,Strict,XGBoost,1,0,0.650679886341095,1
4488,RCN12080,1209-PF-VN-IMPEQN-GENRE,Vietnam,Strict,XGBoost,1,0,0.8063642382621765,1
4489,RCN12081,1209-PF-VN-IMPEQN-GENRE,Vietnam,Strict,XGBoost,1,0,0.011832980439066887,0
4490,RCN12082,1209-PF-VN-IMPEQN-GENRE,Vietnam,Strict,XGBoost,1,0,0.010901669040322304,0
4491,RCN12083,1209-PF-VN-IMPEQN-GENRE,Vietnam,Strict,XGBoost,1,1,0.9921818971633911,1
4492,RCN12084,1209-PF-VN-IMPEQN-GENRE,Vietnam,Strict,XGBoost,1,1,0.9920060038566589,1
4493,RCN12087,1209-PF-VN-IMPEQN-GENRE,Vietnam,Strict,XGBoost,1,1,0.9935029149055481,1
4494,RCN12088,1209-PF-VN-IMPEQN-GENRE,Vietnam,Strict,XGBoost,1,1,0.9946751594543457,1
4495,RCN12091,1209-PF-VN-IMPEQN-GENRE,Vietnam,Strict,XGBoost,1,1,0.9953489899635315,1
4496,RCN12096,1209-PF-VN-IMPEQN-GENRE,Vietnam,Strict,XGBoost,1,1,0.9970163106918335,1
4497,RCN12100,1209-PF-VN-IMPEQN-GENRE,Vietnam,Strict,XGBoost,1,1,0.9915804266929626,1
4498,RCN12103,1209-PF-VN-IMPEQN-GENRE,Vietnam,Strict,XGBoost,1,1,0.9825097322463989,1
4499,RCN12106,1209-PF-VN-IMPEQN-GENRE,Vietnam,Strict,XGBoost,1,1,0.9951984286308289,1
4500,RCN12107,1209-PF-VN-IMPEQN-GENRE,Vietnam,Strict,XGBoost,1,1,0.9819652438163757,1
4501,RCN12111,1209-PF-VN-IMPEQN-GENRE,Vietnam,Strict,XGBoost,1,1,0.9963746666908264,1
4502,RCN12112,1209-PF-VN-IMPEQN-GENRE,Vietnam,Strict,XGBoost,1,1,0.9833052754402161,1
4503,RCN12113,1209-PF-VN-IMPEQN-GENRE,Vietnam,Strict,XGBoost,1,1,0.9351757764816284,1
4504,RCN12115,1209-PF-VN-IMPEQN-GENRE,Vietnam,Strict,XGBoost,1,1,0.9919940233230591,1
4505,RCN12116,1209-PF-VN-IMPEQN-GENRE,Vietnam,Strict,XGBoost,1,1,0.9915804266929626,1
4643,RCN12676,1209-PF-VN-IMPEQN-GENRE,Vietnam,Strict,XGBoost,1,1,0.9915804266929626,1
4644,RCN12680,1209-PF-VN-IMPEQN-GENRE,Vietnam,Strict,XGBoost,1,1,0.9971746206283569,1
4645,RCN12681,1209-PF-VN-IMPEQN-GENRE,Vietnam,Strict,XGBoost,1,1,0.9934000968933105,1
4646,RCN12685,1209-PF-VN-IMPEQN-GENRE,Vietnam,Strict,XGBoost,1,0,0.3133891820907593,0
4647,RCN12688,1209-PF-VN-IMPEQN-GENRE,Vietnam,Strict,XGBoost,1,0,0.06895453482866287,0
4648,RCN12689,1209-PF-VN-IMPEQN-GENRE,Vietnam,Strict,XGBoost,1,0,0.06895453482866287,0
4649,RCN12693,1209-PF-VN-IMPEQN-GENRE,Vietnam,Strict,XGBoost,1,0,0.0671328604221344,0
4650,RCN12694,1209-PF-VN-IMPEQN-GENRE,Vietnam,Strict,XGBoost,1,0,0.06895453482866287,0
4651,RCN12696,1209-PF-VN-IMPEQN-GENRE,Vietnam,Strict,XGBoost,1,0,0.06895453482866287,0
4652,RCN12698,1209-PF-VN-IMPEQN-GENRE,Vietnam,Strict,XGBoost,1,0,0.06895453482866287,0
4653,RCN12700,1209-PF-VN-IMPEQN-GENRE,Vietnam,Strict,XGBoost,1,0,0.06895453482866287,0
4654,RCN12704,1209-PF-VN-IMPEQN-GENRE,Vietnam,Strict,XGBoost,1,0,0.06895453482866287,0
4655,RCN12708,1209-PF-VN-IMPEQN-GENRE,Vietnam,Strict,XGBoost,1,0,0.07837925106287003,0
4656,RCN12710,1209-PF-VN-IMPEQN-GENRE,Vietnam,Strict,XGBoost,1,1,0.3921850621700287,0
4657,RCN12712,1209-PF-VN-IMPEQN-GENRE,Vietnam,Strict,XGBoost,1,1,0.9955151677131653,1
4658,RCN12713,1209-PF-VN-IMPEQN-GENRE,Vietnam,Strict,XGBoost,1,1,0.9896721839904785,1
4659,RCN12716,1209-PF-VN-IMPEQN-GENRE,Vietnam,Strict,XGBoost,1,1,0.991057276725769,1
4660,RCN12720,1209-PF-VN-IMPEQN-GENRE,Vietnam,Strict,XGBoost,1,1,0.9970163106918335,1
4661,RCN12722,1209-PF-VN-IMPEQN-GENRE,Vietnam,Strict,XGBoost,1,1,0.9915804266929626,1
4662,RCN12724,1209-PF-VN-IMPEQN-GENRE,Vietnam,Strict,XGBoost,1,1,0.9963350296020508,1
4663,RCN12725,1209-PF-VN-IMPEQN-GENRE,Vietnam,Strict,XGBoost,1,1,0.9932965636253357,1
4664,RCN12726,1209-PF-VN-IMPEQN-GENRE,Vietnam,Strict,XGBoost,1,1,0.9963350296020508,1
4665,RCN12729,1209-PF-VN-IMPEQN-GENRE,Vietnam,Strict,XGBoost,1,1,0.7352861166000366,1
4666,RCN12732,1209-PF-VN-IMPEQN-GENRE,Vietnam,Strict,XGBoost,1,1,0.9915804266929626,1
4667,RCN12733,1209-PF-VN-IMPEQN-GENRE,Vietnam,Strict,XGBoost,1,1,0.9915804266929626,1
4668,RCN12734,1209-PF-VN-IMPEQN-GENRE,Vietnam,Strict,XGBoost,1,1,0.9915804266929626,1
4669,RCN12736,1209-PF-VN-IMPEQN-GENRE,Vietnam,Strict,XGBoost,1,1,0.9963350296020508,1
4670,RCN12737,1209-PF-VN-IMPEQN-GENRE,Vietnam,Strict,XGBoost,1,1,0.9951984286308289,1
4671,RCN12738,1209-PF-VN-IMPEQN-GENRE,Vietnam,Strict,XGBoost,1,1,0.9951984286308289,1
4672,RCN12740,1209-PF-VN-IMPEQN-GENRE,Vietnam,Strict,XGBoost,1,1,0.9915804266929626,1
4673,RCN12741,1209-PF-VN-IMPEQN-GENRE,Vietnam,Strict,XGBoost,1,1,0.9915804266929626,1
4674,RCN12742,1209-PF-VN-IMPEQN-GENRE,Vietnam,Strict,XGBoost,1,1,0.9915804266929626,1
4675,RCN12744,1209-PF-VN-IMPEQN-GENRE,Vietnam,Strict,XGBoost,1,1,0.9915804266929626,1
4676,RCN12745,1209-PF-VN-IMPEQN-GENRE,Vietnam,Strict,XGBoost,1,1,0.9915804266929626,1
4677,RCN12746,1209-PF-VN-IMPEQN-GENRE,Vietnam,Strict,XGBoost,1,1,0.9915804266929626,1
4678,RCN12749,1209-PF-VN-IMPEQN-GENRE,Vietnam,Strict,XGBoost,1,1,0.9923729300498962,1
4679,RCN12750,1209-PF-VN-IMPEQN-GENRE,Vietnam,Strict,XGBoost,1,0,0.06895453482866287,0
4680,RCN12751,1209-PF-VN-IMPEQN-GENRE,Vietnam,Strict,XGBoost,1,0,0.06895453482866287,0
4681,RCN12752,1209-PF-VN-IMPEQN-GENRE,Vietnam,Strict,XGBoost,1,0,0.06895453482866287,0
5173,RCN14185,1209-PF-VN-IMPEQN-GENRE,Vietnam,Strict,XGBoost,1,1,0.9915804266929626,1
5174,RCN14197,1209-PF-VN-IMPEQN-GENRE,Vietnam,Strict,XGBoost,1,1,0.9915804266929626,1
5175,RCN14210,1209-PF-VN-IMPEQN-GENRE,Vietnam,Strict,XGBoost,1,1,0.9885624647140503,1
5176,RCN14217,1209-PF-VN-IMPEQN-GENRE,Vietnam,Strict,XGBoost,1,0,0.39226940274238586,0
5177,RCN14220,1209-PF-VN-IMPEQN-GENRE,Vietnam,Strict,XGBoost,1,1,0.9361004829406738,1
5178,RCN14222,1209-PF-VN-IMPEQN-GENRE,Vietnam,Strict,XGBoost,1,1,0.9966435432434082,1
5179,RCN14223,1209-PF-VN-IMPEQN-GENRE,Vietnam,Strict,XGBoost,1,1,0.9964500665664673,1
5180,RCN14225,1209-PF-VN-IMPEQN-GENRE,Vietnam,Strict,XGBoost,1,1,0.9941843152046204,1
5181,RCN14226,1209-PF-VN-IMPEQN-GENRE,Vietnam,Strict,XGBoost,1,1,0.9970163106918335,1
5182,RCN14233,1209-PF-VN-IMPEQN-GENRE,Vietnam,Strict,XGBoost,1,1,0.9885624647140503,1
5183,RCN14234,1209-PF-VN-IMPEQN-GENRE,Vietnam,Strict,XGBoost,1,0,0.06895453482866287,0
5184,RCN14238,1209-PF-VN-IMPEQN-GENRE,Vietnam,Strict,XGBoost,1,0,0.18402747809886932,0
5185,RCN14239,1209-PF-VN-IMPEQN-GENRE,Vietnam,Strict,XGBoost,1,0,0.010901669040322304,0
5186,RCN14241,1209-PF-VN-IMPEQN-GENRE,Vietnam,Strict,XGBoost,1,1,0.9939515590667725,1
5187,RCN14243,1209-PF-VN-IMPEQN-GENRE,Vietnam,Strict,XGBoost,1,0,0.7859668731689453,1
5188,RCN14251,1209-PF-VN-IMPEQN-GENRE,Vietnam,Strict,XGBoost,1,0,0.00934475939720869,0
5189,RCN14255,1209-PF-VN-IMPEQN-GENRE,Vietnam,Strict,XGBoost,1,0,0.009993845596909523,0
5190,RCN14262,1209-PF-VN-IMPEQN-GENRE,Vietnam,Strict,XGBoost,1,1,0.9963350296020508,1
5191,RCN14263,1209-PF-VN-IMPEQN-GENRE,Vietnam,Strict,XGBoost,1,1,0.9915804266929626,1
5192,RCN14264,1209-PF-VN-IMPEQN-GENRE,Vietnam,Strict,XGBoost,1,1,0.9939515590667725,1
5193,RCN14265,1209-PF-VN-IMPEQN-GENRE,Vietnam,Strict,XGBoost,1,1,0.9935573935508728,1
5194,RCN14269,1209-PF-VN-IMPEQN-GENRE,Vietnam,Strict,XGBoost,1,1,0.9915804266929626,1
5195,RCN14270,1209-PF-VN-IMPEQN-GENRE,Vietnam,Strict,XGBoost,1,1,0.9929009675979614,1
5196,RCN14271,1209-PF-VN-IMPEQN-GENRE,Vietnam,Strict,XGBoost,1,1,0.9927228093147278,1
5197,RCN14272,1209-PF-VN-IMPEQN-GENRE,Vietnam,Strict,XGBoost,1,1,0.9915804266929626,1
5198,RCN14273,1209-PF-VN-IMPEQN-GENRE,Vietnam,Strict,XGBoost,1,1,0.9915804266929626,1
5199,RCN14276,1209-PF-VN-IMPEQN-GENRE,Vietnam,Strict,XGBoost,1,1,0.9963350296020508,1
5200,RCN14277,1209-PF-VN-IMPEQN-GENRE,Vietnam,Strict,XGBoost,1,1,0.9915804266929626,1
5201,RCN14278,1209-PF-VN-IMPEQN-GENRE,Vietnam,Strict,XGBoost,1,1,0.9915804266929626,1
5202,RCN14279,1209-PF-VN-IMPEQN-GENRE,Vietnam,Strict,XGBoost,1,1,0.9915804266929626,1
5203,RCN14280,1209-PF-VN-IMPEQN-GENRE,Vietnam,Strict,XGBoost,1,1,0.9915804266929626,1
5204,RCN14281,1209-PF-VN-IMPEQN-GENRE,Vietnam,Strict,XGBoost,1,1,0.9915804266929626,1
5205,RCN14284,1209-PF-VN-IMPEQN-GENRE,Vietnam,Strict,XGBoost,1,1,0.9915804266929626,1
5206,RCN14285,1209-PF-VN-IMPEQN-GENRE,Vietnam,Strict,XGBoost,1,1,0.9915804266929626,1
5207,RCN14286,1209-PF-VN-IMPEQN-GENRE,Vietnam,Strict,XGBoost,1,1,0.9915804266929626,1
5208,RCN14287,1209-PF-VN-IMPEQN-GENRE,Vietnam,Strict,XGBoost,1,1,0.9915804266929626,1
5209,RCN14288,1209-PF-VN-IMPEQN-GENRE,Vietnam,Strict,XGBoost,1,1,0.9939515590667725,1
5210,RCN14289,1209-PF-VN-IMPEQN-GENRE,Vietnam,Strict,XGBoost,1,1,0.9963350296020508,1
5211,RCN14291,1209-PF-VN-IMPEQN-GENRE,Vietnam,Strict,XGBoost,1,1,0.992116391658783,1
5212,RCN14292,1209-PF-VN-IMPEQN-GENRE,Vietnam,Strict,XGBoost,1,1,0.9915804266929626,1
5213,RCN14293,1209-PF-VN-IMPEQN-GENRE,Vietnam,Strict,XGBoost,1,1,0.9939515590667725,1
5214,RCN14294,1209-PF-VN-IMPEQN-GENRE,Vietnam,Strict,XGBoost,1,1,0.9915804266929626,1
5215,RCN14295,1209-PF-VN-IMPEQN-GENRE,Vietnam,Strict,XGBoost,1,1,0.9941132664680481,1
5216,RCN14296,1209-PF-VN-IMPEQN-GENRE,Vietnam,Strict,XGBoost,1,1,0.9915804266929626,1
5217,RCN14297,1209-PF-VN-IMPEQN-GENRE,Vietnam,Strict,XGBoost,1,1,0.8269172310829163,1
5218,RCN14300,1209-PF-VN-IMPEQN-GENRE,Vietnam,Strict,XGBoost,1,1,0.9923267960548401,1
5219,RCN14301,1209-PF-VN-IMPEQN-GENRE,Vietnam,Strict,XGBoost,1,1,0.9885624647140503,1
5220,RCN14302,1209-PF-VN-IMPEQN-GENRE,Vietnam,Strict,XGBoost,1,1,0.9935573935508728,1
5221,RCN14303,1209-PF-VN-IMPEQN-GENRE,Vietnam,Strict,XGBoost,1,1,0.9915804266929626,1
5222,RCN14304,1209-PF-VN-IMPEQN-GENRE,Vietnam,Strict,XGBoost,1,1,0.9915804266929626,1
5223,RCN14305,1209-PF-VN-IMPEQN-GENRE,Vietnam,Strict,XGBoost,1,1,0.9915804266929626,1
5224,RCN14309,1209-PF-VN-IMPEQN-GENRE,Vietnam,Strict,XGBoost,1,1,0.9915804266929626,1
5225,RCN14310,1209-PF-VN-IMPEQN-GENRE,Vietnam,Strict,XGBoost,1,1,0.9915804266929626,1
5226,RCN14311,1209-PF-VN-IMPEQN-GENRE,Vietnam,Strict,XGBoost,1,1,0.9885624647140503,1
5227,RCN14312,1209-PF-VN-IMPEQN-GENRE,Vietnam,Strict,XGBoost,1,1,0.9915804266929626,1
5228,RCN14313,1209-PF-VN-IMPEQN-GENRE,Vietnam,Strict,XGBoost,1,0,0.013376220129430294,0
5229,RCN14316,1209-PF-VN-IMPEQN-GENRE,Vietnam,Strict,XGBoost,1,1,0.9941614270210266,1
5230,RCN14317,1209-PF-VN-IMPEQN-GENRE,Vietnam,Strict,XGBoost,1,1,0.9915804266929626,1
5231,RCN14318,1209-PF-VN-IMPEQN-GENRE,Vietnam,Strict,XGBoost,1,1,0.9939515590667725,1
5232,RCN14319,1209-PF-VN-IMPEQN-GENRE,Vietnam,Strict,XGBoost,1,1,0.9963350296020508,1
5233,RCN14320,1209-PF-VN-IMPEQN-GENRE,Vietnam,Strict,XGBoost,1,1,0.9915804266929626,1
5234,RCN14321,1209-PF-VN-IMPEQN-GENRE,Vietnam,Strict,XGBoost,1,1,0.9929009675979614,1
5235,RCN14324,1209-PF-VN-IMPEQN-GENRE,Vietnam,Strict,XGBoost,1,1,0.9915804266929626,1
5236,RCN14325,1209-PF-VN-IMPEQN-GENRE,Vietnam,Strict,XGBoost,1,1,0.9955151677131653,1
5237,RCN14572,1209-PF-VN-IMPEQN-GENRE,Vietnam,Strict,XGBoost,1,0,0.012247019447386265,0
5238,RCN14573,1209-PF-VN-IMPEQN-GENRE,Vietnam,Strict,XGBoost,1,0,0.013680306263267994,0
5239,RCN14574,1209-PF-VN-IMPEQN-GENRE,Vietnam,Strict,XGBoost,1,0,0.013680306263267994,0
5240,RCN14575,1209-PF-VN-IMPEQN-GENRE,Vietnam,Strict,XGBoost,1,1,0.9965947270393372,1
5241,RCN14576,1209-PF-VN-IMPEQN-GENRE,Vietnam,Strict,XGBoost,1,1,0.9963350296020508,1
5242,RCN14577,1209-PF-VN-IMPEQN-GENRE,Vietnam,Strict,XGBoost,1,1,0.9935573935508728,1
5243,RCN14578,1209-PF-VN-IMPEQN-GENRE,Vietnam,Strict,XGBoost,1,1,0.9929149150848389,1
5244,RCN14580,1209-PF-VN-IMPEQN-GENRE,Vietnam,Strict,XGBoost,1,1,0.7684265971183777,1
5245,RCN14581,1209-PF-VN-IMPEQN-GENRE,Vietnam,Strict,XGBoost,1,1,0.9939515590667725,1
5246,RCN14582,1209-PF-VN-IMPEQN-GENRE,Vietnam,Strict,XGBoost,1,1,0.9951984286308289,1
5247,RCN14584,1209-PF-VN-IMPEQN-GENRE,Vietnam,Strict,XGBoost,1,0,0.009973588399589062,0
5248,RCN14585,1209-PF-VN-IMPEQN-GENRE,Vietnam,Strict,XGBoost,1,1,0.9955151677131653,1
5249,RCN14586,1209-PF-VN-IMPEQN-GENRE,Vietnam,Strict,XGBoost,1,1,0.9906495213508606,1
5250,RCN14587,1209-PF-VN-IMPEQN-GENRE,Vietnam,Strict,XGBoost,1,1,0.9939515590667725,1
5251,RCN14588,1209-PF-VN-IMPEQN-GENRE,Vietnam,Strict,XGBoost,1,1,0.9963350296020508,1
5252,RCN14589,1209-PF-VN-IMPEQN-GENRE,Vietnam,Strict,XGBoost,1,1,0.9915804266929626,1
5253,RCN14590,1209-PF-VN-IMPEQN-GENRE,Vietnam,Strict,XGBoost,1,1,0.9915804266929626,1
5254,RCN14591,1209-PF-VN-IMPEQN-GENRE,Vietnam,Strict,XGBoost,1,1,0.9970163106918335,1
5255,RCN14592,1209-PF-VN-IMPEQN-GENRE,Vietnam,Strict,XGBoost,1,1,0.9915804266929626,1
5256,RCN14593,1209-PF-VN-IMPEQN-GENRE,Vietnam,Strict,XGBoost,1,1,0.9939515590667725,1
5257,RCN14594,1209-PF-VN-IMPEQN-GENRE,Vietnam,Strict,XGBoost,1,1,0.9939515590667725,1
5258,RCN14595,1209-PF-VN-IMPEQN-GENRE,Vietnam,Strict,XGBoost,1,1,0.9939515590667725,1
5259,RCN14596,1209-PF-VN-IMPEQN-GENRE,Vietnam,Strict,XGBoost,1,1,0.9939515590667725,1
5260,RCN14597,1209-PF-VN-IMPEQN-GENRE,Vietnam,Strict,XGBoost,1,1,0.9951984286308289,1
5261,RCN14598,1209-PF-VN-IMPEQN-GENRE,Vietnam,Strict,XGBoost,1,1,0.9939515590667725,1
5262,RCN14599,1209-PF-VN-IMPEQN-GENRE,Vietnam,Strict,XGBoost,1,1,0.9930906295776367,1
5263,RCN14600,1209-PF-VN-IMPEQN-GENRE,Vietnam,Strict,XGBoost,1,1,0.9915804266929626,1
5264,RCN14601,1209-PF-VN-IMPEQN-GENRE,Vietnam,Strict,XGBoost,1,1,0.9951984286308289,1
5265,RCN14602,1209-PF-VN-IMPEQN-GENRE,Vietnam,Strict,XGBoost,1,1,0.9915804266929626,1
5266,RCN14603,1209-PF-VN-IMPEQN-GENRE,Vietnam,Strict,XGBoost,1,1,0.9915804266929626,1
5267,RCN14604,1209-PF-VN-IMPEQN-GENRE,Vietnam,Strict,XGBoost,1,1,0.9929009675979614,1
5268,RCN14605,1209-PF-VN-IMPEQN-GENRE,Vietnam,Strict,XGBoost,1,1,0.9902527332305908,1
5269,RCN14606,1209-PF-VN-IMPEQN-GENRE,Vietnam,Strict,XGBoost,1,1,0.9939515590667725,1
5270,RCN14607,1209-PF-VN-IMPEQN-GENRE,Vietnam,Strict,XGBoost,1,1,0.9970163106918335,1
5271,RCN14608,1209-PF-VN-IMPEQN-GENRE,Vietnam,Strict,XGBoost,1,1,0.9939515590667725,1
5272,RCN14609,1209-PF-VN-IMPEQN-GENRE,Vietnam,Strict,XGBoost,1,1,0.9939515590667725,1
5273,RCN14610,1209-PF-VN-IMPEQN-GENRE,Vietnam,Strict,XGBoost,1,1,0.9915804266929626,1
5274,RCN14611,1209-PF-VN-IMPEQN-GENRE,Vietnam,Strict,XGBoost,1,1,0.9939515590667725,1
5275,RCN14612,1209-PF-VN-IMPEQN-GENRE,Vietnam,Strict,XGBoost,1,1,0.9915804266929626,1
5276,RCN14613,1209-PF-VN-IMPEQN-GENRE,Vietnam,Strict,XGBoost,1,1,0.9918434023857117,1
5277,RCN14614,1209-PF-VN-IMPEQN-GENRE,Vietnam,Strict,XGBoost,1,1,0.9915804266929626,1
5278,RCN14615,1209-PF-VN-IMPEQN-GENRE,Vietnam,Strict,XGBoost,1,1,0.9951984286308289,1
5279,RCN14616,1209-PF-VN-IMPEQN-GENRE,Vietnam,Strict,XGBoost,1,1,0.9915804266929626,1
5280,RCN14617,1209-PF-VN-IMPEQN-GENRE,Vietnam,Strict,XGBoost,1,1,0.9885624647140503,1
5281,RCN14618,1209-PF-VN-IMPEQN-GENRE,Vietnam,Strict,XGBoost,1,1,0.9939515590667725,1
5282,RCN14620,1209-PF-VN-IMPEQN-GENRE,Vietnam,Strict,XGBoost,1,1,0.9910308122634888,1
5283,RCN14621,1209-PF-VN-IMPEQN-GENRE,Vietnam,Strict,XGBoost,1,1,0.9927228093147278,1
5284,RCN14622,1209-PF-VN-IMPEQN-GENRE,Vietnam,Strict,XGBoost,1,1,0.9915804266929626,1
5285,RCN14623,1209-PF-VN-IMPEQN-GENRE,Vietnam,Strict,XGBoost,1,1,0.9939515590667725,1
5286,RCN14624,1209-PF-VN-IMPEQN-GENRE,Vietnam,Strict,XGBoost,1,1,0.9939515590667725,1
5287,RCN14625,1209-PF-VN-IMPEQN-GENRE,Vietnam,Strict,XGBoost,1,1,0.9915804266929626,1
5288,RCN14626,1209-PF-VN-IMPEQN-GENRE,Vietnam,Strict,XGBoost,1,1,0.8832705020904541,1
5289,RCN14627,1209-PF-VN-IMPEQN-GENRE,Vietnam,Strict,XGBoost,1,1,0.9922359585762024,1
5290,RCN14628,1209-PF-VN-IMPEQN-GENRE,Vietnam,Strict,XGBoost,1,1,0.9939515590667725,1
5291,RCN14629,1209-PF-VN-IMPEQN-GENRE,Vietnam,Strict,XGBoost,1,1,0.9939515590667725,1
5292,RCN14630,1209-PF-VN-IMPEQN-GENRE,Vietnam,Strict,XGBoost,1,0,0.7928056120872498,1
5293,RCN14631,1209-PF-VN-IMPEQN-GENRE,Vietnam,Strict,XGBoost,1,1,0.991671085357666,1
5294,RCN14632,1209-PF-VN-IMPEQN-GENRE,Vietnam,Strict,XGBoost,1,1,0.9936770796775818,1
5295,RCN14633,1209-PF-VN-IMPEQN-GENRE,Vietnam,Strict,XGBoost,1,1,0.8802963495254517,1
5296,RCN14634,1209-PF-VN-IMPEQN-GENRE,Vietnam,Strict,XGBoost,1,1,0.9938202500343323,1
5297,RCN14635,1209-PF-VN-IMPEQN-GENRE,Vietnam,Strict,XGBoost,1,1,0.9915804266929626,1
5298,RCN14636,1209-PF-VN-IMPEQN-GENRE,Vietnam,Strict,XGBoost,1,1,0.9939515590667725,1
5299,RCN14638,1209-PF-VN-IMPEQN-GENRE,Vietnam,Strict,XGBoost,1,1,0.9838793873786926,1
5300,RCN14639,1209-PF-VN-IMPEQN-GENRE,Vietnam,Strict,XGBoost,1,1,0.9915804266929626,1
5301,RCN14640,1209-PF-VN-IMPEQN-GENRE,Vietnam,Strict,XGBoost,1,1,0.9968211650848389,1
5302,RCN14641,1209-PF-VN-IMPEQN-GENRE,Vietnam,Strict,XGBoost,1,1,0.9915804266929626,1
5303,RCN14642,1209-PF-VN-IMPEQN-GENRE,Vietnam,Strict,XGBoost,1,1,0.8123600482940674,1
5304,RCN14643,1209-PF-VN-IMPEQN-GENRE,Vietnam,Strict,XGBoost,1,1,0.9939515590667725,1
5305,RCN14644,1209-PF-VN-IMPEQN-GENRE,Vietnam,Strict,XGBoost,1,1,0.9915804266929626,1
5306,RCN14645,1209-PF-VN-IMPEQN-GENRE,Vietnam,Strict,XGBoost,1,1,0.9939515590667725,1
5307,RCN14646,1209-PF-VN-IMPEQN-GENRE,Vietnam,Strict,XGBoost,1,1,0.9915804266929626,1
5308,RCN14647,1209-PF-VN-IMPEQN-GENRE,Vietnam,Strict,XGBoost,1,1,0.9939596652984619,1
5309,RCN14648,1209-PF-VN-IMPEQN-GENRE,Vietnam,Strict,XGBoost,1,1,0.9915804266929626,1
5310,RCN14649,1209-PF-VN-IMPEQN-GENRE,Vietnam,Strict,XGBoost,1,1,0.9915804266929626,1
5311,RCN14650,1209-PF-VN-IMPEQN-GENRE,Vietnam,Strict,XGBoost,1,1,0.9970163106918335,1
5312,RCN14651,1209-PF-VN-IMPEQN-GENRE,Vietnam,Strict,XGBoost,1,1,0.9907851219177246,1
5313,RCN14652,1209-PF-VN-IMPEQN-GENRE,Vietnam,Strict,XGBoost,1,1,0.9915804266929626,1
5314,RCN14653,1209-PF-VN-IMPEQN-GENRE,Vietnam,Strict,XGBoost,1,1,0.9935573935508728,1
5315,RCN14654,1209-PF-VN-IMPEQN-GENRE,Vietnam,Strict,XGBoost,1,1,0.9915804266929626,1
5316,RCN14655,1209-PF-VN-IMPEQN-GENRE,Vietnam,Strict,XGBoost,1,1,0.9918434023857117,1
5317,RCN14656,1209-PF-VN-IMPEQN-GENRE,Vietnam,Strict,XGBoost,1,1,0.9915804266929626,1
5318,RCN14657,1209-PF-VN-IMPEQN-GENRE,Vietnam,Strict,XGBoost,1,1,0.9915804266929626,1
5319,RCN14658,1209-PF-VN-IMPEQN-GENRE,Vietnam,Strict,XGBoost,1,1,0.992116391658783,1
5320,RCN14659,1209-PF-VN-IMPEQN-GENRE,Vietnam,Strict,XGBoost,1,1,0.9882684946060181,1
5321,RCN14660,1209-PF-VN-IMPEQN-GENRE,Vietnam,Strict,XGBoost,1,1,0.9963350296020508,1
5322,RCN14661,1209-PF-VN-IMPEQN-GENRE,Vietnam,Strict,XGBoost,1,1,0.9930205941200256,1
5323,RCN14662,1209-PF-VN-IMPEQN-GENRE,Vietnam,Strict,XGBoost,1,1,0.9939515590667725,1
5324,RCN14663,1209-PF-VN-IMPEQN-GENRE,Vietnam,Strict,XGBoost,1,1,0.9965589642524719,1
5325,RCN14664,1209-PF-VN-IMPEQN-GENRE,Vietnam,Strict,XGBoost,1,1,0.9929009675979614,1
5326,RCN14665,1209-PF-VN-IMPEQN-GENRE,Vietnam,Strict,XGBoost,1,1,0.9963350296020508,1
5327,RCN14666,1209-PF-VN-IMPEQN-GENRE,Vietnam,Strict,XGBoost,1,0,0.07749468088150024,0
5328,RCN14667,1209-PF-VN-IMPEQN-GENRE,Vietnam,Strict,XGBoost,1,1,0.8016065955162048,1
5329,RCN14672,1209-PF-VN-IMPEQN-GENRE,Vietnam,Strict,XGBoost,1,0,0.6350473165512085,1
5330,RCN14673,1209-PF-VN-IMPEQN-GENRE,Vietnam,Strict,XGBoost,1,0,0.8063642382621765,1
5331,RCN14674,1209-PF-VN-IMPEQN-GENRE,Vietnam,Strict,XGBoost,1,1,0.9935573935508728,1
5332,RCN14675,1209-PF-VN-IMPEQN-GENRE,Vietnam,Strict,XGBoost,1,1,0.9906885623931885,1
5333,RCN14676,1209-PF-VN-IMPEQN-GENRE,Vietnam,Strict,XGBoost,1,1,0.9915804266929626,1
5334,RCN14677,1209-PF-VN-IMPEQN-GENRE,Vietnam,Strict,XGBoost,1,0,0.6350473165512085,1
5335,RCN14680,1209-PF-VN-IMPEQN-GENRE,Vietnam,Strict,XGBoost,1,0,0.09877288341522217,0
5336,RCN14681,1209-PF-VN-IMPEQN-GENRE,Vietnam,Strict,XGBoost,1,1,0.989774227142334,1
5337,RCN14682,1209-PF-VN-IMPEQN-GENRE,Vietnam,Strict,XGBoost,1,1,0.9909223914146423,1
5338,RCN14683,1209-PF-VN-IMPEQN-GENRE,Vietnam,Strict,XGBoost,1,1,0.9894452691078186,1
5339,RCN14684,1209-PF-VN-IMPEQN-GENRE,Vietnam,Strict,XGBoost,1,1,0.9949387311935425,1
5340,RCN14685,1209-PF-VN-IMPEQN-GENRE,Vietnam,Strict,XGBoost,1,1,0.9909223914146423,1
5341,RCN14688,1209-PF-VN-IMPEQN-GENRE,Vietnam,Strict,XGBoost,1,1,0.9955151677131653,1
5342,RCN14689,1209-PF-VN-IMPEQN-GENRE,Vietnam,Strict,XGBoost,1,0,0.010959447361528873,0
5343,RCN14691,1209-PF-VN-IMPEQN-GENRE,Vietnam,Strict,XGBoost,1,0,0.009202198125422001,0
5344,RCN14693,1209-PF-VN-IMPEQN-GENRE,Vietnam,Strict,XGBoost,1,0,0.010959447361528873,0
5345,RCN14696,1209-PF-VN-IMPEQN-GENRE,Vietnam,Strict,XGBoost,1,0,0.08055786788463593,0
5346,RCN14697,1209-PF-VN-IMPEQN-GENRE,Vietnam,Strict,XGBoost,1,0,0.7895352244377136,1
5347,RCN14698,1209-PF-VN-IMPEQN-GENRE,Vietnam,Strict,XGBoost,1,1,0.9885624647140503,1
5348,RCN14699,1209-PF-VN-IMPEQN-GENRE,Vietnam,Strict,XGBoost,1,1,0.9963350296020508,1
5349,RCN14700,1209-PF-VN-IMPEQN-GENRE,Vietnam,Strict,XGBoost,1,1,0.9970163106918335,1
5350,RCN14701,1209-PF-VN-IMPEQN-GENRE,Vietnam,Strict,XGBoost,1,1,0.9915804266929626,1
5351,RCN14705,1209-PF-VN-IMPEQN-GENRE,Vietnam,Strict,XGBoost,1,1,0.9957536458969116,1
5352,RCN14706,1209-PF-VN-IMPEQN-GENRE,Vietnam,Strict,XGBoost,1,1,0.9970163106918335,1
5353,RCN14707,1209-PF-VN-IMPEQN-GENRE,Vietnam,Strict,XGBoost,1,1,0.9915804266929626,1
5354,RCN14708,1209-PF-VN-IMPEQN-GENRE,Vietnam,Strict,XGBoost,1,1,0.9963350296020508,1
5355,RCN14709,1209-PF-VN-IMPEQN-GENRE,Vietnam,Strict,XGBoost,1,1,0.9963350296020508,1
5356,RCN14712,1209-PF-VN-IMPEQN-GENRE,Vietnam,Strict,XGBoost,1,1,0.9909223914146423,1
5357,RCN14713,1209-PF-VN-IMPEQN-GENRE,Vietnam,Strict,XGBoost,1,1,0.9965589642524719,1
5358,RCN14714,1209-PF-VN-IMPEQN-GENRE,Vietnam,Strict,XGBoost,1,1,0.9964500665664673,1
5359,RCN14715,1209-PF-VN-IMPEQN-GENRE,Vietnam,Strict,XGBoost,1,1,0.9970163106918335,1
5360,RCN14717,1209-PF-VN-IMPEQN-GENRE,Vietnam,Strict,XGBoost,1,1,0.993650496006012,1
5361,RCN14719,1209-PF-VN-IMPEQN-GENRE,Vietnam,Strict,XGBoost,1,1,0.8566662073135376,1
5362,RCN14720,1209-PF-VN-IMPEQN-GENRE,Vietnam,Strict,XGBoost,1,1,0.9941132664680481,1
5363,RCN14721,1209-PF-VN-IMPEQN-GENRE,Vietnam,Strict,XGBoost,1,1,0.9963350296020508,1
5364,RCN14722,1209-PF-VN-IMPEQN-GENRE,Vietnam,Strict,XGBoost,1,1,0.8337073922157288,1
5365,RCN14723,1209-PF-VN-IMPEQN-GENRE,Vietnam,Strict,XGBoost,1,1,0.9951984286308289,1
5366,RCN14724,1209-PF-VN-IMPEQN-GENRE,Vietnam,Strict,XGBoost,1,0,0.06895453482866287,0
5367,RCN14725,1209-PF-VN-IMPEQN-GENRE,Vietnam,Strict,XGBoost,1,0,0.06895453482866287,0
5368,RCN14727,1209-PF-VN-IMPEQN-GENRE,Vietnam,Strict,XGBoost,1,0,0.0671328604221344,0
5369,RCN14728,1209-PF-VN-IMPEQN-GENRE,Vietnam,Strict,XGBoost,1,0,0.07128485292196274,0
5370,RCN14729,1209-PF-VN-IMPEQN-GENRE,Vietnam,Strict,XGBoost,1,0,0.07698604464530945,0
5371,RCN14730,1209-PF-VN-IMPEQN-GENRE,Vietnam,Strict,XGBoost,1,0,0.07128485292196274,0
5372,RCN14731,1209-PF-VN-IMPEQN-GENRE,Vietnam,Strict,XGBoost,1,0,0.06895453482866287,0
5373,RCN14732,1209-PF-VN-IMPEQN-GENRE,Vietnam,Strict,XGBoost,1,0,0.07128485292196274,0
5374,RCN14733,1209-PF-VN-IMPEQN-GENRE,Vietnam,Strict,XGBoost,1,0,0.06895453482866287,0
5375,RCN14738,1209-PF-VN-IMPEQN-GENRE,Vietnam,Strict,XGBoost,1,1,0.9963350296020508,1
5376,RCN14739,1209-PF-VN-IMPEQN-GENRE,Vietnam,Strict,XGBoost,1,0,0.7194246649742126,1
5377,RCN14740,1209-PF-VN-IMPEQN-GENRE,Vietnam,Strict,XGBoost,1,0,0.7527183294296265,1
5378,RCN14741,1209-PF-VN-IMPEQN-GENRE,Vietnam,Strict,XGBoost,1,0,0.8226609826087952,1
5379,RCN14744,1209-PF-VN-IMPEQN-GENRE,Vietnam,Strict,XGBoost,1,1,0.9885624647140503,1
5380,RCN14746,1209-PF-VN-IMPEQN-GENRE,Vietnam,Strict,XGBoost,1,1,0.9929009675979614,1
5381,RCN14748,1209-PF-VN-IMPEQN-GENRE,Vietnam,Strict,XGBoost,1,1,0.9915804266929626,1
5382,RCN14752,1209-PF-VN-IMPEQN-GENRE,Vietnam,Strict,XGBoost,1,1,0.9915804266929626,1
5383,RCN14753,1209-PF-VN-IMPEQN-GENRE,Vietnam,Strict,XGBoost,1,1,0.9915804266929626,1
5384,RCN14754,1209-PF-VN-IMPEQN-GENRE,Vietnam,Strict,XGBoost,1,1,0.9929009675979614,1
5385,RCN14755,1209-PF-VN-IMPEQN-GENRE,Vietnam,Strict,XGBoost,1,1,0.9941132664680481,1
5386,RCN14756,1209-PF-VN-IMPEQN-GENRE,Vietnam,Strict,XGBoost,1,1,0.8269172310829163,1
5387,RCN14757,1209-PF-VN-IMPEQN-GENRE,Vietnam,Strict,XGBoost,1,1,0.9939515590667725,1
5388,RCN14760,1209-PF-VN-IMPEQN-GENRE,Vietnam,Strict,XGBoost,1,1,0.9915804266929626,1
5389,RCN14762,1209-PF-VN-IMPEQN-GENRE,Vietnam,Strict,XGBoost,1,1,0.9963350296020508,1
5390,RCN14763,1209-PF-VN-IMPEQN-GENRE,Vietnam,Strict,XGBoost,1,1,0.9915804266929626,1
5391,RCN14766,1209-PF-VN-IMPEQN-GENRE,Vietnam,Strict,XGBoost,1,1,0.9915804266929626,1
5392,RCN14770,1209-PF-VN-IMPEQN-GENRE,Vietnam,Strict,XGBoost,1,1,0.9915804266929626,1
5393,RCN14771,1209-PF-VN-IMPEQN-GENRE,Vietnam,Strict,XGBoost,1,1,0.8269172310829163,1
5394,RCN14776,1209-PF-VN-IMPEQN-GENRE,Vietnam,Strict,XGBoost,1,1,0.9935573935508728,1
5395,RCN14777,1209-PF-VN-IMPEQN-GENRE,Vietnam,Strict,XGBoost,1,1,0.8269172310829163,1
5396,RCN14787,1209-PF-VN-IMPEQN-GENRE,Vietnam,Strict,XGBoost,1,1,0.9915804266929626,1
5397,RCN14794,1209-PF-VN-IMPEQN-GENRE,Vietnam,Strict,XGBoost,1,1,0.9915804266929626,1
5398,RCN14795,1209-PF-VN-IMPEQN-GENRE,Vietnam,Strict,XGBoost,1,1,0.8269172310829163,1
5399,RCN14799,1209-PF-VN-IMPEQN-GENRE,Vietnam,Strict,XGBoost,1,1,0.8269172310829163,1
5400,RCN14800,1209-PF-VN-IMPEQN-GENRE,Vietnam,Strict,XGBoost,1,1,0.8444527387619019,1
5401,RCN14802,1209-PF-VN-IMPEQN-GENRE,Vietnam,Strict,XGBoost,1,1,0.9927228093147278,1
5402,RCN14803,1209-PF-VN-IMPEQN-GENRE,Vietnam,Strict,XGBoost,1,1,0.9935573935508728,1
5403,RCN14807,1209-PF-VN-IMPEQN-GENRE,Vietnam,Strict,XGBoost,1,1,0.9915804266929626,1
5404,RCN14809,1209-PF-VN-IMPEQN-GENRE,Vietnam,Strict,XGBoost,1,1,0.9895585775375366,1
5405,RCN14810,1209-PF-VN-IMPEQN-GENRE,Vietnam,Strict,XGBoost,1,1,0.9915804266929626,1
5406,RCN14811,1209-PF-VN-IMPEQN-GENRE,Vietnam,Strict,XGBoost,1,1,0.8269172310829163,1
5407,RCN14814,1209-PF-VN-IMPEQN-GENRE,Vietnam,Strict,XGBoost,1,1,0.9915804266929626,1
5408,RCN14815,1209-PF-VN-IMPEQN-GENRE,Vietnam,Strict,XGBoost,1,1,0.9970163106918335,1
5409,RCN14816,1209-PF-VN-IMPEQN-GENRE,Vietnam,Strict,XGBoost,1,1,0.9915804266929626,1
5410,RCN14818,1209-PF-VN-IMPEQN-GENRE,Vietnam,Strict,XGBoost,1,1,0.9915804266929626,1
5411,RCN14819,1209-PF-VN-IMPEQN-GENRE,Vietnam,Strict,XGBoost,1,1,0.9915804266929626,1
5412,RCN14827,1209-PF-VN-IMPEQN-GENRE,Vietnam,Strict,XGBoost,1,1,0.9915804266929626,1
5413,RCN14834,1209-PF-VN-IMPEQN-GENRE,Vietnam,Strict,XGBoost,1,1,0.9939515590667725,1
5414,RCN14835,1209-PF-VN-IMPEQN-GENRE,Vietnam,Strict,XGBoost,1,1,0.9915804266929626,1
5415,RCN14839,1209-PF-VN-IMPEQN-GENRE,Vietnam,Strict,XGBoost,1,1,0.9915804266929626,1
5416,RCN14840,1209-PF-VN-IMPEQN-GENRE,Vietnam,Strict,XGBoost,1,1,0.9915804266929626,1
5417,RCN14841,1209-PF-VN-IMPEQN-GENRE,Vietnam,Strict,XGBoost,1,1,0.9930049777030945,1
5418,RCN14843,1209-PF-VN-IMPEQN-GENRE,Vietnam,Strict,XGBoost,1,1,0.9915804266929626,1
5419,RCN14847,1209-PF-VN-IMPEQN-GENRE,Vietnam,Strict,XGBoost,1,1,0.9915804266929626,1
5420,RCN14848,1209-PF-VN-IMPEQN-GENRE,Vietnam,Strict,XGBoost,1,1,0.8269172310829163,1
5421,RCN14849,1209-PF-VN-IMPEQN-GENRE,Vietnam,Strict,XGBoost,1,1,0.9915804266929626,1
5422,RCN14850,1209-PF-VN-IMPEQN-GENRE,Vietnam,Strict,XGBoost,1,1,0.9927228093147278,1
5423,RCN14851,1209-PF-VN-IMPEQN-GENRE,Vietnam,Strict,XGBoost,1,1,0.9941132664680481,1
5819,RCN15829,1209-PF-VN-IMPEQN-GENRE,Vietnam,Strict,XGBoost,1,1,0.9925810098648071,1
5820,RCN15837,1209-PF-VN-IMPEQN-GENRE,Vietnam,Strict,XGBoost,1,1,0.9963350296020508,1
5821,RCN15845,1209-PF-VN-IMPEQN-GENRE,Vietnam,Strict,XGBoost,1,1,0.9955151677131653,1
5822,RCN15851,1209-PF-VN-IMPEQN-GENRE,Vietnam,Strict,XGBoost,1,0,0.09732025116682053,0
5823,RCN15853,1209-PF-VN-IMPEQN-GENRE,Vietnam,Strict,XGBoost,1,0,0.018923785537481308,0
5824,RCN15861,1209-PF-VN-IMPEQN-GENRE,Vietnam,Strict,XGBoost,1,0,0.01733294129371643,0
5825,RCN15869,1209-PF-VN-IMPEQN-GENRE,Vietnam,Strict,XGBoost,1,1,0.9923729300498962,1
5826,RCN15872,1209-PF-VN-IMPEQN-GENRE,Vietnam,Strict,XGBoost,1,1,0.9149277806282043,1
5827,RCN15876,1209-PF-VN-IMPEQN-GENRE,Vietnam,Strict,XGBoost,1,1,0.9923729300498962,1
5828,RCN15877,1209-PF-VN-IMPEQN-GENRE,Vietnam,Strict,XGBoost,1,0,0.00907459482550621,0
5829,RCN15878,1209-PF-VN-IMPEQN-GENRE,Vietnam,Strict,XGBoost,1,1,0.9932481050491333,1
5830,RCN15879,1209-PF-VN-IMPEQN-GENRE,Vietnam,Strict,XGBoost,1,1,0.9932481050491333,1
5831,RCN15885,1209-PF-VN-IMPEQN-GENRE,Vietnam,Strict,XGBoost,1,1,0.9970404505729675,1
5832,RCN15887,1209-PF-VN-IMPEQN-GENRE,Vietnam,Strict,XGBoost,1,1,0.8133547306060791,1
5833,RCN15888,1209-PF-VN-IMPEQN-GENRE,Vietnam,Strict,XGBoost,1,1,0.9970404505729675,1
5834,RCN15889,1209-PF-VN-IMPEQN-GENRE,Vietnam,Strict,XGBoost,1,1,0.7927995920181274,1
5835,RCN15893,1209-PF-VN-IMPEQN-GENRE,Vietnam,Strict,XGBoost,1,1,0.9481738805770874,1
5836,RCN15894,1209-PF-VN-IMPEQN-GENRE,Vietnam,Strict,XGBoost,1,1,0.9923729300498962,1
5837,RCN15895,1209-PF-VN-IMPEQN-GENRE,Vietnam,Strict,XGBoost,1,1,0.9454259872436523,1
5838,RCN15896,1209-PF-VN-IMPEQN-GENRE,Vietnam,Strict,XGBoost,1,1,0.9544727206230164,1
5839,RCN15897,1209-PF-VN-IMPEQN-GENRE,Vietnam,Strict,XGBoost,1,1,0.7706371545791626,1
5840,RCN15899,1209-PF-VN-IMPEQN-GENRE,Vietnam,Strict,XGBoost,1,1,0.9577612280845642,1
5841,RCN15903,1209-PF-VN-IMPEQN-GENRE,Vietnam,Strict,XGBoost,1,1,0.9929009675979614,1
5842,RCN15904,1209-PF-VN-IMPEQN-GENRE,Vietnam,Strict,XGBoost,1,0,0.009577629156410694,0
5843,RCN15905,1209-PF-VN-IMPEQN-GENRE,Vietnam,Strict,XGBoost,1,1,0.8841387629508972,1
5844,RCN15908,1209-PF-VN-IMPEQN-GENRE,Vietnam,Strict,XGBoost,1,1,0.9915804266929626,1
5845,RCN15911,1209-PF-VN-IMPEQN-GENRE,Vietnam,Strict,XGBoost,1,1,0.9970163106918335,1
5846,RCN15912,1209-PF-VN-IMPEQN-GENRE,Vietnam,Strict,XGBoost,1,1,0.9964500665664673,1
5847,RCN15913,1209-PF-VN-IMPEQN-GENRE,Vietnam,Strict,XGBoost,1,1,0.99506014585495,1
5848,RCN15917,1209-PF-VN-IMPEQN-GENRE,Vietnam,Strict,XGBoost,1,1,0.9970404505729675,1
5849,RCN15920,1209-PF-VN-IMPEQN-GENRE,Vietnam,Strict,XGBoost,1,1,0.9197117686271667,1
5850,RCN15921,1209-PF-VN-IMPEQN-GENRE,Vietnam,Strict,XGBoost,1,1,0.9936570525169373,1
5851,RCN15926,1209-PF-VN-IMPEQN-GENRE,Vietnam,Strict,XGBoost,1,1,0.99506014585495,1
5852,RCN15927,1209-PF-VN-IMPEQN-GENRE,Vietnam,Strict,XGBoost,1,1,0.8799378871917725,1
5853,RCN15928,1209-PF-VN-IMPEQN-GENRE,Vietnam,Strict,XGBoost,1,1,0.9931948184967041,1
5854,RCN15930,1209-PF-VN-IMPEQN-GENRE,Vietnam,Strict,XGBoost,1,1,0.9970404505729675,1
5855,RCN15932,1209-PF-VN-IMPEQN-GENRE,Vietnam,Strict,XGBoost,1,1,0.9177553653717041,1
5856,RCN15934,1209-PF-VN-IMPEQN-GENRE,Vietnam,Strict,XGBoost,1,1,0.9909734129905701,1
5857,RCN15936,1209-PF-VN-IMPEQN-GENRE,Vietnam,Strict,XGBoost,1,1,0.9972600936889648,1
5858,RCN15937,1209-PF-VN-IMPEQN-GENRE,Vietnam,Strict,XGBoost,1,1,0.8799378871917725,1
5859,RCN15942,1209-PF-VN-IMPEQN-GENRE,Vietnam,Strict,XGBoost,1,1,0.9931948184967041,1
5860,RCN15943,1209-PF-VN-IMPEQN-GENRE,Vietnam,Strict,XGBoost,1,1,0.9876377582550049,1
5861,RCN15944,1209-PF-VN-IMPEQN-GENRE,Vietnam,Strict,XGBoost,1,1,0.9940552711486816,1
5862,RCN15946,1209-PF-VN-IMPEQN-GENRE,Vietnam,Strict,XGBoost,1,1,0.9931948184967041,1
5863,RCN15948,1209-PF-VN-IMPEQN-GENRE,Vietnam,Strict,XGBoost,1,1,0.8994318842887878,1
5864,RCN15949,1209-PF-VN-IMPEQN-GENRE,Vietnam,Strict,XGBoost,1,1,0.9970404505729675,1
5865,RCN15950,1209-PF-VN-IMPEQN-GENRE,Vietnam,Strict,XGBoost,1,1,0.9972600936889648,1
5866,RCN15958,1209-PF-VN-IMPEQN-GENRE,Vietnam,Strict,XGBoost,1,1,0.9952320456504822,1
5867,RCN15959,1209-PF-VN-IMPEQN-GENRE,Vietnam,Strict,XGBoost,1,1,0.9279048442840576,1
5868,RCN15960,1209-PF-VN-IMPEQN-GENRE,Vietnam,Strict,XGBoost,1,1,0.9952320456504822,1
5869,RCN15961,1209-PF-VN-IMPEQN-GENRE,Vietnam,Strict,XGBoost,1,1,0.9970404505729675,1
5870,RCN15966,1209-PF-VN-IMPEQN-GENRE,Vietnam,Strict,XGBoost,1,1,0.9931948184967041,1
5871,RCN15967,1209-PF-VN-IMPEQN-GENRE,Vietnam,Strict,XGBoost,1,1,0.8841387629508972,1
5872,RCN15968,1209-PF-VN-IMPEQN-GENRE,Vietnam,Strict,XGBoost,1,1,0.9970404505729675,1
5873,RCN15969,1209-PF-VN-IMPEQN-GENRE,Vietnam,Strict,XGBoost,1,1,0.9294608235359192,1
5874,RCN15972,1209-PF-VN-IMPEQN-GENRE,Vietnam,Strict,XGBoost,1,1,0.9970652461051941,1
5875,RCN15973,1209-PF-VN-IMPEQN-GENRE,Vietnam,Strict,XGBoost,1,1,0.9948782920837402,1
5876,RCN15974,1209-PF-VN-IMPEQN-GENRE,Vietnam,Strict,XGBoost,1,1,0.99506014585495,1
5877,RCN15975,1209-PF-VN-IMPEQN-GENRE,Vietnam,Strict,XGBoost,1,1,0.8799378871917725,1
5878,RCN15978,1209-PF-VN-IMPEQN-GENRE,Vietnam,Strict,XGBoost,1,1,0.8799378871917725,1
5879,RCN15979,1209-PF-VN-IMPEQN-GENRE,Vietnam,Strict,XGBoost,1,1,0.9931948184967041,1
5880,RCN15980,1209-PF-VN-IMPEQN-GENRE,Vietnam,Strict,XGBoost,1,1,0.9931948184967041,1
5881,RCN15982,1209-PF-VN-IMPEQN-GENRE,Vietnam,Strict,XGBoost,1,1,0.9976494908332825,1
5882,RCN15983,1209-PF-VN-IMPEQN-GENRE,Vietnam,Strict,XGBoost,1,1,0.9931948184967041,1
5883,RCN15986,1209-PF-VN-IMPEQN-GENRE,Vietnam,Strict,XGBoost,1,1,0.9933766722679138,1
5884,RCN15987,1209-PF-VN-IMPEQN-GENRE,Vietnam,Strict,XGBoost,1,1,0.99506014585495,1
5885,RCN15988,1209-PF-VN-IMPEQN-GENRE,Vietnam,Strict,XGBoost,1,1,0.9933358430862427,1
5886,RCN15989,1209-PF-VN-IMPEQN-GENRE,Vietnam,Strict,XGBoost,1,1,0.9931948184967041,1
5887,RCN15990,1209-PF-VN-IMPEQN-GENRE,Vietnam,Strict,XGBoost,1,1,0.9959666728973389,1
5888,RCN15991,1209-PF-VN-IMPEQN-GENRE,Vietnam,Strict,XGBoost,1,1,0.8841387629508972,1
5889,RCN15994,1209-PF-VN-IMPEQN-GENRE,Vietnam,Strict,XGBoost,1,1,0.9951924085617065,1
5890,RCN15995,1209-PF-VN-IMPEQN-GENRE,Vietnam,Strict,XGBoost,1,1,0.9942010045051575,1
5891,RCN15996,1209-PF-VN-IMPEQN-GENRE,Vietnam,Strict,XGBoost,1,1,0.9975645542144775,1
5892,RCN15997,1209-PF-VN-IMPEQN-GENRE,Vietnam,Strict,XGBoost,1,1,0.9931948184967041,1
5893,RCN15998,1209-PF-VN-IMPEQN-GENRE,Vietnam,Strict,XGBoost,1,1,0.9975645542144775,1
5894,RCN15999,1209-PF-VN-IMPEQN-GENRE,Vietnam,Strict,XGBoost,1,1,0.8799378871917725,1
5895,RCN16002,1209-PF-VN-IMPEQN-GENRE,Vietnam,Strict,XGBoost,1,1,0.994830310344696,1
5896,RCN16003,1209-PF-VN-IMPEQN-GENRE,Vietnam,Strict,XGBoost,1,1,0.9197117686271667,1
5897,RCN16004,1209-PF-VN-IMPEQN-GENRE,Vietnam,Strict,XGBoost,1,1,0.9931948184967041,1
5898,RCN16005,1209-PF-VN-IMPEQN-GENRE,Vietnam,Strict,XGBoost,1,1,0.9942010045051575,1
5899,RCN16006,1209-PF-VN-IMPEQN-GENRE,Vietnam,Strict,XGBoost,1,1,0.9931948184967041,1
5900,RCN16007,1209-PF-VN-IMPEQN-GENRE,Vietnam,Strict,XGBoost,1,0,0.015156657434999943,0
5901,RCN16010,1209-PF-VN-IMPEQN-GENRE,Vietnam,Strict,XGBoost,1,1,0.9930036664009094,1
5902,RCN16011,1209-PF-VN-IMPEQN-GENRE,Vietnam,Strict,XGBoost,1,1,0.9872822761535645,1
5903,RCN16012,1209-PF-VN-IMPEQN-GENRE,Vietnam,Strict,XGBoost,1,1,0.8848400712013245,1
5904,RCN16014,1209-PF-VN-IMPEQN-GENRE,Vietnam,Strict,XGBoost,1,0,0.07745037227869034,0
5905,RCN16015,1209-PF-VN-IMPEQN-GENRE,Vietnam,Strict,XGBoost,1,0,0.07430990785360336,0
5906,RCN16019,1209-PF-VN-IMPEQN-GENRE,Vietnam,Strict,XGBoost,1,1,0.7709608674049377,1
5907,RCN16020,1209-PF-VN-IMPEQN-GENRE,Vietnam,Strict,XGBoost,1,0,0.709746778011322,1
5908,RCN16022,1209-PF-VN-IMPEQN-GENRE,Vietnam,Strict,XGBoost,1,1,0.8799378871917725,1
5909,RCN16023,1209-PF-VN-IMPEQN-GENRE,Vietnam,Strict,XGBoost,1,0,0.8577654957771301,1
5910,RCN16026,1209-PF-VN-IMPEQN-GENRE,Vietnam,Strict,XGBoost,1,1,0.9022340774536133,1
5911,RCN16027,1209-PF-VN-IMPEQN-GENRE,Vietnam,Strict,XGBoost,1,1,0.8799378871917725,1
5912,RCN16029,1209-PF-VN-IMPEQN-GENRE,Vietnam,Strict,XGBoost,1,1,0.9931948184967041,1
5913,RCN16031,1209-PF-VN-IMPEQN-GENRE,Vietnam,Strict,XGBoost,1,0,0.7579976916313171,1
5914,RCN16036,1209-PF-VN-IMPEQN-GENRE,Vietnam,Strict,XGBoost,1,1,0.9915247559547424,1
5915,RCN16037,1209-PF-VN-IMPEQN-GENRE,Vietnam,Strict,XGBoost,1,0,0.7238450050354004,1
5916,RCN16038,1209-PF-VN-IMPEQN-GENRE,Vietnam,Strict,XGBoost,1,0,0.8577654957771301,1
5917,RCN16039,1209-PF-VN-IMPEQN-GENRE,Vietnam,Strict,XGBoost,1,0,0.7122682332992554,1
5918,RCN16042,1209-PF-VN-IMPEQN-GENRE,Vietnam,Strict,XGBoost,1,0,0.7122682332992554,1
5919,RCN16043,1209-PF-VN-IMPEQN-GENRE,Vietnam,Strict,XGBoost,1,0,0.7122682332992554,1
5920,RCN16045,1209-PF-VN-IMPEQN-GENRE,Vietnam,Strict,XGBoost,1,1,0.9915804266929626,1
5921,RCN16046,1209-PF-VN-IMPEQN-GENRE,Vietnam,Strict,XGBoost,1,1,0.8269172310829163,1
5922,RCN16047,1209-PF-VN-IMPEQN-GENRE,Vietnam,Strict,XGBoost,1,1,0.9939515590667725,1
5923,RCN16048,1209-PF-VN-IMPEQN-GENRE,Vietnam,Strict,XGBoost,1,1,0.8306357860565186,1
5924,RCN16049,1209-PF-VN-IMPEQN-GENRE,Vietnam,Strict,XGBoost,1,1,0.9915804266929626,1
5925,RCN16050,1209-PF-VN-IMPEQN-GENRE,Vietnam,Strict,XGBoost,1,1,0.8269172310829163,1
5974,RCN18470,1209-PF-VN-IMPEQN-GENRE,Vietnam,Strict,XGBoost,1,1,0.9931948184967041,1
5975,RCN18472,1209-PF-VN-IMPEQN-GENRE,Vietnam,Strict,XGBoost,1,1,0.9259592294692993,1
5976,RCN18475,1209-PF-VN-IMPEQN-GENRE,Vietnam,Strict,XGBoost,1,1,0.99506014585495,1
5977,RCN18477,1209-PF-VN-IMPEQN-GENRE,Vietnam,Strict,XGBoost,1,1,0.9931948184967041,1
5978,RCN18478,1209-PF-VN-IMPEQN-GENRE,Vietnam,Strict,XGBoost,1,1,0.9942010045051575,1
5979,RCN18481,1209-PF-VN-IMPEQN-GENRE,Vietnam,Strict,XGBoost,1,1,0.99506014585495,1
5980,RCN18485,1209-PF-VN-IMPEQN-GENRE,Vietnam,Strict,XGBoost,1,1,0.9931948184967041,1
5981,RCN18488,1209-PF-VN-IMPEQN-GENRE,Vietnam,Strict,XGBoost,1,1,0.9933358430862427,1
5982,RCN18489,1209-PF-VN-IMPEQN-GENRE,Vietnam,Strict,XGBoost,1,1,0.9970404505729675,1
5983,RCN18492,1209-PF-VN-IMPEQN-GENRE,Vietnam,Strict,XGBoost,1,1,0.9951838850975037,1
5984,RCN18493,1209-PF-VN-IMPEQN-GENRE,Vietnam,Strict,XGBoost,1,1,0.9931948184967041,1
5985,RCN18494,1209-PF-VN-IMPEQN-GENRE,Vietnam,Strict,XGBoost,1,1,0.9931948184967041,1
5986,RCN18495,1209-PF-VN-IMPEQN-GENRE,Vietnam,Strict,XGBoost,1,1,0.9950332641601562,1
5987,RCN18496,1209-PF-VN-IMPEQN-GENRE,Vietnam,Strict,XGBoost,1,1,0.9952320456504822,1
5988,RCN18497,1209-PF-VN-IMPEQN-GENRE,Vietnam,Strict,XGBoost,1,1,0.9790867567062378,1
5989,RCN18500,1209-PF-VN-IMPEQN-GENRE,Vietnam,Strict,XGBoost,1,1,0.9947378039360046,1
5990,RCN18502,1209-PF-VN-IMPEQN-GENRE,Vietnam,Strict,XGBoost,1,1,0.9930973649024963,1
5991,RCN18503,1209-PF-VN-IMPEQN-GENRE,Vietnam,Strict,XGBoost,1,1,0.99506014585495,1
5992,RCN18504,1209-PF-VN-IMPEQN-GENRE,Vietnam,Strict,XGBoost,1,1,0.8799378871917725,1
5993,RCN18505,1209-PF-VN-IMPEQN-GENRE,Vietnam,Strict,XGBoost,1,1,0.9951924085617065,1
5994,RCN18508,1209-PF-VN-IMPEQN-GENRE,Vietnam,Strict,XGBoost,1,1,0.99506014585495,1
5995,RCN18509,1209-PF-VN-IMPEQN-GENRE,Vietnam,Strict,XGBoost,1,1,0.9947378039360046,1
5996,RCN18510,1209-PF-VN-IMPEQN-GENRE,Vietnam,Strict,XGBoost,1,1,0.9970404505729675,1
5997,RCN18511,1209-PF-VN-IMPEQN-GENRE,Vietnam,Strict,XGBoost,1,1,0.9931948184967041,1
5998,RCN18512,1209-PF-VN-IMPEQN-GENRE,Vietnam,Strict,XGBoost,1,1,0.9974052309989929,1
5999,RCN18513,1209-PF-VN-IMPEQN-GENRE,Vietnam,Strict,XGBoost,1,1,0.99506014585495,1
6000,RCN18518,1209-PF-VN-IMPEQN-GENRE,Vietnam,Strict,XGBoost,1,1,0.9942010045051575,1
6001,RCN18519,1209-PF-VN-IMPEQN-GENRE,Vietnam,Strict,XGBoost,1,1,0.9960110187530518,1
6002,RCN18520,1209-PF-VN-IMPEQN-GENRE,Vietnam,Strict,XGBoost,1,1,0.9971092343330383,1
6003,RCN18521,1209-PF-VN-IMPEQN-GENRE,Vietnam,Strict,XGBoost,1,1,0.9780650734901428,1
6004,RCN18524,1209-PF-VN-IMPEQN-GENRE,Vietnam,Strict,XGBoost,1,1,0.99506014585495,1
6005,RCN18525,1209-PF-VN-IMPEQN-GENRE,Vietnam,Strict,XGBoost,1,1,0.9909223914146423,1
6006,RCN18527,1209-PF-VN-IMPEQN-GENRE,Vietnam,Strict,XGBoost,1,1,0.9966785907745361,1
6007,RCN18528,1209-PF-VN-IMPEQN-GENRE,Vietnam,Strict,XGBoost,1,1,0.9963382482528687,1
6008,RCN18529,1209-PF-VN-IMPEQN-GENRE,Vietnam,Strict,XGBoost,1,1,0.9931948184967041,1
6009,RCN18534,1209-PF-VN-IMPEQN-GENRE,Vietnam,Strict,XGBoost,1,1,0.9960986375808716,1
6010,RCN18536,1209-PF-VN-IMPEQN-GENRE,Vietnam,Strict,XGBoost,1,1,0.9931948184967041,1
6011,RCN18540,1209-PF-VN-IMPEQN-GENRE,Vietnam,Strict,XGBoost,1,1,0.9931948184967041,1
6012,RCN18542,1209-PF-VN-IMPEQN-GENRE,Vietnam,Strict,XGBoost,1,1,0.9931948184967041,1
6013,RCN18543,1209-PF-VN-IMPEQN-GENRE,Vietnam,Strict,XGBoost,1,1,0.9976494908332825,1
6014,RCN18544,1209-PF-VN-IMPEQN-GENRE,Vietnam,Strict,XGBoost,1,1,0.9964074492454529,1
6015,RCN18545,1209-PF-VN-IMPEQN-GENRE,Vietnam,Strict,XGBoost,1,1,0.9725059866905212,1
6016,RCN18549,1209-PF-VN-IMPEQN-GENRE,Vietnam,Strict,XGBoost,1,1,0.9931948184967041,1
6017,RCN18550,1209-PF-VN-IMPEQN-GENRE,Vietnam,Strict,XGBoost,1,1,0.9931948184967041,1
6018,RCN18551,1209-PF-VN-IMPEQN-GENRE,Vietnam,Strict,XGBoost,1,1,0.9931948184967041,1
6019,RCN18552,1209-PF-VN-IMPEQN-GENRE,Vietnam,Strict,XGBoost,1,1,0.9976494908332825,1
6020,RCN18553,1209-PF-VN-IMPEQN-GENRE,Vietnam,Strict,XGBoost,1,1,0.9972600936889648,1
6021,RCN18560,1209-PF-VN-IMPEQN-GENRE,Vietnam,Strict,XGBoost,1,1,0.9952320456504822,1
6022,RCN18564,1209-PF-VN-IMPEQN-GENRE,Vietnam,Strict,XGBoost,1,1,0.7671344876289368,1
6023,RCN18565,1209-PF-VN-IMPEQN-GENRE,Vietnam,Strict,XGBoost,1,1,0.9909223914146423,1
6024,RCN18566,1209-PF-VN-IMPEQN-GENRE,Vietnam,Strict,XGBoost,1,1,0.9955151677131653,1
6025,RCN18567,1209-PF-VN-IMPEQN-GENRE,Vietnam,Strict,XGBoost,1,1,0.9940524697303772,1
6026,RCN18572,1209-PF-VN-IMPEQN-GENRE,Vietnam,Strict,XGBoost,1,1,0.993769109249115,1
6027,RCN18573,1209-PF-VN-IMPEQN-GENRE,Vietnam,Strict,XGBoost,1,1,0.9970404505729675,1
6028,RCN18574,1209-PF-VN-IMPEQN-GENRE,Vietnam,Strict,XGBoost,1,1,0.9963382482528687,1
6029,RCN18575,1209-PF-VN-IMPEQN-GENRE,Vietnam,Strict,XGBoost,1,1,0.9961218237876892,1
6030,RCN18578,1209-PF-VN-IMPEQN-GENRE,Vietnam,Strict,XGBoost,1,0,0.12073516845703125,0
6031,RCN18581,1209-PF-VN-IMPEQN-GENRE,Vietnam,Strict,XGBoost,1,0,0.06844339519739151,0
6032,RCN18582,1209-PF-VN-IMPEQN-GENRE,Vietnam,Strict,XGBoost,1,0,0.0213776845484972,0
6033,RCN18583,1209-PF-VN-IMPEQN-GENRE,Vietnam,Strict,XGBoost,1,1,0.9946805834770203,1
6034,RCN18586,1209-PF-VN-IMPEQN-GENRE,Vietnam,Strict,XGBoost,1,1,0.9931948184967041,1
6035,RCN18587,1209-PF-VN-IMPEQN-GENRE,Vietnam,Strict,XGBoost,1,1,0.99506014585495,1
6036,RCN18588,1209-PF-VN-IMPEQN-GENRE,Vietnam,Strict,XGBoost,1,1,0.9931948184967041,1
6037,RCN18589,1209-PF-VN-IMPEQN-GENRE,Vietnam,Strict,XGBoost,1,1,0.9931948184967041,1
6038,RCN18590,1209-PF-VN-IMPEQN-GENRE,Vietnam,Strict,XGBoost,1,1,0.8675561547279358,1
6039,RCN18591,1209-PF-VN-IMPEQN-GENRE,Vietnam,Strict,XGBoost,1,1,0.8642202019691467,1
6040,RCN18593,1209-PF-VN-IMPEQN-GENRE,Vietnam,Strict,XGBoost,1,1,0.9917495250701904,1
6041,RCN18594,1209-PF-VN-IMPEQN-GENRE,Vietnam,Strict,XGBoost,1,1,0.9917495250701904,1
6042,RCN18603,1209-PF-VN-IMPEQN-GENRE,Vietnam,Strict,XGBoost,1,1,0.9947599768638611,1
6043,RCN18605,1209-PF-VN-IMPEQN-GENRE,Vietnam,Strict,XGBoost,1,1,0.9950154423713684,1
6044,RCN18607,1209-PF-VN-IMPEQN-GENRE,Vietnam,Strict,XGBoost,1,1,0.9931948184967041,1
6045,RCN18609,1209-PF-VN-IMPEQN-GENRE,Vietnam,Strict,XGBoost,1,1,0.9970404505729675,1
6046,RCN18611,1209-PF-VN-IMPEQN-GENRE,Vietnam,Strict,XGBoost,1,1,0.9970404505729675,1
6047,RCN18612,1209-PF-VN-IMPEQN-GENRE,Vietnam,Strict,XGBoost,1,1,0.9951122403144836,1
6048,RCN18613,1209-PF-VN-IMPEQN-GENRE,Vietnam,Strict,XGBoost,1,1,0.9277233481407166,1
6049,RCN18614,1209-PF-VN-IMPEQN-GENRE,Vietnam,Strict,XGBoost,1,1,0.9155607223510742,1
6050,RCN18615,1209-PF-VN-IMPEQN-GENRE,Vietnam,Strict,XGBoost,1,1,0.99506014585495,1
6051,RCN18618,1209-PF-VN-IMPEQN-GENRE,Vietnam,Strict,XGBoost,1,1,0.9258090853691101,1
6052,RCN18619,1209-PF-VN-IMPEQN-GENRE,Vietnam,Strict,XGBoost,1,1,0.9277233481407166,1
6053,RCN18620,1209-PF-VN-IMPEQN-GENRE,Vietnam,Strict,XGBoost,1,1,0.8799378871917725,1
6054,RCN18621,1209-PF-VN-IMPEQN-GENRE,Vietnam,Strict,XGBoost,1,1,0.8799378871917725,1
6055,RCN18622,1209-PF-VN-IMPEQN-GENRE,Vietnam,Strict,XGBoost,1,1,0.8799378871917725,1
6056,RCN18623,1209-PF-VN-IMPEQN-GENRE,Vietnam,Strict,XGBoost,1,1,0.9277233481407166,1
6057,RCN18627,1209-PF-VN-IMPEQN-GENRE,Vietnam,Strict,XGBoost,1,1,0.9972140192985535,1
6058,RCN18628,1209-PF-VN-IMPEQN-GENRE,Vietnam,Strict,XGBoost,1,1,0.9302497506141663,1
6059,RCN18630,1209-PF-VN-IMPEQN-GENRE,Vietnam,Strict,XGBoost,1,1,0.9975645542144775,1
6060,RCN18631,1209-PF-VN-IMPEQN-GENRE,Vietnam,Strict,XGBoost,1,1,0.8799378871917725,1
6061,RCN18633,1209-PF-VN-IMPEQN-GENRE,Vietnam,Strict,XGBoost,1,1,0.9931948184967041,1
6062,RCN18634,1209-PF-VN-IMPEQN-GENRE,Vietnam,Strict,XGBoost,1,1,0.9971910119056702,1
6063,RCN18635,1209-PF-VN-IMPEQN-GENRE,Vietnam,Strict,XGBoost,1,1,0.9970404505729675,1
6064,RCN18636,1209-PF-VN-IMPEQN-GENRE,Vietnam,Strict,XGBoost,1,1,0.9931948184967041,1
6065,RCN18637,1209-PF-VN-IMPEQN-GENRE,Vietnam,Strict,XGBoost,1,1,0.9970404505729675,1
6066,RCN18638,1209-PF-VN-IMPEQN-GENRE,Vietnam,Strict,XGBoost,1,1,0.9947378039360046,1
6067,RCN18639,1209-PF-VN-IMPEQN-GENRE,Vietnam,Strict,XGBoost,1,1,0.9931948184967041,1
6068,RCN18641,1209-PF-VN-IMPEQN-GENRE,Vietnam,Strict,XGBoost,1,1,0.9935591816902161,1
6069,RCN18644,1209-PF-VN-IMPEQN-GENRE,Vietnam,Strict,XGBoost,1,1,0.99506014585495,1
6070,RCN18646,1209-PF-VN-IMPEQN-GENRE,Vietnam,Strict,XGBoost,1,1,0.9931948184967041,1
6071,RCN18647,1209-PF-VN-IMPEQN-GENRE,Vietnam,Strict,XGBoost,1,1,0.9931948184967041,1
6072,RCN18649,1209-PF-VN-IMPEQN-GENRE,Vietnam,Strict,XGBoost,1,1,0.9963129162788391,1
6073,RCN18651,1209-PF-VN-IMPEQN-GENRE,Vietnam,Strict,XGBoost,1,1,0.9940552711486816,1
6074,RCN18654,1209-PF-VN-IMPEQN-GENRE,Vietnam,Strict,XGBoost,1,1,0.9970404505729675,1
6075,RCN18655,1209-PF-VN-IMPEQN-GENRE,Vietnam,Strict,XGBoost,1,1,0.9976494908332825,1
6076,RCN18658,1209-PF-VN-IMPEQN-GENRE,Vietnam,Strict,XGBoost,1,1,0.9952320456504822,1
6077,RCN18659,1209-PF-VN-IMPEQN-GENRE,Vietnam,Strict,XGBoost,1,1,0.9952320456504822,1
6078,RCN18660,1209-PF-VN-IMPEQN-GENRE,Vietnam,Strict,XGBoost,1,1,0.9952320456504822,1
6079,RCN18662,1209-PF-VN-IMPEQN-GENRE,Vietnam,Strict,XGBoost,1,1,0.9970652461051941,1
6080,RCN18664,1209-PF-VN-IMPEQN-GENRE,Vietnam,Strict,XGBoost,1,1,0.9972140192985535,1
6081,RCN18665,1209-PF-VN-IMPEQN-GENRE,Vietnam,Strict,XGBoost,1,1,0.9931948184967041,1
6082,RCN18666,1209-PF-VN-IMPEQN-GENRE,Vietnam,Strict,XGBoost,1,1,0.9970404505729675,1
6083,RCN18667,1209-PF-VN-IMPEQN-GENRE,Vietnam,Strict,XGBoost,1,1,0.9974052309989929,1
6084,RCN18668,1209-PF-VN-IMPEQN-GENRE,Vietnam,Strict,XGBoost,1,1,0.9962276220321655,1
6085,RCN18669,1209-PF-VN-IMPEQN-GENRE,Vietnam,Strict,XGBoost,1,1,0.9970404505729675,1
6086,RCN18671,1209-PF-VN-IMPEQN-GENRE,Vietnam,Strict,XGBoost,1,1,0.9970404505729675,1
6087,RCN18672,1209-PF-VN-IMPEQN-GENRE,Vietnam,Strict,XGBoost,1,1,0.9970404505729675,1
6088,RCN18673,1209-PF-VN-IMPEQN-GENRE,Vietnam,Strict,XGBoost,1,1,0.9970404505729675,1
6089,RCN18675,1209-PF-VN-IMPEQN-GENRE,Vietnam,Strict,XGBoost,1,1,0.996441662311554,1
6090,RCN18676,1209-PF-VN-IMPEQN-GENRE,Vietnam,Strict,XGBoost,1,1,0.9970404505729675,1
6091,RCN18677,1209-PF-VN-IMPEQN-GENRE,Vietnam,Strict,XGBoost,1,1,0.9931948184967041,1
6092,RCN18680,1209-PF-VN-IMPEQN-GENRE,Vietnam,Strict,XGBoost,1,1,0.9963382482528687,1
6093,RCN18681,1209-PF-VN-IMPEQN-GENRE,Vietnam,Strict,XGBoost,1,1,0.996441662311554,1
6094,RCN18682,1209-PF-VN-IMPEQN-GENRE,Vietnam,Strict,XGBoost,1,1,0.9975645542144775,1
6095,RCN18683,1209-PF-VN-IMPEQN-GENRE,Vietnam,Strict,XGBoost,1,1,0.9971910119056702,1
6096,RCN18684,1209-PF-VN-IMPEQN-GENRE,Vietnam,Strict,XGBoost,1,1,0.9970404505729675,1
6097,RCN18685,1209-PF-VN-IMPEQN-GENRE,Vietnam,Strict,XGBoost,1,1,0.9974052309989929,1
6098,RCN18687,1209-PF-VN-IMPEQN-GENRE,Vietnam,Strict,XGBoost,1,1,0.9963129162788391,1
6099,RCN18688,1209-PF-VN-IMPEQN-GENRE,Vietnam,Strict,XGBoost,1,1,0.9940552711486816,1
6100,RCN18689,1209-PF-VN-IMPEQN-GENRE,Vietnam,Strict,XGBoost,1,1,0.9975645542144775,1
6101,RCN18690,1209-PF-VN-IMPEQN-GENRE,Vietnam,Strict,XGBoost,1,1,0.9953505992889404,1
6102,RCN18691,1209-PF-VN-IMPEQN-GENRE,Vietnam,Strict,XGBoost,1,1,0.9970404505729675,1
6103,RCN18692,1209-PF-VN-IMPEQN-GENRE,Vietnam,Strict,XGBoost,1,1,0.9974052309989929,1
6104,RCN18693,1209-PF-VN-IMPEQN-GENRE,Vietnam,Strict,XGBoost,1,1,0.9964662790298462,1
6105,RCN18695,1209-PF-VN-IMPEQN-GENRE,Vietnam,Strict,XGBoost,1,1,0.9972140192985535,1
6106,RCN18696,1209-PF-VN-IMPEQN-GENRE,Vietnam,Strict,XGBoost,1,1,0.9931948184967041,1
6107,RCN18697,1209-PF-VN-IMPEQN-GENRE,Vietnam,Strict,XGBoost,1,1,0.99506014585495,1
6108,RCN18698,1209-PF-VN-IMPEQN-GENRE,Vietnam,Strict,XGBoost,1,1,0.9970404505729675,1
6109,RCN18699,1209-PF-VN-IMPEQN-GENRE,Vietnam,Strict,XGBoost,1,1,0.9970404505729675,1
6110,RCN18700,1209-PF-VN-IMPEQN-GENRE,Vietnam,Strict,XGBoost,1,1,0.9949944019317627,1
6111,RCN18701,1209-PF-VN-IMPEQN-GENRE,Vietnam,Strict,XGBoost,1,1,0.9976494908332825,1
6112,RCN18704,1209-PF-VN-IMPEQN-GENRE,Vietnam,Strict,XGBoost,1,1,0.9931948184967041,1
6113,RCN18705,1209-PF-VN-IMPEQN-GENRE,Vietnam,Strict,XGBoost,1,1,0.99506014585495,1
6114,RCN18706,1209-PF-VN-IMPEQN-GENRE,Vietnam,Strict,XGBoost,1,1,0.9970404505729675,1
6115,RCN18707,1209-PF-VN-IMPEQN-GENRE,Vietnam,Strict,XGBoost,1,1,0.9976494908332825,1
6116,RCN18708,1209-PF-VN-IMPEQN-GENRE,Vietnam,Strict,XGBoost,1,1,0.9942010045051575,1
6117,RCN18709,1209-PF-VN-IMPEQN-GENRE,Vietnam,Strict,XGBoost,1,1,0.9949944019317627,1
6118,RCN18712,1209-PF-VN-IMPEQN-GENRE,Vietnam,Strict,XGBoost,1,1,0.9970102310180664,1
6119,RCN18713,1209-PF-VN-IMPEQN-GENRE,Vietnam,Strict,XGBoost,1,1,0.9947599768638611,1
6120,RCN18714,1209-PF-VN-IMPEQN-GENRE,Vietnam,Strict,XGBoost,1,0,0.018295910209417343,0
6121,RCN18715,1209-PF-VN-IMPEQN-GENRE,Vietnam,Strict,XGBoost,1,0,0.017359161749482155,0
6122,RCN18716,1209-PF-VN-IMPEQN-GENRE,Vietnam,Strict,XGBoost,1,0,0.07556891441345215,0
6123,RCN18717,1209-PF-VN-IMPEQN-GENRE,Vietnam,Strict,XGBoost,1,0,0.06117019057273865,0
6124,RCN18718,1209-PF-VN-IMPEQN-GENRE,Vietnam,Strict,XGBoost,1,0,0.012917590327560902,0
6125,RCN18719,1209-PF-VN-IMPEQN-GENRE,Vietnam,Strict,XGBoost,1,0,0.04190077260136604,0
6126,RCN18720,1209-PF-VN-IMPEQN-GENRE,Vietnam,Strict,XGBoost,1,0,0.07436513155698776,0
6127,RCN18722,1209-PF-VN-IMPEQN-GENRE,Vietnam,Strict,XGBoost,1,0,0.01490162406116724,0
6128,RCN18723,1209-PF-VN-IMPEQN-GENRE,Vietnam,Strict,XGBoost,1,0,0.8577654957771301,1
6129,RCN18724,1209-PF-VN-IMPEQN-GENRE,Vietnam,Strict,XGBoost,1,0,0.8577654957771301,1
6130,RCN18725,1209-PF-VN-IMPEQN-GENRE,Vietnam,Strict,XGBoost,1,1,0.9939857125282288,1
6131,RCN18728,1209-PF-VN-IMPEQN-GENRE,Vietnam,Strict,XGBoost,1,1,0.995779275894165,1
6132,RCN18729,1209-PF-VN-IMPEQN-GENRE,Vietnam,Strict,XGBoost,1,1,0.8799378871917725,1
6133,RCN18730,1209-PF-VN-IMPEQN-GENRE,Vietnam,Strict,XGBoost,1,1,0.8799378871917725,1
6134,RCN18731,1209-PF-VN-IMPEQN-GENRE,Vietnam,Strict,XGBoost,1,1,0.8799378871917725,1
6135,RCN18732,1209-PF-VN-IMPEQN-GENRE,Vietnam,Strict,XGBoost,1,1,0.8799378871917725,1
6136,RCN18733,1209-PF-VN-IMPEQN-GENRE,Vietnam,Strict,XGBoost,1,1,0.9258090853691101,1
6137,RCN18734,1209-PF-VN-IMPEQN-GENRE,Vietnam,Strict,XGBoost,1,1,0.8799378871917725,1
6138,RCN18735,1209-PF-VN-IMPEQN-GENRE,Vietnam,Strict,XGBoost,1,1,0.8799378871917725,1
6139,RCN18736,1209-PF-VN-IMPEQN-GENRE,Vietnam,Strict,XGBoost,1,1,0.8799378871917725,1
6140,RCN18737,1209-PF-VN-IMPEQN-GENRE,Vietnam,Strict,XGBoost,1,1,0.8799378871917725,1
6141,RCN18738,1209-PF-VN-IMPEQN-GENRE,Vietnam,Strict,XGBoost,1,1,0.8799378871917725,1
6142,RCN18739,1209-PF-VN-IMPEQN-GENRE,Vietnam,Strict,XGBoost,1,0,0.007304907776415348,0
6143,RCN18740,1209-PF-VN-IMPEQN-GENRE,Vietnam,Strict,XGBoost,1,1,0.9905256032943726,1
6144,RCN18741,1209-PF-VN-IMPEQN-GENRE,Vietnam,Strict,XGBoost,1,1,0.9909734129905701,1
6145,RCN18743,1209-PF-VN-IMPEQN-GENRE,Vietnam,Strict,XGBoost,1,1,0.9939936995506287,1
6146,RCN18744,1209-PF-VN-IMPEQN-GENRE,Vietnam,Strict,XGBoost,1,1,0.9909734129905701,1
6147,RCN18745,1209-PF-VN-IMPEQN-GENRE,Vietnam,Strict,XGBoost,1,1,0.9906495213508606,1
6148,RCN18747,1209-PF-VN-IMPEQN-GENRE,Vietnam,Strict,XGBoost,1,1,0.9937127232551575,1
6149,RCN18748,1209-PF-VN-IMPEQN-GENRE,Vietnam,Strict,XGBoost,1,1,0.9907410144805908,1
6150,RCN18749,1209-PF-VN-IMPEQN-GENRE,Vietnam,Strict,XGBoost,1,1,0.9963382482528687,1
6418,RCN24787,1209-PF-VN-IMPEQN-GENRE,Vietnam,Strict,XGBoost,1,1,0.9970404505729675,1
6419,RCN24788,1209-PF-VN-IMPEQN-GENRE,Vietnam,Strict,XGBoost,1,1,0.9931948184967041,1
6420,RCN24789,1209-PF-VN-IMPEQN-GENRE,Vietnam,Strict,XGBoost,1,0,0.8539251685142517,1
6421,RCN24790,1209-PF-VN-IMPEQN-GENRE,Vietnam,Strict,XGBoost,1,1,0.9961218237876892,1
6422,RCN24791,1209-PF-VN-IMPEQN-GENRE,Vietnam,Strict,XGBoost,1,0,0.015116069465875626,0
6423,RCN24792,1209-PF-VN-IMPEQN-GENRE,Vietnam,Strict,XGBoost,1,1,0.9970404505729675,1
6424,RCN24793,1209-PF-VN-IMPEQN-GENRE,Vietnam,Strict,XGBoost,1,1,0.993769109249115,1
6425,RCN24794,1209-PF-VN-IMPEQN-GENRE,Vietnam,Strict,XGBoost,1,0,0.6941609978675842,1
6426,RCN24795,1209-PF-VN-IMPEQN-GENRE,Vietnam,Strict,XGBoost,1,1,0.9931948184967041,1
6427,RCN24796,1209-PF-VN-IMPEQN-GENRE,Vietnam,Strict,XGBoost,1,1,0.9935591816902161,1
6428,RCN24797,1209-PF-VN-IMPEQN-GENRE,Vietnam,Strict,XGBoost,1,1,0.9972600936889648,1
6429,RCN24798,1209-PF-VN-IMPEQN-GENRE,Vietnam,Strict,XGBoost,1,1,0.9923959970474243,1
6430,RCN24799,1209-PF-VN-IMPEQN-GENRE,Vietnam,Strict,XGBoost,1,1,0.9931948184967041,1
6431,RCN24800,1209-PF-VN-IMPEQN-GENRE,Vietnam,Strict,XGBoost,1,1,0.9925820827484131,1
6432,RCN24801,1209-PF-VN-IMPEQN-GENRE,Vietnam,Strict,XGBoost,1,1,0.9931948184967041,1
6433,RCN24802,1209-PF-VN-IMPEQN-GENRE,Vietnam,Strict,XGBoost,1,1,0.99506014585495,1
6434,RCN24803,1209-PF-VN-IMPEQN-GENRE,Vietnam,Strict,XGBoost,1,1,0.9931948184967041,1
6435,RCN24804,1209-PF-VN-IMPEQN-GENRE,Vietnam,Strict,XGBoost,1,1,0.9970404505729675,1
6436,RCN24805,1209-PF-VN-IMPEQN-GENRE,Vietnam,Strict,XGBoost,1,1,0.9976494908332825,1
6437,RCN24806,1209-PF-VN-IMPEQN-GENRE,Vietnam,Strict,XGBoost,1,1,0.9970404505729675,1
6438,RCN24807,1209-PF-VN-IMPEQN-GENRE,Vietnam,Strict,XGBoost,1,1,0.9935591816902161,1
6439,RCN24808,1209-PF-VN-IMPEQN-GENRE,Vietnam,Strict,XGBoost,1,1,0.9947378039360046,1
6440,RCN24809,1209-PF-VN-IMPEQN-GENRE,Vietnam,Strict,XGBoost,1,1,0.9931948184967041,1
6441,RCN24810,1209-PF-VN-IMPEQN-GENRE,Vietnam,Strict,XGBoost,1,1,0.9975645542144775,1
6442,RCN24811,1209-PF-VN-IMPEQN-GENRE,Vietnam,Strict,XGBoost,1,1,0.9931948184967041,1
6443,RCN24812,1209-PF-VN-IMPEQN-GENRE,Vietnam,Strict,XGBoost,1,1,0.9970404505729675,1
6444,RCN24813,1209-PF-VN-IMPEQN-GENRE,Vietnam,Strict,XGBoost,1,1,0.9970404505729675,1
6445,RCN24814,1209-PF-VN-IMPEQN-GENRE,Vietnam,Strict,XGBoost,1,1,0.9942010045051575,1
6446,RCN24815,1209-PF-VN-IMPEQN-GENRE,Vietnam,Strict,XGBoost,1,1,0.9947599768638611,1
6447,RCN24816,1209-PF-VN-IMPEQN-GENRE,Vietnam,Strict,XGBoost,1,1,0.9952320456504822,1
6448,RCN24817,1209-PF-VN-IMPEQN-GENRE,Vietnam,Strict,XGBoost,1,1,0.993769109249115,1
6449,RCN24818,1209-PF-VN-IMPEQN-GENRE,Vietnam,Strict,XGBoost,1,1,0.9942010045051575,1
6450,RCN24819,1209-PF-VN-IMPEQN-GENRE,Vietnam,Strict,XGBoost,1,1,0.9972600936889648,1
6451,RCN24820,1209-PF-VN-IMPEQN-GENRE,Vietnam,Strict,XGBoost,1,1,0.9969381093978882,1
6452,RCN24821,1209-PF-VN-IMPEQN-GENRE,Vietnam,Strict,XGBoost,1,1,0.9970404505729675,1
6453,RCN24822,1209-PF-VN-IMPEQN-GENRE,Vietnam,Strict,XGBoost,1,1,0.8321331739425659,1
6454,RCN24823,1209-PF-VN-IMPEQN-GENRE,Vietnam,Strict,XGBoost,1,1,0.9939857125282288,1
6455,RCN24824,1209-PF-VN-IMPEQN-GENRE,Vietnam,Strict,XGBoost,1,1,0.9975645542144775,1
6456,RCN24825,1209-PF-VN-IMPEQN-GENRE,Vietnam,Strict,XGBoost,1,1,0.9975645542144775,1
6457,RCN24826,1209-PF-VN-IMPEQN-GENRE,Vietnam,Strict,XGBoost,1,1,0.99506014585495,1
6458,RCN24827,1209-PF-VN-IMPEQN-GENRE,Vietnam,Strict,XGBoost,1,1,0.9970404505729675,1
6459,RCN24828,1209-PF-VN-IMPEQN-GENRE,Vietnam,Strict,XGBoost,1,1,0.9947378039360046,1
6460,RCN24829,1209-PF-VN-IMPEQN-GENRE,Vietnam,Strict,XGBoost,1,1,0.9970404505729675,1
6461,RCN24831,1209-PF-VN-IMPEQN-GENRE,Vietnam,Strict,XGBoost,1,1,0.9970404505729675,1
6462,RCN24832,1209-PF-VN-IMPEQN-GENRE,Vietnam,Strict,XGBoost,1,1,0.99506014585495,1
6463,RCN24833,1209-PF-VN-IMPEQN-GENRE,Vietnam,Strict,XGBoost,1,0,0.014808555133640766,0
6464,RCN24834,1209-PF-VN-IMPEQN-GENRE,Vietnam,Strict,XGBoost,1,1,0.9964662790298462,1
6465,RCN24835,1209-PF-VN-IMPEQN-GENRE,Vietnam,Strict,XGBoost,1,1,0.9970404505729675,1
6466,RCN24836,1209-PF-VN-IMPEQN-GENRE,Vietnam,Strict,XGBoost,1,1,0.9970404505729675,1
6467,RCN24837,1209-PF-VN-IMPEQN-GENRE,Vietnam,Strict,XGBoost,1,1,0.9969381093978882,1
6468,RCN24838,1209-PF-VN-IMPEQN-GENRE,Vietnam,Strict,XGBoost,1,1,0.9931948184967041,1
6469,RCN24839,1209-PF-VN-IMPEQN-GENRE,Vietnam,Strict,XGBoost,1,1,0.9970404505729675,1
6470,RCN24840,1209-PF-VN-IMPEQN-GENRE,Vietnam,Strict,XGBoost,1,1,0.9970404505729675,1
6471,RCN24841,1209-PF-VN-IMPEQN-GENRE,Vietnam,Strict,XGBoost,1,1,0.9806663393974304,1
6472,RCN24842,1209-PF-VN-IMPEQN-GENRE,Vietnam,Strict,XGBoost,1,1,0.9970404505729675,1
6473,RCN24844,1209-PF-VN-IMPEQN-GENRE,Vietnam,Strict,XGBoost,1,1,0.9971063733100891,1
6474,RCN24845,1209-PF-VN-IMPEQN-GENRE,Vietnam,Strict,XGBoost,1,1,0.9936570525169373,1
6475,RCN24848,1209-PF-VN-IMPEQN-GENRE,Vietnam,Strict,XGBoost,1,1,0.99506014585495,1
6476,RCN24849,1209-PF-VN-IMPEQN-GENRE,Vietnam,Strict,XGBoost,1,1,0.9904881119728088,1
6477,RCN24850,1209-PF-VN-IMPEQN-GENRE,Vietnam,Strict,XGBoost,1,1,0.9950154423713684,1
6478,RCN24851,1209-PF-VN-IMPEQN-GENRE,Vietnam,Strict,XGBoost,1,1,0.9970404505729675,1
6479,RCN24853,1209-PF-VN-IMPEQN-GENRE,Vietnam,Strict,XGBoost,1,1,0.9970404505729675,1
6480,RCN24854,1209-PF-VN-IMPEQN-GENRE,Vietnam,Strict,XGBoost,1,1,0.9949235320091248,1
6481,RCN24855,1209-PF-VN-IMPEQN-GENRE,Vietnam,Strict,XGBoost,1,0,0.8577654957771301,1
6482,RCN24856,1209-PF-VN-IMPEQN-GENRE,Vietnam,Strict,XGBoost,1,1,0.9931948184967041,1
6483,RCN24857,1209-PF-VN-IMPEQN-GENRE,Vietnam,Strict,XGBoost,1,1,0.9952320456504822,1
6484,RCN24859,1209-PF-VN-IMPEQN-GENRE,Vietnam,Strict,XGBoost,1,1,0.99506014585495,1
6485,RCN24860,1209-PF-VN-IMPEQN-GENRE,Vietnam,Strict,XGBoost,1,1,0.9931948184967041,1
6486,RCN24861,1209-PF-VN-IMPEQN-GENRE,Vietnam,Strict,XGBoost,1,1,0.9952320456504822,1
6487,RCN24862,1209-PF-VN-IMPEQN-GENRE,Vietnam,Strict,XGBoost,1,1,0.9975645542144775,1
6488,RCN24863,1209-PF-VN-IMPEQN-GENRE,Vietnam,Strict,XGBoost,1,1,0.9976494908332825,1
6489,RCN24864,1209-PF-VN-IMPEQN-GENRE,Vietnam,Strict,XGBoost,1,1,0.99506014585495,1
6490,RCN24865,1209-PF-VN-IMPEQN-GENRE,Vietnam,Strict,XGBoost,1,1,0.9931948184967041,1
6491,RCN24866,1209-PF-VN-IMPEQN-GENRE,Vietnam,Strict,XGBoost,1,1,0.996403694152832,1
6492,RCN24867,1209-PF-VN-IMPEQN-GENRE,Vietnam,Strict,XGBoost,1,1,0.9931948184967041,1
6493,RCN24868,1209-PF-VN-IMPEQN-GENRE,Vietnam,Strict,XGBoost,1,1,0.9976494908332825,1
6494,RCN24869,1209-PF-VN-IMPEQN-GENRE,Vietnam,Strict,XGBoost,1,1,0.9942143559455872,1
6495,RCN24870,1209-PF-VN-IMPEQN-GENRE,Vietnam,Strict,XGBoost,1,1,0.9952320456504822,1
6496,RCN24871,1209-PF-VN-IMPEQN-GENRE,Vietnam,Strict,XGBoost,1,1,0.9931948184967041,1
6497,RCN24872,1209-PF-VN-IMPEQN-GENRE,Vietnam,Strict,XGBoost,1,1,0.996324360370636,1
6498,RCN24873,1209-PF-VN-IMPEQN-GENRE,Vietnam,Strict,XGBoost,1,1,0.9974052309989929,1
6499,RCN24874,1209-PF-VN-IMPEQN-GENRE,Vietnam,Strict,XGBoost,1,1,0.9105177521705627,1
6500,RCN24875,1209-PF-VN-IMPEQN-GENRE,Vietnam,Strict,XGBoost,1,1,0.9914065599441528,1
6501,RCN24876,1209-PF-VN-IMPEQN-GENRE,Vietnam,Strict,XGBoost,1,1,0.9105177521705627,1
6502,RCN24877,1209-PF-VN-IMPEQN-GENRE,Vietnam,Strict,XGBoost,1,1,0.8433545231819153,1
6503,RCN24878,1209-PF-VN-IMPEQN-GENRE,Vietnam,Strict,XGBoost,1,1,0.8799378871917725,1
6504,RCN24879,1209-PF-VN-IMPEQN-GENRE,Vietnam,Strict,XGBoost,1,1,0.8917118310928345,1
6505,RCN24880,1209-PF-VN-IMPEQN-GENRE,Vietnam,Strict,XGBoost,1,1,0.9940552711486816,1
6506,RCN24883,1209-PF-VN-IMPEQN-GENRE,Vietnam,Strict,XGBoost,1,1,0.8799378871917725,1
6507,RCN24884,1209-PF-VN-IMPEQN-GENRE,Vietnam,Strict,XGBoost,1,1,0.9970404505729675,1
6508,RCN24885,1209-PF-VN-IMPEQN-GENRE,Vietnam,Strict,XGBoost,1,1,0.9105177521705627,1
6509,RCN24886,1209-PF-VN-IMPEQN-GENRE,Vietnam,Strict,XGBoost,1,1,0.9951924085617065,1
6510,RCN24887,1209-PF-VN-IMPEQN-GENRE,Vietnam,Strict,XGBoost,1,1,0.9951924085617065,1
6511,RCN24888,1209-PF-VN-IMPEQN-GENRE,Vietnam,Strict,XGBoost,1,0,0.7238450050354004,1
6512,RCN24889,1209-PF-VN-IMPEQN-GENRE,Vietnam,Strict,XGBoost,1,1,0.9931948184967041,1
6513,RCN24890,1209-PF-VN-IMPEQN-GENRE,Vietnam,Strict,XGBoost,1,1,0.9929949641227722,1
6514,RCN24891,1209-PF-VN-IMPEQN-GENRE,Vietnam,Strict,XGBoost,1,1,0.995107889175415,1
6515,RCN24892,1209-PF-VN-IMPEQN-GENRE,Vietnam,Strict,XGBoost,1,1,0.9931948184967041,1
6516,RCN24893,1209-PF-VN-IMPEQN-GENRE,Vietnam,Strict,XGBoost,1,1,0.9951924085617065,1
6517,RCN24894,1209-PF-VN-IMPEQN-GENRE,Vietnam,Strict,XGBoost,1,1,0.9931948184967041,1
6518,RCN24895,1209-PF-VN-IMPEQN-GENRE,Vietnam,Strict,XGBoost,1,1,0.9914655089378357,1
6519,RCN24896,1209-PF-VN-IMPEQN-GENRE,Vietnam,Strict,XGBoost,1,1,0.9931948184967041,1
6520,RCN24897,1209-PF-VN-IMPEQN-GENRE,Vietnam,Strict,XGBoost,1,1,0.9970404505729675,1
6521,RCN24898,1209-PF-VN-IMPEQN-GENRE,Vietnam,Strict,XGBoost,1,1,0.8799378871917725,1
6522,RCN24900,1209-PF-VN-IMPEQN-GENRE,Vietnam,Strict,XGBoost,1,1,0.9939857125282288,1
6523,RCN24903,1209-PF-VN-IMPEQN-GENRE,Vietnam,Strict,XGBoost,1,0,0.9194961786270142,1
6524,RCN24904,1209-PF-VN-IMPEQN-GENRE,Vietnam,Strict,XGBoost,1,1,0.8799378871917725,1
6525,RCN24905,1209-PF-VN-IMPEQN-GENRE,Vietnam,Strict,XGBoost,1,1,0.9952384233474731,1
6526,RCN24906,1209-PF-VN-IMPEQN-GENRE,Vietnam,Strict,XGBoost,1,0,0.8557252883911133,1
6527,RCN24907,1209-PF-VN-IMPEQN-GENRE,Vietnam,Strict,XGBoost,1,1,0.9277233481407166,1
6528,RCN24909,1209-PF-VN-IMPEQN-GENRE,Vietnam,Strict,XGBoost,1,0,0.8577654957771301,1
6529,RCN24910,1209-PF-VN-IMPEQN-GENRE,Vietnam,Strict,XGBoost,1,0,0.7238450050354004,1
6530,RCN24911,1209-PF-VN-IMPEQN-GENRE,Vietnam,Strict,XGBoost,1,0,0.8577654957771301,1
6531,RCN24912,1209-PF-VN-IMPEQN-GENRE,Vietnam,Strict,XGBoost,1,1,0.8799378871917725,1
6532,RCN24913,1209-PF-VN-IMPEQN-GENRE,Vietnam,Strict,XGBoost,1,0,0.8577654957771301,1
6533,RCN24914,1209-PF-VN-IMPEQN-GENRE,Vietnam,Strict,XGBoost,1,0,0.709746778011322,1
6534,RCN24915,1209-PF-VN-IMPEQN-GENRE,Vietnam,Strict,XGBoost,1,1,0.8321331739425659,1
6535,RCN24916,1209-PF-VN-IMPEQN-GENRE,Vietnam,Strict,XGBoost,1,1,0.8799378871917725,1
6536,RCN24917,1209-PF-VN-IMPEQN-GENRE,Vietnam,Strict,XGBoost,1,1,0.8799378871917725,1
6537,RCN24918,1209-PF-VN-IMPEQN-GENRE,Vietnam,Strict,XGBoost,1,0,0.012381884269416332,0
6538,RCN24919,1209-PF-VN-IMPEQN-GENRE,Vietnam,Strict,XGBoost,1,1,0.9938550591468811,1
6539,RCN24921,1209-PF-VN-IMPEQN-GENRE,Vietnam,Strict,XGBoost,1,1,0.9970404505729675,1
6540,RCN24922,1209-PF-VN-IMPEQN-GENRE,Vietnam,Strict,XGBoost,1,1,0.9931948184967041,1
6541,RCN24923,1209-PF-VN-IMPEQN-GENRE,Vietnam,Strict,XGBoost,1,1,0.9931948184967041,1
6542,RCN24925,1209-PF-VN-IMPEQN-GENRE,Vietnam,Strict,XGBoost,1,1,0.9914655089378357,1
6543,RCN24926,1209-PF-VN-IMPEQN-GENRE,Vietnam,Strict,XGBoost,1,1,0.9914655089378357,1
6544,RCN24927,1209-PF-VN-IMPEQN-GENRE,Vietnam,Strict,XGBoost,1,1,0.9933358430862427,1
6545,RCN24928,1209-PF-VN-IMPEQN-GENRE,Vietnam,Strict,XGBoost,1,1,0.9970404505729675,1
6546,RCN24929,1209-PF-VN-IMPEQN-GENRE,Vietnam,Strict,XGBoost,1,1,0.9976494908332825,1
6547,RCN24930,1209-PF-VN-IMPEQN-GENRE,Vietnam,Strict,XGBoost,1,1,0.9970404505729675,1
6548,RCN24931,1209-PF-VN-IMPEQN-GENRE,Vietnam,Strict,XGBoost,1,1,0.9970404505729675,1
6549,RCN24932,1209-PF-VN-IMPEQN-GENRE,Vietnam,Strict,XGBoost,1,1,0.9970404505729675,1
6550,RCN24933,1209-PF-VN-IMPEQN-GENRE,Vietnam,Strict,XGBoost,1,1,0.9970404505729675,1
6551,RCN24934,1209-PF-VN-IMPEQN-GENRE,Vietnam,Strict,XGBoost,1,1,0.9975645542144775,1
6552,RCN24935,1209-PF-VN-IMPEQN-GENRE,Vietnam,Strict,XGBoost,1,1,0.9931948184967041,1
6553,RCN24936,1209-PF-VN-IMPEQN-GENRE,Vietnam,Strict,XGBoost,1,1,0.9914655089378357,1
6554,RCN24937,1209-PF-VN-IMPEQN-GENRE,Vietnam,Strict,XGBoost,1,1,0.9970404505729675,1
6555,RCN24938,1209-PF-VN-IMPEQN-GENRE,Vietnam,Strict,XGBoost,1,1,0.8799378871917725,1
6556,RCN24939,1209-PF-VN-IMPEQN-GENRE,Vietnam,Strict,XGBoost,1,1,0.8799378871917725,1
6557,RCN24940,1209-PF-VN-IMPEQN-GENRE,Vietnam,Strict,XGBoost,1,1,0.8799378871917725,1
6558,RCN24941,1209-PF-VN-IMPEQN-GENRE,Vietnam,Strict,XGBoost,1,1,0.99506014585495,1
6559,RCN24942,1209-PF-VN-IMPEQN-GENRE,Vietnam,Strict,XGBoost,1,1,0.9277233481407166,1
6560,RCN24943,1209-PF-VN-IMPEQN-GENRE,Vietnam,Strict,XGBoost,1,1,0.8799378871917725,1
6561,RCN24944,1209-PF-VN-IMPEQN-GENRE,Vietnam,Strict,XGBoost,1,1,0.8799378871917725,1
6562,RCN24945,1209-PF-VN-IMPEQN-GENRE,Vietnam,Strict,XGBoost,1,1,0.8883921504020691,1
6563,RCN24946,1209-PF-VN-IMPEQN-GENRE,Vietnam,Strict,XGBoost,1,1,0.8799378871917725,1
6564,RCN24947,1209-PF-VN-IMPEQN-GENRE,Vietnam,Strict,XGBoost,1,1,0.8799378871917725,1
6565,RCN24948,1209-PF-VN-IMPEQN-GENRE,Vietnam,Strict,XGBoost,1,1,0.9951074123382568,1
6566,RCN24949,1209-PF-VN-IMPEQN-GENRE,Vietnam,Strict,XGBoost,1,1,0.9976494908332825,1
6567,RCN24951,1209-PF-VN-IMPEQN-GENRE,Vietnam,Strict,XGBoost,1,1,0.9940552711486816,1
6568,RCN24953,1209-PF-VN-IMPEQN-GENRE,Vietnam,Strict,XGBoost,1,1,0.9970404505729675,1
6569,RCN24954,1209-PF-VN-IMPEQN-GENRE,Vietnam,Strict,XGBoost,1,1,0.9975645542144775,1
6570,RCN24955,1209-PF-VN-IMPEQN-GENRE,Vietnam,Strict,XGBoost,1,1,0.9975645542144775,1
6571,RCN24956,1209-PF-VN-IMPEQN-GENRE,Vietnam,Strict,XGBoost,1,1,0.9976494908332825,1
6572,RCN24957,1209-PF-VN-IMPEQN-GENRE,Vietnam,Strict,XGBoost,1,1,0.9864271283149719,1
6573,RCN24958,1209-PF-VN-IMPEQN-GENRE,Vietnam,Strict,XGBoost,1,1,0.9928395748138428,1
6574,RCN24959,1209-PF-VN-IMPEQN-GENRE,Vietnam,Strict,XGBoost,1,1,0.9931948184967041,1
6575,RCN24960,1209-PF-VN-IMPEQN-GENRE,Vietnam,Strict,XGBoost,1,1,0.9970404505729675,1
6576,RCN24961,1209-PF-VN-IMPEQN-GENRE,Vietnam,Strict,XGBoost,1,1,0.9970404505729675,1
6577,RCN24963,1209-PF-VN-IMPEQN-GENRE,Vietnam,Strict,XGBoost,1,1,0.9942010045051575,1
6578,RCN24964,1209-PF-VN-IMPEQN-GENRE,Vietnam,Strict,XGBoost,1,1,0.9931948184967041,1
6579,RCN24965,1209-PF-VN-IMPEQN-GENRE,Vietnam,Strict,XGBoost,1,1,0.9970404505729675,1
6580,RCN24966,1209-PF-VN-IMPEQN-GENRE,Vietnam,Strict,XGBoost,1,1,0.9970404505729675,1
6581,RCN24967,1209-PF-VN-IMPEQN-GENRE,Vietnam,Strict,XGBoost,1,1,0.9970404505729675,1
6582,RCN24968,1209-PF-VN-IMPEQN-GENRE,Vietnam,Strict,XGBoost,1,1,0.9970404505729675,1
6583,RCN24969,1209-PF-VN-IMPEQN-GENRE,Vietnam,Strict,XGBoost,1,1,0.9969381093978882,1
6584,RCN24970,1209-PF-VN-IMPEQN-GENRE,Vietnam,Strict,XGBoost,1,1,0.9971020817756653,1
6585,RCN24971,1209-PF-VN-IMPEQN-GENRE,Vietnam,Strict,XGBoost,1,1,0.9970404505729675,1
6586,RCN24972,1209-PF-VN-IMPEQN-GENRE,Vietnam,Strict,XGBoost,1,1,0.9970404505729675,1
6587,RCN24974,1209-PF-VN-IMPEQN-GENRE,Vietnam,Strict,XGBoost,1,1,0.9918767213821411,1
6588,RCN24975,1209-PF-VN-IMPEQN-GENRE,Vietnam,Strict,XGBoost,1,1,0.9885624647140503,1
6589,RCN24978,1209-PF-VN-IMPEQN-GENRE,Vietnam,Strict,XGBoost,1,1,0.993769109249115,1
6590,RCN24979,1209-PF-VN-IMPEQN-GENRE,Vietnam,Strict,XGBoost,1,1,0.993769109249115,1
6591,RCN24980,1209-PF-VN-IMPEQN-GENRE,Vietnam,Strict,XGBoost,1,1,0.9939857125282288,1
6592,RCN24981,1209-PF-VN-IMPEQN-GENRE,Vietnam,Strict,XGBoost,1,1,0.993769109249115,1
6593,RCN24982,1209-PF-VN-IMPEQN-GENRE,Vietnam,Strict,XGBoost,1,1,0.993769109249115,1
6594,RCN24983,1209-PF-VN-IMPEQN-GENRE,Vietnam,Strict,XGBoost,1,1,0.993769109249115,1
6595,RCN24985,1209-PF-VN-IMPEQN-GENRE,Vietnam,Strict,XGBoost,1,1,0.993769109249115,1
6596,RCN24986,1209-PF-VN-IMPEQN-GENRE,Vietnam,Strict,XGBoost,1,1,0.9905256032943726,1
6597,RCN24987,1209-PF-VN-IMPEQN-GENRE,Vietnam,Strict,XGBoost,1,1,0.9909734129905701,1
6598,RCN24988,1209-PF-VN-IMPEQN-GENRE,Vietnam,Strict,XGBoost,1,1,0.993769109249115,1
6599,RCN24989,1209-PF-VN-IMPEQN-GENRE,Vietnam,Strict,XGBoost,1,1,0.9939857125282288,1
6600,RCN24991,1209-PF-VN-IMPEQN-GENRE,Vietnam,Strict,XGBoost,1,1,0.993769109249115,1
6601,RCN24992,1209-PF-VN-IMPEQN-GENRE,Vietnam,Strict,XGBoost,1,1,0.993769109249115,1
6602,RCN24994,1209-PF-VN-IMPEQN-GENRE,Vietnam,Strict,XGBoost,1,1,0.9909734129905701,1
6603,RCN24995,1209-PF-VN-IMPEQN-GENRE,Vietnam,Strict,XGBoost,1,1,0.9909734129905701,1
6604,RCN24996,1209-PF-VN-IMPEQN-GENRE,Vietnam,Strict,XGBoost,1,1,0.993769109249115,1
6605,RCN24997,1209-PF-VN-IMPEQN-GENRE,Vietnam,Strict,XGBoost,1,1,0.9926871061325073,1
6606,RCN24998,1209-PF-VN-IMPEQN-GENRE,Vietnam,Strict,XGBoost,1,1,0.993769109249115,1
6607,RCN25000,1209-PF-VN-IMPEQN-GENRE,Vietnam,Strict,XGBoost,1,1,0.9970404505729675,1
6608,RCN25003,1209-PF-VN-IMPEQN-GENRE,Vietnam,Strict,XGBoost,1,1,0.9975645542144775,1
6609,RCN25004,1209-PF-VN-IMPEQN-GENRE,Vietnam,Strict,XGBoost,1,1,0.9873461127281189,1
6610,RCN25005,1209-PF-VN-IMPEQN-GENRE,Vietnam,Strict,XGBoost,1,1,0.9970404505729675,1
6611,RCN25006,1209-PF-VN-IMPEQN-GENRE,Vietnam,Strict,XGBoost,1,1,0.7613131999969482,1
6612,RCN25007,1209-PF-VN-IMPEQN-GENRE,Vietnam,Strict,XGBoost,1,1,0.8799378871917725,1
6613,RCN25008,1209-PF-VN-IMPEQN-GENRE,Vietnam,Strict,XGBoost,1,1,0.8799378871917725,1
6614,RCN25009,1209-PF-VN-IMPEQN-GENRE,Vietnam,Strict,XGBoost,1,1,0.9177553653717041,1
6615,RCN25010,1209-PF-VN-IMPEQN-GENRE,Vietnam,Strict,XGBoost,1,1,0.8799378871917725,1
6616,RCN25011,1209-PF-VN-IMPEQN-GENRE,Vietnam,Strict,XGBoost,1,1,0.8799378871917725,1
6617,RCN25012,1209-PF-VN-IMPEQN-GENRE,Vietnam,Strict,XGBoost,1,1,0.8917489051818848,1
6618,RCN25013,1209-PF-VN-IMPEQN-GENRE,Vietnam,Strict,XGBoost,1,1,0.8799378871917725,1
6619,RCN25014,1209-PF-VN-IMPEQN-GENRE,Vietnam,Strict,XGBoost,1,1,0.8799378871917725,1
6620,RCN25015,1209-PF-VN-IMPEQN-GENRE,Vietnam,Strict,XGBoost,1,1,0.8799378871917725,1
6621,RCN25016,1209-PF-VN-IMPEQN-GENRE,Vietnam,Strict,XGBoost,1,1,0.8799378871917725,1
6622,RCN25017,1209-PF-VN-IMPEQN-GENRE,Vietnam,Strict,XGBoost,1,1,0.9022340774536133,1
6623,RCN25018,1209-PF-VN-IMPEQN-GENRE,Vietnam,Strict,XGBoost,1,1,0.8799378871917725,1
6624,RCN25019,1209-PF-VN-IMPEQN-GENRE,Vietnam,Strict,XGBoost,1,1,0.8799378871917725,1
6625,RCN25020,1209-PF-VN-IMPEQN-GENRE,Vietnam,Strict,XGBoost,1,1,0.8799378871917725,1
6626,RCN25021,1209-PF-VN-IMPEQN-GENRE,Vietnam,Strict,XGBoost,1,1,0.8799378871917725,1
6627,RCN25022,1209-PF-VN-IMPEQN-GENRE,Vietnam,Strict,XGBoost,1,1,0.9022340774536133,1
6628,RCN25023,1209-PF-VN-IMPEQN-GENRE,Vietnam,Strict,XGBoost,1,1,0.8799378871917725,1
6629,RCN25024,1209-PF-VN-IMPEQN-GENRE,Vietnam,Strict,XGBoost,1,1,0.8321331739425659,1
6630,RCN25025,1209-PF-VN-IMPEQN-GENRE,Vietnam,Strict,XGBoost,1,1,0.8799378871917725,1
6631,RCN25026,1209-PF-VN-IMPEQN-GENRE,Vietnam,Strict,XGBoost,1,1,0.8799378871917725,1
6632,RCN25027,1209-PF-VN-IMPEQN-GENRE,Vietnam,Strict,XGBoost,1,1,0.9975645542144775,1
6633,RCN25028,1209-PF-VN-IMPEQN-GENRE,Vietnam,Strict,XGBoost,1,1,0.8799378871917725,1
6634,RCN25029,1209-PF-VN-IMPEQN-GENRE,Vietnam,Strict,XGBoost,1,1,0.8799378871917725,1
6635,RCN25030,1209-PF-VN-IMPEQN-GENRE,Vietnam,Strict,XGBoost,1,1,0.8799378871917725,1
6636,RCN25036,1209-PF-VN-IMPEQN-GENRE,Vietnam,Strict,XGBoost,1,1,0.9963129162788391,1
6637,RCN25047,1209-PF-VN-IMPEQN-GENRE,Vietnam,Strict,XGBoost,1,1,0.9970404505729675,1
6638,RCN25053,1209-PF-VN-IMPEQN-GENRE,Vietnam,Strict,XGBoost,1,1,0.997306227684021,1
6639,RCN25061,1209-PF-VN-IMPEQN-GENRE,Vietnam,Strict,XGBoost,1,1,0.9949474334716797,1
6640,RCN25063,1209-PF-VN-IMPEQN-GENRE,Vietnam,Strict,XGBoost,1,1,0.9920978546142578,1
6641,RCN25064,1209-PF-VN-IMPEQN-GENRE,Vietnam,Strict,XGBoost,1,1,0.9939857125282288,1
6642,RCN25065,1209-PF-VN-IMPEQN-GENRE,Vietnam,Strict,XGBoost,1,1,0.9155607223510742,1
6643,RCN25068,1209-PF-VN-IMPEQN-GENRE,Vietnam,Strict,XGBoost,1,1,0.9931948184967041,1
6644,RCN25076,1209-PF-VN-IMPEQN-GENRE,Vietnam,Strict,XGBoost,1,1,0.9916784763336182,1
6645,RCN25079,1209-PF-VN-IMPEQN-GENRE,Vietnam,Strict,XGBoost,1,0,0.8577654957771301,1
6646,RCN25080,1209-PF-VN-IMPEQN-GENRE,Vietnam,Strict,XGBoost,1,1,0.9970404505729675,1
6647,RCN25081,1209-PF-VN-IMPEQN-GENRE,Vietnam,Strict,XGBoost,1,1,0.8799378871917725,1
6648,RCN25083,1209-PF-VN-IMPEQN-GENRE,Vietnam,Strict,XGBoost,1,1,0.8321331739425659,1
6649,RCN25084,1209-PF-VN-IMPEQN-GENRE,Vietnam,Strict,XGBoost,1,1,0.8799378871917725,1
6650,RCN25085,1209-PF-VN-IMPEQN-GENRE,Vietnam,Strict,XGBoost,1,1,0.8321331739425659,1
6651,RCN25088,1209-PF-VN-IMPEQN-GENRE,Vietnam,Strict,XGBoost,1,1,0.9197117686271667,1
6652,RCN25089,1209-PF-VN-IMPEQN-GENRE,Vietnam,Strict,XGBoost,1,1,0.9970404505729675,1
6653,RCN25090,1209-PF-VN-IMPEQN-GENRE,Vietnam,Strict,XGBoost,1,1,0.8477842211723328,1
6654,RCN25091,1209-PF-VN-IMPEQN-GENRE,Vietnam,Strict,XGBoost,1,1,0.9923067688941956,1
6655,RCN25093,1209-PF-VN-IMPEQN-GENRE,Vietnam,Strict,XGBoost,1,1,0.8799378871917725,1
6656,RCN25095,1209-PF-VN-IMPEQN-GENRE,Vietnam,Strict,XGBoost,1,1,0.9970404505729675,1
6657,RCN25097,1209-PF-VN-IMPEQN-GENRE,Vietnam,Strict,XGBoost,1,1,0.9970404505729675,1
6658,RCN25099,1209-PF-VN-IMPEQN-GENRE,Vietnam,Strict,XGBoost,1,1,0.9970404505729675,1
6659,RCN25102,1209-PF-VN-IMPEQN-GENRE,Vietnam,Strict,XGBoost,1,1,0.9970404505729675,1
6660,RCN25103,1209-PF-VN-IMPEQN-GENRE,Vietnam,Strict,XGBoost,1,1,0.9970404505729675,1
6661,RCN25104,1209-PF-VN-IMPEQN-GENRE,Vietnam,Strict,XGBoost,1,1,0.8799378871917725,1
6662,RCN25105,1209-PF-VN-IMPEQN-GENRE,Vietnam,Strict,XGBoost,1,1,0.9947378039360046,1
6663,RCN25107,1209-PF-VN-IMPEQN-GENRE,Vietnam,Strict,XGBoost,1,1,0.9970404505729675,1
6664,RCN25108,1209-PF-VN-IMPEQN-GENRE,Vietnam,Strict,XGBoost,1,1,0.8799378871917725,1
6665,RCN25112,1209-PF-VN-IMPEQN-GENRE,Vietnam,Strict,XGBoost,1,1,0.936415433883667,1
6666,RCN25116,1209-PF-VN-IMPEQN-GENRE,Vietnam,Strict,XGBoost,1,1,0.9945836663246155,1
6667,RCN25118,1209-PF-VN-IMPEQN-GENRE,Vietnam,Strict,XGBoost,1,1,0.9970404505729675,1
6668,RCN25119,1209-PF-VN-IMPEQN-GENRE,Vietnam,Strict,XGBoost,1,1,0.9970404505729675,1
6669,RCN25120,1209-PF-VN-IMPEQN-GENRE,Vietnam,Strict,XGBoost,1,1,0.9970404505729675,1
6670,RCN25124,1209-PF-VN-IMPEQN-GENRE,Vietnam,Strict,XGBoost,1,1,0.8917118310928345,1
6671,RCN25125,1209-PF-VN-IMPEQN-GENRE,Vietnam,Strict,XGBoost,1,1,0.9974052309989929,1
6672,RCN25129,1209-PF-VN-IMPEQN-GENRE,Vietnam,Strict,XGBoost,1,1,0.9950395226478577,1
6673,RCN25130,1209-PF-VN-IMPEQN-GENRE,Vietnam,Strict,XGBoost,1,1,0.8799378871917725,1
6674,RCN25134,1209-PF-VN-IMPEQN-GENRE,Vietnam,Strict,XGBoost,1,1,0.995867133140564,1
6675,RCN25137,1209-PF-VN-IMPEQN-GENRE,Vietnam,Strict,XGBoost,1,1,0.9970404505729675,1
6676,RCN25142,1209-PF-VN-IMPEQN-GENRE,Vietnam,Strict,XGBoost,1,1,0.8917118310928345,1
6677,RCN25143,1209-PF-VN-IMPEQN-GENRE,Vietnam,Strict,XGBoost,1,1,0.9928325414657593,1
6678,RCN25145,1209-PF-VN-IMPEQN-GENRE,Vietnam,Strict,XGBoost,1,1,0.9931948184967041,1
6679,RCN25151,1209-PF-VN-IMPEQN-GENRE,Vietnam,Strict,XGBoost,1,1,0.994146466255188,1
6680,RCN25153,1209-PF-VN-IMPEQN-GENRE,Vietnam,Strict,XGBoost,1,0,0.6941609978675842,1
6681,RCN25154,1209-PF-VN-IMPEQN-GENRE,Vietnam,Strict,XGBoost,1,1,0.8799378871917725,1
6682,RCN25158,1209-PF-VN-IMPEQN-GENRE,Vietnam,Strict,XGBoost,1,1,0.9931948184967041,1
6683,RCN25162,1209-PF-VN-IMPEQN-GENRE,Vietnam,Strict,XGBoost,1,1,0.9931948184967041,1
6684,RCN25166,1209-PF-VN-IMPEQN-GENRE,Vietnam,Strict,XGBoost,1,1,0.9975645542144775,1
6685,RCN25170,1209-PF-VN-IMPEQN-GENRE,Vietnam,Strict,XGBoost,1,1,0.9970404505729675,1
6686,RCN25177,1209-PF-VN-IMPEQN-GENRE,Vietnam,Strict,XGBoost,1,1,0.9952320456504822,1
6687,RCN25178,1209-PF-VN-IMPEQN-GENRE,Vietnam,Strict,XGBoost,1,1,0.9970404505729675,1
6688,RCN25179,1209-PF-VN-IMPEQN-GENRE,Vietnam,Strict,XGBoost,1,1,0.9930984377861023,1
2622,RCN06881,1180-PF-TRAC2-DONDORP,Thailand,Strict,XGBoost,2,1,0.9818267822265625,1
2623,RCN06893,1180-PF-TRAC2-DONDORP,Thailand,Strict,XGBoost,2,1,0.9779731631278992,1
2936,RCN08922,1208-PF-LA-CMPE-GENRE,Laos,Strict,XGBoost,2,0,0.21002744138240814,0
2937,RCN08923,1208-PF-LA-CMPE-GENRE,Laos,Strict,XGBoost,2,0,0.1459302306175232,0
2938,RCN08925,1208-PF-LA-CMPE-GENRE,Laos,Strict,XGBoost,2,0,0.10735149681568146,0
2939,RCN08926,1208-PF-LA-CMPE-GENRE,Laos,Strict,XGBoost,2,1,0.9752563238143921,1
2940,RCN08927,1208-PF-LA-CMPE-GENRE,Laos,Strict,XGBoost,2,0,0.11296043545007706,0
2941,RCN08929,1208-PF-LA-CMPE-GENRE,Laos,Strict,XGBoost,2,1,0.9983166456222534,1
2942,RCN08930,1208-PF-LA-CMPE-GENRE,Laos,Strict,XGBoost,2,0,0.09722936898469925,0
2943,RCN08931,1208-PF-LA-CMPE-GENRE,Laos,Strict,XGBoost,2,1,0.9983653426170349,1
2944,RCN08933,1208-PF-LA-CMPE-GENRE,Laos,Strict,XGBoost,2,0,0.13128800690174103,0
2945,RCN08934,1208-PF-LA-CMPE-GENRE,Laos,Strict,XGBoost,2,0,0.15314462780952454,0
2946,RCN08935,1208-PF-LA-CMPE-GENRE,Laos,Strict,XGBoost,2,0,0.08932977169752121,0
2947,RCN08936,1208-PF-LA-CMPE-GENRE,Laos,Strict,XGBoost,2,0,0.13128800690174103,0
2948,RCN08937,1208-PF-LA-CMPE-GENRE,Laos,Strict,XGBoost,2,0,0.20160329341888428,0
2949,RCN08938,1208-PF-LA-CMPE-GENRE,Laos,Strict,XGBoost,2,0,0.2025230973958969,0
2950,RCN08939,1208-PF-LA-CMPE-GENRE,Laos,Strict,XGBoost,2,0,0.20053598284721375,0
2951,RCN08941,1208-PF-LA-CMPE-GENRE,Laos,Strict,XGBoost,2,0,0.21036170423030853,0
2952,RCN08942,1208-PF-LA-CMPE-GENRE,Laos,Strict,XGBoost,2,1,0.9966773986816406,1
2953,RCN08943,1208-PF-LA-CMPE-GENRE,Laos,Strict,XGBoost,2,0,0.18603886663913727,0
2954,RCN08945,1208-PF-LA-CMPE-GENRE,Laos,Strict,XGBoost,2,0,0.17755243182182312,0
2955,RCN08946,1208-PF-LA-CMPE-GENRE,Laos,Strict,XGBoost,2,0,0.03465136140584946,0
2956,RCN08947,1208-PF-LA-CMPE-GENRE,Laos,Strict,XGBoost,2,0,0.13128800690174103,0
2957,RCN08949,1208-PF-LA-CMPE-GENRE,Laos,Strict,XGBoost,2,0,0.15314462780952454,0
2958,RCN08950,1208-PF-LA-CMPE-GENRE,Laos,Strict,XGBoost,2,0,0.11296043545007706,0
2959,RCN08951,1208-PF-LA-CMPE-GENRE,Laos,Strict,XGBoost,2,0,0.10163474082946777,0
2960,RCN08952,1208-PF-LA-CMPE-GENRE,Laos,Strict,XGBoost,2,0,0.10487885773181915,0
2961,RCN08953,1208-PF-LA-CMPE-GENRE,Laos,Strict,XGBoost,2,0,0.09722936898469925,0
2962,RCN08954,1208-PF-LA-CMPE-GENRE,Laos,Strict,XGBoost,2,0,0.13149091601371765,0
2963,RCN08955,1208-PF-LA-CMPE-GENRE,Laos,Strict,XGBoost,2,0,0.6567111611366272,1
2964,RCN08957,1208-PF-LA-CMPE-GENRE,Laos,Strict,XGBoost,2,0,0.21925024688243866,0
2965,RCN08958,1208-PF-LA-CMPE-GENRE,Laos,Strict,XGBoost,2,1,0.997007429599762,1
2966,RCN08959,1208-PF-LA-CMPE-GENRE,Laos,Strict,XGBoost,2,1,0.9970947504043579,1
2967,RCN08960,1208-PF-LA-CMPE-GENRE,Laos,Strict,XGBoost,2,1,0.9976596832275391,1
2968,RCN08961,1208-PF-LA-CMPE-GENRE,Laos,Strict,XGBoost,2,1,0.45230579376220703,0
2969,RCN08962,1208-PF-LA-CMPE-GENRE,Laos,Strict,XGBoost,2,0,0.9589545130729675,1
2970,RCN08963,1208-PF-LA-CMPE-GENRE,Laos,Strict,XGBoost,2,1,0.9951887130737305,1
2971,RCN08966,1208-PF-LA-CMPE-GENRE,Laos,Strict,XGBoost,2,1,0.9968242645263672,1
2972,RCN08971,1208-PF-LA-CMPE-GENRE,Laos,Strict,XGBoost,2,1,0.9964450001716614,1
2973,RCN08973,1208-PF-LA-CMPE-GENRE,Laos,Strict,XGBoost,2,0,0.15314462780952454,0
2974,RCN08974,1208-PF-LA-CMPE-GENRE,Laos,Strict,XGBoost,2,0,0.13149091601371765,0
2975,RCN08975,1208-PF-LA-CMPE-GENRE,Laos,Strict,XGBoost,2,1,0.9950779676437378,1
2976,RCN08976,1208-PF-LA-CMPE-GENRE,Laos,Strict,XGBoost,2,1,0.9735919833183289,1
2977,RCN08977,1208-PF-LA-CMPE-GENRE,Laos,Strict,XGBoost,2,1,0.9976596832275391,1
2978,RCN08978,1208-PF-LA-CMPE-GENRE,Laos,Strict,XGBoost,2,0,0.1486554890871048,0
2979,RCN08979,1208-PF-LA-CMPE-GENRE,Laos,Strict,XGBoost,2,0,0.14876386523246765,0
2980,RCN08981,1208-PF-LA-CMPE-GENRE,Laos,Strict,XGBoost,2,1,0.8300143480300903,1
2981,RCN08982,1208-PF-LA-CMPE-GENRE,Laos,Strict,XGBoost,2,1,0.774473249912262,1
2982,RCN08984,1208-PF-LA-CMPE-GENRE,Laos,Strict,XGBoost,2,1,0.9748401641845703,1
2983,RCN08985,1208-PF-LA-CMPE-GENRE,Laos,Strict,XGBoost,2,1,0.9970197081565857,1
2984,RCN08987,1208-PF-LA-CMPE-GENRE,Laos,Strict,XGBoost,2,1,0.9976596832275391,1
2985,RCN08989,1208-PF-LA-CMPE-GENRE,Laos,Strict,XGBoost,2,1,0.9947856068611145,1
2986,RCN08990,1208-PF-LA-CMPE-GENRE,Laos,Strict,XGBoost,2,1,0.9413936138153076,1
2987,RCN08991,1208-PF-LA-CMPE-GENRE,Laos,Strict,XGBoost,2,1,0.977401614189148,1
2988,RCN08992,1208-PF-LA-CMPE-GENRE,Laos,Strict,XGBoost,2,1,0.9951353669166565,1
2989,RCN08993,1208-PF-LA-CMPE-GENRE,Laos,Strict,XGBoost,2,1,0.9978565573692322,1
2990,RCN08994,1208-PF-LA-CMPE-GENRE,Laos,Strict,XGBoost,2,1,0.9968364238739014,1
2991,RCN08995,1208-PF-LA-CMPE-GENRE,Laos,Strict,XGBoost,2,1,0.9975389242172241,1
2992,RCN08998,1208-PF-LA-CMPE-GENRE,Laos,Strict,XGBoost,2,1,0.997116208076477,1
2993,RCN08999,1208-PF-LA-CMPE-GENRE,Laos,Strict,XGBoost,2,1,0.9945557117462158,1
2994,RCN09000,1208-PF-LA-CMPE-GENRE,Laos,Strict,XGBoost,2,1,0.9806576371192932,1
2995,RCN09001,1208-PF-LA-CMPE-GENRE,Laos,Strict,XGBoost,2,1,0.995373547077179,1
2996,RCN09002,1208-PF-LA-CMPE-GENRE,Laos,Strict,XGBoost,2,1,0.968609094619751,1
2997,RCN09003,1208-PF-LA-CMPE-GENRE,Laos,Strict,XGBoost,2,1,0.9972430467605591,1
2998,RCN09006,1208-PF-LA-CMPE-GENRE,Laos,Strict,XGBoost,2,1,0.9951887130737305,1
2999,RCN09007,1208-PF-LA-CMPE-GENRE,Laos,Strict,XGBoost,2,1,0.9945557117462158,1
3000,RCN09010,1208-PF-LA-CMPE-GENRE,Laos,Strict,XGBoost,2,1,0.7247369289398193,1
3001,RCN09012,1208-PF-LA-CMPE-GENRE,Laos,Strict,XGBoost,2,1,0.995373547077179,1
3002,RCN09014,1208-PF-LA-CMPE-GENRE,Laos,Strict,XGBoost,2,0,0.15314462780952454,0
3003,RCN09016,1208-PF-LA-CMPE-GENRE,Laos,Strict,XGBoost,2,1,0.9968804121017456,1
3004,RCN09018,1208-PF-LA-CMPE-GENRE,Laos,Strict,XGBoost,2,1,0.9965279698371887,1
3005,RCN09019,1208-PF-LA-CMPE-GENRE,Laos,Strict,XGBoost,2,1,0.9974550604820251,1
3006,RCN09020,1208-PF-LA-CMPE-GENRE,Laos,Strict,XGBoost,2,1,0.9966122508049011,1
3007,RCN09021,1208-PF-LA-CMPE-GENRE,Laos,Strict,XGBoost,2,1,0.9967226386070251,1
3008,RCN09022,1208-PF-LA-CMPE-GENRE,Laos,Strict,XGBoost,2,1,0.9965167045593262,1
3009,RCN09023,1208-PF-LA-CMPE-GENRE,Laos,Strict,XGBoost,2,1,0.9968461394309998,1
3010,RCN09024,1208-PF-LA-CMPE-GENRE,Laos,Strict,XGBoost,2,1,0.99638831615448,1
3011,RCN09025,1208-PF-LA-CMPE-GENRE,Laos,Strict,XGBoost,2,1,0.9970130920410156,1
3012,RCN09027,1208-PF-LA-CMPE-GENRE,Laos,Strict,XGBoost,2,1,0.6336826682090759,1
3013,RCN09029,1208-PF-LA-CMPE-GENRE,Laos,Strict,XGBoost,2,0,0.02017584815621376,0
3014,RCN09031,1208-PF-LA-CMPE-GENRE,Laos,Strict,XGBoost,2,0,0.01888355240225792,0
3015,RCN09032,1208-PF-LA-CMPE-GENRE,Laos,Strict,XGBoost,2,0,0.01888355240225792,0
3016,RCN09033,1208-PF-LA-CMPE-GENRE,Laos,Strict,XGBoost,2,0,0.016630349680781364,0
3017,RCN09034,1208-PF-LA-CMPE-GENRE,Laos,Strict,XGBoost,2,1,0.9965537786483765,1
3018,RCN09035,1208-PF-LA-CMPE-GENRE,Laos,Strict,XGBoost,2,0,0.02317636087536812,0
3019,RCN09036,1208-PF-LA-CMPE-GENRE,Laos,Strict,XGBoost,2,0,0.025139056146144867,0
3020,RCN09037,1208-PF-LA-CMPE-GENRE,Laos,Strict,XGBoost,2,1,0.6203373670578003,1
3021,RCN09038,1208-PF-LA-CMPE-GENRE,Laos,Strict,XGBoost,2,1,0.01888355240225792,0
3022,RCN09039,1208-PF-LA-CMPE-GENRE,Laos,Strict,XGBoost,2,1,0.020490335300564766,0
3023,RCN09040,1208-PF-LA-CMPE-GENRE,Laos,Strict,XGBoost,2,1,0.5646785497665405,1
3024,RCN09041,1208-PF-LA-CMPE-GENRE,Laos,Strict,XGBoost,2,0,0.025139056146144867,0
3025,RCN09042,1208-PF-LA-CMPE-GENRE,Laos,Strict,XGBoost,2,0,0.01811921037733555,0
3026,RCN09043,1208-PF-LA-CMPE-GENRE,Laos,Strict,XGBoost,2,0,0.024224573746323586,0
3027,RCN09044,1208-PF-LA-CMPE-GENRE,Laos,Strict,XGBoost,2,0,0.05887453630566597,0
3028,RCN09046,1208-PF-LA-CMPE-GENRE,Laos,Strict,XGBoost,2,1,0.591217577457428,1
3029,RCN09047,1208-PF-LA-CMPE-GENRE,Laos,Strict,XGBoost,2,0,0.047352008521556854,0
3030,RCN09048,1208-PF-LA-CMPE-GENRE,Laos,Strict,XGBoost,2,0,0.03147173672914505,0
3031,RCN09049,1208-PF-LA-CMPE-GENRE,Laos,Strict,XGBoost,2,0,0.1705292910337448,0
3032,RCN09050,1208-PF-LA-CMPE-GENRE,Laos,Strict,XGBoost,2,0,0.1705292910337448,0
3033,RCN09052,1208-PF-LA-CMPE-GENRE,Laos,Strict,XGBoost,2,0,0.223967507481575,0
3034,RCN09053,1208-PF-LA-CMPE-GENRE,Laos,Strict,XGBoost,2,1,0.669474184513092,1
3035,RCN09054,1208-PF-LA-CMPE-GENRE,Laos,Strict,XGBoost,2,1,0.6251758933067322,1
3036,RCN09055,1208-PF-LA-CMPE-GENRE,Laos,Strict,XGBoost,2,1,0.6060596704483032,1
3037,RCN09056,1208-PF-LA-CMPE-GENRE,Laos,Strict,XGBoost,2,1,0.5924456715583801,1
3038,RCN09057,1208-PF-LA-CMPE-GENRE,Laos,Strict,XGBoost,2,1,0.5994943380355835,1
3039,RCN09058,1208-PF-LA-CMPE-GENRE,Laos,Strict,XGBoost,2,1,0.566938042640686,1
3040,RCN09059,1208-PF-LA-CMPE-GENRE,Laos,Strict,XGBoost,2,1,0.6135451793670654,1
3041,RCN09060,1208-PF-LA-CMPE-GENRE,Laos,Strict,XGBoost,2,1,0.6203373670578003,1
3042,RCN09061,1208-PF-LA-CMPE-GENRE,Laos,Strict,XGBoost,2,0,0.2376309484243393,0
3043,RCN09062,1208-PF-LA-CMPE-GENRE,Laos,Strict,XGBoost,2,1,0.6135451793670654,1
3044,RCN09063,1208-PF-LA-CMPE-GENRE,Laos,Strict,XGBoost,2,0,0.04604518041014671,0
3045,RCN09064,1208-PF-LA-CMPE-GENRE,Laos,Strict,XGBoost,2,0,0.041602008044719696,0
3046,RCN09065,1208-PF-LA-CMPE-GENRE,Laos,Strict,XGBoost,2,0,0.03255745396018028,0
3047,RCN09066,1208-PF-LA-CMPE-GENRE,Laos,Strict,XGBoost,2,0,0.23473365604877472,0
3048,RCN09069,1208-PF-LA-CMPE-GENRE,Laos,Strict,XGBoost,2,0,0.044733237475156784,0
3049,RCN09070,1208-PF-LA-CMPE-GENRE,Laos,Strict,XGBoost,2,0,0.23437215387821198,0
3050,RCN09071,1208-PF-LA-CMPE-GENRE,Laos,Strict,XGBoost,2,0,0.03333597257733345,0
3051,RCN09072,1208-PF-LA-CMPE-GENRE,Laos,Strict,XGBoost,2,0,0.23756854236125946,0
3052,RCN09073,1208-PF-LA-CMPE-GENRE,Laos,Strict,XGBoost,2,0,0.03154534474015236,0
3053,RCN09074,1208-PF-LA-CMPE-GENRE,Laos,Strict,XGBoost,2,0,0.020743761211633682,0
3054,RCN09075,1208-PF-LA-CMPE-GENRE,Laos,Strict,XGBoost,2,0,0.22159968316555023,0
3055,RCN09076,1208-PF-LA-CMPE-GENRE,Laos,Strict,XGBoost,2,0,0.03255745396018028,0
3056,RCN09077,1208-PF-LA-CMPE-GENRE,Laos,Strict,XGBoost,2,0,0.041602008044719696,0
3057,RCN09079,1208-PF-LA-CMPE-GENRE,Laos,Strict,XGBoost,2,0,0.23437215387821198,0
3058,RCN09080,1208-PF-LA-CMPE-GENRE,Laos,Strict,XGBoost,2,0,0.03147173672914505,0
3059,RCN09081,1208-PF-LA-CMPE-GENRE,Laos,Strict,XGBoost,2,0,0.016368824988603592,0
3060,RCN09082,1208-PF-LA-CMPE-GENRE,Laos,Strict,XGBoost,2,0,0.027396060526371002,0
3061,RCN09083,1208-PF-LA-CMPE-GENRE,Laos,Strict,XGBoost,2,0,0.01888355240225792,0
3062,RCN09084,1208-PF-LA-CMPE-GENRE,Laos,Strict,XGBoost,2,0,0.03147173672914505,0
3063,RCN09088,1208-PF-LA-CMPE-GENRE,Laos,Strict,XGBoost,2,0,0.03710576519370079,0
3064,RCN09093,1208-PF-LA-CMPE-GENRE,Laos,Strict,XGBoost,2,0,0.10643411427736282,0
3065,RCN09095,1208-PF-LA-CMPE-GENRE,Laos,Strict,XGBoost,2,0,0.12222615629434586,0
3066,RCN09096,1208-PF-LA-CMPE-GENRE,Laos,Strict,XGBoost,2,0,0.028633492067456245,0
3067,RCN09098,1208-PF-LA-CMPE-GENRE,Laos,Strict,XGBoost,2,0,0.03154534474015236,0
3068,RCN09105,1208-PF-LA-CMPE-GENRE,Laos,Strict,XGBoost,2,0,0.030006026849150658,0
3069,RCN09106,1208-PF-LA-CMPE-GENRE,Laos,Strict,XGBoost,2,0,0.03149784728884697,0
3070,RCN09110,1208-PF-LA-CMPE-GENRE,Laos,Strict,XGBoost,2,0,0.048119187355041504,0
3071,RCN09111,1208-PF-LA-CMPE-GENRE,Laos,Strict,XGBoost,2,0,0.03571217507123947,0
3072,RCN09112,1208-PF-LA-CMPE-GENRE,Laos,Strict,XGBoost,2,0,0.024224573746323586,0
3073,RCN09113,1208-PF-LA-CMPE-GENRE,Laos,Strict,XGBoost,2,0,0.02317636087536812,0
3074,RCN09114,1208-PF-LA-CMPE-GENRE,Laos,Strict,XGBoost,2,0,0.017384450882673264,0
3075,RCN09115,1208-PF-LA-CMPE-GENRE,Laos,Strict,XGBoost,2,0,0.020846404135227203,0
3076,RCN09116,1208-PF-LA-CMPE-GENRE,Laos,Strict,XGBoost,2,0,0.02969481237232685,0
3077,RCN09117,1208-PF-LA-CMPE-GENRE,Laos,Strict,XGBoost,2,0,0.015125356614589691,0
3078,RCN09118,1208-PF-LA-CMPE-GENRE,Laos,Strict,XGBoost,2,0,0.03255745396018028,0
3079,RCN09119,1208-PF-LA-CMPE-GENRE,Laos,Strict,XGBoost,2,0,0.015934525057673454,0
3080,RCN09120,1208-PF-LA-CMPE-GENRE,Laos,Strict,XGBoost,2,0,0.015017279423773289,0
3081,RCN09121,1208-PF-LA-CMPE-GENRE,Laos,Strict,XGBoost,2,0,0.02969481237232685,0
3082,RCN09122,1208-PF-LA-CMPE-GENRE,Laos,Strict,XGBoost,2,0,0.08623996376991272,0
3083,RCN09126,1208-PF-LA-CMPE-GENRE,Laos,Strict,XGBoost,2,0,0.02317636087536812,0
3084,RCN09127,1208-PF-LA-CMPE-GENRE,Laos,Strict,XGBoost,2,0,0.02606656774878502,0
3085,RCN09128,1208-PF-LA-CMPE-GENRE,Laos,Strict,XGBoost,2,0,0.024224573746323586,0
3086,RCN09129,1208-PF-LA-CMPE-GENRE,Laos,Strict,XGBoost,2,0,0.12821921706199646,0
3087,RCN09130,1208-PF-LA-CMPE-GENRE,Laos,Strict,XGBoost,2,1,0.4464985728263855,0
3088,RCN09131,1208-PF-LA-CMPE-GENRE,Laos,Strict,XGBoost,2,0,0.01857750304043293,0
3089,RCN09132,1208-PF-LA-CMPE-GENRE,Laos,Strict,XGBoost,2,0,0.3157176673412323,0
3090,RCN09133,1208-PF-LA-CMPE-GENRE,Laos,Strict,XGBoost,2,0,0.23473365604877472,0
3091,RCN09134,1208-PF-LA-CMPE-GENRE,Laos,Strict,XGBoost,2,1,0.7031218409538269,1
3092,RCN09135,1208-PF-LA-CMPE-GENRE,Laos,Strict,XGBoost,2,1,0.5998430848121643,1
3093,RCN09136,1208-PF-LA-CMPE-GENRE,Laos,Strict,XGBoost,2,1,0.5889303684234619,1
3094,RCN09137,1208-PF-LA-CMPE-GENRE,Laos,Strict,XGBoost,2,0,0.03147173672914505,0
3095,RCN09138,1208-PF-LA-CMPE-GENRE,Laos,Strict,XGBoost,2,0,0.027834627777338028,0
3096,RCN09139,1208-PF-LA-CMPE-GENRE,Laos,Strict,XGBoost,2,0,0.12230183929204941,0
3097,RCN09140,1208-PF-LA-CMPE-GENRE,Laos,Strict,XGBoost,2,0,0.030006026849150658,0
3098,RCN09141,1208-PF-LA-CMPE-GENRE,Laos,Strict,XGBoost,2,0,0.021297497674822807,0
3099,RCN09143,1208-PF-LA-CMPE-GENRE,Laos,Strict,XGBoost,2,0,0.02588951215147972,0
3100,RCN09144,1208-PF-LA-CMPE-GENRE,Laos,Strict,XGBoost,2,0,0.013319732621312141,0
3101,RCN09145,1208-PF-LA-CMPE-GENRE,Laos,Strict,XGBoost,2,0,0.02848801761865616,0
3102,RCN09146,1208-PF-LA-CMPE-GENRE,Laos,Strict,XGBoost,2,0,0.03147173672914505,0
3103,RCN09147,1208-PF-LA-CMPE-GENRE,Laos,Strict,XGBoost,2,0,0.015329045243561268,0
3104,RCN09148,1208-PF-LA-CMPE-GENRE,Laos,Strict,XGBoost,2,0,0.03255745396018028,0
3105,RCN09149,1208-PF-LA-CMPE-GENRE,Laos,Strict,XGBoost,2,0,0.027396060526371002,0
3106,RCN09150,1208-PF-LA-CMPE-GENRE,Laos,Strict,XGBoost,2,0,0.02489483170211315,0
3107,RCN09151,1208-PF-LA-CMPE-GENRE,Laos,Strict,XGBoost,2,0,0.020856650546193123,0
3108,RCN09155,1208-PF-LA-CMPE-GENRE,Laos,Strict,XGBoost,2,0,0.013818335719406605,0
3109,RCN09156,1208-PF-LA-CMPE-GENRE,Laos,Strict,XGBoost,2,0,0.025139056146144867,0
3110,RCN09157,1208-PF-LA-CMPE-GENRE,Laos,Strict,XGBoost,2,0,0.035936664789915085,0
3111,RCN09158,1208-PF-LA-CMPE-GENRE,Laos,Strict,XGBoost,2,0,0.015224632807075977,0
3112,RCN09159,1208-PF-LA-CMPE-GENRE,Laos,Strict,XGBoost,2,0,0.02969481237232685,0
3113,RCN09160,1208-PF-LA-CMPE-GENRE,Laos,Strict,XGBoost,2,0,0.02969481237232685,0
3114,RCN09161,1208-PF-LA-CMPE-GENRE,Laos,Strict,XGBoost,2,0,0.018245229497551918,0
3115,RCN09162,1208-PF-LA-CMPE-GENRE,Laos,Strict,XGBoost,2,0,0.023773929104208946,0
3116,RCN09163,1208-PF-LA-CMPE-GENRE,Laos,Strict,XGBoost,2,0,0.015404750593006611,0
3117,RCN09164,1208-PF-LA-CMPE-GENRE,Laos,Strict,XGBoost,2,0,0.023773929104208946,0
3118,RCN09165,1208-PF-LA-CMPE-GENRE,Laos,Strict,XGBoost,2,0,0.01820031926035881,0
3119,RCN09166,1208-PF-LA-CMPE-GENRE,Laos,Strict,XGBoost,2,0,0.021929258480668068,0
3120,RCN09167,1208-PF-LA-CMPE-GENRE,Laos,Strict,XGBoost,2,0,0.021929258480668068,0
3121,RCN09168,1208-PF-LA-CMPE-GENRE,Laos,Strict,XGBoost,2,1,0.9953820109367371,1
3122,RCN09170,1208-PF-LA-CMPE-GENRE,Laos,Strict,XGBoost,2,0,0.6010996699333191,1
4083,RCN11492,1208-PF-LA-CMPE-GENRE,Laos,Strict,XGBoost,2,0,0.012640656903386116,0
4084,RCN11493,1208-PF-LA-CMPE-GENRE,Laos,Strict,XGBoost,2,0,0.010369707830250263,0
4085,RCN11494,1208-PF-LA-CMPE-GENRE,Laos,Strict,XGBoost,2,0,0.012852423824369907,0
4086,RCN11495,1208-PF-LA-CMPE-GENRE,Laos,Strict,XGBoost,2,0,0.009999069385230541,0
4087,RCN11497,1208-PF-LA-CMPE-GENRE,Laos,Strict,XGBoost,2,0,0.02132119983434677,0
4088,RCN11498,1208-PF-LA-CMPE-GENRE,Laos,Strict,XGBoost,2,0,0.019530635327100754,0
4089,RCN11499,1208-PF-LA-CMPE-GENRE,Laos,Strict,XGBoost,2,0,0.011863787658512592,0
4090,RCN11500,1208-PF-LA-CMPE-GENRE,Laos,Strict,XGBoost,2,0,0.008403368294239044,0
4091,RCN11501,1208-PF-LA-CMPE-GENRE,Laos,Strict,XGBoost,2,0,0.017234165221452713,0
4092,RCN11504,1208-PF-LA-CMPE-GENRE,Laos,Strict,XGBoost,2,0,0.052633218467235565,0
4093,RCN11505,1208-PF-LA-CMPE-GENRE,Laos,Strict,XGBoost,2,0,0.06989984959363937,0
4094,RCN11506,1208-PF-LA-CMPE-GENRE,Laos,Strict,XGBoost,2,0,0.05397310107946396,0
4095,RCN11507,1208-PF-LA-CMPE-GENRE,Laos,Strict,XGBoost,2,0,0.016428524628281593,0
4096,RCN11508,1208-PF-LA-CMPE-GENRE,Laos,Strict,XGBoost,2,0,0.03699764609336853,0
4097,RCN11510,1208-PF-LA-CMPE-GENRE,Laos,Strict,XGBoost,2,0,0.007729761302471161,0
4098,RCN11511,1208-PF-LA-CMPE-GENRE,Laos,Strict,XGBoost,2,1,0.6740084290504456,1
4099,RCN11512,1208-PF-LA-CMPE-GENRE,Laos,Strict,XGBoost,2,0,0.03154534474015236,0
4100,RCN11513,1208-PF-LA-CMPE-GENRE,Laos,Strict,XGBoost,2,0,0.016999877989292145,0
4101,RCN11514,1208-PF-LA-CMPE-GENRE,Laos,Strict,XGBoost,2,0,0.14037810266017914,0
4102,RCN11515,1208-PF-LA-CMPE-GENRE,Laos,Strict,XGBoost,2,0,0.04099128395318985,0
4103,RCN11516,1208-PF-LA-CMPE-GENRE,Laos,Strict,XGBoost,2,0,0.03276488557457924,0
4104,RCN11517,1208-PF-LA-CMPE-GENRE,Laos,Strict,XGBoost,2,0,0.03154534474015236,0
4105,RCN11518,1208-PF-LA-CMPE-GENRE,Laos,Strict,XGBoost,2,0,0.06265754997730255,0
4106,RCN11519,1208-PF-LA-CMPE-GENRE,Laos,Strict,XGBoost,2,0,0.028921103104948997,0
4107,RCN11520,1208-PF-LA-CMPE-GENRE,Laos,Strict,XGBoost,2,0,0.014325235970318317,0
4108,RCN11521,1208-PF-LA-CMPE-GENRE,Laos,Strict,XGBoost,2,0,0.020856650546193123,0
4109,RCN11522,1208-PF-LA-CMPE-GENRE,Laos,Strict,XGBoost,2,0,0.02607438899576664,0
4110,RCN11523,1208-PF-LA-CMPE-GENRE,Laos,Strict,XGBoost,2,0,0.023894578218460083,0
4111,RCN11524,1208-PF-LA-CMPE-GENRE,Laos,Strict,XGBoost,2,0,0.02969481237232685,0
4112,RCN11525,1208-PF-LA-CMPE-GENRE,Laos,Strict,XGBoost,2,0,0.019875163212418556,0
4113,RCN11526,1208-PF-LA-CMPE-GENRE,Laos,Strict,XGBoost,2,0,0.01823624223470688,0
4114,RCN11527,1208-PF-LA-CMPE-GENRE,Laos,Strict,XGBoost,2,0,0.01163160614669323,0
4115,RCN11528,1208-PF-LA-CMPE-GENRE,Laos,Strict,XGBoost,2,0,0.03222699463367462,0
4116,RCN11529,1208-PF-LA-CMPE-GENRE,Laos,Strict,XGBoost,2,0,0.018023308366537094,0
4117,RCN11530,1208-PF-LA-CMPE-GENRE,Laos,Strict,XGBoost,2,0,0.03481605276465416,0
4118,RCN11531,1208-PF-LA-CMPE-GENRE,Laos,Strict,XGBoost,2,0,0.02234097570180893,0
4119,RCN11532,1208-PF-LA-CMPE-GENRE,Laos,Strict,XGBoost,2,0,0.013426322489976883,0
4120,RCN11533,1208-PF-LA-CMPE-GENRE,Laos,Strict,XGBoost,2,0,0.02317636087536812,0
4121,RCN11534,1208-PF-LA-CMPE-GENRE,Laos,Strict,XGBoost,2,0,0.09274811297655106,0
4122,RCN11535,1208-PF-LA-CMPE-GENRE,Laos,Strict,XGBoost,2,0,0.11426752805709839,0
4123,RCN11537,1208-PF-LA-CMPE-GENRE,Laos,Strict,XGBoost,2,0,0.024962928146123886,0
4124,RCN11538,1208-PF-LA-CMPE-GENRE,Laos,Strict,XGBoost,2,0,0.02169225737452507,0
4125,RCN11539,1208-PF-LA-CMPE-GENRE,Laos,Strict,XGBoost,2,0,0.036027941852808,0
4126,RCN11540,1208-PF-LA-CMPE-GENRE,Laos,Strict,XGBoost,2,0,0.028921103104948997,0
4127,RCN11541,1208-PF-LA-CMPE-GENRE,Laos,Strict,XGBoost,2,0,0.019784608855843544,0
4128,RCN11542,1208-PF-LA-CMPE-GENRE,Laos,Strict,XGBoost,2,0,0.0208741407841444,0
4129,RCN11543,1208-PF-LA-CMPE-GENRE,Laos,Strict,XGBoost,2,0,0.033109117299318314,0
4130,RCN11544,1208-PF-LA-CMPE-GENRE,Laos,Strict,XGBoost,2,0,0.01993071660399437,0
4131,RCN11545,1208-PF-LA-CMPE-GENRE,Laos,Strict,XGBoost,2,0,0.04324166104197502,0
4132,RCN11546,1208-PF-LA-CMPE-GENRE,Laos,Strict,XGBoost,2,1,0.5087583661079407,1
4133,RCN11547,1208-PF-LA-CMPE-GENRE,Laos,Strict,XGBoost,2,0,0.02317636087536812,0
4134,RCN11548,1208-PF-LA-CMPE-GENRE,Laos,Strict,XGBoost,2,0,0.027837654575705528,0
4135,RCN11550,1208-PF-LA-CMPE-GENRE,Laos,Strict,XGBoost,2,0,0.04693911224603653,0
4136,RCN11551,1208-PF-LA-CMPE-GENRE,Laos,Strict,XGBoost,2,0,0.11426752805709839,0
4137,RCN11552,1208-PF-LA-CMPE-GENRE,Laos,Strict,XGBoost,2,0,0.015224632807075977,0
4138,RCN11553,1208-PF-LA-CMPE-GENRE,Laos,Strict,XGBoost,2,0,0.041038088500499725,0
4139,RCN11554,1208-PF-LA-CMPE-GENRE,Laos,Strict,XGBoost,2,0,0.07379496097564697,0
4140,RCN11555,1208-PF-LA-CMPE-GENRE,Laos,Strict,XGBoost,2,0,0.03147173672914505,0
4141,RCN11556,1208-PF-LA-CMPE-GENRE,Laos,Strict,XGBoost,2,0,0.02017584815621376,0
4142,RCN11557,1208-PF-LA-CMPE-GENRE,Laos,Strict,XGBoost,2,0,0.03147173672914505,0
4143,RCN11558,1208-PF-LA-CMPE-GENRE,Laos,Strict,XGBoost,2,0,0.029705233871936798,0
4144,RCN11559,1208-PF-LA-CMPE-GENRE,Laos,Strict,XGBoost,2,0,0.02606656774878502,0
4145,RCN11560,1208-PF-LA-CMPE-GENRE,Laos,Strict,XGBoost,2,0,0.01163160614669323,0
4146,RCN11561,1208-PF-LA-CMPE-GENRE,Laos,Strict,XGBoost,2,1,0.5087583661079407,1
4147,RCN11562,1208-PF-LA-CMPE-GENRE,Laos,Strict,XGBoost,2,1,0.5087583661079407,1
4148,RCN11564,1208-PF-LA-CMPE-GENRE,Laos,Strict,XGBoost,2,0,0.03333597257733345,0
4149,RCN11565,1208-PF-LA-CMPE-GENRE,Laos,Strict,XGBoost,2,0,0.02987072244286537,0
4150,RCN11566,1208-PF-LA-CMPE-GENRE,Laos,Strict,XGBoost,2,0,0.03147173672914505,0
4151,RCN11567,1208-PF-LA-CMPE-GENRE,Laos,Strict,XGBoost,2,0,0.03149784728884697,0
4152,RCN11568,1208-PF-LA-CMPE-GENRE,Laos,Strict,XGBoost,2,0,0.013562607578933239,0
4153,RCN11569,1208-PF-LA-CMPE-GENRE,Laos,Strict,XGBoost,2,0,0.04421955347061157,0
4154,RCN11570,1208-PF-LA-CMPE-GENRE,Laos,Strict,XGBoost,2,0,0.05973225086927414,0
4155,RCN11571,1208-PF-LA-CMPE-GENRE,Laos,Strict,XGBoost,2,0,0.0753077045083046,0
4156,RCN11572,1208-PF-LA-CMPE-GENRE,Laos,Strict,XGBoost,2,0,0.018245229497551918,0
4157,RCN11573,1208-PF-LA-CMPE-GENRE,Laos,Strict,XGBoost,2,0,0.035487040877342224,0
4158,RCN11574,1208-PF-LA-CMPE-GENRE,Laos,Strict,XGBoost,2,0,0.03149784728884697,0
4159,RCN11575,1208-PF-LA-CMPE-GENRE,Laos,Strict,XGBoost,2,0,0.03154534474015236,0
4160,RCN11576,1208-PF-LA-CMPE-GENRE,Laos,Strict,XGBoost,2,0,0.04632820934057236,0
4161,RCN11577,1208-PF-LA-CMPE-GENRE,Laos,Strict,XGBoost,2,0,0.04632820934057236,0
4162,RCN11578,1208-PF-LA-CMPE-GENRE,Laos,Strict,XGBoost,2,0,0.04632820934057236,0
4163,RCN11579,1208-PF-LA-CMPE-GENRE,Laos,Strict,XGBoost,2,0,0.04632820934057236,0
4164,RCN11580,1208-PF-LA-CMPE-GENRE,Laos,Strict,XGBoost,2,0,0.04632820934057236,0
4165,RCN11581,1208-PF-LA-CMPE-GENRE,Laos,Strict,XGBoost,2,0,0.04632820934057236,0
4166,RCN11582,1208-PF-LA-CMPE-GENRE,Laos,Strict,XGBoost,2,0,0.04632820934057236,0
4167,RCN11593,1208-PF-LA-CMPE-GENRE,Laos,Strict,XGBoost,2,0,0.02092066965997219,0
4168,RCN11594,1208-PF-LA-CMPE-GENRE,Laos,Strict,XGBoost,2,0,0.04632820934057236,0
4169,RCN11595,1208-PF-LA-CMPE-GENRE,Laos,Strict,XGBoost,2,0,0.04632820934057236,0
4170,RCN11596,1208-PF-LA-CMPE-GENRE,Laos,Strict,XGBoost,2,0,0.045174192637205124,0
4171,RCN11597,1208-PF-LA-CMPE-GENRE,Laos,Strict,XGBoost,2,0,0.04632820934057236,0
4172,RCN11598,1208-PF-LA-CMPE-GENRE,Laos,Strict,XGBoost,2,0,0.04632820934057236,0
4173,RCN11599,1208-PF-LA-CMPE-GENRE,Laos,Strict,XGBoost,2,0,0.038625508546829224,0
4174,RCN11600,1208-PF-LA-CMPE-GENRE,Laos,Strict,XGBoost,2,0,0.035873983055353165,0
4175,RCN11601,1208-PF-LA-CMPE-GENRE,Laos,Strict,XGBoost,2,0,0.03756171092391014,0
4176,RCN11602,1208-PF-LA-CMPE-GENRE,Laos,Strict,XGBoost,2,0,0.03581196442246437,0
4177,RCN11603,1208-PF-LA-CMPE-GENRE,Laos,Strict,XGBoost,2,0,0.03255745396018028,0
4178,RCN11604,1208-PF-LA-CMPE-GENRE,Laos,Strict,XGBoost,2,0,0.03147173672914505,0
4179,RCN11605,1208-PF-LA-CMPE-GENRE,Laos,Strict,XGBoost,2,0,0.03497597575187683,0
4180,RCN11606,1208-PF-LA-CMPE-GENRE,Laos,Strict,XGBoost,2,0,0.024224573746323586,0
4181,RCN11607,1208-PF-LA-CMPE-GENRE,Laos,Strict,XGBoost,2,0,0.03255745396018028,0
4182,RCN11608,1208-PF-LA-CMPE-GENRE,Laos,Strict,XGBoost,2,0,0.020968636497855186,0
4183,RCN11610,1208-PF-LA-CMPE-GENRE,Laos,Strict,XGBoost,2,0,0.011706887744367123,0
4184,RCN11611,1208-PF-LA-CMPE-GENRE,Laos,Strict,XGBoost,2,0,0.02729816362261772,0
4185,RCN11612,1208-PF-LA-CMPE-GENRE,Laos,Strict,XGBoost,2,0,0.010019760578870773,0
4186,RCN11613,1208-PF-LA-CMPE-GENRE,Laos,Strict,XGBoost,2,0,0.021958395838737488,0
4187,RCN11614,1208-PF-LA-CMPE-GENRE,Laos,Strict,XGBoost,2,0,0.015934525057673454,0
4188,RCN11615,1208-PF-LA-CMPE-GENRE,Laos,Strict,XGBoost,2,0,0.03147173672914505,0
4189,RCN11616,1208-PF-LA-CMPE-GENRE,Laos,Strict,XGBoost,2,0,0.02606656774878502,0
4190,RCN11617,1208-PF-LA-CMPE-GENRE,Laos,Strict,XGBoost,2,0,0.04711439460515976,0
4191,RCN11618,1208-PF-LA-CMPE-GENRE,Laos,Strict,XGBoost,2,0,0.0819556936621666,0
4192,RCN11619,1208-PF-LA-CMPE-GENRE,Laos,Strict,XGBoost,2,0,0.036027941852808,0
4193,RCN11620,1208-PF-LA-CMPE-GENRE,Laos,Strict,XGBoost,2,0,0.027837654575705528,0
4194,RCN11621,1208-PF-LA-CMPE-GENRE,Laos,Strict,XGBoost,2,0,0.019784608855843544,0
4195,RCN11622,1208-PF-LA-CMPE-GENRE,Laos,Strict,XGBoost,2,0,0.027402332052588463,0
4196,RCN11623,1208-PF-LA-CMPE-GENRE,Laos,Strict,XGBoost,2,0,0.03757822886109352,0
4197,RCN11624,1208-PF-LA-CMPE-GENRE,Laos,Strict,XGBoost,2,0,0.03687601909041405,0
4198,RCN11625,1208-PF-LA-CMPE-GENRE,Laos,Strict,XGBoost,2,0,0.015934525057673454,0
4199,RCN11626,1208-PF-LA-CMPE-GENRE,Laos,Strict,XGBoost,2,0,0.03014703467488289,0
4200,RCN11627,1208-PF-LA-CMPE-GENRE,Laos,Strict,XGBoost,2,0,0.03147173672914505,0
4201,RCN11628,1208-PF-LA-CMPE-GENRE,Laos,Strict,XGBoost,2,0,0.03255745396018028,0
4202,RCN11629,1208-PF-LA-CMPE-GENRE,Laos,Strict,XGBoost,2,0,0.021789051592350006,0
4203,RCN11630,1208-PF-LA-CMPE-GENRE,Laos,Strict,XGBoost,2,0,0.0208741407841444,0
4204,RCN11631,1208-PF-LA-CMPE-GENRE,Laos,Strict,XGBoost,2,0,0.035873983055353165,0
4205,RCN11632,1208-PF-LA-CMPE-GENRE,Laos,Strict,XGBoost,2,0,0.028142407536506653,0
4206,RCN11633,1208-PF-LA-CMPE-GENRE,Laos,Strict,XGBoost,2,0,0.04902169480919838,0
4207,RCN11634,1208-PF-LA-CMPE-GENRE,Laos,Strict,XGBoost,2,0,0.04902169480919838,0
4208,RCN11635,1208-PF-LA-CMPE-GENRE,Laos,Strict,XGBoost,2,0,0.042789965867996216,0
4209,RCN11636,1208-PF-LA-CMPE-GENRE,Laos,Strict,XGBoost,2,0,0.016368824988603592,0
4210,RCN11637,1208-PF-LA-CMPE-GENRE,Laos,Strict,XGBoost,2,0,0.03484522923827171,0
4211,RCN11638,1208-PF-LA-CMPE-GENRE,Laos,Strict,XGBoost,2,0,0.03149784728884697,0
4212,RCN11639,1208-PF-LA-CMPE-GENRE,Laos,Strict,XGBoost,2,0,0.0674547627568245,0
4213,RCN11640,1208-PF-LA-CMPE-GENRE,Laos,Strict,XGBoost,2,0,0.11426752805709839,0
4214,RCN11641,1208-PF-LA-CMPE-GENRE,Laos,Strict,XGBoost,2,0,0.100723996758461,0
4215,RCN11642,1208-PF-LA-CMPE-GENRE,Laos,Strict,XGBoost,2,0,0.024931680411100388,0
4216,RCN11643,1208-PF-LA-CMPE-GENRE,Laos,Strict,XGBoost,2,0,0.100723996758461,0
4217,RCN11644,1208-PF-LA-CMPE-GENRE,Laos,Strict,XGBoost,2,0,0.03408830985426903,0
4218,RCN11645,1208-PF-LA-CMPE-GENRE,Laos,Strict,XGBoost,2,0,0.02317636087536812,0
4219,RCN11646,1208-PF-LA-CMPE-GENRE,Laos,Strict,XGBoost,2,0,0.04463628679513931,0
4220,RCN11647,1208-PF-LA-CMPE-GENRE,Laos,Strict,XGBoost,2,0,0.03149784728884697,0
4221,RCN11648,1208-PF-LA-CMPE-GENRE,Laos,Strict,XGBoost,2,0,0.020856650546193123,0
4222,RCN11649,1208-PF-LA-CMPE-GENRE,Laos,Strict,XGBoost,2,0,0.020856650546193123,0
4223,RCN11650,1208-PF-LA-CMPE-GENRE,Laos,Strict,XGBoost,2,0,0.025139056146144867,0
4224,RCN11651,1208-PF-LA-CMPE-GENRE,Laos,Strict,XGBoost,2,0,0.03149784728884697,0
4225,RCN11652,1208-PF-LA-CMPE-GENRE,Laos,Strict,XGBoost,2,0,0.030006026849150658,0
4226,RCN11653,1208-PF-LA-CMPE-GENRE,Laos,Strict,XGBoost,2,0,0.028377719223499298,0
4227,RCN11654,1208-PF-LA-CMPE-GENRE,Laos,Strict,XGBoost,2,0,0.019875163212418556,0
4228,RCN11655,1208-PF-LA-CMPE-GENRE,Laos,Strict,XGBoost,2,0,0.03147173672914505,0
4229,RCN11658,1208-PF-LA-CMPE-GENRE,Laos,Strict,XGBoost,2,0,0.01187887229025364,0
4230,RCN11660,1208-PF-LA-CMPE-GENRE,Laos,Strict,XGBoost,2,0,0.01187887229025364,0
4231,RCN11661,1208-PF-LA-CMPE-GENRE,Laos,Strict,XGBoost,2,0,0.021929258480668068,0
4232,RCN11662,1208-PF-LA-CMPE-GENRE,Laos,Strict,XGBoost,2,0,0.01707656867802143,0
4233,RCN11663,1208-PF-LA-CMPE-GENRE,Laos,Strict,XGBoost,2,0,0.037773121148347855,0
4234,RCN11664,1208-PF-LA-CMPE-GENRE,Laos,Strict,XGBoost,2,0,0.037773121148347855,0
4235,RCN11665,1208-PF-LA-CMPE-GENRE,Laos,Strict,XGBoost,2,0,0.02969481237232685,0
4236,RCN11666,1208-PF-LA-CMPE-GENRE,Laos,Strict,XGBoost,2,0,0.02317636087536812,0
4237,RCN11667,1208-PF-LA-CMPE-GENRE,Laos,Strict,XGBoost,2,0,0.008153853937983513,0
4238,RCN11668,1208-PF-LA-CMPE-GENRE,Laos,Strict,XGBoost,2,0,0.025662824511528015,0
4239,RCN11669,1208-PF-LA-CMPE-GENRE,Laos,Strict,XGBoost,2,0,0.11426752805709839,0
4240,RCN11670,1208-PF-LA-CMPE-GENRE,Laos,Strict,XGBoost,2,0,0.03147173672914505,0
4241,RCN11671,1208-PF-LA-CMPE-GENRE,Laos,Strict,XGBoost,2,0,0.03418482467532158,0
4242,RCN11672,1208-PF-LA-CMPE-GENRE,Laos,Strict,XGBoost,2,0,0.030006026849150658,0
4243,RCN11673,1208-PF-LA-CMPE-GENRE,Laos,Strict,XGBoost,2,0,0.008153853937983513,0
4244,RCN11674,1208-PF-LA-CMPE-GENRE,Laos,Strict,XGBoost,2,0,0.04324166104197502,0
4245,RCN11675,1208-PF-LA-CMPE-GENRE,Laos,Strict,XGBoost,2,0,0.01415757741779089,0
4246,RCN11676,1208-PF-LA-CMPE-GENRE,Laos,Strict,XGBoost,2,0,0.019784608855843544,0
4247,RCN11677,1208-PF-LA-CMPE-GENRE,Laos,Strict,XGBoost,2,0,0.02987072244286537,0
4248,RCN11678,1208-PF-LA-CMPE-GENRE,Laos,Strict,XGBoost,2,0,0.04902169480919838,0
4249,RCN11679,1208-PF-LA-CMPE-GENRE,Laos,Strict,XGBoost,2,0,0.04902169480919838,0
4250,RCN11680,1208-PF-LA-CMPE-GENRE,Laos,Strict,XGBoost,2,0,0.03149784728884697,0
4251,RCN11681,1208-PF-LA-CMPE-GENRE,Laos,Strict,XGBoost,2,0,0.02151256799697876,0
4252,RCN11682,1208-PF-LA-CMPE-GENRE,Laos,Strict,XGBoost,2,0,0.027837654575705528,0
4253,RCN11684,1208-PF-LA-CMPE-GENRE,Laos,Strict,XGBoost,2,0,0.04711439460515976,0
4254,RCN11685,1208-PF-LA-CMPE-GENRE,Laos,Strict,XGBoost,2,0,0.02151256799697876,0
4255,RCN11687,1208-PF-LA-CMPE-GENRE,Laos,Strict,XGBoost,2,0,0.03222699463367462,0
4256,RCN11688,1208-PF-LA-CMPE-GENRE,Laos,Strict,XGBoost,2,0,0.02151256799697876,0
4257,RCN11689,1208-PF-LA-CMPE-GENRE,Laos,Strict,XGBoost,2,0,0.020165778696537018,0
4258,RCN11691,1208-PF-LA-CMPE-GENRE,Laos,Strict,XGBoost,2,0,0.02151256799697876,0
4259,RCN11692,1208-PF-LA-CMPE-GENRE,Laos,Strict,XGBoost,2,0,0.02969481237232685,0
4260,RCN11693,1208-PF-LA-CMPE-GENRE,Laos,Strict,XGBoost,2,0,0.027030805125832558,0
4261,RCN11694,1208-PF-LA-CMPE-GENRE,Laos,Strict,XGBoost,2,0,0.04498898237943649,0
4262,RCN11695,1208-PF-LA-CMPE-GENRE,Laos,Strict,XGBoost,2,0,0.019218197092413902,0
4263,RCN11696,1208-PF-LA-CMPE-GENRE,Laos,Strict,XGBoost,2,0,0.028306636959314346,0
4264,RCN11699,1208-PF-LA-CMPE-GENRE,Laos,Strict,XGBoost,2,0,0.03147173672914505,0
4265,RCN11700,1208-PF-LA-CMPE-GENRE,Laos,Strict,XGBoost,2,0,0.010387363843619823,0
4266,RCN11701,1208-PF-LA-CMPE-GENRE,Laos,Strict,XGBoost,2,0,0.030006026849150658,0
4267,RCN11702,1208-PF-LA-CMPE-GENRE,Laos,Strict,XGBoost,2,0,0.03149784728884697,0
4268,RCN11703,1208-PF-LA-CMPE-GENRE,Laos,Strict,XGBoost,2,0,0.0208741407841444,0
4269,RCN11704,1208-PF-LA-CMPE-GENRE,Laos,Strict,XGBoost,2,0,0.03149784728884697,0
4270,RCN11706,1208-PF-LA-CMPE-GENRE,Laos,Strict,XGBoost,2,0,0.03149784728884697,0
4271,RCN11707,1208-PF-LA-CMPE-GENRE,Laos,Strict,XGBoost,2,0,0.04902169480919838,0
4272,RCN11708,1208-PF-LA-CMPE-GENRE,Laos,Strict,XGBoost,2,0,0.025662824511528015,0
4273,RCN11709,1208-PF-LA-CMPE-GENRE,Laos,Strict,XGBoost,2,0,0.015286819078028202,0
4274,RCN11710,1208-PF-LA-CMPE-GENRE,Laos,Strict,XGBoost,2,0,0.02317636087536812,0
4275,RCN11711,1208-PF-LA-CMPE-GENRE,Laos,Strict,XGBoost,2,0,0.04498898237943649,0
4276,RCN11712,1208-PF-LA-CMPE-GENRE,Laos,Strict,XGBoost,2,0,0.033109117299318314,0
4277,RCN11713,1208-PF-LA-CMPE-GENRE,Laos,Strict,XGBoost,2,0,0.01533629558980465,0
4278,RCN11714,1208-PF-LA-CMPE-GENRE,Laos,Strict,XGBoost,2,0,0.020846404135227203,0
4279,RCN11715,1208-PF-LA-CMPE-GENRE,Laos,Strict,XGBoost,2,0,0.023119458928704262,0
4280,RCN11716,1208-PF-LA-CMPE-GENRE,Laos,Strict,XGBoost,2,0,0.03154534474015236,0
4281,RCN11722,1208-PF-LA-CMPE-GENRE,Laos,Strict,XGBoost,2,0,0.015502911061048508,0
4282,RCN11723,1208-PF-LA-CMPE-GENRE,Laos,Strict,XGBoost,2,0,0.015502911061048508,0
4283,RCN11725,1208-PF-LA-CMPE-GENRE,Laos,Strict,XGBoost,2,0,0.021789051592350006,0
4284,RCN11726,1208-PF-LA-CMPE-GENRE,Laos,Strict,XGBoost,2,0,0.02607438899576664,0
4285,RCN11727,1208-PF-LA-CMPE-GENRE,Laos,Strict,XGBoost,2,0,0.02607438899576664,0
4286,RCN11730,1208-PF-LA-CMPE-GENRE,Laos,Strict,XGBoost,2,0,0.02317636087536812,0
4287,RCN11731,1208-PF-LA-CMPE-GENRE,Laos,Strict,XGBoost,2,0,0.02317636087536812,0
4288,RCN11732,1208-PF-LA-CMPE-GENRE,Laos,Strict,XGBoost,2,0,0.0208741407841444,0
4289,RCN11740,1208-PF-LA-CMPE-GENRE,Laos,Strict,XGBoost,2,0,0.026472752913832664,0
4290,RCN11741,1208-PF-LA-CMPE-GENRE,Laos,Strict,XGBoost,2,0,0.021929258480668068,0
4291,RCN11742,1208-PF-LA-CMPE-GENRE,Laos,Strict,XGBoost,2,0,0.028921103104948997,0
4292,RCN11743,1208-PF-LA-CMPE-GENRE,Laos,Strict,XGBoost,2,0,0.02077648788690567,0
4293,RCN11747,1208-PF-LA-CMPE-GENRE,Laos,Strict,XGBoost,2,1,0.2376309484243393,0
4294,RCN11748,1208-PF-LA-CMPE-GENRE,Laos,Strict,XGBoost,2,1,0.2376309484243393,0
4295,RCN11749,1208-PF-LA-CMPE-GENRE,Laos,Strict,XGBoost,2,1,0.22270730137825012,0
4296,RCN11751,1208-PF-LA-CMPE-GENRE,Laos,Strict,XGBoost,2,1,0.2450573742389679,0
4297,RCN11752,1208-PF-LA-CMPE-GENRE,Laos,Strict,XGBoost,2,1,0.21092967689037323,0
4298,RCN11754,1208-PF-LA-CMPE-GENRE,Laos,Strict,XGBoost,2,0,0.02317636087536812,0
4299,RCN11755,1208-PF-LA-CMPE-GENRE,Laos,Strict,XGBoost,2,0,0.01163160614669323,0
4300,RCN11756,1208-PF-LA-CMPE-GENRE,Laos,Strict,XGBoost,2,0,0.02317636087536812,0
4301,RCN11758,1208-PF-LA-CMPE-GENRE,Laos,Strict,XGBoost,2,0,0.0208741407841444,0
4302,RCN11759,1208-PF-LA-CMPE-GENRE,Laos,Strict,XGBoost,2,0,0.02317636087536812,0
4303,RCN11760,1208-PF-LA-CMPE-GENRE,Laos,Strict,XGBoost,2,0,0.02848801761865616,0
4304,RCN11761,1208-PF-LA-CMPE-GENRE,Laos,Strict,XGBoost,2,0,0.13024213910102844,0
4305,RCN11762,1208-PF-LA-CMPE-GENRE,Laos,Strict,XGBoost,2,0,0.0208741407841444,0
4306,RCN11764,1208-PF-LA-CMPE-GENRE,Laos,Strict,XGBoost,2,0,0.22126507759094238,0
4307,RCN11765,1208-PF-LA-CMPE-GENRE,Laos,Strict,XGBoost,2,1,0.7780972123146057,1
4308,RCN11766,1208-PF-LA-CMPE-GENRE,Laos,Strict,XGBoost,2,1,0.6203373670578003,1
4309,RCN11767,1208-PF-LA-CMPE-GENRE,Laos,Strict,XGBoost,2,0,0.031083323061466217,0
4310,RCN11768,1208-PF-LA-CMPE-GENRE,Laos,Strict,XGBoost,2,0,0.041038088500499725,0
4311,RCN11769,1208-PF-LA-CMPE-GENRE,Laos,Strict,XGBoost,2,1,0.6203373670578003,1
4312,RCN11770,1208-PF-LA-CMPE-GENRE,Laos,Strict,XGBoost,2,1,0.5667029023170471,1
4313,RCN11771,1208-PF-LA-CMPE-GENRE,Laos,Strict,XGBoost,2,1,0.6203373670578003,1
4314,RCN11772,1208-PF-LA-CMPE-GENRE,Laos,Strict,XGBoost,2,1,0.4441983699798584,0
4315,RCN11773,1208-PF-LA-CMPE-GENRE,Laos,Strict,XGBoost,2,1,0.2376309484243393,0
4316,RCN11774,1208-PF-LA-CMPE-GENRE,Laos,Strict,XGBoost,2,1,0.223967507481575,0
4317,RCN11776,1208-PF-LA-CMPE-GENRE,Laos,Strict,XGBoost,2,1,0.2376309484243393,0
4318,RCN11777,1208-PF-LA-CMPE-GENRE,Laos,Strict,XGBoost,2,0,0.02317636087536812,0
4319,RCN11778,1208-PF-LA-CMPE-GENRE,Laos,Strict,XGBoost,2,0,0.042344097048044205,0
4320,RCN11779,1208-PF-LA-CMPE-GENRE,Laos,Strict,XGBoost,2,0,0.13024213910102844,0
4321,RCN11780,1208-PF-LA-CMPE-GENRE,Laos,Strict,XGBoost,2,0,0.18859736621379852,0
4322,RCN11781,1208-PF-LA-CMPE-GENRE,Laos,Strict,XGBoost,2,0,0.021448612213134766,0
4323,RCN11782,1208-PF-LA-CMPE-GENRE,Laos,Strict,XGBoost,2,0,0.22126507759094238,0
4324,RCN11783,1208-PF-LA-CMPE-GENRE,Laos,Strict,XGBoost,2,0,0.02587965875864029,0
4325,RCN11784,1208-PF-LA-CMPE-GENRE,Laos,Strict,XGBoost,2,1,0.02169225737452507,0
4326,RCN11786,1208-PF-LA-CMPE-GENRE,Laos,Strict,XGBoost,2,0,0.0208741407841444,0
4327,RCN11787,1208-PF-LA-CMPE-GENRE,Laos,Strict,XGBoost,2,0,0.027030805125832558,0
4328,RCN11789,1208-PF-LA-CMPE-GENRE,Laos,Strict,XGBoost,2,0,0.01426325086504221,0
4329,RCN11790,1208-PF-LA-CMPE-GENRE,Laos,Strict,XGBoost,2,0,0.0208741407841444,0
4330,RCN11792,1208-PF-LA-CMPE-GENRE,Laos,Strict,XGBoost,2,0,0.20347411930561066,0
4331,RCN11793,1208-PF-LA-CMPE-GENRE,Laos,Strict,XGBoost,2,0,0.035285890102386475,0
4332,RCN11795,1208-PF-LA-CMPE-GENRE,Laos,Strict,XGBoost,2,0,0.041602008044719696,0
4333,RCN11796,1208-PF-LA-CMPE-GENRE,Laos,Strict,XGBoost,2,1,0.01888355240225792,0
4334,RCN11797,1208-PF-LA-CMPE-GENRE,Laos,Strict,XGBoost,2,0,0.028921103104948997,0
4335,RCN11798,1208-PF-LA-CMPE-GENRE,Laos,Strict,XGBoost,2,0,0.02969481237232685,0
4336,RCN11799,1208-PF-LA-CMPE-GENRE,Laos,Strict,XGBoost,2,1,0.01888355240225792,0
4337,RCN11800,1208-PF-LA-CMPE-GENRE,Laos,Strict,XGBoost,2,0,0.029101204127073288,0
4338,RCN11801,1208-PF-LA-CMPE-GENRE,Laos,Strict,XGBoost,2,0,0.23473365604877472,0
4339,RCN11802,1208-PF-LA-CMPE-GENRE,Laos,Strict,XGBoost,2,0,0.3157176673412323,0
4340,RCN11803,1208-PF-LA-CMPE-GENRE,Laos,Strict,XGBoost,2,1,0.01888355240225792,0
4341,RCN11804,1208-PF-LA-CMPE-GENRE,Laos,Strict,XGBoost,2,1,0.015770921483635902,0
4342,RCN11805,1208-PF-LA-CMPE-GENRE,Laos,Strict,XGBoost,2,0,0.02848801761865616,0
4343,RCN11806,1208-PF-LA-CMPE-GENRE,Laos,Strict,XGBoost,2,0,0.015886466950178146,0
4344,RCN11807,1208-PF-LA-CMPE-GENRE,Laos,Strict,XGBoost,2,0,0.01574798673391342,0
4345,RCN11808,1208-PF-LA-CMPE-GENRE,Laos,Strict,XGBoost,2,0,0.01045503094792366,0
4346,RCN11809,1208-PF-LA-CMPE-GENRE,Laos,Strict,XGBoost,2,0,0.02185465581715107,0
4347,RCN11810,1208-PF-LA-CMPE-GENRE,Laos,Strict,XGBoost,2,0,0.017108434811234474,0
4348,RCN11811,1208-PF-LA-CMPE-GENRE,Laos,Strict,XGBoost,2,0,0.00991652999073267,0
4349,RCN11812,1208-PF-LA-CMPE-GENRE,Laos,Strict,XGBoost,2,0,0.03149784728884697,0
4350,RCN11813,1208-PF-LA-CMPE-GENRE,Laos,Strict,XGBoost,2,1,0.6388501524925232,1
4351,RCN11816,1208-PF-LA-CMPE-GENRE,Laos,Strict,XGBoost,2,1,0.6641180515289307,1
4352,RCN11817,1208-PF-LA-CMPE-GENRE,Laos,Strict,XGBoost,2,1,0.6641180515289307,1
4353,RCN11819,1208-PF-LA-CMPE-GENRE,Laos,Strict,XGBoost,2,0,0.03010718710720539,0
4354,RCN11820,1208-PF-LA-CMPE-GENRE,Laos,Strict,XGBoost,2,0,0.027728406712412834,0
4355,RCN11822,1208-PF-LA-CMPE-GENRE,Laos,Strict,XGBoost,2,1,0.6321927905082703,1
4356,RCN11823,1208-PF-LA-CMPE-GENRE,Laos,Strict,XGBoost,2,1,0.6214672923088074,1
4357,RCN11824,1208-PF-LA-CMPE-GENRE,Laos,Strict,XGBoost,2,1,0.6284188628196716,1
4358,RCN11827,1208-PF-LA-CMPE-GENRE,Laos,Strict,XGBoost,2,1,0.6415431499481201,1
4359,RCN11828,1208-PF-LA-CMPE-GENRE,Laos,Strict,XGBoost,2,1,0.6641180515289307,1
4360,RCN11829,1208-PF-LA-CMPE-GENRE,Laos,Strict,XGBoost,2,0,0.02605608105659485,0
4361,RCN11830,1208-PF-LA-CMPE-GENRE,Laos,Strict,XGBoost,2,1,0.998547375202179,1
4362,RCN11831,1208-PF-LA-CMPE-GENRE,Laos,Strict,XGBoost,2,1,0.9988644123077393,1
4363,RCN11833,1208-PF-LA-CMPE-GENRE,Laos,Strict,XGBoost,2,0,0.777346134185791,1
4364,RCN11834,1208-PF-LA-CMPE-GENRE,Laos,Strict,XGBoost,2,1,0.45415037870407104,0
4365,RCN11835,1208-PF-LA-CMPE-GENRE,Laos,Strict,XGBoost,2,0,0.10158540308475494,0
4366,RCN11836,1208-PF-LA-CMPE-GENRE,Laos,Strict,XGBoost,2,1,0.6991497278213501,1
4367,RCN11837,1208-PF-LA-CMPE-GENRE,Laos,Strict,XGBoost,2,1,0.679518461227417,1
4368,RCN11839,1208-PF-LA-CMPE-GENRE,Laos,Strict,XGBoost,2,1,0.9786490797996521,1
4369,RCN11840,1208-PF-LA-CMPE-GENRE,Laos,Strict,XGBoost,2,1,0.971085786819458,1
4370,RCN11841,1208-PF-LA-CMPE-GENRE,Laos,Strict,XGBoost,2,1,0.7032554745674133,1
4371,RCN11843,1208-PF-LA-CMPE-GENRE,Laos,Strict,XGBoost,2,0,0.26758086681365967,0
4372,RCN11844,1208-PF-LA-CMPE-GENRE,Laos,Strict,XGBoost,2,0,0.39153364300727844,0
4373,RCN11845,1208-PF-LA-CMPE-GENRE,Laos,Strict,XGBoost,2,1,0.9965052604675293,1
4374,RCN11847,1208-PF-LA-CMPE-GENRE,Laos,Strict,XGBoost,2,1,0.7966707944869995,1
4375,RCN11848,1208-PF-LA-CMPE-GENRE,Laos,Strict,XGBoost,2,0,0.10960046947002411,0
4376,RCN11849,1208-PF-LA-CMPE-GENRE,Laos,Strict,XGBoost,2,0,0.31858304142951965,0
4377,RCN11850,1208-PF-LA-CMPE-GENRE,Laos,Strict,XGBoost,2,1,0.9960236549377441,1
4378,RCN11852,1208-PF-LA-CMPE-GENRE,Laos,Strict,XGBoost,2,1,0.9975389242172241,1
4379,RCN11854,1208-PF-LA-CMPE-GENRE,Laos,Strict,XGBoost,2,1,0.9970130920410156,1
4380,RCN11855,1208-PF-LA-CMPE-GENRE,Laos,Strict,XGBoost,2,1,0.9399376511573792,1
4381,RCN11856,1208-PF-LA-CMPE-GENRE,Laos,Strict,XGBoost,2,1,0.9948370456695557,1
4382,RCN11859,1208-PF-LA-CMPE-GENRE,Laos,Strict,XGBoost,2,1,0.997116208076477,1
4383,RCN11862,1208-PF-LA-CMPE-GENRE,Laos,Strict,XGBoost,2,1,0.9983653426170349,1
4384,RCN11863,1208-PF-LA-CMPE-GENRE,Laos,Strict,XGBoost,2,1,0.9968242645263672,1
4385,RCN11864,1208-PF-LA-CMPE-GENRE,Laos,Strict,XGBoost,2,1,0.997116208076477,1
4386,RCN11865,1208-PF-LA-CMPE-GENRE,Laos,Strict,XGBoost,2,1,0.9964185953140259,1
4387,RCN11866,1208-PF-LA-CMPE-GENRE,Laos,Strict,XGBoost,2,1,0.9970948696136475,1
4388,RCN11868,1208-PF-LA-CMPE-GENRE,Laos,Strict,XGBoost,2,0,0.38188081979751587,0
4389,RCN11869,1208-PF-LA-CMPE-GENRE,Laos,Strict,XGBoost,2,1,0.9966331124305725,1
4390,RCN11870,1208-PF-LA-CMPE-GENRE,Laos,Strict,XGBoost,2,1,0.997007429599762,1
4391,RCN11871,1208-PF-LA-CMPE-GENRE,Laos,Strict,XGBoost,2,1,0.9984661340713501,1
4392,RCN11872,1208-PF-LA-CMPE-GENRE,Laos,Strict,XGBoost,2,1,0.9968403577804565,1
4393,RCN11873,1208-PF-LA-CMPE-GENRE,Laos,Strict,XGBoost,2,1,0.9968242645263672,1
4394,RCN11874,1208-PF-LA-CMPE-GENRE,Laos,Strict,XGBoost,2,1,0.9945557117462158,1
4395,RCN11875,1208-PF-LA-CMPE-GENRE,Laos,Strict,XGBoost,2,1,0.998849630355835,1
4396,RCN11876,1208-PF-LA-CMPE-GENRE,Laos,Strict,XGBoost,2,1,0.9962228536605835,1
4397,RCN11877,1208-PF-LA-CMPE-GENRE,Laos,Strict,XGBoost,2,1,0.9960649609565735,1
4398,RCN11878,1208-PF-LA-CMPE-GENRE,Laos,Strict,XGBoost,2,1,0.998547375202179,1
4399,RCN11879,1208-PF-LA-CMPE-GENRE,Laos,Strict,XGBoost,2,0,0.9792619943618774,1
4400,RCN11880,1208-PF-LA-CMPE-GENRE,Laos,Strict,XGBoost,2,1,0.7716060876846313,1
4401,RCN11881,1208-PF-LA-CMPE-GENRE,Laos,Strict,XGBoost,2,0,0.05797189101576805,0
4402,RCN11882,1208-PF-LA-CMPE-GENRE,Laos,Strict,XGBoost,2,1,0.9964451193809509,1
4403,RCN11883,1208-PF-LA-CMPE-GENRE,Laos,Strict,XGBoost,2,1,0.9970533847808838,1
4404,RCN11884,1208-PF-LA-CMPE-GENRE,Laos,Strict,XGBoost,2,0,0.27371275424957275,0
4405,RCN11885,1208-PF-LA-CMPE-GENRE,Laos,Strict,XGBoost,2,1,0.971085786819458,1
4406,RCN11886,1208-PF-LA-CMPE-GENRE,Laos,Strict,XGBoost,2,0,0.28985893726348877,0
4407,RCN11887,1208-PF-LA-CMPE-GENRE,Laos,Strict,XGBoost,2,0,0.23731441795825958,0
4408,RCN11888,1208-PF-LA-CMPE-GENRE,Laos,Strict,XGBoost,2,1,0.8838508129119873,1
4409,RCN11889,1208-PF-LA-CMPE-GENRE,Laos,Strict,XGBoost,2,0,0.007490858435630798,0
4410,RCN11890,1208-PF-LA-CMPE-GENRE,Laos,Strict,XGBoost,2,1,0.9978975057601929,1
4411,RCN11891,1208-PF-LA-CMPE-GENRE,Laos,Strict,XGBoost,2,1,0.9983609318733215,1
4412,RCN11892,1208-PF-LA-CMPE-GENRE,Laos,Strict,XGBoost,2,1,0.9987092018127441,1
4413,RCN11893,1208-PF-LA-CMPE-GENRE,Laos,Strict,XGBoost,2,1,0.6818996667861938,1
4414,RCN11895,1208-PF-LA-CMPE-GENRE,Laos,Strict,XGBoost,2,1,0.9988237023353577,1
4415,RCN11896,1208-PF-LA-CMPE-GENRE,Laos,Strict,XGBoost,2,1,0.8230207562446594,1
4416,RCN11897,1208-PF-LA-CMPE-GENRE,Laos,Strict,XGBoost,2,0,0.2100299894809723,0
4417,RCN11898,1208-PF-LA-CMPE-GENRE,Laos,Strict,XGBoost,2,0,0.30057013034820557,0
4418,RCN11899,1208-PF-LA-CMPE-GENRE,Laos,Strict,XGBoost,2,0,0.12219280004501343,0
4419,RCN11900,1208-PF-LA-CMPE-GENRE,Laos,Strict,XGBoost,2,1,0.7519843578338623,1
4420,RCN11901,1208-PF-LA-CMPE-GENRE,Laos,Strict,XGBoost,2,0,0.11175600439310074,0
4421,RCN11903,1208-PF-LA-CMPE-GENRE,Laos,Strict,XGBoost,2,1,0.9968242645263672,1
4422,RCN11904,1208-PF-LA-CMPE-GENRE,Laos,Strict,XGBoost,2,0,0.10163474082946777,0
4423,RCN11905,1208-PF-LA-CMPE-GENRE,Laos,Strict,XGBoost,2,0,0.1955171525478363,0
4424,RCN11906,1208-PF-LA-CMPE-GENRE,Laos,Strict,XGBoost,2,1,0.8230207562446594,1
4425,RCN11907,1208-PF-LA-CMPE-GENRE,Laos,Strict,XGBoost,2,0,0.07853370159864426,0
4426,RCN11908,1208-PF-LA-CMPE-GENRE,Laos,Strict,XGBoost,2,0,0.08477747440338135,0
4427,RCN11909,1208-PF-LA-CMPE-GENRE,Laos,Strict,XGBoost,2,1,0.8230207562446594,1
4428,RCN11910,1208-PF-LA-CMPE-GENRE,Laos,Strict,XGBoost,2,0,0.06911025941371918,0
4429,RCN11913,1208-PF-LA-CMPE-GENRE,Laos,Strict,XGBoost,2,1,0.17445866763591766,0
4430,RCN11914,1208-PF-LA-CMPE-GENRE,Laos,Strict,XGBoost,2,0,0.05073942616581917,0
4431,RCN11915,1208-PF-LA-CMPE-GENRE,Laos,Strict,XGBoost,2,1,0.9983653426170349,1
4432,RCN11916,1208-PF-LA-CMPE-GENRE,Laos,Strict,XGBoost,2,1,0.9983552098274231,1
4433,RCN11917,1208-PF-LA-CMPE-GENRE,Laos,Strict,XGBoost,2,0,0.20160329341888428,0
4434,RCN11918,1208-PF-LA-CMPE-GENRE,Laos,Strict,XGBoost,2,1,0.9968364238739014,1
4435,RCN11919,1208-PF-LA-CMPE-GENRE,Laos,Strict,XGBoost,2,1,0.9966506361961365,1
4436,RCN11920,1208-PF-LA-CMPE-GENRE,Laos,Strict,XGBoost,2,0,0.22371383011341095,0
4437,RCN11921,1208-PF-LA-CMPE-GENRE,Laos,Strict,XGBoost,2,0,0.018421372398734093,0
4438,RCN11922,1208-PF-LA-CMPE-GENRE,Laos,Strict,XGBoost,2,1,0.9976913928985596,1
4439,RCN11923,1208-PF-LA-CMPE-GENRE,Laos,Strict,XGBoost,2,0,0.11997009068727493,0
4440,RCN11924,1208-PF-LA-CMPE-GENRE,Laos,Strict,XGBoost,2,1,0.9926636219024658,1
4441,RCN11925,1208-PF-LA-CMPE-GENRE,Laos,Strict,XGBoost,2,0,0.11247799545526505,0
4442,RCN11926,1208-PF-LA-CMPE-GENRE,Laos,Strict,XGBoost,2,1,0.8230207562446594,1
4443,RCN11927,1208-PF-LA-CMPE-GENRE,Laos,Strict,XGBoost,2,0,0.509118378162384,1
4444,RCN11928,1208-PF-LA-CMPE-GENRE,Laos,Strict,XGBoost,2,1,0.997116208076477,1
4445,RCN11929,1208-PF-LA-CMPE-GENRE,Laos,Strict,XGBoost,2,1,0.9967221617698669,1
4446,RCN11930,1208-PF-LA-CMPE-GENRE,Laos,Strict,XGBoost,2,0,0.777346134185791,1
4447,RCN11931,1208-PF-LA-CMPE-GENRE,Laos,Strict,XGBoost,2,0,0.777346134185791,1
4448,RCN11933,1208-PF-LA-CMPE-GENRE,Laos,Strict,XGBoost,2,1,0.9966331124305725,1
4449,RCN11936,1208-PF-LA-CMPE-GENRE,Laos,Strict,XGBoost,2,1,0.9947299957275391,1
4450,RCN11937,1208-PF-LA-CMPE-GENRE,Laos,Strict,XGBoost,2,0,0.0349280871450901,0
4451,RCN11939,1208-PF-LA-CMPE-GENRE,Laos,Strict,XGBoost,2,1,0.9950779676437378,1
4452,RCN11940,1208-PF-LA-CMPE-GENRE,Laos,Strict,XGBoost,2,1,0.998547375202179,1
4883,RCN13263,1208-PF-LA-CMPE-GENRE,Laos,Strict,XGBoost,2,0,0.009467361494898796,0
4884,RCN13264,1208-PF-LA-CMPE-GENRE,Laos,Strict,XGBoost,2,0,0.009467361494898796,0
4885,RCN13265,1208-PF-LA-CMPE-GENRE,Laos,Strict,XGBoost,2,0,0.02073734812438488,0
4886,RCN13266,1208-PF-LA-CMPE-GENRE,Laos,Strict,XGBoost,2,0,0.04159997031092644,0
4887,RCN13267,1208-PF-LA-CMPE-GENRE,Laos,Strict,XGBoost,2,0,0.01585180126130581,0
4888,RCN13268,1208-PF-LA-CMPE-GENRE,Laos,Strict,XGBoost,2,0,0.3311171233654022,0
4889,RCN13269,1208-PF-LA-CMPE-GENRE,Laos,Strict,XGBoost,2,0,0.01875687949359417,0
4890,RCN13270,1208-PF-LA-CMPE-GENRE,Laos,Strict,XGBoost,2,0,0.009467361494898796,0
4891,RCN13271,1208-PF-LA-CMPE-GENRE,Laos,Strict,XGBoost,2,0,0.00991652999073267,0
4892,RCN13272,1208-PF-LA-CMPE-GENRE,Laos,Strict,XGBoost,2,0,0.009929867461323738,0
4893,RCN13273,1208-PF-LA-CMPE-GENRE,Laos,Strict,XGBoost,2,0,0.011390484869480133,0
4894,RCN13274,1208-PF-LA-CMPE-GENRE,Laos,Strict,XGBoost,2,0,0.01163160614669323,0
4895,RCN13275,1208-PF-LA-CMPE-GENRE,Laos,Strict,XGBoost,2,0,0.009929867461323738,0
4896,RCN13276,1208-PF-LA-CMPE-GENRE,Laos,Strict,XGBoost,2,0,0.01163160614669323,0
4897,RCN13277,1208-PF-LA-CMPE-GENRE,Laos,Strict,XGBoost,2,0,0.009476291947066784,0
4898,RCN13278,1208-PF-LA-CMPE-GENRE,Laos,Strict,XGBoost,2,0,0.00991652999073267,0
4899,RCN13279,1208-PF-LA-CMPE-GENRE,Laos,Strict,XGBoost,2,0,0.014573583379387856,0
4900,RCN13280,1208-PF-LA-CMPE-GENRE,Laos,Strict,XGBoost,2,0,0.009929867461323738,0
4901,RCN13281,1208-PF-LA-CMPE-GENRE,Laos,Strict,XGBoost,2,0,0.00991652999073267,0
4902,RCN13282,1208-PF-LA-CMPE-GENRE,Laos,Strict,XGBoost,2,0,0.01163160614669323,0
4903,RCN13283,1208-PF-LA-CMPE-GENRE,Laos,Strict,XGBoost,2,0,0.006074659992009401,0
4904,RCN13284,1208-PF-LA-CMPE-GENRE,Laos,Strict,XGBoost,2,0,0.018255580216646194,0
4905,RCN13285,1208-PF-LA-CMPE-GENRE,Laos,Strict,XGBoost,2,0,0.01875687949359417,0
4906,RCN13286,1208-PF-LA-CMPE-GENRE,Laos,Strict,XGBoost,2,0,0.00991652999073267,0
4907,RCN13287,1208-PF-LA-CMPE-GENRE,Laos,Strict,XGBoost,2,0,0.017234165221452713,0
4908,RCN13288,1208-PF-LA-CMPE-GENRE,Laos,Strict,XGBoost,2,0,0.009929867461323738,0
4909,RCN13289,1208-PF-LA-CMPE-GENRE,Laos,Strict,XGBoost,2,0,0.010903875343501568,0
4910,RCN13290,1208-PF-LA-CMPE-GENRE,Laos,Strict,XGBoost,2,0,0.00952073186635971,0
4911,RCN13291,1208-PF-LA-CMPE-GENRE,Laos,Strict,XGBoost,2,0,0.011814828962087631,0
4912,RCN13292,1208-PF-LA-CMPE-GENRE,Laos,Strict,XGBoost,2,0,0.017234165221452713,0
4913,RCN13293,1208-PF-LA-CMPE-GENRE,Laos,Strict,XGBoost,2,0,0.018910935148596764,0
4914,RCN13294,1208-PF-LA-CMPE-GENRE,Laos,Strict,XGBoost,2,0,0.01813853718340397,0
4915,RCN13295,1208-PF-LA-CMPE-GENRE,Laos,Strict,XGBoost,2,0,0.02132442407310009,0
4916,RCN13296,1208-PF-LA-CMPE-GENRE,Laos,Strict,XGBoost,2,0,0.012308291159570217,0
4917,RCN13297,1208-PF-LA-CMPE-GENRE,Laos,Strict,XGBoost,2,0,0.02016216143965721,0
4918,RCN13298,1208-PF-LA-CMPE-GENRE,Laos,Strict,XGBoost,2,0,0.018910935148596764,0
4919,RCN13299,1208-PF-LA-CMPE-GENRE,Laos,Strict,XGBoost,2,0,0.01728270761668682,0
4920,RCN13300,1208-PF-LA-CMPE-GENRE,Laos,Strict,XGBoost,2,0,0.018910935148596764,0
4921,RCN13301,1208-PF-LA-CMPE-GENRE,Laos,Strict,XGBoost,2,0,0.012910546734929085,0
4922,RCN13302,1208-PF-LA-CMPE-GENRE,Laos,Strict,XGBoost,2,0,0.01163160614669323,0
4923,RCN13303,1208-PF-LA-CMPE-GENRE,Laos,Strict,XGBoost,2,0,0.010903875343501568,0
4924,RCN13304,1208-PF-LA-CMPE-GENRE,Laos,Strict,XGBoost,2,0,0.01163160614669323,0
4925,RCN13305,1208-PF-LA-CMPE-GENRE,Laos,Strict,XGBoost,2,0,0.01163160614669323,0
4926,RCN13306,1208-PF-LA-CMPE-GENRE,Laos,Strict,XGBoost,2,0,0.01163160614669323,0
4927,RCN13307,1208-PF-LA-CMPE-GENRE,Laos,Strict,XGBoost,2,0,0.008077423088252544,0
4928,RCN13308,1208-PF-LA-CMPE-GENRE,Laos,Strict,XGBoost,2,0,0.010701932944357395,0
4929,RCN13309,1208-PF-LA-CMPE-GENRE,Laos,Strict,XGBoost,2,0,0.01045503094792366,0
4930,RCN13310,1208-PF-LA-CMPE-GENRE,Laos,Strict,XGBoost,2,0,0.010903875343501568,0
4931,RCN13311,1208-PF-LA-CMPE-GENRE,Laos,Strict,XGBoost,2,0,0.0074591003358364105,0
4932,RCN13312,1208-PF-LA-CMPE-GENRE,Laos,Strict,XGBoost,2,0,0.04327606037259102,0
4933,RCN13313,1208-PF-LA-CMPE-GENRE,Laos,Strict,XGBoost,2,0,0.016529100015759468,0
4934,RCN13316,1208-PF-LA-CMPE-GENRE,Laos,Strict,XGBoost,2,0,0.017108434811234474,0
4935,RCN13319,1208-PF-LA-CMPE-GENRE,Laos,Strict,XGBoost,2,0,0.08900831639766693,0
4936,RCN13320,1208-PF-LA-CMPE-GENRE,Laos,Strict,XGBoost,2,0,0.010701932944357395,0
4937,RCN13321,1208-PF-LA-CMPE-GENRE,Laos,Strict,XGBoost,2,0,0.01045503094792366,0
4938,RCN13322,1208-PF-LA-CMPE-GENRE,Laos,Strict,XGBoost,2,0,0.008503472432494164,0
4939,RCN13323,1208-PF-LA-CMPE-GENRE,Laos,Strict,XGBoost,2,0,0.017108434811234474,0
4940,RCN13324,1208-PF-LA-CMPE-GENRE,Laos,Strict,XGBoost,2,0,0.011242312379181385,0
4941,RCN13329,1208-PF-LA-CMPE-GENRE,Laos,Strict,XGBoost,2,1,0.21092967689037323,0
4942,RCN13330,1208-PF-LA-CMPE-GENRE,Laos,Strict,XGBoost,2,1,0.1504063606262207,0
4943,RCN13331,1208-PF-LA-CMPE-GENRE,Laos,Strict,XGBoost,2,1,0.21092967689037323,0
4944,RCN13332,1208-PF-LA-CMPE-GENRE,Laos,Strict,XGBoost,2,1,0.21092967689037323,0
4945,RCN13333,1208-PF-LA-CMPE-GENRE,Laos,Strict,XGBoost,2,1,0.27203699946403503,0
4946,RCN13336,1208-PF-LA-CMPE-GENRE,Laos,Strict,XGBoost,2,0,0.021405674517154694,0
4947,RCN13337,1208-PF-LA-CMPE-GENRE,Laos,Strict,XGBoost,2,0,0.018790727481245995,0
4948,RCN13338,1208-PF-LA-CMPE-GENRE,Laos,Strict,XGBoost,2,0,0.017234165221452713,0
4949,RCN13339,1208-PF-LA-CMPE-GENRE,Laos,Strict,XGBoost,2,0,0.016529100015759468,0
4950,RCN13340,1208-PF-LA-CMPE-GENRE,Laos,Strict,XGBoost,2,0,0.01163160614669323,0
4951,RCN13341,1208-PF-LA-CMPE-GENRE,Laos,Strict,XGBoost,2,0,0.011814828962087631,0
4952,RCN13342,1208-PF-LA-CMPE-GENRE,Laos,Strict,XGBoost,2,0,0.017254643142223358,0
4953,RCN13343,1208-PF-LA-CMPE-GENRE,Laos,Strict,XGBoost,2,0,0.011354180052876472,0
4954,RCN13344,1208-PF-LA-CMPE-GENRE,Laos,Strict,XGBoost,2,0,0.011354180052876472,0
4955,RCN13345,1208-PF-LA-CMPE-GENRE,Laos,Strict,XGBoost,2,0,0.00940608698874712,0
4956,RCN13346,1208-PF-LA-CMPE-GENRE,Laos,Strict,XGBoost,2,0,0.011390484869480133,0
4957,RCN13347,1208-PF-LA-CMPE-GENRE,Laos,Strict,XGBoost,2,0,0.017108434811234474,0
4958,RCN13348,1208-PF-LA-CMPE-GENRE,Laos,Strict,XGBoost,2,0,0.01633145473897457,0
4959,RCN13349,1208-PF-LA-CMPE-GENRE,Laos,Strict,XGBoost,2,0,0.021709628403186798,0
4960,RCN13350,1208-PF-LA-CMPE-GENRE,Laos,Strict,XGBoost,2,0,0.013063558377325535,0
4961,RCN13351,1208-PF-LA-CMPE-GENRE,Laos,Strict,XGBoost,2,0,0.04341348633170128,0
4962,RCN13352,1208-PF-LA-CMPE-GENRE,Laos,Strict,XGBoost,2,0,0.028768787160515785,0
4963,RCN13353,1208-PF-LA-CMPE-GENRE,Laos,Strict,XGBoost,2,0,0.02132442407310009,0
4964,RCN13354,1208-PF-LA-CMPE-GENRE,Laos,Strict,XGBoost,2,0,0.024358389899134636,0
4965,RCN13355,1208-PF-LA-CMPE-GENRE,Laos,Strict,XGBoost,2,0,0.015634708106517792,0
4966,RCN13356,1208-PF-LA-CMPE-GENRE,Laos,Strict,XGBoost,2,0,0.01163160614669323,0
4967,RCN13357,1208-PF-LA-CMPE-GENRE,Laos,Strict,XGBoost,2,0,0.007360092364251614,0
4968,RCN13358,1208-PF-LA-CMPE-GENRE,Laos,Strict,XGBoost,2,1,0.3625774383544922,0
4969,RCN13359,1208-PF-LA-CMPE-GENRE,Laos,Strict,XGBoost,2,0,0.018600033596158028,0
4970,RCN13360,1208-PF-LA-CMPE-GENRE,Laos,Strict,XGBoost,2,0,0.018600033596158028,0
4971,RCN13361,1208-PF-LA-CMPE-GENRE,Laos,Strict,XGBoost,2,1,0.3859039843082428,0
4972,RCN13362,1208-PF-LA-CMPE-GENRE,Laos,Strict,XGBoost,2,1,0.3633992373943329,0
4973,RCN13363,1208-PF-LA-CMPE-GENRE,Laos,Strict,XGBoost,2,1,0.3859039843082428,0
4974,RCN13364,1208-PF-LA-CMPE-GENRE,Laos,Strict,XGBoost,2,0,0.039050985127687454,0
4975,RCN13365,1208-PF-LA-CMPE-GENRE,Laos,Strict,XGBoost,2,0,0.01163160614669323,0
4976,RCN13366,1208-PF-LA-CMPE-GENRE,Laos,Strict,XGBoost,2,0,0.011390484869480133,0
4977,RCN13367,1208-PF-LA-CMPE-GENRE,Laos,Strict,XGBoost,2,0,0.21618323028087616,0
4978,RCN13368,1208-PF-LA-CMPE-GENRE,Laos,Strict,XGBoost,2,1,0.4432770311832428,0
4979,RCN13369,1208-PF-LA-CMPE-GENRE,Laos,Strict,XGBoost,2,0,0.011242312379181385,0
4980,RCN13370,1208-PF-LA-CMPE-GENRE,Laos,Strict,XGBoost,2,0,0.05807032808661461,0
4981,RCN13371,1208-PF-LA-CMPE-GENRE,Laos,Strict,XGBoost,2,0,0.00952073186635971,0
4982,RCN13372,1208-PF-LA-CMPE-GENRE,Laos,Strict,XGBoost,2,0,0.02035277895629406,0
4983,RCN13373,1208-PF-LA-CMPE-GENRE,Laos,Strict,XGBoost,2,0,0.02035277895629406,0
4984,RCN13374,1208-PF-LA-CMPE-GENRE,Laos,Strict,XGBoost,2,1,0.5087583661079407,1
4985,RCN13375,1208-PF-LA-CMPE-GENRE,Laos,Strict,XGBoost,2,0,0.013377100229263306,0
4986,RCN13376,1208-PF-LA-CMPE-GENRE,Laos,Strict,XGBoost,2,0,0.012241932563483715,0
4987,RCN13377,1208-PF-LA-CMPE-GENRE,Laos,Strict,XGBoost,2,0,0.02386229857802391,0
4988,RCN13378,1208-PF-LA-CMPE-GENRE,Laos,Strict,XGBoost,2,0,0.011742541566491127,0
4989,RCN13379,1208-PF-LA-CMPE-GENRE,Laos,Strict,XGBoost,2,0,0.0057562170550227165,0
4990,RCN13380,1208-PF-LA-CMPE-GENRE,Laos,Strict,XGBoost,2,1,0.45775511860847473,0
4991,RCN13381,1208-PF-LA-CMPE-GENRE,Laos,Strict,XGBoost,2,0,0.013949668034911156,0
4992,RCN13382,1208-PF-LA-CMPE-GENRE,Laos,Strict,XGBoost,2,1,0.5087583661079407,1
4993,RCN13383,1208-PF-LA-CMPE-GENRE,Laos,Strict,XGBoost,2,0,0.0112708555534482,0
4994,RCN13384,1208-PF-LA-CMPE-GENRE,Laos,Strict,XGBoost,2,0,0.012308291159570217,0
4995,RCN13385,1208-PF-LA-CMPE-GENRE,Laos,Strict,XGBoost,2,0,0.009091229178011417,0
4996,RCN13386,1208-PF-LA-CMPE-GENRE,Laos,Strict,XGBoost,2,0,0.013644264079630375,0
4997,RCN13387,1208-PF-LA-CMPE-GENRE,Laos,Strict,XGBoost,2,1,0.35054364800453186,0
4998,RCN13388,1208-PF-LA-CMPE-GENRE,Laos,Strict,XGBoost,2,1,0.42668601870536804,0
4999,RCN13389,1208-PF-LA-CMPE-GENRE,Laos,Strict,XGBoost,2,0,0.10992220044136047,0
5000,RCN13390,1208-PF-LA-CMPE-GENRE,Laos,Strict,XGBoost,2,0,0.12460615485906601,0
5001,RCN13391,1208-PF-LA-CMPE-GENRE,Laos,Strict,XGBoost,2,1,0.42668601870536804,0
5002,RCN13392,1208-PF-LA-CMPE-GENRE,Laos,Strict,XGBoost,2,0,0.01045503094792366,0
5003,RCN13394,1208-PF-LA-CMPE-GENRE,Laos,Strict,XGBoost,2,0,0.08632178604602814,0
5004,RCN13395,1208-PF-LA-CMPE-GENRE,Laos,Strict,XGBoost,2,0,0.010818841867148876,0
5005,RCN13396,1208-PF-LA-CMPE-GENRE,Laos,Strict,XGBoost,2,0,0.009958057664334774,0
5006,RCN13397,1208-PF-LA-CMPE-GENRE,Laos,Strict,XGBoost,2,0,0.018910935148596764,0
5007,RCN13398,1208-PF-LA-CMPE-GENRE,Laos,Strict,XGBoost,2,0,0.01163160614669323,0
5008,RCN13400,1208-PF-LA-CMPE-GENRE,Laos,Strict,XGBoost,2,0,0.01666932925581932,0
5009,RCN13401,1208-PF-LA-CMPE-GENRE,Laos,Strict,XGBoost,2,0,0.010701932944357395,0
5010,RCN13403,1208-PF-LA-CMPE-GENRE,Laos,Strict,XGBoost,2,1,0.9961299896240234,1
5011,RCN13404,1208-PF-LA-CMPE-GENRE,Laos,Strict,XGBoost,2,1,0.9969841837882996,1
5012,RCN13405,1208-PF-LA-CMPE-GENRE,Laos,Strict,XGBoost,2,1,0.9971188306808472,1
5013,RCN13406,1208-PF-LA-CMPE-GENRE,Laos,Strict,XGBoost,2,1,0.997863233089447,1
5014,RCN13407,1208-PF-LA-CMPE-GENRE,Laos,Strict,XGBoost,2,1,0.9969841837882996,1
5015,RCN13408,1208-PF-LA-CMPE-GENRE,Laos,Strict,XGBoost,2,1,0.9965264201164246,1
5016,RCN13409,1208-PF-LA-CMPE-GENRE,Laos,Strict,XGBoost,2,1,0.998080849647522,1
5017,RCN13410,1208-PF-LA-CMPE-GENRE,Laos,Strict,XGBoost,2,1,0.996762752532959,1
5018,RCN13411,1208-PF-LA-CMPE-GENRE,Laos,Strict,XGBoost,2,1,0.6721771359443665,1
5019,RCN13412,1208-PF-LA-CMPE-GENRE,Laos,Strict,XGBoost,2,1,0.22270730137825012,0
5020,RCN13413,1208-PF-LA-CMPE-GENRE,Laos,Strict,XGBoost,2,1,0.42668601870536804,0
5021,RCN13414,1208-PF-LA-CMPE-GENRE,Laos,Strict,XGBoost,2,1,0.5003044605255127,1
5022,RCN13415,1208-PF-LA-CMPE-GENRE,Laos,Strict,XGBoost,2,1,0.40968987345695496,0
5023,RCN13416,1208-PF-LA-CMPE-GENRE,Laos,Strict,XGBoost,2,1,0.40968987345695496,0
5024,RCN13417,1208-PF-LA-CMPE-GENRE,Laos,Strict,XGBoost,2,0,0.00762479193508625,0
5025,RCN13418,1208-PF-LA-CMPE-GENRE,Laos,Strict,XGBoost,2,0,0.017457569018006325,0
5026,RCN13419,1208-PF-LA-CMPE-GENRE,Laos,Strict,XGBoost,2,0,0.01799166388809681,0
5027,RCN13420,1208-PF-LA-CMPE-GENRE,Laos,Strict,XGBoost,2,0,0.00952073186635971,0
5028,RCN13421,1208-PF-LA-CMPE-GENRE,Laos,Strict,XGBoost,2,0,0.011390484869480133,0
5029,RCN13422,1208-PF-LA-CMPE-GENRE,Laos,Strict,XGBoost,2,0,0.021704182028770447,0
5030,RCN13424,1208-PF-LA-CMPE-GENRE,Laos,Strict,XGBoost,2,0,0.11729292571544647,0
5031,RCN13427,1208-PF-LA-CMPE-GENRE,Laos,Strict,XGBoost,2,0,0.11387358605861664,0
5032,RCN13429,1208-PF-LA-CMPE-GENRE,Laos,Strict,XGBoost,2,0,0.11387358605861664,0
5033,RCN13430,1208-PF-LA-CMPE-GENRE,Laos,Strict,XGBoost,2,0,0.046152129769325256,0
5034,RCN13431,1208-PF-LA-CMPE-GENRE,Laos,Strict,XGBoost,2,0,0.00812800694257021,0
5035,RCN13432,1208-PF-LA-CMPE-GENRE,Laos,Strict,XGBoost,2,0,0.01574798673391342,0
5036,RCN13433,1208-PF-LA-CMPE-GENRE,Laos,Strict,XGBoost,2,0,0.017234165221452713,0
5037,RCN13434,1208-PF-LA-CMPE-GENRE,Laos,Strict,XGBoost,2,0,0.01574798673391342,0
5038,RCN13435,1208-PF-LA-CMPE-GENRE,Laos,Strict,XGBoost,2,0,0.017108434811234474,0
5039,RCN13436,1208-PF-LA-CMPE-GENRE,Laos,Strict,XGBoost,2,0,0.016529100015759468,0
5040,RCN13437,1208-PF-LA-CMPE-GENRE,Laos,Strict,XGBoost,2,0,0.015634708106517792,0
5041,RCN13438,1208-PF-LA-CMPE-GENRE,Laos,Strict,XGBoost,2,0,0.015239031054079533,0
5042,RCN13439,1208-PF-LA-CMPE-GENRE,Laos,Strict,XGBoost,2,0,0.09646384418010712,0
5043,RCN13441,1208-PF-LA-CMPE-GENRE,Laos,Strict,XGBoost,2,0,0.015634708106517792,0
5044,RCN13442,1208-PF-LA-CMPE-GENRE,Laos,Strict,XGBoost,2,0,0.022648576647043228,0
5045,RCN13443,1208-PF-LA-CMPE-GENRE,Laos,Strict,XGBoost,2,0,0.046783413738012314,0
5046,RCN13445,1208-PF-LA-CMPE-GENRE,Laos,Strict,XGBoost,2,0,0.07745124399662018,0
5047,RCN13446,1208-PF-LA-CMPE-GENRE,Laos,Strict,XGBoost,2,0,0.01574798673391342,0
5048,RCN13447,1208-PF-LA-CMPE-GENRE,Laos,Strict,XGBoost,2,0,0.009929867461323738,0
5049,RCN13448,1208-PF-LA-CMPE-GENRE,Laos,Strict,XGBoost,2,0,0.07046972960233688,0
5050,RCN13449,1208-PF-LA-CMPE-GENRE,Laos,Strict,XGBoost,2,1,0.9981561303138733,1
5051,RCN13450,1208-PF-LA-CMPE-GENRE,Laos,Strict,XGBoost,2,1,0.9864158630371094,1
5052,RCN13452,1208-PF-LA-CMPE-GENRE,Laos,Strict,XGBoost,2,1,0.9973816275596619,1
5053,RCN13454,1208-PF-LA-CMPE-GENRE,Laos,Strict,XGBoost,2,0,0.8568984866142273,1
5054,RCN13455,1208-PF-LA-CMPE-GENRE,Laos,Strict,XGBoost,2,0,0.0995648205280304,0
5055,RCN13457,1208-PF-LA-CMPE-GENRE,Laos,Strict,XGBoost,2,1,0.9972934126853943,1
5056,RCN13458,1208-PF-LA-CMPE-GENRE,Laos,Strict,XGBoost,2,0,0.11742614209651947,0
5057,RCN13459,1208-PF-LA-CMPE-GENRE,Laos,Strict,XGBoost,2,0,0.13399450480937958,0
5058,RCN13460,1208-PF-LA-CMPE-GENRE,Laos,Strict,XGBoost,2,0,0.08166731148958206,0
5059,RCN13461,1208-PF-LA-CMPE-GENRE,Laos,Strict,XGBoost,2,0,0.05014605447649956,0
5060,RCN13462,1208-PF-LA-CMPE-GENRE,Laos,Strict,XGBoost,2,1,0.9982408285140991,1
5061,RCN13463,1208-PF-LA-CMPE-GENRE,Laos,Strict,XGBoost,2,1,0.9903462529182434,1
5062,RCN13464,1208-PF-LA-CMPE-GENRE,Laos,Strict,XGBoost,2,0,0.1395948976278305,0
5063,RCN13465,1208-PF-LA-CMPE-GENRE,Laos,Strict,XGBoost,2,1,0.9981561303138733,1
5064,RCN13466,1208-PF-LA-CMPE-GENRE,Laos,Strict,XGBoost,2,0,0.8506767153739929,1
5065,RCN13467,1208-PF-LA-CMPE-GENRE,Laos,Strict,XGBoost,2,0,0.13344259560108185,0
5066,RCN13468,1208-PF-LA-CMPE-GENRE,Laos,Strict,XGBoost,2,0,0.13344259560108185,0
5067,RCN13469,1208-PF-LA-CMPE-GENRE,Laos,Strict,XGBoost,2,0,0.1127326488494873,0
5068,RCN13470,1208-PF-LA-CMPE-GENRE,Laos,Strict,XGBoost,2,1,0.9870300889015198,1
5069,RCN13471,1208-PF-LA-CMPE-GENRE,Laos,Strict,XGBoost,2,1,0.9951887130737305,1
5070,RCN13472,1208-PF-LA-CMPE-GENRE,Laos,Strict,XGBoost,2,1,0.9968403577804565,1
5071,RCN13473,1208-PF-LA-CMPE-GENRE,Laos,Strict,XGBoost,2,1,0.9959101676940918,1
5072,RCN13474,1208-PF-LA-CMPE-GENRE,Laos,Strict,XGBoost,2,1,0.9953820109367371,1
5073,RCN13475,1208-PF-LA-CMPE-GENRE,Laos,Strict,XGBoost,2,1,0.9971672892570496,1
5074,RCN13476,1208-PF-LA-CMPE-GENRE,Laos,Strict,XGBoost,2,1,0.9962677359580994,1
5075,RCN13477,1208-PF-LA-CMPE-GENRE,Laos,Strict,XGBoost,2,1,0.9955809712409973,1
5076,RCN13478,1208-PF-LA-CMPE-GENRE,Laos,Strict,XGBoost,2,1,0.9945384860038757,1
5077,RCN13479,1208-PF-LA-CMPE-GENRE,Laos,Strict,XGBoost,2,1,0.9973601698875427,1
5078,RCN13480,1208-PF-LA-CMPE-GENRE,Laos,Strict,XGBoost,2,1,0.9986659288406372,1
5079,RCN13481,1208-PF-LA-CMPE-GENRE,Laos,Strict,XGBoost,2,1,0.5071716904640198,1
5080,RCN13482,1208-PF-LA-CMPE-GENRE,Laos,Strict,XGBoost,2,1,0.9990272521972656,1
5081,RCN13483,1208-PF-LA-CMPE-GENRE,Laos,Strict,XGBoost,2,1,0.9870300889015198,1
5082,RCN13484,1208-PF-LA-CMPE-GENRE,Laos,Strict,XGBoost,2,0,0.10033762454986572,0
5083,RCN13485,1208-PF-LA-CMPE-GENRE,Laos,Strict,XGBoost,2,1,0.9457985758781433,1
5084,RCN13486,1208-PF-LA-CMPE-GENRE,Laos,Strict,XGBoost,2,1,0.9952680468559265,1
5085,RCN13487,1208-PF-LA-CMPE-GENRE,Laos,Strict,XGBoost,2,0,0.09287698566913605,0
5086,RCN13488,1208-PF-LA-CMPE-GENRE,Laos,Strict,XGBoost,2,0,0.8594147562980652,1
5087,RCN13489,1208-PF-LA-CMPE-GENRE,Laos,Strict,XGBoost,2,1,0.998080849647522,1
5088,RCN13490,1208-PF-LA-CMPE-GENRE,Laos,Strict,XGBoost,2,1,0.416326105594635,0
5089,RCN13491,1208-PF-LA-CMPE-GENRE,Laos,Strict,XGBoost,2,0,0.9301879405975342,1
5090,RCN13492,1208-PF-LA-CMPE-GENRE,Laos,Strict,XGBoost,2,0,0.5532112121582031,1
5091,RCN13493,1208-PF-LA-CMPE-GENRE,Laos,Strict,XGBoost,2,0,0.10540774464607239,0
5092,RCN13494,1208-PF-LA-CMPE-GENRE,Laos,Strict,XGBoost,2,1,0.9864158630371094,1
5093,RCN13495,1208-PF-LA-CMPE-GENRE,Laos,Strict,XGBoost,2,1,0.9976782202720642,1
5094,RCN13497,1208-PF-LA-CMPE-GENRE,Laos,Strict,XGBoost,2,1,0.9952366352081299,1
5095,RCN13498,1208-PF-LA-CMPE-GENRE,Laos,Strict,XGBoost,2,1,0.9966999888420105,1
5096,RCN13499,1208-PF-LA-CMPE-GENRE,Laos,Strict,XGBoost,2,1,0.9418795108795166,1
5097,RCN13500,1208-PF-LA-CMPE-GENRE,Laos,Strict,XGBoost,2,0,0.10926366597414017,0
5098,RCN13501,1208-PF-LA-CMPE-GENRE,Laos,Strict,XGBoost,2,1,0.9694236516952515,1
5099,RCN13502,1208-PF-LA-CMPE-GENRE,Laos,Strict,XGBoost,2,1,0.9598444700241089,1
5100,RCN13503,1208-PF-LA-CMPE-GENRE,Laos,Strict,XGBoost,2,1,0.9985533356666565,1
5101,RCN13505,1208-PF-LA-CMPE-GENRE,Laos,Strict,XGBoost,2,1,0.9988892674446106,1
5102,RCN13506,1208-PF-LA-CMPE-GENRE,Laos,Strict,XGBoost,2,0,0.8629514575004578,1
5103,RCN13507,1208-PF-LA-CMPE-GENRE,Laos,Strict,XGBoost,2,1,0.9977276921272278,1
5104,RCN13508,1208-PF-LA-CMPE-GENRE,Laos,Strict,XGBoost,2,1,0.997394323348999,1
5105,RCN13510,1208-PF-LA-CMPE-GENRE,Laos,Strict,XGBoost,2,0,0.7018078565597534,1
5106,RCN13511,1208-PF-LA-CMPE-GENRE,Laos,Strict,XGBoost,2,1,0.9870300889015198,1
5107,RCN13512,1208-PF-LA-CMPE-GENRE,Laos,Strict,XGBoost,2,1,0.9986494183540344,1
5108,RCN13513,1208-PF-LA-CMPE-GENRE,Laos,Strict,XGBoost,2,0,0.19144928455352783,0
5109,RCN13514,1208-PF-LA-CMPE-GENRE,Laos,Strict,XGBoost,2,0,0.7418226599693298,1
5110,RCN13515,1208-PF-LA-CMPE-GENRE,Laos,Strict,XGBoost,2,1,0.5071716904640198,1
5111,RCN13516,1208-PF-LA-CMPE-GENRE,Laos,Strict,XGBoost,2,1,0.9847054481506348,1
5112,RCN13517,1208-PF-LA-CMPE-GENRE,Laos,Strict,XGBoost,2,0,0.086318738758564,0
5113,RCN13518,1208-PF-LA-CMPE-GENRE,Laos,Strict,XGBoost,2,1,0.9251835942268372,1
5114,RCN13521,1208-PF-LA-CMPE-GENRE,Laos,Strict,XGBoost,2,1,0.9969841837882996,1
5115,RCN13523,1208-PF-LA-CMPE-GENRE,Laos,Strict,XGBoost,2,0,0.009929867461323738,0
5116,RCN13524,1208-PF-LA-CMPE-GENRE,Laos,Strict,XGBoost,2,0,0.10423872619867325,0
5117,RCN13525,1208-PF-LA-CMPE-GENRE,Laos,Strict,XGBoost,2,0,0.017145197838544846,0
5118,RCN13526,1208-PF-LA-CMPE-GENRE,Laos,Strict,XGBoost,2,1,0.9986741542816162,1
5119,RCN13527,1208-PF-LA-CMPE-GENRE,Laos,Strict,XGBoost,2,1,0.9989895224571228,1
5120,RCN13528,1208-PF-LA-CMPE-GENRE,Laos,Strict,XGBoost,2,1,0.21542318165302277,0
5121,RCN13529,1208-PF-LA-CMPE-GENRE,Laos,Strict,XGBoost,2,1,0.9683517217636108,1
5122,RCN13530,1208-PF-LA-CMPE-GENRE,Laos,Strict,XGBoost,2,1,0.3681757152080536,0
5123,RCN13531,1208-PF-LA-CMPE-GENRE,Laos,Strict,XGBoost,2,0,0.03986477479338646,0
5124,RCN13532,1208-PF-LA-CMPE-GENRE,Laos,Strict,XGBoost,2,1,0.6472647786140442,1
5125,RCN13533,1208-PF-LA-CMPE-GENRE,Laos,Strict,XGBoost,2,1,0.6472647786140442,1
5126,RCN13534,1208-PF-LA-CMPE-GENRE,Laos,Strict,XGBoost,2,1,0.9961736798286438,1
5127,RCN13536,1208-PF-LA-CMPE-GENRE,Laos,Strict,XGBoost,2,0,0.18300624191761017,0
5128,RCN13537,1208-PF-LA-CMPE-GENRE,Laos,Strict,XGBoost,2,1,0.6248418092727661,1
5129,RCN13538,1208-PF-LA-CMPE-GENRE,Laos,Strict,XGBoost,2,1,0.6407049298286438,1
5130,RCN13539,1208-PF-LA-CMPE-GENRE,Laos,Strict,XGBoost,2,1,0.6274306774139404,1
5131,RCN13540,1208-PF-LA-CMPE-GENRE,Laos,Strict,XGBoost,2,1,0.9956703186035156,1
5132,RCN13541,1208-PF-LA-CMPE-GENRE,Laos,Strict,XGBoost,2,0,0.10423872619867325,0
5133,RCN13542,1208-PF-LA-CMPE-GENRE,Laos,Strict,XGBoost,2,1,0.9520772695541382,1
5134,RCN13543,1208-PF-LA-CMPE-GENRE,Laos,Strict,XGBoost,2,1,0.6789916753768921,1
5135,RCN13544,1208-PF-LA-CMPE-GENRE,Laos,Strict,XGBoost,2,1,0.9720818996429443,1
5136,RCN13545,1208-PF-LA-CMPE-GENRE,Laos,Strict,XGBoost,2,1,0.9480956196784973,1
5137,RCN13546,1208-PF-LA-CMPE-GENRE,Laos,Strict,XGBoost,2,1,0.9675767421722412,1
5138,RCN13548,1208-PF-LA-CMPE-GENRE,Laos,Strict,XGBoost,2,1,0.9817480444908142,1
5139,RCN13549,1208-PF-LA-CMPE-GENRE,Laos,Strict,XGBoost,2,0,0.8521367311477661,1
5140,RCN13551,1208-PF-LA-CMPE-GENRE,Laos,Strict,XGBoost,2,1,0.8621962070465088,1
5141,RCN13552,1208-PF-LA-CMPE-GENRE,Laos,Strict,XGBoost,2,0,0.8790979981422424,1
5142,RCN13553,1208-PF-LA-CMPE-GENRE,Laos,Strict,XGBoost,2,1,0.8382390141487122,1
5143,RCN13554,1208-PF-LA-CMPE-GENRE,Laos,Strict,XGBoost,2,1,0.7749667763710022,1
5144,RCN13555,1208-PF-LA-CMPE-GENRE,Laos,Strict,XGBoost,2,0,0.9588540196418762,1
5145,RCN13556,1208-PF-LA-CMPE-GENRE,Laos,Strict,XGBoost,2,0,0.06806226819753647,0
5146,RCN13557,1208-PF-LA-CMPE-GENRE,Laos,Strict,XGBoost,2,1,0.9340662360191345,1
5147,RCN13558,1208-PF-LA-CMPE-GENRE,Laos,Strict,XGBoost,2,1,0.9980608820915222,1
5148,RCN13559,1208-PF-LA-CMPE-GENRE,Laos,Strict,XGBoost,2,0,0.8883100748062134,1
5149,RCN13560,1208-PF-LA-CMPE-GENRE,Laos,Strict,XGBoost,2,1,0.8729629516601562,1
5150,RCN13561,1208-PF-LA-CMPE-GENRE,Laos,Strict,XGBoost,2,1,0.9415717720985413,1
5151,RCN13562,1208-PF-LA-CMPE-GENRE,Laos,Strict,XGBoost,2,1,0.9520772695541382,1
5152,RCN13563,1208-PF-LA-CMPE-GENRE,Laos,Strict,XGBoost,2,1,0.8303800225257874,1
5153,RCN13564,1208-PF-LA-CMPE-GENRE,Laos,Strict,XGBoost,2,1,0.6696648597717285,1
5154,RCN13565,1208-PF-LA-CMPE-GENRE,Laos,Strict,XGBoost,2,1,0.7120643258094788,1
5155,RCN13566,1208-PF-LA-CMPE-GENRE,Laos,Strict,XGBoost,2,0,0.11597675830125809,0
5156,RCN13567,1208-PF-LA-CMPE-GENRE,Laos,Strict,XGBoost,2,1,0.9974467754364014,1
5157,RCN13568,1208-PF-LA-CMPE-GENRE,Laos,Strict,XGBoost,2,1,0.8756887912750244,1
5158,RCN13569,1208-PF-LA-CMPE-GENRE,Laos,Strict,XGBoost,2,0,0.09970397502183914,0
5159,RCN13570,1208-PF-LA-CMPE-GENRE,Laos,Strict,XGBoost,2,1,0.9391900897026062,1
5160,RCN13571,1208-PF-LA-CMPE-GENRE,Laos,Strict,XGBoost,2,1,0.8264895081520081,1
5161,RCN13574,1208-PF-LA-CMPE-GENRE,Laos,Strict,XGBoost,2,0,0.09970397502183914,0
5162,RCN13575,1208-PF-LA-CMPE-GENRE,Laos,Strict,XGBoost,2,1,0.8233366012573242,1
5163,RCN13576,1208-PF-LA-CMPE-GENRE,Laos,Strict,XGBoost,2,0,0.2474975883960724,0
5164,RCN13577,1208-PF-LA-CMPE-GENRE,Laos,Strict,XGBoost,2,1,0.9960951209068298,1
5165,RCN13578,1208-PF-LA-CMPE-GENRE,Laos,Strict,XGBoost,2,1,0.9960951209068298,1
5166,RCN13579,1208-PF-LA-CMPE-GENRE,Laos,Strict,XGBoost,2,1,0.7120643258094788,1
5167,RCN13580,1208-PF-LA-CMPE-GENRE,Laos,Strict,XGBoost,2,1,0.993435263633728,1
5168,RCN13581,1208-PF-LA-CMPE-GENRE,Laos,Strict,XGBoost,2,1,0.9340662360191345,1
5169,RCN13582,1208-PF-LA-CMPE-GENRE,Laos,Strict,XGBoost,2,1,0.8701978325843811,1
5170,RCN13583,1208-PF-LA-CMPE-GENRE,Laos,Strict,XGBoost,2,0,0.06806226819753647,0
5171,RCN13584,1208-PF-LA-CMPE-GENRE,Laos,Strict,XGBoost,2,0,0.13466572761535645,0
5172,RCN13585,1208-PF-LA-CMPE-GENRE,Laos,Strict,XGBoost,2,1,0.5378633737564087,1
5424,RCN14904,1208-PF-LA-CMPE-GENRE,Laos,Strict,XGBoost,2,1,0.3859039843082428,0
5425,RCN14906,1208-PF-LA-CMPE-GENRE,Laos,Strict,XGBoost,2,1,0.3859039843082428,0
5426,RCN14910,1208-PF-LA-CMPE-GENRE,Laos,Strict,XGBoost,2,1,0.351470023393631,0
5427,RCN14912,1208-PF-LA-CMPE-GENRE,Laos,Strict,XGBoost,2,1,0.3859039843082428,0
5428,RCN14913,1208-PF-LA-CMPE-GENRE,Laos,Strict,XGBoost,2,1,0.3625774383544922,0
5429,RCN14915,1208-PF-LA-CMPE-GENRE,Laos,Strict,XGBoost,2,1,0.3625774383544922,0
5430,RCN14916,1208-PF-LA-CMPE-GENRE,Laos,Strict,XGBoost,2,1,0.42668601870536804,0
5431,RCN14917,1208-PF-LA-CMPE-GENRE,Laos,Strict,XGBoost,2,0,0.006782161071896553,0
5432,RCN14918,1208-PF-LA-CMPE-GENRE,Laos,Strict,XGBoost,2,0,0.00952073186635971,0
5433,RCN14919,1208-PF-LA-CMPE-GENRE,Laos,Strict,XGBoost,2,0,0.009929867461323738,0
5434,RCN14920,1208-PF-LA-CMPE-GENRE,Laos,Strict,XGBoost,2,0,0.017234165221452713,0
5435,RCN14921,1208-PF-LA-CMPE-GENRE,Laos,Strict,XGBoost,2,0,0.01259833574295044,0
5436,RCN14923,1208-PF-LA-CMPE-GENRE,Laos,Strict,XGBoost,2,0,0.025626329705119133,0
5437,RCN14924,1208-PF-LA-CMPE-GENRE,Laos,Strict,XGBoost,2,0,0.0521470382809639,0
5438,RCN14925,1208-PF-LA-CMPE-GENRE,Laos,Strict,XGBoost,2,0,0.012852423824369907,0
5439,RCN14926,1208-PF-LA-CMPE-GENRE,Laos,Strict,XGBoost,2,0,0.023680424317717552,0
5440,RCN14927,1208-PF-LA-CMPE-GENRE,Laos,Strict,XGBoost,2,0,0.04478186368942261,0
5441,RCN14928,1208-PF-LA-CMPE-GENRE,Laos,Strict,XGBoost,2,0,0.014573583379387856,0
5442,RCN14929,1208-PF-LA-CMPE-GENRE,Laos,Strict,XGBoost,2,0,0.010903875343501568,0
5443,RCN14930,1208-PF-LA-CMPE-GENRE,Laos,Strict,XGBoost,2,0,0.012449430301785469,0
5444,RCN14932,1208-PF-LA-CMPE-GENRE,Laos,Strict,XGBoost,2,0,0.012466132640838623,0
5445,RCN14933,1208-PF-LA-CMPE-GENRE,Laos,Strict,XGBoost,2,0,0.01329671498388052,0
5446,RCN14934,1208-PF-LA-CMPE-GENRE,Laos,Strict,XGBoost,2,0,0.0257418192923069,0
5447,RCN14935,1208-PF-LA-CMPE-GENRE,Laos,Strict,XGBoost,2,1,0.5087583661079407,1
5448,RCN14936,1208-PF-LA-CMPE-GENRE,Laos,Strict,XGBoost,2,0,0.008932849392294884,0
5449,RCN14937,1208-PF-LA-CMPE-GENRE,Laos,Strict,XGBoost,2,0,0.009688948281109333,0
5450,RCN14938,1208-PF-LA-CMPE-GENRE,Laos,Strict,XGBoost,2,0,0.017234165221452713,0
5451,RCN14939,1208-PF-LA-CMPE-GENRE,Laos,Strict,XGBoost,2,0,0.009688948281109333,0
5452,RCN14940,1208-PF-LA-CMPE-GENRE,Laos,Strict,XGBoost,2,0,0.038425277918577194,0
5453,RCN14941,1208-PF-LA-CMPE-GENRE,Laos,Strict,XGBoost,2,0,0.009067762643098831,0
5454,RCN14942,1208-PF-LA-CMPE-GENRE,Laos,Strict,XGBoost,2,0,0.038425277918577194,0
5455,RCN14943,1208-PF-LA-CMPE-GENRE,Laos,Strict,XGBoost,2,0,0.017234165221452713,0
5456,RCN14944,1208-PF-LA-CMPE-GENRE,Laos,Strict,XGBoost,2,0,0.00725055206567049,0
5457,RCN14946,1208-PF-LA-CMPE-GENRE,Laos,Strict,XGBoost,2,0,0.007566757034510374,0
5458,RCN14948,1208-PF-LA-CMPE-GENRE,Laos,Strict,XGBoost,2,0,0.014334531500935555,0
5459,RCN14949,1208-PF-LA-CMPE-GENRE,Laos,Strict,XGBoost,2,0,0.036242324858903885,0
5460,RCN14950,1208-PF-LA-CMPE-GENRE,Laos,Strict,XGBoost,2,0,0.016529100015759468,0
5461,RCN14951,1208-PF-LA-CMPE-GENRE,Laos,Strict,XGBoost,2,0,0.043332718312740326,0
5462,RCN14952,1208-PF-LA-CMPE-GENRE,Laos,Strict,XGBoost,2,0,0.010889244265854359,0
5463,RCN14953,1208-PF-LA-CMPE-GENRE,Laos,Strict,XGBoost,2,0,0.01971496269106865,0
5464,RCN14954,1208-PF-LA-CMPE-GENRE,Laos,Strict,XGBoost,2,0,0.01040627621114254,0
5465,RCN14955,1208-PF-LA-CMPE-GENRE,Laos,Strict,XGBoost,2,0,0.018255580216646194,0
5466,RCN14957,1208-PF-LA-CMPE-GENRE,Laos,Strict,XGBoost,2,0,0.018564466387033463,0
5467,RCN14958,1208-PF-LA-CMPE-GENRE,Laos,Strict,XGBoost,2,0,0.019079677760601044,0
5468,RCN14959,1208-PF-LA-CMPE-GENRE,Laos,Strict,XGBoost,2,0,0.018564466387033463,0
5469,RCN14965,1208-PF-LA-CMPE-GENRE,Laos,Strict,XGBoost,2,0,0.014072258956730366,0
5470,RCN14966,1208-PF-LA-CMPE-GENRE,Laos,Strict,XGBoost,2,0,0.01045503094792366,0
5471,RCN14969,1208-PF-LA-CMPE-GENRE,Laos,Strict,XGBoost,2,0,0.020578010007739067,0
5472,RCN14970,1208-PF-LA-CMPE-GENRE,Laos,Strict,XGBoost,2,0,0.010887004435062408,0
5473,RCN14971,1208-PF-LA-CMPE-GENRE,Laos,Strict,XGBoost,2,0,0.017234165221452713,0
5474,RCN14973,1208-PF-LA-CMPE-GENRE,Laos,Strict,XGBoost,2,0,0.011390484869480133,0
5475,RCN14974,1208-PF-LA-CMPE-GENRE,Laos,Strict,XGBoost,2,0,0.015805242583155632,0
5476,RCN14975,1208-PF-LA-CMPE-GENRE,Laos,Strict,XGBoost,2,0,0.018255580216646194,0
5477,RCN14976,1208-PF-LA-CMPE-GENRE,Laos,Strict,XGBoost,2,0,0.015907570719718933,0
5478,RCN14978,1208-PF-LA-CMPE-GENRE,Laos,Strict,XGBoost,2,0,0.007360092364251614,0
5479,RCN14979,1208-PF-LA-CMPE-GENRE,Laos,Strict,XGBoost,2,0,0.03939639776945114,0
5480,RCN14981,1208-PF-LA-CMPE-GENRE,Laos,Strict,XGBoost,2,0,0.013505814597010612,0
5481,RCN14982,1208-PF-LA-CMPE-GENRE,Laos,Strict,XGBoost,2,0,0.009476291947066784,0
5482,RCN14988,1208-PF-LA-CMPE-GENRE,Laos,Strict,XGBoost,2,0,0.02477238141000271,0
5483,RCN14989,1208-PF-LA-CMPE-GENRE,Laos,Strict,XGBoost,2,0,0.016428524628281593,0
5484,RCN14990,1208-PF-LA-CMPE-GENRE,Laos,Strict,XGBoost,2,0,0.016529100015759468,0
5485,RCN14991,1208-PF-LA-CMPE-GENRE,Laos,Strict,XGBoost,2,0,0.017234165221452713,0
5486,RCN14992,1208-PF-LA-CMPE-GENRE,Laos,Strict,XGBoost,2,0,0.017234165221452713,0
5487,RCN14994,1208-PF-LA-CMPE-GENRE,Laos,Strict,XGBoost,2,0,0.01238794345408678,0
5488,RCN14996,1208-PF-LA-CMPE-GENRE,Laos,Strict,XGBoost,2,0,0.01574798673391342,0
5489,RCN14997,1208-PF-LA-CMPE-GENRE,Laos,Strict,XGBoost,2,0,0.017234165221452713,0
5490,RCN14998,1208-PF-LA-CMPE-GENRE,Laos,Strict,XGBoost,2,0,0.017234165221452713,0
5491,RCN14999,1208-PF-LA-CMPE-GENRE,Laos,Strict,XGBoost,2,0,0.017234165221452713,0
5492,RCN15000,1208-PF-LA-CMPE-GENRE,Laos,Strict,XGBoost,2,0,0.020667558535933495,0
5493,RCN15001,1208-PF-LA-CMPE-GENRE,Laos,Strict,XGBoost,2,0,0.06425737589597702,0
5494,RCN15002,1208-PF-LA-CMPE-GENRE,Laos,Strict,XGBoost,2,0,0.05123183876276016,0
5495,RCN15003,1208-PF-LA-CMPE-GENRE,Laos,Strict,XGBoost,2,0,0.011742541566491127,0
5496,RCN15004,1208-PF-LA-CMPE-GENRE,Laos,Strict,XGBoost,2,0,0.013538617640733719,0
5497,RCN15005,1208-PF-LA-CMPE-GENRE,Laos,Strict,XGBoost,2,0,0.01728270761668682,0
5498,RCN15006,1208-PF-LA-CMPE-GENRE,Laos,Strict,XGBoost,2,0,0.011435397900640965,0
5499,RCN15007,1208-PF-LA-CMPE-GENRE,Laos,Strict,XGBoost,2,0,0.05123183876276016,0
5500,RCN15008,1208-PF-LA-CMPE-GENRE,Laos,Strict,XGBoost,2,0,0.037477001547813416,0
5501,RCN15009,1208-PF-LA-CMPE-GENRE,Laos,Strict,XGBoost,2,0,0.05123183876276016,0
5502,RCN15010,1208-PF-LA-CMPE-GENRE,Laos,Strict,XGBoost,2,0,0.017108434811234474,0
5503,RCN15011,1208-PF-LA-CMPE-GENRE,Laos,Strict,XGBoost,2,0,0.016529100015759468,0
5504,RCN15012,1208-PF-LA-CMPE-GENRE,Laos,Strict,XGBoost,2,0,0.011354180052876472,0
5505,RCN15013,1208-PF-LA-CMPE-GENRE,Laos,Strict,XGBoost,2,0,0.021503953263163567,0
5506,RCN15014,1208-PF-LA-CMPE-GENRE,Laos,Strict,XGBoost,2,0,0.017234165221452713,0
5507,RCN15015,1208-PF-LA-CMPE-GENRE,Laos,Strict,XGBoost,2,0,0.019842222332954407,0
5508,RCN15016,1208-PF-LA-CMPE-GENRE,Laos,Strict,XGBoost,2,0,0.014573583379387856,0
5509,RCN15017,1208-PF-LA-CMPE-GENRE,Laos,Strict,XGBoost,2,0,0.01633145473897457,0
5510,RCN15018,1208-PF-LA-CMPE-GENRE,Laos,Strict,XGBoost,2,0,0.01163160614669323,0
5511,RCN15019,1208-PF-LA-CMPE-GENRE,Laos,Strict,XGBoost,2,0,0.02477238141000271,0
5512,RCN15020,1208-PF-LA-CMPE-GENRE,Laos,Strict,XGBoost,2,0,0.010889244265854359,0
5513,RCN15021,1208-PF-LA-CMPE-GENRE,Laos,Strict,XGBoost,2,0,0.004328416660428047,0
5514,RCN15022,1208-PF-LA-CMPE-GENRE,Laos,Strict,XGBoost,2,0,0.013505814597010612,0
5515,RCN15024,1208-PF-LA-CMPE-GENRE,Laos,Strict,XGBoost,2,0,0.013021538034081459,0
5516,RCN15025,1208-PF-LA-CMPE-GENRE,Laos,Strict,XGBoost,2,0,0.0470888614654541,0
5517,RCN15026,1208-PF-LA-CMPE-GENRE,Laos,Strict,XGBoost,2,0,0.013021538034081459,0
5518,RCN15027,1208-PF-LA-CMPE-GENRE,Laos,Strict,XGBoost,2,0,0.018173575401306152,0
5519,RCN15028,1208-PF-LA-CMPE-GENRE,Laos,Strict,XGBoost,2,0,0.018656685948371887,0
5520,RCN15029,1208-PF-LA-CMPE-GENRE,Laos,Strict,XGBoost,2,0,0.017234165221452713,0
5521,RCN15030,1208-PF-LA-CMPE-GENRE,Laos,Strict,XGBoost,2,0,0.0057562170550227165,0
5522,RCN15031,1208-PF-LA-CMPE-GENRE,Laos,Strict,XGBoost,2,0,0.012355612590909004,0
5523,RCN15032,1208-PF-LA-CMPE-GENRE,Laos,Strict,XGBoost,2,0,0.009856889955699444,0
5524,RCN15033,1208-PF-LA-CMPE-GENRE,Laos,Strict,XGBoost,2,0,0.012355612590909004,0
5525,RCN15034,1208-PF-LA-CMPE-GENRE,Laos,Strict,XGBoost,2,0,0.011742541566491127,0
5526,RCN15035,1208-PF-LA-CMPE-GENRE,Laos,Strict,XGBoost,2,0,0.011651044711470604,0
5527,RCN15036,1208-PF-LA-CMPE-GENRE,Laos,Strict,XGBoost,2,0,0.011742541566491127,0
5528,RCN15037,1208-PF-LA-CMPE-GENRE,Laos,Strict,XGBoost,2,0,0.011726798489689827,0
5529,RCN15038,1208-PF-LA-CMPE-GENRE,Laos,Strict,XGBoost,2,0,0.012974989600479603,0
5530,RCN15039,1208-PF-LA-CMPE-GENRE,Laos,Strict,XGBoost,2,0,0.013065754435956478,0
5531,RCN15040,1208-PF-LA-CMPE-GENRE,Laos,Strict,XGBoost,2,0,0.00877277459949255,0
5532,RCN15041,1208-PF-LA-CMPE-GENRE,Laos,Strict,XGBoost,2,0,0.012355612590909004,0
5533,RCN15042,1208-PF-LA-CMPE-GENRE,Laos,Strict,XGBoost,2,0,0.012355612590909004,0
5534,RCN15043,1208-PF-LA-CMPE-GENRE,Laos,Strict,XGBoost,2,0,0.015634708106517792,0
5535,RCN15044,1208-PF-LA-CMPE-GENRE,Laos,Strict,XGBoost,2,0,0.009067762643098831,0
5536,RCN15046,1208-PF-LA-CMPE-GENRE,Laos,Strict,XGBoost,2,0,0.01419147290289402,0
5537,RCN15047,1208-PF-LA-CMPE-GENRE,Laos,Strict,XGBoost,2,0,0.01419147290289402,0
5538,RCN15048,1208-PF-LA-CMPE-GENRE,Laos,Strict,XGBoost,2,0,0.015634708106517792,0
5539,RCN15049,1208-PF-LA-CMPE-GENRE,Laos,Strict,XGBoost,2,0,0.012355612590909004,0
5540,RCN15050,1208-PF-LA-CMPE-GENRE,Laos,Strict,XGBoost,2,0,0.015634708106517792,0
5541,RCN15053,1208-PF-LA-CMPE-GENRE,Laos,Strict,XGBoost,2,0,0.011242312379181385,0
5542,RCN15054,1208-PF-LA-CMPE-GENRE,Laos,Strict,XGBoost,2,0,0.01419147290289402,0
5543,RCN15055,1208-PF-LA-CMPE-GENRE,Laos,Strict,XGBoost,2,0,0.0057562170550227165,0
5544,RCN15056,1208-PF-LA-CMPE-GENRE,Laos,Strict,XGBoost,2,0,0.0057562170550227165,0
5545,RCN15057,1208-PF-LA-CMPE-GENRE,Laos,Strict,XGBoost,2,0,0.0057562170550227165,0
5546,RCN15058,1208-PF-LA-CMPE-GENRE,Laos,Strict,XGBoost,2,0,0.0057562170550227165,0
5547,RCN15059,1208-PF-LA-CMPE-GENRE,Laos,Strict,XGBoost,2,0,0.015634708106517792,0
5548,RCN15060,1208-PF-LA-CMPE-GENRE,Laos,Strict,XGBoost,2,0,0.013505814597010612,0
5549,RCN15062,1208-PF-LA-CMPE-GENRE,Laos,Strict,XGBoost,2,0,0.011338951997458935,0
5550,RCN15063,1208-PF-LA-CMPE-GENRE,Laos,Strict,XGBoost,2,0,0.018173575401306152,0
5551,RCN15064,1208-PF-LA-CMPE-GENRE,Laos,Strict,XGBoost,2,0,0.013505814597010612,0
5552,RCN15065,1208-PF-LA-CMPE-GENRE,Laos,Strict,XGBoost,2,0,0.009476291947066784,0
5553,RCN15067,1208-PF-LA-CMPE-GENRE,Laos,Strict,XGBoost,2,0,0.014215648174285889,0
5554,RCN15068,1208-PF-LA-CMPE-GENRE,Laos,Strict,XGBoost,2,0,0.009067762643098831,0
5555,RCN15070,1208-PF-LA-CMPE-GENRE,Laos,Strict,XGBoost,2,0,0.010903875343501568,0
5556,RCN15071,1208-PF-LA-CMPE-GENRE,Laos,Strict,XGBoost,2,0,0.012355612590909004,0
5557,RCN15072,1208-PF-LA-CMPE-GENRE,Laos,Strict,XGBoost,2,0,0.010889244265854359,0
5558,RCN15073,1208-PF-LA-CMPE-GENRE,Laos,Strict,XGBoost,2,0,0.010903875343501568,0
5559,RCN15074,1208-PF-LA-CMPE-GENRE,Laos,Strict,XGBoost,2,0,0.010903875343501568,0
5560,RCN15075,1208-PF-LA-CMPE-GENRE,Laos,Strict,XGBoost,2,0,0.017234165221452713,0
5561,RCN15076,1208-PF-LA-CMPE-GENRE,Laos,Strict,XGBoost,2,0,0.013654935173690319,0
5562,RCN15077,1208-PF-LA-CMPE-GENRE,Laos,Strict,XGBoost,2,0,0.017234165221452713,0
5563,RCN15078,1208-PF-LA-CMPE-GENRE,Laos,Strict,XGBoost,2,0,0.009929867461323738,0
5564,RCN15079,1208-PF-LA-CMPE-GENRE,Laos,Strict,XGBoost,2,0,0.016529100015759468,0
5565,RCN15080,1208-PF-LA-CMPE-GENRE,Laos,Strict,XGBoost,2,0,0.016688067466020584,0
5566,RCN15081,1208-PF-LA-CMPE-GENRE,Laos,Strict,XGBoost,2,0,0.007668518926948309,0
5567,RCN15082,1208-PF-LA-CMPE-GENRE,Laos,Strict,XGBoost,2,0,0.007668518926948309,0
5568,RCN15083,1208-PF-LA-CMPE-GENRE,Laos,Strict,XGBoost,2,0,0.01163160614669323,0
5569,RCN15084,1208-PF-LA-CMPE-GENRE,Laos,Strict,XGBoost,2,0,0.007668518926948309,0
5570,RCN15085,1208-PF-LA-CMPE-GENRE,Laos,Strict,XGBoost,2,0,0.007668518926948309,0
5571,RCN15086,1208-PF-LA-CMPE-GENRE,Laos,Strict,XGBoost,2,0,0.012308291159570217,0
5572,RCN15087,1208-PF-LA-CMPE-GENRE,Laos,Strict,XGBoost,2,0,0.010903875343501568,0
5573,RCN15088,1208-PF-LA-CMPE-GENRE,Laos,Strict,XGBoost,2,0,0.007668518926948309,0
5574,RCN15089,1208-PF-LA-CMPE-GENRE,Laos,Strict,XGBoost,2,0,0.009958057664334774,0
5575,RCN15090,1208-PF-LA-CMPE-GENRE,Laos,Strict,XGBoost,2,0,0.010903875343501568,0
5576,RCN15091,1208-PF-LA-CMPE-GENRE,Laos,Strict,XGBoost,2,0,0.007668518926948309,0
5577,RCN15092,1208-PF-LA-CMPE-GENRE,Laos,Strict,XGBoost,2,0,0.007668518926948309,0
5578,RCN15093,1208-PF-LA-CMPE-GENRE,Laos,Strict,XGBoost,2,0,0.01045503094792366,0
5579,RCN15094,1208-PF-LA-CMPE-GENRE,Laos,Strict,XGBoost,2,0,0.007668518926948309,0
5580,RCN15095,1208-PF-LA-CMPE-GENRE,Laos,Strict,XGBoost,2,0,0.010903875343501568,0
5581,RCN15096,1208-PF-LA-CMPE-GENRE,Laos,Strict,XGBoost,2,0,0.01163160614669323,0
5582,RCN15097,1208-PF-LA-CMPE-GENRE,Laos,Strict,XGBoost,2,0,0.007668518926948309,0
5583,RCN15098,1208-PF-LA-CMPE-GENRE,Laos,Strict,XGBoost,2,0,0.014573583379387856,0
5584,RCN15099,1208-PF-LA-CMPE-GENRE,Laos,Strict,XGBoost,2,0,0.010889244265854359,0
5585,RCN15102,1208-PF-LA-CMPE-GENRE,Laos,Strict,XGBoost,2,0,0.037755999714136124,0
5586,RCN15104,1208-PF-LA-CMPE-GENRE,Laos,Strict,XGBoost,2,0,0.018097911030054092,0
5587,RCN15108,1208-PF-LA-CMPE-GENRE,Laos,Strict,XGBoost,2,0,0.009760127402842045,0
5588,RCN15109,1208-PF-LA-CMPE-GENRE,Laos,Strict,XGBoost,2,0,0.00991652999073267,0
5589,RCN15110,1208-PF-LA-CMPE-GENRE,Laos,Strict,XGBoost,2,0,0.01163160614669323,0
5590,RCN15111,1208-PF-LA-CMPE-GENRE,Laos,Strict,XGBoost,2,0,0.010903875343501568,0
5591,RCN15112,1208-PF-LA-CMPE-GENRE,Laos,Strict,XGBoost,2,0,0.014279081486165524,0
5592,RCN15113,1208-PF-LA-CMPE-GENRE,Laos,Strict,XGBoost,2,0,0.026012372225522995,0
5593,RCN15115,1208-PF-LA-CMPE-GENRE,Laos,Strict,XGBoost,2,0,0.08366530388593674,0
5594,RCN15116,1208-PF-LA-CMPE-GENRE,Laos,Strict,XGBoost,2,0,0.015631619840860367,0
5595,RCN15117,1208-PF-LA-CMPE-GENRE,Laos,Strict,XGBoost,2,0,0.022972077131271362,0
5596,RCN15120,1208-PF-LA-CMPE-GENRE,Laos,Strict,XGBoost,2,0,0.009929867461323738,0
5597,RCN15121,1208-PF-LA-CMPE-GENRE,Laos,Strict,XGBoost,2,0,0.01043142843991518,0
5598,RCN15122,1208-PF-LA-CMPE-GENRE,Laos,Strict,XGBoost,2,0,0.012355612590909004,0
5599,RCN15123,1208-PF-LA-CMPE-GENRE,Laos,Strict,XGBoost,2,0,0.0161222405731678,0
5600,RCN15126,1208-PF-LA-CMPE-GENRE,Laos,Strict,XGBoost,2,0,0.009067762643098831,0
5601,RCN15128,1208-PF-LA-CMPE-GENRE,Laos,Strict,XGBoost,2,0,0.009929867461323738,0
5602,RCN15129,1208-PF-LA-CMPE-GENRE,Laos,Strict,XGBoost,2,0,0.0157884880900383,0
5603,RCN15133,1208-PF-LA-CMPE-GENRE,Laos,Strict,XGBoost,2,0,0.009929867461323738,0
5604,RCN15135,1208-PF-LA-CMPE-GENRE,Laos,Strict,XGBoost,2,0,0.019391994923353195,0
5605,RCN15139,1208-PF-LA-CMPE-GENRE,Laos,Strict,XGBoost,2,0,0.00952073186635971,0
5606,RCN15140,1208-PF-LA-CMPE-GENRE,Laos,Strict,XGBoost,2,0,0.019842222332954407,0
5607,RCN15141,1208-PF-LA-CMPE-GENRE,Laos,Strict,XGBoost,2,0,0.035367708653211594,0
5608,RCN15143,1208-PF-LA-CMPE-GENRE,Laos,Strict,XGBoost,2,0,0.013505814597010612,0
5609,RCN15146,1208-PF-LA-CMPE-GENRE,Laos,Strict,XGBoost,2,0,0.012355612590909004,0
5610,RCN15147,1208-PF-LA-CMPE-GENRE,Laos,Strict,XGBoost,2,0,0.01011582836508751,0
5611,RCN15152,1208-PF-LA-CMPE-GENRE,Laos,Strict,XGBoost,2,0,0.01043142843991518,0
5612,RCN15153,1208-PF-LA-CMPE-GENRE,Laos,Strict,XGBoost,2,0,0.01029905118048191,0
5613,RCN15154,1208-PF-LA-CMPE-GENRE,Laos,Strict,XGBoost,2,0,0.012355612590909004,0
5614,RCN15155,1208-PF-LA-CMPE-GENRE,Laos,Strict,XGBoost,2,0,0.009688948281109333,0
5615,RCN15160,1208-PF-LA-CMPE-GENRE,Laos,Strict,XGBoost,2,0,0.009856889955699444,0
5616,RCN15161,1208-PF-LA-CMPE-GENRE,Laos,Strict,XGBoost,2,0,0.012355612590909004,0
5617,RCN15162,1208-PF-LA-CMPE-GENRE,Laos,Strict,XGBoost,2,0,0.01039651408791542,0
5618,RCN15163,1208-PF-LA-CMPE-GENRE,Laos,Strict,XGBoost,2,0,0.026070792227983475,0
5619,RCN15164,1208-PF-LA-CMPE-GENRE,Laos,Strict,XGBoost,2,0,0.01812942698597908,0
5620,RCN15165,1208-PF-LA-CMPE-GENRE,Laos,Strict,XGBoost,2,0,0.009688948281109333,0
5621,RCN15167,1208-PF-LA-CMPE-GENRE,Laos,Strict,XGBoost,2,0,0.012355612590909004,0
5622,RCN15168,1208-PF-LA-CMPE-GENRE,Laos,Strict,XGBoost,2,0,0.017234165221452713,0
5623,RCN15169,1208-PF-LA-CMPE-GENRE,Laos,Strict,XGBoost,2,0,0.010032794438302517,0
5624,RCN15170,1208-PF-LA-CMPE-GENRE,Laos,Strict,XGBoost,2,0,0.018956532701849937,0
5625,RCN15171,1208-PF-LA-CMPE-GENRE,Laos,Strict,XGBoost,2,0,0.017108434811234474,0
5626,RCN15172,1208-PF-LA-CMPE-GENRE,Laos,Strict,XGBoost,2,0,0.01633145473897457,0
5627,RCN15173,1208-PF-LA-CMPE-GENRE,Laos,Strict,XGBoost,2,0,0.012355612590909004,0
5628,RCN15174,1208-PF-LA-CMPE-GENRE,Laos,Strict,XGBoost,2,0,0.012355612590909004,0
5629,RCN15175,1208-PF-LA-CMPE-GENRE,Laos,Strict,XGBoost,2,0,0.015239031054079533,0
5630,RCN15176,1208-PF-LA-CMPE-GENRE,Laos,Strict,XGBoost,2,0,0.01812942698597908,0
5631,RCN15178,1208-PF-LA-CMPE-GENRE,Laos,Strict,XGBoost,2,0,0.018255580216646194,0
5632,RCN15179,1208-PF-LA-CMPE-GENRE,Laos,Strict,XGBoost,2,0,0.009856889955699444,0
5633,RCN15180,1208-PF-LA-CMPE-GENRE,Laos,Strict,XGBoost,2,0,0.11060146242380142,0
5634,RCN15182,1208-PF-LA-CMPE-GENRE,Laos,Strict,XGBoost,2,0,0.006841243710368872,0
5635,RCN15183,1208-PF-LA-CMPE-GENRE,Laos,Strict,XGBoost,2,0,0.018910935148596764,0
5636,RCN15184,1208-PF-LA-CMPE-GENRE,Laos,Strict,XGBoost,2,0,0.016529100015759468,0
5637,RCN15185,1208-PF-LA-CMPE-GENRE,Laos,Strict,XGBoost,2,0,0.020912881940603256,0
5638,RCN15186,1208-PF-LA-CMPE-GENRE,Laos,Strict,XGBoost,2,0,0.010011831298470497,0
5639,RCN15187,1208-PF-LA-CMPE-GENRE,Laos,Strict,XGBoost,2,0,0.028758684173226357,0
5640,RCN15189,1208-PF-LA-CMPE-GENRE,Laos,Strict,XGBoost,2,0,0.007816802710294724,0
5641,RCN15190,1208-PF-LA-CMPE-GENRE,Laos,Strict,XGBoost,2,0,0.010184990242123604,0
5642,RCN15191,1208-PF-LA-CMPE-GENRE,Laos,Strict,XGBoost,2,0,0.009929867461323738,0
5643,RCN15192,1208-PF-LA-CMPE-GENRE,Laos,Strict,XGBoost,2,0,0.01163160614669323,0
5644,RCN15193,1208-PF-LA-CMPE-GENRE,Laos,Strict,XGBoost,2,0,0.01813853718340397,0
5645,RCN15194,1208-PF-LA-CMPE-GENRE,Laos,Strict,XGBoost,2,0,0.018097911030054092,0
5646,RCN15195,1208-PF-LA-CMPE-GENRE,Laos,Strict,XGBoost,2,0,0.014474805444478989,0
5647,RCN15196,1208-PF-LA-CMPE-GENRE,Laos,Strict,XGBoost,2,0,0.010903875343501568,0
5648,RCN15197,1208-PF-LA-CMPE-GENRE,Laos,Strict,XGBoost,2,0,0.010729578323662281,0
5649,RCN15198,1208-PF-LA-CMPE-GENRE,Laos,Strict,XGBoost,2,0,0.006782161071896553,0
5650,RCN15199,1208-PF-LA-CMPE-GENRE,Laos,Strict,XGBoost,2,0,0.01419147290289402,0
5651,RCN15200,1208-PF-LA-CMPE-GENRE,Laos,Strict,XGBoost,2,0,0.01178196631371975,0
5652,RCN15201,1208-PF-LA-CMPE-GENRE,Laos,Strict,XGBoost,2,0,0.0877026692032814,0
5653,RCN15202,1208-PF-LA-CMPE-GENRE,Laos,Strict,XGBoost,2,0,0.014578768983483315,0
5654,RCN15204,1208-PF-LA-CMPE-GENRE,Laos,Strict,XGBoost,2,0,0.011030972935259342,0
5655,RCN15205,1208-PF-LA-CMPE-GENRE,Laos,Strict,XGBoost,2,0,0.005701766815036535,0
5656,RCN15206,1208-PF-LA-CMPE-GENRE,Laos,Strict,XGBoost,2,0,0.020781932398676872,0
5657,RCN15207,1208-PF-LA-CMPE-GENRE,Laos,Strict,XGBoost,2,0,0.00991652999073267,0
5658,RCN15208,1208-PF-LA-CMPE-GENRE,Laos,Strict,XGBoost,2,0,0.02035277895629406,0
5659,RCN15209,1208-PF-LA-CMPE-GENRE,Laos,Strict,XGBoost,2,1,0.4082208275794983,0
5660,RCN15210,1208-PF-LA-CMPE-GENRE,Laos,Strict,XGBoost,2,0,0.010889244265854359,0
5661,RCN15211,1208-PF-LA-CMPE-GENRE,Laos,Strict,XGBoost,2,0,0.01419147290289402,0
5662,RCN15212,1208-PF-LA-CMPE-GENRE,Laos,Strict,XGBoost,2,0,0.009929867461323738,0
5663,RCN15213,1208-PF-LA-CMPE-GENRE,Laos,Strict,XGBoost,2,0,0.008369424380362034,0
5664,RCN15215,1208-PF-LA-CMPE-GENRE,Laos,Strict,XGBoost,2,1,0.40968987345695496,0
5665,RCN15216,1208-PF-LA-CMPE-GENRE,Laos,Strict,XGBoost,2,0,0.09970397502183914,0
5666,RCN15217,1208-PF-LA-CMPE-GENRE,Laos,Strict,XGBoost,2,0,0.01163160614669323,0
5667,RCN15218,1208-PF-LA-CMPE-GENRE,Laos,Strict,XGBoost,2,0,0.01163160614669323,0
5668,RCN15219,1208-PF-LA-CMPE-GENRE,Laos,Strict,XGBoost,2,0,0.010903875343501568,0
5669,RCN15220,1208-PF-LA-CMPE-GENRE,Laos,Strict,XGBoost,2,0,0.018910935148596764,0
5670,RCN15221,1208-PF-LA-CMPE-GENRE,Laos,Strict,XGBoost,2,0,0.009001271799206734,0
5671,RCN15222,1208-PF-LA-CMPE-GENRE,Laos,Strict,XGBoost,2,0,0.011270679533481598,0
5672,RCN15224,1208-PF-LA-CMPE-GENRE,Laos,Strict,XGBoost,2,0,0.014573583379387856,0
5673,RCN15225,1208-PF-LA-CMPE-GENRE,Laos,Strict,XGBoost,2,0,0.01163160614669323,0
5674,RCN15226,1208-PF-LA-CMPE-GENRE,Laos,Strict,XGBoost,2,0,0.012308291159570217,0
5675,RCN15227,1208-PF-LA-CMPE-GENRE,Laos,Strict,XGBoost,2,0,0.01163160614669323,0
5676,RCN15228,1208-PF-LA-CMPE-GENRE,Laos,Strict,XGBoost,2,0,0.01040627621114254,0
5677,RCN15229,1208-PF-LA-CMPE-GENRE,Laos,Strict,XGBoost,2,0,0.006972707808017731,0
5678,RCN15230,1208-PF-LA-CMPE-GENRE,Laos,Strict,XGBoost,2,0,0.04685148224234581,0
5679,RCN15231,1208-PF-LA-CMPE-GENRE,Laos,Strict,XGBoost,2,0,0.017254643142223358,0
5680,RCN15233,1208-PF-LA-CMPE-GENRE,Laos,Strict,XGBoost,2,1,0.9977276921272278,1
5681,RCN15234,1208-PF-LA-CMPE-GENRE,Laos,Strict,XGBoost,2,0,0.033158980309963226,0
5682,RCN15235,1208-PF-LA-CMPE-GENRE,Laos,Strict,XGBoost,2,1,0.9975101947784424,1
5683,RCN15236,1208-PF-LA-CMPE-GENRE,Laos,Strict,XGBoost,2,1,0.9988217949867249,1
5684,RCN15237,1208-PF-LA-CMPE-GENRE,Laos,Strict,XGBoost,2,1,0.9960699081420898,1
5685,RCN15238,1208-PF-LA-CMPE-GENRE,Laos,Strict,XGBoost,2,0,0.5820656418800354,1
5686,RCN15239,1208-PF-LA-CMPE-GENRE,Laos,Strict,XGBoost,2,0,0.8678994178771973,1
5687,RCN15240,1208-PF-LA-CMPE-GENRE,Laos,Strict,XGBoost,2,1,0.9974696636199951,1
5688,RCN15241,1208-PF-LA-CMPE-GENRE,Laos,Strict,XGBoost,2,1,0.9975071549415588,1
5689,RCN15242,1208-PF-LA-CMPE-GENRE,Laos,Strict,XGBoost,2,1,0.9974696636199951,1
5690,RCN15243,1208-PF-LA-CMPE-GENRE,Laos,Strict,XGBoost,2,1,0.9943647384643555,1
5691,RCN15244,1208-PF-LA-CMPE-GENRE,Laos,Strict,XGBoost,2,1,0.9943647384643555,1
5692,RCN15245,1208-PF-LA-CMPE-GENRE,Laos,Strict,XGBoost,2,1,0.9956703186035156,1
5693,RCN15246,1208-PF-LA-CMPE-GENRE,Laos,Strict,XGBoost,2,0,0.12020275741815567,0
5694,RCN15247,1208-PF-LA-CMPE-GENRE,Laos,Strict,XGBoost,2,0,0.29793673753738403,0
5695,RCN15248,1208-PF-LA-CMPE-GENRE,Laos,Strict,XGBoost,2,1,0.9954530000686646,1
5696,RCN15249,1208-PF-LA-CMPE-GENRE,Laos,Strict,XGBoost,2,1,0.8874335885047913,1
5697,RCN15250,1208-PF-LA-CMPE-GENRE,Laos,Strict,XGBoost,2,0,0.017457569018006325,0
5698,RCN15251,1208-PF-LA-CMPE-GENRE,Laos,Strict,XGBoost,2,0,0.010779110714793205,0
5699,RCN15252,1208-PF-LA-CMPE-GENRE,Laos,Strict,XGBoost,2,0,0.01663471758365631,0
5700,RCN15253,1208-PF-LA-CMPE-GENRE,Laos,Strict,XGBoost,2,0,0.11166141927242279,0
5701,RCN15255,1208-PF-LA-CMPE-GENRE,Laos,Strict,XGBoost,2,0,0.5577290654182434,1
5702,RCN15256,1208-PF-LA-CMPE-GENRE,Laos,Strict,XGBoost,2,0,0.6549659967422485,1
5703,RCN15258,1208-PF-LA-CMPE-GENRE,Laos,Strict,XGBoost,2,1,0.9959309697151184,1
5704,RCN15259,1208-PF-LA-CMPE-GENRE,Laos,Strict,XGBoost,2,0,0.05071190744638443,0
5705,RCN15260,1208-PF-LA-CMPE-GENRE,Laos,Strict,XGBoost,2,1,0.9975071549415588,1
5706,RCN15261,1208-PF-LA-CMPE-GENRE,Laos,Strict,XGBoost,2,1,0.9978392720222473,1
5707,RCN15262,1208-PF-LA-CMPE-GENRE,Laos,Strict,XGBoost,2,0,0.03062593750655651,0
5708,RCN15264,1208-PF-LA-CMPE-GENRE,Laos,Strict,XGBoost,2,0,0.06444193422794342,0
5709,RCN15265,1208-PF-LA-CMPE-GENRE,Laos,Strict,XGBoost,2,0,0.017457569018006325,0
5710,RCN15267,1208-PF-LA-CMPE-GENRE,Laos,Strict,XGBoost,2,0,0.014209436252713203,0
5711,RCN15268,1208-PF-LA-CMPE-GENRE,Laos,Strict,XGBoost,2,0,0.026850366964936256,0
5712,RCN15269,1208-PF-LA-CMPE-GENRE,Laos,Strict,XGBoost,2,1,0.9259106516838074,1
5713,RCN15270,1208-PF-LA-CMPE-GENRE,Laos,Strict,XGBoost,2,0,0.08440688997507095,0
5714,RCN15271,1208-PF-LA-CMPE-GENRE,Laos,Strict,XGBoost,2,0,0.06444193422794342,0
5715,RCN15272,1208-PF-LA-CMPE-GENRE,Laos,Strict,XGBoost,2,0,0.10298534482717514,0
5716,RCN15273,1208-PF-LA-CMPE-GENRE,Laos,Strict,XGBoost,2,0,0.024342942982912064,0
5717,RCN15274,1208-PF-LA-CMPE-GENRE,Laos,Strict,XGBoost,2,1,0.40598243474960327,0
5718,RCN15275,1208-PF-LA-CMPE-GENRE,Laos,Strict,XGBoost,2,1,0.9981834292411804,1
5719,RCN15276,1208-PF-LA-CMPE-GENRE,Laos,Strict,XGBoost,2,1,0.9988217949867249,1
5720,RCN15277,1208-PF-LA-CMPE-GENRE,Laos,Strict,XGBoost,2,0,0.042461689561605453,0
5721,RCN15278,1208-PF-LA-CMPE-GENRE,Laos,Strict,XGBoost,2,1,0.9981290698051453,1
5722,RCN15279,1208-PF-LA-CMPE-GENRE,Laos,Strict,XGBoost,2,1,0.9988217949867249,1
5723,RCN15280,1208-PF-LA-CMPE-GENRE,Laos,Strict,XGBoost,2,1,0.9977701902389526,1
5724,RCN15281,1208-PF-LA-CMPE-GENRE,Laos,Strict,XGBoost,2,1,0.9980148077011108,1
5725,RCN15282,1208-PF-LA-CMPE-GENRE,Laos,Strict,XGBoost,2,1,0.9988324046134949,1
5726,RCN15283,1208-PF-LA-CMPE-GENRE,Laos,Strict,XGBoost,2,1,0.9981290698051453,1
5727,RCN15284,1208-PF-LA-CMPE-GENRE,Laos,Strict,XGBoost,2,0,0.9346391558647156,1
5728,RCN15285,1208-PF-LA-CMPE-GENRE,Laos,Strict,XGBoost,2,0,0.1915612369775772,0
5729,RCN15287,1208-PF-LA-CMPE-GENRE,Laos,Strict,XGBoost,2,0,0.01668820157647133,0
5730,RCN15288,1208-PF-LA-CMPE-GENRE,Laos,Strict,XGBoost,2,0,0.05797189101576805,0
5731,RCN15290,1208-PF-LA-CMPE-GENRE,Laos,Strict,XGBoost,2,0,0.20525191724300385,0
5732,RCN15291,1208-PF-LA-CMPE-GENRE,Laos,Strict,XGBoost,2,0,0.015996817499399185,0
5733,RCN15292,1208-PF-LA-CMPE-GENRE,Laos,Strict,XGBoost,2,0,0.06806226819753647,0
5734,RCN15293,1208-PF-LA-CMPE-GENRE,Laos,Strict,XGBoost,2,0,0.028758684173226357,0
5735,RCN15294,1208-PF-LA-CMPE-GENRE,Laos,Strict,XGBoost,2,0,0.053829532116651535,0
5736,RCN15295,1208-PF-LA-CMPE-GENRE,Laos,Strict,XGBoost,2,1,0.9415717720985413,1
5737,RCN15296,1208-PF-LA-CMPE-GENRE,Laos,Strict,XGBoost,2,0,0.037075188010931015,0
5738,RCN15297,1208-PF-LA-CMPE-GENRE,Laos,Strict,XGBoost,2,0,0.021704182028770447,0
5739,RCN15298,1208-PF-LA-CMPE-GENRE,Laos,Strict,XGBoost,2,0,0.017345452681183815,0
5740,RCN15299,1208-PF-LA-CMPE-GENRE,Laos,Strict,XGBoost,2,0,0.09755443781614304,0
5741,RCN15300,1208-PF-LA-CMPE-GENRE,Laos,Strict,XGBoost,2,0,0.05813175067305565,0
5742,RCN15301,1208-PF-LA-CMPE-GENRE,Laos,Strict,XGBoost,2,0,0.01792200282216072,0
5743,RCN15302,1208-PF-LA-CMPE-GENRE,Laos,Strict,XGBoost,2,0,0.03718627989292145,0
5744,RCN15303,1208-PF-LA-CMPE-GENRE,Laos,Strict,XGBoost,2,0,0.08802157640457153,0
5745,RCN15304,1208-PF-LA-CMPE-GENRE,Laos,Strict,XGBoost,2,0,0.09251423180103302,0
5746,RCN15305,1208-PF-LA-CMPE-GENRE,Laos,Strict,XGBoost,2,0,0.035603854805231094,0
5747,RCN15306,1208-PF-LA-CMPE-GENRE,Laos,Strict,XGBoost,2,1,0.6696648597717285,1
5748,RCN15307,1208-PF-LA-CMPE-GENRE,Laos,Strict,XGBoost,2,0,0.13270200788974762,0
5749,RCN15308,1208-PF-LA-CMPE-GENRE,Laos,Strict,XGBoost,2,0,0.06806226819753647,0
5750,RCN15309,1208-PF-LA-CMPE-GENRE,Laos,Strict,XGBoost,2,0,0.06806226819753647,0
5751,RCN15310,1208-PF-LA-CMPE-GENRE,Laos,Strict,XGBoost,2,1,0.6696648597717285,1
5752,RCN15311,1208-PF-LA-CMPE-GENRE,Laos,Strict,XGBoost,2,0,0.05492429807782173,0
5753,RCN15312,1208-PF-LA-CMPE-GENRE,Laos,Strict,XGBoost,2,0,0.05797189101576805,0
5754,RCN15313,1208-PF-LA-CMPE-GENRE,Laos,Strict,XGBoost,2,0,0.06806226819753647,0
5755,RCN15315,1208-PF-LA-CMPE-GENRE,Laos,Strict,XGBoost,2,1,0.9981290698051453,1
5756,RCN15316,1208-PF-LA-CMPE-GENRE,Laos,Strict,XGBoost,2,0,0.015996817499399185,0
5757,RCN15317,1208-PF-LA-CMPE-GENRE,Laos,Strict,XGBoost,2,0,0.017345452681183815,0
5758,RCN15318,1208-PF-LA-CMPE-GENRE,Laos,Strict,XGBoost,2,0,0.018910935148596764,0
5759,RCN15319,1208-PF-LA-CMPE-GENRE,Laos,Strict,XGBoost,2,0,0.05071190744638443,0
5760,RCN15320,1208-PF-LA-CMPE-GENRE,Laos,Strict,XGBoost,2,0,0.02185465581715107,0
5761,RCN15321,1208-PF-LA-CMPE-GENRE,Laos,Strict,XGBoost,2,0,0.02185465581715107,0
5762,RCN15322,1208-PF-LA-CMPE-GENRE,Laos,Strict,XGBoost,2,0,0.05313364043831825,0
5763,RCN15323,1208-PF-LA-CMPE-GENRE,Laos,Strict,XGBoost,2,0,0.07840126752853394,0
5764,RCN15324,1208-PF-LA-CMPE-GENRE,Laos,Strict,XGBoost,2,0,0.042461689561605453,0
5765,RCN15325,1208-PF-LA-CMPE-GENRE,Laos,Strict,XGBoost,2,0,0.06883597373962402,0
5766,RCN15326,1208-PF-LA-CMPE-GENRE,Laos,Strict,XGBoost,2,0,0.042461689561605453,0
5767,RCN15327,1208-PF-LA-CMPE-GENRE,Laos,Strict,XGBoost,2,1,0.9981834292411804,1
5768,RCN15328,1208-PF-LA-CMPE-GENRE,Laos,Strict,XGBoost,2,1,0.9981834292411804,1
5769,RCN15329,1208-PF-LA-CMPE-GENRE,Laos,Strict,XGBoost,2,1,0.9986494183540344,1
5770,RCN15330,1208-PF-LA-CMPE-GENRE,Laos,Strict,XGBoost,2,0,0.05492429807782173,0
5771,RCN15331,1208-PF-LA-CMPE-GENRE,Laos,Strict,XGBoost,2,0,0.08589949458837509,0
5772,RCN15332,1208-PF-LA-CMPE-GENRE,Laos,Strict,XGBoost,2,0,0.017457569018006325,0
5773,RCN15333,1208-PF-LA-CMPE-GENRE,Laos,Strict,XGBoost,2,1,0.9979948997497559,1
5774,RCN15334,1208-PF-LA-CMPE-GENRE,Laos,Strict,XGBoost,2,0,0.06806226819753647,0
5775,RCN15335,1208-PF-LA-CMPE-GENRE,Laos,Strict,XGBoost,2,0,0.012268854305148125,0
5776,RCN15337,1208-PF-LA-CMPE-GENRE,Laos,Strict,XGBoost,2,0,0.013746528886258602,0
5777,RCN15338,1208-PF-LA-CMPE-GENRE,Laos,Strict,XGBoost,2,0,0.013746528886258602,0
5778,RCN15340,1208-PF-LA-CMPE-GENRE,Laos,Strict,XGBoost,2,1,0.7111685276031494,1
5779,RCN15341,1208-PF-LA-CMPE-GENRE,Laos,Strict,XGBoost,2,0,0.01813853718340397,0
5780,RCN15342,1208-PF-LA-CMPE-GENRE,Laos,Strict,XGBoost,2,1,0.9986659288406372,1
5781,RCN15343,1208-PF-LA-CMPE-GENRE,Laos,Strict,XGBoost,2,1,0.9021700620651245,1
5782,RCN15345,1208-PF-LA-CMPE-GENRE,Laos,Strict,XGBoost,2,0,0.018910935148596764,0
5783,RCN15346,1208-PF-LA-CMPE-GENRE,Laos,Strict,XGBoost,2,0,0.018910935148596764,0
5784,RCN15347,1208-PF-LA-CMPE-GENRE,Laos,Strict,XGBoost,2,1,0.8282653093338013,1
5785,RCN15348,1208-PF-LA-CMPE-GENRE,Laos,Strict,XGBoost,2,1,0.8282653093338013,1
5786,RCN15349,1208-PF-LA-CMPE-GENRE,Laos,Strict,XGBoost,2,1,0.8264895081520081,1
5787,RCN15350,1208-PF-LA-CMPE-GENRE,Laos,Strict,XGBoost,2,1,0.8233366012573242,1
5788,RCN15351,1208-PF-LA-CMPE-GENRE,Laos,Strict,XGBoost,2,1,0.9051527380943298,1
5789,RCN15352,1208-PF-LA-CMPE-GENRE,Laos,Strict,XGBoost,2,0,0.02185465581715107,0
5790,RCN15353,1208-PF-LA-CMPE-GENRE,Laos,Strict,XGBoost,2,1,0.8282653093338013,1
5791,RCN15354,1208-PF-LA-CMPE-GENRE,Laos,Strict,XGBoost,2,1,0.9977276921272278,1
5792,RCN15355,1208-PF-LA-CMPE-GENRE,Laos,Strict,XGBoost,2,1,0.8282653093338013,1
5793,RCN15356,1208-PF-LA-CMPE-GENRE,Laos,Strict,XGBoost,2,0,0.021670026704669,0
5794,RCN15357,1208-PF-LA-CMPE-GENRE,Laos,Strict,XGBoost,2,0,0.055312298238277435,0
5795,RCN15358,1208-PF-LA-CMPE-GENRE,Laos,Strict,XGBoost,2,1,0.9981290698051453,1
5796,RCN15359,1208-PF-LA-CMPE-GENRE,Laos,Strict,XGBoost,2,1,0.9954348206520081,1
5797,RCN15360,1208-PF-LA-CMPE-GENRE,Laos,Strict,XGBoost,2,0,0.9273778796195984,1
5798,RCN15362,1208-PF-LA-CMPE-GENRE,Laos,Strict,XGBoost,2,0,0.02185465581715107,0
5799,RCN15363,1208-PF-LA-CMPE-GENRE,Laos,Strict,XGBoost,2,0,0.019856207072734833,0
5800,RCN15364,1208-PF-LA-CMPE-GENRE,Laos,Strict,XGBoost,2,0,0.017457569018006325,0
5801,RCN15365,1208-PF-LA-CMPE-GENRE,Laos,Strict,XGBoost,2,0,0.01792200282216072,0
5802,RCN15366,1208-PF-LA-CMPE-GENRE,Laos,Strict,XGBoost,2,0,0.017457569018006325,0
5803,RCN15368,1208-PF-LA-CMPE-GENRE,Laos,Strict,XGBoost,2,0,0.06424640119075775,0
5804,RCN15369,1208-PF-LA-CMPE-GENRE,Laos,Strict,XGBoost,2,0,0.018910935148596764,0
5805,RCN15370,1208-PF-LA-CMPE-GENRE,Laos,Strict,XGBoost,2,0,0.01934264786541462,0
5806,RCN15371,1208-PF-LA-CMPE-GENRE,Laos,Strict,XGBoost,2,1,0.9988217949867249,1
5807,RCN15372,1208-PF-LA-CMPE-GENRE,Laos,Strict,XGBoost,2,0,0.018910935148596764,0
5808,RCN15373,1208-PF-LA-CMPE-GENRE,Laos,Strict,XGBoost,2,0,0.017457569018006325,0
5809,RCN15374,1208-PF-LA-CMPE-GENRE,Laos,Strict,XGBoost,2,0,0.017457569018006325,0
5810,RCN15376,1208-PF-LA-CMPE-GENRE,Laos,Strict,XGBoost,2,0,0.05492429807782173,0
5811,RCN15377,1208-PF-LA-CMPE-GENRE,Laos,Strict,XGBoost,2,0,0.05492429807782173,0
5812,RCN15378,1208-PF-LA-CMPE-GENRE,Laos,Strict,XGBoost,2,0,0.04375624656677246,0
5813,RCN15379,1208-PF-LA-CMPE-GENRE,Laos,Strict,XGBoost,2,0,0.02185465581715107,0
5814,RCN15380,1208-PF-LA-CMPE-GENRE,Laos,Strict,XGBoost,2,0,0.018910935148596764,0
5815,RCN15381,1208-PF-LA-CMPE-GENRE,Laos,Strict,XGBoost,2,0,0.018910935148596764,0
5816,RCN15382,1208-PF-LA-CMPE-GENRE,Laos,Strict,XGBoost,2,0,0.018910935148596764,0
5817,RCN15386,1208-PF-LA-CMPE-GENRE,Laos,Strict,XGBoost,2,0,0.017457569018006325,0
5818,RCN15387,1208-PF-LA-CMPE-GENRE,Laos,Strict,XGBoost,2,0,0.01792200282216072,0
5926,RCN16513,1210-PF-TH-MAUDE,Thailand,Strict,XGBoost,2,1,0.9970468878746033,1
5927,RCN16514,1210-PF-TH-MAUDE,Thailand,Strict,XGBoost,2,1,0.9581829309463501,1
5928,RCN16515,1210-PF-TH-MAUDE,Thailand,Strict,XGBoost,2,1,0.995945155620575,1
5929,RCN16516,1210-PF-TH-MAUDE,Thailand,Strict,XGBoost,2,1,0.9949625730514526,1
5930,RCN16517,1210-PF-TH-MAUDE,Thailand,Strict,XGBoost,2,1,0.94911128282547,1
5931,RCN16518,1210-PF-TH-MAUDE,Thailand,Strict,XGBoost,2,1,0.9137938022613525,1
5932,RCN16519,1210-PF-TH-MAUDE,Thailand,Strict,XGBoost,2,1,0.9300099611282349,1
5933,RCN16520,1210-PF-TH-MAUDE,Thailand,Strict,XGBoost,2,1,0.9490509033203125,1
5934,RCN16521,1210-PF-TH-MAUDE,Thailand,Strict,XGBoost,2,1,0.9700841903686523,1
5935,RCN16522,1210-PF-TH-MAUDE,Thailand,Strict,XGBoost,2,1,0.9961332082748413,1
5936,RCN16524,1210-PF-TH-MAUDE,Thailand,Strict,XGBoost,2,1,0.9215109348297119,1
5937,RCN16528,1210-PF-TH-MAUDE,Thailand,Strict,XGBoost,2,1,0.9470584392547607,1
5938,RCN16529,1210-PF-TH-MAUDE,Thailand,Strict,XGBoost,2,1,0.9979496598243713,1
5939,RCN16530,1210-PF-TH-MAUDE,Thailand,Strict,XGBoost,2,1,0.9958018660545349,1
5940,RCN16531,1210-PF-TH-MAUDE,Thailand,Strict,XGBoost,2,1,0.9981999397277832,1
5941,RCN16532,1210-PF-TH-MAUDE,Thailand,Strict,XGBoost,2,1,0.9965711832046509,1
5942,RCN16534,1210-PF-TH-MAUDE,Thailand,Strict,XGBoost,2,1,0.9890627264976501,1
5943,RCN16536,1210-PF-TH-MAUDE,Thailand,Strict,XGBoost,2,1,0.9941747784614563,1
5944,RCN16537,1210-PF-TH-MAUDE,Thailand,Strict,XGBoost,2,1,0.9560944437980652,1
5945,RCN16538,1210-PF-TH-MAUDE,Thailand,Strict,XGBoost,2,1,0.9918115139007568,1
5946,RCN16539,1210-PF-TH-MAUDE,Thailand,Strict,XGBoost,2,1,0.9574444890022278,1
5947,RCN16540,1210-PF-TH-MAUDE,Thailand,Strict,XGBoost,2,1,0.9967408776283264,1
5948,RCN16541,1210-PF-TH-MAUDE,Thailand,Strict,XGBoost,2,1,0.9968992471694946,1
5949,RCN16542,1210-PF-TH-MAUDE,Thailand,Strict,XGBoost,2,1,0.9956054091453552,1
5950,RCN16544,1210-PF-TH-MAUDE,Thailand,Strict,XGBoost,2,1,0.9913070797920227,1
5951,RCN16545,1210-PF-TH-MAUDE,Thailand,Strict,XGBoost,2,1,0.9383784532546997,1
5952,RCN16546,1210-PF-TH-MAUDE,Thailand,Strict,XGBoost,2,1,0.9162545204162598,1
5953,RCN16548,1210-PF-TH-MAUDE,Thailand,Strict,XGBoost,2,1,0.9967443943023682,1
5954,RCN16549,1210-PF-TH-MAUDE,Thailand,Strict,XGBoost,2,1,0.9967408776283264,1
5955,RCN16550,1210-PF-TH-MAUDE,Thailand,Strict,XGBoost,2,1,0.9956633448600769,1
5956,RCN16551,1210-PF-TH-MAUDE,Thailand,Strict,XGBoost,2,1,0.9947323799133301,1
5957,RCN16552,1210-PF-TH-MAUDE,Thailand,Strict,XGBoost,2,1,0.9974696636199951,1
5958,RCN16553,1210-PF-TH-MAUDE,Thailand,Strict,XGBoost,2,1,0.9960528612136841,1
5959,RCN16554,1210-PF-TH-MAUDE,Thailand,Strict,XGBoost,2,1,0.9954530000686646,1
5960,RCN16555,1210-PF-TH-MAUDE,Thailand,Strict,XGBoost,2,1,0.9961332082748413,1
5961,RCN16557,1210-PF-TH-MAUDE,Thailand,Strict,XGBoost,2,1,0.9970908164978027,1
5962,RCN16558,1210-PF-TH-MAUDE,Thailand,Strict,XGBoost,2,1,0.997394323348999,1
5963,RCN16559,1210-PF-TH-MAUDE,Thailand,Strict,XGBoost,2,1,0.9973816275596619,1
5964,RCN16560,1210-PF-TH-MAUDE,Thailand,Strict,XGBoost,2,1,0.997394323348999,1
5965,RCN16561,1210-PF-TH-MAUDE,Thailand,Strict,XGBoost,2,1,0.9977276921272278,1
5966,RCN16562,1210-PF-TH-MAUDE,Thailand,Strict,XGBoost,2,1,0.9970908164978027,1
5967,RCN16563,1210-PF-TH-MAUDE,Thailand,Strict,XGBoost,2,1,0.9970908164978027,1
5968,RCN16564,1210-PF-TH-MAUDE,Thailand,Strict,XGBoost,2,1,0.9910007119178772,1
5969,RCN16565,1210-PF-TH-MAUDE,Thailand,Strict,XGBoost,2,1,0.9973601698875427,1
5970,RCN16575,1210-PF-TH-MAUDE,Thailand,Strict,XGBoost,2,1,0.6230373382568359,1
5971,RCN16576,1210-PF-TH-MAUDE,Thailand,Strict,XGBoost,2,1,0.9970988035202026,1
5972,RCN16578,1210-PF-TH-MAUDE,Thailand,Strict,XGBoost,2,1,0.9962677359580994,1
5973,RCN16587,1210-PF-TH-MAUDE,Thailand,Strict,XGBoost,2,1,0.997394323348999,1
6689,RCN25181,1208-PF-LA-CMPE-GENRE,Laos,Strict,XGBoost,2,1,0.998059093952179,1
6690,RCN25182,1208-PF-LA-CMPE-GENRE,Laos,Strict,XGBoost,2,1,0.9980124235153198,1
6691,RCN25183,1208-PF-LA-CMPE-GENRE,Laos,Strict,XGBoost,2,1,0.9985200762748718,1
6692,RCN25187,1208-PF-LA-CMPE-GENRE,Laos,Strict,XGBoost,2,1,0.9993355870246887,1
6693,RCN25188,1208-PF-LA-CMPE-GENRE,Laos,Strict,XGBoost,2,1,0.34634071588516235,0
6694,RCN25190,1208-PF-LA-CMPE-GENRE,Laos,Strict,XGBoost,2,1,0.9721357226371765,1
6695,RCN25192,1208-PF-LA-CMPE-GENRE,Laos,Strict,XGBoost,2,1,0.9304482936859131,1
6696,RCN25203,1208-PF-LA-CMPE-GENRE,Laos,Strict,XGBoost,2,1,0.9967904686927795,1
6697,RCN25204,1208-PF-LA-CMPE-GENRE,Laos,Strict,XGBoost,2,1,0.9986237287521362,1
6698,RCN25206,1208-PF-LA-CMPE-GENRE,Laos,Strict,XGBoost,2,1,0.9986237287521362,1
6699,RCN25207,1208-PF-LA-CMPE-GENRE,Laos,Strict,XGBoost,2,0,0.14020805060863495,0
6700,RCN25208,1208-PF-LA-CMPE-GENRE,Laos,Strict,XGBoost,2,1,0.7199206352233887,1
6701,RCN25209,1208-PF-LA-CMPE-GENRE,Laos,Strict,XGBoost,2,1,0.9965683221817017,1
6702,RCN25211,1208-PF-LA-CMPE-GENRE,Laos,Strict,XGBoost,2,1,0.6792266368865967,1
6703,RCN25213,1208-PF-LA-CMPE-GENRE,Laos,Strict,XGBoost,2,1,0.9959149956703186,1
6704,RCN25215,1208-PF-LA-CMPE-GENRE,Laos,Strict,XGBoost,2,1,0.9955419898033142,1
6705,RCN25221,1208-PF-LA-CMPE-GENRE,Laos,Strict,XGBoost,2,1,0.9974448680877686,1
6706,RCN25223,1208-PF-LA-CMPE-GENRE,Laos,Strict,XGBoost,2,1,0.9681438207626343,1
6707,RCN25228,1208-PF-LA-CMPE-GENRE,Laos,Strict,XGBoost,2,1,0.998610258102417,1
6708,RCN25232,1208-PF-LA-CMPE-GENRE,Laos,Strict,XGBoost,2,1,0.9558064937591553,1
6709,RCN25234,1208-PF-LA-CMPE-GENRE,Laos,Strict,XGBoost,2,1,0.9981179237365723,1
6710,RCN25238,1208-PF-LA-CMPE-GENRE,Laos,Strict,XGBoost,2,1,0.9678589701652527,1
6711,RCN25240,1208-PF-LA-CMPE-GENRE,Laos,Strict,XGBoost,2,1,0.998250424861908,1
6712,RCN25249,1208-PF-LA-CMPE-GENRE,Laos,Strict,XGBoost,2,1,0.9967030882835388,1
6713,RCN25251,1208-PF-LA-CMPE-GENRE,Laos,Strict,XGBoost,2,1,0.37751126289367676,0
6714,RCN25252,1208-PF-LA-CMPE-GENRE,Laos,Strict,XGBoost,2,1,0.6477040648460388,1
6715,RCN25257,1208-PF-LA-CMPE-GENRE,Laos,Strict,XGBoost,2,1,0.9464537501335144,1
6716,RCN25259,1208-PF-LA-CMPE-GENRE,Laos,Strict,XGBoost,2,1,0.9977980852127075,1
6717,RCN25260,1208-PF-LA-CMPE-GENRE,Laos,Strict,XGBoost,2,1,0.9953029155731201,1
6718,RCN25265,1208-PF-LA-CMPE-GENRE,Laos,Strict,XGBoost,2,0,0.020110081881284714,0
6719,RCN25267,1208-PF-LA-CMPE-GENRE,Laos,Strict,XGBoost,2,0,0.022190798074007034,0
6720,RCN25273,1208-PF-LA-CMPE-GENRE,Laos,Strict,XGBoost,2,1,0.6404414772987366,1
6721,RCN25280,1208-PF-LA-CMPE-GENRE,Laos,Strict,XGBoost,2,1,0.6368851661682129,1
6722,RCN25284,1208-PF-LA-CMPE-GENRE,Laos,Strict,XGBoost,2,0,0.015135717578232288,0
6723,RCN25285,1208-PF-LA-CMPE-GENRE,Laos,Strict,XGBoost,2,0,0.017003169283270836,0
6724,RCN25288,1208-PF-LA-CMPE-GENRE,Laos,Strict,XGBoost,2,0,0.005325396545231342,0
6725,RCN25292,1208-PF-LA-CMPE-GENRE,Laos,Strict,XGBoost,2,0,0.020110081881284714,0
6726,RCN25293,1208-PF-LA-CMPE-GENRE,Laos,Strict,XGBoost,2,0,0.005479097831994295,0
6727,RCN25308,1208-PF-LA-CMPE-GENRE,Laos,Strict,XGBoost,2,0,0.020221322774887085,0
6728,RCN25309,1208-PF-LA-CMPE-GENRE,Laos,Strict,XGBoost,2,1,0.6111802458763123,1
6729,RCN25314,1208-PF-LA-CMPE-GENRE,Laos,Strict,XGBoost,2,1,0.9982672929763794,1
6730,RCN25316,1208-PF-LA-CMPE-GENRE,Laos,Strict,XGBoost,2,1,0.997568666934967,1
6731,RCN25317,1208-PF-LA-CMPE-GENRE,Laos,Strict,XGBoost,2,0,0.0276173148304224,0
6732,RCN25318,1208-PF-LA-CMPE-GENRE,Laos,Strict,XGBoost,2,0,0.09872376173734665,0
6733,RCN25319,1208-PF-LA-CMPE-GENRE,Laos,Strict,XGBoost,2,0,0.10479865968227386,0
6734,RCN25320,1208-PF-LA-CMPE-GENRE,Laos,Strict,XGBoost,2,1,0.9964032173156738,1
6735,RCN25325,1208-PF-LA-CMPE-GENRE,Laos,Strict,XGBoost,2,1,0.9986526966094971,1
6736,RCN25327,1208-PF-LA-CMPE-GENRE,Laos,Strict,XGBoost,2,0,0.051243025809526443,0
6737,RCN25332,1208-PF-LA-CMPE-GENRE,Laos,Strict,XGBoost,2,1,0.99130779504776,1
6738,RCN25338,1208-PF-LA-CMPE-GENRE,Laos,Strict,XGBoost,2,0,0.04700121283531189,0
6739,RCN25345,1208-PF-LA-CMPE-GENRE,Laos,Strict,XGBoost,2,0,0.017234165221452713,0
6740,RCN25346,1208-PF-LA-CMPE-GENRE,Laos,Strict,XGBoost,2,0,0.04144282639026642,0
6741,RCN25349,1208-PF-LA-CMPE-GENRE,Laos,Strict,XGBoost,2,0,0.01356013398617506,0
6742,RCN25814,1208-PF-LA-CMPE-GENRE,Laos,Strict,XGBoost,2,0,0.018931861966848373,0
6743,RCN25821,1208-PF-LA-CMPE-GENRE,Laos,Strict,XGBoost,2,0,0.006789854262024164,0
6744,RCN25829,1208-PF-LA-CMPE-GENRE,Laos,Strict,XGBoost,2,0,0.006782587617635727,0
6745,RCN25833,1208-PF-LA-CMPE-GENRE,Laos,Strict,XGBoost,2,0,0.03626719117164612,0
6746,RCN25836,1208-PF-LA-CMPE-GENRE,Laos,Strict,XGBoost,2,0,0.019632790237665176,0
6747,RCN25848,1208-PF-LA-CMPE-GENRE,Laos,Strict,XGBoost,2,0,0.019183102995157242,0
6748,RCN25849,1208-PF-LA-CMPE-GENRE,Laos,Strict,XGBoost,2,0,0.019183102995157242,0
6749,RCN25851,1208-PF-LA-CMPE-GENRE,Laos,Strict,XGBoost,2,0,0.04644721746444702,0
6750,RCN25859,1208-PF-LA-CMPE-GENRE,Laos,Strict,XGBoost,2,0,0.01827935501933098,0
6751,RCN25866,1208-PF-LA-CMPE-GENRE,Laos,Strict,XGBoost,2,0,0.035563454031944275,0
6752,RCN25871,1208-PF-LA-CMPE-GENRE,Laos,Strict,XGBoost,2,0,0.012694069184362888,0
6753,RCN25875,1208-PF-LA-CMPE-GENRE,Laos,Strict,XGBoost,2,0,0.0167933851480484,0
6754,RCN25884,1208-PF-LA-CMPE-GENRE,Laos,Strict,XGBoost,2,0,0.020110081881284714,0
6755,RCN25885,1208-PF-LA-CMPE-GENRE,Laos,Strict,XGBoost,2,0,0.012599569745361805,0
6756,RCN25886,1208-PF-LA-CMPE-GENRE,Laos,Strict,XGBoost,2,1,0.6170881986618042,1
6757,RCN25890,1208-PF-LA-CMPE-GENRE,Laos,Strict,XGBoost,2,0,0.03730098158121109,0
6758,RCN25892,1208-PF-LA-CMPE-GENRE,Laos,Strict,XGBoost,2,0,0.03328944370150566,0
6759,RCN25897,1208-PF-LA-CMPE-GENRE,Laos,Strict,XGBoost,2,0,0.014669078402221203,0
6760,RCN25898,1208-PF-LA-CMPE-GENRE,Laos,Strict,XGBoost,2,0,0.0466216541826725,0
6761,RCN25902,1208-PF-LA-CMPE-GENRE,Laos,Strict,XGBoost,2,0,0.032787833362817764,0
6762,RCN25906,1208-PF-LA-CMPE-GENRE,Laos,Strict,XGBoost,2,0,0.02298203855752945,0
6763,RCN25907,1208-PF-LA-CMPE-GENRE,Laos,Strict,XGBoost,2,0,0.023346295580267906,0
6764,RCN25908,1208-PF-LA-CMPE-GENRE,Laos,Strict,XGBoost,2,0,0.009115656837821007,0
6765,RCN25910,1208-PF-LA-CMPE-GENRE,Laos,Strict,XGBoost,2,0,0.011234227567911148,0
6766,RCN25912,1208-PF-LA-CMPE-GENRE,Laos,Strict,XGBoost,2,0,0.006529548205435276,0
6767,RCN25913,1208-PF-LA-CMPE-GENRE,Laos,Strict,XGBoost,2,0,0.018580283969640732,0
6768,RCN25920,1208-PF-LA-CMPE-GENRE,Laos,Strict,XGBoost,2,0,0.010488081723451614,0
6769,RCN25921,1208-PF-LA-CMPE-GENRE,Laos,Strict,XGBoost,2,0,0.01841341145336628,0
6770,RCN25922,1208-PF-LA-CMPE-GENRE,Laos,Strict,XGBoost,2,0,0.007289640139788389,0
6771,RCN25923,1208-PF-LA-CMPE-GENRE,Laos,Strict,XGBoost,2,0,0.019183102995157242,0
6772,RCN25927,1208-PF-LA-CMPE-GENRE,Laos,Strict,XGBoost,2,0,0.020354410633444786,0
6773,RCN25928,1208-PF-LA-CMPE-GENRE,Laos,Strict,XGBoost,2,0,0.03401091322302818,0
6774,RCN25930,1208-PF-LA-CMPE-GENRE,Laos,Strict,XGBoost,2,0,0.013939348049461842,0
6775,RCN25931,1208-PF-LA-CMPE-GENRE,Laos,Strict,XGBoost,2,1,0.8709443211555481,1
6776,RCN25932,1208-PF-LA-CMPE-GENRE,Laos,Strict,XGBoost,2,0,0.015869606286287308,0
6777,RCN25933,1208-PF-LA-CMPE-GENRE,Laos,Strict,XGBoost,2,1,0.8801150321960449,1
6778,RCN25934,1208-PF-LA-CMPE-GENRE,Laos,Strict,XGBoost,2,0,0.11542947590351105,0
6779,RCN25935,1208-PF-LA-CMPE-GENRE,Laos,Strict,XGBoost,2,0,0.058820705860853195,0
6780,RCN25936,1208-PF-LA-CMPE-GENRE,Laos,Strict,XGBoost,2,0,0.026430383324623108,0
6781,RCN25937,1208-PF-LA-CMPE-GENRE,Laos,Strict,XGBoost,2,0,0.05521171912550926,0
6782,RCN25938,1208-PF-LA-CMPE-GENRE,Laos,Strict,XGBoost,2,1,0.9969362020492554,1
6783,RCN25942,1208-PF-LA-CMPE-GENRE,Laos,Strict,XGBoost,2,0,0.016332847997546196,0
6784,RCN25943,1208-PF-LA-CMPE-GENRE,Laos,Strict,XGBoost,2,0,0.026250066235661507,0
6785,RCN25944,1208-PF-LA-CMPE-GENRE,Laos,Strict,XGBoost,2,0,0.04931831359863281,0
6786,RCN25945,1208-PF-LA-CMPE-GENRE,Laos,Strict,XGBoost,2,0,0.11162322014570236,0
6787,RCN25946,1208-PF-LA-CMPE-GENRE,Laos,Strict,XGBoost,2,1,0.9566272497177124,1
6788,RCN25947,1208-PF-LA-CMPE-GENRE,Laos,Strict,XGBoost,2,1,0.9650934934616089,1
6789,RCN25952,1208-PF-LA-CMPE-GENRE,Laos,Strict,XGBoost,2,0,0.04481171444058418,0
6790,RCN25956,1208-PF-LA-CMPE-GENRE,Laos,Strict,XGBoost,2,0,0.07403955608606339,0
6791,RCN25957,1208-PF-LA-CMPE-GENRE,Laos,Strict,XGBoost,2,0,0.0586007758975029,0
6792,RCN25958,1208-PF-LA-CMPE-GENRE,Laos,Strict,XGBoost,2,0,0.05896357446908951,0
6793,RCN25960,1208-PF-LA-CMPE-GENRE,Laos,Strict,XGBoost,2,1,0.806228518486023,1
6794,RCN25961,1208-PF-LA-CMPE-GENRE,Laos,Strict,XGBoost,2,1,0.7320005893707275,1
6795,RCN25962,1208-PF-LA-CMPE-GENRE,Laos,Strict,XGBoost,2,1,0.8159259557723999,1
6796,RCN25964,1208-PF-LA-CMPE-GENRE,Laos,Strict,XGBoost,2,1,0.7605987191200256,1
6797,RCN25965,1208-PF-LA-CMPE-GENRE,Laos,Strict,XGBoost,2,1,0.721233069896698,1
6798,RCN25967,1208-PF-LA-CMPE-GENRE,Laos,Strict,XGBoost,2,1,0.5643617510795593,1
6799,RCN25968,1208-PF-LA-CMPE-GENRE,Laos,Strict,XGBoost,2,0,0.01613742858171463,0
6800,RCN25971,1208-PF-LA-CMPE-GENRE,Laos,Strict,XGBoost,2,0,0.01613742858171463,0
6801,RCN25972,1208-PF-LA-CMPE-GENRE,Laos,Strict,XGBoost,2,0,0.0182613804936409,0
6802,RCN25973,1208-PF-LA-CMPE-GENRE,Laos,Strict,XGBoost,2,0,0.014669078402221203,0
6803,RCN25974,1208-PF-LA-CMPE-GENRE,Laos,Strict,XGBoost,2,0,0.047816745936870575,0
6804,RCN25975,1208-PF-LA-CMPE-GENRE,Laos,Strict,XGBoost,2,0,0.01613742858171463,0
6805,RCN25976,1208-PF-LA-CMPE-GENRE,Laos,Strict,XGBoost,2,0,0.01752682402729988,0
6806,RCN25982,1208-PF-LA-CMPE-GENRE,Laos,Strict,XGBoost,2,0,0.01613742858171463,0
6807,RCN25983,1208-PF-LA-CMPE-GENRE,Laos,Strict,XGBoost,2,0,0.015213683247566223,0
6808,RCN25987,1208-PF-LA-CMPE-GENRE,Laos,Strict,XGBoost,2,0,0.03174262121319771,0
6809,RCN25989,1208-PF-LA-CMPE-GENRE,Laos,Strict,XGBoost,2,0,0.04177778214216232,0
6810,RCN25992,1208-PF-LA-CMPE-GENRE,Laos,Strict,XGBoost,2,0,0.01613742858171463,0
6811,RCN25994,1208-PF-LA-CMPE-GENRE,Laos,Strict,XGBoost,2,0,0.0182613804936409,0
6812,RCN25996,1208-PF-LA-CMPE-GENRE,Laos,Strict,XGBoost,2,0,0.047816745936870575,0
6813,RCN25997,1208-PF-LA-CMPE-GENRE,Laos,Strict,XGBoost,2,0,0.021101156249642372,0
6814,RCN26001,1208-PF-LA-CMPE-GENRE,Laos,Strict,XGBoost,2,1,0.9657526612281799,1
6815,RCN26002,1208-PF-LA-CMPE-GENRE,Laos,Strict,XGBoost,2,0,0.02532879076898098,0
6816,RCN26003,1208-PF-LA-CMPE-GENRE,Laos,Strict,XGBoost,2,0,0.04177778214216232,0
6817,RCN26004,1208-PF-LA-CMPE-GENRE,Laos,Strict,XGBoost,2,0,0.047816745936870575,0
6818,RCN26005,1208-PF-LA-CMPE-GENRE,Laos,Strict,XGBoost,2,0,0.03494502604007721,0
6819,RCN26009,1208-PF-LA-CMPE-GENRE,Laos,Strict,XGBoost,2,0,0.014309867285192013,0
6820,RCN26018,1208-PF-LA-CMPE-GENRE,Laos,Strict,XGBoost,2,0,0.030265361070632935,0
6821,RCN26023,1208-PF-LA-CMPE-GENRE,Laos,Strict,XGBoost,2,0,0.01613742858171463,0
6822,RCN26024,1208-PF-LA-CMPE-GENRE,Laos,Strict,XGBoost,2,0,0.022275080904364586,0
6823,RCN26027,1208-PF-LA-CMPE-GENRE,Laos,Strict,XGBoost,2,0,0.4757815897464752,0
6824,RCN26029,1208-PF-LA-CMPE-GENRE,Laos,Strict,XGBoost,2,1,0.9812431931495667,1
6825,RCN26030,1208-PF-LA-CMPE-GENRE,Laos,Strict,XGBoost,2,1,0.4254191815853119,0
6826,RCN26031,1208-PF-LA-CMPE-GENRE,Laos,Strict,XGBoost,2,1,0.43121516704559326,0
6827,RCN26048,1208-PF-LA-CMPE-GENRE,Laos,Strict,XGBoost,2,0,0.1685894876718521,0
6828,RCN26061,1208-PF-LA-CMPE-GENRE,Laos,Strict,XGBoost,2,1,0.7136303782463074,1
6829,RCN26062,1208-PF-LA-CMPE-GENRE,Laos,Strict,XGBoost,2,1,0.8374308943748474,1
6830,RCN26064,1208-PF-LA-CMPE-GENRE,Laos,Strict,XGBoost,2,1,0.7313545942306519,1
6831,RCN26068,1208-PF-LA-CMPE-GENRE,Laos,Strict,XGBoost,2,0,0.03758305683732033,0
6832,RCN26072,1208-PF-LA-CMPE-GENRE,Laos,Strict,XGBoost,2,0,0.05067554861307144,0
6833,RCN26076,1208-PF-LA-CMPE-GENRE,Laos,Strict,XGBoost,2,0,0.017401792109012604,0
6834,RCN26511,1208-PF-LA-CMPE-GENRE,Laos,Strict,XGBoost,2,0,0.20859670639038086,0
6835,RCN26526,1208-PF-LA-CMPE-GENRE,Laos,Strict,XGBoost,2,0,0.6817734241485596,1
6836,RCN26541,1208-PF-LA-CMPE-GENRE,Laos,Strict,XGBoost,2,0,0.05153395235538483,0
6837,RCN26556,1208-PF-LA-CMPE-GENRE,Laos,Strict,XGBoost,2,0,0.0420021191239357,0
6838,RCN26574,1208-PF-LA-CMPE-GENRE,Laos,Strict,XGBoost,2,1,0.6203647255897522,1
6839,RCN26582,1208-PF-LA-CMPE-GENRE,Laos,Strict,XGBoost,2,1,0.4296690821647644,0
6840,RCN26586,1208-PF-LA-CMPE-GENRE,Laos,Strict,XGBoost,2,0,0.9176802635192871,1
6841,RCN26592,1208-PF-LA-CMPE-GENRE,Laos,Strict,XGBoost,2,1,0.4305279552936554,0
6842,RCN26594,1208-PF-LA-CMPE-GENRE,Laos,Strict,XGBoost,2,1,0.4072704315185547,0
6843,RCN26595,1208-PF-LA-CMPE-GENRE,Laos,Strict,XGBoost,2,1,0.41193750500679016,0
6844,RCN26596,1208-PF-LA-CMPE-GENRE,Laos,Strict,XGBoost,2,1,0.6494743824005127,1
6845,RCN26599,1208-PF-LA-CMPE-GENRE,Laos,Strict,XGBoost,2,1,0.9805528521537781,1
6846,RCN26612,1208-PF-LA-CMPE-GENRE,Laos,Strict,XGBoost,2,1,0.398565411567688,0
6847,RCN26613,1208-PF-LA-CMPE-GENRE,Laos,Strict,XGBoost,2,0,0.045018214732408524,0
6848,RCN26617,1208-PF-LA-CMPE-GENRE,Laos,Strict,XGBoost,2,0,0.04127916693687439,0
6849,RCN26620,1208-PF-LA-CMPE-GENRE,Laos,Strict,XGBoost,2,1,0.6159961819648743,1
6850,RCN26622,1208-PF-LA-CMPE-GENRE,Laos,Strict,XGBoost,2,0,0.03451794013381004,0
6851,RCN26624,1208-PF-LA-CMPE-GENRE,Laos,Strict,XGBoost,2,0,0.01792352832853794,0
6852,RCN26631,1208-PF-LA-CMPE-GENRE,Laos,Strict,XGBoost,2,1,0.4987565279006958,0
6853,RCN26637,1208-PF-LA-CMPE-GENRE,Laos,Strict,XGBoost,2,1,0.3823181092739105,0
6854,RCN26638,1208-PF-LA-CMPE-GENRE,Laos,Strict,XGBoost,2,1,0.5589397549629211,1
6855,RCN26646,1208-PF-LA-CMPE-GENRE,Laos,Strict,XGBoost,2,1,0.9922475814819336,1
6856,RCN26647,1208-PF-LA-CMPE-GENRE,Laos,Strict,XGBoost,2,1,0.3849331736564636,0
6857,RCN26648,1208-PF-LA-CMPE-GENRE,Laos,Strict,XGBoost,2,1,0.3823181092739105,0
6858,RCN26649,1208-PF-LA-CMPE-GENRE,Laos,Strict,XGBoost,2,1,0.4554332196712494,0
6859,RCN26655,1208-PF-LA-CMPE-GENRE,Laos,Strict,XGBoost,2,1,0.6083012223243713,1
6860,RCN26657,1208-PF-LA-CMPE-GENRE,Laos,Strict,XGBoost,2,1,0.40585801005363464,0
6861,RCN26662,1208-PF-LA-CMPE-GENRE,Laos,Strict,XGBoost,2,1,0.9966970682144165,1
6862,RCN26663,1208-PF-LA-CMPE-GENRE,Laos,Strict,XGBoost,2,0,0.2909752130508423,0
6863,RCN26664,1208-PF-LA-CMPE-GENRE,Laos,Strict,XGBoost,2,1,0.3823181092739105,0
6864,RCN26666,1208-PF-LA-CMPE-GENRE,Laos,Strict,XGBoost,2,1,0.4308525621891022,0
6865,RCN26670,1208-PF-LA-CMPE-GENRE,Laos,Strict,XGBoost,2,1,0.9627623558044434,1
6866,RCN26672,1208-PF-LA-CMPE-GENRE,Laos,Strict,XGBoost,2,1,0.3849331736564636,0
6867,RCN26673,1208-PF-LA-CMPE-GENRE,Laos,Strict,XGBoost,2,1,0.4521865248680115,0
6868,RCN26675,1208-PF-LA-CMPE-GENRE,Laos,Strict,XGBoost,2,1,0.6446390748023987,1
6869,RCN26677,1208-PF-LA-CMPE-GENRE,Laos,Strict,XGBoost,2,1,0.3868858814239502,0
6870,RCN26678,1208-PF-LA-CMPE-GENRE,Laos,Strict,XGBoost,2,1,0.9965645670890808,1
6871,RCN26679,1208-PF-LA-CMPE-GENRE,Laos,Strict,XGBoost,2,1,0.4072704315185547,0
6872,RCN26680,1208-PF-LA-CMPE-GENRE,Laos,Strict,XGBoost,2,1,0.4072704315185547,0
6873,RCN26681,1208-PF-LA-CMPE-GENRE,Laos,Strict,XGBoost,2,1,0.9955965876579285,1
6874,RCN26683,1208-PF-LA-CMPE-GENRE,Laos,Strict,XGBoost,2,1,0.3849331736564636,0
6875,RCN26687,1208-PF-LA-CMPE-GENRE,Laos,Strict,XGBoost,2,1,0.6404414772987366,1
6876,RCN26688,1208-PF-LA-CMPE-GENRE,Laos,Strict,XGBoost,2,1,0.4072704315185547,0
6877,RCN26690,1208-PF-LA-CMPE-GENRE,Laos,Strict,XGBoost,2,1,0.6560081243515015,1
6878,RCN26703,1208-PF-LA-CMPE-GENRE,Laos,Strict,XGBoost,2,1,0.3823181092739105,0
6879,RCN26709,1208-PF-LA-CMPE-GENRE,Laos,Strict,XGBoost,2,0,0.012599569745361805,0
6880,RCN26728,1208-PF-LA-CMPE-GENRE,Laos,Strict,XGBoost,2,1,0.36294275522232056,0
6881,RCN26735,1208-PF-LA-CMPE-GENRE,Laos,Strict,XGBoost,2,0,0.6586927771568298,1
6882,RCN26736,1208-PF-LA-CMPE-GENRE,Laos,Strict,XGBoost,2,0,0.014623102732002735,0
6883,RCN26737,1208-PF-LA-CMPE-GENRE,Laos,Strict,XGBoost,2,0,0.017244167625904083,0
6884,RCN26765,1208-PF-LA-CMPE-GENRE,Laos,Strict,XGBoost,2,0,0.025632010772824287,0
6885,RCN26766,1208-PF-LA-CMPE-GENRE,Laos,Strict,XGBoost,2,0,0.05153395235538483,0
6886,RCN26767,1208-PF-LA-CMPE-GENRE,Laos,Strict,XGBoost,2,1,0.3849331736564636,0
6887,RCN26775,1208-PF-LA-CMPE-GENRE,Laos,Strict,XGBoost,2,0,0.015213683247566223,0
6888,RCN26781,1208-PF-LA-CMPE-GENRE,Laos,Strict,XGBoost,2,1,0.9945406317710876,1
6889,RCN26782,1208-PF-LA-CMPE-GENRE,Laos,Strict,XGBoost,2,1,0.3849331736564636,0
6890,RCN26791,1208-PF-LA-CMPE-GENRE,Laos,Strict,XGBoost,2,1,0.6718053221702576,1
6891,RCN26804,1208-PF-LA-CMPE-GENRE,Laos,Strict,XGBoost,2,1,0.9951803684234619,1
6892,RCN26820,1208-PF-LA-CMPE-GENRE,Laos,Strict,XGBoost,2,1,0.3868858814239502,0
6893,RCN26837,1208-PF-LA-CMPE-GENRE,Laos,Strict,XGBoost,2,1,0.47473132610321045,0
6894,RCN26845,1208-PF-LA-CMPE-GENRE,Laos,Strict,XGBoost,2,1,0.7037379145622253,1
6895,RCN26846,1208-PF-LA-CMPE-GENRE,Laos,Strict,XGBoost,2,1,0.4204098582267761,0
6896,RCN26852,1208-PF-LA-CMPE-GENRE,Laos,Strict,XGBoost,2,1,0.37397927045822144,0
6897,RCN26853,1208-PF-LA-CMPE-GENRE,Laos,Strict,XGBoost,2,1,0.7102546691894531,1
6898,RCN26861,1208-PF-LA-CMPE-GENRE,Laos,Strict,XGBoost,2,1,0.9965900182723999,1
6899,RCN26871,1208-PF-LA-CMPE-GENRE,Laos,Strict,XGBoost,2,1,0.5982589721679688,1
6900,RCN26876,1208-PF-LA-CMPE-GENRE,Laos,Strict,XGBoost,2,1,0.6448734402656555,1
6901,RCN26886,1208-PF-LA-CMPE-GENRE,Laos,Strict,XGBoost,2,1,0.38664308190345764,0
6902,RCN26900,1208-PF-LA-CMPE-GENRE,Laos,Strict,XGBoost,2,1,0.38742369413375854,0
6903,RCN26904,1208-PF-LA-CMPE-GENRE,Laos,Strict,XGBoost,2,1,0.5006765723228455,1
6904,RCN26930,1208-PF-LA-CMPE-GENRE,Laos,Strict,XGBoost,2,1,0.6404414772987366,1
6905,RCN26932,1208-PF-LA-CMPE-GENRE,Laos,Strict,XGBoost,2,1,0.3866434693336487,0
6906,RCN26937,1208-PF-LA-CMPE-GENRE,Laos,Strict,XGBoost,2,1,0.4072704315185547,0
6907,RCN26938,1208-PF-LA-CMPE-GENRE,Laos,Strict,XGBoost,2,1,0.3823181092739105,0
6908,RCN26945,1208-PF-LA-CMPE-GENRE,Laos,Strict,XGBoost,2,1,0.5962651968002319,1
6909,RCN26946,1208-PF-LA-CMPE-GENRE,Laos,Strict,XGBoost,2,1,0.9955965876579285,1
6910,RCN26950,1208-PF-LA-CMPE-GENRE,Laos,Strict,XGBoost,2,1,0.4116895794868469,0
6911,RCN26952,1208-PF-LA-CMPE-GENRE,Laos,Strict,XGBoost,2,1,0.38664308190345764,0
6912,RCN26953,1208-PF-LA-CMPE-GENRE,Laos,Strict,XGBoost,2,1,0.38664308190345764,0
6913,RCN26958,1208-PF-LA-CMPE-GENRE,Laos,Strict,XGBoost,2,1,0.6320672035217285,1
6914,RCN26960,1208-PF-LA-CMPE-GENRE,Laos,Strict,XGBoost,2,1,0.9971349239349365,1
19,PD0025-C,1010-PF-TH-ANDERSON,Thailand,Strict,XGBoost,3,0,0.040488068014383316,0
20,PD0026-C,1010-PF-TH-ANDERSON,Thailand,Strict,XGBoost,3,0,0.022120600566267967,0
21,PD0028-C,1010-PF-TH-ANDERSON,Thailand,Strict,XGBoost,3,0,0.01304768305271864,0
22,PD0029-C,1010-PF-TH-ANDERSON,Thailand,Strict,XGBoost,3,0,0.017458420246839523,0
23,PD0030-C,1010-PF-TH-ANDERSON,Thailand,Strict,XGBoost,3,0,0.006304394453763962,0
24,PD0032-C,1010-PF-TH-ANDERSON,Thailand,Strict,XGBoost,3,0,0.013791692443192005,0
25,PD0034-C,1010-PF-TH-ANDERSON,Thailand,Strict,XGBoost,3,0,0.19247546792030334,0
26,PD0037-C,1010-PF-TH-ANDERSON,Thailand,Strict,XGBoost,3,0,0.016473550349473953,0
27,PD0038-C,1010-PF-TH-ANDERSON,Thailand,Strict,XGBoost,3,0,0.021130280569195747,0
28,PD0040-C,1010-PF-TH-ANDERSON,Thailand,Strict,XGBoost,3,0,0.027919378131628036,0
29,PD0041-C,1010-PF-TH-ANDERSON,Thailand,Strict,XGBoost,3,0,0.03910749778151512,0
30,PD0042-C,1010-PF-TH-ANDERSON,Thailand,Strict,XGBoost,3,0,0.00843009166419506,0
31,PD0043-C,1010-PF-TH-ANDERSON,Thailand,Strict,XGBoost,3,0,0.027623385190963745,0
32,PD0045-C,1010-PF-TH-ANDERSON,Thailand,Strict,XGBoost,3,0,0.010714910924434662,0
33,PD0046-C,1010-PF-TH-ANDERSON,Thailand,Strict,XGBoost,3,0,0.00482249166816473,0
34,PD0048-C,1010-PF-TH-ANDERSON,Thailand,Strict,XGBoost,3,0,0.060391616076231,0
35,PD0050-C,1010-PF-TH-ANDERSON,Thailand,Strict,XGBoost,3,0,0.023022431880235672,0
36,PD0052-C,1010-PF-TH-ANDERSON,Thailand,Strict,XGBoost,3,0,0.036407943814992905,0
37,PD0053-C,1010-PF-TH-ANDERSON,Thailand,Strict,XGBoost,3,0,0.022141803056001663,0
38,PD0057-C,1010-PF-TH-ANDERSON,Thailand,Strict,XGBoost,3,0,0.022808369249105453,0
39,PD0058-C,1010-PF-TH-ANDERSON,Thailand,Strict,XGBoost,3,0,0.0724104717373848,0
40,PD0060-C,1010-PF-TH-ANDERSON,Thailand,Strict,XGBoost,3,0,0.024700280278921127,0
41,PD0061-C,1010-PF-TH-ANDERSON,Thailand,Strict,XGBoost,3,0,0.016346590593457222,0
42,PD0062-C,1010-PF-TH-ANDERSON,Thailand,Strict,XGBoost,3,0,0.017170777544379234,0
43,PD0063-C,1010-PF-TH-ANDERSON,Thailand,Strict,XGBoost,3,0,0.015284141525626183,0
44,PD0067-C,1010-PF-TH-ANDERSON,Thailand,Strict,XGBoost,3,0,0.02402581460773945,0
45,PD0070-C,1010-PF-TH-ANDERSON,Thailand,Strict,XGBoost,3,0,0.010569347068667412,0
46,PD0072-C,1010-PF-TH-ANDERSON,Thailand,Strict,XGBoost,3,0,0.013044354505836964,0
47,PD0073-C,1010-PF-TH-ANDERSON,Thailand,Strict,XGBoost,3,0,0.02662672847509384,0
48,PD0074-C,1010-PF-TH-ANDERSON,Thailand,Strict,XGBoost,3,0,0.01666351594030857,0
49,PD0075-C,1010-PF-TH-ANDERSON,Thailand,Strict,XGBoost,3,0,0.023208586499094963,0
50,PD0076-C,1010-PF-TH-ANDERSON,Thailand,Strict,XGBoost,3,0,0.00703366519883275,0
51,PD0077-C,1010-PF-TH-ANDERSON,Thailand,Strict,XGBoost,3,0,0.021392563357949257,0
52,PD0078-C,1010-PF-TH-ANDERSON,Thailand,Strict,XGBoost,3,0,0.010818463750183582,0
53,PD0079-C,1010-PF-TH-ANDERSON,Thailand,Strict,XGBoost,3,1,0.014060010202229023,0
54,PD0080-C,1010-PF-TH-ANDERSON,Thailand,Strict,XGBoost,3,0,0.014675875194370747,0
55,PD0081-C,1010-PF-TH-ANDERSON,Thailand,Strict,XGBoost,3,0,0.0064352815970778465,0
56,PD0082-C,1010-PF-TH-ANDERSON,Thailand,Strict,XGBoost,3,0,0.004609200172126293,0
57,PD0083-C,1010-PF-TH-ANDERSON,Thailand,Strict,XGBoost,3,0,0.025968709960579872,0
58,PD0085-C,1010-PF-TH-ANDERSON,Thailand,Strict,XGBoost,3,0,0.013086085207760334,0
59,PD0086-C,1010-PF-TH-ANDERSON,Thailand,Strict,XGBoost,3,0,0.01931394264101982,0
60,PD0087-C,1010-PF-TH-ANDERSON,Thailand,Strict,XGBoost,3,0,0.021718958392739296,0
61,PD0088-C,1010-PF-TH-ANDERSON,Thailand,Strict,XGBoost,3,0,0.013757659122347832,0
62,PD0089-C,1010-PF-TH-ANDERSON,Thailand,Strict,XGBoost,3,0,0.04195122420787811,0
63,PD0090-C,1010-PF-TH-ANDERSON,Thailand,Strict,XGBoost,3,0,0.01931394264101982,0
64,PD0091-C,1010-PF-TH-ANDERSON,Thailand,Strict,XGBoost,3,0,0.027380509302020073,0
65,PD0092-C,1010-PF-TH-ANDERSON,Thailand,Strict,XGBoost,3,0,0.02401730604469776,0
66,PD0093-C,1010-PF-TH-ANDERSON,Thailand,Strict,XGBoost,3,0,0.006707045249640942,0
67,PD0094-C,1010-PF-TH-ANDERSON,Thailand,Strict,XGBoost,3,0,0.03012508526444435,0
68,PD0095-C,1010-PF-TH-ANDERSON,Thailand,Strict,XGBoost,3,0,0.02592005766928196,0
69,PD0096-C,1010-PF-TH-ANDERSON,Thailand,Strict,XGBoost,3,0,0.01739397644996643,0
70,PD0097-C,1010-PF-TH-ANDERSON,Thailand,Strict,XGBoost,3,0,0.016546495258808136,0
71,PD0098-C,1010-PF-TH-ANDERSON,Thailand,Strict,XGBoost,3,0,0.022411076352000237,0
72,PD0101-C,1010-PF-TH-ANDERSON,Thailand,Strict,XGBoost,3,0,0.021194791421294212,0
73,PD0102-C,1010-PF-TH-ANDERSON,Thailand,Strict,XGBoost,3,0,0.012944808229804039,0
74,PD0103-C,1010-PF-TH-ANDERSON,Thailand,Strict,XGBoost,3,0,0.01741034910082817,0
75,PD0105-C,1010-PF-TH-ANDERSON,Thailand,Strict,XGBoost,3,0,0.005729551427066326,0
76,PD0106-C,1010-PF-TH-ANDERSON,Thailand,Strict,XGBoost,3,0,0.0073369755409657955,0
79,PD0111-C,1010-PF-TH-ANDERSON,Thailand,Strict,XGBoost,3,0,0.04430606961250305,0
80,PD0112-C,1010-PF-TH-ANDERSON,Thailand,Strict,XGBoost,3,0,0.020629899576306343,0
81,PD0113-C,1010-PF-TH-ANDERSON,Thailand,Strict,XGBoost,3,0,0.02259434014558792,0
82,PD0115-Cx,1010-PF-TH-ANDERSON,Thailand,Strict,XGBoost,3,0,0.03012508526444435,0
83,PD0116-Cx,1010-PF-TH-ANDERSON,Thailand,Strict,XGBoost,3,0,0.010569347068667412,0
84,PD0117-C,1010-PF-TH-ANDERSON,Thailand,Strict,XGBoost,3,0,0.02433205209672451,0
85,PD0118-C,1010-PF-TH-ANDERSON,Thailand,Strict,XGBoost,3,0,0.017099762335419655,0
86,PD0119-C,1010-PF-TH-ANDERSON,Thailand,Strict,XGBoost,3,0,0.013222653418779373,0
87,PD0121-C,1010-PF-TH-ANDERSON,Thailand,Strict,XGBoost,3,0,0.026978598907589912,0
88,PD0122-C,1010-PF-TH-ANDERSON,Thailand,Strict,XGBoost,3,0,0.014323492534458637,0
89,PD0123-C,1010-PF-TH-ANDERSON,Thailand,Strict,XGBoost,3,0,0.02433205209672451,0
90,PD0124-C,1010-PF-TH-ANDERSON,Thailand,Strict,XGBoost,3,0,0.0071943229995667934,0
91,PD0125-C,1010-PF-TH-ANDERSON,Thailand,Strict,XGBoost,3,0,0.011659135110676289,0
92,PD0126-C,1010-PF-TH-ANDERSON,Thailand,Strict,XGBoost,3,1,0.021656928583979607,0
93,PD0127-C,1010-PF-TH-ANDERSON,Thailand,Strict,XGBoost,3,0,0.009047574363648891,0
94,PD0128-C,1010-PF-TH-ANDERSON,Thailand,Strict,XGBoost,3,0,0.009314186871051788,0
95,PD0129-C,1010-PF-TH-ANDERSON,Thailand,Strict,XGBoost,3,0,0.016473550349473953,0
96,PD0130-C,1010-PF-TH-ANDERSON,Thailand,Strict,XGBoost,3,0,0.017383335158228874,0
97,PD0131-C,1010-PF-TH-ANDERSON,Thailand,Strict,XGBoost,3,0,0.027623385190963745,0
98,PD0132-C,1010-PF-TH-ANDERSON,Thailand,Strict,XGBoost,3,0,0.016546495258808136,0
99,PD0133-C,1010-PF-TH-ANDERSON,Thailand,Strict,XGBoost,3,0,0.022411076352000237,0
100,PD0134-C,1010-PF-TH-ANDERSON,Thailand,Strict,XGBoost,3,0,0.0202398169785738,0
101,PD0135-C,1010-PF-TH-ANDERSON,Thailand,Strict,XGBoost,3,0,0.008526816964149475,0
102,PD0136-C,1010-PF-TH-ANDERSON,Thailand,Strict,XGBoost,3,0,0.0295415036380291,0
103,PD0137-C,1010-PF-TH-ANDERSON,Thailand,Strict,XGBoost,3,0,0.032108280807733536,0
104,PD0138-C,1010-PF-TH-ANDERSON,Thailand,Strict,XGBoost,3,0,0.01304768305271864,0
105,PD0139-C,1010-PF-TH-ANDERSON,Thailand,Strict,XGBoost,3,0,0.021987861022353172,0
106,PD0140-C,1010-PF-TH-ANDERSON,Thailand,Strict,XGBoost,3,0,0.024845991283655167,0
107,PD0141-C,1010-PF-TH-ANDERSON,Thailand,Strict,XGBoost,3,0,0.008986350148916245,0
108,PD0142-C,1010-PF-TH-ANDERSON,Thailand,Strict,XGBoost,3,0,0.013218971900641918,0
109,PD0143-C,1010-PF-TH-ANDERSON,Thailand,Strict,XGBoost,3,0,0.022411076352000237,0
110,PD0144-C,1010-PF-TH-ANDERSON,Thailand,Strict,XGBoost,3,0,0.031028293073177338,0
845,PD1582-C,1195-PF-TRAC2-DONDORP,Thailand,Strict,XGBoost,3,1,0.9820361733436584,1
846,PD1589-C,1195-PF-TRAC2-DONDORP,Thailand,Strict,XGBoost,3,1,0.9940817952156067,1
883,PH0047-Cx,1044-PF-KH-FAIRHURST,Cambodia,Strict,XGBoost,3,0,0.1718360334634781,0
884,PH0051-Cx,1044-PF-KH-FAIRHURST,Cambodia,Strict,XGBoost,3,1,0.8850842118263245,1
885,PH0052-C,1044-PF-KH-FAIRHURST,Cambodia,Strict,XGBoost,3,1,0.8045047521591187,1
886,PH0054-C,1044-PF-KH-FAIRHURST,Cambodia,Strict,XGBoost,3,0,0.05816623568534851,0
887,PH0055-C,1044-PF-KH-FAIRHURST,Cambodia,Strict,XGBoost,3,1,0.9886264204978943,1
888,PH0057-C,1044-PF-KH-FAIRHURST,Cambodia,Strict,XGBoost,3,1,0.8790988326072693,1
889,PH0058-C,1044-PF-KH-FAIRHURST,Cambodia,Strict,XGBoost,3,0,0.38473621010780334,0
890,PH0059-C,1044-PF-KH-FAIRHURST,Cambodia,Strict,XGBoost,3,0,0.8778846859931946,1
891,PH0060-C,1044-PF-KH-FAIRHURST,Cambodia,Strict,XGBoost,3,1,0.32726994156837463,0
892,PH0064-C,1044-PF-KH-FAIRHURST,Cambodia,Strict,XGBoost,3,1,0.8819773197174072,1
933,PH0157-C,1044-PF-KH-FAIRHURST,Cambodia,Strict,XGBoost,3,1,0.9890072345733643,1
934,PH0161-C,1044-PF-KH-FAIRHURST,Cambodia,Strict,XGBoost,3,1,0.9880734086036682,1
935,PH0163-C,1044-PF-KH-FAIRHURST,Cambodia,Strict,XGBoost,3,0,0.6451186537742615,1
936,PH0164-C,1044-PF-KH-FAIRHURST,Cambodia,Strict,XGBoost,3,0,0.3741036653518677,0
937,PH0165-C,1044-PF-KH-FAIRHURST,Cambodia,Strict,XGBoost,3,1,0.9847242832183838,1
938,PH0167-C,1044-PF-KH-FAIRHURST,Cambodia,Strict,XGBoost,3,0,0.6451186537742615,1
939,PH0169-C,1044-PF-KH-FAIRHURST,Cambodia,Strict,XGBoost,3,1,0.9876583218574524,1
940,PH0171-C,1044-PF-KH-FAIRHURST,Cambodia,Strict,XGBoost,3,1,0.857198178768158,1
941,PH0172-C,1044-PF-KH-FAIRHURST,Cambodia,Strict,XGBoost,3,1,0.3238998055458069,0
942,PH0173-C,1044-PF-KH-FAIRHURST,Cambodia,Strict,XGBoost,3,1,0.9651013612747192,1
943,PH0191-C,1044-PF-KH-FAIRHURST,Cambodia,Strict,XGBoost,3,1,0.8236948251724243,1
944,PH0192-C,1044-PF-KH-FAIRHURST,Cambodia,Strict,XGBoost,3,1,0.6769446134567261,1
945,PH0194-C,1044-PF-KH-FAIRHURST,Cambodia,Strict,XGBoost,3,0,0.3207949101924896,0
946,PH0197-C,1044-PF-KH-FAIRHURST,Cambodia,Strict,XGBoost,3,1,0.9804553389549255,1
947,PH0198-C,1044-PF-KH-FAIRHURST,Cambodia,Strict,XGBoost,3,1,0.8843740224838257,1
948,PH0201-C,1044-PF-KH-FAIRHURST,Cambodia,Strict,XGBoost,3,0,0.04878007993102074,0
949,PH0203-C,1044-PF-KH-FAIRHURST,Cambodia,Strict,XGBoost,3,0,0.02076420933008194,0
950,PH0204-C,1044-PF-KH-FAIRHURST,Cambodia,Strict,XGBoost,3,0,0.016922995448112488,0
951,PH0205-C,1044-PF-KH-FAIRHURST,Cambodia,Strict,XGBoost,3,0,0.009206238202750683,0
952,PH0206-C,1044-PF-KH-FAIRHURST,Cambodia,Strict,XGBoost,3,1,0.3814108669757843,0
953,PH0207-C,1044-PF-KH-FAIRHURST,Cambodia,Strict,XGBoost,3,1,0.8227148652076721,1
954,PH0208-C,1044-PF-KH-FAIRHURST,Cambodia,Strict,XGBoost,3,1,0.988889217376709,1
955,PH0209-C,1044-PF-KH-FAIRHURST,Cambodia,Strict,XGBoost,3,0,0.7585158348083496,1
956,PH0210-C,1044-PF-KH-FAIRHURST,Cambodia,Strict,XGBoost,3,1,0.9857337474822998,1
957,PH0212-C,1044-PF-KH-FAIRHURST,Cambodia,Strict,XGBoost,3,1,0.9847242832183838,1
958,PH0213-C,1044-PF-KH-FAIRHURST,Cambodia,Strict,XGBoost,3,1,0.985765814781189,1
971,PH0237-C,1044-PF-KH-FAIRHURST,Cambodia,Strict,XGBoost,3,1,0.9834836721420288,1
972,PH0238-C,1044-PF-KH-FAIRHURST,Cambodia,Strict,XGBoost,3,1,0.9845262765884399,1
973,PH0239-C,1044-PF-KH-FAIRHURST,Cambodia,Strict,XGBoost,3,1,0.730077862739563,1
974,PH0240-C,1044-PF-KH-FAIRHURST,Cambodia,Strict,XGBoost,3,1,0.2789389193058014,0
975,PH0241-C,1044-PF-KH-FAIRHURST,Cambodia,Strict,XGBoost,3,1,0.9855238795280457,1
976,PH0242-C,1044-PF-KH-FAIRHURST,Cambodia,Strict,XGBoost,3,1,0.12556710839271545,0
977,PH0243-C,1044-PF-KH-FAIRHURST,Cambodia,Strict,XGBoost,3,1,0.7034656405448914,1
978,PH0244-C,1044-PF-KH-FAIRHURST,Cambodia,Strict,XGBoost,3,1,0.30990728735923767,0
979,PH0245-C,1044-PF-KH-FAIRHURST,Cambodia,Strict,XGBoost,3,1,0.7034656405448914,1
980,PH0246-C,1044-PF-KH-FAIRHURST,Cambodia,Strict,XGBoost,3,1,0.4309733808040619,0
981,PH0247-C,1044-PF-KH-FAIRHURST,Cambodia,Strict,XGBoost,3,1,0.7034656405448914,1
982,PH0248-C,1044-PF-KH-FAIRHURST,Cambodia,Strict,XGBoost,3,1,0.8192999958992004,1
983,PH0249-C,1044-PF-KH-FAIRHURST,Cambodia,Strict,XGBoost,3,1,0.6465822458267212,1
984,PH0250-C,1044-PF-KH-FAIRHURST,Cambodia,Strict,XGBoost,3,1,0.6465822458267212,1
985,PH0251-C,1044-PF-KH-FAIRHURST,Cambodia,Strict,XGBoost,3,1,0.9845262765884399,1
986,PH0252-C,1044-PF-KH-FAIRHURST,Cambodia,Strict,XGBoost,3,1,0.5199558734893799,1
987,PH0253-C,1044-PF-KH-FAIRHURST,Cambodia,Strict,XGBoost,3,1,0.9808087348937988,1
988,PH0256-C,1044-PF-KH-FAIRHURST,Cambodia,Strict,XGBoost,3,0,0.07740207761526108,0
989,PH0274-C,1044-PF-KH-FAIRHURST,Cambodia,Strict,XGBoost,3,1,0.3448134660720825,0
990,PH0278-CW,1044-PF-KH-FAIRHURST,Cambodia,Strict,XGBoost,3,1,0.7081995010375977,1
991,PH0279-C,1044-PF-KH-FAIRHURST,Cambodia,Strict,XGBoost,3,0,0.10510189086198807,0
992,PH0282-C,1044-PF-KH-FAIRHURST,Cambodia,Strict,XGBoost,3,1,0.7045276761054993,1
993,PH0283-C,1044-PF-KH-FAIRHURST,Cambodia,Strict,XGBoost,3,0,0.7447430491447449,1
994,PH0284-C,1044-PF-KH-FAIRHURST,Cambodia,Strict,XGBoost,3,1,0.9845262765884399,1
995,PH0285-C,1044-PF-KH-FAIRHURST,Cambodia,Strict,XGBoost,3,1,0.9413212537765503,1
996,PH0294-C,1044-PF-KH-FAIRHURST,Cambodia,Strict,XGBoost,3,1,0.4878291189670563,0
997,PH0299-CW,1044-PF-KH-FAIRHURST,Cambodia,Strict,XGBoost,3,1,0.9846377968788147,1
998,PH0300-C,1044-PF-KH-FAIRHURST,Cambodia,Strict,XGBoost,3,1,0.9845262765884399,1
999,PH0303-CW,1044-PF-KH-FAIRHURST,Cambodia,Strict,XGBoost,3,1,0.6933866143226624,1
1000,PH0304-C,1044-PF-KH-FAIRHURST,Cambodia,Strict,XGBoost,3,1,0.8059264421463013,1
1001,PH0305-C,1044-PF-KH-FAIRHURST,Cambodia,Strict,XGBoost,3,0,0.11952509731054306,0
1002,PH0306-C,1044-PF-KH-FAIRHURST,Cambodia,Strict,XGBoost,3,1,0.8757691979408264,1
1003,PH0307-C,1044-PF-KH-FAIRHURST,Cambodia,Strict,XGBoost,3,1,0.9361757040023804,1
1004,PH0308-CW,1044-PF-KH-FAIRHURST,Cambodia,Strict,XGBoost,3,1,0.6506921052932739,1
1005,PH0321-C,1044-PF-KH-FAIRHURST,Cambodia,Strict,XGBoost,3,0,0.6451186537742615,1
1006,PH0322-C,1044-PF-KH-FAIRHURST,Cambodia,Strict,XGBoost,3,1,0.6365543007850647,1
1007,PH0324-C,1044-PF-KH-FAIRHURST,Cambodia,Strict,XGBoost,3,1,0.3017469346523285,0
1008,PH0325-C,1044-PF-KH-FAIRHURST,Cambodia,Strict,XGBoost,3,1,0.3747207522392273,0
1009,PH0326-C,1044-PF-KH-FAIRHURST,Cambodia,Strict,XGBoost,3,1,0.0765523836016655,0
1010,PH0327-C,1044-PF-KH-FAIRHURST,Cambodia,Strict,XGBoost,3,0,0.355819433927536,0
1011,PH0328-C,1044-PF-KH-FAIRHURST,Cambodia,Strict,XGBoost,3,1,0.9793144464492798,1
1012,PH0329-C,1044-PF-KH-FAIRHURST,Cambodia,Strict,XGBoost,3,1,0.9554054737091064,1
1013,PH0330-C,1044-PF-KH-FAIRHURST,Cambodia,Strict,XGBoost,3,1,0.7310159802436829,1
1014,PH0332-C,1044-PF-KH-FAIRHURST,Cambodia,Strict,XGBoost,3,0,0.04954121261835098,0
1015,PH0333-C,1044-PF-KH-FAIRHURST,Cambodia,Strict,XGBoost,3,0,0.03337317705154419,0
1016,PH0334-C,1044-PF-KH-FAIRHURST,Cambodia,Strict,XGBoost,3,0,0.04547563195228577,0
1017,PH0335-C,1044-PF-KH-FAIRHURST,Cambodia,Strict,XGBoost,3,1,0.9802008867263794,1
1018,PH0336-C,1044-PF-KH-FAIRHURST,Cambodia,Strict,XGBoost,3,1,0.8296657800674438,1
1019,PH0337-C,1044-PF-KH-FAIRHURST,Cambodia,Strict,XGBoost,3,1,0.5049453377723694,1
1020,PH0338-C,1044-PF-KH-FAIRHURST,Cambodia,Strict,XGBoost,3,1,0.5920652151107788,1
1021,PH0339-C,1044-PF-KH-FAIRHURST,Cambodia,Strict,XGBoost,3,0,0.13335266709327698,0
1022,PH0340-C,1044-PF-KH-FAIRHURST,Cambodia,Strict,XGBoost,3,0,0.027685066685080528,0
1023,PH0341-C,1044-PF-KH-FAIRHURST,Cambodia,Strict,XGBoost,3,0,0.009190145879983902,0
1024,PH0342-C,1044-PF-KH-FAIRHURST,Cambodia,Strict,XGBoost,3,0,0.017888378351926804,0
1025,PH0343-C,1044-PF-KH-FAIRHURST,Cambodia,Strict,XGBoost,3,0,0.017888378351926804,0
1026,PH0344-C,1044-PF-KH-FAIRHURST,Cambodia,Strict,XGBoost,3,0,0.018405674025416374,0
1027,PH0345-C,1044-PF-KH-FAIRHURST,Cambodia,Strict,XGBoost,3,0,0.00853153970092535,0
1028,PH0346-C,1044-PF-KH-FAIRHURST,Cambodia,Strict,XGBoost,3,0,0.06558959186077118,0
1029,PH0347-C,1044-PF-KH-FAIRHURST,Cambodia,Strict,XGBoost,3,0,0.021235376596450806,0
1030,PH0348-C,1044-PF-KH-FAIRHURST,Cambodia,Strict,XGBoost,3,0,0.025141853839159012,0
1031,PH0349-C,1044-PF-KH-FAIRHURST,Cambodia,Strict,XGBoost,3,0,0.018405674025416374,0
1032,PH0350-C,1044-PF-KH-FAIRHURST,Cambodia,Strict,XGBoost,3,0,0.38330337405204773,0
1033,PH0351-C,1044-PF-KH-FAIRHURST,Cambodia,Strict,XGBoost,3,0,0.011425730772316456,0
1034,PH0352-C,1044-PF-KH-FAIRHURST,Cambodia,Strict,XGBoost,3,0,0.016020800918340683,0
1035,PH0353-C,1044-PF-KH-FAIRHURST,Cambodia,Strict,XGBoost,3,0,0.021232938393950462,0
1036,PH0354-C,1044-PF-KH-FAIRHURST,Cambodia,Strict,XGBoost,3,0,0.021193940192461014,0
1037,PH0355-C,1044-PF-KH-FAIRHURST,Cambodia,Strict,XGBoost,3,0,0.02037877030670643,0
1038,PH0356-C,1044-PF-KH-FAIRHURST,Cambodia,Strict,XGBoost,3,0,0.03859696537256241,0
1039,PH0357-C,1044-PF-KH-FAIRHURST,Cambodia,Strict,XGBoost,3,0,0.02728196233510971,0
1040,PH0358-C,1044-PF-KH-FAIRHURST,Cambodia,Strict,XGBoost,3,0,0.01663587987422943,0
1041,PH0359-C,1044-PF-KH-FAIRHURST,Cambodia,Strict,XGBoost,3,0,0.022508176043629646,0
1042,PH0360-C,1044-PF-KH-FAIRHURST,Cambodia,Strict,XGBoost,3,0,0.01583956927061081,0
1043,PH0361-C,1044-PF-KH-FAIRHURST,Cambodia,Strict,XGBoost,3,0,0.03380587697029114,0
1044,PH0362-C,1044-PF-KH-FAIRHURST,Cambodia,Strict,XGBoost,3,0,0.03763662278652191,0
1045,PH0363-C,1044-PF-KH-FAIRHURST,Cambodia,Strict,XGBoost,3,0,0.05216963589191437,0
1046,PH0364-C,1044-PF-KH-FAIRHURST,Cambodia,Strict,XGBoost,3,0,0.02970600500702858,0
1047,PH0365-C,1044-PF-KH-FAIRHURST,Cambodia,Strict,XGBoost,3,0,0.009016172029078007,0
1048,PH0366-C,1044-PF-KH-FAIRHURST,Cambodia,Strict,XGBoost,3,0,0.007072204723954201,0
1049,PH0367-C,1044-PF-KH-FAIRHURST,Cambodia,Strict,XGBoost,3,0,0.06118066981434822,0
1050,PH0368-C,1044-PF-KH-FAIRHURST,Cambodia,Strict,XGBoost,3,0,0.0051450361497700214,0
1051,PH0369-C,1044-PF-KH-FAIRHURST,Cambodia,Strict,XGBoost,3,0,0.02061307430267334,0
1052,PH0370-C,1044-PF-KH-FAIRHURST,Cambodia,Strict,XGBoost,3,0,0.020679930225014687,0
1053,PH0371-C,1044-PF-KH-FAIRHURST,Cambodia,Strict,XGBoost,3,0,0.009092827327549458,0
1054,PH0372-C,1044-PF-KH-FAIRHURST,Cambodia,Strict,XGBoost,3,0,0.02728196233510971,0
1055,PH0373-C,1044-PF-KH-FAIRHURST,Cambodia,Strict,XGBoost,3,0,0.019011015072464943,0
1056,PH0374-C,1044-PF-KH-FAIRHURST,Cambodia,Strict,XGBoost,3,0,0.017888378351926804,0
1057,PH0375-C,1044-PF-KH-FAIRHURST,Cambodia,Strict,XGBoost,3,0,0.02350759319961071,0
1058,PH0376-C,1044-PF-KH-FAIRHURST,Cambodia,Strict,XGBoost,3,0,0.03882691264152527,0
1059,PH0377-C,1044-PF-KH-FAIRHURST,Cambodia,Strict,XGBoost,3,0,0.08815193921327591,0
1060,PH0378-C,1044-PF-KH-FAIRHURST,Cambodia,Strict,XGBoost,3,0,0.024542037397623062,0
1061,PH0379-C,1044-PF-KH-FAIRHURST,Cambodia,Strict,XGBoost,3,0,0.01826736517250538,0
1062,PH0380-C,1044-PF-KH-FAIRHURST,Cambodia,Strict,XGBoost,3,0,0.016980381682515144,0
1063,PH0381-C,1044-PF-KH-FAIRHURST,Cambodia,Strict,XGBoost,3,0,0.0681825652718544,0
1064,PH0382-C,1044-PF-KH-FAIRHURST,Cambodia,Strict,XGBoost,3,0,0.01583956927061081,0
1065,PH0383-C,1044-PF-KH-FAIRHURST,Cambodia,Strict,XGBoost,3,0,0.03580426052212715,0
1104,PH0453-C,1044-PF-KH-FAIRHURST,Cambodia,Strict,XGBoost,3,0,0.08891467750072479,0
1105,PH0454-C,1044-PF-KH-FAIRHURST,Cambodia,Strict,XGBoost,3,1,0.9249751567840576,1
1106,PH0455-C,1044-PF-KH-FAIRHURST,Cambodia,Strict,XGBoost,3,1,0.19483843445777893,0
1107,PH0456-C,1044-PF-KH-FAIRHURST,Cambodia,Strict,XGBoost,3,1,0.40179774165153503,0
1108,PH0457-CW,1044-PF-KH-FAIRHURST,Cambodia,Strict,XGBoost,3,1,0.6047060489654541,1
1109,PH0458-CW,1044-PF-KH-FAIRHURST,Cambodia,Strict,XGBoost,3,1,0.9847242832183838,1
1110,PH0459-CW,1044-PF-KH-FAIRHURST,Cambodia,Strict,XGBoost,3,1,0.24190188944339752,0
1111,PH0460-C,1044-PF-KH-FAIRHURST,Cambodia,Strict,XGBoost,3,1,0.9850019812583923,1
1112,PH0461-C,1044-PF-KH-FAIRHURST,Cambodia,Strict,XGBoost,3,0,0.11892597377300262,0
1113,PH0462-C,1044-PF-KH-FAIRHURST,Cambodia,Strict,XGBoost,3,0,0.07922929525375366,0
1114,PH0463-C,1044-PF-KH-FAIRHURST,Cambodia,Strict,XGBoost,3,1,0.9845262765884399,1
1115,PH0464-CW,1044-PF-KH-FAIRHURST,Cambodia,Strict,XGBoost,3,0,0.4391787648200989,0
1116,PH0466-C,1044-PF-KH-FAIRHURST,Cambodia,Strict,XGBoost,3,0,0.01957491971552372,0
1117,PH0467-CW,1044-PF-KH-FAIRHURST,Cambodia,Strict,XGBoost,3,1,0.5854889750480652,1
1118,PH0468-C,1044-PF-KH-FAIRHURST,Cambodia,Strict,XGBoost,3,0,0.14491575956344604,0
1119,PH0469-CW,1044-PF-KH-FAIRHURST,Cambodia,Strict,XGBoost,3,1,0.31113529205322266,0
1120,PH0471-C,1044-PF-KH-FAIRHURST,Cambodia,Strict,XGBoost,3,1,0.5783928036689758,1
1121,PH0472-C,1044-PF-KH-FAIRHURST,Cambodia,Strict,XGBoost,3,1,0.9660504460334778,1
1122,PH0473-C,1044-PF-KH-FAIRHURST,Cambodia,Strict,XGBoost,3,0,0.0827721357345581,0
1123,PH0474-CW,1044-PF-KH-FAIRHURST,Cambodia,Strict,XGBoost,3,1,0.6963691711425781,1
1124,PH0475-C,1044-PF-KH-FAIRHURST,Cambodia,Strict,XGBoost,3,1,0.318827748298645,0
1125,PH0476-C,1044-PF-KH-FAIRHURST,Cambodia,Strict,XGBoost,3,1,0.6403777599334717,1
1126,PH0478-C,1044-PF-KH-FAIRHURST,Cambodia,Strict,XGBoost,3,0,0.26059529185295105,0
1127,PH0479-CW,1044-PF-KH-FAIRHURST,Cambodia,Strict,XGBoost,3,1,0.9800455570220947,1
1128,PH0480-C,1044-PF-KH-FAIRHURST,Cambodia,Strict,XGBoost,3,1,0.6031419634819031,1
1129,PH0481-C,1044-PF-KH-FAIRHURST,Cambodia,Strict,XGBoost,3,1,0.9804553389549255,1
1130,PH0482-C,1044-PF-KH-FAIRHURST,Cambodia,Strict,XGBoost,3,1,0.9802008867263794,1
1131,PH0483-CW,1044-PF-KH-FAIRHURST,Cambodia,Strict,XGBoost,3,0,0.24608048796653748,0
1132,PH0484-C,1044-PF-KH-FAIRHURST,Cambodia,Strict,XGBoost,3,1,0.7285844087600708,1
1133,PH0485-C,1044-PF-KH-FAIRHURST,Cambodia,Strict,XGBoost,3,1,0.6948780417442322,1
1134,PH0486-C,1044-PF-KH-FAIRHURST,Cambodia,Strict,XGBoost,3,1,0.9845004081726074,1
1135,PH0487-C,1044-PF-KH-FAIRHURST,Cambodia,Strict,XGBoost,3,1,0.6695665717124939,1
1136,PH0488-C,1044-PF-KH-FAIRHURST,Cambodia,Strict,XGBoost,3,0,0.606874406337738,1
1137,PH0489-C,1044-PF-KH-FAIRHURST,Cambodia,Strict,XGBoost,3,0,0.3178088068962097,0
1138,PH0490-C,1044-PF-KH-FAIRHURST,Cambodia,Strict,XGBoost,3,1,0.46478620171546936,0
1139,PH0493-C,1044-PF-KH-FAIRHURST,Cambodia,Strict,XGBoost,3,1,0.3757047653198242,0
1140,PH0494-CW,1044-PF-KH-FAIRHURST,Cambodia,Strict,XGBoost,3,0,0.8984192609786987,1
1141,PH0495-CW,1044-PF-KH-FAIRHURST,Cambodia,Strict,XGBoost,3,1,0.9852466583251953,1
1142,PH0496-CW,1044-PF-KH-FAIRHURST,Cambodia,Strict,XGBoost,3,1,0.4164670407772064,0
1143,PH0497-C,1044-PF-KH-FAIRHURST,Cambodia,Strict,XGBoost,3,1,0.6422034502029419,1
1144,PH0498-C,1044-PF-KH-FAIRHURST,Cambodia,Strict,XGBoost,3,1,0.3773699402809143,0
1145,PH0499-CW,1044-PF-KH-FAIRHURST,Cambodia,Strict,XGBoost,3,0,0.28099915385246277,0
1146,PH0500-CW,1044-PF-KH-FAIRHURST,Cambodia,Strict,XGBoost,3,1,0.7887027859687805,1
1147,PH0501-CW,1044-PF-KH-FAIRHURST,Cambodia,Strict,XGBoost,3,1,0.9859948754310608,1
1489,PH0945-C,1044-PF-KH-FAIRHURST,Cambodia,Strict,XGBoost,3,0,0.07811913639307022,0
1490,PH0952-CW,1044-PF-KH-FAIRHURST,Cambodia,Strict,XGBoost,3,1,0.9897596836090088,1
1491,PH0959-Cx,1044-PF-KH-FAIRHURST,Cambodia,Strict,XGBoost,3,1,0.7623693346977234,1
1492,PH0961-Cx,1044-PF-KH-FAIRHURST,Cambodia,Strict,XGBoost,3,1,0.8052875399589539,1
1493,PH0962-C,1044-PF-KH-FAIRHURST,Cambodia,Strict,XGBoost,3,1,0.9751771092414856,1
1494,PH0964-Cx,1044-PF-KH-FAIRHURST,Cambodia,Strict,XGBoost,3,1,0.691704511642456,1
1495,PH0966-Cx,1044-PF-KH-FAIRHURST,Cambodia,Strict,XGBoost,3,1,0.947449803352356,1
1496,PH0968-C,1044-PF-KH-FAIRHURST,Cambodia,Strict,XGBoost,3,0,0.07994912564754486,0
1497,PH0970-C,1044-PF-KH-FAIRHURST,Cambodia,Strict,XGBoost,3,0,0.07723572850227356,0
1498,PH0971-C,1044-PF-KH-FAIRHURST,Cambodia,Strict,XGBoost,3,0,0.012967292219400406,0
1499,PH0973-C,1044-PF-KH-FAIRHURST,Cambodia,Strict,XGBoost,3,1,0.00829593650996685,0
1500,PH0974-Cx,1044-PF-KH-FAIRHURST,Cambodia,Strict,XGBoost,3,1,0.00829593650996685,0
1521,PH1015-C,1044-PF-KH-FAIRHURST,Cambodia,Strict,XGBoost,3,1,0.9899839162826538,1
1522,PH1023-C,1044-PF-KH-FAIRHURST,Cambodia,Strict,XGBoost,3,0,0.4815013110637665,0
1523,PH1025-C,1044-PF-KH-FAIRHURST,Cambodia,Strict,XGBoost,3,1,0.9801154136657715,1
1524,PH1027-C,1044-PF-KH-FAIRHURST,Cambodia,Strict,XGBoost,3,0,0.33832430839538574,0
1525,PH1032-C,1044-PF-KH-FAIRHURST,Cambodia,Strict,XGBoost,3,0,0.01222634594887495,0
1526,PH1037-C,1044-PF-KH-FAIRHURST,Cambodia,Strict,XGBoost,3,1,0.8143914341926575,1
1527,PH1043-C,1044-PF-KH-FAIRHURST,Cambodia,Strict,XGBoost,3,0,0.10908816009759903,0
1528,PH1045-C,1044-PF-KH-FAIRHURST,Cambodia,Strict,XGBoost,3,0,0.4751341938972473,0
1529,PH1051-C,1044-PF-KH-FAIRHURST,Cambodia,Strict,XGBoost,3,1,0.7730977535247803,1
1530,PH1058-C,1044-PF-KH-FAIRHURST,Cambodia,Strict,XGBoost,3,0,0.06310442090034485,0
1531,PH1065-C,1044-PF-KH-FAIRHURST,Cambodia,Strict,XGBoost,3,0,0.04768209159374237,0
1532,PH1068-C,1044-PF-KH-FAIRHURST,Cambodia,Strict,XGBoost,3,0,0.017655229195952415,0
1533,PH1069-C,1044-PF-KH-FAIRHURST,Cambodia,Strict,XGBoost,3,0,0.004230526741594076,0
1534,PH1071-C,1044-PF-KH-FAIRHURST,Cambodia,Strict,XGBoost,3,0,0.1080111488699913,0
1535,PH1073-C,1044-PF-KH-FAIRHURST,Cambodia,Strict,XGBoost,3,0,0.031076882034540176,0
1536,PH1085-C,1044-PF-KH-FAIRHURST,Cambodia,Strict,XGBoost,3,0,0.37352484464645386,0
1537,PH1086-C,1044-PF-KH-FAIRHURST,Cambodia,Strict,XGBoost,3,1,0.8667919635772705,1
1538,PH1088-C,1044-PF-KH-FAIRHURST,Cambodia,Strict,XGBoost,3,1,0.338296115398407,0
1539,PH1092-C,1044-PF-KH-FAIRHURST,Cambodia,Strict,XGBoost,3,0,0.19322927296161652,0
1540,PH1097-C,1044-PF-KH-FAIRHURST,Cambodia,Strict,XGBoost,3,0,0.4609430730342865,0
1541,PH1105-C,1044-PF-KH-FAIRHURST,Cambodia,Strict,XGBoost,3,0,0.004255966749042273,0
1542,PH1106-C,1044-PF-KH-FAIRHURST,Cambodia,Strict,XGBoost,3,0,0.013984782621264458,0
1546,PH1145-C,1044-PF-KH-FAIRHURST,Cambodia,Strict,XGBoost,3,0,0.05718537047505379,0
1547,PH1147-C,1044-PF-KH-FAIRHURST,Cambodia,Strict,XGBoost,3,0,0.011179348453879356,0
1548,PH1148-C,1044-PF-KH-FAIRHURST,Cambodia,Strict,XGBoost,3,1,0.9949937462806702,1
1549,PH1150-C,1044-PF-KH-FAIRHURST,Cambodia,Strict,XGBoost,3,0,0.06767981499433517,0
1550,PH1152-C,1044-PF-KH-FAIRHURST,Cambodia,Strict,XGBoost,3,1,0.9961122870445251,1
1551,PH1153-C,1044-PF-KH-FAIRHURST,Cambodia,Strict,XGBoost,3,0,0.013704674318432808,0
1552,PH1155-C,1044-PF-KH-FAIRHURST,Cambodia,Strict,XGBoost,3,1,0.9920817613601685,1
1553,PH1158-C,1044-PF-KH-FAIRHURST,Cambodia,Strict,XGBoost,3,1,0.9675818681716919,1
1554,PH1159-C,1044-PF-KH-FAIRHURST,Cambodia,Strict,XGBoost,3,0,0.024686602875590324,0
1555,PH1162-C,1044-PF-KH-FAIRHURST,Cambodia,Strict,XGBoost,3,1,0.9939525723457336,1
1556,PH1163-C,1044-PF-KH-FAIRHURST,Cambodia,Strict,XGBoost,3,0,0.021351687610149384,0
1557,PH1164-C,1044-PF-KH-FAIRHURST,Cambodia,Strict,XGBoost,3,0,0.013704674318432808,0
1558,PH1165-C,1044-PF-KH-FAIRHURST,Cambodia,Strict,XGBoost,3,0,0.4592849314212799,0
1559,PH1168-C,1044-PF-KH-FAIRHURST,Cambodia,Strict,XGBoost,3,0,0.15597271919250488,0
1560,PH1169-C,1044-PF-KH-FAIRHURST,Cambodia,Strict,XGBoost,3,0,0.3686721920967102,0
1561,PH1170-C,1044-PF-KH-FAIRHURST,Cambodia,Strict,XGBoost,3,0,0.44833654165267944,0
1562,PH1172-C,1044-PF-KH-FAIRHURST,Cambodia,Strict,XGBoost,3,0,0.30506765842437744,0
1563,PH1173-C,1044-PF-KH-FAIRHURST,Cambodia,Strict,XGBoost,3,1,0.9960702657699585,1
1564,PH1175-C,1044-PF-KH-FAIRHURST,Cambodia,Strict,XGBoost,3,1,0.9960702657699585,1
1565,PH1183-C,1044-PF-KH-FAIRHURST,Cambodia,Strict,XGBoost,3,1,0.9815388321876526,1
1566,PH1186-C,1044-PF-KH-FAIRHURST,Cambodia,Strict,XGBoost,3,1,0.9948276877403259,1
1567,PH1187-C,1044-PF-KH-FAIRHURST,Cambodia,Strict,XGBoost,3,1,0.9934223294258118,1
1568,PH1188-C,1044-PF-KH-FAIRHURST,Cambodia,Strict,XGBoost,3,0,0.8956637978553772,1
1569,PH1189-C,1044-PF-KH-FAIRHURST,Cambodia,Strict,XGBoost,3,0,0.9854793548583984,1
1570,PH1190-C,1044-PF-KH-FAIRHURST,Cambodia,Strict,XGBoost,3,1,0.7575041651725769,1
1571,PH1191-C,1044-PF-KH-FAIRHURST,Cambodia,Strict,XGBoost,3,0,0.2243449091911316,0
1572,PH1192-C,1044-PF-KH-FAIRHURST,Cambodia,Strict,XGBoost,3,1,0.9962716102600098,1
1573,PH1195-C,1044-PF-KH-FAIRHURST,Cambodia,Strict,XGBoost,3,1,0.8651252388954163,1
1574,PH1197-C,1044-PF-KH-FAIRHURST,Cambodia,Strict,XGBoost,3,0,0.7693250775337219,1
1575,PH1198-C,1044-PF-KH-FAIRHURST,Cambodia,Strict,XGBoost,3,1,0.9812864661216736,1
1576,PH1200-C,1044-PF-KH-FAIRHURST,Cambodia,Strict,XGBoost,3,1,0.9667537212371826,1
1577,PH1201-C,1044-PF-KH-FAIRHURST,Cambodia,Strict,XGBoost,3,1,0.988494336605072,1
1578,PH1202-C,1044-PF-KH-FAIRHURST,Cambodia,Strict,XGBoost,3,1,0.9951783418655396,1
1579,PH1203-C,1044-PF-KH-FAIRHURST,Cambodia,Strict,XGBoost,3,1,0.9835333228111267,1
1580,PH1205-C,1044-PF-KH-FAIRHURST,Cambodia,Strict,XGBoost,3,0,0.5605100393295288,1
1581,PH1206-C,1044-PF-KH-FAIRHURST,Cambodia,Strict,XGBoost,3,1,0.9934219717979431,1
1582,PH1208-C,1044-PF-KH-FAIRHURST,Cambodia,Strict,XGBoost,3,1,0.9752721190452576,1
1583,PH1209-C,1044-PF-KH-FAIRHURST,Cambodia,Strict,XGBoost,3,1,0.9830142259597778,1
1584,PH1211-C,1044-PF-KH-FAIRHURST,Cambodia,Strict,XGBoost,3,1,0.9757580161094666,1
1585,PH1216-C,1044-PF-KH-FAIRHURST,Cambodia,Strict,XGBoost,3,1,0.9835333228111267,1
1586,PH1217-C,1044-PF-KH-FAIRHURST,Cambodia,Strict,XGBoost,3,1,0.9760260581970215,1
1587,PH1218-C,1044-PF-KH-FAIRHURST,Cambodia,Strict,XGBoost,3,0,0.8789926767349243,1
1588,PH1220-C,1044-PF-KH-FAIRHURST,Cambodia,Strict,XGBoost,3,0,0.40299955010414124,0
1589,PH1223-C,1044-PF-KH-FAIRHURST,Cambodia,Strict,XGBoost,3,1,0.9882339239120483,1
1590,PH1224-C,1044-PF-KH-FAIRHURST,Cambodia,Strict,XGBoost,3,1,0.9882339239120483,1
1591,PH1229-C,1044-PF-KH-FAIRHURST,Cambodia,Strict,XGBoost,3,1,0.9977489113807678,1
1592,PH1234-C,1044-PF-KH-FAIRHURST,Cambodia,Strict,XGBoost,3,1,0.9955710768699646,1
1593,PH1236-C,1044-PF-KH-FAIRHURST,Cambodia,Strict,XGBoost,3,1,0.9939525723457336,1
1594,PH1251-C,1044-PF-KH-FAIRHURST,Cambodia,Strict,XGBoost,3,1,0.9950551986694336,1
1595,PH1252-C,1044-PF-KH-FAIRHURST,Cambodia,Strict,XGBoost,3,1,0.9939525723457336,1
1596,PH1253-C,1044-PF-KH-FAIRHURST,Cambodia,Strict,XGBoost,3,1,0.9872079491615295,1
1597,PH1289-C,1044-PF-KH-FAIRHURST,Cambodia,Strict,XGBoost,3,0,0.1802859902381897,0
1598,PH1297-C,1044-PF-KH-FAIRHURST,Cambodia,Strict,XGBoost,3,0,0.013831233605742455,0
1599,PH1299-C,1044-PF-KH-FAIRHURST,Cambodia,Strict,XGBoost,3,0,0.009189537726342678,0
1600,PH1300-C,1044-PF-KH-FAIRHURST,Cambodia,Strict,XGBoost,3,0,0.06414642184972763,0
1601,PH1304-C,1044-PF-KH-FAIRHURST,Cambodia,Strict,XGBoost,3,0,0.004990656394511461,0
1602,PH1305-C,1044-PF-KH-FAIRHURST,Cambodia,Strict,XGBoost,3,0,0.00651351734995842,0
1603,PH1309-C,1044-PF-KH-FAIRHURST,Cambodia,Strict,XGBoost,3,0,0.009059350937604904,0
1604,PH1310-C,1044-PF-KH-FAIRHURST,Cambodia,Strict,XGBoost,3,0,0.012803415767848492,0
1605,PH1313-C,1044-PF-KH-FAIRHURST,Cambodia,Strict,XGBoost,3,1,0.9942734837532043,1
1606,PH1316-C,1044-PF-KH-FAIRHURST,Cambodia,Strict,XGBoost,3,0,0.1864696741104126,0
1607,PH1317-C,1044-PF-KH-FAIRHURST,Cambodia,Strict,XGBoost,3,0,0.023716162890195847,0
1608,PH1318-C,1044-PF-KH-FAIRHURST,Cambodia,Strict,XGBoost,3,0,0.044102199375629425,0
1609,PH1319-C,1044-PF-KH-FAIRHURST,Cambodia,Strict,XGBoost,3,0,0.017725644633173943,0
1610,PH1336-C,1044-PF-KH-FAIRHURST,Cambodia,Strict,XGBoost,3,1,0.9885963797569275,1
1611,PH1337-C,1044-PF-KH-FAIRHURST,Cambodia,Strict,XGBoost,3,1,0.7575041651725769,1
1612,PH1338-C,1044-PF-KH-FAIRHURST,Cambodia,Strict,XGBoost,3,1,0.9621281623840332,1
1613,PH1339-C,1044-PF-KH-FAIRHURST,Cambodia,Strict,XGBoost,3,1,0.9882339239120483,1
1614,PH1341-C,1044-PF-KH-FAIRHURST,Cambodia,Strict,XGBoost,3,1,0.746320366859436,1
1615,PH1343-C,1044-PF-KH-FAIRHURST,Cambodia,Strict,XGBoost,3,1,0.9976454377174377,1
1616,PH1351-C,1044-PF-KH-FAIRHURST,Cambodia,Strict,XGBoost,3,1,0.9970077872276306,1
1617,PH1354-C,1044-PF-KH-FAIRHURST,Cambodia,Strict,XGBoost,3,1,0.9786694049835205,1
1618,PH1355-C,1044-PF-KH-FAIRHURST,Cambodia,Strict,XGBoost,3,1,0.9865325689315796,1
1619,PH1357-C,1044-PF-KH-FAIRHURST,Cambodia,Strict,XGBoost,3,1,0.7689766883850098,1
1620,PH1358-C,1044-PF-KH-FAIRHURST,Cambodia,Strict,XGBoost,3,1,0.7579659223556519,1
1621,PH1360-C,1044-PF-KH-FAIRHURST,Cambodia,Strict,XGBoost,3,1,0.947449803352356,1
1622,PH1368-C,1044-PF-KH-FAIRHURST,Cambodia,Strict,XGBoost,3,1,0.991168737411499,1
1623,PH1373-C,1044-PF-KH-FAIRHURST,Cambodia,Strict,XGBoost,3,1,0.9966631531715393,1
1624,PH1377-C,1044-PF-KH-FAIRHURST,Cambodia,Strict,XGBoost,3,1,0.9782736897468567,1
1625,PH1378-C,1044-PF-KH-FAIRHURST,Cambodia,Strict,XGBoost,3,1,0.9645456075668335,1
1626,PH1379-C,1044-PF-KH-FAIRHURST,Cambodia,Strict,XGBoost,3,1,0.9882339239120483,1
1627,PH1384-C,1044-PF-KH-FAIRHURST,Cambodia,Strict,XGBoost,3,1,0.9865325689315796,1
1628,PH1387-C,1044-PF-KH-FAIRHURST,Cambodia,Strict,XGBoost,3,1,0.9871597290039062,1
1629,PH1390-C,1044-PF-KH-FAIRHURST,Cambodia,Strict,XGBoost,3,1,0.9835333228111267,1
1630,PH1391-C,1044-PF-KH-FAIRHURST,Cambodia,Strict,XGBoost,3,1,0.9101133942604065,1
1631,PH1393-C,1044-PF-KH-FAIRHURST,Cambodia,Strict,XGBoost,3,0,0.9825797080993652,1
1632,PH1394-C,1044-PF-KH-FAIRHURST,Cambodia,Strict,XGBoost,3,1,0.8532152771949768,1
1633,PH1395-C,1044-PF-KH-FAIRHURST,Cambodia,Strict,XGBoost,3,0,0.549353301525116,1
1634,PH1396-C,1044-PF-KH-FAIRHURST,Cambodia,Strict,XGBoost,3,1,0.9850198030471802,1
1635,PH1397-C,1044-PF-KH-FAIRHURST,Cambodia,Strict,XGBoost,3,1,0.9934223294258118,1
1636,PH1398-C,1044-PF-KH-FAIRHURST,Cambodia,Strict,XGBoost,3,1,0.9652819633483887,1
1637,PH1399-C,1044-PF-KH-FAIRHURST,Cambodia,Strict,XGBoost,3,1,0.9882339239120483,1
1638,PH1402-C,1044-PF-KH-FAIRHURST,Cambodia,Strict,XGBoost,3,1,0.992398202419281,1
1639,PH1407-C,1044-PF-KH-FAIRHURST,Cambodia,Strict,XGBoost,3,1,0.9524263143539429,1
1640,PH1411-C,1044-PF-KH-FAIRHURST,Cambodia,Strict,XGBoost,3,1,0.7575041651725769,1
1641,PH1419-C,1044-PF-KH-FAIRHURST,Cambodia,Strict,XGBoost,3,1,0.9976454377174377,1
1642,PH1422-C,1044-PF-KH-FAIRHURST,Cambodia,Strict,XGBoost,3,1,0.4992523789405823,0
1643,PH1439-C,1044-PF-KH-FAIRHURST,Cambodia,Strict,XGBoost,3,1,0.7437940835952759,1
1644,PH1443-C,1044-PF-KH-FAIRHURST,Cambodia,Strict,XGBoost,3,1,0.8132306337356567,1
1645,PH1449-C,1044-PF-KH-FAIRHURST,Cambodia,Strict,XGBoost,3,1,0.6927000284194946,1
1646,PH1453-C,1044-PF-KH-FAIRHURST,Cambodia,Strict,XGBoost,3,0,0.9850198030471802,1
1647,PH1454-C,1044-PF-KH-FAIRHURST,Cambodia,Strict,XGBoost,3,1,0.9944512248039246,1
1648,PH1477-C,1044-PF-KH-FAIRHURST,Cambodia,Strict,XGBoost,3,1,0.9967904686927795,1
1649,PH1482-C,1044-PF-KH-FAIRHURST,Cambodia,Strict,XGBoost,3,0,0.9954020977020264,1
1650,PH1484-C,1044-PF-KH-FAIRHURST,Cambodia,Strict,XGBoost,3,1,0.9976206421852112,1
1651,PH1486-C,1044-PF-KH-FAIRHURST,Cambodia,Strict,XGBoost,3,1,0.9708095192909241,1
1652,PH1487-C,1044-PF-KH-FAIRHURST,Cambodia,Strict,XGBoost,3,1,0.9939885139465332,1
1653,PH1488-C,1044-PF-KH-FAIRHURST,Cambodia,Strict,XGBoost,3,1,0.988494336605072,1
1654,PH1489-C,1044-PF-KH-FAIRHURST,Cambodia,Strict,XGBoost,3,1,0.8200123906135559,1
1655,PH1490-C,1044-PF-KH-FAIRHURST,Cambodia,Strict,XGBoost,3,0,0.7215980887413025,1
1656,PH1491-C,1044-PF-KH-FAIRHURST,Cambodia,Strict,XGBoost,3,1,0.9978440999984741,1
1657,PH1492-C,1044-PF-KH-FAIRHURST,Cambodia,Strict,XGBoost,3,1,0.5516544580459595,1
1658,PH1493-C,1044-PF-KH-FAIRHURST,Cambodia,Strict,XGBoost,3,1,0.964695394039154,1
1659,PH1494-C,1044-PF-KH-FAIRHURST,Cambodia,Strict,XGBoost,3,0,0.9950037598609924,1
1660,PH1495-C,1044-PF-KH-FAIRHURST,Cambodia,Strict,XGBoost,3,1,0.952199399471283,1
1661,PH1497-C,1044-PF-KH-FAIRHURST,Cambodia,Strict,XGBoost,3,1,0.9980369210243225,1
1662,PH1498-C,1044-PF-KH-FAIRHURST,Cambodia,Strict,XGBoost,3,1,0.7657265663146973,1
1663,PH1499-C,1044-PF-KH-FAIRHURST,Cambodia,Strict,XGBoost,3,1,0.9959713816642761,1
1664,PH1500-C,1044-PF-KH-FAIRHURST,Cambodia,Strict,XGBoost,3,1,0.9881757497787476,1
1665,PH1501-C,1044-PF-KH-FAIRHURST,Cambodia,Strict,XGBoost,3,1,0.996136486530304,1
1666,PH1502-C,1044-PF-KH-FAIRHURST,Cambodia,Strict,XGBoost,3,1,0.988719642162323,1
1667,PH1504-C,1044-PF-KH-FAIRHURST,Cambodia,Strict,XGBoost,3,1,0.9955691695213318,1
1668,PH1506-C,1044-PF-KH-FAIRHURST,Cambodia,Strict,XGBoost,3,1,0.9950037598609924,1
1669,PH1519-C,1044-PF-KH-FAIRHURST,Cambodia,Strict,XGBoost,3,1,0.9977489113807678,1
1670,PH1529-C,1044-PF-KH-FAIRHURST,Cambodia,Strict,XGBoost,3,1,0.9976454377174377,1
1671,PH1562-C,1044-PF-KH-FAIRHURST,Cambodia,Strict,XGBoost,3,1,0.9927847385406494,1
1672,PH1564-C,1044-PF-KH-FAIRHURST,Cambodia,Strict,XGBoost,3,1,0.8859366178512573,1
1673,PH1565-C,1044-PF-KH-FAIRHURST,Cambodia,Strict,XGBoost,3,1,0.9941512942314148,1
1674,PH1566-C,1044-PF-KH-FAIRHURST,Cambodia,Strict,XGBoost,3,0,0.010226955637335777,0
1675,PH1567-C,1044-PF-KH-FAIRHURST,Cambodia,Strict,XGBoost,3,1,0.996812641620636,1
1676,PH1568-C,1044-PF-KH-FAIRHURST,Cambodia,Strict,XGBoost,3,1,0.995459258556366,1
1677,PH1570-C,1044-PF-KH-FAIRHURST,Cambodia,Strict,XGBoost,3,0,0.5614100098609924,1
1678,PH1571-C,1044-PF-KH-FAIRHURST,Cambodia,Strict,XGBoost,3,1,0.9978214502334595,1
1679,PH1575-C,1044-PF-KH-FAIRHURST,Cambodia,Strict,XGBoost,3,0,0.02016036957502365,0
1680,PH1577-C,1044-PF-KH-FAIRHURST,Cambodia,Strict,XGBoost,3,0,0.16540217399597168,0
1681,PH1578-C,1044-PF-KH-FAIRHURST,Cambodia,Strict,XGBoost,3,0,0.09363804757595062,0
1682,PH1580-C,1044-PF-KH-FAIRHURST,Cambodia,Strict,XGBoost,3,0,0.004429340828210115,0
1683,PH1587-C,1044-PF-KH-FAIRHURST,Cambodia,Strict,XGBoost,3,0,0.023295264691114426,0
1684,PH1589-C,1044-PF-KH-FAIRHURST,Cambodia,Strict,XGBoost,3,0,0.009105661883950233,0
1685,PH1594-C,1044-PF-KH-FAIRHURST,Cambodia,Strict,XGBoost,3,0,0.003922795411199331,0
1686,PH1596-C,1044-PF-KH-FAIRHURST,Cambodia,Strict,XGBoost,3,0,0.022133152931928635,0
1687,PH1597-C,1044-PF-KH-FAIRHURST,Cambodia,Strict,XGBoost,3,0,0.009332610294222832,0
1688,PH1602-C,1044-PF-KH-FAIRHURST,Cambodia,Strict,XGBoost,3,0,0.0032733867410570383,0
1689,PH1604-C,1044-PF-KH-FAIRHURST,Cambodia,Strict,XGBoost,3,1,0.9939607381820679,1
1690,PH1611-C,1044-PF-KH-FAIRHURST,Cambodia,Strict,XGBoost,3,0,0.03853604197502136,0
1691,PH1614-C,1044-PF-KH-FAIRHURST,Cambodia,Strict,XGBoost,3,1,0.16636812686920166,0
1692,PH1615-C,1044-PF-KH-FAIRHURST,Cambodia,Strict,XGBoost,3,0,0.08668779581785202,0
1693,PH1616-C,1044-PF-KH-FAIRHURST,Cambodia,Strict,XGBoost,3,0,0.01461112406104803,0
1694,PH1623-C,1044-PF-KH-FAIRHURST,Cambodia,Strict,XGBoost,3,0,0.014779547229409218,0
1695,PH1624-C,1044-PF-KH-FAIRHURST,Cambodia,Strict,XGBoost,3,0,0.010784195736050606,0
1696,PH1626-C,1044-PF-KH-FAIRHURST,Cambodia,Strict,XGBoost,3,0,0.010132936760783195,0
1697,PH1628-C,1044-PF-KH-FAIRHURST,Cambodia,Strict,XGBoost,3,0,0.004390533082187176,0
1698,PH1630-C,1044-PF-KH-FAIRHURST,Cambodia,Strict,XGBoost,3,0,0.007990764454007149,0
1699,PH1634-C,1044-PF-KH-FAIRHURST,Cambodia,Strict,XGBoost,3,0,0.020070353522896767,0
1700,PH1636-C,1044-PF-KH-FAIRHURST,Cambodia,Strict,XGBoost,3,0,0.024686602875590324,0
1701,PH1638-C,1044-PF-KH-FAIRHURST,Cambodia,Strict,XGBoost,3,0,0.011908960528671741,0
1702,PH1639-C,1044-PF-KH-FAIRHURST,Cambodia,Strict,XGBoost,3,0,0.014747614040970802,0
1703,PH1643-C,1044-PF-KH-FAIRHURST,Cambodia,Strict,XGBoost,3,0,0.013351956382393837,0
1704,PH1668-CW2,1044-PF-KH-FAIRHURST,Cambodia,Strict,XGBoost,3,0,0.9869983792304993,1
1705,PH1669-CW2,1044-PF-KH-FAIRHURST,Cambodia,Strict,XGBoost,3,1,0.7575041651725769,1
1706,PH1670-CW2,1044-PF-KH-FAIRHURST,Cambodia,Strict,XGBoost,3,1,0.5881056189537048,1
1707,PH1671-CW2,1044-PF-KH-FAIRHURST,Cambodia,Strict,XGBoost,3,1,0.9937641620635986,1
1708,PH1674-CW2,1044-PF-KH-FAIRHURST,Cambodia,Strict,XGBoost,3,1,0.9862552881240845,1
1709,PH1675-CW2,1044-PF-KH-FAIRHURST,Cambodia,Strict,XGBoost,3,1,0.9596573710441589,1
1710,PH1676-CW2,1044-PF-KH-FAIRHURST,Cambodia,Strict,XGBoost,3,1,0.9858061671257019,1
1711,PH1677-CW2,1044-PF-KH-FAIRHURST,Cambodia,Strict,XGBoost,3,1,0.9868680238723755,1
1712,PH1692-CW,1044-PF-KH-FAIRHURST,Cambodia,Strict,XGBoost,3,1,0.9931861162185669,1
1713,PH1708-C,1195-PF-TRAC2-DONDORP,Cambodia,Strict,XGBoost,3,1,0.9430485963821411,1
1714,PH1709-C,1195-PF-TRAC2-DONDORP,Cambodia,Strict,XGBoost,3,1,0.9852541089057922,1
1715,PH1710-C,1195-PF-TRAC2-DONDORP,Cambodia,Strict,XGBoost,3,1,0.9920754432678223,1
1716,PH1711-C,1195-PF-TRAC2-DONDORP,Cambodia,Strict,XGBoost,3,1,0.9745302200317383,1
1717,PH1712-C,1195-PF-TRAC2-DONDORP,Cambodia,Strict,XGBoost,3,1,0.30082568526268005,0
1718,PH1713-C,1195-PF-TRAC2-DONDORP,Cambodia,Strict,XGBoost,3,1,0.9122400283813477,1
1719,PH1715-C,1195-PF-TRAC2-DONDORP,Cambodia,Strict,XGBoost,3,1,0.9901556968688965,1
1720,PH1716-C,1195-PF-TRAC2-DONDORP,Cambodia,Strict,XGBoost,3,1,0.9872482419013977,1
1721,PH1717-C,1195-PF-TRAC2-DONDORP,Cambodia,Strict,XGBoost,3,1,0.965785026550293,1
1722,PH1718-C,1195-PF-TRAC2-DONDORP,Cambodia,Strict,XGBoost,3,1,0.9907404184341431,1
1723,PH1719-C,1195-PF-TRAC2-DONDORP,Cambodia,Strict,XGBoost,3,1,0.9895724654197693,1
1724,PH1720-C,1195-PF-TRAC2-DONDORP,Cambodia,Strict,XGBoost,3,1,0.9956673383712769,1
1725,PH1721-C,1195-PF-TRAC2-DONDORP,Cambodia,Strict,XGBoost,3,1,0.9840404391288757,1
1726,PH1723-C,1195-PF-TRAC2-DONDORP,Cambodia,Strict,XGBoost,3,1,0.9947687387466431,1
1727,PH1729-C,1195-PF-TRAC2-DONDORP,Cambodia,Strict,XGBoost,3,1,0.9803817272186279,1
1728,PH1730-C,1195-PF-TRAC2-DONDORP,Cambodia,Strict,XGBoost,3,1,0.9968256950378418,1
1729,PH1731-C,1195-PF-TRAC2-DONDORP,Cambodia,Strict,XGBoost,3,1,0.99664705991745,1
1730,PH1732-C,1195-PF-TRAC2-DONDORP,Cambodia,Strict,XGBoost,3,1,0.997001588344574,1
1731,PH1733-C,1195-PF-TRAC2-DONDORP,Cambodia,Strict,XGBoost,3,1,0.9926082491874695,1
1732,PH1734-C,1195-PF-TRAC2-DONDORP,Cambodia,Strict,XGBoost,3,0,0.06713302433490753,0
1733,PH1735-C,1195-PF-TRAC2-DONDORP,Cambodia,Strict,XGBoost,3,1,0.4397067725658417,0
1734,PH1737-C,1195-PF-TRAC2-DONDORP,Cambodia,Strict,XGBoost,3,0,0.7570289969444275,1
1735,PH1738-C,1195-PF-TRAC2-DONDORP,Cambodia,Strict,XGBoost,3,1,0.9743091464042664,1
1736,PH1741-C,1195-PF-TRAC2-DONDORP,Cambodia,Strict,XGBoost,3,1,0.9802570939064026,1
1737,PH1742-C,1195-PF-TRAC2-DONDORP,Cambodia,Strict,XGBoost,3,1,0.9923812747001648,1
1738,PH1743-C,1195-PF-TRAC2-DONDORP,Cambodia,Strict,XGBoost,3,1,0.9733248353004456,1
1739,PH1744-C,1195-PF-TRAC2-DONDORP,Cambodia,Strict,XGBoost,3,1,0.9847434759140015,1
1740,PH1745-C,1195-PF-TRAC2-DONDORP,Cambodia,Strict,XGBoost,3,0,0.993358314037323,1
1741,PH1746-C,1195-PF-TRAC2-DONDORP,Cambodia,Strict,XGBoost,3,1,0.9480669498443604,1
1742,PH1747-C,1195-PF-TRAC2-DONDORP,Cambodia,Strict,XGBoost,3,1,0.9771857261657715,1
1743,PH1748-C,1195-PF-TRAC2-DONDORP,Cambodia,Strict,XGBoost,3,1,0.5891838669776917,1
1744,PH1749-C,1195-PF-TRAC2-DONDORP,Cambodia,Strict,XGBoost,3,1,0.9952694773674011,1
1745,PH1750-C,1195-PF-TRAC2-DONDORP,Cambodia,Strict,XGBoost,3,1,0.9728931784629822,1
1746,PH1752-C,1195-PF-TRAC2-DONDORP,Cambodia,Strict,XGBoost,3,1,0.9930747747421265,1
1747,PH1754-C,1195-PF-TRAC2-DONDORP,Cambodia,Strict,XGBoost,3,0,0.15842466056346893,0
1748,PH1756-C,1195-PF-TRAC2-DONDORP,Cambodia,Strict,XGBoost,3,1,0.9953184723854065,1
1749,PH1759-C,1195-PF-TRAC2-DONDORP,Cambodia,Strict,XGBoost,3,1,0.9917259216308594,1
1750,PH1760-C,1195-PF-TRAC2-DONDORP,Cambodia,Strict,XGBoost,3,1,0.9783404469490051,1
1751,PH1764-C,1195-PF-TRAC2-DONDORP,Cambodia,Strict,XGBoost,3,1,0.9922905564308167,1
1752,PH1765-C,1195-PF-TRAC2-DONDORP,Cambodia,Strict,XGBoost,3,1,0.9937174320220947,1
1753,PH1766-C,1195-PF-TRAC2-DONDORP,Cambodia,Strict,XGBoost,3,1,0.9860367178916931,1
1754,PH1767-C,1195-PF-TRAC2-DONDORP,Cambodia,Strict,XGBoost,3,1,0.9779075980186462,1
1755,PH1768-C,1195-PF-TRAC2-DONDORP,Cambodia,Strict,XGBoost,3,1,0.7608826756477356,1
1775,PV0080-C,1008-PF-SEA-RINGWALD,Vietnam,Strict,XGBoost,3,0,0.015418203547596931,0
1776,PV0081-C,1008-PF-SEA-RINGWALD,Vietnam,Strict,XGBoost,3,1,0.6225704550743103,1
1777,PV0082-C,1008-PF-SEA-RINGWALD,Vietnam,Strict,XGBoost,3,0,0.01546539831906557,0
1778,PV0083-C,1008-PF-SEA-RINGWALD,Vietnam,Strict,XGBoost,3,1,0.3612898290157318,0
1779,PV0084-C,1008-PF-SEA-RINGWALD,Vietnam,Strict,XGBoost,3,0,0.03701776638627052,0
1780,PV0085-C,1008-PF-SEA-RINGWALD,Vietnam,Strict,XGBoost,3,1,0.20071223378181458,0
1781,PV0086-C,1008-PF-SEA-RINGWALD,Vietnam,Strict,XGBoost,3,0,0.015732280910015106,0
1782,PV0087-C,1008-PF-SEA-RINGWALD,Vietnam,Strict,XGBoost,3,0,0.015715351328253746,0
1783,PV0088-C,1008-PF-SEA-RINGWALD,Vietnam,Strict,XGBoost,3,1,0.12028377503156662,0
1784,PV0089-C,1008-PF-SEA-RINGWALD,Vietnam,Strict,XGBoost,3,0,0.0323786735534668,0
1785,PV0091-C,1008-PF-SEA-RINGWALD,Vietnam,Strict,XGBoost,3,1,0.4559963345527649,0
1786,PV0092-C,1008-PF-SEA-RINGWALD,Vietnam,Strict,XGBoost,3,0,0.05299408361315727,0
1787,PV0093-C,1008-PF-SEA-RINGWALD,Vietnam,Strict,XGBoost,3,1,0.3863702416419983,0
1788,PV0094-C,1008-PF-SEA-RINGWALD,Vietnam,Strict,XGBoost,3,0,0.05299408361315727,0
1789,PV0097-C,1008-PF-SEA-RINGWALD,Vietnam,Strict,XGBoost,3,0,0.020677907392382622,0
1790,PV0098-C,1008-PF-SEA-RINGWALD,Vietnam,Strict,XGBoost,3,0,0.020254597067832947,0
1791,PV0099-C,1008-PF-SEA-RINGWALD,Vietnam,Strict,XGBoost,3,0,0.3024955987930298,0
1792,PV0100-C,1008-PF-SEA-RINGWALD,Vietnam,Strict,XGBoost,3,0,0.027518101036548615,0
1793,PV0101-C,1008-PF-SEA-RINGWALD,Vietnam,Strict,XGBoost,3,1,0.20071223378181458,0
1794,PV0102-C,1008-PF-SEA-RINGWALD,Vietnam,Strict,XGBoost,3,1,0.11479883641004562,0
1795,PV0109-C,1008-PF-SEA-RINGWALD,Vietnam,Strict,XGBoost,3,0,0.007052980829030275,0
1796,PV0110-C,1008-PF-SEA-RINGWALD,Vietnam,Strict,XGBoost,3,0,0.020042473450303078,0
1797,PV0112-C,1008-PF-SEA-RINGWALD,Vietnam,Strict,XGBoost,3,0,0.020677907392382622,0
1798,PV0113-C,1008-PF-SEA-RINGWALD,Vietnam,Strict,XGBoost,3,0,0.049535900354385376,0
1799,PV0115-C,1008-PF-SEA-RINGWALD,Vietnam,Strict,XGBoost,3,1,0.01824728026986122,0
1800,PV0117-C,1008-PF-SEA-RINGWALD,Vietnam,Strict,XGBoost,3,0,0.062231823801994324,0
1801,PV0120-C,1008-PF-SEA-RINGWALD,Vietnam,Strict,XGBoost,3,0,0.09871417284011841,0
1802,PV0122-C,1008-PF-SEA-RINGWALD,Vietnam,Strict,XGBoost,3,1,0.5145107507705688,1
1803,PV0125-C,1008-PF-SEA-RINGWALD,Vietnam,Strict,XGBoost,3,1,0.510164201259613,1
1804,PV0126-C,1008-PF-SEA-RINGWALD,Vietnam,Strict,XGBoost,3,0,0.094793900847435,0
1805,PV0127-C,1008-PF-SEA-RINGWALD,Vietnam,Strict,XGBoost,3,0,0.015993094071745872,0
1806,PV0128-C,1008-PF-SEA-RINGWALD,Vietnam,Strict,XGBoost,3,1,0.3754481375217438,0
1807,PV0129-C,1008-PF-SEA-RINGWALD,Vietnam,Strict,XGBoost,3,0,0.028452498838305473,0
1808,PV0130-C,1008-PF-SEA-RINGWALD,Vietnam,Strict,XGBoost,3,1,0.510164201259613,1
1809,PV0132-C,1008-PF-SEA-RINGWALD,Vietnam,Strict,XGBoost,3,0,0.017890941351652145,0
1810,PV0133-C,1008-PF-SEA-RINGWALD,Vietnam,Strict,XGBoost,3,0,0.008260593749582767,0
1811,PV0134-C,1008-PF-SEA-RINGWALD,Vietnam,Strict,XGBoost,3,0,0.4171377420425415,0
1812,PV0135-C,1008-PF-SEA-RINGWALD,Vietnam,Strict,XGBoost,3,0,0.017796503379940987,0
1813,PV0137-C,1008-PF-SEA-RINGWALD,Vietnam,Strict,XGBoost,3,1,0.15396060049533844,0
1814,PV0138-C,1008-PF-SEA-RINGWALD,Vietnam,Strict,XGBoost,3,0,0.024973293766379356,0
1815,PV0139-C,1008-PF-SEA-RINGWALD,Vietnam,Strict,XGBoost,3,0,0.020395591855049133,0
1816,PV0140-C,1008-PF-SEA-RINGWALD,Vietnam,Strict,XGBoost,3,1,0.5055131912231445,1
1817,PV0141-C,1008-PF-SEA-RINGWALD,Vietnam,Strict,XGBoost,3,1,0.4422660171985626,0
1818,PV0142-C,1008-PF-SEA-RINGWALD,Vietnam,Strict,XGBoost,3,0,0.02304755337536335,0
1819,PV0144-C,1008-PF-SEA-RINGWALD,Vietnam,Strict,XGBoost,3,1,0.3079521059989929,0
1820,PV0147-C,1008-PF-SEA-RINGWALD,Vietnam,Strict,XGBoost,3,0,0.07828719168901443,0
1821,PV0148-C,1008-PF-SEA-RINGWALD,Vietnam,Strict,XGBoost,3,0,0.006525522097945213,0
1822,PV0149-C,1008-PF-SEA-RINGWALD,Vietnam,Strict,XGBoost,3,0,0.022198688238859177,0
1823,PV0151-C,1008-PF-SEA-RINGWALD,Vietnam,Strict,XGBoost,3,1,0.510164201259613,1
1824,PV0152-C,1008-PF-SEA-RINGWALD,Vietnam,Strict,XGBoost,3,0,0.039852309972047806,0
1825,PV0153-C,1008-PF-SEA-RINGWALD,Vietnam,Strict,XGBoost,3,0,0.062231823801994324,0
1826,PV0155-C,1008-PF-SEA-RINGWALD,Vietnam,Strict,XGBoost,3,0,0.008508418686687946,0
1827,PV0156-C,1008-PF-SEA-RINGWALD,Vietnam,Strict,XGBoost,3,0,0.059110045433044434,0
1828,PV0158-C,1008-PF-SEA-RINGWALD,Vietnam,Strict,XGBoost,3,1,0.17230433225631714,0
1829,PV0160-C,1008-PF-SEA-RINGWALD,Vietnam,Strict,XGBoost,3,0,0.07638028264045715,0
1830,PV0161-C,1008-PF-SEA-RINGWALD,Vietnam,Strict,XGBoost,3,0,0.021714136004447937,0
1831,PV0167-C,1008-PF-SEA-RINGWALD,Vietnam,Strict,XGBoost,3,0,0.009909308515489101,0
1832,PV0169-C,1008-PF-SEA-RINGWALD,Vietnam,Strict,XGBoost,3,0,0.020875968039035797,0
1833,PV0170-C,1008-PF-SEA-RINGWALD,Vietnam,Strict,XGBoost,3,0,0.015353363007307053,0
1834,PV0174-C,1008-PF-SEA-RINGWALD,Vietnam,Strict,XGBoost,3,0,0.007298092357814312,0
1835,PV0176-C,1008-PF-SEA-RINGWALD,Vietnam,Strict,XGBoost,3,0,0.058077652007341385,0
1836,PV0180-C,1008-PF-SEA-RINGWALD,Vietnam,Strict,XGBoost,3,1,0.6825162768363953,1
1837,PV0182-C,1008-PF-SEA-RINGWALD,Vietnam,Strict,XGBoost,3,0,0.01844843104481697,0
1838,PV0183-C,1008-PF-SEA-RINGWALD,Vietnam,Strict,XGBoost,3,0,0.027784381061792374,0
1839,PV0185-C,1008-PF-SEA-RINGWALD,Vietnam,Strict,XGBoost,3,1,0.14309751987457275,0
1840,PV0186-C,1008-PF-SEA-RINGWALD,Vietnam,Strict,XGBoost,3,1,0.06632598489522934,0
1841,PV0187-C,1008-PF-SEA-RINGWALD,Vietnam,Strict,XGBoost,3,0,0.405084490776062,0
1842,PV0188-C,1008-PF-SEA-RINGWALD,Vietnam,Strict,XGBoost,3,0,0.010006756521761417,0
1843,PV0189-C,1008-PF-SEA-RINGWALD,Vietnam,Strict,XGBoost,3,0,0.3408462107181549,0
1844,PV0192-C,1008-PF-SEA-RINGWALD,Vietnam,Strict,XGBoost,3,0,0.005984912626445293,0
1845,PV0193-C,1008-PF-SEA-RINGWALD,Vietnam,Strict,XGBoost,3,1,0.15234214067459106,0
1846,PV0194-C,1008-PF-SEA-RINGWALD,Vietnam,Strict,XGBoost,3,1,0.7540934085845947,1
1847,PV0195-C,1008-PF-SEA-RINGWALD,Vietnam,Strict,XGBoost,3,1,0.9342000484466553,1
1848,PV0197-C,1008-PF-SEA-RINGWALD,Vietnam,Strict,XGBoost,3,0,0.021135246381163597,0
1849,PV0202-C,1008-PF-SEA-RINGWALD,Vietnam,Strict,XGBoost,3,0,0.012150746770203114,0
1850,PV0204-C,1008-PF-SEA-RINGWALD,Vietnam,Strict,XGBoost,3,0,0.07793198525905609,0
1851,PV0205-C,1008-PF-SEA-RINGWALD,Vietnam,Strict,XGBoost,3,0,0.12756823003292084,0
1852,PV0209-C,1008-PF-SEA-RINGWALD,Vietnam,Strict,XGBoost,3,1,0.03636972978711128,0
1853,PV0210-C,1008-PF-SEA-RINGWALD,Vietnam,Strict,XGBoost,3,0,0.01889517344534397,0
1854,PV0211-C,1008-PF-SEA-RINGWALD,Vietnam,Strict,XGBoost,3,0,0.014295736327767372,0
1855,PV0212-C,1008-PF-SEA-RINGWALD,Vietnam,Strict,XGBoost,3,0,0.023842819035053253,0
1856,PV0216-C,1008-PF-SEA-RINGWALD,Vietnam,Strict,XGBoost,3,0,0.06588027626276016,0
1857,PV0218-C,1008-PF-SEA-RINGWALD,Vietnam,Strict,XGBoost,3,1,0.6112813353538513,1
1858,PV0219-C,1008-PF-SEA-RINGWALD,Vietnam,Strict,XGBoost,3,0,0.013479912653565407,0
1859,PV0220-C,1008-PF-SEA-RINGWALD,Vietnam,Strict,XGBoost,3,1,0.6226804256439209,1
1860,PV0221-C,1008-PF-SEA-RINGWALD,Vietnam,Strict,XGBoost,3,0,0.013600350357592106,0
1861,PV0223-C,1008-PF-SEA-RINGWALD,Vietnam,Strict,XGBoost,3,1,0.6226804256439209,1
1862,PV0224-C,1008-PF-SEA-RINGWALD,Vietnam,Strict,XGBoost,3,0,0.026989025995135307,0
1863,PV0226-C,1008-PF-SEA-RINGWALD,Vietnam,Strict,XGBoost,3,0,0.02108253352344036,0
1864,PV0227-C,1008-PF-SEA-RINGWALD,Vietnam,Strict,XGBoost,3,1,0.32757291197776794,0
1865,PV0230-C,1008-PF-SEA-RINGWALD,Vietnam,Strict,XGBoost,3,0,0.07017586380243301,0
1866,PV0233-C,1008-PF-SEA-RINGWALD,Vietnam,Strict,XGBoost,3,0,0.00568217970430851,0
1867,PV0234-C,1008-PF-SEA-RINGWALD,Vietnam,Strict,XGBoost,3,0,0.10081376880407333,0
1868,PV0235-C,1008-PF-SEA-RINGWALD,Vietnam,Strict,XGBoost,3,0,0.12432130426168442,0
1869,PV0236-C,1008-PF-SEA-RINGWALD,Vietnam,Strict,XGBoost,3,0,0.0685202032327652,0
1870,PV0237-C,1008-PF-SEA-RINGWALD,Vietnam,Strict,XGBoost,3,1,0.4699375033378601,0
1871,PV0238-C,1008-PF-SEA-RINGWALD,Vietnam,Strict,XGBoost,3,0,0.00891171209514141,0
1872,PV0239-C,1008-PF-SEA-RINGWALD,Vietnam,Strict,XGBoost,3,0,0.014223589561879635,0
1873,PV0240-C,1008-PF-SEA-RINGWALD,Vietnam,Strict,XGBoost,3,0,0.02241530828177929,0
1874,PV0241-C,1008-PF-SEA-RINGWALD,Vietnam,Strict,XGBoost,3,0,0.10081376880407333,0
1966,PV0360-C,1195-PF-TRAC2-DONDORP,Vietnam,Strict,XGBoost,3,0,0.6040027737617493,1
1967,PV0361-C,1195-PF-TRAC2-DONDORP,Vietnam,Strict,XGBoost,3,1,0.9892905354499817,1
1968,PV0362-C,1195-PF-TRAC2-DONDORP,Vietnam,Strict,XGBoost,3,0,0.45919403433799744,0
1969,PV0363-C,1195-PF-TRAC2-DONDORP,Vietnam,Strict,XGBoost,3,1,0.9954702854156494,1
1970,PV0364-C,1195-PF-TRAC2-DONDORP,Vietnam,Strict,XGBoost,3,1,0.997001588344574,1
1971,PV0365-C,1195-PF-TRAC2-DONDORP,Vietnam,Strict,XGBoost,3,1,0.9975600242614746,1
1972,PV0366-C,1195-PF-TRAC2-DONDORP,Vietnam,Strict,XGBoost,3,1,0.997001588344574,1
1973,PV0368-C,1195-PF-TRAC2-DONDORP,Vietnam,Strict,XGBoost,3,1,0.9966247081756592,1
1974,PV0369-C,1195-PF-TRAC2-DONDORP,Vietnam,Strict,XGBoost,3,0,0.5360848903656006,1
1975,PV0370-C,1195-PF-TRAC2-DONDORP,Vietnam,Strict,XGBoost,3,1,0.9970195889472961,1
1976,PV0371-C,1195-PF-TRAC2-DONDORP,Vietnam,Strict,XGBoost,3,1,0.989803671836853,1
1977,PV0372-C,1195-PF-TRAC2-DONDORP,Vietnam,Strict,XGBoost,3,1,0.9968063831329346,1
1978,PV0373-C,1195-PF-TRAC2-DONDORP,Vietnam,Strict,XGBoost,3,1,0.989803671836853,1
1979,PV0375-C,1195-PF-TRAC2-DONDORP,Vietnam,Strict,XGBoost,3,1,0.9932376146316528,1
1980,PV0376-C,1195-PF-TRAC2-DONDORP,Vietnam,Strict,XGBoost,3,1,0.9932376146316528,1
1981,PV0377-C,1195-PF-TRAC2-DONDORP,Vietnam,Strict,XGBoost,3,1,0.9930073022842407,1
1982,PV0378-C,1195-PF-TRAC2-DONDORP,Vietnam,Strict,XGBoost,3,1,0.9932376146316528,1
1983,PV0379-C,1195-PF-TRAC2-DONDORP,Vietnam,Strict,XGBoost,3,1,0.989803671836853,1
1984,PV0381-C,1195-PF-TRAC2-DONDORP,Vietnam,Strict,XGBoost,3,1,0.9968063831329346,1
1985,PV0382-C,1195-PF-TRAC2-DONDORP,Vietnam,Strict,XGBoost,3,1,0.9939496517181396,1
1986,PV0383-C,1195-PF-TRAC2-DONDORP,Vietnam,Strict,XGBoost,3,1,0.9942160248756409,1
1987,PV0384-C,1195-PF-TRAC2-DONDORP,Vietnam,Strict,XGBoost,3,1,0.997001588344574,1
1988,PV0385-C,1195-PF-TRAC2-DONDORP,Vietnam,Strict,XGBoost,3,1,0.9926277995109558,1
1989,PV0386-C,1195-PF-TRAC2-DONDORP,Vietnam,Strict,XGBoost,3,1,0.9968063831329346,1
1990,PV0387-C,1195-PF-TRAC2-DONDORP,Vietnam,Strict,XGBoost,3,0,0.6331225633621216,1
1991,PV0388-C,1195-PF-TRAC2-DONDORP,Vietnam,Strict,XGBoost,3,1,0.989803671836853,1
1992,PV0389-C,1195-PF-TRAC2-DONDORP,Vietnam,Strict,XGBoost,3,1,0.9956969022750854,1
1993,PV0393-C,1195-PF-TRAC2-DONDORP,Vietnam,Strict,XGBoost,3,1,0.9892987012863159,1
1994,PV0395-C,1195-PF-TRAC2-DONDORP,Vietnam,Strict,XGBoost,3,1,0.9907404184341431,1
1995,PV0396-C,1195-PF-TRAC2-DONDORP,Vietnam,Strict,XGBoost,3,1,0.99664705991745,1
1996,PV0397-C,1195-PF-TRAC2-DONDORP,Vietnam,Strict,XGBoost,3,1,0.12044954299926758,0
1997,PV0398-C,1195-PF-TRAC2-DONDORP,Vietnam,Strict,XGBoost,3,1,0.9947687387466431,1
1998,PV0399-C,1195-PF-TRAC2-DONDORP,Vietnam,Strict,XGBoost,3,1,0.995089590549469,1
1999,PV0400-C,1195-PF-TRAC2-DONDORP,Vietnam,Strict,XGBoost,3,1,0.5924481153488159,1
2000,PV0401-C,1195-PF-TRAC2-DONDORP,Vietnam,Strict,XGBoost,3,1,0.9207534193992615,1
2001,PV0402-C,1195-PF-TRAC2-DONDORP,Vietnam,Strict,XGBoost,3,1,0.997433602809906,1
2002,PV0403-C,1195-PF-TRAC2-DONDORP,Vietnam,Strict,XGBoost,3,1,0.9242456555366516,1
2003,QC0111-C,1008-PF-SEA-RINGWALD,Myanmar,Strict,XGBoost,3,1,0.37166300415992737,0
2004,QC0112-C,1008-PF-SEA-RINGWALD,Myanmar,Strict,XGBoost,3,1,0.6318414807319641,1
2005,QC0113-C,1008-PF-SEA-RINGWALD,Myanmar,Strict,XGBoost,3,1,0.7569555640220642,1
2006,QC0114-C,1008-PF-SEA-RINGWALD,Myanmar,Strict,XGBoost,3,0,0.4477863907814026,0
2007,QC0115-C,1008-PF-SEA-RINGWALD,Myanmar,Strict,XGBoost,3,0,0.4984018802642822,0
2008,QC0116-C,1008-PF-SEA-RINGWALD,Myanmar,Strict,XGBoost,3,0,0.3285854458808899,0
2009,QC0118-C,1008-PF-SEA-RINGWALD,Myanmar,Strict,XGBoost,3,0,0.30191847681999207,0
2010,QC0119-C,1008-PF-SEA-RINGWALD,Myanmar,Strict,XGBoost,3,0,0.6388393044471741,1
2011,QC0120-C,1008-PF-SEA-RINGWALD,Myanmar,Strict,XGBoost,3,1,0.4509531557559967,0
2012,QC0121-C,1008-PF-SEA-RINGWALD,Myanmar,Strict,XGBoost,3,0,0.3342186212539673,0
2013,QC0122-C,1008-PF-SEA-RINGWALD,Myanmar,Strict,XGBoost,3,1,0.4142938256263733,0
2014,QC0123-C,1008-PF-SEA-RINGWALD,Myanmar,Strict,XGBoost,3,0,0.3894478380680084,0
2015,QC0125-C,1008-PF-SEA-RINGWALD,Myanmar,Strict,XGBoost,3,1,0.38770797848701477,0
2016,QC0126-C,1008-PF-SEA-RINGWALD,Myanmar,Strict,XGBoost,3,0,0.3894478380680084,0
2017,QC0127-C,1008-PF-SEA-RINGWALD,Myanmar,Strict,XGBoost,3,1,0.6550166010856628,1
2018,QC0128-C,1008-PF-SEA-RINGWALD,Myanmar,Strict,XGBoost,3,0,0.6388393044471741,1
2019,QC0129-C,1008-PF-SEA-RINGWALD,Myanmar,Strict,XGBoost,3,1,0.6708881258964539,1
2020,QC0130-C,1008-PF-SEA-RINGWALD,Myanmar,Strict,XGBoost,3,0,0.4505476951599121,0
2021,QC0131-C,1008-PF-SEA-RINGWALD,Myanmar,Strict,XGBoost,3,0,0.7611576318740845,1
2022,QC0132-C,1008-PF-SEA-RINGWALD,Myanmar,Strict,XGBoost,3,0,0.6602734327316284,1
2023,QC0133-C,1008-PF-SEA-RINGWALD,Myanmar,Strict,XGBoost,3,1,0.6602734327316284,1
2024,QC0134-C,1008-PF-SEA-RINGWALD,Myanmar,Strict,XGBoost,3,1,0.44802531599998474,0
2025,QC0135-C,1008-PF-SEA-RINGWALD,Myanmar,Strict,XGBoost,3,0,0.6602734327316284,1
2026,QC0136-C,1008-PF-SEA-RINGWALD,Myanmar,Strict,XGBoost,3,1,0.7569555640220642,1
2027,QC0137-C,1008-PF-SEA-RINGWALD,Myanmar,Strict,XGBoost,3,1,0.37166300415992737,0
2028,QC0138-C,1008-PF-SEA-RINGWALD,Myanmar,Strict,XGBoost,3,1,0.3671235144138336,0
2029,QC0139-C,1008-PF-SEA-RINGWALD,Myanmar,Strict,XGBoost,3,1,0.37166300415992737,0
2030,QC0140-C,1008-PF-SEA-RINGWALD,Myanmar,Strict,XGBoost,3,1,0.2883221507072449,0
2031,QC0142-C,1008-PF-SEA-RINGWALD,Myanmar,Strict,XGBoost,3,0,0.30336877703666687,0
2032,QC0143-C,1008-PF-SEA-RINGWALD,Myanmar,Strict,XGBoost,3,0,0.6388393044471741,1
2033,QC0144-C,1008-PF-SEA-RINGWALD,Myanmar,Strict,XGBoost,3,1,0.7181246280670166,1
2034,QC0145-C,1008-PF-SEA-RINGWALD,Myanmar,Strict,XGBoost,3,0,0.44550320506095886,0
2035,QC0146-C,1008-PF-SEA-RINGWALD,Myanmar,Strict,XGBoost,3,0,0.3316226899623871,0
2036,QC0147-C,1008-PF-SEA-RINGWALD,Myanmar,Strict,XGBoost,3,1,0.7715409398078918,1
2037,QC0148-C,1008-PF-SEA-RINGWALD,Myanmar,Strict,XGBoost,3,1,0.7749385237693787,1
2038,QC0149-C,1008-PF-SEA-RINGWALD,Myanmar,Strict,XGBoost,3,0,0.25994202494621277,0
2039,QC0150-C,1008-PF-SEA-RINGWALD,Myanmar,Strict,XGBoost,3,0,0.4122268855571747,0
2040,QC0151-C,1008-PF-SEA-RINGWALD,Myanmar,Strict,XGBoost,3,0,0.2859407067298889,0
2041,QC0152-C,1008-PF-SEA-RINGWALD,Myanmar,Strict,XGBoost,3,1,0.19452016055583954,0
2042,QC0153-C,1008-PF-SEA-RINGWALD,Myanmar,Strict,XGBoost,3,1,0.7648940086364746,1
2043,QC0154-C,1008-PF-SEA-RINGWALD,Myanmar,Strict,XGBoost,3,1,0.1277279555797577,0
2044,QC0155-C,1008-PF-SEA-RINGWALD,Myanmar,Strict,XGBoost,3,1,0.33224520087242126,0
2045,QC0156-C,1008-PF-SEA-RINGWALD,Myanmar,Strict,XGBoost,3,0,0.6890736818313599,1
2046,QC0157-C,1008-PF-SEA-RINGWALD,Myanmar,Strict,XGBoost,3,0,0.3595990836620331,0
2047,QC0159-C,1008-PF-SEA-RINGWALD,Myanmar,Strict,XGBoost,3,0,0.11401055008172989,0
2048,QC0160-C,1008-PF-SEA-RINGWALD,Myanmar,Strict,XGBoost,3,1,0.33984139561653137,0
2049,QC0161-C,1008-PF-SEA-RINGWALD,Myanmar,Strict,XGBoost,3,1,0.2673090994358063,0
2050,QC0162-C,1008-PF-SEA-RINGWALD,Myanmar,Strict,XGBoost,3,1,0.6781874299049377,1
2051,QC0163-C,1008-PF-SEA-RINGWALD,Myanmar,Strict,XGBoost,3,0,0.46266812086105347,0
2265,QC0619-C,1195-PF-TRAC2-DONDORP,Myanmar,Strict,XGBoost,3,1,0.1935107260942459,0
2266,QC0620-C,1195-PF-TRAC2-DONDORP,Myanmar,Strict,XGBoost,3,1,0.11587537825107574,0
2267,QC0621-C,1195-PF-TRAC2-DONDORP,Myanmar,Strict,XGBoost,3,0,0.15009655058383942,0
2268,QC0622-C,1195-PF-TRAC2-DONDORP,Myanmar,Strict,XGBoost,3,0,0.06519163399934769,0
2269,QC0623-C,1195-PF-TRAC2-DONDORP,Myanmar,Strict,XGBoost,3,0,0.43807485699653625,0
2270,QC0624-C,1195-PF-TRAC2-DONDORP,Myanmar,Strict,XGBoost,3,0,0.6614560484886169,1
2271,QC0625-C,1195-PF-TRAC2-DONDORP,Myanmar,Strict,XGBoost,3,0,0.07125463336706161,0
2272,QC0626-C,1195-PF-TRAC2-DONDORP,Myanmar,Strict,XGBoost,3,0,0.3407498896121979,0
2273,QC0627-C,1195-PF-TRAC2-DONDORP,Myanmar,Strict,XGBoost,3,0,0.15104924142360687,0
2274,QC0628-C,1195-PF-TRAC2-DONDORP,Myanmar,Strict,XGBoost,3,0,0.1553281545639038,0
2275,QC0629-C,1195-PF-TRAC2-DONDORP,Myanmar,Strict,XGBoost,3,0,0.18600238859653473,0
2276,QC0630-C,1195-PF-TRAC2-DONDORP,Myanmar,Strict,XGBoost,3,0,0.30190470814704895,0
2277,QC0633-C,1195-PF-TRAC2-DONDORP,Myanmar,Strict,XGBoost,3,0,0.4071870446205139,0
2278,QC0634-C,1195-PF-TRAC2-DONDORP,Myanmar,Strict,XGBoost,3,0,0.26162680983543396,0
2279,QC0636-C,1195-PF-TRAC2-DONDORP,Myanmar,Strict,XGBoost,3,0,0.21191194653511047,0
2280,QC0637-C,1195-PF-TRAC2-DONDORP,Myanmar,Strict,XGBoost,3,0,0.5710479617118835,1
2281,QC0638-C,1195-PF-TRAC2-DONDORP,Myanmar,Strict,XGBoost,3,0,0.6044168472290039,1
2282,QC0639-C,1195-PF-TRAC2-DONDORP,Myanmar,Strict,XGBoost,3,0,0.5446378588676453,1
2283,QC0640-C,1195-PF-TRAC2-DONDORP,Myanmar,Strict,XGBoost,3,0,0.16008307039737701,0
2284,QC0642-C,1195-PF-TRAC2-DONDORP,Myanmar,Strict,XGBoost,3,0,0.24048055708408356,0
2285,QC0643-C,1195-PF-TRAC2-DONDORP,Myanmar,Strict,XGBoost,3,0,0.15501201152801514,0
2286,QC0644-C,1195-PF-TRAC2-DONDORP,Myanmar,Strict,XGBoost,3,0,0.5577935576438904,1
2287,QC0645-C,1195-PF-TRAC2-DONDORP,Myanmar,Strict,XGBoost,3,0,0.4761442244052887,0
2288,QC0646-C,1195-PF-TRAC2-DONDORP,Myanmar,Strict,XGBoost,3,0,0.4300459623336792,0
2289,QC0647-C,1195-PF-TRAC2-DONDORP,Myanmar,Strict,XGBoost,3,0,0.5045291781425476,1
2290,QC0648-C,1195-PF-TRAC2-DONDORP,Myanmar,Strict,XGBoost,3,0,0.6185147762298584,1
2291,QC0649-C,1195-PF-TRAC2-DONDORP,Myanmar,Strict,XGBoost,3,0,0.5318280458450317,1
2292,QE0347-C,1008-PF-SEA-RINGWALD,Laos,Strict,XGBoost,3,0,0.024320628494024277,0
2293,QE0348-C,1008-PF-SEA-RINGWALD,Laos,Strict,XGBoost,3,0,0.025872543454170227,0
2294,QE0350-C,1008-PF-SEA-RINGWALD,Laos,Strict,XGBoost,3,0,0.022965239360928535,0
2295,QE0352-C,1008-PF-SEA-RINGWALD,Laos,Strict,XGBoost,3,0,0.027114203199744225,0
2296,QE0356-C,1008-PF-SEA-RINGWALD,Laos,Strict,XGBoost,3,0,0.03127728030085564,0
2297,QE0360-C,1008-PF-SEA-RINGWALD,Laos,Strict,XGBoost,3,0,0.053384870290756226,0
2298,QE0361-C,1008-PF-SEA-RINGWALD,Laos,Strict,XGBoost,3,0,0.014046692289412022,0
2299,QE0362-C,1008-PF-SEA-RINGWALD,Laos,Strict,XGBoost,3,0,0.014096922241151333,0
2300,QE0363-C,1008-PF-SEA-RINGWALD,Laos,Strict,XGBoost,3,0,0.03295908123254776,0
2301,QE0364-C,1008-PF-SEA-RINGWALD,Laos,Strict,XGBoost,3,0,0.04182063788175583,0
2302,QE0365-C,1008-PF-SEA-RINGWALD,Laos,Strict,XGBoost,3,0,0.0681825652718544,0
2303,QE0366-C,1008-PF-SEA-RINGWALD,Laos,Strict,XGBoost,3,0,0.016060426831245422,0
2304,QE0367-C,1008-PF-SEA-RINGWALD,Laos,Strict,XGBoost,3,0,0.047948647290468216,0
2305,QE0368-C,1008-PF-SEA-RINGWALD,Laos,Strict,XGBoost,3,0,0.049239631742239,0
2306,QE0369-C,1008-PF-SEA-RINGWALD,Laos,Strict,XGBoost,3,0,0.027608808130025864,0
2307,QE0370-C,1008-PF-SEA-RINGWALD,Laos,Strict,XGBoost,3,0,0.02790464274585247,0
2308,QE0371-C,1008-PF-SEA-RINGWALD,Laos,Strict,XGBoost,3,0,0.014099248684942722,0
2309,QE0372-C,1008-PF-SEA-RINGWALD,Laos,Strict,XGBoost,3,0,0.025150757282972336,0
2310,QE0373-C,1008-PF-SEA-RINGWALD,Laos,Strict,XGBoost,3,0,0.030613670125603676,0
2311,QE0374-C,1008-PF-SEA-RINGWALD,Laos,Strict,XGBoost,3,0,0.0662483423948288,0
2312,QE0375-C,1008-PF-SEA-RINGWALD,Laos,Strict,XGBoost,3,0,0.020571455359458923,0
2313,QE0376-C,1008-PF-SEA-RINGWALD,Laos,Strict,XGBoost,3,0,0.02076420933008194,0
2314,QE0378-C,1008-PF-SEA-RINGWALD,Laos,Strict,XGBoost,3,0,0.02389070764183998,0
2315,QE0379-C,1008-PF-SEA-RINGWALD,Laos,Strict,XGBoost,3,0,0.013606313616037369,0
2316,QE0380-C,1008-PF-SEA-RINGWALD,Laos,Strict,XGBoost,3,0,0.007640556897968054,0
2317,QE0381-C,1008-PF-SEA-RINGWALD,Laos,Strict,XGBoost,3,0,0.020978236570954323,0
2318,QE0382-C,1008-PF-SEA-RINGWALD,Laos,Strict,XGBoost,3,0,0.035290103405714035,0
2319,QE0383-C,1008-PF-SEA-RINGWALD,Laos,Strict,XGBoost,3,0,0.037666890770196915,0
2320,QE0384-C,1008-PF-SEA-RINGWALD,Laos,Strict,XGBoost,3,0,0.02115805260837078,0
2321,QE0385-C,1008-PF-SEA-RINGWALD,Laos,Strict,XGBoost,3,0,0.03384670242667198,0
2322,QE0386-C,1008-PF-SEA-RINGWALD,Laos,Strict,XGBoost,3,0,0.028396859765052795,0
2323,QE0387-C,1008-PF-SEA-RINGWALD,Laos,Strict,XGBoost,3,0,0.01383017934858799,0
2324,QE0388-C,1008-PF-SEA-RINGWALD,Laos,Strict,XGBoost,3,0,0.03324952349066734,0
2325,QE0389-C,1008-PF-SEA-RINGWALD,Laos,Strict,XGBoost,3,0,0.05390467122197151,0
2326,QE0390-C,1008-PF-SEA-RINGWALD,Laos,Strict,XGBoost,3,0,0.009567433968186378,0
2327,QE0391-C,1008-PF-SEA-RINGWALD,Laos,Strict,XGBoost,3,0,0.01757347583770752,0
2412,QE0484-C,1195-PF-TRAC2-DONDORP,Laos,Strict,XGBoost,3,1,0.811582624912262,1
2413,QE0485-C,1195-PF-TRAC2-DONDORP,Laos,Strict,XGBoost,3,0,0.041844647377729416,0
2414,QE0486-C,1195-PF-TRAC2-DONDORP,Laos,Strict,XGBoost,3,1,0.5891335010528564,1
2415,QE0487-C,1195-PF-TRAC2-DONDORP,Laos,Strict,XGBoost,3,1,0.6300756335258484,1
2416,QE0488-C,1195-PF-TRAC2-DONDORP,Laos,Strict,XGBoost,3,1,0.4358556270599365,0
2417,QE0489-C,1195-PF-TRAC2-DONDORP,Laos,Strict,XGBoost,3,0,0.014664364978671074,0
2418,QE0490-C,1195-PF-TRAC2-DONDORP,Laos,Strict,XGBoost,3,1,0.6292982697486877,1
2419,RCN01775,1181-PF-VN-THUYNHIEN,Vietnam,Strict,XGBoost,3,1,0.9914827346801758,1
2420,RCN01776,1181-PF-VN-THUYNHIEN,Vietnam,Strict,XGBoost,3,1,0.9933463335037231,1
2421,RCN01777,1181-PF-VN-THUYNHIEN,Vietnam,Strict,XGBoost,3,1,0.9922789335250854,1
2422,RCN01778,1181-PF-VN-THUYNHIEN,Vietnam,Strict,XGBoost,3,1,0.6080895066261292,1
2423,RCN01779,1181-PF-VN-THUYNHIEN,Vietnam,Strict,XGBoost,3,1,0.9925181865692139,1
2424,RCN01780,1181-PF-VN-THUYNHIEN,Vietnam,Strict,XGBoost,3,1,0.9972199201583862,1
2425,RCN01781,1181-PF-VN-THUYNHIEN,Vietnam,Strict,XGBoost,3,1,0.9939263463020325,1
2426,RCN01782,1181-PF-VN-THUYNHIEN,Vietnam,Strict,XGBoost,3,1,0.9965157508850098,1
2427,RCN01783,1181-PF-VN-THUYNHIEN,Vietnam,Strict,XGBoost,3,1,0.9958611130714417,1
2428,RCN01784,1181-PF-VN-THUYNHIEN,Vietnam,Strict,XGBoost,3,1,0.9965941309928894,1
2429,RCN01785,1181-PF-VN-THUYNHIEN,Vietnam,Strict,XGBoost,3,1,0.9971888661384583,1
2430,RCN01786,1181-PF-VN-THUYNHIEN,Vietnam,Strict,XGBoost,3,1,0.9982653260231018,1
2431,RCN01787,1181-PF-VN-THUYNHIEN,Vietnam,Strict,XGBoost,3,1,0.9947236776351929,1
2432,RCN01788,1181-PF-VN-THUYNHIEN,Vietnam,Strict,XGBoost,3,1,0.9982653260231018,1
2433,RCN01789,1181-PF-VN-THUYNHIEN,Vietnam,Strict,XGBoost,3,1,0.9941052198410034,1
2434,RCN01859,1181-PF-VN-THUYNHIEN,Vietnam,Strict,XGBoost,3,1,0.49309656023979187,0
2435,RCN01860,1181-PF-VN-THUYNHIEN,Vietnam,Strict,XGBoost,3,0,0.4827546775341034,0
2436,RCN01861,1181-PF-VN-THUYNHIEN,Vietnam,Strict,XGBoost,3,1,0.5690231919288635,1
2437,RCN01862,1181-PF-VN-THUYNHIEN,Vietnam,Strict,XGBoost,3,1,0.49309656023979187,0
2438,RCN01863,1181-PF-VN-THUYNHIEN,Vietnam,Strict,XGBoost,3,1,0.9965497255325317,1
2439,RCN01864,1181-PF-VN-THUYNHIEN,Vietnam,Strict,XGBoost,3,1,0.9980369210243225,1
2440,RCN01865,1181-PF-VN-THUYNHIEN,Vietnam,Strict,XGBoost,3,0,0.047918811440467834,0
2441,RCN01867,1181-PF-VN-THUYNHIEN,Vietnam,Strict,XGBoost,3,0,0.6391195058822632,1
2442,RCN01869,1181-PF-VN-THUYNHIEN,Vietnam,Strict,XGBoost,3,0,0.4412798285484314,0
2443,RCN01871,1181-PF-VN-THUYNHIEN,Vietnam,Strict,XGBoost,3,1,0.3447524607181549,0
2444,RCN01872,1181-PF-VN-THUYNHIEN,Vietnam,Strict,XGBoost,3,0,0.5924369692802429,1
2445,RCN01874,1181-PF-VN-THUYNHIEN,Vietnam,Strict,XGBoost,3,1,0.9934991598129272,1
2446,RCN01875,1181-PF-VN-THUYNHIEN,Vietnam,Strict,XGBoost,3,1,0.994536817073822,1
2447,RCN01876,1181-PF-VN-THUYNHIEN,Vietnam,Strict,XGBoost,3,1,0.9924869537353516,1
2448,RCN01877,1181-PF-VN-THUYNHIEN,Vietnam,Strict,XGBoost,3,1,0.9958359003067017,1
2449,RCN01878,1181-PF-VN-THUYNHIEN,Vietnam,Strict,XGBoost,3,1,0.5402090549468994,1
2450,RCN01879,1181-PF-VN-THUYNHIEN,Vietnam,Strict,XGBoost,3,1,0.9958359003067017,1
2624,RCN07825,1195-PF-TRAC2-DONDORP,Cambodia,Strict,XGBoost,3,0,0.9920028448104858,1
2625,RCN07826,1195-PF-TRAC2-DONDORP,Cambodia,Strict,XGBoost,3,1,0.9912002682685852,1
2626,RCN07827,1195-PF-TRAC2-DONDORP,Cambodia,Strict,XGBoost,3,1,0.9959897398948669,1
2627,RCN07828,1195-PF-TRAC2-DONDORP,Cambodia,Strict,XGBoost,3,1,0.9708866477012634,1
2628,RCN07829,1195-PF-TRAC2-DONDORP,Cambodia,Strict,XGBoost,3,1,0.9981393814086914,1
2629,RCN07830,1195-PF-TRAC2-DONDORP,Cambodia,Strict,XGBoost,3,1,0.99748694896698,1
2630,RCN07836,1195-PF-TRAC2-DONDORP,Cambodia,Strict,XGBoost,3,1,0.9951663017272949,1
2631,RCN07837,1195-PF-TRAC2-DONDORP,Cambodia,Strict,XGBoost,3,1,0.987664520740509,1
2632,RCN07838,1195-PF-TRAC2-DONDORP,Cambodia,Strict,XGBoost,3,1,0.9956424236297607,1
2633,RCN07839,1195-PF-TRAC2-DONDORP,Cambodia,Strict,XGBoost,3,1,0.9950762391090393,1
2634,RCN07842,1195-PF-TRAC2-DONDORP,Cambodia,Strict,XGBoost,3,1,0.994437575340271,1
2635,RCN07843,1195-PF-TRAC2-DONDORP,Cambodia,Strict,XGBoost,3,1,0.9946240186691284,1
2636,RCN07845,1195-PF-TRAC2-DONDORP,Cambodia,Strict,XGBoost,3,1,0.9958194494247437,1
2637,RCN07848,1195-PF-TRAC2-DONDORP,Cambodia,Strict,XGBoost,3,1,0.9926213026046753,1
2638,RCN07849,1195-PF-TRAC2-DONDORP,Cambodia,Strict,XGBoost,3,1,0.9945871829986572,1
2639,RCN07851,1195-PF-TRAC2-DONDORP,Cambodia,Strict,XGBoost,3,0,0.014078458771109581,0
2640,RCN07852,1195-PF-TRAC2-DONDORP,Cambodia,Strict,XGBoost,3,1,0.9929965138435364,1
2641,RCN07853,1195-PF-TRAC2-DONDORP,Cambodia,Strict,XGBoost,3,1,0.9952285289764404,1
2642,RCN07854,1195-PF-TRAC2-DONDORP,Cambodia,Strict,XGBoost,3,1,0.9920254349708557,1
2643,RCN07856,1195-PF-TRAC2-DONDORP,Cambodia,Strict,XGBoost,3,1,0.9908738136291504,1
2644,RCN07858,1195-PF-TRAC2-DONDORP,Cambodia,Strict,XGBoost,3,1,0.9973213076591492,1
2645,RCN07859,1195-PF-TRAC2-DONDORP,Cambodia,Strict,XGBoost,3,1,0.9959450364112854,1
2646,RCN07860,1195-PF-TRAC2-DONDORP,Cambodia,Strict,XGBoost,3,1,0.9967807531356812,1
2647,RCN07864,1195-PF-TRAC2-DONDORP,Cambodia,Strict,XGBoost,3,1,0.9694939255714417,1
2648,RCN07865,1195-PF-TRAC2-DONDORP,Cambodia,Strict,XGBoost,3,1,0.9631412625312805,1
2649,RCN07951,1195-PF-TRAC2-DONDORP,Cambodia,Strict,XGBoost,3,1,0.9889459013938904,1
2650,RCN07954,1195-PF-TRAC2-DONDORP,Cambodia,Strict,XGBoost,3,1,0.8357324004173279,1
2651,RCN07994,1195-PF-TRAC2-DONDORP,Cambodia,Strict,XGBoost,3,1,0.9953365921974182,1
2652,RCN08001,1195-PF-TRAC2-DONDORP,Cambodia,Strict,XGBoost,3,1,0.9949387311935425,1
2653,RCN08009,1195-PF-TRAC2-DONDORP,Cambodia,Strict,XGBoost,3,1,0.9978457689285278,1
2654,RCN08011,1195-PF-TRAC2-DONDORP,Cambodia,Strict,XGBoost,3,1,0.9981932044029236,1
2655,RCN08013,1195-PF-TRAC2-DONDORP,Cambodia,Strict,XGBoost,3,1,0.9860553741455078,1
2656,RCN08015,1195-PF-TRAC2-DONDORP,Cambodia,Strict,XGBoost,3,1,0.9940721392631531,1
2657,RCN08017,1195-PF-TRAC2-DONDORP,Cambodia,Strict,XGBoost,3,1,0.9948450326919556,1
2658,RCN08019,1195-PF-TRAC2-DONDORP,Cambodia,Strict,XGBoost,3,1,0.994408369064331,1
2659,RCN08021,1195-PF-TRAC2-DONDORP,Cambodia,Strict,XGBoost,3,1,0.9951426982879639,1
2660,RCN08023,1195-PF-TRAC2-DONDORP,Cambodia,Strict,XGBoost,3,1,0.9948935508728027,1
2661,RCN08026,1195-PF-TRAC2-DONDORP,Cambodia,Strict,XGBoost,3,1,0.991432785987854,1
2662,RCN08027,1195-PF-TRAC2-DONDORP,Cambodia,Strict,XGBoost,3,1,0.9895433187484741,1
2663,RCN08029,1195-PF-TRAC2-DONDORP,Cambodia,Strict,XGBoost,3,1,0.993691086769104,1
2664,RCN08031,1195-PF-TRAC2-DONDORP,Cambodia,Strict,XGBoost,3,1,0.993691086769104,1
2665,RCN08033,1195-PF-TRAC2-DONDORP,Cambodia,Strict,XGBoost,3,1,0.9973213076591492,1
2666,RCN08035,1195-PF-TRAC2-DONDORP,Cambodia,Strict,XGBoost,3,1,0.9961205124855042,1
2667,RCN08037,1195-PF-TRAC2-DONDORP,Cambodia,Strict,XGBoost,3,1,0.9951426982879639,1
2668,RCN08039,1195-PF-TRAC2-DONDORP,Cambodia,Strict,XGBoost,3,1,0.9951426982879639,1
2669,RCN08042,1195-PF-TRAC2-DONDORP,Cambodia,Strict,XGBoost,3,1,0.9941419959068298,1
2670,RCN08044,1195-PF-TRAC2-DONDORP,Cambodia,Strict,XGBoost,3,1,0.9955682158470154,1
2671,RCN08045,1195-PF-TRAC2-DONDORP,Cambodia,Strict,XGBoost,3,1,0.9953398704528809,1
2672,RCN08047,1195-PF-TRAC2-DONDORP,Cambodia,Strict,XGBoost,3,1,0.9955682158470154,1
2673,RCN08050,1195-PF-TRAC2-DONDORP,Cambodia,Strict,XGBoost,3,1,0.9969081282615662,1
2674,RCN08051,1195-PF-TRAC2-DONDORP,Thailand,Strict,XGBoost,3,1,0.9944656491279602,1
2675,RCN08053,1195-PF-TRAC2-DONDORP,Thailand,Strict,XGBoost,3,1,0.9959713816642761,1
2676,RCN08055,1195-PF-TRAC2-DONDORP,Thailand,Strict,XGBoost,3,1,0.9925623536109924,1
2677,RCN08057,1195-PF-TRAC2-DONDORP,Thailand,Strict,XGBoost,3,1,0.9935612678527832,1
2678,RCN08060,1195-PF-TRAC2-DONDORP,Thailand,Strict,XGBoost,3,1,0.9959713816642761,1
2679,RCN08061,1195-PF-TRAC2-DONDORP,Thailand,Strict,XGBoost,3,1,0.9937036633491516,1
2680,RCN08063,1195-PF-TRAC2-DONDORP,Thailand,Strict,XGBoost,3,1,0.9931475520133972,1
2681,RCN08069,1195-PF-TRAC2-DONDORP,Thailand,Strict,XGBoost,3,1,0.9955667853355408,1
2682,RCN08071,1195-PF-TRAC2-DONDORP,Thailand,Strict,XGBoost,3,1,0.9947236776351929,1
2683,RCN08075,1195-PF-TRAC2-DONDORP,Thailand,Strict,XGBoost,3,1,0.9951856732368469,1
2684,RCN08079,1195-PF-TRAC2-DONDORP,Thailand,Strict,XGBoost,3,1,0.9947550296783447,1
2685,RCN08082,1195-PF-TRAC2-DONDORP,Thailand,Strict,XGBoost,3,1,0.9965026378631592,1
2686,RCN08084,1195-PF-TRAC2-DONDORP,Thailand,Strict,XGBoost,3,1,0.9904851317405701,1
2687,RCN08086,1195-PF-TRAC2-DONDORP,Thailand,Strict,XGBoost,3,1,0.994408369064331,1
2688,RCN08087,1195-PF-TRAC2-DONDORP,Thailand,Strict,XGBoost,3,1,0.994408369064331,1
2689,RCN08091,1195-PF-TRAC2-DONDORP,Myanmar,Strict,XGBoost,3,0,0.13960203528404236,0
2690,RCN08092,1195-PF-TRAC2-DONDORP,Myanmar,Strict,XGBoost,3,0,0.5789989233016968,1
2691,RCN08093,1195-PF-TRAC2-DONDORP,Myanmar,Strict,XGBoost,3,0,0.05819494277238846,0
2692,RCN08094,1195-PF-TRAC2-DONDORP,Myanmar,Strict,XGBoost,3,0,0.5353237986564636,1
2693,RCN08095,1195-PF-TRAC2-DONDORP,Myanmar,Strict,XGBoost,3,0,0.632847249507904,1
2694,RCN08096,1195-PF-TRAC2-DONDORP,Myanmar,Strict,XGBoost,3,0,0.6571818590164185,1
2695,RCN08097,1195-PF-TRAC2-DONDORP,Myanmar,Strict,XGBoost,3,0,0.507026731967926,1
2696,RCN08098,1195-PF-TRAC2-DONDORP,Myanmar,Strict,XGBoost,3,0,0.6408563256263733,1
2697,RCN08099,1195-PF-TRAC2-DONDORP,Myanmar,Strict,XGBoost,3,0,0.5935779213905334,1
2698,RCN08100,1195-PF-TRAC2-DONDORP,Vietnam,Strict,XGBoost,3,1,0.9928998947143555,1
2699,RCN08101,1195-PF-TRAC2-DONDORP,Vietnam,Strict,XGBoost,3,1,0.9981932044029236,1
2700,RCN08103,1195-PF-TRAC2-DONDORP,Vietnam,Strict,XGBoost,3,1,0.9981932044029236,1
2701,RCN08105,1195-PF-TRAC2-DONDORP,Vietnam,Strict,XGBoost,3,1,0.9955682158470154,1
2702,RCN08106,1195-PF-TRAC2-DONDORP,Vietnam,Strict,XGBoost,3,1,0.9981029033660889,1
2703,RCN08107,1195-PF-TRAC2-DONDORP,Vietnam,Strict,XGBoost,3,1,0.9981932044029236,1
2704,RCN08112,1195-PF-TRAC2-DONDORP,Vietnam,Strict,XGBoost,3,1,0.9803295135498047,1
2705,RCN08113,1195-PF-TRAC2-DONDORP,Vietnam,Strict,XGBoost,3,1,0.9941216111183167,1
2706,RCN08114,1195-PF-TRAC2-DONDORP,Vietnam,Strict,XGBoost,3,1,0.9984034895896912,1
2707,RCN08115,1195-PF-TRAC2-DONDORP,Vietnam,Strict,XGBoost,3,0,0.017335377633571625,0
2708,RCN08116,1195-PF-TRAC2-DONDORP,Vietnam,Strict,XGBoost,3,1,0.9984034895896912,1
2709,RCN08117,1195-PF-TRAC2-DONDORP,Vietnam,Strict,XGBoost,3,1,0.9981355667114258,1
2710,RCN08118,1195-PF-TRAC2-DONDORP,Vietnam,Strict,XGBoost,3,1,0.9981932044029236,1
2711,RCN08119,1195-PF-TRAC2-DONDORP,Vietnam,Strict,XGBoost,3,1,0.605644702911377,1
2712,RCN08120,1195-PF-TRAC2-DONDORP,Vietnam,Strict,XGBoost,3,1,0.9984861016273499,1
2713,RCN08121,1195-PF-TRAC2-DONDORP,Vietnam,Strict,XGBoost,3,1,0.994669497013092,1
2714,RCN08122,1195-PF-TRAC2-DONDORP,Vietnam,Strict,XGBoost,3,1,0.9955682158470154,1
2715,RCN08123,1195-PF-TRAC2-DONDORP,Vietnam,Strict,XGBoost,3,1,0.5256520509719849,1
2716,RCN08124,1195-PF-TRAC2-DONDORP,Vietnam,Strict,XGBoost,3,1,0.9977996945381165,1
2717,RCN08126,1195-PF-TRAC2-DONDORP,Vietnam,Strict,XGBoost,3,1,0.9987404942512512,1
2718,RCN08127,1195-PF-TRAC2-DONDORP,Vietnam,Strict,XGBoost,3,1,0.9971713423728943,1
2719,RCN08129,1195-PF-TRAC2-DONDORP,Vietnam,Strict,XGBoost,3,1,0.9989446997642517,1
2720,RCN08130,1195-PF-TRAC2-DONDORP,Vietnam,Strict,XGBoost,3,1,0.9952482581138611,1
2721,RCN08131,1195-PF-TRAC2-DONDORP,Vietnam,Strict,XGBoost,3,1,0.9969081282615662,1
2722,RCN08132,1195-PF-TRAC2-DONDORP,Vietnam,Strict,XGBoost,3,1,0.9964674711227417,1
2723,RCN08135,1195-PF-TRAC2-DONDORP,Vietnam,Strict,XGBoost,3,1,0.9987404942512512,1
2724,RCN08136,1195-PF-TRAC2-DONDORP,Vietnam,Strict,XGBoost,3,1,0.9959113597869873,1
2725,RCN08137,1195-PF-TRAC2-DONDORP,Vietnam,Strict,XGBoost,3,1,0.9945658445358276,1
2726,RCN08138,1195-PF-TRAC2-DONDORP,Vietnam,Strict,XGBoost,3,1,0.9922264814376831,1
2727,RCN08139,1195-PF-TRAC2-DONDORP,Vietnam,Strict,XGBoost,3,1,0.9966108202934265,1
2728,RCN08140,1195-PF-TRAC2-DONDORP,Vietnam,Strict,XGBoost,3,1,0.9946468472480774,1
2729,RCN08141,1195-PF-TRAC2-DONDORP,Vietnam,Strict,XGBoost,3,1,0.9988871216773987,1
2730,RCN08143,1195-PF-TRAC2-DONDORP,Vietnam,Strict,XGBoost,3,1,0.9988871216773987,1
2731,RCN08144,1195-PF-TRAC2-DONDORP,Vietnam,Strict,XGBoost,3,1,0.9976674914360046,1
2732,RCN08145,1195-PF-TRAC2-DONDORP,Vietnam,Strict,XGBoost,3,1,0.9969081282615662,1
2733,RCN08147,1195-PF-TRAC2-DONDORP,Vietnam,Strict,XGBoost,3,1,0.9987404942512512,1
2734,RCN08148,1195-PF-TRAC2-DONDORP,Vietnam,Strict,XGBoost,3,1,0.9987404942512512,1
2735,RCN08149,1195-PF-TRAC2-DONDORP,Vietnam,Strict,XGBoost,3,1,0.99787437915802,1
2736,RCN08150,1195-PF-TRAC2-DONDORP,Vietnam,Strict,XGBoost,3,1,0.9915637969970703,1
2737,RCN08154,1195-PF-TRAC2-DONDORP,Vietnam,Strict,XGBoost,3,1,0.9987404942512512,1
2738,RCN08156,1195-PF-TRAC2-DONDORP,Vietnam,Strict,XGBoost,3,1,0.9988871216773987,1
2739,RCN08158,1195-PF-TRAC2-DONDORP,Vietnam,Strict,XGBoost,3,1,0.9968956708908081,1
2740,RCN08161,1195-PF-TRAC2-DONDORP,Vietnam,Strict,XGBoost,3,1,0.9978804588317871,1
2741,RCN08240,1195-PF-TRAC2-DONDORP,Thailand,Strict,XGBoost,3,1,0.9934693574905396,1
2742,RCN08364,1195-PF-TRAC2-DONDORP,Myanmar,Strict,XGBoost,3,0,0.26270928978919983,0
2743,RCN08365,1195-PF-TRAC2-DONDORP,Myanmar,Strict,XGBoost,3,0,0.22677017748355865,0
2744,RCN08366,1195-PF-TRAC2-DONDORP,Myanmar,Strict,XGBoost,3,0,0.1904739886522293,0
2745,RCN08367,1195-PF-TRAC2-DONDORP,Myanmar,Strict,XGBoost,3,0,0.2685455083847046,0
2746,RCN08368,1195-PF-TRAC2-DONDORP,Myanmar,Strict,XGBoost,3,0,0.10849021375179291,0
2747,RCN08370,1195-PF-TRAC2-DONDORP,Myanmar,Strict,XGBoost,3,0,0.19580352306365967,0
2748,RCN08371,1195-PF-TRAC2-DONDORP,Myanmar,Strict,XGBoost,3,0,0.08652529865503311,0
2749,RCN08372,1195-PF-TRAC2-DONDORP,Myanmar,Strict,XGBoost,3,1,0.658586323261261,1
2750,RCN08374,1195-PF-TRAC2-DONDORP,Myanmar,Strict,XGBoost,3,0,0.2281036674976349,0
2751,RCN08375,1195-PF-TRAC2-DONDORP,Myanmar,Strict,XGBoost,3,0,0.17789044976234436,0
2752,RCN08376,1195-PF-TRAC2-DONDORP,Myanmar,Strict,XGBoost,3,0,0.6595001220703125,1
2753,RCN08377,1195-PF-TRAC2-DONDORP,Myanmar,Strict,XGBoost,3,0,0.728918194770813,1
2754,RCN08378,1195-PF-TRAC2-DONDORP,Myanmar,Strict,XGBoost,3,0,0.42070284485816956,0
2755,RCN08379,1195-PF-TRAC2-DONDORP,Myanmar,Strict,XGBoost,3,0,0.6735593676567078,1
2756,RCN08380,1195-PF-TRAC2-DONDORP,Myanmar,Strict,XGBoost,3,0,0.734680712223053,1
2757,RCN08381,1195-PF-TRAC2-DONDORP,Myanmar,Strict,XGBoost,3,0,0.6663764119148254,1
2758,RCN08382,1195-PF-TRAC2-DONDORP,Myanmar,Strict,XGBoost,3,0,0.7392982840538025,1
2759,RCN08383,1195-PF-TRAC2-DONDORP,Myanmar,Strict,XGBoost,3,0,0.6058892607688904,1
2760,RCN08384,1195-PF-TRAC2-DONDORP,Myanmar,Strict,XGBoost,3,0,0.5468950867652893,1
2761,RCN08385,1195-PF-TRAC2-DONDORP,Myanmar,Strict,XGBoost,3,0,0.6635282635688782,1
2762,RCN08386,1195-PF-TRAC2-DONDORP,Myanmar,Strict,XGBoost,3,0,0.6416099667549133,1
2763,RCN08387,1195-PF-TRAC2-DONDORP,Myanmar,Strict,XGBoost,3,0,0.17367129027843475,0
2764,RCN08388,1195-PF-TRAC2-DONDORP,Myanmar,Strict,XGBoost,3,0,0.15184657275676727,0
2765,RCN08389,1195-PF-TRAC2-DONDORP,Laos,Strict,XGBoost,3,0,0.010556474328041077,0
2766,RCN08390,1195-PF-TRAC2-DONDORP,Laos,Strict,XGBoost,3,0,0.01630113273859024,0
2767,RCN08392,1195-PF-TRAC2-DONDORP,Laos,Strict,XGBoost,3,0,0.018039001151919365,0
2768,RCN08393,1195-PF-TRAC2-DONDORP,Thailand,Strict,XGBoost,3,1,0.9931434392929077,1
3610,RCN10199,1195-PF-TRAC2-DONDORP,Cambodia,Strict,XGBoost,3,1,0.996625542640686,1
3611,RCN10200,1195-PF-TRAC2-DONDORP,Cambodia,Strict,XGBoost,3,1,0.996775209903717,1
3612,RCN10201,1195-PF-TRAC2-DONDORP,Cambodia,Strict,XGBoost,3,1,0.9962517619132996,1
3613,RCN10202,1195-PF-TRAC2-DONDORP,Cambodia,Strict,XGBoost,3,1,0.9967122077941895,1
3614,RCN10203,1195-PF-TRAC2-DONDORP,Cambodia,Strict,XGBoost,3,1,0.9942108392715454,1
3615,RCN10204,1195-PF-TRAC2-DONDORP,Cambodia,Strict,XGBoost,3,1,0.9980144500732422,1
3616,RCN10205,1195-PF-TRAC2-DONDORP,Cambodia,Strict,XGBoost,3,1,0.9980144500732422,1
3617,RCN10208,1195-PF-TRAC2-DONDORP,Cambodia,Strict,XGBoost,3,1,0.9949471354484558,1
4008,RCN11358,1181-PF-VN-THUYNHIEN,Vietnam,Strict,XGBoost,3,1,0.9957371950149536,1
4009,RCN11360,1181-PF-VN-THUYNHIEN,Vietnam,Strict,XGBoost,3,1,0.9980243444442749,1
4010,RCN11361,1181-PF-VN-THUYNHIEN,Vietnam,Strict,XGBoost,3,1,0.9976587295532227,1
4011,RCN11374,1181-PF-VN-THUYNHIEN,Vietnam,Strict,XGBoost,3,1,0.9987404942512512,1
4012,RCN11375,1181-PF-VN-THUYNHIEN,Vietnam,Strict,XGBoost,3,1,0.9987207055091858,1
4013,RCN11376,1181-PF-VN-THUYNHIEN,Vietnam,Strict,XGBoost,3,1,0.9587390422821045,1
4014,RCN11378,1181-PF-VN-THUYNHIEN,Vietnam,Strict,XGBoost,3,1,0.9987002611160278,1
4015,RCN11379,1181-PF-VN-THUYNHIEN,Vietnam,Strict,XGBoost,3,1,0.8923565149307251,1
4016,RCN11380,1181-PF-VN-THUYNHIEN,Vietnam,Strict,XGBoost,3,1,0.9975482821464539,1
4017,RCN11381,1181-PF-VN-THUYNHIEN,Vietnam,Strict,XGBoost,3,1,0.9971840977668762,1
4018,RCN11382,1181-PF-VN-THUYNHIEN,Vietnam,Strict,XGBoost,3,1,0.9983634352684021,1
4019,RCN11383,1181-PF-VN-THUYNHIEN,Vietnam,Strict,XGBoost,3,1,0.9987797141075134,1
4020,RCN11384,1181-PF-VN-THUYNHIEN,Vietnam,Strict,XGBoost,3,1,0.9989446997642517,1
4021,RCN11385,1181-PF-VN-THUYNHIEN,Vietnam,Strict,XGBoost,3,1,0.9956022500991821,1
4022,RCN11386,1181-PF-VN-THUYNHIEN,Vietnam,Strict,XGBoost,3,1,0.9969081282615662,1
4023,RCN11387,1181-PF-VN-THUYNHIEN,Vietnam,Strict,XGBoost,3,1,0.9986293315887451,1
4024,RCN11388,1181-PF-VN-THUYNHIEN,Vietnam,Strict,XGBoost,3,1,0.9976624250411987,1
4025,RCN11389,1181-PF-VN-THUYNHIEN,Vietnam,Strict,XGBoost,3,1,0.9989446997642517,1
4026,RCN11390,1181-PF-VN-THUYNHIEN,Vietnam,Strict,XGBoost,3,1,0.9986226558685303,1
4027,RCN11391,1181-PF-VN-THUYNHIEN,Vietnam,Strict,XGBoost,3,1,0.9982869029045105,1
4028,RCN11392,1181-PF-VN-THUYNHIEN,Vietnam,Strict,XGBoost,3,1,0.9987900853157043,1
4029,RCN11393,1181-PF-VN-THUYNHIEN,Vietnam,Strict,XGBoost,3,1,0.9576316475868225,1
4030,RCN11394,1181-PF-VN-THUYNHIEN,Vietnam,Strict,XGBoost,3,1,0.9986293315887451,1
4031,RCN11397,1181-PF-VN-THUYNHIEN,Vietnam,Strict,XGBoost,3,1,0.9987002611160278,1
4032,RCN11399,1181-PF-VN-THUYNHIEN,Vietnam,Strict,XGBoost,3,1,0.9977996945381165,1
4033,RCN11400,1181-PF-VN-THUYNHIEN,Vietnam,Strict,XGBoost,3,1,0.9987404942512512,1
4034,RCN11401,1181-PF-VN-THUYNHIEN,Vietnam,Strict,XGBoost,3,0,0.03411807492375374,0
4035,RCN11402,1181-PF-VN-THUYNHIEN,Vietnam,Strict,XGBoost,3,1,0.998319685459137,1
4036,RCN11403,1181-PF-VN-THUYNHIEN,Vietnam,Strict,XGBoost,3,1,0.9967491626739502,1
4037,RCN11404,1181-PF-VN-THUYNHIEN,Vietnam,Strict,XGBoost,3,1,0.996436595916748,1
4038,RCN11405,1181-PF-VN-THUYNHIEN,Vietnam,Strict,XGBoost,3,1,0.9986775517463684,1
4039,RCN11407,1181-PF-VN-THUYNHIEN,Vietnam,Strict,XGBoost,3,1,0.9986775517463684,1
4040,RCN11408,1181-PF-VN-THUYNHIEN,Vietnam,Strict,XGBoost,3,1,0.9966108202934265,1
4041,RCN11409,1181-PF-VN-THUYNHIEN,Vietnam,Strict,XGBoost,3,1,0.8521300554275513,1
4042,RCN11410,1181-PF-VN-THUYNHIEN,Vietnam,Strict,XGBoost,3,1,0.9987404942512512,1
4043,RCN11413,1181-PF-VN-THUYNHIEN,Vietnam,Strict,XGBoost,3,1,0.9965566396713257,1
4044,RCN11414,1181-PF-VN-THUYNHIEN,Vietnam,Strict,XGBoost,3,1,0.9967491626739502,1
4045,RCN11415,1181-PF-VN-THUYNHIEN,Vietnam,Strict,XGBoost,3,1,0.7751742601394653,1
4046,RCN11417,1181-PF-VN-THUYNHIEN,Vietnam,Strict,XGBoost,3,1,0.9976359605789185,1
4047,RCN11418,1181-PF-VN-THUYNHIEN,Vietnam,Strict,XGBoost,3,1,0.9986775517463684,1
4048,RCN11419,1181-PF-VN-THUYNHIEN,Vietnam,Strict,XGBoost,3,1,0.9988871216773987,1
4049,RCN11421,1181-PF-VN-THUYNHIEN,Vietnam,Strict,XGBoost,3,1,0.9071980118751526,1
4050,RCN11424,1181-PF-VN-THUYNHIEN,Vietnam,Strict,XGBoost,3,1,0.9986293315887451,1
4051,RCN11425,1181-PF-VN-THUYNHIEN,Vietnam,Strict,XGBoost,3,1,0.9982869029045105,1
4052,RCN11428,1181-PF-VN-THUYNHIEN,Vietnam,Strict,XGBoost,3,1,0.9987404942512512,1
4053,RCN11429,1181-PF-VN-THUYNHIEN,Vietnam,Strict,XGBoost,3,1,0.9976624250411987,1
4054,RCN11430,1181-PF-VN-THUYNHIEN,Vietnam,Strict,XGBoost,3,1,0.998040497303009,1
4055,RCN11431,1181-PF-VN-THUYNHIEN,Vietnam,Strict,XGBoost,3,1,0.9986775517463684,1
4056,RCN11433,1181-PF-VN-THUYNHIEN,Vietnam,Strict,XGBoost,3,1,0.9962672591209412,1
4057,RCN11434,1181-PF-VN-THUYNHIEN,Vietnam,Strict,XGBoost,3,1,0.9979343414306641,1
4058,RCN11437,1181-PF-VN-THUYNHIEN,Vietnam,Strict,XGBoost,3,1,0.9971258044242859,1
4059,RCN11438,1181-PF-VN-THUYNHIEN,Vietnam,Strict,XGBoost,3,1,0.997789740562439,1
4060,RCN11459,1181-PF-VN-THUYNHIEN,Vietnam,Strict,XGBoost,3,1,0.9969081282615662,1
4061,RCN11460,1181-PF-VN-THUYNHIEN,Vietnam,Strict,XGBoost,3,1,0.9977820515632629,1
4062,RCN11461,1181-PF-VN-THUYNHIEN,Vietnam,Strict,XGBoost,3,1,0.9977549910545349,1
4063,RCN11462,1181-PF-VN-THUYNHIEN,Vietnam,Strict,XGBoost,3,1,0.9968501925468445,1
4064,RCN11463,1181-PF-VN-THUYNHIEN,Vietnam,Strict,XGBoost,3,1,0.9977777600288391,1
4065,RCN11464,1181-PF-VN-THUYNHIEN,Vietnam,Strict,XGBoost,3,1,0.9972938895225525,1
4066,RCN11465,1181-PF-VN-THUYNHIEN,Vietnam,Strict,XGBoost,3,1,0.9987404942512512,1
4067,RCN11466,1181-PF-VN-THUYNHIEN,Vietnam,Strict,XGBoost,3,1,0.9975456595420837,1
4068,RCN11467,1181-PF-VN-THUYNHIEN,Vietnam,Strict,XGBoost,3,0,0.7317329049110413,1
4069,RCN11468,1181-PF-VN-THUYNHIEN,Vietnam,Strict,XGBoost,3,1,0.99803227186203,1
4070,RCN11469,1181-PF-VN-THUYNHIEN,Vietnam,Strict,XGBoost,3,1,0.99787437915802,1
4071,RCN11470,1181-PF-VN-THUYNHIEN,Vietnam,Strict,XGBoost,3,1,0.9986914992332458,1
4072,RCN11471,1181-PF-VN-THUYNHIEN,Vietnam,Strict,XGBoost,3,1,0.9287422299385071,1
4073,RCN11472,1181-PF-VN-THUYNHIEN,Vietnam,Strict,XGBoost,3,1,0.9989446997642517,1
4074,RCN11473,1181-PF-VN-THUYNHIEN,Vietnam,Strict,XGBoost,3,1,0.9976832866668701,1
4075,RCN11474,1181-PF-VN-THUYNHIEN,Vietnam,Strict,XGBoost,3,1,0.9985982775688171,1
4076,RCN11475,1181-PF-VN-THUYNHIEN,Vietnam,Strict,XGBoost,3,1,0.99803227186203,1
4077,RCN11476,1181-PF-VN-THUYNHIEN,Vietnam,Strict,XGBoost,3,1,0.9978804588317871,1
4078,RCN11477,1181-PF-VN-THUYNHIEN,Vietnam,Strict,XGBoost,3,1,0.9976624250411987,1
4079,RCN11478,1181-PF-VN-THUYNHIEN,Vietnam,Strict,XGBoost,3,1,0.9989446997642517,1
4080,RCN11479,1181-PF-VN-THUYNHIEN,Vietnam,Strict,XGBoost,3,1,0.9977820515632629,1
4081,RCN11480,1181-PF-VN-THUYNHIEN,Vietnam,Strict,XGBoost,3,1,0.9978804588317871,1
4082,RCN11481,1181-PF-VN-THUYNHIEN,Vietnam,Strict,XGBoost,3,1,0.9971177577972412,1
4506,RCN12357,1195-PF-TRAC2-DONDORP,Thailand,Strict,XGBoost,3,1,0.9860643148422241,1
4507,RCN12358,1195-PF-TRAC2-DONDORP,Thailand,Strict,XGBoost,3,1,0.986447811126709,1
4508,RCN12359,1195-PF-TRAC2-DONDORP,Thailand,Strict,XGBoost,3,1,0.9947210550308228,1
4509,RCN12361,1195-PF-TRAC2-DONDORP,Cambodia,Strict,XGBoost,3,1,0.9946187734603882,1
4510,RCN12362,1195-PF-TRAC2-DONDORP,Cambodia,Strict,XGBoost,3,1,0.9834423661231995,1
4511,RCN12363,1195-PF-TRAC2-DONDORP,Cambodia,Strict,XGBoost,3,1,0.9923689365386963,1
4512,RCN12364,1195-PF-TRAC2-DONDORP,Cambodia,Strict,XGBoost,3,1,0.9914551973342896,1
4513,RCN12365,1195-PF-TRAC2-DONDORP,Cambodia,Strict,XGBoost,3,0,0.9946011304855347,1
4514,RCN12366,1195-PF-TRAC2-DONDORP,Vietnam,Strict,XGBoost,3,1,0.9984122514724731,1
4515,RCN12367,1195-PF-TRAC2-DONDORP,Vietnam,Strict,XGBoost,3,1,0.9979153275489807,1
4516,RCN12369,1195-PF-TRAC2-DONDORP,Vietnam,Strict,XGBoost,3,1,0.9967972636222839,1
4517,RCN12370,1195-PF-TRAC2-DONDORP,Vietnam,Strict,XGBoost,3,1,0.997951090335846,1
4518,RCN12371,1195-PF-TRAC2-DONDORP,Vietnam,Strict,XGBoost,3,1,0.9972699284553528,1
4519,RCN12372,1195-PF-TRAC2-DONDORP,Vietnam,Strict,XGBoost,3,1,0.9976208806037903,1
4520,RCN12373,1195-PF-TRAC2-DONDORP,Vietnam,Strict,XGBoost,3,1,0.996523916721344,1
4521,RCN12374,1195-PF-TRAC2-DONDORP,Vietnam,Strict,XGBoost,3,1,0.8438332676887512,1
4522,RCN12375,1195-PF-TRAC2-DONDORP,Vietnam,Strict,XGBoost,3,1,0.9130794405937195,1
4523,RCN12376,1195-PF-TRAC2-DONDORP,Vietnam,Strict,XGBoost,3,1,0.9983037710189819,1
4524,RCN12378,1195-PF-TRAC2-DONDORP,Vietnam,Strict,XGBoost,3,1,0.998258650302887,1
4525,RCN12379,1195-PF-TRAC2-DONDORP,Vietnam,Strict,XGBoost,3,1,0.9974991679191589,1
4526,RCN12380,1195-PF-TRAC2-DONDORP,Vietnam,Strict,XGBoost,3,1,0.858364999294281,1
4527,RCN12381,1195-PF-TRAC2-DONDORP,Vietnam,Strict,XGBoost,3,1,0.9931434392929077,1
4528,RCN12382,1195-PF-TRAC2-DONDORP,Vietnam,Strict,XGBoost,3,1,0.9952979683876038,1
4529,RCN12383,1195-PF-TRAC2-DONDORP,Vietnam,Strict,XGBoost,3,1,0.9920352101325989,1
4530,RCN12384,1195-PF-TRAC2-DONDORP,Vietnam,Strict,XGBoost,3,0,0.16766397655010223,0
4531,RCN12385,1195-PF-TRAC2-DONDORP,Vietnam,Strict,XGBoost,3,0,0.24486857652664185,0
4532,RCN12386,1195-PF-TRAC2-DONDORP,Vietnam,Strict,XGBoost,3,1,0.9962899684906006,1
4533,RCN12387,1195-PF-TRAC2-DONDORP,Vietnam,Strict,XGBoost,3,1,0.9982025623321533,1
4534,RCN12388,1195-PF-TRAC2-DONDORP,Vietnam,Strict,XGBoost,3,1,0.9949786067008972,1
4535,RCN12389,1195-PF-TRAC2-DONDORP,Vietnam,Strict,XGBoost,3,1,0.9975327253341675,1
4536,RCN12390,1195-PF-TRAC2-DONDORP,Vietnam,Strict,XGBoost,3,1,0.9909074306488037,1
4537,RCN12391,1195-PF-TRAC2-DONDORP,Vietnam,Strict,XGBoost,3,1,0.9918491840362549,1
4538,RCN12393,1195-PF-TRAC2-DONDORP,Vietnam,Strict,XGBoost,3,1,0.9956093430519104,1
4539,RCN12394,1195-PF-TRAC2-DONDORP,Vietnam,Strict,XGBoost,3,0,0.2308419942855835,0
4540,RCN12397,1195-PF-TRAC2-DONDORP,Myanmar,Strict,XGBoost,3,0,0.7014952898025513,1
4541,RCN12398,1195-PF-TRAC2-DONDORP,Myanmar,Strict,XGBoost,3,0,0.5638642311096191,1
4542,RCN12401,1195-PF-TRAC2-DONDORP,Myanmar,Strict,XGBoost,3,1,0.3118145167827606,0
4543,RCN12402,1195-PF-TRAC2-DONDORP,Myanmar,Strict,XGBoost,3,1,0.3171786367893219,0
4544,RCN12403,1195-PF-TRAC2-DONDORP,Myanmar,Strict,XGBoost,3,1,0.27996283769607544,0
4545,RCN12404,1195-PF-TRAC2-DONDORP,Myanmar,Strict,XGBoost,3,1,0.2602680027484894,0
4546,RCN12405,1195-PF-TRAC2-DONDORP,Myanmar,Strict,XGBoost,3,0,0.1871831864118576,0
4547,RCN12406,1195-PF-TRAC2-DONDORP,Myanmar,Strict,XGBoost,3,0,0.4218107759952545,0
4548,RCN12408,1195-PF-TRAC2-DONDORP,Myanmar,Strict,XGBoost,3,0,0.8931748270988464,1
4549,RCN12409,1195-PF-TRAC2-DONDORP,Myanmar,Strict,XGBoost,3,0,0.10486762225627899,0
4550,RCN12410,1195-PF-TRAC2-DONDORP,Myanmar,Strict,XGBoost,3,0,0.048233408480882645,0
4551,RCN12411,1195-PF-TRAC2-DONDORP,Myanmar,Strict,XGBoost,3,0,0.7755883932113647,1
4552,RCN12412,1195-PF-TRAC2-DONDORP,Myanmar,Strict,XGBoost,3,0,0.5778213143348694,1
4553,RCN12415,1195-PF-TRAC2-DONDORP,Myanmar,Strict,XGBoost,3,0,0.02170584537088871,0
4554,RCN12420,1195-PF-TRAC2-DONDORP,Myanmar,Strict,XGBoost,3,0,0.6600330471992493,1
4555,RCN12423,1195-PF-TRAC2-DONDORP,Myanmar,Strict,XGBoost,3,0,0.05847836285829544,0
4620,RCN12593,1195-PF-TRAC2-DONDORP,Thailand,Strict,XGBoost,3,1,0.9959445595741272,1
4621,RCN12596,1195-PF-TRAC2-DONDORP,Thailand,Strict,XGBoost,3,1,0.9955163598060608,1
4622,RCN12597,1195-PF-TRAC2-DONDORP,Thailand,Strict,XGBoost,3,1,0.9913730621337891,1
4623,RCN12599,1195-PF-TRAC2-DONDORP,Thailand,Strict,XGBoost,3,1,0.9954978227615356,1
4624,RCN12600,1195-PF-TRAC2-DONDORP,Thailand,Strict,XGBoost,3,1,0.9969450831413269,1
4625,RCN12601,1195-PF-TRAC2-DONDORP,Thailand,Strict,XGBoost,3,1,0.9958133101463318,1
4626,RCN12602,1195-PF-TRAC2-DONDORP,Thailand,Strict,XGBoost,3,1,0.996354341506958,1
4627,RCN12603,1195-PF-TRAC2-DONDORP,Thailand,Strict,XGBoost,3,1,0.9972545504570007,1
4628,RCN12604,1195-PF-TRAC2-DONDORP,Thailand,Strict,XGBoost,3,1,0.9952979683876038,1
4629,RCN12606,1195-PF-TRAC2-DONDORP,Thailand,Strict,XGBoost,3,1,0.9951832890510559,1
4630,RCN12607,1195-PF-TRAC2-DONDORP,Thailand,Strict,XGBoost,3,1,0.9881793260574341,1
4631,RCN12608,1195-PF-TRAC2-DONDORP,Thailand,Strict,XGBoost,3,1,0.9927639365196228,1
4632,RCN12612,1195-PF-TRAC2-DONDORP,Thailand,Strict,XGBoost,3,1,0.9929115176200867,1
4633,RCN12613,1195-PF-TRAC2-DONDORP,Thailand,Strict,XGBoost,3,1,0.9958908557891846,1
4634,RCN12614,1195-PF-TRAC2-DONDORP,Cambodia,Strict,XGBoost,3,1,0.9952659606933594,1
4635,RCN12615,1195-PF-TRAC2-DONDORP,Cambodia,Strict,XGBoost,3,1,0.9982025623321533,1
4636,RCN12616,1195-PF-TRAC2-DONDORP,Cambodia,Strict,XGBoost,3,1,0.9968752861022949,1
4637,RCN12617,1195-PF-TRAC2-DONDORP,Cambodia,Strict,XGBoost,3,1,0.9960380792617798,1
4638,RCN12618,1195-PF-TRAC2-DONDORP,Cambodia,Strict,XGBoost,3,1,0.9959445595741272,1
4639,RCN12619,1195-PF-TRAC2-DONDORP,Cambodia,Strict,XGBoost,3,0,0.8635320067405701,1
4640,RCN12620,1195-PF-TRAC2-DONDORP,Cambodia,Strict,XGBoost,3,1,0.9958152174949646,1
4641,RCN12621,1195-PF-TRAC2-DONDORP,Cambodia,Strict,XGBoost,3,1,0.9987404942512512,1
4642,RCN12622,1195-PF-TRAC2-DONDORP,Cambodia,Strict,XGBoost,3,1,0.9936204552650452,1
4788,RCN12976,1195-PF-TRAC2-DONDORP,Cambodia,Strict,XGBoost,3,1,0.404797226190567,0
4789,RCN12978,1195-PF-TRAC2-DONDORP,Cambodia,Strict,XGBoost,3,1,0.986504852771759,1
4790,RCN12980,1195-PF-TRAC2-DONDORP,Cambodia,Strict,XGBoost,3,1,0.9953265190124512,1
4791,RCN12982,1195-PF-TRAC2-DONDORP,Cambodia,Strict,XGBoost,3,0,0.7283754348754883,1
4792,RCN12984,1195-PF-TRAC2-DONDORP,Cambodia,Strict,XGBoost,3,1,0.8686521649360657,1
4793,RCN12986,1195-PF-TRAC2-DONDORP,Cambodia,Strict,XGBoost,3,1,0.9919880628585815,1
4794,RCN12987,1195-PF-TRAC2-DONDORP,Cambodia,Strict,XGBoost,3,1,0.7904510498046875,1
4795,RCN12988,1195-PF-TRAC2-DONDORP,Cambodia,Strict,XGBoost,3,1,0.3984246551990509,0
4796,RCN12990,1195-PF-TRAC2-DONDORP,Cambodia,Strict,XGBoost,3,1,0.8428661227226257,1
4797,RCN12992,1195-PF-TRAC2-DONDORP,Cambodia,Strict,XGBoost,3,1,0.9946554899215698,1
4798,RCN12993,1195-PF-TRAC2-DONDORP,Cambodia,Strict,XGBoost,3,1,0.969139039516449,1
4799,RCN12994,1195-PF-TRAC2-DONDORP,Cambodia,Strict,XGBoost,3,1,0.9888699054718018,1
4800,RCN12995,1195-PF-TRAC2-DONDORP,Cambodia,Strict,XGBoost,3,1,0.9920113682746887,1
4801,RCN12996,1195-PF-TRAC2-DONDORP,Cambodia,Strict,XGBoost,3,1,0.9932376146316528,1
4802,RCN12997,1195-PF-TRAC2-DONDORP,Cambodia,Strict,XGBoost,3,1,0.9846814870834351,1
4803,RCN12999,1195-PF-TRAC2-DONDORP,Cambodia,Strict,XGBoost,3,1,0.9961057305335999,1
4804,RCN13000,1195-PF-TRAC2-DONDORP,Cambodia,Strict,XGBoost,3,1,0.8314958810806274,1
4805,RCN13003,1195-PF-TRAC2-DONDORP,Cambodia,Strict,XGBoost,3,1,0.9843332171440125,1
4806,RCN13004,1195-PF-TRAC2-DONDORP,Cambodia,Strict,XGBoost,3,1,0.8443266153335571,1
4807,RCN13008,1195-PF-TRAC2-DONDORP,Cambodia,Strict,XGBoost,3,1,0.8526899218559265,1
4808,RCN13009,1195-PF-TRAC2-DONDORP,Cambodia,Strict,XGBoost,3,1,0.9944372177124023,1
4809,RCN13010,1195-PF-TRAC2-DONDORP,Cambodia,Strict,XGBoost,3,1,0.9030619263648987,1
4810,RCN13012,1195-PF-TRAC2-DONDORP,Cambodia,Strict,XGBoost,3,1,0.9914985299110413,1
4811,RCN13013,1195-PF-TRAC2-DONDORP,Cambodia,Strict,XGBoost,3,1,0.9897123575210571,1
4812,RCN13014,1195-PF-TRAC2-DONDORP,Cambodia,Strict,XGBoost,3,1,0.9966025352478027,1
4813,RCN13015,1195-PF-TRAC2-DONDORP,Cambodia,Strict,XGBoost,3,1,0.9963226318359375,1
4814,RCN13016,1195-PF-TRAC2-DONDORP,Cambodia,Strict,XGBoost,3,0,0.8274365663528442,1
4815,RCN13017,1195-PF-TRAC2-DONDORP,Cambodia,Strict,XGBoost,3,1,0.9983362555503845,1
4816,RCN13018,1195-PF-TRAC2-DONDORP,Cambodia,Strict,XGBoost,3,1,0.9313955903053284,1
4817,RCN13019,1195-PF-TRAC2-DONDORP,Cambodia,Strict,XGBoost,3,1,0.9839718341827393,1
4818,RCN13020,1195-PF-TRAC2-DONDORP,Cambodia,Strict,XGBoost,3,0,0.9886770248413086,1
4819,RCN13021,1195-PF-TRAC2-DONDORP,Cambodia,Strict,XGBoost,3,1,0.7239565849304199,1
4820,RCN13023,1195-PF-TRAC2-DONDORP,Cambodia,Strict,XGBoost,3,1,0.995429277420044,1
4821,RCN13025,1195-PF-TRAC2-DONDORP,Cambodia,Strict,XGBoost,3,1,0.8533197045326233,1
4822,RCN13028,1195-PF-TRAC2-DONDORP,Cambodia,Strict,XGBoost,3,1,0.9254022836685181,1
4823,RCN13029,1195-PF-TRAC2-DONDORP,Cambodia,Strict,XGBoost,3,1,0.9927392601966858,1
4824,RCN13031,1195-PF-TRAC2-DONDORP,Cambodia,Strict,XGBoost,3,1,0.9929357171058655,1
4825,RCN13032,1195-PF-TRAC2-DONDORP,Cambodia,Strict,XGBoost,3,1,0.997738242149353,1
4826,RCN13034,1195-PF-TRAC2-DONDORP,Cambodia,Strict,XGBoost,3,1,0.9892761707305908,1
4827,RCN13036,1195-PF-TRAC2-DONDORP,Cambodia,Strict,XGBoost,3,1,0.9802025556564331,1
4828,RCN13037,1195-PF-TRAC2-DONDORP,Cambodia,Strict,XGBoost,3,1,0.9960592985153198,1
4829,RCN13039,1195-PF-TRAC2-DONDORP,Cambodia,Strict,XGBoost,3,1,0.9914433360099792,1
4830,RCN13041,1195-PF-TRAC2-DONDORP,Cambodia,Strict,XGBoost,3,1,0.9648816585540771,1
4831,RCN13044,1195-PF-TRAC2-DONDORP,Cambodia,Strict,XGBoost,3,1,0.9186151623725891,1
4832,RCN13045,1195-PF-TRAC2-DONDORP,Cambodia,Strict,XGBoost,3,1,0.9987465143203735,1
4833,RCN13048,1195-PF-TRAC2-DONDORP,Cambodia,Strict,XGBoost,3,1,0.9979802966117859,1
4834,RCN13049,1195-PF-TRAC2-DONDORP,Cambodia,Strict,XGBoost,3,0,0.04136331006884575,0
4835,RCN13050,1195-PF-TRAC2-DONDORP,Cambodia,Strict,XGBoost,3,1,0.9947210550308228,1
4836,RCN13051,1195-PF-TRAC2-DONDORP,Cambodia,Strict,XGBoost,3,1,0.9976739287376404,1
4837,RCN13052,1195-PF-TRAC2-DONDORP,Cambodia,Strict,XGBoost,3,0,0.5363178253173828,1
4838,RCN13053,1195-PF-TRAC2-DONDORP,Cambodia,Strict,XGBoost,3,1,0.9985427856445312,1
4839,RCN13054,1195-PF-TRAC2-DONDORP,Cambodia,Strict,XGBoost,3,1,0.9959434866905212,1
4840,RCN13056,1195-PF-TRAC2-DONDORP,Cambodia,Strict,XGBoost,3,1,0.9954309463500977,1
4841,RCN13057,1195-PF-TRAC2-DONDORP,Cambodia,Strict,XGBoost,3,1,0.9694376587867737,1
4842,RCN13058,1195-PF-TRAC2-DONDORP,Cambodia,Strict,XGBoost,3,1,0.9961663484573364,1
4843,RCN13059,1195-PF-TRAC2-DONDORP,Cambodia,Strict,XGBoost,3,1,0.9969989061355591,1
4844,RCN13060,1195-PF-TRAC2-DONDORP,Cambodia,Strict,XGBoost,3,1,0.9937113523483276,1
4845,RCN13061,1195-PF-TRAC2-DONDORP,Cambodia,Strict,XGBoost,3,1,0.9979578256607056,1
4846,RCN13062,1195-PF-TRAC2-DONDORP,Cambodia,Strict,XGBoost,3,1,0.997655987739563,1
4847,RCN13063,1195-PF-TRAC2-DONDORP,Cambodia,Strict,XGBoost,3,1,0.9965277314186096,1
4848,RCN13065,1195-PF-TRAC2-DONDORP,Cambodia,Strict,XGBoost,3,1,0.9969989061355591,1
4849,RCN13066,1195-PF-TRAC2-DONDORP,Cambodia,Strict,XGBoost,3,1,0.989441990852356,1
4850,RCN13067,1195-PF-TRAC2-DONDORP,Cambodia,Strict,XGBoost,3,0,0.46118324995040894,0
4851,RCN13068,1195-PF-TRAC2-DONDORP,Cambodia,Strict,XGBoost,3,1,0.9957371950149536,1
4852,RCN13069,1195-PF-TRAC2-DONDORP,Cambodia,Strict,XGBoost,3,1,0.9955163598060608,1
4853,RCN13070,1195-PF-TRAC2-DONDORP,Cambodia,Strict,XGBoost,3,1,0.974319577217102,1
4854,RCN13071,1195-PF-TRAC2-DONDORP,Cambodia,Strict,XGBoost,3,1,0.9964009523391724,1
4855,RCN13072,1195-PF-TRAC2-DONDORP,Cambodia,Strict,XGBoost,3,0,0.064425528049469,0
4856,RCN13073,1195-PF-TRAC2-DONDORP,Cambodia,Strict,XGBoost,3,1,0.9946454763412476,1
4857,RCN13074,1195-PF-TRAC2-DONDORP,Cambodia,Strict,XGBoost,3,1,0.9586085677146912,1
4858,RCN13075,1195-PF-TRAC2-DONDORP,Cambodia,Strict,XGBoost,3,1,0.9840649962425232,1
4859,RCN13076,1195-PF-TRAC2-DONDORP,Cambodia,Strict,XGBoost,3,1,0.17630422115325928,0
4860,RCN13077,1195-PF-TRAC2-DONDORP,Cambodia,Strict,XGBoost,3,1,0.9963307976722717,1
4861,RCN13078,1195-PF-TRAC2-DONDORP,Cambodia,Strict,XGBoost,3,1,0.9979744553565979,1
4862,RCN13079,1195-PF-TRAC2-DONDORP,Cambodia,Strict,XGBoost,3,1,0.9952929615974426,1
4863,RCN13080,1195-PF-TRAC2-DONDORP,Cambodia,Strict,XGBoost,3,1,0.96138995885849,1
4864,RCN13081,1195-PF-TRAC2-DONDORP,Cambodia,Strict,XGBoost,3,1,0.9952929615974426,1
4865,RCN13082,1195-PF-TRAC2-DONDORP,Cambodia,Strict,XGBoost,3,0,0.00752128753811121,0
4866,RCN13083,1195-PF-TRAC2-DONDORP,Cambodia,Strict,XGBoost,3,1,0.9540653228759766,1
4867,RCN13084,1195-PF-TRAC2-DONDORP,Cambodia,Strict,XGBoost,3,1,0.9954268932342529,1
4868,RCN13085,1195-PF-TRAC2-DONDORP,Cambodia,Strict,XGBoost,3,0,0.058132756501436234,0
4869,RCN13086,1195-PF-TRAC2-DONDORP,Cambodia,Strict,XGBoost,3,1,0.9955719709396362,1
4870,RCN13087,1195-PF-TRAC2-DONDORP,Cambodia,Strict,XGBoost,3,1,0.9967122077941895,1
4871,RCN13088,1195-PF-TRAC2-DONDORP,Cambodia,Strict,XGBoost,3,1,0.9837061166763306,1
4872,RCN13089,1195-PF-TRAC2-DONDORP,Cambodia,Strict,XGBoost,3,1,0.9975287318229675,1
4873,RCN13090,1195-PF-TRAC2-DONDORP,Cambodia,Strict,XGBoost,3,1,0.995140790939331,1
4874,RCN13093,1195-PF-TRAC2-DONDORP,Cambodia,Strict,XGBoost,3,0,0.5285838842391968,1
4875,RCN13095,1195-PF-TRAC2-DONDORP,Cambodia,Strict,XGBoost,3,1,0.9907920360565186,1
4876,RCN13096,1195-PF-TRAC2-DONDORP,Cambodia,Strict,XGBoost,3,0,0.3611431419849396,0
4877,RCN13097,1195-PF-TRAC2-DONDORP,Cambodia,Strict,XGBoost,3,1,0.986060380935669,1
4878,RCN13098,1195-PF-TRAC2-DONDORP,Cambodia,Strict,XGBoost,3,1,0.9838040471076965,1
4879,RCN13100,1195-PF-TRAC2-DONDORP,Cambodia,Strict,XGBoost,3,1,0.9988646507263184,1
4880,RCN13101,1195-PF-TRAC2-DONDORP,Cambodia,Strict,XGBoost,3,0,0.8800973892211914,1
4881,RCN13103,1195-PF-TRAC2-DONDORP,Cambodia,Strict,XGBoost,3,1,0.9819558262825012,1
4882,RCN13104,1195-PF-TRAC2-DONDORP,Cambodia,Strict,XGBoost,3,0,0.002934900112450123,0
6915,SPT24373,1224-PF-VN-ROSANAS-URGELL,Vietnam,Strict,XGBoost,3,1,0.005605308338999748,0
6916,SPT24374,1224-PF-VN-ROSANAS-URGELL,Vietnam,Strict,XGBoost,3,0,0.0111550223082304,0
6917,SPT24375,1224-PF-VN-ROSANAS-URGELL,Vietnam,Strict,XGBoost,3,0,0.007598451804369688,0
6918,SPT24376,1224-PF-VN-ROSANAS-URGELL,Vietnam,Strict,XGBoost,3,1,0.004763131961226463,0
6919,SPT24383,1224-PF-VN-ROSANAS-URGELL,Vietnam,Strict,XGBoost,3,1,0.0056387498043477535,0
6920,SPT24385,1224-PF-VN-ROSANAS-URGELL,Vietnam,Strict,XGBoost,3,0,0.016346866264939308,0
6921,SPT24386,1224-PF-VN-ROSANAS-URGELL,Vietnam,Strict,XGBoost,3,1,0.0056387498043477535,0
6922,SPT24393,1224-PF-VN-ROSANAS-URGELL,Vietnam,Strict,XGBoost,3,1,0.16833819448947906,0
6923,SPT24399,1224-PF-VN-ROSANAS-URGELL,Vietnam,Strict,XGBoost,3,1,0.07817146182060242,0
6924,SPT24447,1224-PF-VN-ROSANAS-URGELL,Vietnam,Strict,XGBoost,3,1,0.25493699312210083,0
6925,SPT24451,1224-PF-VN-ROSANAS-URGELL,Vietnam,Strict,XGBoost,3,1,0.35779237747192383,0
6926,SPT24454,1224-PF-VN-ROSANAS-URGELL,Vietnam,Strict,XGBoost,3,1,0.721338152885437,1
6927,SPT24456,1224-PF-VN-ROSANAS-URGELL,Vietnam,Strict,XGBoost,3,1,0.5583049654960632,1
6928,SPT24457,1224-PF-VN-ROSANAS-URGELL,Vietnam,Strict,XGBoost,3,1,0.9125783443450928,1
6929,SPT24458,1224-PF-VN-ROSANAS-URGELL,Vietnam,Strict,XGBoost,3,1,0.14985835552215576,0
6930,SPT24459,1224-PF-VN-ROSANAS-URGELL,Vietnam,Strict,XGBoost,3,1,0.24072429537773132,0
6931,SPT24461,1224-PF-VN-ROSANAS-URGELL,Vietnam,Strict,XGBoost,3,1,0.29834169149398804,0
6932,SPT24462,1224-PF-VN-ROSANAS-URGELL,Vietnam,Strict,XGBoost,3,1,0.761688768863678,1
6933,SPT24463,1224-PF-VN-ROSANAS-URGELL,Vietnam,Strict,XGBoost,3,1,0.3699076175689697,0
6934,SPT24481,1224-PF-VN-ROSANAS-URGELL,Vietnam,Strict,XGBoost,3,0,0.14923901855945587,0
6935,SPT24486,1224-PF-VN-ROSANAS-URGELL,Vietnam,Strict,XGBoost,3,0,0.1496685892343521,0
6936,SPT24491,1224-PF-VN-ROSANAS-URGELL,Vietnam,Strict,XGBoost,3,0,0.02668473683297634,0
6937,SPT24497,1224-PF-VN-ROSANAS-URGELL,Vietnam,Strict,XGBoost,3,1,0.5028040409088135,1
6938,SPT24501,1224-PF-VN-ROSANAS-URGELL,Vietnam,Strict,XGBoost,3,0,0.04421067610383034,0
6939,SPT24520,1224-PF-VN-ROSANAS-URGELL,Vietnam,Strict,XGBoost,3,1,0.5784920454025269,1
6940,SPT24521,1224-PF-VN-ROSANAS-URGELL,Vietnam,Strict,XGBoost,3,1,0.6407192349433899,1
6941,SPT24522,1224-PF-VN-ROSANAS-URGELL,Vietnam,Strict,XGBoost,3,1,0.4794808626174927,0
6942,SPT24525,1224-PF-VN-ROSANAS-URGELL,Vietnam,Strict,XGBoost,3,1,0.4597108066082001,0
6943,SPT24526,1224-PF-VN-ROSANAS-URGELL,Vietnam,Strict,XGBoost,3,1,0.5909666419029236,1
6944,SPT24527,1224-PF-VN-ROSANAS-URGELL,Vietnam,Strict,XGBoost,3,1,0.4766717255115509,0
6945,SPT24530,1224-PF-VN-ROSANAS-URGELL,Vietnam,Strict,XGBoost,3,1,0.5784920454025269,1
6946,SPT24532,1224-PF-VN-ROSANAS-URGELL,Vietnam,Strict,XGBoost,3,1,0.6439242959022522,1
6947,SPT24533,1224-PF-VN-ROSANAS-URGELL,Vietnam,Strict,XGBoost,3,1,0.5122519135475159,1
6948,SPT24535,1224-PF-VN-ROSANAS-URGELL,Vietnam,Strict,XGBoost,3,1,0.5145938992500305,1
6949,SPT24538,1224-PF-VN-ROSANAS-URGELL,Vietnam,Strict,XGBoost,3,1,0.6299199461936951,1
6950,SPT24539,1224-PF-VN-ROSANAS-URGELL,Vietnam,Strict,XGBoost,3,1,0.5081722736358643,1
6951,SPT24540,1224-PF-VN-ROSANAS-URGELL,Vietnam,Strict,XGBoost,3,1,0.5722535252571106,1
6952,SPT24541,1224-PF-VN-ROSANAS-URGELL,Vietnam,Strict,XGBoost,3,1,0.5616403818130493,1
6953,SPT24543,1224-PF-VN-ROSANAS-URGELL,Vietnam,Strict,XGBoost,3,1,0.5109753012657166,1
6954,SPT24547,1224-PF-VN-ROSANAS-URGELL,Vietnam,Strict,XGBoost,3,1,0.6709306240081787,1
6955,SPT24554,1224-PF-VN-ROSANAS-URGELL,Vietnam,Strict,XGBoost,3,0,0.009567433968186378,0
6956,SPT24557,1224-PF-VN-ROSANAS-URGELL,Vietnam,Strict,XGBoost,3,0,0.019994128495454788,0
6957,SPT24558,1224-PF-VN-ROSANAS-URGELL,Vietnam,Strict,XGBoost,3,0,0.04182063788175583,0
6958,SPT24559,1224-PF-VN-ROSANAS-URGELL,Vietnam,Strict,XGBoost,3,0,0.046125832945108414,0
6959,SPT24561,1224-PF-VN-ROSANAS-URGELL,Vietnam,Strict,XGBoost,3,0,0.04016648977994919,0
6960,SPT24562,1224-PF-VN-ROSANAS-URGELL,Vietnam,Strict,XGBoost,3,0,0.024485278874635696,0
6961,SPT24568,1224-PF-VN-ROSANAS-URGELL,Vietnam,Strict,XGBoost,3,0,0.043328940868377686,0
6962,SPT24583,1224-PF-VN-ROSANAS-URGELL,Vietnam,Strict,XGBoost,3,1,0.4872506260871887,0
6963,SPT24585,1224-PF-VN-ROSANAS-URGELL,Vietnam,Strict,XGBoost,3,1,0.5350591540336609,1
6964,SPT24587,1224-PF-VN-ROSANAS-URGELL,Vietnam,Strict,XGBoost,3,1,0.6407192349433899,1
6965,SPT24589,1224-PF-VN-ROSANAS-URGELL,Vietnam,Strict,XGBoost,3,1,0.4457142651081085,0
6966,SPT24590,1224-PF-VN-ROSANAS-URGELL,Vietnam,Strict,XGBoost,3,1,0.5157368183135986,1
6967,SPT24591,1224-PF-VN-ROSANAS-URGELL,Vietnam,Strict,XGBoost,3,1,0.5230781435966492,1
6968,SPT24593,1224-PF-VN-ROSANAS-URGELL,Vietnam,Strict,XGBoost,3,1,0.5964422225952148,1
6969,SPT24601,1224-PF-VN-ROSANAS-URGELL,Vietnam,Strict,XGBoost,3,1,0.5157368183135986,1
6970,SPT24602,1224-PF-VN-ROSANAS-URGELL,Vietnam,Strict,XGBoost,3,1,0.48177409172058105,0
6971,SPT24603,1224-PF-VN-ROSANAS-URGELL,Vietnam,Strict,XGBoost,3,1,0.5122519135475159,1
6972,SPT24604,1224-PF-VN-ROSANAS-URGELL,Vietnam,Strict,XGBoost,3,1,0.6073267459869385,1
6973,SPT24607,1224-PF-VN-ROSANAS-URGELL,Vietnam,Strict,XGBoost,3,1,0.49944302439689636,0
6974,SPT24608,1224-PF-VN-ROSANAS-URGELL,Vietnam,Strict,XGBoost,3,1,0.4469791650772095,0
6975,SPT24610,1224-PF-VN-ROSANAS-URGELL,Vietnam,Strict,XGBoost,3,1,0.4437369704246521,0
6976,SPT24613,1224-PF-VN-ROSANAS-URGELL,Vietnam,Strict,XGBoost,3,1,0.5487867593765259,1
6977,SPT24616,1224-PF-VN-ROSANAS-URGELL,Vietnam,Strict,XGBoost,3,1,0.5170362591743469,1
6978,SPT24617,1224-PF-VN-ROSANAS-URGELL,Vietnam,Strict,XGBoost,3,1,0.5333793759346008,1
6979,SPT24618,1224-PF-VN-ROSANAS-URGELL,Vietnam,Strict,XGBoost,3,1,0.5827996134757996,1
6980,SPT24620,1224-PF-VN-ROSANAS-URGELL,Vietnam,Strict,XGBoost,3,1,0.4469791650772095,0
6981,SPT24621,1224-PF-VN-ROSANAS-URGELL,Vietnam,Strict,XGBoost,3,1,0.22079998254776,0
6982,SPT24624,1224-PF-VN-ROSANAS-URGELL,Vietnam,Strict,XGBoost,3,1,0.5065304636955261,1
6983,SPT24625,1224-PF-VN-ROSANAS-URGELL,Vietnam,Strict,XGBoost,3,1,0.6331810355186462,1
6984,SPT24626,1224-PF-VN-ROSANAS-URGELL,Vietnam,Strict,XGBoost,3,1,0.4426852762699127,0
6985,SPT24627,1224-PF-VN-ROSANAS-URGELL,Vietnam,Strict,XGBoost,3,1,0.45501652359962463,0
6986,SPT24630,1224-PF-VN-ROSANAS-URGELL,Vietnam,Strict,XGBoost,3,1,0.6657907366752625,1
6987,SPT24634,1224-PF-VN-ROSANAS-URGELL,Vietnam,Strict,XGBoost,3,1,0.4794808626174927,0
6988,SPT24635,1224-PF-VN-ROSANAS-URGELL,Vietnam,Strict,XGBoost,3,1,0.6064415574073792,1
6989,SPT24636,1224-PF-VN-ROSANAS-URGELL,Vietnam,Strict,XGBoost,3,1,0.4666746258735657,0
6990,SPT24638,1224-PF-VN-ROSANAS-URGELL,Vietnam,Strict,XGBoost,3,1,0.24447722733020782,0
6991,SPT24639,1224-PF-VN-ROSANAS-URGELL,Vietnam,Strict,XGBoost,3,1,0.5333793759346008,1
6992,SPT24641,1224-PF-VN-ROSANAS-URGELL,Vietnam,Strict,XGBoost,3,1,0.5784920454025269,1
6993,SPT24642,1224-PF-VN-ROSANAS-URGELL,Vietnam,Strict,XGBoost,3,1,0.5122519135475159,1
6994,SPT24643,1224-PF-VN-ROSANAS-URGELL,Vietnam,Strict,XGBoost,3,1,0.5122519135475159,1
6995,SPT24644,1224-PF-VN-ROSANAS-URGELL,Vietnam,Strict,XGBoost,3,1,0.41773349046707153,0
6996,SPT24645,1224-PF-VN-ROSANAS-URGELL,Vietnam,Strict,XGBoost,3,1,0.5784920454025269,1
6997,SPT24646,1224-PF-VN-ROSANAS-URGELL,Vietnam,Strict,XGBoost,3,1,0.6407192349433899,1
6998,SPT24647,1224-PF-VN-ROSANAS-URGELL,Vietnam,Strict,XGBoost,3,1,0.4666746258735657,0
6999,SPT24648,1224-PF-VN-ROSANAS-URGELL,Vietnam,Strict,XGBoost,3,1,0.4597108066082001,0
7000,SPT24649,1224-PF-VN-ROSANAS-URGELL,Vietnam,Strict,XGBoost,3,1,0.4597108066082001,0
7001,SPT24650,1224-PF-VN-ROSANAS-URGELL,Vietnam,Strict,XGBoost,3,1,0.5908124446868896,1
7002,SPT24653,1224-PF-VN-ROSANAS-URGELL,Vietnam,Strict,XGBoost,3,1,0.34852033853530884,0
7003,SPT24654,1224-PF-VN-ROSANAS-URGELL,Vietnam,Strict,XGBoost,3,1,0.4766717255115509,0
7004,SPT24708,1224-PF-VN-ROSANAS-URGELL,Vietnam,Strict,XGBoost,3,0,0.017466437071561813,0
7005,SPT24709,1224-PF-VN-ROSANAS-URGELL,Vietnam,Strict,XGBoost,3,0,0.008804847486317158,0
7006,SPT24716,1224-PF-VN-ROSANAS-URGELL,Vietnam,Strict,XGBoost,3,0,0.07021543383598328,0
7007,SPT24719,1224-PF-VN-ROSANAS-URGELL,Vietnam,Strict,XGBoost,3,0,0.009228730574250221,0
7008,SPT24724,1224-PF-VN-ROSANAS-URGELL,Vietnam,Strict,XGBoost,3,0,0.013682815246284008,0
7009,SPT24725,1224-PF-VN-ROSANAS-URGELL,Vietnam,Strict,XGBoost,3,0,0.017815032973885536,0
7010,SPT24730,1224-PF-VN-ROSANAS-URGELL,Vietnam,Strict,XGBoost,3,0,0.019258569926023483,0
7011,SPT24733,1224-PF-VN-ROSANAS-URGELL,Vietnam,Strict,XGBoost,3,0,0.12059314548969269,0
7012,SPT24741,1224-PF-VN-ROSANAS-URGELL,Vietnam,Strict,XGBoost,3,0,0.11270198225975037,0
7013,SPT24755,1224-PF-VN-ROSANAS-URGELL,Vietnam,Strict,XGBoost,3,1,0.24140915274620056,0
7014,SPT24756,1224-PF-VN-ROSANAS-URGELL,Vietnam,Strict,XGBoost,3,1,0.3121960163116455,0
7015,SPT24758,1224-PF-VN-ROSANAS-URGELL,Vietnam,Strict,XGBoost,3,1,0.26784592866897583,0
7016,SPT24760,1224-PF-VN-ROSANAS-URGELL,Vietnam,Strict,XGBoost,3,1,0.11289922893047333,0
7017,SPT24763,1224-PF-VN-ROSANAS-URGELL,Vietnam,Strict,XGBoost,3,0,0.12322679907083511,0
7018,SPT24766,1224-PF-VN-ROSANAS-URGELL,Vietnam,Strict,XGBoost,3,1,0.08486182242631912,0
7019,SPT24771,1224-PF-VN-ROSANAS-URGELL,Vietnam,Strict,XGBoost,3,0,0.09268781542778015,0
7020,SPT24772,1224-PF-VN-ROSANAS-URGELL,Vietnam,Strict,XGBoost,3,0,0.010709887370467186,0
7021,SPT24773,1224-PF-VN-ROSANAS-URGELL,Vietnam,Strict,XGBoost,3,1,0.1048671081662178,0
7022,SPT24774,1224-PF-VN-ROSANAS-URGELL,Vietnam,Strict,XGBoost,3,1,0.028269797563552856,0
7023,SPT24781,1224-PF-VN-ROSANAS-URGELL,Vietnam,Strict,XGBoost,3,0,0.029268627986311913,0
7024,SPT24782,1224-PF-VN-ROSANAS-URGELL,Vietnam,Strict,XGBoost,3,1,0.0864209532737732,0
7025,SPT24785,1224-PF-VN-ROSANAS-URGELL,Vietnam,Strict,XGBoost,3,1,0.015569768846035004,0
7026,SPT24786,1224-PF-VN-ROSANAS-URGELL,Vietnam,Strict,XGBoost,3,1,0.24375630915164948,0
7027,SPT24787,1224-PF-VN-ROSANAS-URGELL,Vietnam,Strict,XGBoost,3,0,0.058610785752534866,0
7028,SPT24789,1224-PF-VN-ROSANAS-URGELL,Vietnam,Strict,XGBoost,3,1,0.021166235208511353,0
7029,SPT24792,1224-PF-VN-ROSANAS-URGELL,Vietnam,Strict,XGBoost,3,0,0.19879285991191864,0
7030,SPT24796,1224-PF-VN-ROSANAS-URGELL,Vietnam,Strict,XGBoost,3,0,0.11720225214958191,0
7031,SPT24814,1224-PF-VN-ROSANAS-URGELL,Vietnam,Strict,XGBoost,3,1,0.9793702960014343,1
7032,SPT24826,1224-PF-VN-ROSANAS-URGELL,Vietnam,Strict,XGBoost,3,0,0.039639756083488464,0
7033,SPT24861,1224-PF-VN-ROSANAS-URGELL,Vietnam,Strict,XGBoost,3,0,0.020652633160352707,0
7034,SPT24899,1224-PF-VN-ROSANAS-URGELL,Vietnam,Strict,XGBoost,3,0,0.018305959179997444,0
7035,SPT25104,1224-PF-VN-ROSANAS-URGELL,Vietnam,Strict,XGBoost,3,0,0.004685617052018642,0
7036,SPT25106,1224-PF-VN-ROSANAS-URGELL,Vietnam,Strict,XGBoost,3,1,0.18899953365325928,0
7037,SPT25108,1224-PF-VN-ROSANAS-URGELL,Vietnam,Strict,XGBoost,3,0,0.011834101751446724,0
7038,SPT25109,1224-PF-VN-ROSANAS-URGELL,Vietnam,Strict,XGBoost,3,1,0.1943311095237732,0
7039,SPT25110,1224-PF-VN-ROSANAS-URGELL,Vietnam,Strict,XGBoost,3,1,0.09855905175209045,0
7040,SPT25111,1224-PF-VN-ROSANAS-URGELL,Vietnam,Strict,XGBoost,3,1,0.3406037986278534,0
7041,SPT25112,1224-PF-VN-ROSANAS-URGELL,Vietnam,Strict,XGBoost,3,1,0.3619769811630249,0
7042,SPT25114,1224-PF-VN-ROSANAS-URGELL,Vietnam,Strict,XGBoost,3,1,0.37387993931770325,0
7043,SPT25115,1224-PF-VN-ROSANAS-URGELL,Vietnam,Strict,XGBoost,3,1,0.382692813873291,0
7044,SPT25116,1224-PF-VN-ROSANAS-URGELL,Vietnam,Strict,XGBoost,3,0,0.052358247339725494,0
7045,SPT25120,1224-PF-VN-ROSANAS-URGELL,Vietnam,Strict,XGBoost,3,1,0.43098634481430054,0
7046,SPT25121,1224-PF-VN-ROSANAS-URGELL,Vietnam,Strict,XGBoost,3,1,0.25025829672813416,0
7047,SPT25122,1224-PF-VN-ROSANAS-URGELL,Vietnam,Strict,XGBoost,3,1,0.41350045800209045,0
7048,SPT25123,1224-PF-VN-ROSANAS-URGELL,Vietnam,Strict,XGBoost,3,1,0.3080015182495117,0
7049,SPT25124,1224-PF-VN-ROSANAS-URGELL,Vietnam,Strict,XGBoost,3,1,0.19368481636047363,0
7050,SPT25125,1224-PF-VN-ROSANAS-URGELL,Vietnam,Strict,XGBoost,3,1,0.19368481636047363,0
7051,SPT25126,1224-PF-VN-ROSANAS-URGELL,Vietnam,Strict,XGBoost,3,1,0.015173100866377354,0
7052,SPT25127,1224-PF-VN-ROSANAS-URGELL,Vietnam,Strict,XGBoost,3,1,0.1568349003791809,0
7053,SPT25128,1224-PF-VN-ROSANAS-URGELL,Vietnam,Strict,XGBoost,3,1,0.21829970180988312,0
7054,SPT25129,1224-PF-VN-ROSANAS-URGELL,Vietnam,Strict,XGBoost,3,1,0.2628709673881531,0
7055,SPT25130,1224-PF-VN-ROSANAS-URGELL,Vietnam,Strict,XGBoost,3,1,0.47664299607276917,0
7056,SPT25132,1224-PF-VN-ROSANAS-URGELL,Vietnam,Strict,XGBoost,3,1,0.3685958981513977,0
7057,SPT25133,1224-PF-VN-ROSANAS-URGELL,Vietnam,Strict,XGBoost,3,1,0.3619769811630249,0
7058,SPT25135,1224-PF-VN-ROSANAS-URGELL,Vietnam,Strict,XGBoost,3,1,0.4722357988357544,0
7059,SPT25138,1224-PF-VN-ROSANAS-URGELL,Vietnam,Strict,XGBoost,3,1,0.1554098129272461,0
7060,SPT25139,1224-PF-VN-ROSANAS-URGELL,Vietnam,Strict,XGBoost,3,0,0.7908205389976501,1
7061,SPT25144,1224-PF-VN-ROSANAS-URGELL,Vietnam,Strict,XGBoost,3,1,0.07061643898487091,0
7062,SPT25145,1224-PF-VN-ROSANAS-URGELL,Vietnam,Strict,XGBoost,3,1,0.4179944694042206,0
7063,SPT25147,1224-PF-VN-ROSANAS-URGELL,Vietnam,Strict,XGBoost,3,0,0.7983511686325073,1
7064,SPT25151,1224-PF-VN-ROSANAS-URGELL,Vietnam,Strict,XGBoost,3,0,0.8324539065361023,1
7065,SPT25157,1224-PF-VN-ROSANAS-URGELL,Vietnam,Strict,XGBoost,3,1,0.38854798674583435,0
7066,SPT25158,1224-PF-VN-ROSANAS-URGELL,Vietnam,Strict,XGBoost,3,1,0.07388293743133545,0
7067,SPT25159,1224-PF-VN-ROSANAS-URGELL,Vietnam,Strict,XGBoost,3,0,0.01061108149588108,0
7068,SPT25160,1224-PF-VN-ROSANAS-URGELL,Vietnam,Strict,XGBoost,3,1,0.4370572566986084,0
7069,SPT25162,1224-PF-VN-ROSANAS-URGELL,Vietnam,Strict,XGBoost,3,1,0.07178343832492828,0
112,PD0459-Cx,1052-PF-TRAC-WHITE,Thailand,Strict,XGBoost,4,1,0.632251501083374,1
113,PD0460-C,1052-PF-TRAC-WHITE,Thailand,Strict,XGBoost,4,0,0.3737817406654358,0
114,PD0461-C,1052-PF-TRAC-WHITE,Thailand,Strict,XGBoost,4,0,0.5578482747077942,1
115,PD0462-C,1052-PF-TRAC-WHITE,Thailand,Strict,XGBoost,4,1,0.6659075021743774,1
116,PD0467-C,1052-PF-TRAC-WHITE,Thailand,Strict,XGBoost,4,0,0.5814611911773682,1
117,PD0469-C,1052-PF-TRAC-WHITE,Thailand,Strict,XGBoost,4,0,0.34319597482681274,0
118,PD0470-C,1052-PF-TRAC-WHITE,Thailand,Strict,XGBoost,4,1,0.5866855978965759,1
119,PD0471-C,1052-PF-TRAC-WHITE,Thailand,Strict,XGBoost,4,1,0.5710357427597046,1
120,PD0472-C,1052-PF-TRAC-WHITE,Thailand,Strict,XGBoost,4,0,0.6517287492752075,1
121,PD0473-C,1052-PF-TRAC-WHITE,Thailand,Strict,XGBoost,4,1,0.5270032286643982,1
122,PD0474-C,1052-PF-TRAC-WHITE,Thailand,Strict,XGBoost,4,0,0.5520057678222656,1
123,PD0475-C,1052-PF-TRAC-WHITE,Thailand,Strict,XGBoost,4,0,0.5303347706794739,1
124,PD0476-C,1052-PF-TRAC-WHITE,Thailand,Strict,XGBoost,4,0,0.628768801689148,1
125,PD0477-C,1052-PF-TRAC-WHITE,Thailand,Strict,XGBoost,4,1,0.628768801689148,1
126,PD0478-C,1052-PF-TRAC-WHITE,Thailand,Strict,XGBoost,4,1,0.6019275784492493,1
127,PD0480-C,1052-PF-TRAC-WHITE,Thailand,Strict,XGBoost,4,1,0.5520057678222656,1
128,PD0481-C,1052-PF-TRAC-WHITE,Thailand,Strict,XGBoost,4,1,0.7020132541656494,1
129,PD0483-C,1052-PF-TRAC-WHITE,Thailand,Strict,XGBoost,4,0,0.7197539806365967,1
130,PD0487-C,1052-PF-TRAC-WHITE,Thailand,Strict,XGBoost,4,1,0.6393856406211853,1
131,PD0488-C,1052-PF-TRAC-WHITE,Thailand,Strict,XGBoost,4,0,0.6280431151390076,1
132,PD0489-C,1052-PF-TRAC-WHITE,Thailand,Strict,XGBoost,4,0,0.3503505289554596,0
133,PD0490-C,1052-PF-TRAC-WHITE,Thailand,Strict,XGBoost,4,0,0.6343975067138672,1
134,PD0491-C,1052-PF-TRAC-WHITE,Thailand,Strict,XGBoost,4,1,0.4112815856933594,0
135,PD0493-C,1052-PF-TRAC-WHITE,Thailand,Strict,XGBoost,4,0,0.35887831449508667,0
136,PD0494-C,1052-PF-TRAC-WHITE,Thailand,Strict,XGBoost,4,0,0.7241806387901306,1
137,PD0495-C,1052-PF-TRAC-WHITE,Thailand,Strict,XGBoost,4,1,0.5991703867912292,1
138,PD0496-C,1052-PF-TRAC-WHITE,Thailand,Strict,XGBoost,4,1,0.7241806387901306,1
139,PD0497-C,1052-PF-TRAC-WHITE,Thailand,Strict,XGBoost,4,1,0.2893757224082947,0
140,PD0498-C,1052-PF-TRAC-WHITE,Thailand,Strict,XGBoost,4,1,0.7827329039573669,1
141,PD0499-C,1052-PF-TRAC-WHITE,Thailand,Strict,XGBoost,4,1,0.7903780341148376,1
142,PD0500-C,1052-PF-TRAC-WHITE,Thailand,Strict,XGBoost,4,1,0.9778332114219666,1
143,PD0501-C,1052-PF-TRAC-WHITE,Thailand,Strict,XGBoost,4,1,0.9763472676277161,1
144,PD0502-C,1052-PF-TRAC-WHITE,Thailand,Strict,XGBoost,4,1,0.7827329039573669,1
145,PD0503-C,1052-PF-TRAC-WHITE,Thailand,Strict,XGBoost,4,1,0.7515900731086731,1
146,PD0504-C,1052-PF-TRAC-WHITE,Thailand,Strict,XGBoost,4,1,0.5635050535202026,1
147,PD0505-C,1052-PF-TRAC-WHITE,Thailand,Strict,XGBoost,4,1,0.5635050535202026,1
148,PD0506-C,1052-PF-TRAC-WHITE,Thailand,Strict,XGBoost,4,1,0.5710357427597046,1
149,PD0507-C,1052-PF-TRAC-WHITE,Thailand,Strict,XGBoost,4,0,0.5512980222702026,1
150,PD0508-C,1052-PF-TRAC-WHITE,Thailand,Strict,XGBoost,4,1,0.5636604428291321,1
151,PD0509-Cx2,1052-PF-TRAC-WHITE,Thailand,Strict,XGBoost,4,1,0.5710357427597046,1
152,PD0510-C,1052-PF-TRAC-WHITE,Thailand,Strict,XGBoost,4,1,0.4482227563858032,0
153,PD0511-C,1052-PF-TRAC-WHITE,Thailand,Strict,XGBoost,4,0,0.6517287492752075,1
154,PD0512-C,1052-PF-TRAC-WHITE,Thailand,Strict,XGBoost,4,1,0.6388477683067322,1
155,PD0513-C,1052-PF-TRAC-WHITE,Thailand,Strict,XGBoost,4,1,0.5573515295982361,1
156,PD0514-C,1052-PF-TRAC-WHITE,Thailand,Strict,XGBoost,4,1,0.6029568910598755,1
157,PD0515-C,1052-PF-TRAC-WHITE,Thailand,Strict,XGBoost,4,1,0.430772989988327,0
158,PD0516-C,1052-PF-TRAC-WHITE,Thailand,Strict,XGBoost,4,1,0.6992089152336121,1
159,PD0518-C,1052-PF-TRAC-WHITE,Thailand,Strict,XGBoost,4,1,0.7020132541656494,1
160,PD0520-C,1052-PF-TRAC-WHITE,Thailand,Strict,XGBoost,4,1,0.7215021252632141,1
161,PD0521-C,1052-PF-TRAC-WHITE,Thailand,Strict,XGBoost,4,1,0.7207030057907104,1
162,PD0522-C,1052-PF-TRAC-WHITE,Thailand,Strict,XGBoost,4,1,0.7062826156616211,1
163,PD0523-C,1052-PF-TRAC-WHITE,Thailand,Strict,XGBoost,4,1,0.7302610278129578,1
164,PD0524-C,1052-PF-TRAC-WHITE,Thailand,Strict,XGBoost,4,0,0.5046900510787964,1
165,PD0525-C,1052-PF-TRAC-WHITE,Thailand,Strict,XGBoost,4,1,0.7724262475967407,1
166,PD0527-C,1052-PF-TRAC-WHITE,Thailand,Strict,XGBoost,4,1,0.7197539806365967,1
167,PD0528-C,1052-PF-TRAC-WHITE,Thailand,Strict,XGBoost,4,1,0.7393620610237122,1
168,PD0529-C,1052-PF-TRAC-WHITE,Thailand,Strict,XGBoost,4,1,0.7020132541656494,1
169,PD0530-C,1052-PF-TRAC-WHITE,Thailand,Strict,XGBoost,4,1,0.6479793787002563,1
170,PD0531-C,1052-PF-TRAC-WHITE,Thailand,Strict,XGBoost,4,1,0.5075254440307617,1
171,PD0532-C,1052-PF-TRAC-WHITE,Thailand,Strict,XGBoost,4,0,0.6406670808792114,1
172,PD0533-C,1052-PF-TRAC-WHITE,Thailand,Strict,XGBoost,4,1,0.7020132541656494,1
173,PD0534-C,1052-PF-TRAC-WHITE,Thailand,Strict,XGBoost,4,1,0.5108668208122253,1
174,PD0535-C,1052-PF-TRAC-WHITE,Thailand,Strict,XGBoost,4,1,0.7241806387901306,1
175,PD0536-C,1052-PF-TRAC-WHITE,Thailand,Strict,XGBoost,4,0,0.4828965365886688,0
176,PD0537-C,1052-PF-TRAC-WHITE,Thailand,Strict,XGBoost,4,1,0.5108668208122253,1
177,PD0538-C,1052-PF-TRAC-WHITE,Thailand,Strict,XGBoost,4,1,0.5515322685241699,1
178,PD0539-C,1052-PF-TRAC-WHITE,Thailand,Strict,XGBoost,4,1,0.6249145269393921,1
179,PD0540-C,1052-PF-TRAC-WHITE,Thailand,Strict,XGBoost,4,1,0.5688572525978088,1
180,PD0541-C,1052-PF-TRAC-WHITE,Thailand,Strict,XGBoost,4,0,0.6125648617744446,1
181,PD0543-C,1052-PF-TRAC-WHITE,Thailand,Strict,XGBoost,4,0,0.7295406460762024,1
182,PD0544-C,1052-PF-TRAC-WHITE,Thailand,Strict,XGBoost,4,0,0.6590852737426758,1
183,PD0545-C,1052-PF-TRAC-WHITE,Thailand,Strict,XGBoost,4,1,0.5790659189224243,1
184,PD0546-C,1052-PF-TRAC-WHITE,Thailand,Strict,XGBoost,4,1,0.7020132541656494,1
185,PD0547-C,1052-PF-TRAC-WHITE,Thailand,Strict,XGBoost,4,1,0.6450769901275635,1
186,PD0548-C,1052-PF-TRAC-WHITE,Thailand,Strict,XGBoost,4,1,0.645151674747467,1
187,PD0549-C,1052-PF-TRAC-WHITE,Thailand,Strict,XGBoost,4,1,0.7197539806365967,1
188,PD0550-C,1052-PF-TRAC-WHITE,Thailand,Strict,XGBoost,4,0,0.6289550065994263,1
189,PD0552-C,1052-PF-TRAC-WHITE,Thailand,Strict,XGBoost,4,1,0.6318842172622681,1
190,PD0553-C,1052-PF-TRAC-WHITE,Thailand,Strict,XGBoost,4,1,0.7020132541656494,1
191,PD0554-C,1052-PF-TRAC-WHITE,Thailand,Strict,XGBoost,4,1,0.47468847036361694,0
192,PD0556-C,1052-PF-TRAC-WHITE,Thailand,Strict,XGBoost,4,1,0.7020132541656494,1
193,PD0557-C,1052-PF-TRAC-WHITE,Thailand,Strict,XGBoost,4,1,0.6572417616844177,1
194,PD0558-C,1052-PF-TRAC-WHITE,Thailand,Strict,XGBoost,4,1,0.7020132541656494,1
195,PD0559-C,1052-PF-TRAC-WHITE,Thailand,Strict,XGBoost,4,1,0.6261269450187683,1
196,PD0561-C,1052-PF-TRAC-WHITE,Thailand,Strict,XGBoost,4,0,0.6537779569625854,1
197,PD0562-C,1052-PF-TRAC-WHITE,Thailand,Strict,XGBoost,4,1,0.47807577252388,0
198,PD0563-C,1052-PF-TRAC-WHITE,Thailand,Strict,XGBoost,4,1,0.7020132541656494,1
199,PD0564-C,1052-PF-TRAC-WHITE,Thailand,Strict,XGBoost,4,1,0.7020132541656494,1
200,PD0565-C,1052-PF-TRAC-WHITE,Thailand,Strict,XGBoost,4,1,0.7197539806365967,1
201,PD0567-C,1052-PF-TRAC-WHITE,Thailand,Strict,XGBoost,4,0,0.6572417616844177,1
202,PD0569-C,1052-PF-TRAC-WHITE,Thailand,Strict,XGBoost,4,1,0.7020132541656494,1
203,PD0570-C,1052-PF-TRAC-WHITE,Thailand,Strict,XGBoost,4,1,0.7724262475967407,1
204,PD0571-C,1052-PF-TRAC-WHITE,Thailand,Strict,XGBoost,4,1,0.6560748219490051,1
205,PD0572-C,1052-PF-TRAC-WHITE,Thailand,Strict,XGBoost,4,1,0.6939828395843506,1
206,PD0573-C,1052-PF-TRAC-WHITE,Thailand,Strict,XGBoost,4,1,0.7210265398025513,1
207,PD0574-C,1052-PF-TRAC-WHITE,Thailand,Strict,XGBoost,4,0,0.6276787519454956,1
208,PD0575-C,1052-PF-TRAC-WHITE,Thailand,Strict,XGBoost,4,1,0.799996018409729,1
209,PD0576-C,1052-PF-TRAC-WHITE,Thailand,Strict,XGBoost,4,1,0.6689074635505676,1
210,PD0578-C,1052-PF-TRAC-WHITE,Thailand,Strict,XGBoost,4,1,0.7374374866485596,1
211,PD0579-C,1052-PF-TRAC-WHITE,Thailand,Strict,XGBoost,4,1,0.7374374866485596,1
212,PD0580-C,1052-PF-TRAC-WHITE,Thailand,Strict,XGBoost,4,1,0.7971279621124268,1
213,PD0581-C,1052-PF-TRAC-WHITE,Thailand,Strict,XGBoost,4,1,0.6331925988197327,1
214,PD0582-C,1052-PF-TRAC-WHITE,Thailand,Strict,XGBoost,4,0,0.7302610278129578,1
215,PD0583-C,1052-PF-TRAC-WHITE,Thailand,Strict,XGBoost,4,1,0.6560748219490051,1
216,PD0584-C,1052-PF-TRAC-WHITE,Thailand,Strict,XGBoost,4,1,0.6560748219490051,1
217,PD0585-C,1052-PF-TRAC-WHITE,Thailand,Strict,XGBoost,4,0,0.46405401825904846,0
218,PD0586-C,1052-PF-TRAC-WHITE,Thailand,Strict,XGBoost,4,0,0.7302610278129578,1
219,PD0587-C,1052-PF-TRAC-WHITE,Thailand,Strict,XGBoost,4,1,0.6560748219490051,1
220,PD0589-C,1052-PF-TRAC-WHITE,Thailand,Strict,XGBoost,4,0,0.13275110721588135,0
221,PD0590-C,1052-PF-TRAC-WHITE,Thailand,Strict,XGBoost,4,1,0.6159279942512512,1
222,PD0591-C,1052-PF-TRAC-WHITE,Thailand,Strict,XGBoost,4,1,0.6505956053733826,1
223,PD0626-C,1052-PF-TRAC-WHITE,Thailand,Strict,XGBoost,4,0,0.5573515295982361,1
224,PD0627-C,1052-PF-TRAC-WHITE,Thailand,Strict,XGBoost,4,1,0.4944215416908264,0
225,PD0629-C,1052-PF-TRAC-WHITE,Thailand,Strict,XGBoost,4,1,0.5520057678222656,1
226,PD0630-C,1052-PF-TRAC-WHITE,Thailand,Strict,XGBoost,4,0,0.5785340666770935,1
227,PD0632-C,1052-PF-TRAC-WHITE,Thailand,Strict,XGBoost,4,0,0.6479793787002563,1
228,PD0635-C,1052-PF-TRAC-WHITE,Thailand,Strict,XGBoost,4,1,0.5654374361038208,1
229,PD0636-C,1052-PF-TRAC-WHITE,Thailand,Strict,XGBoost,4,1,0.6261269450187683,1
230,PD0637-C,1052-PF-TRAC-WHITE,Thailand,Strict,XGBoost,4,0,0.2549755275249481,0
231,PD0638-C,1052-PF-TRAC-WHITE,Thailand,Strict,XGBoost,4,0,0.4510478675365448,0
232,PD0648-C,1052-PF-TRAC-WHITE,Thailand,Strict,XGBoost,4,1,0.49865761399269104,0
233,PD0651-C,1052-PF-TRAC-WHITE,Thailand,Strict,XGBoost,4,1,0.9767271876335144,1
234,PD0658-C,1052-PF-TRAC-WHITE,Thailand,Strict,XGBoost,4,1,0.8087745308876038,1
235,PD0659-C,1052-PF-TRAC-WHITE,Thailand,Strict,XGBoost,4,1,0.8087745308876038,1
236,PD0662-C,1052-PF-TRAC-WHITE,Thailand,Strict,XGBoost,4,1,0.6905993819236755,1
237,PD0663-C,1052-PF-TRAC-WHITE,Thailand,Strict,XGBoost,4,1,0.8087745308876038,1
238,PD0664-C,1052-PF-TRAC-WHITE,Thailand,Strict,XGBoost,4,1,0.6905993819236755,1
239,PD0668-C,1052-PF-TRAC-WHITE,Thailand,Strict,XGBoost,4,1,0.8103731274604797,1
240,PD0670-C,1052-PF-TRAC-WHITE,Thailand,Strict,XGBoost,4,1,0.6905993819236755,1
852,PH0002-C,1011-PF-KH-SU,Cambodia,Strict,XGBoost,4,1,0.08415444940328598,0
853,PH0003-C,1011-PF-KH-SU,Cambodia,Strict,XGBoost,4,0,0.10952576249837875,0
854,PH0004-C,1011-PF-KH-SU,Cambodia,Strict,XGBoost,4,0,0.15204665064811707,0
855,PH0005-C,1011-PF-KH-SU,Cambodia,Strict,XGBoost,4,1,0.06247079372406006,0
856,PH0006-C,1011-PF-KH-SU,Cambodia,Strict,XGBoost,4,1,0.0936630517244339,0
857,PH0007-C,1011-PF-KH-SU,Cambodia,Strict,XGBoost,4,0,0.14319999516010284,0
858,PH0008-C,1011-PF-KH-SU,Cambodia,Strict,XGBoost,4,1,0.1128758117556572,0
859,PH0010-C,1011-PF-KH-SU,Cambodia,Strict,XGBoost,4,0,0.10438251495361328,0
860,PH0011-C,1011-PF-KH-SU,Cambodia,Strict,XGBoost,4,1,0.11700061708688736,0
861,PH0012-C,1011-PF-KH-SU,Cambodia,Strict,XGBoost,4,0,0.05909370630979538,0
862,PH0013-C,1011-PF-KH-SU,Cambodia,Strict,XGBoost,4,0,0.17190708220005035,0
863,PH0014-C,1011-PF-KH-SU,Cambodia,Strict,XGBoost,4,0,0.05912948399782181,0
864,PH0015-C,1011-PF-KH-SU,Cambodia,Strict,XGBoost,4,0,0.06230001151561737,0
865,PH0016-C,1011-PF-KH-SU,Cambodia,Strict,XGBoost,4,0,0.16104406118392944,0
866,PH0017-C,1011-PF-KH-SU,Cambodia,Strict,XGBoost,4,0,0.12170585244894028,0
867,PH0018-C,1011-PF-KH-SU,Cambodia,Strict,XGBoost,4,0,0.09886687994003296,0
868,PH0019-C,1011-PF-KH-SU,Cambodia,Strict,XGBoost,4,0,0.04968686029314995,0
869,PH0020-C,1011-PF-KH-SU,Cambodia,Strict,XGBoost,4,0,0.0792267769575119,0
870,PH0021-C,1012-PF-KH-WHITE,Cambodia,Strict,XGBoost,4,0,0.05398350954055786,0
871,PH0022-C,1012-PF-KH-WHITE,Cambodia,Strict,XGBoost,4,1,0.10749801248311996,0
872,PH0023-C,1011-PF-KH-SU,Cambodia,Strict,XGBoost,4,0,0.21617068350315094,0
873,PH0024-C,1011-PF-KH-SU,Cambodia,Strict,XGBoost,4,1,0.18521906435489655,0
874,PH0026-C,1011-PF-KH-SU,Cambodia,Strict,XGBoost,4,1,0.057144589722156525,0
875,PH0027-Cx,1011-PF-KH-SU,Cambodia,Strict,XGBoost,4,1,0.09578760713338852,0
876,PH0028-Cx,1011-PF-KH-SU,Cambodia,Strict,XGBoost,4,1,0.07363078743219376,0
877,PH0031-Cx,1011-PF-KH-SU,Cambodia,Strict,XGBoost,4,1,0.07439722120761871,0
878,PH0042-C,1011-PF-KH-SU,Cambodia,Strict,XGBoost,4,0,0.04894926771521568,0
879,PH0043-C,1012-PF-KH-WHITE,Cambodia,Strict,XGBoost,4,1,0.22889505326747894,0
1148,PH0502-C,1052-PF-TRAC-WHITE,Cambodia,Strict,XGBoost,4,0,0.07384875416755676,0
1149,PH0503-C,1052-PF-TRAC-WHITE,Cambodia,Strict,XGBoost,4,1,0.5910277962684631,1
1150,PH0505-C,1052-PF-TRAC-WHITE,Cambodia,Strict,XGBoost,4,0,0.03651793673634529,0
1151,PH0506-C,1052-PF-TRAC-WHITE,Cambodia,Strict,XGBoost,4,0,0.045956265181303024,0
1152,PH0507-C,1052-PF-TRAC-WHITE,Cambodia,Strict,XGBoost,4,0,0.04831114783883095,0
1153,PH0508-C,1052-PF-TRAC-WHITE,Cambodia,Strict,XGBoost,4,0,0.05830049514770508,0
1154,PH0510-C,1052-PF-TRAC-WHITE,Cambodia,Strict,XGBoost,4,0,0.05871180072426796,0
1155,PH0511-C,1052-PF-TRAC-WHITE,Cambodia,Strict,XGBoost,4,0,0.11477488279342651,0
1156,PH0513-C,1052-PF-TRAC-WHITE,Cambodia,Strict,XGBoost,4,0,0.17554084956645966,0
1157,PH0514-C,1052-PF-TRAC-WHITE,Cambodia,Strict,XGBoost,4,1,0.47637006640434265,0
1158,PH0515-C,1052-PF-TRAC-WHITE,Cambodia,Strict,XGBoost,4,1,0.7177935838699341,1
1159,PH0516-C,1052-PF-TRAC-WHITE,Cambodia,Strict,XGBoost,4,1,0.6565530896186829,1
1160,PH0517-C,1052-PF-TRAC-WHITE,Cambodia,Strict,XGBoost,4,0,0.04667432978749275,0
1161,PH0518-C,1052-PF-TRAC-WHITE,Cambodia,Strict,XGBoost,4,0,0.6951776146888733,1
1162,PH0519-C,1052-PF-TRAC-WHITE,Cambodia,Strict,XGBoost,4,0,0.8568044900894165,1
1163,PH0520-C,1052-PF-TRAC-WHITE,Cambodia,Strict,XGBoost,4,1,0.6788299083709717,1
1164,PH0521-C,1052-PF-TRAC-WHITE,Cambodia,Strict,XGBoost,4,0,0.8543956875801086,1
1165,PH0522-C,1052-PF-TRAC-WHITE,Cambodia,Strict,XGBoost,4,0,0.6384413242340088,1
1166,PH0523-C,1052-PF-TRAC-WHITE,Cambodia,Strict,XGBoost,4,1,0.7823003530502319,1
1167,PH0524-C,1052-PF-TRAC-WHITE,Cambodia,Strict,XGBoost,4,0,0.05887428671121597,0
1168,PH0525-C,1052-PF-TRAC-WHITE,Cambodia,Strict,XGBoost,4,1,0.5463526844978333,1
1169,PH0526-C,1052-PF-TRAC-WHITE,Cambodia,Strict,XGBoost,4,0,0.8713548183441162,1
1170,PH0527-C,1052-PF-TRAC-WHITE,Cambodia,Strict,XGBoost,4,1,0.982955276966095,1
1171,PH0528-C,1052-PF-TRAC-WHITE,Cambodia,Strict,XGBoost,4,1,0.5997521877288818,1
1172,PH0529-C,1052-PF-TRAC-WHITE,Cambodia,Strict,XGBoost,4,1,0.7473398447036743,1
1173,PH0530-C,1052-PF-TRAC-WHITE,Cambodia,Strict,XGBoost,4,1,0.7666358947753906,1
1174,PH0531-C,1052-PF-TRAC-WHITE,Cambodia,Strict,XGBoost,4,1,0.667760968208313,1
1175,PH0532-C,1052-PF-TRAC-WHITE,Cambodia,Strict,XGBoost,4,1,0.788187563419342,1
1176,PH0533-C,1052-PF-TRAC-WHITE,Cambodia,Strict,XGBoost,4,1,0.9837659001350403,1
1177,PH0534-C,1052-PF-TRAC-WHITE,Cambodia,Strict,XGBoost,4,1,0.6837711334228516,1
1178,PH0535-C,1052-PF-TRAC-WHITE,Cambodia,Strict,XGBoost,4,1,0.788187563419342,1
1179,PH0536-C,1052-PF-TRAC-WHITE,Cambodia,Strict,XGBoost,4,1,0.9538546800613403,1
1180,PH0537-C,1052-PF-TRAC-WHITE,Cambodia,Strict,XGBoost,4,1,0.7827329039573669,1
1181,PH0538-C,1052-PF-TRAC-WHITE,Cambodia,Strict,XGBoost,4,1,0.6468003988265991,1
1182,PH0539-C,1052-PF-TRAC-WHITE,Cambodia,Strict,XGBoost,4,1,0.9836770296096802,1
1183,PH0540-C,1052-PF-TRAC-WHITE,Cambodia,Strict,XGBoost,4,1,0.9837659001350403,1
1184,PH0541-C,1052-PF-TRAC-WHITE,Cambodia,Strict,XGBoost,4,1,0.9368136525154114,1
1185,PH0542-C,1052-PF-TRAC-WHITE,Cambodia,Strict,XGBoost,4,0,0.883932888507843,1
1186,PH0543-C,1052-PF-TRAC-WHITE,Cambodia,Strict,XGBoost,4,1,0.983859121799469,1
1187,PH0544-C,1052-PF-TRAC-WHITE,Cambodia,Strict,XGBoost,4,1,0.7473398447036743,1
1188,PH0545-C,1052-PF-TRAC-WHITE,Cambodia,Strict,XGBoost,4,0,0.9338972568511963,1
1189,PH0546-C,1052-PF-TRAC-WHITE,Cambodia,Strict,XGBoost,4,0,0.934903621673584,1
1190,PH0547-C,1052-PF-TRAC-WHITE,Cambodia,Strict,XGBoost,4,1,0.9526391625404358,1
1191,PH0548-C,1052-PF-TRAC-WHITE,Cambodia,Strict,XGBoost,4,1,0.6151774525642395,1
1192,PH0549-C,1052-PF-TRAC-WHITE,Cambodia,Strict,XGBoost,4,1,0.45169785618782043,0
1193,PH0551-C,1052-PF-TRAC-WHITE,Cambodia,Strict,XGBoost,4,1,0.8975130319595337,1
1194,PH0552-C,1052-PF-TRAC-WHITE,Cambodia,Strict,XGBoost,4,1,0.9834554195404053,1
1195,PH0553-C,1052-PF-TRAC-WHITE,Cambodia,Strict,XGBoost,4,1,0.6853123307228088,1
1196,PH0554-C,1052-PF-TRAC-WHITE,Cambodia,Strict,XGBoost,4,1,0.6858222484588623,1
1197,PH0555-C,1052-PF-TRAC-WHITE,Cambodia,Strict,XGBoost,4,0,0.9840966463088989,1
1198,PH0556-C,1052-PF-TRAC-WHITE,Cambodia,Strict,XGBoost,4,1,0.919952392578125,1
1199,PH0557-C,1052-PF-TRAC-WHITE,Cambodia,Strict,XGBoost,4,0,0.9338972568511963,1
1200,PH0558-C,1052-PF-TRAC-WHITE,Cambodia,Strict,XGBoost,4,1,0.9540246725082397,1
1201,PH0559-C,1052-PF-TRAC-WHITE,Cambodia,Strict,XGBoost,4,1,0.6858222484588623,1
1202,PH0560-C,1052-PF-TRAC-WHITE,Cambodia,Strict,XGBoost,4,1,0.7213717103004456,1
1203,PH0561-C,1052-PF-TRAC-WHITE,Cambodia,Strict,XGBoost,4,1,0.9503024816513062,1
1204,PH0562-C,1052-PF-TRAC-WHITE,Cambodia,Strict,XGBoost,4,1,0.9379194378852844,1
1205,PH0563-C,1052-PF-TRAC-WHITE,Cambodia,Strict,XGBoost,4,1,0.9342086315155029,1
1206,PH0564-C,1052-PF-TRAC-WHITE,Cambodia,Strict,XGBoost,4,0,0.8741502165794373,1
1207,PH0565-C,1052-PF-TRAC-WHITE,Cambodia,Strict,XGBoost,4,1,0.9840966463088989,1
1208,PH0566-C,1052-PF-TRAC-WHITE,Cambodia,Strict,XGBoost,4,1,0.9401806592941284,1
1209,PH0568-C,1052-PF-TRAC-WHITE,Cambodia,Strict,XGBoost,4,1,0.883895993232727,1
1210,PH0569-C,1052-PF-TRAC-WHITE,Cambodia,Strict,XGBoost,4,0,0.47637006640434265,0
1211,PH0570-C,1052-PF-TRAC-WHITE,Cambodia,Strict,XGBoost,4,1,0.9837930798530579,1
1212,PH0571-C,1052-PF-TRAC-WHITE,Cambodia,Strict,XGBoost,4,0,0.6103306412696838,1
1213,PH0572-C,1052-PF-TRAC-WHITE,Cambodia,Strict,XGBoost,4,1,0.9542546272277832,1
1214,PH0574-C,1052-PF-TRAC-WHITE,Cambodia,Strict,XGBoost,4,0,0.3386189937591553,0
1215,PH0576-C,1052-PF-TRAC-WHITE,Cambodia,Strict,XGBoost,4,1,0.4146980345249176,0
1216,PH0578-C,1052-PF-TRAC-WHITE,Cambodia,Strict,XGBoost,4,1,0.9837930798530579,1
1217,PH0579-C,1052-PF-TRAC-WHITE,Cambodia,Strict,XGBoost,4,1,0.5464596152305603,1
1218,PH0582-C,1052-PF-TRAC-WHITE,Cambodia,Strict,XGBoost,4,0,0.5755429863929749,1
1219,PH0583-C,1052-PF-TRAC-WHITE,Cambodia,Strict,XGBoost,4,1,0.8922267556190491,1
1220,PH0584-C,1052-PF-TRAC-WHITE,Cambodia,Strict,XGBoost,4,1,0.9840966463088989,1
1221,PH0585-C,1052-PF-TRAC-WHITE,Cambodia,Strict,XGBoost,4,0,0.42359355092048645,0
1222,PH0586-C,1052-PF-TRAC-WHITE,Cambodia,Strict,XGBoost,4,1,0.5676531791687012,1
1223,PH0587-C,1052-PF-TRAC-WHITE,Cambodia,Strict,XGBoost,4,1,0.5676531791687012,1
1224,PH0588-C,1052-PF-TRAC-WHITE,Cambodia,Strict,XGBoost,4,0,0.05533542484045029,0
1225,PH0589-C,1052-PF-TRAC-WHITE,Cambodia,Strict,XGBoost,4,0,0.04280974715948105,0
1226,PH0590-C,1052-PF-TRAC-WHITE,Cambodia,Strict,XGBoost,4,0,0.09417426586151123,0
1227,PH0592-C,1052-PF-TRAC-WHITE,Cambodia,Strict,XGBoost,4,0,0.47946617007255554,0
1228,PH0593-C,1052-PF-TRAC-WHITE,Cambodia,Strict,XGBoost,4,0,0.6311413049697876,1
1229,PH0594-C,1052-PF-TRAC-WHITE,Cambodia,Strict,XGBoost,4,0,0.07443825900554657,0
1230,PH0596-C,1052-PF-TRAC-WHITE,Cambodia,Strict,XGBoost,4,1,0.6012274622917175,1
1231,PH0597-C,1052-PF-TRAC-WHITE,Cambodia,Strict,XGBoost,4,0,0.1558949202299118,0
1232,PH0598-C,1052-PF-TRAC-WHITE,Cambodia,Strict,XGBoost,4,0,0.03991733491420746,0
1233,PH0599-C,1052-PF-TRAC-WHITE,Cambodia,Strict,XGBoost,4,0,0.16956780850887299,0
1234,PH0600-C,1052-PF-TRAC-WHITE,Cambodia,Strict,XGBoost,4,0,0.16956780850887299,0
1235,PH0601-C,1052-PF-TRAC-WHITE,Cambodia,Strict,XGBoost,4,0,0.6788299083709717,1
1236,PH0602-C,1052-PF-TRAC-WHITE,Cambodia,Strict,XGBoost,4,1,0.47637006640434265,0
1237,PH0603-C,1052-PF-TRAC-WHITE,Cambodia,Strict,XGBoost,4,0,0.07796977460384369,0
1238,PH0604-C,1052-PF-TRAC-WHITE,Cambodia,Strict,XGBoost,4,0,0.42359355092048645,0
1239,PH0605-C,1052-PF-TRAC-WHITE,Cambodia,Strict,XGBoost,4,0,0.6951776146888733,1
1240,PH0608-C,1052-PF-TRAC-WHITE,Cambodia,Strict,XGBoost,4,0,0.17697878181934357,0
1241,PH0609-C,1052-PF-TRAC-WHITE,Cambodia,Strict,XGBoost,4,0,0.2098546326160431,0
1242,PH0610-C,1052-PF-TRAC-WHITE,Cambodia,Strict,XGBoost,4,0,0.18489223718643188,0
1243,PH0611-C,1052-PF-TRAC-WHITE,Cambodia,Strict,XGBoost,4,1,0.573057234287262,1
1244,PH0612-C,1052-PF-TRAC-WHITE,Cambodia,Strict,XGBoost,4,0,0.5282471179962158,1
1245,PH0613-C,1052-PF-TRAC-WHITE,Cambodia,Strict,XGBoost,4,0,0.2334533929824829,0
1246,PH0614-C,1052-PF-TRAC-WHITE,Cambodia,Strict,XGBoost,4,0,0.04410756751894951,0
1247,PH0617-C,1052-PF-TRAC-WHITE,Cambodia,Strict,XGBoost,4,0,0.06408771127462387,0
1248,PH0619-C,1052-PF-TRAC-WHITE,Cambodia,Strict,XGBoost,4,0,0.10906923562288284,0
1249,PH0621-C,1052-PF-TRAC-WHITE,Cambodia,Strict,XGBoost,4,0,0.062858946621418,0
1250,PH0623-C,1052-PF-TRAC-WHITE,Cambodia,Strict,XGBoost,4,0,0.04853470250964165,0
1251,PH0624-C,1052-PF-TRAC-WHITE,Cambodia,Strict,XGBoost,4,0,0.07926128804683685,0
1252,PH0625-C,1052-PF-TRAC-WHITE,Cambodia,Strict,XGBoost,4,0,0.05642461031675339,0
1253,PH0626-C,1052-PF-TRAC-WHITE,Cambodia,Strict,XGBoost,4,0,0.24799636006355286,0
1254,PH0627-C,1052-PF-TRAC-WHITE,Cambodia,Strict,XGBoost,4,0,0.039349883794784546,0
1255,PH0628-C,1052-PF-TRAC-WHITE,Cambodia,Strict,XGBoost,4,0,0.039349883794784546,0
1256,PH0629-C,1052-PF-TRAC-WHITE,Cambodia,Strict,XGBoost,4,0,0.0394393615424633,0
1257,PH0630-C,1052-PF-TRAC-WHITE,Cambodia,Strict,XGBoost,4,0,0.0588703528046608,0
1258,PH0631-C,1052-PF-TRAC-WHITE,Cambodia,Strict,XGBoost,4,0,0.0535646490752697,0
1259,PH0632-C,1052-PF-TRAC-WHITE,Cambodia,Strict,XGBoost,4,0,0.05775589868426323,0
1260,PH0633-C,1052-PF-TRAC-WHITE,Cambodia,Strict,XGBoost,4,0,0.14632591605186462,0
1261,PH0634-C,1052-PF-TRAC-WHITE,Cambodia,Strict,XGBoost,4,0,0.03374474123120308,0
1262,PH0635-C,1052-PF-TRAC-WHITE,Cambodia,Strict,XGBoost,4,0,0.0910448282957077,0
1263,PH0636-C,1052-PF-TRAC-WHITE,Cambodia,Strict,XGBoost,4,0,0.16956780850887299,0
1264,PH0637-C,1052-PF-TRAC-WHITE,Cambodia,Strict,XGBoost,4,0,0.07871618121862411,0
1265,PH0639-C,1052-PF-TRAC-WHITE,Cambodia,Strict,XGBoost,4,0,0.14632591605186462,0
1266,PH0640-C,1052-PF-TRAC-WHITE,Cambodia,Strict,XGBoost,4,0,0.16782088577747345,0
1267,PH0641-C,1052-PF-TRAC-WHITE,Cambodia,Strict,XGBoost,4,0,0.07485643774271011,0
1268,PH0642-C,1052-PF-TRAC-WHITE,Cambodia,Strict,XGBoost,4,0,0.044164638966321945,0
1269,PH0643-C,1052-PF-TRAC-WHITE,Cambodia,Strict,XGBoost,4,0,0.05317972972989082,0
1270,PH0644-C,1052-PF-TRAC-WHITE,Cambodia,Strict,XGBoost,4,0,0.11738494783639908,0
1271,PH0645-C,1052-PF-TRAC-WHITE,Cambodia,Strict,XGBoost,4,0,0.05766598507761955,0
1272,PH0646-C,1052-PF-TRAC-WHITE,Cambodia,Strict,XGBoost,4,0,0.03651793673634529,0
1273,PH0647-C,1052-PF-TRAC-WHITE,Cambodia,Strict,XGBoost,4,0,0.04280974715948105,0
1274,PH0648-C,1052-PF-TRAC-WHITE,Cambodia,Strict,XGBoost,4,0,0.11927001923322678,0
1275,PH0650-C,1052-PF-TRAC-WHITE,Cambodia,Strict,XGBoost,4,0,0.06509992480278015,0
1276,PH0651-C,1052-PF-TRAC-WHITE,Cambodia,Strict,XGBoost,4,0,0.039349883794784546,0
1277,PH0676-C,1052-PF-TRAC-WHITE,Cambodia,Strict,XGBoost,4,1,0.9840966463088989,1
1278,PH0677-C,1052-PF-TRAC-WHITE,Cambodia,Strict,XGBoost,4,1,0.8166804909706116,1
1279,PH0678-C,1052-PF-TRAC-WHITE,Cambodia,Strict,XGBoost,4,0,0.7995537519454956,1
1280,PH0679-C,1052-PF-TRAC-WHITE,Cambodia,Strict,XGBoost,4,0,0.6019275784492493,1
1281,PH0680-C,1052-PF-TRAC-WHITE,Cambodia,Strict,XGBoost,4,1,0.9804661870002747,1
1282,PH0681-C,1052-PF-TRAC-WHITE,Cambodia,Strict,XGBoost,4,1,0.8898226618766785,1
1283,PH0682-C,1052-PF-TRAC-WHITE,Cambodia,Strict,XGBoost,4,1,0.9836770296096802,1
1284,PH0683-C,1052-PF-TRAC-WHITE,Cambodia,Strict,XGBoost,4,1,0.9358372092247009,1
1285,PH0684-C,1052-PF-TRAC-WHITE,Cambodia,Strict,XGBoost,4,1,0.9808853268623352,1
1286,PH0685-C,1052-PF-TRAC-WHITE,Cambodia,Strict,XGBoost,4,1,0.8835756182670593,1
1287,PH0686-C,1052-PF-TRAC-WHITE,Cambodia,Strict,XGBoost,4,1,0.982955276966095,1
1288,PH0687-C,1052-PF-TRAC-WHITE,Cambodia,Strict,XGBoost,4,1,0.788187563419342,1
1289,PH0692-C,1052-PF-TRAC-WHITE,Cambodia,Strict,XGBoost,4,1,0.9839370250701904,1
1290,PH0694-C,1052-PF-TRAC-WHITE,Cambodia,Strict,XGBoost,4,1,0.9836770296096802,1
1291,PH0695-C,1052-PF-TRAC-WHITE,Cambodia,Strict,XGBoost,4,1,0.9695013165473938,1
1292,PH0696-C,1052-PF-TRAC-WHITE,Cambodia,Strict,XGBoost,4,1,0.788187563419342,1
1293,PH0697-C,1052-PF-TRAC-WHITE,Cambodia,Strict,XGBoost,4,1,0.8341119289398193,1
1294,PH0698-C,1052-PF-TRAC-WHITE,Cambodia,Strict,XGBoost,4,0,0.3980597257614136,0
1295,PH0700-C,1052-PF-TRAC-WHITE,Cambodia,Strict,XGBoost,4,1,0.6461999416351318,1
1296,PH0701-C,1052-PF-TRAC-WHITE,Cambodia,Strict,XGBoost,4,1,0.7601288557052612,1
1297,PH0702-C,1052-PF-TRAC-WHITE,Cambodia,Strict,XGBoost,4,1,0.9841832518577576,1
1298,PH0703-C,1052-PF-TRAC-WHITE,Cambodia,Strict,XGBoost,4,1,0.8471287488937378,1
1299,PH0704-C,1052-PF-TRAC-WHITE,Cambodia,Strict,XGBoost,4,0,0.5283408164978027,1
1300,PH0706-C,1052-PF-TRAC-WHITE,Cambodia,Strict,XGBoost,4,1,0.9449850916862488,1
1301,PH0707-C,1052-PF-TRAC-WHITE,Cambodia,Strict,XGBoost,4,1,0.4686693549156189,0
1302,PH0708-C,1052-PF-TRAC-WHITE,Cambodia,Strict,XGBoost,4,1,0.697155237197876,1
1303,PH0709-C,1052-PF-TRAC-WHITE,Cambodia,Strict,XGBoost,4,0,0.7127949595451355,1
1304,PH0712-C,1052-PF-TRAC-WHITE,Cambodia,Strict,XGBoost,4,1,0.9838812351226807,1
1305,PH0715-C,1052-PF-TRAC-WHITE,Cambodia,Strict,XGBoost,4,1,0.8667707443237305,1
1306,PH0716-C,1052-PF-TRAC-WHITE,Cambodia,Strict,XGBoost,4,1,0.9837930798530579,1
1307,PH0717-C,1052-PF-TRAC-WHITE,Cambodia,Strict,XGBoost,4,0,0.341249018907547,0
1308,PH0718-C,1052-PF-TRAC-WHITE,Cambodia,Strict,XGBoost,4,1,0.5037493705749512,1
1309,PH0719-C,1052-PF-TRAC-WHITE,Cambodia,Strict,XGBoost,4,1,0.6858222484588623,1
1310,PH0722-C,1052-PF-TRAC-WHITE,Cambodia,Strict,XGBoost,4,1,0.6858222484588623,1
1311,PH0723-C,1052-PF-TRAC-WHITE,Cambodia,Strict,XGBoost,4,1,0.9840966463088989,1
1312,PH0725-C,1052-PF-TRAC-WHITE,Cambodia,Strict,XGBoost,4,0,0.3311784267425537,0
1313,PH0727-C,1052-PF-TRAC-WHITE,Cambodia,Strict,XGBoost,4,0,0.06376153230667114,0
1314,PH0728-C,1052-PF-TRAC-WHITE,Cambodia,Strict,XGBoost,4,1,0.6565530896186829,1
1315,PH0729-C,1052-PF-TRAC-WHITE,Cambodia,Strict,XGBoost,4,0,0.2873639166355133,0
1316,PH0730-C,1052-PF-TRAC-WHITE,Cambodia,Strict,XGBoost,4,0,0.5051169395446777,1
1317,PH0731-C,1052-PF-TRAC-WHITE,Cambodia,Strict,XGBoost,4,1,0.788187563419342,1
1318,PH0732-C,1052-PF-TRAC-WHITE,Cambodia,Strict,XGBoost,4,0,0.44412216544151306,0
1319,PH0734-C,1052-PF-TRAC-WHITE,Cambodia,Strict,XGBoost,4,0,0.08816567808389664,0
1320,PH0736-C,1052-PF-TRAC-WHITE,Cambodia,Strict,XGBoost,4,0,0.09816692769527435,0
1321,PH0737-C,1052-PF-TRAC-WHITE,Cambodia,Strict,XGBoost,4,0,0.05574940890073776,0
1322,PH0738-C,1052-PF-TRAC-WHITE,Cambodia,Strict,XGBoost,4,1,0.7726956009864807,1
1323,PH0739-C,1052-PF-TRAC-WHITE,Cambodia,Strict,XGBoost,4,0,0.44412216544151306,0
1324,PH0742-C,1052-PF-TRAC-WHITE,Cambodia,Strict,XGBoost,4,0,0.5993649959564209,1
1325,PH0743-C,1052-PF-TRAC-WHITE,Cambodia,Strict,XGBoost,4,0,0.5993649959564209,1
1326,PH0744-C,1052-PF-TRAC-WHITE,Cambodia,Strict,XGBoost,4,0,0.1767578274011612,0
1327,PH0745-C,1052-PF-TRAC-WHITE,Cambodia,Strict,XGBoost,4,1,0.788187563419342,1
1328,PH0746-C,1052-PF-TRAC-WHITE,Cambodia,Strict,XGBoost,4,0,0.06192987039685249,0
1329,PH0747-Cx,1052-PF-TRAC-WHITE,Cambodia,Strict,XGBoost,4,0,0.10851126164197922,0
1330,PH0749-C,1052-PF-TRAC-WHITE,Cambodia,Strict,XGBoost,4,0,0.04418078437447548,0
1331,PH0750-Cx,1052-PF-TRAC-WHITE,Cambodia,Strict,XGBoost,4,0,0.08724087476730347,0
1332,PH0752-C,1052-PF-TRAC-WHITE,Cambodia,Strict,XGBoost,4,0,0.4117085933685303,0
1333,PH0753-Cx,1052-PF-TRAC-WHITE,Cambodia,Strict,XGBoost,4,1,0.5887380242347717,1
1334,PH0754-C,1052-PF-TRAC-WHITE,Cambodia,Strict,XGBoost,4,0,0.22302033007144928,0
1335,PH0755-C,1052-PF-TRAC-WHITE,Cambodia,Strict,XGBoost,4,1,0.5463526844978333,1
1336,PH0756-Cx,1052-PF-TRAC-WHITE,Cambodia,Strict,XGBoost,4,0,0.10725576430559158,0
1337,PH0757-C,1052-PF-TRAC-WHITE,Cambodia,Strict,XGBoost,4,1,0.6536836624145508,1
1338,PH0758-C,1052-PF-TRAC-WHITE,Cambodia,Strict,XGBoost,4,0,0.1639096736907959,0
1339,PH0759-C,1052-PF-TRAC-WHITE,Cambodia,Strict,XGBoost,4,0,0.4759141802787781,0
1340,PH0760-C,1052-PF-TRAC-WHITE,Cambodia,Strict,XGBoost,4,0,0.048897724598646164,0
1341,PH0761-C,1052-PF-TRAC-WHITE,Cambodia,Strict,XGBoost,4,0,0.18489223718643188,0
1342,PH0762-Cx,1052-PF-TRAC-WHITE,Cambodia,Strict,XGBoost,4,0,0.6361926794052124,1
1343,PH0763-C,1052-PF-TRAC-WHITE,Cambodia,Strict,XGBoost,4,0,0.41198256611824036,0
1344,PH0764-C,1052-PF-TRAC-WHITE,Cambodia,Strict,XGBoost,4,0,0.046479370445013046,0
1345,PH0765-C,1052-PF-TRAC-WHITE,Cambodia,Strict,XGBoost,4,0,0.6283572912216187,1
1346,PH0766-Cx,1052-PF-TRAC-WHITE,Cambodia,Strict,XGBoost,4,0,0.03541917726397514,0
1347,PH0767-C,1052-PF-TRAC-WHITE,Cambodia,Strict,XGBoost,4,0,0.0361301526427269,0
1348,PH0768-C,1052-PF-TRAC-WHITE,Cambodia,Strict,XGBoost,4,0,0.039349883794784546,0
1349,PH0769-C,1052-PF-TRAC-WHITE,Cambodia,Strict,XGBoost,4,0,0.0361301526427269,0
1350,PH0770-C,1052-PF-TRAC-WHITE,Cambodia,Strict,XGBoost,4,0,0.23339000344276428,0
1351,PH0772-C,1052-PF-TRAC-WHITE,Cambodia,Strict,XGBoost,4,0,0.07554259151220322,0
1352,PH0773-Cx,1052-PF-TRAC-WHITE,Cambodia,Strict,XGBoost,4,0,0.6311413049697876,1
1353,PH0774-C,1052-PF-TRAC-WHITE,Cambodia,Strict,XGBoost,4,0,0.04251163452863693,0
1354,PH0775-Cx,1052-PF-TRAC-WHITE,Cambodia,Strict,XGBoost,4,0,0.2506835162639618,0
1355,PH0776-C,1052-PF-TRAC-WHITE,Cambodia,Strict,XGBoost,4,0,0.06446961313486099,0
1356,PH0777-C,1052-PF-TRAC-WHITE,Cambodia,Strict,XGBoost,4,0,0.03209167718887329,0
1357,PH0778-C,1052-PF-TRAC-WHITE,Cambodia,Strict,XGBoost,4,0,0.06739894300699234,0
1358,PH0779-Cx,1052-PF-TRAC-WHITE,Cambodia,Strict,XGBoost,4,0,0.06897304952144623,0
1359,PH0780-C,1052-PF-TRAC-WHITE,Cambodia,Strict,XGBoost,4,0,0.06534315645694733,0
1360,PH0782-C,1052-PF-TRAC-WHITE,Cambodia,Strict,XGBoost,4,0,0.0836971327662468,0
1361,PH0783-C,1052-PF-TRAC-WHITE,Cambodia,Strict,XGBoost,4,0,0.05642461031675339,0
1362,PH0784-C,1052-PF-TRAC-WHITE,Cambodia,Strict,XGBoost,4,1,0.20231136679649353,0
1363,PH0785-Cx,1052-PF-TRAC-WHITE,Cambodia,Strict,XGBoost,4,0,0.04853470250964165,0
1364,PH0786-Cx,1052-PF-TRAC-WHITE,Cambodia,Strict,XGBoost,4,1,0.13401038944721222,0
1365,PH0788-C,1052-PF-TRAC-WHITE,Cambodia,Strict,XGBoost,4,0,0.13574546575546265,0
1366,PH0789-C,1052-PF-TRAC-WHITE,Cambodia,Strict,XGBoost,4,0,0.06496202200651169,0
1367,PH0790-C,1052-PF-TRAC-WHITE,Cambodia,Strict,XGBoost,4,0,0.04196779802441597,0
1368,PH0793-C,1052-PF-TRAC-WHITE,Cambodia,Strict,XGBoost,4,0,0.06499604880809784,0
1369,PH0794-C,1052-PF-TRAC-WHITE,Cambodia,Strict,XGBoost,4,0,0.0653202086687088,0
1370,PH0795-C,1052-PF-TRAC-WHITE,Cambodia,Strict,XGBoost,4,0,0.05263465270400047,0
1371,PH0797-C,1052-PF-TRAC-WHITE,Cambodia,Strict,XGBoost,4,0,0.0653202086687088,0
1372,PH0800-C,1052-PF-TRAC-WHITE,Cambodia,Strict,XGBoost,4,0,0.09827587008476257,0
1373,PH0801-C,1052-PF-TRAC-WHITE,Cambodia,Strict,XGBoost,4,0,0.05296942591667175,0
1374,PH0802-C,1052-PF-TRAC-WHITE,Cambodia,Strict,XGBoost,4,0,0.05436427518725395,0
1375,PH0805-C,1052-PF-TRAC-WHITE,Cambodia,Strict,XGBoost,4,0,0.05635620653629303,0
1376,PH0807-C,1052-PF-TRAC-WHITE,Cambodia,Strict,XGBoost,4,0,0.04358282312750816,0
1377,PH0810-C,1052-PF-TRAC-WHITE,Cambodia,Strict,XGBoost,4,0,0.04365212470293045,0
1378,PH0811-C,1052-PF-TRAC-WHITE,Cambodia,Strict,XGBoost,4,0,0.03255761042237282,0
1379,PH0813-C,1052-PF-TRAC-WHITE,Cambodia,Strict,XGBoost,4,0,0.04667432978749275,0
1380,PH0814-Cx,1052-PF-TRAC-WHITE,Cambodia,Strict,XGBoost,4,0,0.6462624669075012,1
1381,PH0815-C,1052-PF-TRAC-WHITE,Cambodia,Strict,XGBoost,4,0,0.0346011146903038,0
1382,PH0817-C,1052-PF-TRAC-WHITE,Cambodia,Strict,XGBoost,4,1,0.6999831199645996,1
1383,PH0818-C,1052-PF-TRAC-WHITE,Cambodia,Strict,XGBoost,4,1,0.9780880212783813,1
1384,PH0819-C,1052-PF-TRAC-WHITE,Cambodia,Strict,XGBoost,4,1,0.9568569660186768,1
1385,PH0820-C,1052-PF-TRAC-WHITE,Cambodia,Strict,XGBoost,4,1,0.9568569660186768,1
1386,PH0821-C,1052-PF-TRAC-WHITE,Cambodia,Strict,XGBoost,4,1,0.8758164048194885,1
1387,PH0822-C,1052-PF-TRAC-WHITE,Cambodia,Strict,XGBoost,4,1,0.9837930798530579,1
1388,PH0823-C,1052-PF-TRAC-WHITE,Cambodia,Strict,XGBoost,4,1,0.9568569660186768,1
1389,PH0824-C,1052-PF-TRAC-WHITE,Cambodia,Strict,XGBoost,4,1,0.9797037839889526,1
1390,PH0825-C,1052-PF-TRAC-WHITE,Cambodia,Strict,XGBoost,4,1,0.9839370250701904,1
1391,PH0826-C,1052-PF-TRAC-WHITE,Cambodia,Strict,XGBoost,4,1,0.9778332114219666,1
1392,PH0828-C,1052-PF-TRAC-WHITE,Cambodia,Strict,XGBoost,4,1,0.9575363397598267,1
1393,PH0829-C,1052-PF-TRAC-WHITE,Cambodia,Strict,XGBoost,4,1,0.9824216961860657,1
1394,PH0830-C,1052-PF-TRAC-WHITE,Cambodia,Strict,XGBoost,4,1,0.7127949595451355,1
1395,PH0831-C,1052-PF-TRAC-WHITE,Cambodia,Strict,XGBoost,4,1,0.9843144416809082,1
1396,PH0832-C,1052-PF-TRAC-WHITE,Cambodia,Strict,XGBoost,4,1,0.5720880031585693,1
1397,PH0833-C,1052-PF-TRAC-WHITE,Cambodia,Strict,XGBoost,4,1,0.9778332114219666,1
1398,PH0834-C,1052-PF-TRAC-WHITE,Cambodia,Strict,XGBoost,4,1,0.5486060976982117,1
1399,PH0835-C,1052-PF-TRAC-WHITE,Cambodia,Strict,XGBoost,4,1,0.9836770296096802,1
1400,PH0836-C,1052-PF-TRAC-WHITE,Cambodia,Strict,XGBoost,4,1,0.6487388610839844,1
1401,PH0837-C,1052-PF-TRAC-WHITE,Cambodia,Strict,XGBoost,4,1,0.9778332114219666,1
1402,PH0838-C,1052-PF-TRAC-WHITE,Cambodia,Strict,XGBoost,4,1,0.9735676050186157,1
1403,PH0839-C,1052-PF-TRAC-WHITE,Cambodia,Strict,XGBoost,4,1,0.9568569660186768,1
1404,PH0840-C,1052-PF-TRAC-WHITE,Cambodia,Strict,XGBoost,4,1,0.9568569660186768,1
1405,PH0841-C,1052-PF-TRAC-WHITE,Cambodia,Strict,XGBoost,4,1,0.9792652130126953,1
1406,PH0842-C,1052-PF-TRAC-WHITE,Cambodia,Strict,XGBoost,4,1,0.8586444854736328,1
1407,PH0843-C,1052-PF-TRAC-WHITE,Cambodia,Strict,XGBoost,4,1,0.5997521877288818,1
1408,PH0844-C,1052-PF-TRAC-WHITE,Cambodia,Strict,XGBoost,4,1,0.8815549612045288,1
1409,PH0845-C,1052-PF-TRAC-WHITE,Cambodia,Strict,XGBoost,4,1,0.9824216961860657,1
1410,PH0846-C,1052-PF-TRAC-WHITE,Cambodia,Strict,XGBoost,4,1,0.9836770296096802,1
1411,PH0847-C,1052-PF-TRAC-WHITE,Cambodia,Strict,XGBoost,4,1,0.9780880212783813,1
1412,PH0848-C,1052-PF-TRAC-WHITE,Cambodia,Strict,XGBoost,4,0,0.04365212470293045,0
1413,PH0849-C,1052-PF-TRAC-WHITE,Cambodia,Strict,XGBoost,4,0,0.07065453380346298,0
1414,PH0850-C,1052-PF-TRAC-WHITE,Cambodia,Strict,XGBoost,4,1,0.9750825762748718,1
1415,PH0851-C,1052-PF-TRAC-WHITE,Cambodia,Strict,XGBoost,4,1,0.9837930798530579,1
1416,PH0852-C,1052-PF-TRAC-WHITE,Cambodia,Strict,XGBoost,4,1,0.6834474205970764,1
1417,PH0853-C,1052-PF-TRAC-WHITE,Cambodia,Strict,XGBoost,4,1,0.6834474205970764,1
1418,PH0854-C,1052-PF-TRAC-WHITE,Cambodia,Strict,XGBoost,4,1,0.9778734445571899,1
1419,PH0855-C,1052-PF-TRAC-WHITE,Cambodia,Strict,XGBoost,4,1,0.9767271876335144,1
1420,PH0856-C,1052-PF-TRAC-WHITE,Cambodia,Strict,XGBoost,4,1,0.662426769733429,1
1421,PH0858-C,1052-PF-TRAC-WHITE,Cambodia,Strict,XGBoost,4,1,0.9778734445571899,1
1422,PH0860-Cx,1052-PF-TRAC-WHITE,Cambodia,Strict,XGBoost,4,1,0.9154357314109802,1
1423,PH0863-Cx,1052-PF-TRAC-WHITE,Cambodia,Strict,XGBoost,4,0,0.8232672214508057,1
1424,PH0865-C,1052-PF-TRAC-WHITE,Cambodia,Strict,XGBoost,4,0,0.051017582416534424,0
1425,PH0866-C,1052-PF-TRAC-WHITE,Cambodia,Strict,XGBoost,4,0,0.051017582416534424,0
1426,PH0868-Cx,1052-PF-TRAC-WHITE,Cambodia,Strict,XGBoost,4,1,0.9840966463088989,1
1427,PH0870-C,1052-PF-TRAC-WHITE,Cambodia,Strict,XGBoost,4,1,0.9735676050186157,1
1428,PH0871-C,1052-PF-TRAC-WHITE,Cambodia,Strict,XGBoost,4,0,0.680720865726471,1
1429,PH0872-C,1052-PF-TRAC-WHITE,Cambodia,Strict,XGBoost,4,0,0.2098546326160431,0
1430,PH0873-Cx,1052-PF-TRAC-WHITE,Cambodia,Strict,XGBoost,4,0,0.7501839399337769,1
1431,PH0874-Cx,1052-PF-TRAC-WHITE,Cambodia,Strict,XGBoost,4,1,0.9840966463088989,1
1432,PH0875-C,1052-PF-TRAC-WHITE,Cambodia,Strict,XGBoost,4,0,0.45963382720947266,0
1433,PH0876-C,1052-PF-TRAC-WHITE,Cambodia,Strict,XGBoost,4,0,0.15816256403923035,0
1434,PH0877-C,1052-PF-TRAC-WHITE,Cambodia,Strict,XGBoost,4,0,0.34787431359291077,0
1435,PH0878-C,1052-PF-TRAC-WHITE,Cambodia,Strict,XGBoost,4,0,0.34787431359291077,0
1436,PH0879-C,1052-PF-TRAC-WHITE,Cambodia,Strict,XGBoost,4,0,0.2804282307624817,0
1437,PH0880-C,1052-PF-TRAC-WHITE,Cambodia,Strict,XGBoost,4,0,0.04280974715948105,0
1438,PH0882-C,1052-PF-TRAC-WHITE,Cambodia,Strict,XGBoost,4,0,0.07030032575130463,0
1439,PH0885-Cx,1052-PF-TRAC-WHITE,Cambodia,Strict,XGBoost,4,0,0.058711789548397064,0
1440,PH0886-C,1052-PF-TRAC-WHITE,Cambodia,Strict,XGBoost,4,1,0.9778332114219666,1
1441,PH0887-C,1052-PF-TRAC-WHITE,Cambodia,Strict,XGBoost,4,1,0.6788299083709717,1
1442,PH0888-C,1052-PF-TRAC-WHITE,Cambodia,Strict,XGBoost,4,1,0.9840966463088989,1
1443,PH0889-C,1052-PF-TRAC-WHITE,Cambodia,Strict,XGBoost,4,1,0.9767271876335144,1
1444,PH0890-C,1052-PF-TRAC-WHITE,Cambodia,Strict,XGBoost,4,1,0.9843144416809082,1
1445,PH0891-Cx,1052-PF-TRAC-WHITE,Cambodia,Strict,XGBoost,4,1,0.9841597676277161,1
1446,PH0894-C,1052-PF-TRAC-WHITE,Cambodia,Strict,XGBoost,4,1,0.7097613215446472,1
1447,PH0895-C,1052-PF-TRAC-WHITE,Cambodia,Strict,XGBoost,4,0,0.8468716740608215,1
1448,PH0896-C,1052-PF-TRAC-WHITE,Cambodia,Strict,XGBoost,4,1,0.9778332114219666,1
1449,PH0898-C,1052-PF-TRAC-WHITE,Cambodia,Strict,XGBoost,4,0,0.5213078856468201,1
1450,PH0899-C,1052-PF-TRAC-WHITE,Cambodia,Strict,XGBoost,4,1,0.9840966463088989,1
1451,PH0900-C,1052-PF-TRAC-WHITE,Cambodia,Strict,XGBoost,4,1,0.9840966463088989,1
1452,PH0901-C,1052-PF-TRAC-WHITE,Cambodia,Strict,XGBoost,4,1,0.9824216961860657,1
1453,PH0902-C,1052-PF-TRAC-WHITE,Cambodia,Strict,XGBoost,4,1,0.9607944488525391,1
1454,PH0903-C,1052-PF-TRAC-WHITE,Cambodia,Strict,XGBoost,4,1,0.9592534303665161,1
1455,PH0904-C,1052-PF-TRAC-WHITE,Cambodia,Strict,XGBoost,4,1,0.9840966463088989,1
1456,PH0905-C,1052-PF-TRAC-WHITE,Cambodia,Strict,XGBoost,4,0,0.8252015113830566,1
1457,PH0906-C,1052-PF-TRAC-WHITE,Cambodia,Strict,XGBoost,4,1,0.9829872846603394,1
1458,PH0907-C,1052-PF-TRAC-WHITE,Cambodia,Strict,XGBoost,4,1,0.9841597676277161,1
1459,PH0908-C,1052-PF-TRAC-WHITE,Cambodia,Strict,XGBoost,4,1,0.9841597676277161,1
1460,PH0909-C,1052-PF-TRAC-WHITE,Cambodia,Strict,XGBoost,4,1,0.961695671081543,1
1461,PH0910-C,1052-PF-TRAC-WHITE,Cambodia,Strict,XGBoost,4,1,0.9840966463088989,1
1462,PH0911-Cx,1052-PF-TRAC-WHITE,Cambodia,Strict,XGBoost,4,1,0.97999107837677,1
1463,PH0912-C,1052-PF-TRAC-WHITE,Cambodia,Strict,XGBoost,4,1,0.9841597676277161,1
1464,PH0915-C,1052-PF-TRAC-WHITE,Cambodia,Strict,XGBoost,4,1,0.9841597676277161,1
1465,PH0916-C,1052-PF-TRAC-WHITE,Cambodia,Strict,XGBoost,4,1,0.9829872846603394,1
1466,PH0917-Cx,1052-PF-TRAC-WHITE,Cambodia,Strict,XGBoost,4,0,0.5536878108978271,1
1467,PH0918-Cx,1052-PF-TRAC-WHITE,Cambodia,Strict,XGBoost,4,0,0.841262698173523,1
1468,PH0920-Cx,1052-PF-TRAC-WHITE,Cambodia,Strict,XGBoost,4,1,0.5074860453605652,1
1469,PH0921-C,1052-PF-TRAC-WHITE,Cambodia,Strict,XGBoost,4,0,0.7230654358863831,1
1470,PH0923-Cx,1052-PF-TRAC-WHITE,Cambodia,Strict,XGBoost,4,0,0.24600468575954437,0
1471,PH0924-C,1052-PF-TRAC-WHITE,Cambodia,Strict,XGBoost,4,0,0.20021699368953705,0
1472,PH0925-C,1052-PF-TRAC-WHITE,Cambodia,Strict,XGBoost,4,0,0.4644586443901062,0
1473,PH0926-C,1052-PF-TRAC-WHITE,Cambodia,Strict,XGBoost,4,0,0.6700074672698975,1
1474,PH0927-C,1052-PF-TRAC-WHITE,Cambodia,Strict,XGBoost,4,0,0.05665888264775276,0
1475,PH0928-C,1052-PF-TRAC-WHITE,Cambodia,Strict,XGBoost,4,0,0.3201764225959778,0
1476,PH0929-C,1052-PF-TRAC-WHITE,Cambodia,Strict,XGBoost,4,0,0.2098546326160431,0
1477,PH0930-Cx,1052-PF-TRAC-WHITE,Cambodia,Strict,XGBoost,4,0,0.1451612114906311,0
1478,PH0931-C,1052-PF-TRAC-WHITE,Cambodia,Strict,XGBoost,4,0,0.18587394058704376,0
1479,PH0932-C,1052-PF-TRAC-WHITE,Cambodia,Strict,XGBoost,4,0,0.0890633836388588,0
1480,PH0933-C,1052-PF-TRAC-WHITE,Cambodia,Strict,XGBoost,4,0,0.22574561834335327,0
1481,PH0935-C,1052-PF-TRAC-WHITE,Cambodia,Strict,XGBoost,4,0,0.0414842814207077,0
1482,PH0936-C,1052-PF-TRAC-WHITE,Cambodia,Strict,XGBoost,4,0,0.04667432978749275,0
1483,PH0937-C,1052-PF-TRAC-WHITE,Cambodia,Strict,XGBoost,4,0,0.04294075444340706,0
1484,PH0938-C,1052-PF-TRAC-WHITE,Cambodia,Strict,XGBoost,4,0,0.03339116647839546,0
1485,PH0939-C,1052-PF-TRAC-WHITE,Cambodia,Strict,XGBoost,4,0,0.04853470250964165,0
1486,PH0940-Cx,1052-PF-TRAC-WHITE,Cambodia,Strict,XGBoost,4,0,0.06580814719200134,0
1487,PH0941-C,1052-PF-TRAC-WHITE,Cambodia,Strict,XGBoost,4,0,0.03320717066526413,0
1488,PH0942-Cx,1052-PF-TRAC-WHITE,Cambodia,Strict,XGBoost,4,0,0.05263465270400047,0
1501,PH0976-C,1052-PF-TRAC-WHITE,Cambodia,Strict,XGBoost,4,0,0.15639358758926392,0
1502,PH0979-C,1052-PF-TRAC-WHITE,Cambodia,Strict,XGBoost,4,0,0.4188181757926941,0
1503,PH0980-C,1052-PF-TRAC-WHITE,Cambodia,Strict,XGBoost,4,0,0.05887428671121597,0
1504,PH0981-C,1052-PF-TRAC-WHITE,Cambodia,Strict,XGBoost,4,0,0.680720865726471,1
1505,PH0982-C,1052-PF-TRAC-WHITE,Cambodia,Strict,XGBoost,4,0,0.6421264410018921,1
1506,PH0983-C,1052-PF-TRAC-WHITE,Cambodia,Strict,XGBoost,4,0,0.20021699368953705,0
1507,PH0984-C,1052-PF-TRAC-WHITE,Cambodia,Strict,XGBoost,4,0,0.19429166615009308,0
1508,PH0985-C,1052-PF-TRAC-WHITE,Cambodia,Strict,XGBoost,4,0,0.7230654358863831,1
1509,PH0986-C,1052-PF-TRAC-WHITE,Cambodia,Strict,XGBoost,4,1,0.6435153484344482,1
1510,PH0987-C,1052-PF-TRAC-WHITE,Cambodia,Strict,XGBoost,4,1,0.6361373662948608,1
1511,PH0991-C,1052-PF-TRAC-WHITE,Cambodia,Strict,XGBoost,4,1,0.9841597676277161,1
1512,PH0994-C,1052-PF-TRAC-WHITE,Cambodia,Strict,XGBoost,4,1,0.9840966463088989,1
1513,PH0996-C,1052-PF-TRAC-WHITE,Cambodia,Strict,XGBoost,4,1,0.9840966463088989,1
1514,PH0997-C,1052-PF-TRAC-WHITE,Cambodia,Strict,XGBoost,4,1,0.9840966463088989,1
1515,PH0999-C,1052-PF-TRAC-WHITE,Cambodia,Strict,XGBoost,4,1,0.9836770296096802,1
1516,PH1000-C,1052-PF-TRAC-WHITE,Cambodia,Strict,XGBoost,4,0,0.20868121087551117,0
1517,PH1001-C,1052-PF-TRAC-WHITE,Cambodia,Strict,XGBoost,4,1,0.9843144416809082,1
1518,PH1002-C,1052-PF-TRAC-WHITE,Cambodia,Strict,XGBoost,4,1,0.9841597676277161,1
1519,PH1003-C,1052-PF-TRAC-WHITE,Cambodia,Strict,XGBoost,4,1,0.9837930798530579,1
1520,PH1007-C,1052-PF-TRAC-WHITE,Cambodia,Strict,XGBoost,4,0,0.0954366996884346,0
1543,PH1136-C,1052-PF-TRAC-WHITE,Cambodia,Strict,XGBoost,4,1,0.9415068030357361,1
1544,PH1137-C,1052-PF-TRAC-WHITE,Cambodia,Strict,XGBoost,4,0,0.939872682094574,1
1545,PH1138-C,1052-PF-TRAC-WHITE,Cambodia,Strict,XGBoost,4,0,0.789482831954956,1
1875,PV0244-C,1052-PF-TRAC-WHITE,Vietnam,Strict,XGBoost,4,1,0.5502925515174866,1
1876,PV0245-Cx2,1052-PF-TRAC-WHITE,Vietnam,Strict,XGBoost,4,0,0.23365117609500885,0
1877,PV0246-C,1052-PF-TRAC-WHITE,Vietnam,Strict,XGBoost,4,1,0.6019275784492493,1
1878,PV0247-Cx2,1052-PF-TRAC-WHITE,Vietnam,Strict,XGBoost,4,0,0.32013896107673645,0
1879,PV0248-C,1052-PF-TRAC-WHITE,Vietnam,Strict,XGBoost,4,0,0.16263918578624725,0
1880,PV0249-Cx,1052-PF-TRAC-WHITE,Vietnam,Strict,XGBoost,4,0,0.261352002620697,0
1881,PV0250-C,1052-PF-TRAC-WHITE,Vietnam,Strict,XGBoost,4,0,0.15300977230072021,0
1882,PV0251-C,1052-PF-TRAC-WHITE,Vietnam,Strict,XGBoost,4,1,0.4662357568740845,0
1883,PV0252-C,1052-PF-TRAC-WHITE,Vietnam,Strict,XGBoost,4,0,0.07280400395393372,0
1884,PV0254-C,1052-PF-TRAC-WHITE,Vietnam,Strict,XGBoost,4,0,0.07899043709039688,0
1885,PV0256-C,1052-PF-TRAC-WHITE,Vietnam,Strict,XGBoost,4,0,0.03732019662857056,0
1886,PV0257-C,1052-PF-TRAC-WHITE,Vietnam,Strict,XGBoost,4,0,0.0450463630259037,0
1887,PV0258-C,1052-PF-TRAC-WHITE,Vietnam,Strict,XGBoost,4,0,0.24389725923538208,0
1888,PV0259-C,1052-PF-TRAC-WHITE,Vietnam,Strict,XGBoost,4,1,0.47637006640434265,0
1889,PV0261-C,1052-PF-TRAC-WHITE,Vietnam,Strict,XGBoost,4,0,0.23521453142166138,0
1890,PV0262-C,1052-PF-TRAC-WHITE,Vietnam,Strict,XGBoost,4,1,0.6834474205970764,1
1891,PV0263-C,1052-PF-TRAC-WHITE,Vietnam,Strict,XGBoost,4,0,0.15860329568386078,0
1892,PV0265-C,1052-PF-TRAC-WHITE,Vietnam,Strict,XGBoost,4,0,0.09202948957681656,0
1893,PV0266-C,1052-PF-TRAC-WHITE,Vietnam,Strict,XGBoost,4,1,0.4733366370201111,0
1894,PV0267-C,1052-PF-TRAC-WHITE,Vietnam,Strict,XGBoost,4,1,0.3747950792312622,0
1895,PV0268-C,1052-PF-TRAC-WHITE,Vietnam,Strict,XGBoost,4,0,0.43109482526779175,0
1896,PV0269-C,1052-PF-TRAC-WHITE,Vietnam,Strict,XGBoost,4,1,0.3532184660434723,0
1897,PV0270-C,1052-PF-TRAC-WHITE,Vietnam,Strict,XGBoost,4,0,0.26336532831192017,0
1898,PV0271-C,1052-PF-TRAC-WHITE,Vietnam,Strict,XGBoost,4,0,0.03787453472614288,0
1899,PV0272-C,1052-PF-TRAC-WHITE,Vietnam,Strict,XGBoost,4,0,0.25943315029144287,0
1900,PV0273-C,1052-PF-TRAC-WHITE,Vietnam,Strict,XGBoost,4,0,0.4267733693122864,0
1901,PV0274-C,1052-PF-TRAC-WHITE,Vietnam,Strict,XGBoost,4,0,0.11311417818069458,0
1902,PV0276-C,1052-PF-TRAC-WHITE,Vietnam,Strict,XGBoost,4,0,0.03625399246811867,0
1903,PV0277-C,1052-PF-TRAC-WHITE,Vietnam,Strict,XGBoost,4,1,0.6858222484588623,1
1904,PV0278-C,1052-PF-TRAC-WHITE,Vietnam,Strict,XGBoost,4,1,0.5732088685035706,1
1905,PV0279-C,1052-PF-TRAC-WHITE,Vietnam,Strict,XGBoost,4,0,0.06853222846984863,0
1906,PV0280-C,1052-PF-TRAC-WHITE,Vietnam,Strict,XGBoost,4,0,0.261352002620697,0
1907,PV0282-C,1052-PF-TRAC-WHITE,Vietnam,Strict,XGBoost,4,0,0.3143076002597809,0
1908,PV0283-C,1052-PF-TRAC-WHITE,Vietnam,Strict,XGBoost,4,1,0.6834474205970764,1
1909,PV0284-C,1052-PF-TRAC-WHITE,Vietnam,Strict,XGBoost,4,0,0.13832269608974457,0
1910,PV0285-C,1052-PF-TRAC-WHITE,Vietnam,Strict,XGBoost,4,1,0.7302911281585693,1
1911,PV0286-C,1052-PF-TRAC-WHITE,Vietnam,Strict,XGBoost,4,1,0.6632423996925354,1
1912,PV0288-C,1052-PF-TRAC-WHITE,Vietnam,Strict,XGBoost,4,1,0.47637006640434265,0
1913,PV0289-C,1052-PF-TRAC-WHITE,Vietnam,Strict,XGBoost,4,0,0.060030147433280945,0
1914,PV0290-C,1052-PF-TRAC-WHITE,Vietnam,Strict,XGBoost,4,1,0.30086398124694824,0
1915,PV0291-C,1052-PF-TRAC-WHITE,Vietnam,Strict,XGBoost,4,0,0.3467465043067932,0
1916,PV0292-C,1052-PF-TRAC-WHITE,Vietnam,Strict,XGBoost,4,1,0.6834474205970764,1
1917,PV0293-C,1052-PF-TRAC-WHITE,Vietnam,Strict,XGBoost,4,0,0.048127464950084686,0
1918,PV0294-C,1052-PF-TRAC-WHITE,Vietnam,Strict,XGBoost,4,0,0.048127464950084686,0
1919,PV0295-C,1052-PF-TRAC-WHITE,Vietnam,Strict,XGBoost,4,0,0.07000213116407394,0
1920,PV0296-C,1052-PF-TRAC-WHITE,Vietnam,Strict,XGBoost,4,0,0.20771433413028717,0
1921,PV0297-C,1052-PF-TRAC-WHITE,Vietnam,Strict,XGBoost,4,0,0.5179070234298706,1
1922,PV0298-C,1052-PF-TRAC-WHITE,Vietnam,Strict,XGBoost,4,0,0.05887428671121597,0
1923,PV0299-C,1052-PF-TRAC-WHITE,Vietnam,Strict,XGBoost,4,1,0.6834474205970764,1
1924,PV0300-C,1052-PF-TRAC-WHITE,Vietnam,Strict,XGBoost,4,1,0.6644797921180725,1
1925,PV0301-C,1052-PF-TRAC-WHITE,Vietnam,Strict,XGBoost,4,0,0.4519732892513275,0
1926,PV0302-C,1052-PF-TRAC-WHITE,Vietnam,Strict,XGBoost,4,0,0.20619523525238037,0
1927,PV0303-C,1052-PF-TRAC-WHITE,Vietnam,Strict,XGBoost,4,0,0.38265541195869446,0
1928,PV0304-C,1052-PF-TRAC-WHITE,Vietnam,Strict,XGBoost,4,0,0.4519732892513275,0
1929,PV0305-C,1052-PF-TRAC-WHITE,Vietnam,Strict,XGBoost,4,0,0.38954389095306396,0
1930,PV0306-C,1052-PF-TRAC-WHITE,Vietnam,Strict,XGBoost,4,1,0.33050283789634705,0
1931,PV0308-Cx,1052-PF-TRAC-WHITE,Vietnam,Strict,XGBoost,4,0,0.17287887632846832,0
1932,PV0309-C,1052-PF-TRAC-WHITE,Vietnam,Strict,XGBoost,4,0,0.12412609159946442,0
1933,PV0310-C,1052-PF-TRAC-WHITE,Vietnam,Strict,XGBoost,4,0,0.15042024850845337,0
1934,PV0311-C,1052-PF-TRAC-WHITE,Vietnam,Strict,XGBoost,4,0,0.2925623655319214,0
1935,PV0312-C,1052-PF-TRAC-WHITE,Vietnam,Strict,XGBoost,4,1,0.7295944094657898,1
1936,PV0313-C,1052-PF-TRAC-WHITE,Vietnam,Strict,XGBoost,4,0,0.0852559357881546,0
1937,PV0314-C,1052-PF-TRAC-WHITE,Vietnam,Strict,XGBoost,4,0,0.06395537406206131,0
1938,PV0315-Cx,1052-PF-TRAC-WHITE,Vietnam,Strict,XGBoost,4,0,0.06395537406206131,0
1939,PV0317-C,1052-PF-TRAC-WHITE,Vietnam,Strict,XGBoost,4,0,0.5790460705757141,1
1940,PV0318-C,1052-PF-TRAC-WHITE,Vietnam,Strict,XGBoost,4,1,0.7295944094657898,1
1941,PV0319-C,1052-PF-TRAC-WHITE,Vietnam,Strict,XGBoost,4,0,0.6866396069526672,1
1942,PV0320-C,1052-PF-TRAC-WHITE,Vietnam,Strict,XGBoost,4,1,0.7122275829315186,1
1943,PV0321-C,1052-PF-TRAC-WHITE,Vietnam,Strict,XGBoost,4,0,0.1392442286014557,0
1944,PV0322-C,1052-PF-TRAC-WHITE,Vietnam,Strict,XGBoost,4,1,0.7295944094657898,1
1945,PV0323-C,1052-PF-TRAC-WHITE,Vietnam,Strict,XGBoost,4,0,0.10772160440683365,0
1946,PV0324-C,1052-PF-TRAC-WHITE,Vietnam,Strict,XGBoost,4,1,0.7295944094657898,1
1947,PV0325-C,1052-PF-TRAC-WHITE,Vietnam,Strict,XGBoost,4,0,0.06411121040582657,0
1948,PV0326-C,1052-PF-TRAC-WHITE,Vietnam,Strict,XGBoost,4,0,0.06395537406206131,0
1949,PV0328-C,1052-PF-TRAC-WHITE,Vietnam,Strict,XGBoost,4,0,0.06288108229637146,0
1950,PV0329-C,1052-PF-TRAC-WHITE,Vietnam,Strict,XGBoost,4,0,0.17238359153270721,0
1951,PV0330-C,1052-PF-TRAC-WHITE,Vietnam,Strict,XGBoost,4,0,0.05094817653298378,0
1952,PV0331-Cx,1052-PF-TRAC-WHITE,Vietnam,Strict,XGBoost,4,0,0.06395537406206131,0
1953,PV0333-C,1052-PF-TRAC-WHITE,Vietnam,Strict,XGBoost,4,1,0.29140958189964294,0
1954,PV0335-C,1052-PF-TRAC-WHITE,Vietnam,Strict,XGBoost,4,0,0.2165527045726776,0
1955,PV0336-C,1052-PF-TRAC-WHITE,Vietnam,Strict,XGBoost,4,0,0.2165527045726776,0
1956,PV0337-C,1052-PF-TRAC-WHITE,Vietnam,Strict,XGBoost,4,0,0.08378292620182037,0
1957,PV0338-C,1052-PF-TRAC-WHITE,Vietnam,Strict,XGBoost,4,0,0.08378292620182037,0
1958,PV0339-C,1052-PF-TRAC-WHITE,Vietnam,Strict,XGBoost,4,1,0.4659792482852936,0
1959,PV0340-C,1052-PF-TRAC-WHITE,Vietnam,Strict,XGBoost,4,1,0.4817601442337036,0
1960,PV0343-C,1052-PF-TRAC-WHITE,Vietnam,Strict,XGBoost,4,1,0.4519732892513275,0
1961,PV0344-C,1052-PF-TRAC-WHITE,Vietnam,Strict,XGBoost,4,1,0.6834474205970764,1
1962,PV0345-C,1052-PF-TRAC-WHITE,Vietnam,Strict,XGBoost,4,1,0.6858222484588623,1
1963,PV0347-C,1052-PF-TRAC-WHITE,Vietnam,Strict,XGBoost,4,0,0.05887428671121597,0
1964,PV0355-C,1052-PF-TRAC-WHITE,Vietnam,Strict,XGBoost,4,1,0.7295944094657898,1
1965,PV0358-C,1052-PF-TRAC-WHITE,Vietnam,Strict,XGBoost,4,0,0.2165527045726776,0
2052,QC0164-C,1052-PF-TRAC-WHITE,Myanmar,Strict,XGBoost,4,0,0.40967079997062683,0
2053,QC0165-C,1052-PF-TRAC-WHITE,Myanmar,Strict,XGBoost,4,1,0.5092300772666931,1
2054,QC0166-C,1052-PF-TRAC-WHITE,Myanmar,Strict,XGBoost,4,0,0.5997521877288818,1
2055,QC0167-C,1052-PF-TRAC-WHITE,Myanmar,Strict,XGBoost,4,0,0.3464711308479309,0
2056,QC0168-C,1052-PF-TRAC-WHITE,Myanmar,Strict,XGBoost,4,0,0.42027464509010315,0
2057,QC0169-C,1052-PF-TRAC-WHITE,Myanmar,Strict,XGBoost,4,0,0.47288045287132263,0
2058,QC0170-C,1052-PF-TRAC-WHITE,Myanmar,Strict,XGBoost,4,0,0.2653104066848755,0
2059,QC0171-C,1052-PF-TRAC-WHITE,Myanmar,Strict,XGBoost,4,0,0.21496893465518951,0
2060,QC0172-C,1052-PF-TRAC-WHITE,Myanmar,Strict,XGBoost,4,0,0.5520057678222656,1
2061,QC0173-C,1052-PF-TRAC-WHITE,Myanmar,Strict,XGBoost,4,1,0.47183939814567566,0
2062,QC0174-C,1052-PF-TRAC-WHITE,Myanmar,Strict,XGBoost,4,0,0.34984636306762695,0
2063,QC0175-C,1052-PF-TRAC-WHITE,Myanmar,Strict,XGBoost,4,1,0.5125731825828552,1
2064,QC0176-C,1052-PF-TRAC-WHITE,Myanmar,Strict,XGBoost,4,0,0.6249145269393921,1
2065,QC0177-C,1052-PF-TRAC-WHITE,Myanmar,Strict,XGBoost,4,0,0.6833058595657349,1
2066,QC0178-C,1052-PF-TRAC-WHITE,Myanmar,Strict,XGBoost,4,0,0.15253661572933197,0
2067,QC0179-C,1052-PF-TRAC-WHITE,Myanmar,Strict,XGBoost,4,0,0.33134251832962036,0
2068,QC0180-C,1052-PF-TRAC-WHITE,Myanmar,Strict,XGBoost,4,0,0.7171608805656433,1
2069,QC0181-Cx,1052-PF-TRAC-WHITE,Myanmar,Strict,XGBoost,4,1,0.6128861904144287,1
2070,QC0182-C,1052-PF-TRAC-WHITE,Myanmar,Strict,XGBoost,4,0,0.6072896718978882,1
2071,QC0184-C,1052-PF-TRAC-WHITE,Myanmar,Strict,XGBoost,4,1,0.6103160977363586,1
2072,QC0185-C,1052-PF-TRAC-WHITE,Myanmar,Strict,XGBoost,4,1,0.6103160977363586,1
2073,QC0187-C,1052-PF-TRAC-WHITE,Myanmar,Strict,XGBoost,4,0,0.6125648617744446,1
2074,QC0188-C,1052-PF-TRAC-WHITE,Myanmar,Strict,XGBoost,4,0,0.2859494984149933,0
2075,QC0189-C,1052-PF-TRAC-WHITE,Myanmar,Strict,XGBoost,4,0,0.6249145269393921,1
2076,QC0193-C,1052-PF-TRAC-WHITE,Myanmar,Strict,XGBoost,4,0,0.6833058595657349,1
2077,QC0194-C,1052-PF-TRAC-WHITE,Myanmar,Strict,XGBoost,4,0,0.47220709919929504,0
2078,QC0195-C,1052-PF-TRAC-WHITE,Myanmar,Strict,XGBoost,4,0,0.6833058595657349,1
2079,QC0196-C,1052-PF-TRAC-WHITE,Myanmar,Strict,XGBoost,4,0,0.6072896718978882,1
2080,QC0198-C,1052-PF-TRAC-WHITE,Myanmar,Strict,XGBoost,4,0,0.6479793787002563,1
2081,QC0200-C,1052-PF-TRAC-WHITE,Myanmar,Strict,XGBoost,4,0,0.41145652532577515,0
2082,QC0204-C,1052-PF-TRAC-WHITE,Myanmar,Strict,XGBoost,4,0,0.6189069151878357,1
2083,QC0205-C,1052-PF-TRAC-WHITE,Myanmar,Strict,XGBoost,4,0,0.6609888076782227,1
2084,QC0206-C,1052-PF-TRAC-WHITE,Myanmar,Strict,XGBoost,4,1,0.67527174949646,1
2085,QC0207-C,1052-PF-TRAC-WHITE,Myanmar,Strict,XGBoost,4,0,0.6952123045921326,1
2086,QC0209-C,1052-PF-TRAC-WHITE,Myanmar,Strict,XGBoost,4,1,0.37686869502067566,0
2087,QC0210-C,1052-PF-TRAC-WHITE,Myanmar,Strict,XGBoost,4,1,0.4560896158218384,0
2088,QC0211-C,1052-PF-TRAC-WHITE,Myanmar,Strict,XGBoost,4,0,0.6692203879356384,1
2089,QC0212-C,1052-PF-TRAC-WHITE,Myanmar,Strict,XGBoost,4,0,0.4215352237224579,0
2090,QC0213-C,1052-PF-TRAC-WHITE,Myanmar,Strict,XGBoost,4,1,0.7020132541656494,1
2091,QC0214-C,1052-PF-TRAC-WHITE,Myanmar,Strict,XGBoost,4,1,0.6421264410018921,1
2092,QC0215-C,1052-PF-TRAC-WHITE,Myanmar,Strict,XGBoost,4,0,0.6072896718978882,1
2093,QC0219-C,1052-PF-TRAC-WHITE,Myanmar,Strict,XGBoost,4,1,0.6280431151390076,1
2094,QC0220-C,1052-PF-TRAC-WHITE,Myanmar,Strict,XGBoost,4,0,0.28107398748397827,0
2095,QC0221-C,1052-PF-TRAC-WHITE,Myanmar,Strict,XGBoost,4,0,0.6339846253395081,1
2096,QC0222-C,1052-PF-TRAC-WHITE,Myanmar,Strict,XGBoost,4,0,0.28107398748397827,0
2097,QC0223-C,1052-PF-TRAC-WHITE,Myanmar,Strict,XGBoost,4,1,0.6333250999450684,1
2098,QC0225-C,1052-PF-TRAC-WHITE,Myanmar,Strict,XGBoost,4,0,0.6202291250228882,1
2099,QC0227-C,1052-PF-TRAC-WHITE,Myanmar,Strict,XGBoost,4,0,0.6351299285888672,1
2100,QC0228-C,1052-PF-TRAC-WHITE,Myanmar,Strict,XGBoost,4,0,0.6351299285888672,1
2101,QC0229-C,1052-PF-TRAC-WHITE,Myanmar,Strict,XGBoost,4,0,0.48313647508621216,0
2102,QC0230-C,1052-PF-TRAC-WHITE,Myanmar,Strict,XGBoost,4,0,0.5013477206230164,1
2103,QC0231-C,1052-PF-TRAC-WHITE,Myanmar,Strict,XGBoost,4,1,0.5511592030525208,1
2104,QC0232-C,1052-PF-TRAC-WHITE,Myanmar,Strict,XGBoost,4,0,0.6072896718978882,1
2105,QC0233-C,1052-PF-TRAC-WHITE,Myanmar,Strict,XGBoost,4,0,0.6072896718978882,1
2106,QC0235-C,1052-PF-TRAC-WHITE,Myanmar,Strict,XGBoost,4,0,0.6560748219490051,1
2107,QC0239-C,1052-PF-TRAC-WHITE,Myanmar,Strict,XGBoost,4,0,0.6351299285888672,1
2108,QC0242-C,1052-PF-TRAC-WHITE,Myanmar,Strict,XGBoost,4,0,0.28409522771835327,0
2109,QC0243-C,1052-PF-TRAC-WHITE,Myanmar,Strict,XGBoost,4,0,0.6249145269393921,1
2110,QC0244-C,1052-PF-TRAC-WHITE,Myanmar,Strict,XGBoost,4,0,0.4839283227920532,0
2111,QC0245-C,1052-PF-TRAC-WHITE,Myanmar,Strict,XGBoost,4,0,0.5970885157585144,1
2112,QC0246-C,1052-PF-TRAC-WHITE,Myanmar,Strict,XGBoost,4,0,0.6377900242805481,1
2113,QC0248-C,1052-PF-TRAC-WHITE,Myanmar,Strict,XGBoost,4,0,0.20787407457828522,0
2114,QC0250-C,1052-PF-TRAC-WHITE,Myanmar,Strict,XGBoost,4,1,0.23161040246486664,0
2115,QC0251-C,1052-PF-TRAC-WHITE,Myanmar,Strict,XGBoost,4,0,0.6350572109222412,1
2116,QC0253-C,1052-PF-TRAC-WHITE,Myanmar,Strict,XGBoost,4,0,0.3257000744342804,0
2117,QC0254-C,1052-PF-TRAC-WHITE,Myanmar,Strict,XGBoost,4,0,0.6350572109222412,1
2118,QC0255-C,1052-PF-TRAC-WHITE,Myanmar,Strict,XGBoost,4,0,0.6350572109222412,1
2119,QC0256-C,1052-PF-TRAC-WHITE,Myanmar,Strict,XGBoost,4,0,0.20787407457828522,0
2120,QC0257-C,1052-PF-TRAC-WHITE,Myanmar,Strict,XGBoost,4,0,0.6350572109222412,1
2121,QC0258-C,1052-PF-TRAC-WHITE,Myanmar,Strict,XGBoost,4,1,0.6881313920021057,1
2122,QC0259-C,1052-PF-TRAC-WHITE,Myanmar,Strict,XGBoost,4,1,0.6881313920021057,1
2123,QC0260-C,1052-PF-TRAC-WHITE,Myanmar,Strict,XGBoost,4,1,0.590349018573761,1
2124,QC0261-C,1052-PF-TRAC-WHITE,Myanmar,Strict,XGBoost,4,1,0.6767095923423767,1
2125,QC0262-C,1052-PF-TRAC-WHITE,Myanmar,Strict,XGBoost,4,1,0.6881313920021057,1
2126,QC0263-C,1052-PF-TRAC-WHITE,Myanmar,Strict,XGBoost,4,1,0.6881313920021057,1
2127,QC0264-C,1052-PF-TRAC-WHITE,Myanmar,Strict,XGBoost,4,1,0.6838528513908386,1
2128,QC0266-C,1052-PF-TRAC-WHITE,Myanmar,Strict,XGBoost,4,1,0.6767095923423767,1
2129,QC0267-C,1052-PF-TRAC-WHITE,Myanmar,Strict,XGBoost,4,0,0.6350572109222412,1
2130,QC0268-C,1052-PF-TRAC-WHITE,Myanmar,Strict,XGBoost,4,1,0.5867336392402649,1
2131,QC0275-C,1052-PF-TRAC-WHITE,Myanmar,Strict,XGBoost,4,1,0.7146413922309875,1
2132,QC0276-C,1052-PF-TRAC-WHITE,Myanmar,Strict,XGBoost,4,1,0.6350572109222412,1
2133,QC0277-C,1052-PF-TRAC-WHITE,Myanmar,Strict,XGBoost,4,1,0.6928260922431946,1
2134,QC0278-C,1052-PF-TRAC-WHITE,Myanmar,Strict,XGBoost,4,1,0.2324429601430893,0
2135,QC0279-C,1052-PF-TRAC-WHITE,Myanmar,Strict,XGBoost,4,0,0.4027767777442932,0
2136,QC0281-C,1052-PF-TRAC-WHITE,Myanmar,Strict,XGBoost,4,1,0.6672436594963074,1
2137,QC0282-C,1052-PF-TRAC-WHITE,Myanmar,Strict,XGBoost,4,0,0.2814555764198303,0
2138,QC0283-C,1052-PF-TRAC-WHITE,Myanmar,Strict,XGBoost,4,1,0.4745809733867645,0
2139,QC0285-C,1052-PF-TRAC-WHITE,Myanmar,Strict,XGBoost,4,1,0.6778132915496826,1
2140,QC0289-C,1052-PF-TRAC-WHITE,Myanmar,Strict,XGBoost,4,1,0.29961344599723816,0
2141,QC0295-C,1052-PF-TRAC-WHITE,Myanmar,Strict,XGBoost,4,0,0.12256430834531784,0
2142,QC0296-C,1052-PF-TRAC-WHITE,Myanmar,Strict,XGBoost,4,1,0.7139049172401428,1
2143,QC0298-C,1052-PF-TRAC-WHITE,Myanmar,Strict,XGBoost,4,0,0.6404666304588318,1
2144,QC0299-C,1052-PF-TRAC-WHITE,Myanmar,Strict,XGBoost,4,0,0.197629913687706,0
2145,QC0300-C,1052-PF-TRAC-WHITE,Myanmar,Strict,XGBoost,4,1,0.7267317175865173,1
2146,QC0302-C,1052-PF-TRAC-WHITE,Myanmar,Strict,XGBoost,4,0,0.18114548921585083,0
2147,QC0305-C,1052-PF-TRAC-WHITE,Myanmar,Strict,XGBoost,4,1,0.4659701883792877,0
2148,QC0306-C,1052-PF-TRAC-WHITE,Myanmar,Strict,XGBoost,4,0,0.25517037510871887,0
2149,QC0307-C,1052-PF-TRAC-WHITE,Myanmar,Strict,XGBoost,4,1,0.6499217748641968,1
2150,QC0308-C,1052-PF-TRAC-WHITE,Myanmar,Strict,XGBoost,4,1,0.6225394606590271,1
2151,QC0309-C,1052-PF-TRAC-WHITE,Myanmar,Strict,XGBoost,4,1,0.6350572109222412,1
2152,QC0313-C,1052-PF-TRAC-WHITE,Myanmar,Strict,XGBoost,4,0,0.6700074672698975,1
2153,QC0314-C,1052-PF-TRAC-WHITE,Myanmar,Strict,XGBoost,4,0,0.28409522771835327,0
2154,QC0318-C,1052-PF-TRAC-WHITE,Myanmar,Strict,XGBoost,4,1,0.26344946026802063,0
2155,QC0319-C,1052-PF-TRAC-WHITE,Myanmar,Strict,XGBoost,4,0,0.5119853019714355,1
2156,QC0320-C,1052-PF-TRAC-WHITE,Myanmar,Strict,XGBoost,4,0,0.32541027665138245,0
2157,QC0321-C,1052-PF-TRAC-WHITE,Myanmar,Strict,XGBoost,4,0,0.32541027665138245,0
2158,QC0322-C,1052-PF-TRAC-WHITE,Myanmar,Strict,XGBoost,4,1,0.4563502371311188,0
2159,QC0323-C,1052-PF-TRAC-WHITE,Myanmar,Strict,XGBoost,4,0,0.32541027665138245,0
2160,QC0325-C,1052-PF-TRAC-WHITE,Myanmar,Strict,XGBoost,4,0,0.6700074672698975,1
2161,QC0326-C,1052-PF-TRAC-WHITE,Myanmar,Strict,XGBoost,4,1,0.6381502151489258,1
2162,QC0327-C,1052-PF-TRAC-WHITE,Myanmar,Strict,XGBoost,4,0,0.6404666304588318,1
2163,QC0328-C,1052-PF-TRAC-WHITE,Myanmar,Strict,XGBoost,4,0,0.7173736095428467,1
2164,QC0329-C,1052-PF-TRAC-WHITE,Myanmar,Strict,XGBoost,4,0,0.6672436594963074,1
2165,QC0330-C,1052-PF-TRAC-WHITE,Myanmar,Strict,XGBoost,4,0,0.6404666304588318,1
2166,QC0331-C,1052-PF-TRAC-WHITE,Myanmar,Strict,XGBoost,4,0,0.26432859897613525,0
2167,QC0332-C,1052-PF-TRAC-WHITE,Myanmar,Strict,XGBoost,4,0,0.31568166613578796,0
2168,QC0333-C,1052-PF-TRAC-WHITE,Myanmar,Strict,XGBoost,4,0,0.6600973606109619,1
2169,QC0334-C,1052-PF-TRAC-WHITE,Myanmar,Strict,XGBoost,4,0,0.26432859897613525,0
2170,QC0336-C,1052-PF-TRAC-WHITE,Myanmar,Strict,XGBoost,4,0,0.6700074672698975,1
2171,QC0338-C,1052-PF-TRAC-WHITE,Myanmar,Strict,XGBoost,4,0,0.1438758671283722,0
2172,QC0339-C,1052-PF-TRAC-WHITE,Myanmar,Strict,XGBoost,4,0,0.2303694784641266,0
2173,QC0340-C,1052-PF-TRAC-WHITE,Myanmar,Strict,XGBoost,4,0,0.26432859897613525,0
2174,QC0341-C,1052-PF-TRAC-WHITE,Myanmar,Strict,XGBoost,4,0,0.4034176766872406,0
2175,QC0342-C,1052-PF-TRAC-WHITE,Myanmar,Strict,XGBoost,4,0,0.6499217748641968,1
2176,QC0343-C,1052-PF-TRAC-WHITE,Myanmar,Strict,XGBoost,4,0,0.4034176766872406,0
2177,QC0344-C,1052-PF-TRAC-WHITE,Myanmar,Strict,XGBoost,4,0,0.4034176766872406,0
2178,QC0345-C,1052-PF-TRAC-WHITE,Myanmar,Strict,XGBoost,4,0,0.32541027665138245,0
2179,QC0346-C,1052-PF-TRAC-WHITE,Myanmar,Strict,XGBoost,4,0,0.32541027665138245,0
2180,QC0347-C,1052-PF-TRAC-WHITE,Myanmar,Strict,XGBoost,4,1,0.26432859897613525,0
2181,QC0348-C,1052-PF-TRAC-WHITE,Myanmar,Strict,XGBoost,4,1,0.6350572109222412,1
2182,QC0349-C,1052-PF-TRAC-WHITE,Myanmar,Strict,XGBoost,4,0,0.6576393246650696,1
2183,QC0350-C,1052-PF-TRAC-WHITE,Myanmar,Strict,XGBoost,4,0,0.6700074672698975,1
2184,QC0351-C,1052-PF-TRAC-WHITE,Myanmar,Strict,XGBoost,4,0,0.7173736095428467,1
2185,QC0353-C,1052-PF-TRAC-WHITE,Myanmar,Strict,XGBoost,4,1,0.6404666304588318,1
2186,QC0354-C,1052-PF-TRAC-WHITE,Myanmar,Strict,XGBoost,4,1,0.6404666304588318,1
2187,QC0357-C,1052-PF-TRAC-WHITE,Myanmar,Strict,XGBoost,4,0,0.33776721358299255,0
2188,QC0358-C,1052-PF-TRAC-WHITE,Myanmar,Strict,XGBoost,4,0,0.2456638216972351,0
2189,QC0359-C,1052-PF-TRAC-WHITE,Myanmar,Strict,XGBoost,4,0,0.6700074672698975,1
2190,QC0362-C,1052-PF-TRAC-WHITE,Myanmar,Strict,XGBoost,4,0,0.16825921833515167,0
2191,QC0363-C,1052-PF-TRAC-WHITE,Myanmar,Strict,XGBoost,4,0,0.6700074672698975,1
2192,QC0364-C,1052-PF-TRAC-WHITE,Myanmar,Strict,XGBoost,4,0,0.6700074672698975,1
2193,QC0365-C,1052-PF-TRAC-WHITE,Myanmar,Strict,XGBoost,4,1,0.47994768619537354,0
2194,QC0366-C,1052-PF-TRAC-WHITE,Myanmar,Strict,XGBoost,4,0,0.6700074672698975,1
2195,QC0367-C,1052-PF-TRAC-WHITE,Myanmar,Strict,XGBoost,4,0,0.30656182765960693,0
2196,QC0368-C,1052-PF-TRAC-WHITE,Myanmar,Strict,XGBoost,4,0,0.34761500358581543,0
2197,QC0369-C,1052-PF-TRAC-WHITE,Myanmar,Strict,XGBoost,4,0,0.09802612662315369,0
2198,QC0370-C,1052-PF-TRAC-WHITE,Myanmar,Strict,XGBoost,4,0,0.23911061882972717,0
2199,QC0372-C,1052-PF-TRAC-WHITE,Myanmar,Strict,XGBoost,4,1,0.17113862931728363,0
2328,QE0392-C,1052-PF-TRAC-WHITE,Laos,Strict,XGBoost,4,0,0.05649716034531593,0
2329,QE0393-Cx,1052-PF-TRAC-WHITE,Laos,Strict,XGBoost,4,0,0.05296942591667175,0
2330,QE0395-C,1052-PF-TRAC-WHITE,Laos,Strict,XGBoost,4,0,0.04665761440992355,0
2331,QE0396-C,1052-PF-TRAC-WHITE,Laos,Strict,XGBoost,4,0,0.03339116647839546,0
2332,QE0397-C,1052-PF-TRAC-WHITE,Laos,Strict,XGBoost,4,0,0.05535002052783966,0
2333,QE0398-C,1052-PF-TRAC-WHITE,Laos,Strict,XGBoost,4,0,0.04665761440992355,0
2334,QE0399-C,1052-PF-TRAC-WHITE,Laos,Strict,XGBoost,4,0,0.11029180139303207,0
2335,QE0400-C,1052-PF-TRAC-WHITE,Laos,Strict,XGBoost,4,0,0.05775589868426323,0
2336,QE0401-C,1052-PF-TRAC-WHITE,Laos,Strict,XGBoost,4,0,0.053381748497486115,0
2337,QE0402-C,1052-PF-TRAC-WHITE,Laos,Strict,XGBoost,4,0,0.0701134130358696,0
2338,QE0403-Cx,1052-PF-TRAC-WHITE,Laos,Strict,XGBoost,4,0,0.04920798912644386,0
2339,QE0404-C,1052-PF-TRAC-WHITE,Laos,Strict,XGBoost,4,0,0.3747950792312622,0
2340,QE0405-Cx,1052-PF-TRAC-WHITE,Laos,Strict,XGBoost,4,0,0.045956265181303024,0
2341,QE0407-C,1052-PF-TRAC-WHITE,Laos,Strict,XGBoost,4,0,0.03599843382835388,0
2342,QE0408-C,1052-PF-TRAC-WHITE,Laos,Strict,XGBoost,4,0,0.047882407903671265,0
2343,QE0409-C,1052-PF-TRAC-WHITE,Laos,Strict,XGBoost,4,0,0.11029180139303207,0
2344,QE0410-C,1052-PF-TRAC-WHITE,Laos,Strict,XGBoost,4,0,0.03599843382835388,0
2345,QE0411-C,1052-PF-TRAC-WHITE,Laos,Strict,XGBoost,4,0,0.04695143178105354,0
2346,QE0412-C,1052-PF-TRAC-WHITE,Laos,Strict,XGBoost,4,0,0.17031747102737427,0
2347,QE0413-C,1052-PF-TRAC-WHITE,Laos,Strict,XGBoost,4,0,0.07241030037403107,0
2348,QE0414-C,1052-PF-TRAC-WHITE,Laos,Strict,XGBoost,4,0,0.04831114783883095,0
2349,QE0415-C,1052-PF-TRAC-WHITE,Laos,Strict,XGBoost,4,0,0.044821325689554214,0
2350,QE0416-C,1052-PF-TRAC-WHITE,Laos,Strict,XGBoost,4,0,0.03866587579250336,0
2351,QE0417-C,1052-PF-TRAC-WHITE,Laos,Strict,XGBoost,4,0,0.18413741886615753,0
2352,QE0418-C,1052-PF-TRAC-WHITE,Laos,Strict,XGBoost,4,0,0.056637395173311234,0
2353,QE0419-C,1052-PF-TRAC-WHITE,Laos,Strict,XGBoost,4,0,0.21572384238243103,0
2354,QE0420-C,1052-PF-TRAC-WHITE,Laos,Strict,XGBoost,4,0,0.04882228374481201,0
2355,QE0421-C,1052-PF-TRAC-WHITE,Laos,Strict,XGBoost,4,0,0.03619731590151787,0
2356,QE0422-C,1052-PF-TRAC-WHITE,Laos,Strict,XGBoost,4,0,0.1001039445400238,0
2357,QE0423-C,1052-PF-TRAC-WHITE,Laos,Strict,XGBoost,4,0,0.3106587529182434,0
2358,QE0424-C,1052-PF-TRAC-WHITE,Laos,Strict,XGBoost,4,0,0.055619023740291595,0
2359,QE0425-C,1052-PF-TRAC-WHITE,Laos,Strict,XGBoost,4,0,0.0346011146903038,0
2360,QE0426-C,1052-PF-TRAC-WHITE,Laos,Strict,XGBoost,4,0,0.13214601576328278,0
2361,QE0427-C,1052-PF-TRAC-WHITE,Laos,Strict,XGBoost,4,0,0.040313225239515305,0
2362,QE0428-C,1052-PF-TRAC-WHITE,Laos,Strict,XGBoost,4,0,0.040313225239515305,0
2363,QE0429-C,1052-PF-TRAC-WHITE,Laos,Strict,XGBoost,4,1,0.5515902042388916,1
2364,QE0430-C,1052-PF-TRAC-WHITE,Laos,Strict,XGBoost,4,0,0.06853222846984863,0
2365,QE0431-C,1052-PF-TRAC-WHITE,Laos,Strict,XGBoost,4,0,0.18857046961784363,0
2366,QE0432-C,1052-PF-TRAC-WHITE,Laos,Strict,XGBoost,4,0,0.26336532831192017,0
2367,QE0433-C,1052-PF-TRAC-WHITE,Laos,Strict,XGBoost,4,0,0.04665761440992355,0
2368,QE0434-C,1052-PF-TRAC-WHITE,Laos,Strict,XGBoost,4,0,0.062858946621418,0
2369,QE0435-C,1052-PF-TRAC-WHITE,Laos,Strict,XGBoost,4,0,0.043112657964229584,0
2370,QE0436-C,1052-PF-TRAC-WHITE,Laos,Strict,XGBoost,4,0,0.3106587529182434,0
2371,QE0437-C,1052-PF-TRAC-WHITE,Laos,Strict,XGBoost,4,0,0.15711680054664612,0
2372,QE0438-C,1052-PF-TRAC-WHITE,Laos,Strict,XGBoost,4,0,0.21156807243824005,0
2373,QE0439-C,1052-PF-TRAC-WHITE,Laos,Strict,XGBoost,4,0,0.08410181850194931,0
2374,QE0440-C,1052-PF-TRAC-WHITE,Laos,Strict,XGBoost,4,0,0.04831114783883095,0
2375,QE0441-C,1052-PF-TRAC-WHITE,Laos,Strict,XGBoost,4,0,0.0908314436674118,0
2376,QE0442-C,1052-PF-TRAC-WHITE,Laos,Strict,XGBoost,4,0,0.04762249439954758,0
2377,QE0443-C,1052-PF-TRAC-WHITE,Laos,Strict,XGBoost,4,0,0.05887428671121597,0
2378,QE0444-C,1052-PF-TRAC-WHITE,Laos,Strict,XGBoost,4,0,0.23521453142166138,0
2379,QE0445-C,1052-PF-TRAC-WHITE,Laos,Strict,XGBoost,4,0,0.06411351263523102,0
2380,QE0446-C,1052-PF-TRAC-WHITE,Laos,Strict,XGBoost,4,0,0.07700400054454803,0
2381,QE0447-C,1052-PF-TRAC-WHITE,Laos,Strict,XGBoost,4,0,0.03998415544629097,0
2382,QE0448-C,1052-PF-TRAC-WHITE,Laos,Strict,XGBoost,4,0,0.062858946621418,0
2383,QE0449-C,1052-PF-TRAC-WHITE,Laos,Strict,XGBoost,4,0,0.062858946621418,0
2384,QE0451-C,1052-PF-TRAC-WHITE,Laos,Strict,XGBoost,4,0,0.4832301139831543,0
2385,QE0452-C,1052-PF-TRAC-WHITE,Laos,Strict,XGBoost,4,0,0.03991733491420746,0
2386,QE0453-C,1052-PF-TRAC-WHITE,Laos,Strict,XGBoost,4,0,0.4643460214138031,0
2387,QE0454-C,1052-PF-TRAC-WHITE,Laos,Strict,XGBoost,4,0,0.07717514038085938,0
2388,QE0455-C,1052-PF-TRAC-WHITE,Laos,Strict,XGBoost,4,0,0.07195669412612915,0
2389,QE0456-C,1052-PF-TRAC-WHITE,Laos,Strict,XGBoost,4,1,0.8478766083717346,1
2390,QE0457-C,1052-PF-TRAC-WHITE,Laos,Strict,XGBoost,4,0,0.05354449525475502,0
2391,QE0458-C,1052-PF-TRAC-WHITE,Laos,Strict,XGBoost,4,0,0.30595654249191284,0
2392,QE0459-C,1052-PF-TRAC-WHITE,Laos,Strict,XGBoost,4,0,0.175051748752594,0
2393,QE0460-C,1052-PF-TRAC-WHITE,Laos,Strict,XGBoost,4,0,0.30595654249191284,0
2394,QE0461-C,1052-PF-TRAC-WHITE,Laos,Strict,XGBoost,4,0,0.04667432978749275,0
2395,QE0463-C,1052-PF-TRAC-WHITE,Laos,Strict,XGBoost,4,0,0.303266316652298,0
2396,QE0464-C,1052-PF-TRAC-WHITE,Laos,Strict,XGBoost,4,0,0.06409197300672531,0
2397,QE0465-C,1052-PF-TRAC-WHITE,Laos,Strict,XGBoost,4,0,0.05773545056581497,0
2398,QE0466-C,1052-PF-TRAC-WHITE,Laos,Strict,XGBoost,4,0,0.04053494334220886,0
2399,QE0467-C,1052-PF-TRAC-WHITE,Laos,Strict,XGBoost,4,0,0.03866587579250336,0
2400,QE0468-C,1052-PF-TRAC-WHITE,Laos,Strict,XGBoost,4,0,0.42238256335258484,0
2401,QE0469-C,1052-PF-TRAC-WHITE,Laos,Strict,XGBoost,4,0,0.17447501420974731,0
2402,QE0470-C,1052-PF-TRAC-WHITE,Laos,Strict,XGBoost,4,0,0.12215859442949295,0
2403,QE0471-C,1052-PF-TRAC-WHITE,Laos,Strict,XGBoost,4,0,0.04665761440992355,0
2404,QE0472-C,1052-PF-TRAC-WHITE,Laos,Strict,XGBoost,4,0,0.0510534942150116,0
2405,QE0474-C,1052-PF-TRAC-WHITE,Laos,Strict,XGBoost,4,0,0.04365212470293045,0
2406,QE0475-C,1052-PF-TRAC-WHITE,Laos,Strict,XGBoost,4,0,0.7792397737503052,1
2407,QE0476-C,1052-PF-TRAC-WHITE,Laos,Strict,XGBoost,4,0,0.040595535188913345,0
2408,QE0478-C,1052-PF-TRAC-WHITE,Laos,Strict,XGBoost,4,0,0.06916316598653793,0
2409,QE0479-C,1052-PF-TRAC-WHITE,Laos,Strict,XGBoost,4,0,0.04118454083800316,0
2410,QE0481-C,1052-PF-TRAC-WHITE,Laos,Strict,XGBoost,4,0,0.08066143095493317,0
2411,QE0483-C,1052-PF-TRAC-WHITE,Laos,Strict,XGBoost,4,0,0.0510534942150116,0
6151,RCN22378,1239-PF-KH-MSF-GENRE,Cambodia,Strict,XGBoost,4,1,0.9907021522521973,1
6152,RCN22386,1239-PF-KH-MSF-GENRE,Cambodia,Strict,XGBoost,4,1,0.9878987669944763,1
6153,RCN22480,1239-PF-KH-MSF-GENRE,Cambodia,Strict,XGBoost,4,1,0.985418438911438,1
6154,RCN22500,1239-PF-KH-MSF-GENRE,Cambodia,Strict,XGBoost,4,1,0.985321581363678,1
6155,RCN22505,1239-PF-KH-MSF-GENRE,Cambodia,Strict,XGBoost,4,1,0.9856154918670654,1
6156,RCN22509,1239-PF-KH-MSF-GENRE,Cambodia,Strict,XGBoost,4,1,0.9856154918670654,1
6157,RCN22510,1239-PF-KH-MSF-GENRE,Cambodia,Strict,XGBoost,4,1,0.985321581363678,1
6158,RCN22513,1239-PF-KH-MSF-GENRE,Cambodia,Strict,XGBoost,4,1,0.8493702411651611,1
6159,RCN22514,1239-PF-KH-MSF-GENRE,Cambodia,Strict,XGBoost,4,1,0.985321581363678,1
6160,RCN22520,1239-PF-KH-MSF-GENRE,Cambodia,Strict,XGBoost,4,1,0.9896424412727356,1
6161,RCN22529,1239-PF-KH-MSF-GENRE,Cambodia,Strict,XGBoost,4,1,0.9893224835395813,1
6162,RCN22532,1239-PF-KH-MSF-GENRE,Cambodia,Strict,XGBoost,4,1,0.9896424412727356,1
6163,RCN22535,1239-PF-KH-MSF-GENRE,Cambodia,Strict,XGBoost,4,1,0.9883984923362732,1
6164,RCN22536,1239-PF-KH-MSF-GENRE,Cambodia,Strict,XGBoost,4,1,0.9826238751411438,1
6165,RCN22542,1239-PF-KH-MSF-GENRE,Cambodia,Strict,XGBoost,4,1,0.9889823794364929,1
6166,RCN22545,1239-PF-KH-MSF-GENRE,Cambodia,Strict,XGBoost,4,0,0.35941067337989807,0
6167,RCN22550,1239-PF-KH-MSF-GENRE,Cambodia,Strict,XGBoost,4,1,0.9896188378334045,1
6168,RCN22552,1239-PF-KH-MSF-GENRE,Cambodia,Strict,XGBoost,4,1,0.9901982545852661,1
6169,RCN22554,1239-PF-KH-MSF-GENRE,Cambodia,Strict,XGBoost,4,1,0.9901329278945923,1
6170,RCN22555,1239-PF-KH-MSF-GENRE,Cambodia,Strict,XGBoost,4,1,0.9903215765953064,1
6171,RCN22556,1239-PF-KH-MSF-GENRE,Cambodia,Strict,XGBoost,4,1,0.9898684024810791,1
6172,RCN22558,1239-PF-KH-MSF-GENRE,Cambodia,Strict,XGBoost,4,1,0.9902903437614441,1
6173,RCN22561,1239-PF-KH-MSF-GENRE,Cambodia,Strict,XGBoost,4,1,0.9889223575592041,1
6174,RCN22562,1239-PF-KH-MSF-GENRE,Cambodia,Strict,XGBoost,4,1,0.9750100374221802,1
6175,RCN22564,1239-PF-KH-MSF-GENRE,Cambodia,Strict,XGBoost,4,1,0.9905542731285095,1
6176,RCN22565,1239-PF-KH-MSF-GENRE,Cambodia,Strict,XGBoost,4,1,0.9157767295837402,1
6177,RCN22571,1239-PF-KH-MSF-GENRE,Cambodia,Strict,XGBoost,4,1,0.9901329278945923,1
6178,RCN22572,1239-PF-KH-MSF-GENRE,Cambodia,Strict,XGBoost,4,1,0.9865363240242004,1
6179,RCN22575,1239-PF-KH-MSF-GENRE,Cambodia,Strict,XGBoost,4,1,0.9901982545852661,1
6180,RCN22579,1239-PF-KH-MSF-GENRE,Cambodia,Strict,XGBoost,4,1,0.6988364458084106,1
6181,RCN22580,1239-PF-KH-MSF-GENRE,Cambodia,Strict,XGBoost,4,1,0.9902903437614441,1
6182,RCN22581,1239-PF-KH-MSF-GENRE,Cambodia,Strict,XGBoost,4,1,0.9896709322929382,1
6183,RCN22584,1239-PF-KH-MSF-GENRE,Cambodia,Strict,XGBoost,4,1,0.9862494468688965,1
6184,RCN22585,1239-PF-KH-MSF-GENRE,Cambodia,Strict,XGBoost,4,1,0.9898684024810791,1
6185,RCN22587,1239-PF-KH-MSF-GENRE,Cambodia,Strict,XGBoost,4,1,0.97542804479599,1
6186,RCN22589,1239-PF-KH-MSF-GENRE,Cambodia,Strict,XGBoost,4,1,0.9887880682945251,1
6187,RCN22590,1239-PF-KH-MSF-GENRE,Cambodia,Strict,XGBoost,4,1,0.9888257384300232,1
6188,RCN22595,1239-PF-KH-MSF-GENRE,Cambodia,Strict,XGBoost,4,1,0.9300201535224915,1
6189,RCN22597,1239-PF-KH-MSF-GENRE,Cambodia,Strict,XGBoost,4,1,0.9882053136825562,1
6190,RCN22598,1239-PF-KH-MSF-GENRE,Cambodia,Strict,XGBoost,4,1,0.9903215765953064,1
6191,RCN22602,1239-PF-KH-MSF-GENRE,Cambodia,Strict,XGBoost,4,1,0.9246978163719177,1
6192,RCN22604,1239-PF-KH-MSF-GENRE,Cambodia,Strict,XGBoost,4,1,0.9905542731285095,1
6193,RCN22613,1239-PF-KH-MSF-GENRE,Cambodia,Strict,XGBoost,4,1,0.9898684024810791,1
6194,RCN22614,1239-PF-KH-MSF-GENRE,Cambodia,Strict,XGBoost,4,1,0.8122881054878235,1
6195,RCN22636,1239-PF-KH-MSF-GENRE,Cambodia,Strict,XGBoost,4,1,0.9864468574523926,1
6196,RCN22637,1239-PF-KH-MSF-GENRE,Cambodia,Strict,XGBoost,4,1,0.9690976142883301,1
6197,RCN22641,1239-PF-KH-MSF-GENRE,Cambodia,Strict,XGBoost,4,1,0.9361388087272644,1
6198,RCN22643,1239-PF-KH-MSF-GENRE,Cambodia,Strict,XGBoost,4,1,0.9676830172538757,1
6199,RCN22644,1239-PF-KH-MSF-GENRE,Cambodia,Strict,XGBoost,4,1,0.9901329278945923,1
6200,RCN22645,1239-PF-KH-MSF-GENRE,Cambodia,Strict,XGBoost,4,1,0.9901329278945923,1
6201,RCN22647,1239-PF-KH-MSF-GENRE,Cambodia,Strict,XGBoost,4,1,0.9110537767410278,1
6202,RCN22651,1239-PF-KH-MSF-GENRE,Cambodia,Strict,XGBoost,4,1,0.7878472208976746,1
6203,RCN22653,1239-PF-KH-MSF-GENRE,Cambodia,Strict,XGBoost,4,0,0.15641766786575317,0
6204,RCN22654,1239-PF-KH-MSF-GENRE,Cambodia,Strict,XGBoost,4,1,0.9898684024810791,1
6205,RCN22655,1239-PF-KH-MSF-GENRE,Cambodia,Strict,XGBoost,4,1,0.9905542731285095,1
6206,RCN22657,1239-PF-KH-MSF-GENRE,Cambodia,Strict,XGBoost,4,1,0.9894801378250122,1
6207,RCN22659,1239-PF-KH-MSF-GENRE,Cambodia,Strict,XGBoost,4,1,0.9094081521034241,1
6208,RCN22660,1239-PF-KH-MSF-GENRE,Cambodia,Strict,XGBoost,4,1,0.9903857707977295,1
6209,RCN22663,1239-PF-KH-MSF-GENRE,Cambodia,Strict,XGBoost,4,1,0.9263176918029785,1
6210,RCN22668,1239-PF-KH-MSF-GENRE,Cambodia,Strict,XGBoost,4,1,0.9903215765953064,1
6211,RCN22669,1239-PF-KH-MSF-GENRE,Cambodia,Strict,XGBoost,4,1,0.9720182418823242,1
6212,RCN22671,1239-PF-KH-MSF-GENRE,Cambodia,Strict,XGBoost,4,1,0.9903215765953064,1
6213,RCN22672,1239-PF-KH-MSF-GENRE,Cambodia,Strict,XGBoost,4,1,0.9880039691925049,1
6214,RCN22675,1239-PF-KH-MSF-GENRE,Cambodia,Strict,XGBoost,4,1,0.9885395169258118,1
6215,RCN22678,1239-PF-KH-MSF-GENRE,Cambodia,Strict,XGBoost,4,1,0.9903215765953064,1
6216,RCN22679,1239-PF-KH-MSF-GENRE,Cambodia,Strict,XGBoost,4,1,0.9786064028739929,1
6217,RCN22684,1239-PF-KH-MSF-GENRE,Cambodia,Strict,XGBoost,4,0,0.448777973651886,0
6218,RCN22685,1239-PF-KH-MSF-GENRE,Cambodia,Strict,XGBoost,4,1,0.9903857707977295,1
6219,RCN22686,1239-PF-KH-MSF-GENRE,Cambodia,Strict,XGBoost,4,1,0.9885395169258118,1
6220,RCN22687,1239-PF-KH-MSF-GENRE,Cambodia,Strict,XGBoost,4,1,0.9812794923782349,1
6221,RCN22688,1239-PF-KH-MSF-GENRE,Cambodia,Strict,XGBoost,4,1,0.9911183714866638,1
6222,RCN22689,1239-PF-KH-MSF-GENRE,Cambodia,Strict,XGBoost,4,1,0.9912883043289185,1
6223,RCN22690,1239-PF-KH-MSF-GENRE,Cambodia,Strict,XGBoost,4,1,0.9914980530738831,1
6224,RCN22699,1239-PF-KH-MSF-GENRE,Cambodia,Strict,XGBoost,4,1,0.9812589287757874,1
6225,RCN22720,1239-PF-KH-MSF-GENRE,Cambodia,Strict,XGBoost,4,1,0.9912883043289185,1
6226,RCN22736,1239-PF-KH-MSF-GENRE,Cambodia,Strict,XGBoost,4,1,0.9602209329605103,1
6227,RCN22748,1239-PF-KH-MSF-GENRE,Cambodia,Strict,XGBoost,4,1,0.9730784893035889,1
6228,RCN22749,1239-PF-KH-MSF-GENRE,Cambodia,Strict,XGBoost,4,1,0.7777395248413086,1
6229,RCN22753,1239-PF-KH-MSF-GENRE,Cambodia,Strict,XGBoost,4,1,0.9415495991706848,1
6230,RCN22768,1239-PF-KH-MSF-GENRE,Cambodia,Strict,XGBoost,4,1,0.9912883043289185,1
6231,RCN22770,1239-PF-KH-MSF-GENRE,Cambodia,Strict,XGBoost,4,1,0.9910549521446228,1
6232,RCN22772,1239-PF-KH-MSF-GENRE,Cambodia,Strict,XGBoost,4,1,0.990655243396759,1
6233,RCN22781,1239-PF-KH-MSF-GENRE,Cambodia,Strict,XGBoost,4,1,0.9911183714866638,1
6234,RCN22787,1239-PF-KH-MSF-GENRE,Cambodia,Strict,XGBoost,4,1,0.843055784702301,1
6235,RCN22788,1239-PF-KH-MSF-GENRE,Cambodia,Strict,XGBoost,4,1,0.9778969287872314,1
6236,RCN22789,1239-PF-KH-MSF-GENRE,Cambodia,Strict,XGBoost,4,1,0.9911183714866638,1
6237,RCN22790,1239-PF-KH-MSF-GENRE,Cambodia,Strict,XGBoost,4,1,0.9911183714866638,1
6238,RCN22791,1239-PF-KH-MSF-GENRE,Cambodia,Strict,XGBoost,4,1,0.9039779305458069,1
6239,RCN22792,1239-PF-KH-MSF-GENRE,Cambodia,Strict,XGBoost,4,1,0.9216718077659607,1
6240,RCN22795,1239-PF-KH-MSF-GENRE,Cambodia,Strict,XGBoost,4,1,0.2851676344871521,0
6241,RCN22798,1239-PF-KH-MSF-GENRE,Cambodia,Strict,XGBoost,4,0,0.4913923442363739,0
6242,RCN22799,1239-PF-KH-MSF-GENRE,Cambodia,Strict,XGBoost,4,1,0.837293803691864,1
6243,RCN22800,1239-PF-KH-MSF-GENRE,Cambodia,Strict,XGBoost,4,0,0.4632866382598877,0
6244,RCN22802,1239-PF-KH-MSF-GENRE,Cambodia,Strict,XGBoost,4,1,0.9914980530738831,1
6245,RCN22803,1239-PF-KH-MSF-GENRE,Cambodia,Strict,XGBoost,4,1,0.9911773204803467,1
6246,RCN22804,1239-PF-KH-MSF-GENRE,Cambodia,Strict,XGBoost,4,1,0.9913461804389954,1
6247,RCN22805,1239-PF-KH-MSF-GENRE,Cambodia,Strict,XGBoost,4,1,0.9208118319511414,1
6248,RCN22806,1239-PF-KH-MSF-GENRE,Cambodia,Strict,XGBoost,4,1,0.9914980530738831,1
6249,RCN22808,1239-PF-KH-MSF-GENRE,Cambodia,Strict,XGBoost,4,1,0.9912883043289185,1
6250,RCN22809,1239-PF-KH-MSF-GENRE,Cambodia,Strict,XGBoost,4,1,0.9912883043289185,1
6251,RCN22810,1239-PF-KH-MSF-GENRE,Cambodia,Strict,XGBoost,4,1,0.9913461804389954,1
6252,RCN22811,1239-PF-KH-MSF-GENRE,Cambodia,Strict,XGBoost,4,1,0.9884018301963806,1
6253,RCN22815,1239-PF-KH-MSF-GENRE,Cambodia,Strict,XGBoost,4,1,0.9827442765235901,1
6254,RCN22817,1239-PF-KH-MSF-GENRE,Cambodia,Strict,XGBoost,4,1,0.9884888529777527,1
6255,RCN22818,1239-PF-KH-MSF-GENRE,Cambodia,Strict,XGBoost,4,1,0.9914980530738831,1
6256,RCN22819,1239-PF-KH-MSF-GENRE,Cambodia,Strict,XGBoost,4,0,0.0248189065605402,0
6257,RCN22820,1239-PF-KH-MSF-GENRE,Cambodia,Strict,XGBoost,4,1,0.9911183714866638,1
6258,RCN22821,1239-PF-KH-MSF-GENRE,Cambodia,Strict,XGBoost,4,0,0.3939693868160248,0
6259,RCN22822,1239-PF-KH-MSF-GENRE,Cambodia,Strict,XGBoost,4,1,0.9203749299049377,1
6260,RCN22824,1239-PF-KH-MSF-GENRE,Cambodia,Strict,XGBoost,4,1,0.9691087007522583,1
6261,RCN22826,1239-PF-KH-MSF-GENRE,Cambodia,Strict,XGBoost,4,1,0.7448121309280396,1
6262,RCN22827,1239-PF-KH-MSF-GENRE,Cambodia,Strict,XGBoost,4,1,0.9655815958976746,1
6263,RCN22828,1239-PF-KH-MSF-GENRE,Cambodia,Strict,XGBoost,4,1,0.9913461804389954,1
6264,RCN22829,1239-PF-KH-MSF-GENRE,Cambodia,Strict,XGBoost,4,1,0.9913461804389954,1
6265,RCN22831,1239-PF-KH-MSF-GENRE,Cambodia,Strict,XGBoost,4,1,0.9715836048126221,1
6266,RCN22832,1239-PF-KH-MSF-GENRE,Cambodia,Strict,XGBoost,4,0,0.020283836871385574,0
6267,RCN22833,1239-PF-KH-MSF-GENRE,Cambodia,Strict,XGBoost,4,1,0.9914980530738831,1
6268,RCN22834,1239-PF-KH-MSF-GENRE,Cambodia,Strict,XGBoost,4,1,0.9065353870391846,1
6269,RCN22835,1239-PF-KH-MSF-GENRE,Cambodia,Strict,XGBoost,4,0,0.5232638716697693,1
6270,RCN22836,1239-PF-KH-MSF-GENRE,Cambodia,Strict,XGBoost,4,1,0.9914980530738831,1
6271,RCN22837,1239-PF-KH-MSF-GENRE,Cambodia,Strict,XGBoost,4,1,0.9907936453819275,1
6272,RCN22838,1239-PF-KH-MSF-GENRE,Cambodia,Strict,XGBoost,4,1,0.979796290397644,1
6273,RCN22839,1239-PF-KH-MSF-GENRE,Cambodia,Strict,XGBoost,4,0,0.40428680181503296,0
6274,RCN22840,1239-PF-KH-MSF-GENRE,Cambodia,Strict,XGBoost,4,1,0.9911183714866638,1
6275,RCN22842,1239-PF-KH-MSF-GENRE,Cambodia,Strict,XGBoost,4,1,0.822907030582428,1
6276,RCN22843,1239-PF-KH-MSF-GENRE,Cambodia,Strict,XGBoost,4,0,0.4445928931236267,0
6277,RCN22845,1239-PF-KH-MSF-GENRE,Cambodia,Strict,XGBoost,4,0,0.36415356397628784,0
6278,RCN22846,1239-PF-KH-MSF-GENRE,Cambodia,Strict,XGBoost,4,1,0.9642458558082581,1
6279,RCN22847,1239-PF-KH-MSF-GENRE,Cambodia,Strict,XGBoost,4,1,0.9642458558082581,1
6280,RCN22848,1239-PF-KH-MSF-GENRE,Cambodia,Strict,XGBoost,4,1,0.9655815958976746,1
6281,RCN22850,1239-PF-KH-MSF-GENRE,Cambodia,Strict,XGBoost,4,1,0.9911183714866638,1
6282,RCN22851,1239-PF-KH-MSF-GENRE,Cambodia,Strict,XGBoost,4,1,0.986977756023407,1
6283,RCN22852,1239-PF-KH-MSF-GENRE,Cambodia,Strict,XGBoost,4,1,0.9668900966644287,1
6284,RCN22853,1239-PF-KH-MSF-GENRE,Cambodia,Strict,XGBoost,4,1,0.9831355214118958,1
6285,RCN22854,1239-PF-KH-MSF-GENRE,Cambodia,Strict,XGBoost,4,1,0.9507508873939514,1
6286,RCN22855,1239-PF-KH-MSF-GENRE,Cambodia,Strict,XGBoost,4,1,0.9687830209732056,1
6287,RCN22857,1239-PF-KH-MSF-GENRE,Cambodia,Strict,XGBoost,4,1,0.9655815958976746,1
6288,RCN22858,1239-PF-KH-MSF-GENRE,Cambodia,Strict,XGBoost,4,1,0.9878696799278259,1
6289,RCN22859,1239-PF-KH-MSF-GENRE,Cambodia,Strict,XGBoost,4,1,0.9878696799278259,1
6290,RCN22860,1239-PF-KH-MSF-GENRE,Cambodia,Strict,XGBoost,4,1,0.9912602305412292,1
6291,RCN22861,1239-PF-KH-MSF-GENRE,Cambodia,Strict,XGBoost,4,1,0.9507508873939514,1
6292,RCN22862,1239-PF-KH-MSF-GENRE,Cambodia,Strict,XGBoost,4,1,0.9877734780311584,1
6293,RCN22863,1239-PF-KH-MSF-GENRE,Cambodia,Strict,XGBoost,4,1,0.9909405708312988,1
6294,RCN22864,1239-PF-KH-MSF-GENRE,Cambodia,Strict,XGBoost,4,1,0.9455083608627319,1
6295,RCN22865,1239-PF-KH-MSF-GENRE,Cambodia,Strict,XGBoost,4,0,0.9306154847145081,1
6296,RCN22866,1239-PF-KH-MSF-GENRE,Cambodia,Strict,XGBoost,4,1,0.9875587224960327,1
6297,RCN22867,1239-PF-KH-MSF-GENRE,Cambodia,Strict,XGBoost,4,1,0.9911183714866638,1
6298,RCN22868,1239-PF-KH-MSF-GENRE,Cambodia,Strict,XGBoost,4,1,0.9912883043289185,1
6299,RCN22869,1239-PF-KH-MSF-GENRE,Cambodia,Strict,XGBoost,4,1,0.9728276133537292,1
6300,RCN22870,1239-PF-KH-MSF-GENRE,Cambodia,Strict,XGBoost,4,1,0.9879675507545471,1
6301,RCN22872,1239-PF-KH-MSF-GENRE,Cambodia,Strict,XGBoost,4,1,0.9742982983589172,1
6302,RCN22873,1239-PF-KH-MSF-GENRE,Cambodia,Strict,XGBoost,4,1,0.9751212000846863,1
6303,RCN22874,1239-PF-KH-MSF-GENRE,Cambodia,Strict,XGBoost,4,1,0.9751212000846863,1
6304,RCN22875,1239-PF-KH-MSF-GENRE,Cambodia,Strict,XGBoost,4,1,0.9751212000846863,1
6305,RCN22876,1239-PF-KH-MSF-GENRE,Cambodia,Strict,XGBoost,4,1,0.952495276927948,1
6306,RCN22877,1239-PF-KH-MSF-GENRE,Cambodia,Strict,XGBoost,4,1,0.9528155326843262,1
6307,RCN22878,1239-PF-KH-MSF-GENRE,Cambodia,Strict,XGBoost,4,1,0.9733383059501648,1
6308,RCN22879,1239-PF-KH-MSF-GENRE,Cambodia,Strict,XGBoost,4,1,0.9733383059501648,1
6309,RCN22880,1239-PF-KH-MSF-GENRE,Cambodia,Strict,XGBoost,4,1,0.9839144945144653,1
6310,RCN22881,1239-PF-KH-MSF-GENRE,Cambodia,Strict,XGBoost,4,0,0.02353312447667122,0
6311,RCN22882,1239-PF-KH-MSF-GENRE,Cambodia,Strict,XGBoost,4,1,0.9872259497642517,1
6312,RCN22887,1239-PF-KH-MSF-GENRE,Cambodia,Strict,XGBoost,4,0,0.8151704668998718,1
6313,RCN22888,1239-PF-KH-MSF-GENRE,Cambodia,Strict,XGBoost,4,1,0.9502033591270447,1
6314,RCN22889,1239-PF-KH-MSF-GENRE,Cambodia,Strict,XGBoost,4,0,0.8568831086158752,1
6315,RCN22890,1239-PF-KH-MSF-GENRE,Cambodia,Strict,XGBoost,4,0,0.7906045913696289,1
6316,RCN22891,1239-PF-KH-MSF-GENRE,Cambodia,Strict,XGBoost,4,0,0.8219999074935913,1
6317,RCN22892,1239-PF-KH-MSF-GENRE,Cambodia,Strict,XGBoost,4,1,0.9437164664268494,1
6318,RCN22894,1239-PF-KH-MSF-GENRE,Cambodia,Strict,XGBoost,4,1,0.9585510492324829,1
6319,RCN22895,1239-PF-KH-MSF-GENRE,Cambodia,Strict,XGBoost,4,0,0.7934181690216064,1
6320,RCN22896,1239-PF-KH-MSF-GENRE,Cambodia,Strict,XGBoost,4,1,0.9913461804389954,1
6321,RCN22897,1239-PF-KH-MSF-GENRE,Cambodia,Strict,XGBoost,4,1,0.9080113172531128,1
6322,RCN22898,1239-PF-KH-MSF-GENRE,Cambodia,Strict,XGBoost,4,0,0.02459847368299961,0
6323,RCN22899,1239-PF-KH-MSF-GENRE,Cambodia,Strict,XGBoost,4,0,0.02459847368299961,0
6324,RCN22900,1239-PF-KH-MSF-GENRE,Cambodia,Strict,XGBoost,4,0,0.02181941643357277,0
6325,RCN22902,1239-PF-KH-MSF-GENRE,Cambodia,Strict,XGBoost,4,0,0.8209593892097473,1
6326,RCN22903,1239-PF-KH-MSF-GENRE,Cambodia,Strict,XGBoost,4,1,0.974643886089325,1
6327,RCN22904,1239-PF-KH-MSF-GENRE,Cambodia,Strict,XGBoost,4,0,0.826064944267273,1
6328,RCN22905,1239-PF-KH-MSF-GENRE,Cambodia,Strict,XGBoost,4,1,0.9314705729484558,1
6329,RCN22908,1239-PF-KH-MSF-GENRE,Cambodia,Strict,XGBoost,4,1,0.9545435309410095,1
6330,RCN22909,1239-PF-KH-MSF-GENRE,Cambodia,Strict,XGBoost,4,1,0.9196171760559082,1
6331,RCN22911,1239-PF-KH-MSF-GENRE,Cambodia,Strict,XGBoost,4,1,0.9819650053977966,1
6332,RCN22931,1239-PF-KH-MSF-GENRE,Cambodia,Strict,XGBoost,4,1,0.9901071786880493,1
6333,RCN22934,1239-PF-KH-MSF-GENRE,Cambodia,Strict,XGBoost,4,1,0.990880012512207,1
6334,RCN22939,1239-PF-KH-MSF-GENRE,Cambodia,Strict,XGBoost,4,1,0.9324048757553101,1
6335,RCN22940,1239-PF-KH-MSF-GENRE,Cambodia,Strict,XGBoost,4,1,0.9878987669944763,1
6336,RCN22947,1239-PF-KH-MSF-GENRE,Cambodia,Strict,XGBoost,4,1,0.9912883043289185,1
6337,RCN22954,1239-PF-KH-MSF-GENRE,Cambodia,Strict,XGBoost,4,1,0.7777472734451294,1
6338,RCN22955,1239-PF-KH-MSF-GENRE,Cambodia,Strict,XGBoost,4,1,0.8095099329948425,1
6339,RCN22957,1239-PF-KH-MSF-GENRE,Cambodia,Strict,XGBoost,4,1,0.8230147957801819,1
6340,RCN22959,1239-PF-KH-MSF-GENRE,Cambodia,Strict,XGBoost,4,1,0.959028959274292,1
6341,RCN22967,1239-PF-KH-MSF-GENRE,Cambodia,Strict,XGBoost,4,1,0.9693790674209595,1
6342,RCN22970,1239-PF-KH-MSF-GENRE,Cambodia,Strict,XGBoost,4,1,0.9905301928520203,1
6343,RCN22971,1239-PF-KH-MSF-GENRE,Cambodia,Strict,XGBoost,4,1,0.9705860018730164,1
6344,RCN22972,1239-PF-KH-MSF-GENRE,Cambodia,Strict,XGBoost,4,1,0.9914980530738831,1
6345,RCN22974,1239-PF-KH-MSF-GENRE,Cambodia,Strict,XGBoost,4,1,0.9912883043289185,1
6346,RCN22975,1239-PF-KH-MSF-GENRE,Cambodia,Strict,XGBoost,4,1,0.9914980530738831,1
6347,RCN22976,1239-PF-KH-MSF-GENRE,Cambodia,Strict,XGBoost,4,1,0.9312055706977844,1
6348,RCN22977,1239-PF-KH-MSF-GENRE,Cambodia,Strict,XGBoost,4,1,0.9057453870773315,1
6349,RCN22979,1239-PF-KH-MSF-GENRE,Cambodia,Strict,XGBoost,4,1,0.9878696799278259,1
6350,RCN22982,1239-PF-KH-MSF-GENRE,Cambodia,Strict,XGBoost,4,1,0.9415495991706848,1
6351,RCN22984,1239-PF-KH-MSF-GENRE,Cambodia,Strict,XGBoost,4,1,0.9912883043289185,1
6352,RCN22988,1239-PF-KH-MSF-GENRE,Cambodia,Strict,XGBoost,4,1,0.9914980530738831,1
6353,RCN22989,1239-PF-KH-MSF-GENRE,Cambodia,Strict,XGBoost,4,1,0.9909405708312988,1
6354,RCN22990,1239-PF-KH-MSF-GENRE,Cambodia,Strict,XGBoost,4,1,0.9803738594055176,1
6355,RCN22995,1239-PF-KH-MSF-GENRE,Cambodia,Strict,XGBoost,4,1,0.9856003522872925,1
6356,RCN22999,1239-PF-KH-MSF-GENRE,Cambodia,Strict,XGBoost,4,1,0.9912883043289185,1
6357,RCN23000,1239-PF-KH-MSF-GENRE,Cambodia,Strict,XGBoost,4,1,0.9819590449333191,1
6358,RCN23001,1239-PF-KH-MSF-GENRE,Cambodia,Strict,XGBoost,4,1,0.9827442765235901,1
6359,RCN23002,1239-PF-KH-MSF-GENRE,Cambodia,Strict,XGBoost,4,1,0.9914980530738831,1
6360,RCN23003,1239-PF-KH-MSF-GENRE,Cambodia,Strict,XGBoost,4,1,0.9911183714866638,1
6361,RCN23004,1239-PF-KH-MSF-GENRE,Cambodia,Strict,XGBoost,4,1,0.9910549521446228,1
6362,RCN23020,1239-PF-KH-MSF-GENRE,Cambodia,Strict,XGBoost,4,1,0.9912883043289185,1
6363,RCN23022,1239-PF-KH-MSF-GENRE,Cambodia,Strict,XGBoost,4,1,0.9911183714866638,1
6364,RCN23024,1239-PF-KH-MSF-GENRE,Cambodia,Strict,XGBoost,4,1,0.9912883043289185,1
6365,RCN23025,1239-PF-KH-MSF-GENRE,Cambodia,Strict,XGBoost,4,1,0.9911183714866638,1
6366,RCN23026,1239-PF-KH-MSF-GENRE,Cambodia,Strict,XGBoost,4,1,0.9713469743728638,1
6367,RCN23028,1239-PF-KH-MSF-GENRE,Cambodia,Strict,XGBoost,4,1,0.9914980530738831,1
6368,RCN23029,1239-PF-KH-MSF-GENRE,Cambodia,Strict,XGBoost,4,1,0.9912883043289185,1
6369,RCN23030,1239-PF-KH-MSF-GENRE,Cambodia,Strict,XGBoost,4,1,0.9914980530738831,1
6370,RCN23032,1239-PF-KH-MSF-GENRE,Cambodia,Strict,XGBoost,4,1,0.9911183714866638,1
6371,RCN23035,1239-PF-KH-MSF-GENRE,Cambodia,Strict,XGBoost,4,1,0.9913461804389954,1
6372,RCN23036,1239-PF-KH-MSF-GENRE,Cambodia,Strict,XGBoost,4,1,0.9912883043289185,1
6373,RCN23038,1239-PF-KH-MSF-GENRE,Cambodia,Strict,XGBoost,4,1,0.9884390234947205,1
6374,RCN23041,1239-PF-KH-MSF-GENRE,Cambodia,Strict,XGBoost,4,0,0.419269323348999,0
6375,RCN23042,1239-PF-KH-MSF-GENRE,Cambodia,Strict,XGBoost,4,1,0.8153378367424011,1
6376,RCN23044,1239-PF-KH-MSF-GENRE,Cambodia,Strict,XGBoost,4,0,0.3939693868160248,0
6377,RCN23046,1239-PF-KH-MSF-GENRE,Cambodia,Strict,XGBoost,4,0,0.3939693868160248,0
6378,RCN23048,1239-PF-KH-MSF-GENRE,Cambodia,Strict,XGBoost,4,0,0.3939693868160248,0
6379,RCN23059,1239-PF-KH-MSF-GENRE,Cambodia,Strict,XGBoost,4,1,0.9821422100067139,1
6380,RCN23060,1239-PF-KH-MSF-GENRE,Cambodia,Strict,XGBoost,4,1,0.9904561638832092,1
6381,RCN23072,1239-PF-KH-MSF-GENRE,Cambodia,Strict,XGBoost,4,1,0.9875587224960327,1
6382,RCN23080,1239-PF-KH-MSF-GENRE,Cambodia,Strict,XGBoost,4,1,0.8988986015319824,1
6383,RCN23082,1239-PF-KH-MSF-GENRE,Cambodia,Strict,XGBoost,4,1,0.9065353870391846,1
6384,RCN23098,1239-PF-KH-MSF-GENRE,Cambodia,Strict,XGBoost,4,1,0.9900274872779846,1
6385,RCN23099,1239-PF-KH-MSF-GENRE,Cambodia,Strict,XGBoost,4,1,0.9914980530738831,1
6386,RCN23103,1239-PF-KH-MSF-GENRE,Cambodia,Strict,XGBoost,4,1,0.9905301928520203,1
6387,RCN23105,1239-PF-KH-MSF-GENRE,Cambodia,Strict,XGBoost,4,1,0.9615749716758728,1
6388,RCN23106,1239-PF-KH-MSF-GENRE,Cambodia,Strict,XGBoost,4,1,0.9911183714866638,1
6389,RCN23112,1239-PF-KH-MSF-GENRE,Cambodia,Strict,XGBoost,4,1,0.9909290671348572,1
6390,RCN23114,1239-PF-KH-MSF-GENRE,Cambodia,Strict,XGBoost,4,1,0.9690096378326416,1
6391,RCN23121,1239-PF-KH-MSF-GENRE,Cambodia,Strict,XGBoost,4,1,0.8124057054519653,1
6392,RCN23122,1239-PF-KH-MSF-GENRE,Cambodia,Strict,XGBoost,4,1,0.9885155558586121,1
6393,RCN23128,1239-PF-KH-MSF-GENRE,Cambodia,Strict,XGBoost,4,1,0.9707334041595459,1
6394,RCN23138,1239-PF-KH-MSF-GENRE,Cambodia,Strict,XGBoost,4,1,0.9911183714866638,1
6395,RCN23139,1239-PF-KH-MSF-GENRE,Cambodia,Strict,XGBoost,4,1,0.9618809223175049,1
6396,RCN23145,1239-PF-KH-MSF-GENRE,Cambodia,Strict,XGBoost,4,1,0.8153378367424011,1
6397,RCN23146,1239-PF-KH-MSF-GENRE,Cambodia,Strict,XGBoost,4,1,0.8124768137931824,1
6398,RCN23151,1239-PF-KH-MSF-GENRE,Cambodia,Strict,XGBoost,4,1,0.8230147957801819,1
6399,RCN23162,1239-PF-KH-MSF-GENRE,Cambodia,Strict,XGBoost,4,1,0.9513229727745056,1
6400,RCN23163,1239-PF-KH-MSF-GENRE,Cambodia,Strict,XGBoost,4,0,0.1375254988670349,0
6401,RCN23164,1239-PF-KH-MSF-GENRE,Cambodia,Strict,XGBoost,4,1,0.9800779819488525,1
6402,RCN23166,1239-PF-KH-MSF-GENRE,Cambodia,Strict,XGBoost,4,1,0.9914980530738831,1
6403,RCN23167,1239-PF-KH-MSF-GENRE,Cambodia,Strict,XGBoost,4,0,0.6204047799110413,1
6404,RCN23168,1239-PF-KH-MSF-GENRE,Cambodia,Strict,XGBoost,4,1,0.9774715304374695,1
6405,RCN23174,1239-PF-KH-MSF-GENRE,Cambodia,Strict,XGBoost,4,1,0.9913167953491211,1
6406,RCN23175,1239-PF-KH-MSF-GENRE,Cambodia,Strict,XGBoost,4,1,0.9693790674209595,1
6407,RCN23178,1239-PF-KH-MSF-GENRE,Cambodia,Strict,XGBoost,4,1,0.8236690759658813,1
6408,RCN23191,1239-PF-KH-MSF-GENRE,Cambodia,Strict,XGBoost,4,1,0.9802101254463196,1
6409,RCN23198,1239-PF-KH-MSF-GENRE,Cambodia,Strict,XGBoost,4,1,0.98811274766922,1
6410,RCN23208,1239-PF-KH-MSF-GENRE,Cambodia,Strict,XGBoost,4,1,0.979796290397644,1
6411,RCN23216,1239-PF-KH-MSF-GENRE,Cambodia,Strict,XGBoost,4,1,0.9425970911979675,1
6412,RCN23223,1239-PF-KH-MSF-GENRE,Cambodia,Strict,XGBoost,4,1,0.978726863861084,1
6413,RCN23227,1239-PF-KH-MSF-GENRE,Cambodia,Strict,XGBoost,4,1,0.978726863861084,1
6414,RCN23230,1239-PF-KH-MSF-GENRE,Cambodia,Strict,XGBoost,4,1,0.978726863861084,1
6415,RCN23232,1239-PF-KH-MSF-GENRE,Cambodia,Strict,XGBoost,4,1,0.9783170819282532,1
6416,RCN23233,1239-PF-KH-MSF-GENRE,Cambodia,Strict,XGBoost,4,1,0.9787945747375488,1
6417,RCN23234,1239-PF-KH-MSF-GENRE,Cambodia,Strict,XGBoost,4,1,0.978726863861084,1
77,PD0109-C,1031-PF-SEA-PLOWE,Thailand,Strict,XGBoost,5,0,0.5127382278442383,1
78,PD0110-C,1031-PF-SEA-PLOWE,Thailand,Strict,XGBoost,5,1,0.2719607651233673,0
111,PD0145-C,1031-PF-SEA-PLOWE,Thailand,Strict,XGBoost,5,0,0.2508406639099121,0
241,PD0716-C,1125-PF-TH-NOSTEN,Thailand,Strict,XGBoost,5,0,0.41072195768356323,0
242,PD0717-C,1125-PF-TH-NOSTEN,Thailand,Strict,XGBoost,5,0,0.3595743477344513,0
243,PD0718-C,1125-PF-TH-NOSTEN,Thailand,Strict,XGBoost,5,0,0.3509782552719116,0
244,PD0720-C,1125-PF-TH-NOSTEN,Thailand,Strict,XGBoost,5,1,0.573305606842041,1
245,PD0721-C,1125-PF-TH-NOSTEN,Thailand,Strict,XGBoost,5,0,0.2921624779701233,0
246,PD0722-C,1125-PF-TH-NOSTEN,Thailand,Strict,XGBoost,5,0,0.3728660047054291,0
247,PD0724-C,1125-PF-TH-NOSTEN,Thailand,Strict,XGBoost,5,0,0.5007234215736389,1
248,PD0725-C,1125-PF-TH-NOSTEN,Thailand,Strict,XGBoost,5,1,0.573305606842041,1
249,PD0726-C,1125-PF-TH-NOSTEN,Thailand,Strict,XGBoost,5,0,0.6671324968338013,1
250,PD0727-C,1125-PF-TH-NOSTEN,Thailand,Strict,XGBoost,5,0,0.5113683342933655,1
251,PD0728-C,1125-PF-TH-NOSTEN,Thailand,Strict,XGBoost,5,0,0.3595743477344513,0
252,PD0729-C,1125-PF-TH-NOSTEN,Thailand,Strict,XGBoost,5,0,0.3223141133785248,0
253,PD0730-C,1125-PF-TH-NOSTEN,Thailand,Strict,XGBoost,5,0,0.4316774308681488,0
254,PD0731-C,1125-PF-TH-NOSTEN,Thailand,Strict,XGBoost,5,1,0.4809470772743225,0
255,PD0733-C,1125-PF-TH-NOSTEN,Thailand,Strict,XGBoost,5,0,0.2453429102897644,0
256,PD0734-C,1125-PF-TH-NOSTEN,Thailand,Strict,XGBoost,5,1,0.46896007657051086,0
257,PD0735-C,1125-PF-TH-NOSTEN,Thailand,Strict,XGBoost,5,0,0.3595743477344513,0
258,PD0740-C,1125-PF-TH-NOSTEN,Thailand,Strict,XGBoost,5,0,0.16169850528240204,0
259,PD0741-C,1125-PF-TH-NOSTEN,Thailand,Strict,XGBoost,5,0,0.4239031672477722,0
260,PD0742-C,1125-PF-TH-NOSTEN,Thailand,Strict,XGBoost,5,0,0.2103005349636078,0
261,PD0744-C,1125-PF-TH-NOSTEN,Thailand,Strict,XGBoost,5,0,0.6261095404624939,1
262,PD0746-C,1125-PF-TH-NOSTEN,Thailand,Strict,XGBoost,5,1,0.48816558718681335,0
263,PD0747-C,1125-PF-TH-NOSTEN,Thailand,Strict,XGBoost,5,0,0.40002942085266113,0
264,PD0748-C,1125-PF-TH-NOSTEN,Thailand,Strict,XGBoost,5,0,0.4844818711280823,0
265,PD0749-C,1125-PF-TH-NOSTEN,Thailand,Strict,XGBoost,5,0,0.7940376400947571,1
266,PD0750-C,1125-PF-TH-NOSTEN,Thailand,Strict,XGBoost,5,0,0.6330038905143738,1
267,PD0751-C,1125-PF-TH-NOSTEN,Thailand,Strict,XGBoost,5,1,0.36137720942497253,0
268,PD0754-C,1125-PF-TH-NOSTEN,Thailand,Strict,XGBoost,5,0,0.08983845263719559,0
269,PD0755-C,1125-PF-TH-NOSTEN,Thailand,Strict,XGBoost,5,0,0.26588132977485657,0
270,PD0758-C,1125-PF-TH-NOSTEN,Thailand,Strict,XGBoost,5,0,0.7641335725784302,1
271,PD0760-C,1125-PF-TH-NOSTEN,Thailand,Strict,XGBoost,5,0,0.7336449027061462,1
272,PD0761-C,1125-PF-TH-NOSTEN,Thailand,Strict,XGBoost,5,0,0.5045261383056641,1
273,PD0762-C,1125-PF-TH-NOSTEN,Thailand,Strict,XGBoost,5,0,0.35080447793006897,0
274,PD0765-C,1125-PF-TH-NOSTEN,Thailand,Strict,XGBoost,5,0,0.26026400923728943,0
275,PD0766-C,1125-PF-TH-NOSTEN,Thailand,Strict,XGBoost,5,0,0.7550087571144104,1
276,PD0767-C,1125-PF-TH-NOSTEN,Thailand,Strict,XGBoost,5,0,0.3534751832485199,0
277,PD0771-C,1125-PF-TH-NOSTEN,Thailand,Strict,XGBoost,5,0,0.5645607709884644,1
278,PD0772-C,1125-PF-TH-NOSTEN,Thailand,Strict,XGBoost,5,0,0.44339999556541443,0
279,PD0774-C,1125-PF-TH-NOSTEN,Thailand,Strict,XGBoost,5,0,0.36075523495674133,0
280,PD0775-C,1125-PF-TH-NOSTEN,Thailand,Strict,XGBoost,5,0,0.48595309257507324,0
281,PD0776-C,1125-PF-TH-NOSTEN,Thailand,Strict,XGBoost,5,0,0.23370417952537537,0
282,PD0777-C,1125-PF-TH-NOSTEN,Thailand,Strict,XGBoost,5,0,0.5382792353630066,1
283,PD0781-C,1125-PF-TH-NOSTEN,Thailand,Strict,XGBoost,5,0,0.47031521797180176,0
284,PD0782-C,1125-PF-TH-NOSTEN,Thailand,Strict,XGBoost,5,0,0.5718027353286743,1
285,PD0785-C,1125-PF-TH-NOSTEN,Thailand,Strict,XGBoost,5,0,0.5720716714859009,1
286,PD0786-C,1125-PF-TH-NOSTEN,Thailand,Strict,XGBoost,5,0,0.2902833819389343,0
287,PD0787-C,1125-PF-TH-NOSTEN,Thailand,Strict,XGBoost,5,0,0.6908678412437439,1
288,PD0789-C,1125-PF-TH-NOSTEN,Thailand,Strict,XGBoost,5,0,0.6790372729301453,1
289,PD0790-C,1125-PF-TH-NOSTEN,Thailand,Strict,XGBoost,5,0,0.5308718681335449,1
290,PD0791-C,1125-PF-TH-NOSTEN,Thailand,Strict,XGBoost,5,1,0.722042977809906,1
291,PD0792-C,1125-PF-TH-NOSTEN,Thailand,Strict,XGBoost,5,0,0.44464021921157837,0
292,PD0794-C,1125-PF-TH-NOSTEN,Thailand,Strict,XGBoost,5,0,0.36932384967803955,0
293,PD0795-C,1125-PF-TH-NOSTEN,Thailand,Strict,XGBoost,5,0,0.7139157652854919,1
294,PD0796-C,1125-PF-TH-NOSTEN,Thailand,Strict,XGBoost,5,0,0.3521399199962616,0
295,PD0799-C,1125-PF-TH-NOSTEN,Thailand,Strict,XGBoost,5,1,0.7777467966079712,1
296,PD0800-C,1125-PF-TH-NOSTEN,Thailand,Strict,XGBoost,5,1,0.8493466377258301,1
297,PD0801-C,1125-PF-TH-NOSTEN,Thailand,Strict,XGBoost,5,1,0.2048805058002472,0
298,PD0802-C,1125-PF-TH-NOSTEN,Thailand,Strict,XGBoost,5,1,0.16660133004188538,0
299,PD0803-C,1125-PF-TH-NOSTEN,Thailand,Strict,XGBoost,5,1,0.6576290130615234,1
300,PD0804-C,1125-PF-TH-NOSTEN,Thailand,Strict,XGBoost,5,1,0.7777467966079712,1
301,PD0806-C,1125-PF-TH-NOSTEN,Thailand,Strict,XGBoost,5,1,0.8207544684410095,1
302,PD0808-C,1125-PF-TH-NOSTEN,Thailand,Strict,XGBoost,5,1,0.711891770362854,1
303,PD0809-C,1125-PF-TH-NOSTEN,Thailand,Strict,XGBoost,5,1,0.5655335783958435,1
304,PD0810-C,1125-PF-TH-NOSTEN,Thailand,Strict,XGBoost,5,1,0.2758193612098694,0
305,PD0813-C,1125-PF-TH-NOSTEN,Thailand,Strict,XGBoost,5,0,0.13485167920589447,0
306,PD0814-C,1125-PF-TH-NOSTEN,Thailand,Strict,XGBoost,5,1,0.7974705100059509,1
307,PD0816-C,1125-PF-TH-NOSTEN,Thailand,Strict,XGBoost,5,1,0.7614069581031799,1
308,PD0817-C,1125-PF-TH-NOSTEN,Thailand,Strict,XGBoost,5,0,0.4474817216396332,0
309,PD0818-C,1125-PF-TH-NOSTEN,Thailand,Strict,XGBoost,5,1,0.7614069581031799,1
310,PD0819-C,1125-PF-TH-NOSTEN,Thailand,Strict,XGBoost,5,1,0.7614069581031799,1
311,PD0820-C,1125-PF-TH-NOSTEN,Thailand,Strict,XGBoost,5,1,0.7540386319160461,1
312,PD0822-C,1125-PF-TH-NOSTEN,Thailand,Strict,XGBoost,5,1,0.7696910500526428,1
313,PD0823-C,1125-PF-TH-NOSTEN,Thailand,Strict,XGBoost,5,1,0.8290029764175415,1
314,PD0824-C,1125-PF-TH-NOSTEN,Thailand,Strict,XGBoost,5,1,0.8290029764175415,1
315,PD0825-C,1125-PF-TH-NOSTEN,Thailand,Strict,XGBoost,5,1,0.7974705100059509,1
316,PD0826-C,1125-PF-TH-NOSTEN,Thailand,Strict,XGBoost,5,1,0.7696910500526428,1
317,PD0827-C,1125-PF-TH-NOSTEN,Thailand,Strict,XGBoost,5,1,0.7614069581031799,1
318,PD0828-C,1125-PF-TH-NOSTEN,Thailand,Strict,XGBoost,5,1,0.7813302278518677,1
319,PD0829-C,1125-PF-TH-NOSTEN,Thailand,Strict,XGBoost,5,1,0.7614069581031799,1
320,PD0830-C,1125-PF-TH-NOSTEN,Thailand,Strict,XGBoost,5,1,0.2567927837371826,0
321,PD0831-C,1125-PF-TH-NOSTEN,Thailand,Strict,XGBoost,5,1,0.4622625410556793,0
322,PD0832-C,1125-PF-TH-NOSTEN,Thailand,Strict,XGBoost,5,1,0.7696910500526428,1
323,PD0833-C,1125-PF-TH-NOSTEN,Thailand,Strict,XGBoost,5,0,0.2989669442176819,0
324,PD0834-C,1125-PF-TH-NOSTEN,Thailand,Strict,XGBoost,5,0,0.41525179147720337,0
325,PD0835-C,1125-PF-TH-NOSTEN,Thailand,Strict,XGBoost,5,0,0.5370117425918579,1
326,PD0836-C,1125-PF-TH-NOSTEN,Thailand,Strict,XGBoost,5,0,0.35343897342681885,0
327,PD0837-C,1125-PF-TH-NOSTEN,Thailand,Strict,XGBoost,5,0,0.3477741777896881,0
328,PD0838-C,1125-PF-TH-NOSTEN,Thailand,Strict,XGBoost,5,0,0.4206387400627136,0
329,PD0839-C,1125-PF-TH-NOSTEN,Thailand,Strict,XGBoost,5,0,0.6261095404624939,1
330,PD0840-C,1125-PF-TH-NOSTEN,Thailand,Strict,XGBoost,5,0,0.5645607709884644,1
331,PD0841-C,1125-PF-TH-NOSTEN,Thailand,Strict,XGBoost,5,0,0.32382142543792725,0
332,PD0842-C,1125-PF-TH-NOSTEN,Thailand,Strict,XGBoost,5,0,0.5084730982780457,1
333,PD0843-C,1125-PF-TH-NOSTEN,Thailand,Strict,XGBoost,5,0,0.06954313069581985,0
334,PD0846-C,1125-PF-TH-NOSTEN,Thailand,Strict,XGBoost,5,0,0.48231929540634155,0
335,PD0847-C,1125-PF-TH-NOSTEN,Thailand,Strict,XGBoost,5,0,0.6998709440231323,1
336,PD0848-C,1125-PF-TH-NOSTEN,Thailand,Strict,XGBoost,5,0,0.3595743477344513,0
337,PD0849-C,1125-PF-TH-NOSTEN,Thailand,Strict,XGBoost,5,0,0.35074347257614136,0
338,PD0851-C,1125-PF-TH-NOSTEN,Thailand,Strict,XGBoost,5,0,0.3101230561733246,0
339,PD0852-C,1125-PF-TH-NOSTEN,Thailand,Strict,XGBoost,5,0,0.29829418659210205,0
340,PD0853-C,1125-PF-TH-NOSTEN,Thailand,Strict,XGBoost,5,0,0.3509782552719116,0
341,PD0854-C,1125-PF-TH-NOSTEN,Thailand,Strict,XGBoost,5,0,0.4035671353340149,0
342,PD0855-C,1125-PF-TH-NOSTEN,Thailand,Strict,XGBoost,5,0,0.2613930404186249,0
343,PD0856-C,1125-PF-TH-NOSTEN,Thailand,Strict,XGBoost,5,0,0.38073670864105225,0
344,PD0857-C,1125-PF-TH-NOSTEN,Thailand,Strict,XGBoost,5,0,0.7420122027397156,1
345,PD0858-C,1125-PF-TH-NOSTEN,Thailand,Strict,XGBoost,5,0,0.2657409906387329,0
346,PD0859-C,1125-PF-TH-NOSTEN,Thailand,Strict,XGBoost,5,0,0.2347930669784546,0
347,PD0860-C,1125-PF-TH-NOSTEN,Thailand,Strict,XGBoost,5,0,0.6558414697647095,1
348,PD0861-C,1125-PF-TH-NOSTEN,Thailand,Strict,XGBoost,5,0,0.33218860626220703,0
349,PD0862-C,1125-PF-TH-NOSTEN,Thailand,Strict,XGBoost,5,0,0.6330038905143738,1
350,PD0863-C,1125-PF-TH-NOSTEN,Thailand,Strict,XGBoost,5,0,0.27758973836898804,0
351,PD0864-C,1125-PF-TH-NOSTEN,Thailand,Strict,XGBoost,5,0,0.4231189787387848,0
352,PD0867-C,1125-PF-TH-NOSTEN,Thailand,Strict,XGBoost,5,1,0.357189416885376,0
353,PD0869-C,1125-PF-TH-NOSTEN,Thailand,Strict,XGBoost,5,0,0.23359407484531403,0
354,PD0870-C,1125-PF-TH-NOSTEN,Thailand,Strict,XGBoost,5,1,0.2567927837371826,0
355,PD0871-C,1125-PF-TH-NOSTEN,Thailand,Strict,XGBoost,5,0,0.4190940260887146,0
356,PD0872-C,1125-PF-TH-NOSTEN,Thailand,Strict,XGBoost,5,1,0.7401397228240967,1
357,PD0873-C,1125-PF-TH-NOSTEN,Thailand,Strict,XGBoost,5,1,0.7687633633613586,1
358,PD0874-C,1125-PF-TH-NOSTEN,Thailand,Strict,XGBoost,5,1,0.7655135989189148,1
359,PD0875-C,1125-PF-TH-NOSTEN,Thailand,Strict,XGBoost,5,1,0.5515465140342712,1
360,PD0876-C,1125-PF-TH-NOSTEN,Thailand,Strict,XGBoost,5,1,0.81173175573349,1
361,PD0877-C,1125-PF-TH-NOSTEN,Thailand,Strict,XGBoost,5,1,0.1344592273235321,0
362,PD0878-C,1125-PF-TH-NOSTEN,Thailand,Strict,XGBoost,5,1,0.3656861186027527,0
363,PD0879-C,1125-PF-TH-NOSTEN,Thailand,Strict,XGBoost,5,1,0.3656861186027527,0
364,PD0881-C,1125-PF-TH-NOSTEN,Thailand,Strict,XGBoost,5,0,0.22773797810077667,0
365,PD0882-C,1125-PF-TH-NOSTEN,Thailand,Strict,XGBoost,5,0,0.4098593294620514,0
366,PD0883-C,1125-PF-TH-NOSTEN,Thailand,Strict,XGBoost,5,0,0.2989669442176819,0
367,PD0884-C,1125-PF-TH-NOSTEN,Thailand,Strict,XGBoost,5,0,0.15602277219295502,0
368,PD0885-C,1125-PF-TH-NOSTEN,Thailand,Strict,XGBoost,5,0,0.7959250807762146,1
369,PD0886-C,1125-PF-TH-NOSTEN,Thailand,Strict,XGBoost,5,0,0.3550417423248291,0
370,PD0887-C,1125-PF-TH-NOSTEN,Thailand,Strict,XGBoost,5,1,0.5864362716674805,1
371,PD0889-C,1125-PF-TH-NOSTEN,Thailand,Strict,XGBoost,5,0,0.2989669442176819,0
372,PD0890-C,1125-PF-TH-NOSTEN,Thailand,Strict,XGBoost,5,0,0.2002430260181427,0
373,PD0891-C,1125-PF-TH-NOSTEN,Thailand,Strict,XGBoost,5,0,0.42172178626060486,0
374,PD0892-C,1125-PF-TH-NOSTEN,Thailand,Strict,XGBoost,5,0,0.5718554854393005,1
375,PD0894-C,1125-PF-TH-NOSTEN,Thailand,Strict,XGBoost,5,0,0.33832159638404846,0
376,PD0895-C,1125-PF-TH-NOSTEN,Thailand,Strict,XGBoost,5,0,0.28435254096984863,0
377,PD0898-C,1125-PF-TH-NOSTEN,Thailand,Strict,XGBoost,5,1,0.41655081510543823,0
378,PD0901-C,1125-PF-TH-NOSTEN,Thailand,Strict,XGBoost,5,0,0.18995213508605957,0
379,PD0904-C,1125-PF-TH-NOSTEN,Thailand,Strict,XGBoost,5,0,0.357773095369339,0
380,PD0905-C,1125-PF-TH-NOSTEN,Thailand,Strict,XGBoost,5,0,0.3368600010871887,0
381,PD0906-C,1125-PF-TH-NOSTEN,Thailand,Strict,XGBoost,5,0,0.6166663765907288,1
382,PD0907-C,1125-PF-TH-NOSTEN,Thailand,Strict,XGBoost,5,0,0.33768707513809204,0
383,PD0908-C,1125-PF-TH-NOSTEN,Thailand,Strict,XGBoost,5,0,0.35246744751930237,0
384,PD0909-C,1125-PF-TH-NOSTEN,Thailand,Strict,XGBoost,5,0,0.5114642977714539,1
385,PD0910-C,1125-PF-TH-NOSTEN,Thailand,Strict,XGBoost,5,0,0.5718554854393005,1
386,PD0913-C,1125-PF-TH-NOSTEN,Thailand,Strict,XGBoost,5,1,0.5718554854393005,1
387,PD0914-C,1125-PF-TH-NOSTEN,Thailand,Strict,XGBoost,5,0,0.774648129940033,1
388,PD0915-C,1125-PF-TH-NOSTEN,Thailand,Strict,XGBoost,5,0,0.16844457387924194,0
389,PD0916-C,1125-PF-TH-NOSTEN,Thailand,Strict,XGBoost,5,0,0.4679197669029236,0
390,PD0918-C,1125-PF-TH-NOSTEN,Thailand,Strict,XGBoost,5,0,0.6329415440559387,1
391,PD0919-C,1125-PF-TH-NOSTEN,Thailand,Strict,XGBoost,5,0,0.33363041281700134,0
392,PD0920-C,1125-PF-TH-NOSTEN,Thailand,Strict,XGBoost,5,0,0.3019653260707855,0
393,PD0921-C,1125-PF-TH-NOSTEN,Thailand,Strict,XGBoost,5,0,0.441728413105011,0
394,PD0923-C,1125-PF-TH-NOSTEN,Thailand,Strict,XGBoost,5,0,0.6810337901115417,1
395,PD0924-C,1125-PF-TH-NOSTEN,Thailand,Strict,XGBoost,5,1,0.2488986700773239,0
396,PD0925-C,1125-PF-TH-NOSTEN,Thailand,Strict,XGBoost,5,0,0.708879292011261,1
397,PD0926-C,1125-PF-TH-NOSTEN,Thailand,Strict,XGBoost,5,0,0.39018329977989197,0
398,PD0927-C,1125-PF-TH-NOSTEN,Thailand,Strict,XGBoost,5,1,0.4670369625091553,0
399,PD0928-C,1125-PF-TH-NOSTEN,Thailand,Strict,XGBoost,5,1,0.6861768960952759,1
400,PD0929-C,1125-PF-TH-NOSTEN,Thailand,Strict,XGBoost,5,1,0.7856233716011047,1
401,PD0930-C,1125-PF-TH-NOSTEN,Thailand,Strict,XGBoost,5,0,0.3395349979400635,0
402,PD0931-C,1125-PF-TH-NOSTEN,Thailand,Strict,XGBoost,5,1,0.39018329977989197,0
403,PD0932-C,1125-PF-TH-NOSTEN,Thailand,Strict,XGBoost,5,1,0.39018329977989197,0
404,PD0933-C,1125-PF-TH-NOSTEN,Thailand,Strict,XGBoost,5,1,0.4670369625091553,0
405,PD0934-C,1125-PF-TH-NOSTEN,Thailand,Strict,XGBoost,5,0,0.5285528302192688,1
406,PD0935-C,1125-PF-TH-NOSTEN,Thailand,Strict,XGBoost,5,0,0.3450867831707001,0
407,PD0936-C,1125-PF-TH-NOSTEN,Thailand,Strict,XGBoost,5,0,0.7730141282081604,1
408,PD0937-C,1125-PF-TH-NOSTEN,Thailand,Strict,XGBoost,5,0,0.6521694660186768,1
409,PD0938-C,1125-PF-TH-NOSTEN,Thailand,Strict,XGBoost,5,0,0.23998811841011047,0
410,PD0939-C,1125-PF-TH-NOSTEN,Thailand,Strict,XGBoost,5,0,0.6515387296676636,1
411,PD0941-C,1125-PF-TH-NOSTEN,Thailand,Strict,XGBoost,5,0,0.6917766332626343,1
412,PD0942-C,1125-PF-TH-NOSTEN,Thailand,Strict,XGBoost,5,0,0.6011070609092712,1
413,PD0944-C,1125-PF-TH-NOSTEN,Thailand,Strict,XGBoost,5,0,0.3595743477344513,0
414,PD0948-C,1125-PF-TH-NOSTEN,Thailand,Strict,XGBoost,5,0,0.3875022232532501,0
415,PD0949-C,1125-PF-TH-NOSTEN,Thailand,Strict,XGBoost,5,0,0.6261095404624939,1
416,PD0950-C,1125-PF-TH-NOSTEN,Thailand,Strict,XGBoost,5,0,0.7415254712104797,1
417,PD0951-C,1125-PF-TH-NOSTEN,Thailand,Strict,XGBoost,5,0,0.6261095404624939,1
418,PD0952-C,1125-PF-TH-NOSTEN,Thailand,Strict,XGBoost,5,0,0.6261095404624939,1
419,PD0953-C,1125-PF-TH-NOSTEN,Thailand,Strict,XGBoost,5,0,0.6544280648231506,1
420,PD0954-C,1125-PF-TH-NOSTEN,Thailand,Strict,XGBoost,5,0,0.6166663765907288,1
421,PD0955-C,1125-PF-TH-NOSTEN,Thailand,Strict,XGBoost,5,0,0.7642041444778442,1
422,PD0956-C,1125-PF-TH-NOSTEN,Thailand,Strict,XGBoost,5,0,0.5855997204780579,1
423,PD0957-C,1125-PF-TH-NOSTEN,Thailand,Strict,XGBoost,5,0,0.36394330859184265,0
424,PD0958-C,1125-PF-TH-NOSTEN,Thailand,Strict,XGBoost,5,0,0.7690766453742981,1
425,PD0959-C,1125-PF-TH-NOSTEN,Thailand,Strict,XGBoost,5,0,0.6011070609092712,1
426,PD0961-C,1125-PF-TH-NOSTEN,Thailand,Strict,XGBoost,5,0,0.4689362347126007,0
427,PD0962-C,1125-PF-TH-NOSTEN,Thailand,Strict,XGBoost,5,0,0.4477549195289612,0
428,PD0963-C,1125-PF-TH-NOSTEN,Thailand,Strict,XGBoost,5,0,0.7046653032302856,1
429,PD0964-C,1125-PF-TH-NOSTEN,Thailand,Strict,XGBoost,5,0,0.16908834874629974,0
430,PD0966-C,1125-PF-TH-NOSTEN,Thailand,Strict,XGBoost,5,0,0.6166663765907288,1
431,PD0967-C,1125-PF-TH-NOSTEN,Thailand,Strict,XGBoost,5,0,0.5231260657310486,1
432,PD0968-C,1125-PF-TH-NOSTEN,Thailand,Strict,XGBoost,5,0,0.5451785326004028,1
433,PD0969-C,1125-PF-TH-NOSTEN,Thailand,Strict,XGBoost,5,0,0.5260114073753357,1
434,PD0971-C,1125-PF-TH-NOSTEN,Thailand,Strict,XGBoost,5,0,0.66465824842453,1
435,PD0972-C,1125-PF-TH-NOSTEN,Thailand,Strict,XGBoost,5,0,0.3770655393600464,0
436,PD0973-C,1125-PF-TH-NOSTEN,Thailand,Strict,XGBoost,5,0,0.20906013250350952,0
437,PD0974-C,1125-PF-TH-NOSTEN,Thailand,Strict,XGBoost,5,0,0.5645607709884644,1
438,PD0976-C,1125-PF-TH-NOSTEN,Thailand,Strict,XGBoost,5,0,0.5572544932365417,1
439,PD0978-C,1125-PF-TH-NOSTEN,Thailand,Strict,XGBoost,5,0,0.6449471116065979,1
440,PD0979-C,1125-PF-TH-NOSTEN,Thailand,Strict,XGBoost,5,0,0.5645607709884644,1
441,PD0980-C,1125-PF-TH-NOSTEN,Thailand,Strict,XGBoost,5,0,0.2953587770462036,0
442,PD0982-C,1125-PF-TH-NOSTEN,Thailand,Strict,XGBoost,5,1,0.6347134113311768,1
443,PD0983-C,1125-PF-TH-NOSTEN,Thailand,Strict,XGBoost,5,0,0.4407607614994049,0
444,PD0984-C,1125-PF-TH-NOSTEN,Thailand,Strict,XGBoost,5,0,0.22105354070663452,0
445,PD0985-C,1125-PF-TH-NOSTEN,Thailand,Strict,XGBoost,5,0,0.6515387296676636,1
446,PD0986-C,1125-PF-TH-NOSTEN,Thailand,Strict,XGBoost,5,0,0.6608314514160156,1
447,PD0987-C,1125-PF-TH-NOSTEN,Thailand,Strict,XGBoost,5,0,0.3595743477344513,0
448,PD0988-C,1125-PF-TH-NOSTEN,Thailand,Strict,XGBoost,5,0,0.3127630352973938,0
449,PD0989-C,1125-PF-TH-NOSTEN,Thailand,Strict,XGBoost,5,1,0.2492472380399704,0
450,PD0990-C,1125-PF-TH-NOSTEN,Thailand,Strict,XGBoost,5,1,0.33856436610221863,0
451,PD0992-C,1125-PF-TH-NOSTEN,Thailand,Strict,XGBoost,5,0,0.3786188066005707,0
452,PD0994-C,1125-PF-TH-NOSTEN,Thailand,Strict,XGBoost,5,0,0.3311856985092163,0
453,PD0995-C,1125-PF-TH-NOSTEN,Thailand,Strict,XGBoost,5,0,0.542478621006012,1
454,PD0996-C,1125-PF-TH-NOSTEN,Thailand,Strict,XGBoost,5,0,0.2913203239440918,0
455,PD0997-C,1125-PF-TH-NOSTEN,Thailand,Strict,XGBoost,5,0,0.7046653032302856,1
456,PD0998-C,1125-PF-TH-NOSTEN,Thailand,Strict,XGBoost,5,0,0.2962043583393097,0
457,PD1000-C,1125-PF-TH-NOSTEN,Thailand,Strict,XGBoost,5,0,0.6517775654792786,1
458,PD1001-C,1125-PF-TH-NOSTEN,Thailand,Strict,XGBoost,5,1,0.16757462918758392,0
459,PD1004-C,1125-PF-TH-NOSTEN,Thailand,Strict,XGBoost,5,0,0.48759371042251587,0
460,PD1005-C,1125-PF-TH-NOSTEN,Thailand,Strict,XGBoost,5,1,0.46468645334243774,0
461,PD1006-C,1125-PF-TH-NOSTEN,Thailand,Strict,XGBoost,5,0,0.4912209212779999,0
462,PD1007-C,1125-PF-TH-NOSTEN,Thailand,Strict,XGBoost,5,0,0.5718554854393005,1
463,PD1008-C,1125-PF-TH-NOSTEN,Thailand,Strict,XGBoost,5,0,0.491182416677475,0
464,PD1009-C,1125-PF-TH-NOSTEN,Thailand,Strict,XGBoost,5,0,0.4278377592563629,0
465,PD1010-C,1125-PF-TH-NOSTEN,Thailand,Strict,XGBoost,5,0,0.13124534487724304,0
466,PD1011-C,1125-PF-TH-NOSTEN,Thailand,Strict,XGBoost,5,0,0.4477549195289612,0
467,PD1012-C,1125-PF-TH-NOSTEN,Thailand,Strict,XGBoost,5,0,0.34961140155792236,0
468,PD1013-C,1125-PF-TH-NOSTEN,Thailand,Strict,XGBoost,5,0,0.41895973682403564,0
469,PD1014-C,1125-PF-TH-NOSTEN,Thailand,Strict,XGBoost,5,1,0.4850468039512634,0
470,PD1015-C,1125-PF-TH-NOSTEN,Thailand,Strict,XGBoost,5,0,0.6261095404624939,1
471,PD1016-C,1125-PF-TH-NOSTEN,Thailand,Strict,XGBoost,5,0,0.15963810682296753,0
472,PD1017-C,1125-PF-TH-NOSTEN,Thailand,Strict,XGBoost,5,0,0.5718554854393005,1
473,PD1018-C,1125-PF-TH-NOSTEN,Thailand,Strict,XGBoost,5,0,0.5718554854393005,1
474,PD1019-C,1125-PF-TH-NOSTEN,Thailand,Strict,XGBoost,5,0,0.306680291891098,0
475,PD1020-C,1125-PF-TH-NOSTEN,Thailand,Strict,XGBoost,5,0,0.37507277727127075,0
476,PD1021-C,1125-PF-TH-NOSTEN,Thailand,Strict,XGBoost,5,0,0.6671324968338013,1
477,PD1023-C,1125-PF-TH-NOSTEN,Thailand,Strict,XGBoost,5,0,0.473837673664093,0
478,PD1024-C,1125-PF-TH-NOSTEN,Thailand,Strict,XGBoost,5,0,0.6166663765907288,1
479,PD1026-C,1125-PF-TH-NOSTEN,Thailand,Strict,XGBoost,5,0,0.6442517638206482,1
480,PD1027-C,1125-PF-TH-NOSTEN,Thailand,Strict,XGBoost,5,0,0.7046653032302856,1
481,PD1028-C,1125-PF-TH-NOSTEN,Thailand,Strict,XGBoost,5,0,0.668825626373291,1
482,PD1029-C,1125-PF-TH-NOSTEN,Thailand,Strict,XGBoost,5,0,0.5718554854393005,1
483,PD1030-C,1125-PF-TH-NOSTEN,Thailand,Strict,XGBoost,5,0,0.5864362716674805,1
484,PD1031-C,1125-PF-TH-NOSTEN,Thailand,Strict,XGBoost,5,1,0.48231929540634155,0
485,PD1032-C,1125-PF-TH-NOSTEN,Thailand,Strict,XGBoost,5,0,0.16908834874629974,0
486,PD1033-C,1125-PF-TH-NOSTEN,Thailand,Strict,XGBoost,5,0,0.6143367290496826,1
487,PD1034-C,1125-PF-TH-NOSTEN,Thailand,Strict,XGBoost,5,0,0.5718554854393005,1
488,PD1036-C,1125-PF-TH-NOSTEN,Thailand,Strict,XGBoost,5,0,0.12938609719276428,0
489,PD1037-C,1125-PF-TH-NOSTEN,Thailand,Strict,XGBoost,5,0,0.5370117425918579,1
490,PD1038-C,1125-PF-TH-NOSTEN,Thailand,Strict,XGBoost,5,0,0.4988976716995239,0
491,PD1039-C,1125-PF-TH-NOSTEN,Thailand,Strict,XGBoost,5,0,0.4734691381454468,0
492,PD1040-C,1125-PF-TH-NOSTEN,Thailand,Strict,XGBoost,5,0,0.473837673664093,0
493,PD1042-C,1125-PF-TH-NOSTEN,Thailand,Strict,XGBoost,5,0,0.6629545092582703,1
494,PD1043-C,1125-PF-TH-NOSTEN,Thailand,Strict,XGBoost,5,0,0.6303539872169495,1
495,PD1044-C,1125-PF-TH-NOSTEN,Thailand,Strict,XGBoost,5,0,0.35246744751930237,0
496,PD1045-C,1125-PF-TH-NOSTEN,Thailand,Strict,XGBoost,5,0,0.56902015209198,1
497,PD1046-C,1125-PF-TH-NOSTEN,Thailand,Strict,XGBoost,5,0,0.3673321604728699,0
498,PD1047-C,1125-PF-TH-NOSTEN,Thailand,Strict,XGBoost,5,0,0.2958778142929077,0
499,PD1048-C,1125-PF-TH-NOSTEN,Thailand,Strict,XGBoost,5,0,0.5588445067405701,1
500,PD1049-C,1125-PF-TH-NOSTEN,Thailand,Strict,XGBoost,5,1,0.6355996131896973,1
501,PD1050-C,1125-PF-TH-NOSTEN,Thailand,Strict,XGBoost,5,0,0.6481497287750244,1
502,PD1051-C,1125-PF-TH-NOSTEN,Thailand,Strict,XGBoost,5,0,0.774648129940033,1
503,PD1052-C,1125-PF-TH-NOSTEN,Thailand,Strict,XGBoost,5,0,0.3839099109172821,0
504,PD1053-C,1125-PF-TH-NOSTEN,Thailand,Strict,XGBoost,5,0,0.7372815608978271,1
505,PD1054-C,1125-PF-TH-NOSTEN,Thailand,Strict,XGBoost,5,0,0.7940376400947571,1
506,PD1056-C,1125-PF-TH-NOSTEN,Thailand,Strict,XGBoost,5,0,0.263254851102829,0
507,PD1059-C,1125-PF-TH-NOSTEN,Thailand,Strict,XGBoost,5,1,0.19636571407318115,0
508,PD1060-C,1125-PF-TH-NOSTEN,Thailand,Strict,XGBoost,5,1,0.3804919123649597,0
509,PD1061-C,1125-PF-TH-NOSTEN,Thailand,Strict,XGBoost,5,0,0.5319678783416748,1
510,PD1062-C,1125-PF-TH-NOSTEN,Thailand,Strict,XGBoost,5,0,0.40002942085266113,0
511,PD1064-C,1125-PF-TH-NOSTEN,Thailand,Strict,XGBoost,5,0,0.49167391657829285,0
512,PD1065-C,1125-PF-TH-NOSTEN,Thailand,Strict,XGBoost,5,0,0.1475568264722824,0
513,PD1066-C,1125-PF-TH-NOSTEN,Thailand,Strict,XGBoost,5,0,0.18579697608947754,0
514,PD1068-C,1125-PF-TH-NOSTEN,Thailand,Strict,XGBoost,5,0,0.17647415399551392,0
515,PD1069-C,1125-PF-TH-NOSTEN,Thailand,Strict,XGBoost,5,0,0.16397379338741302,0
516,PD1072-C,1125-PF-TH-NOSTEN,Thailand,Strict,XGBoost,5,0,0.346717894077301,0
517,PD1073-C,1125-PF-TH-NOSTEN,Thailand,Strict,XGBoost,5,0,0.774648129940033,1
518,PD1074-C,1125-PF-TH-NOSTEN,Thailand,Strict,XGBoost,5,0,0.24394747614860535,0
519,PD1075-C,1125-PF-TH-NOSTEN,Thailand,Strict,XGBoost,5,0,0.6671324968338013,1
520,PD1076-C,1125-PF-TH-NOSTEN,Thailand,Strict,XGBoost,5,0,0.11594180017709732,0
521,PD1077-C,1125-PF-TH-NOSTEN,Thailand,Strict,XGBoost,5,0,0.573305606842041,1
522,PD1078-C,1125-PF-TH-NOSTEN,Thailand,Strict,XGBoost,5,0,0.49533024430274963,0
523,PD1079-C,1125-PF-TH-NOSTEN,Thailand,Strict,XGBoost,5,0,0.4404148459434509,0
524,PD1081-C,1125-PF-TH-NOSTEN,Thailand,Strict,XGBoost,5,0,0.3866007924079895,0
525,PD1082-C,1125-PF-TH-NOSTEN,Thailand,Strict,XGBoost,5,0,0.6261095404624939,1
526,PD1083-C,1125-PF-TH-NOSTEN,Thailand,Strict,XGBoost,5,0,0.20333577692508698,0
527,PD1084-C,1125-PF-TH-NOSTEN,Thailand,Strict,XGBoost,5,0,0.41698792576789856,0
528,PD1086-C,1125-PF-TH-NOSTEN,Thailand,Strict,XGBoost,5,0,0.6714679598808289,1
529,PD1087-C,1125-PF-TH-NOSTEN,Thailand,Strict,XGBoost,5,0,0.36506378650665283,0
530,PD1088-C,1125-PF-TH-NOSTEN,Thailand,Strict,XGBoost,5,0,0.6261095404624939,1
531,PD1090-C,1125-PF-TH-NOSTEN,Thailand,Strict,XGBoost,5,0,0.2958778142929077,0
532,PD1091-C,1125-PF-TH-NOSTEN,Thailand,Strict,XGBoost,5,1,0.6347134113311768,1
533,PD1092-C,1125-PF-TH-NOSTEN,Thailand,Strict,XGBoost,5,0,0.6355996131896973,1
534,PD1093-C,1125-PF-TH-NOSTEN,Thailand,Strict,XGBoost,5,0,0.6261095404624939,1
535,PD1095-C,1125-PF-TH-NOSTEN,Thailand,Strict,XGBoost,5,1,0.16198889911174774,0
536,PD1096-C,1125-PF-TH-NOSTEN,Thailand,Strict,XGBoost,5,1,0.5978558659553528,1
537,PD1097-C,1125-PF-TH-NOSTEN,Thailand,Strict,XGBoost,5,0,0.38758254051208496,0
538,PD1099-C,1125-PF-TH-NOSTEN,Thailand,Strict,XGBoost,5,0,0.15133537352085114,0
539,PD1100-C,1125-PF-TH-NOSTEN,Thailand,Strict,XGBoost,5,0,0.6261095404624939,1
540,PD1101-C,1125-PF-TH-NOSTEN,Thailand,Strict,XGBoost,5,0,0.7609103322029114,1
541,PD1102-C,1125-PF-TH-NOSTEN,Thailand,Strict,XGBoost,5,0,0.5064340829849243,1
542,PD1103-C,1125-PF-TH-NOSTEN,Thailand,Strict,XGBoost,5,0,0.6217085719108582,1
543,PD1104-C,1125-PF-TH-NOSTEN,Thailand,Strict,XGBoost,5,0,0.33516407012939453,0
544,PD1105-C,1125-PF-TH-NOSTEN,Thailand,Strict,XGBoost,5,0,0.6261095404624939,1
545,PD1106-C,1125-PF-TH-NOSTEN,Thailand,Strict,XGBoost,5,0,0.5645607709884644,1
546,PD1107-C,1125-PF-TH-NOSTEN,Thailand,Strict,XGBoost,5,0,0.48903459310531616,0
547,PD1108-C,1125-PF-TH-NOSTEN,Thailand,Strict,XGBoost,5,0,0.5077816843986511,1
548,PD1109-C,1125-PF-TH-NOSTEN,Thailand,Strict,XGBoost,5,0,0.3509782552719116,0
549,PD1110-C,1125-PF-TH-NOSTEN,Thailand,Strict,XGBoost,5,0,0.3148213028907776,0
550,PD1111-C,1125-PF-TH-NOSTEN,Thailand,Strict,XGBoost,5,0,0.6177529096603394,1
551,PD1112-C,1125-PF-TH-NOSTEN,Thailand,Strict,XGBoost,5,1,0.46468645334243774,0
552,PD1113-C,1125-PF-TH-NOSTEN,Thailand,Strict,XGBoost,5,0,0.42243534326553345,0
553,PD1114-C,1125-PF-TH-NOSTEN,Thailand,Strict,XGBoost,5,1,0.5071277618408203,1
554,PD1116-C,1125-PF-TH-NOSTEN,Thailand,Strict,XGBoost,5,0,0.6671324968338013,1
555,PD1117-C,1125-PF-TH-NOSTEN,Thailand,Strict,XGBoost,5,0,0.22148483991622925,0
556,PD1118-C,1125-PF-TH-NOSTEN,Thailand,Strict,XGBoost,5,0,0.4571855068206787,0
557,PD1119-C,1125-PF-TH-NOSTEN,Thailand,Strict,XGBoost,5,0,0.2989669442176819,0
558,PD1120-C,1125-PF-TH-NOSTEN,Thailand,Strict,XGBoost,5,0,0.4370006322860718,0
559,PD1121-C,1125-PF-TH-NOSTEN,Thailand,Strict,XGBoost,5,0,0.7000864148139954,1
560,PD1122-C,1125-PF-TH-NOSTEN,Thailand,Strict,XGBoost,5,0,0.7952499985694885,1
561,PD1124-C,1125-PF-TH-NOSTEN,Thailand,Strict,XGBoost,5,0,0.45101720094680786,0
562,PD1125-C,1125-PF-TH-NOSTEN,Thailand,Strict,XGBoost,5,0,0.6166663765907288,1
563,PD1127-C,1125-PF-TH-NOSTEN,Thailand,Strict,XGBoost,5,1,0.612223207950592,1
564,PD1128-C,1125-PF-TH-NOSTEN,Thailand,Strict,XGBoost,5,0,0.43343278765678406,0
565,PD1129-C,1125-PF-TH-NOSTEN,Thailand,Strict,XGBoost,5,0,0.11813253164291382,0
566,PD1130-C,1125-PF-TH-NOSTEN,Thailand,Strict,XGBoost,5,0,0.6347134113311768,1
567,PD1131-C,1125-PF-TH-NOSTEN,Thailand,Strict,XGBoost,5,0,0.6131396889686584,1
568,PD1133-C,1125-PF-TH-NOSTEN,Thailand,Strict,XGBoost,5,0,0.4123449921607971,0
569,PD1134-C,1125-PF-TH-NOSTEN,Thailand,Strict,XGBoost,5,0,0.8169180750846863,1
570,PD1135-C,1125-PF-TH-NOSTEN,Thailand,Strict,XGBoost,5,0,0.49523982405662537,0
571,PD1136-C,1125-PF-TH-NOSTEN,Thailand,Strict,XGBoost,5,0,0.4324216842651367,0
572,PD1137-C,1125-PF-TH-NOSTEN,Thailand,Strict,XGBoost,5,0,0.7278838157653809,1
573,PD1138-C,1125-PF-TH-NOSTEN,Thailand,Strict,XGBoost,5,0,0.4778267443180084,0
574,PD1139-C,1125-PF-TH-NOSTEN,Thailand,Strict,XGBoost,5,0,0.20773394405841827,0
575,PD1140-C,1125-PF-TH-NOSTEN,Thailand,Strict,XGBoost,5,0,0.7144783735275269,1
576,PD1141-C,1125-PF-TH-NOSTEN,Thailand,Strict,XGBoost,5,0,0.6921976208686829,1
577,PD1142-C,1125-PF-TH-NOSTEN,Thailand,Strict,XGBoost,5,0,0.5159909129142761,1
578,PD1143-C,1125-PF-TH-NOSTEN,Thailand,Strict,XGBoost,5,0,0.8610231876373291,1
579,PD1144-C,1125-PF-TH-NOSTEN,Thailand,Strict,XGBoost,5,0,0.5223166346549988,1
580,PD1145-C,1125-PF-TH-NOSTEN,Thailand,Strict,XGBoost,5,1,0.5464901924133301,1
581,PD1146-C,1125-PF-TH-NOSTEN,Thailand,Strict,XGBoost,5,0,0.5703586935997009,1
582,PD1147-C,1125-PF-TH-NOSTEN,Thailand,Strict,XGBoost,5,0,0.3014759123325348,0
583,PD1148-C,1125-PF-TH-NOSTEN,Thailand,Strict,XGBoost,5,0,0.3564305305480957,0
584,PD1149-C,1125-PF-TH-NOSTEN,Thailand,Strict,XGBoost,5,0,0.7139157652854919,1
585,PD1150-C,1125-PF-TH-NOSTEN,Thailand,Strict,XGBoost,5,0,0.3014759123325348,0
586,PD1151-C,1125-PF-TH-NOSTEN,Thailand,Strict,XGBoost,5,0,0.5298423767089844,1
587,PD1153-C,1125-PF-TH-NOSTEN,Thailand,Strict,XGBoost,5,0,0.7316340208053589,1
588,PD1155-C,1125-PF-TH-NOSTEN,Thailand,Strict,XGBoost,5,1,0.24888454377651215,0
589,PD1156-C,1125-PF-TH-NOSTEN,Thailand,Strict,XGBoost,5,0,0.8116705417633057,1
590,PD1157-C,1125-PF-TH-NOSTEN,Thailand,Strict,XGBoost,5,0,0.7879489064216614,1
591,PD1158-C,1125-PF-TH-NOSTEN,Thailand,Strict,XGBoost,5,0,0.7784264087677002,1
592,PD1159-C,1125-PF-TH-NOSTEN,Thailand,Strict,XGBoost,5,0,0.9119866490364075,1
593,PD1160-C,1125-PF-TH-NOSTEN,Thailand,Strict,XGBoost,5,1,0.8498071432113647,1
594,PD1161-C,1125-PF-TH-NOSTEN,Thailand,Strict,XGBoost,5,0,0.4910886883735657,0
595,PD1162-C,1125-PF-TH-NOSTEN,Thailand,Strict,XGBoost,5,0,0.758076548576355,1
596,PD1163-C,1125-PF-TH-NOSTEN,Thailand,Strict,XGBoost,5,0,0.4353076219558716,0
597,PD1164-C,1125-PF-TH-NOSTEN,Thailand,Strict,XGBoost,5,1,0.7700896859169006,1
598,PD1165-C,1125-PF-TH-NOSTEN,Thailand,Strict,XGBoost,5,1,0.8605972528457642,1
599,PD1166-C,1125-PF-TH-NOSTEN,Thailand,Strict,XGBoost,5,0,0.1331237405538559,0
600,PD1167-C,1125-PF-TH-NOSTEN,Thailand,Strict,XGBoost,5,1,0.3505328893661499,0
601,PD1168-C,1125-PF-TH-NOSTEN,Thailand,Strict,XGBoost,5,0,0.711891770362854,1
602,PD1169-C,1125-PF-TH-NOSTEN,Thailand,Strict,XGBoost,5,0,0.857840895652771,1
603,PD1170-C,1125-PF-TH-NOSTEN,Thailand,Strict,XGBoost,5,0,0.3562389612197876,0
604,PD1171-C,1125-PF-TH-NOSTEN,Thailand,Strict,XGBoost,5,0,0.796922504901886,1
605,PD1173-C,1125-PF-TH-NOSTEN,Thailand,Strict,XGBoost,5,1,0.7278406620025635,1
606,PD1174-C,1125-PF-TH-NOSTEN,Thailand,Strict,XGBoost,5,1,0.711891770362854,1
607,PD1175-C,1125-PF-TH-NOSTEN,Thailand,Strict,XGBoost,5,0,0.369581937789917,0
608,PD1176-C,1125-PF-TH-NOSTEN,Thailand,Strict,XGBoost,5,0,0.6285197734832764,1
609,PD1177-C,1125-PF-TH-NOSTEN,Thailand,Strict,XGBoost,5,0,0.35203948616981506,0
610,PD1178-C,1125-PF-TH-NOSTEN,Thailand,Strict,XGBoost,5,1,0.3656861186027527,0
611,PD1179-C,1125-PF-TH-NOSTEN,Thailand,Strict,XGBoost,5,0,0.7486474514007568,1
612,PD1180-C,1125-PF-TH-NOSTEN,Thailand,Strict,XGBoost,5,0,0.7273195385932922,1
613,PD1181-C,1125-PF-TH-NOSTEN,Thailand,Strict,XGBoost,5,0,0.3938031792640686,0
614,PD1182-C,1125-PF-TH-NOSTEN,Thailand,Strict,XGBoost,5,1,0.7401397228240967,1
615,PD1183-C,1125-PF-TH-NOSTEN,Thailand,Strict,XGBoost,5,0,0.4214668571949005,0
616,PD1184-C,1125-PF-TH-NOSTEN,Thailand,Strict,XGBoost,5,0,0.6893184781074524,1
617,PD1185-C,1125-PF-TH-NOSTEN,Thailand,Strict,XGBoost,5,1,0.7666879296302795,1
618,PD1187-C,1125-PF-TH-NOSTEN,Thailand,Strict,XGBoost,5,1,0.35913100838661194,0
619,PD1188-C,1125-PF-TH-NOSTEN,Thailand,Strict,XGBoost,5,1,0.7602940797805786,1
620,PD1189-C,1125-PF-TH-NOSTEN,Thailand,Strict,XGBoost,5,0,0.4670369625091553,0
621,PD1190-C,1125-PF-TH-NOSTEN,Thailand,Strict,XGBoost,5,1,0.7777467966079712,1
622,PD1191-C,1125-PF-TH-NOSTEN,Thailand,Strict,XGBoost,5,1,0.3858739137649536,0
623,PD1192-C,1125-PF-TH-NOSTEN,Thailand,Strict,XGBoost,5,0,0.42993098497390747,0
624,PD1193-C,1125-PF-TH-NOSTEN,Thailand,Strict,XGBoost,5,1,0.711891770362854,1
625,PD1194-C,1125-PF-TH-NOSTEN,Thailand,Strict,XGBoost,5,1,0.9119866490364075,1
626,PD1195-C,1125-PF-TH-NOSTEN,Thailand,Strict,XGBoost,5,1,0.4353076219558716,0
627,PD1197-C,1125-PF-TH-NOSTEN,Thailand,Strict,XGBoost,5,1,0.631492018699646,1
628,PD1198-C,1125-PF-TH-NOSTEN,Thailand,Strict,XGBoost,5,1,0.44567257165908813,0
629,PD1199-C,1125-PF-TH-NOSTEN,Thailand,Strict,XGBoost,5,1,0.7777467966079712,1
630,PD1200-C,1125-PF-TH-NOSTEN,Thailand,Strict,XGBoost,5,1,0.7777467966079712,1
631,PD1202-C,1125-PF-TH-NOSTEN,Thailand,Strict,XGBoost,5,1,0.7856233716011047,1
632,PD1203-C,1125-PF-TH-NOSTEN,Thailand,Strict,XGBoost,5,1,0.7777467966079712,1
633,PD1204-C,1125-PF-TH-NOSTEN,Thailand,Strict,XGBoost,5,1,0.47007253766059875,0
634,PD1205-C,1125-PF-TH-NOSTEN,Thailand,Strict,XGBoost,5,1,0.5822675228118896,1
635,PD1206-C,1125-PF-TH-NOSTEN,Thailand,Strict,XGBoost,5,1,0.7777467966079712,1
636,PD1208-C,1125-PF-TH-NOSTEN,Thailand,Strict,XGBoost,5,1,0.8284570574760437,1
637,PD1209-C,1125-PF-TH-NOSTEN,Thailand,Strict,XGBoost,5,0,0.3562389612197876,0
638,PD1210-C,1125-PF-TH-NOSTEN,Thailand,Strict,XGBoost,5,1,0.7540386319160461,1
639,PD1211-C,1125-PF-TH-NOSTEN,Thailand,Strict,XGBoost,5,1,0.7856233716011047,1
640,PD1212-C,1125-PF-TH-NOSTEN,Thailand,Strict,XGBoost,5,1,0.7540386319160461,1
641,PD1213-C,1125-PF-TH-NOSTEN,Thailand,Strict,XGBoost,5,1,0.7777467966079712,1
642,PD1214-C,1125-PF-TH-NOSTEN,Thailand,Strict,XGBoost,5,1,0.8605972528457642,1
643,PD1215-C,1125-PF-TH-NOSTEN,Thailand,Strict,XGBoost,5,1,0.7540386319160461,1
644,PD1216-C,1125-PF-TH-NOSTEN,Thailand,Strict,XGBoost,5,0,0.3157122731208801,0
645,PD1217-C,1125-PF-TH-NOSTEN,Thailand,Strict,XGBoost,5,1,0.3632836639881134,0
646,PD1218-C,1125-PF-TH-NOSTEN,Thailand,Strict,XGBoost,5,1,0.7614069581031799,1
647,PD1219-C,1125-PF-TH-NOSTEN,Thailand,Strict,XGBoost,5,1,0.7614069581031799,1
648,PD1220-C,1125-PF-TH-NOSTEN,Thailand,Strict,XGBoost,5,0,0.5587503910064697,1
649,PD1221-C,1125-PF-TH-NOSTEN,Thailand,Strict,XGBoost,5,1,0.7614069581031799,1
650,PD1222-C,1125-PF-TH-NOSTEN,Thailand,Strict,XGBoost,5,1,0.7540386319160461,1
651,PD1223-C,1125-PF-TH-NOSTEN,Thailand,Strict,XGBoost,5,1,0.47007253766059875,0
652,PD1224-C,1125-PF-TH-NOSTEN,Thailand,Strict,XGBoost,5,1,0.7777467966079712,1
653,PD1225-C,1125-PF-TH-NOSTEN,Thailand,Strict,XGBoost,5,1,0.7777467966079712,1
654,PD1226-C,1125-PF-TH-NOSTEN,Thailand,Strict,XGBoost,5,1,0.7777467966079712,1
655,PD1227-C,1125-PF-TH-NOSTEN,Thailand,Strict,XGBoost,5,1,0.8594151735305786,1
656,PD1228-C,1125-PF-TH-NOSTEN,Thailand,Strict,XGBoost,5,1,0.6861768960952759,1
657,PD1229-C,1125-PF-TH-NOSTEN,Thailand,Strict,XGBoost,5,1,0.7614069581031799,1
658,PD1230-C,1125-PF-TH-NOSTEN,Thailand,Strict,XGBoost,5,1,0.8594151735305786,1
659,PD1231-C,1125-PF-TH-NOSTEN,Thailand,Strict,XGBoost,5,1,0.7614069581031799,1
660,PD1232-C,1125-PF-TH-NOSTEN,Thailand,Strict,XGBoost,5,1,0.7540386319160461,1
661,PD1233-C,1125-PF-TH-NOSTEN,Thailand,Strict,XGBoost,5,1,0.7614069581031799,1
662,PD1234-C,1125-PF-TH-NOSTEN,Thailand,Strict,XGBoost,5,1,0.7614069581031799,1
663,PD1236-C,1125-PF-TH-NOSTEN,Thailand,Strict,XGBoost,5,1,0.7191497087478638,1
664,PD1239-C,1125-PF-TH-NOSTEN,Thailand,Strict,XGBoost,5,1,0.3656861186027527,0
665,PD1240-C,1125-PF-TH-NOSTEN,Thailand,Strict,XGBoost,5,1,0.8605972528457642,1
666,PD1241-C,1125-PF-TH-NOSTEN,Thailand,Strict,XGBoost,5,1,0.3632836639881134,0
667,PD1243-C,1125-PF-TH-NOSTEN,Thailand,Strict,XGBoost,5,1,0.8605972528457642,1
668,PD1244-C,1125-PF-TH-NOSTEN,Thailand,Strict,XGBoost,5,1,0.3632836639881134,0
669,PD1246-C,1125-PF-TH-NOSTEN,Thailand,Strict,XGBoost,5,1,0.7520419955253601,1
670,PD1247-C,1125-PF-TH-NOSTEN,Thailand,Strict,XGBoost,5,1,0.7777467966079712,1
671,PD1249-C,1125-PF-TH-NOSTEN,Thailand,Strict,XGBoost,5,1,0.7614069581031799,1
672,PD1250-C,1125-PF-TH-NOSTEN,Thailand,Strict,XGBoost,5,1,0.7777467966079712,1
673,PD1251-C,1125-PF-TH-NOSTEN,Thailand,Strict,XGBoost,5,1,0.8605972528457642,1
674,PD1252-C,1125-PF-TH-NOSTEN,Thailand,Strict,XGBoost,5,0,0.0348232239484787,0
675,PD1253-C,1125-PF-TH-NOSTEN,Thailand,Strict,XGBoost,5,0,0.035459134727716446,0
676,PD1254-C,1125-PF-TH-NOSTEN,Thailand,Strict,XGBoost,5,0,0.0501287542283535,0
677,PD1255-C,1125-PF-TH-NOSTEN,Thailand,Strict,XGBoost,5,0,0.12265564501285553,0
678,PD1256-C,1125-PF-TH-NOSTEN,Thailand,Strict,XGBoost,5,0,0.04209714010357857,0
679,PD1257-C,1125-PF-TH-NOSTEN,Thailand,Strict,XGBoost,5,0,0.01914520189166069,0
680,PD1258-C,1125-PF-TH-NOSTEN,Thailand,Strict,XGBoost,5,0,0.03395325690507889,0
681,PD1260-C,1125-PF-TH-NOSTEN,Thailand,Strict,XGBoost,5,0,0.014637366868555546,0
682,PD1261-C,1125-PF-TH-NOSTEN,Thailand,Strict,XGBoost,5,0,0.04816805571317673,0
683,PD1262-C,1125-PF-TH-NOSTEN,Thailand,Strict,XGBoost,5,0,0.06608633697032928,0
684,PD1263-C,1125-PF-TH-NOSTEN,Thailand,Strict,XGBoost,5,0,0.08168263733386993,0
685,PD1264-C,1125-PF-TH-NOSTEN,Thailand,Strict,XGBoost,5,0,0.04706646502017975,0
686,PD1265-C,1125-PF-TH-NOSTEN,Thailand,Strict,XGBoost,5,0,0.024598943069577217,0
687,PD1266-C,1125-PF-TH-NOSTEN,Thailand,Strict,XGBoost,5,0,0.1390618532896042,0
688,PD1267-C,1125-PF-TH-NOSTEN,Thailand,Strict,XGBoost,5,0,0.01903231255710125,0
689,PD1269-C,1125-PF-TH-NOSTEN,Thailand,Strict,XGBoost,5,0,0.02872616983950138,0
690,PD1270-C,1125-PF-TH-NOSTEN,Thailand,Strict,XGBoost,5,0,0.04170968011021614,0
691,PD1271-C,1125-PF-TH-NOSTEN,Thailand,Strict,XGBoost,5,0,0.09945829957723618,0
692,PD1273-C,1125-PF-TH-NOSTEN,Thailand,Strict,XGBoost,5,0,0.03526628017425537,0
693,PD1274-C,1125-PF-TH-NOSTEN,Thailand,Strict,XGBoost,5,0,0.026885736733675003,0
694,PD1276-C,1125-PF-TH-NOSTEN,Thailand,Strict,XGBoost,5,0,0.019735679030418396,0
695,PD1277-C,1125-PF-TH-NOSTEN,Thailand,Strict,XGBoost,5,0,0.07166232168674469,0
696,PD1278-C,1125-PF-TH-NOSTEN,Thailand,Strict,XGBoost,5,0,0.07914657890796661,0
697,PD1279-C,1125-PF-TH-NOSTEN,Thailand,Strict,XGBoost,5,0,0.02149488776922226,0
698,PD1280-C,1125-PF-TH-NOSTEN,Thailand,Strict,XGBoost,5,0,0.0647445097565651,0
699,PD1281-C,1125-PF-TH-NOSTEN,Thailand,Strict,XGBoost,5,0,0.036651935428380966,0
700,PD1282-C,1125-PF-TH-NOSTEN,Thailand,Strict,XGBoost,5,0,0.01491583976894617,0
701,PD1283-C,1125-PF-TH-NOSTEN,Thailand,Strict,XGBoost,5,0,0.0341954380273819,0
702,PD1284-C,1125-PF-TH-NOSTEN,Thailand,Strict,XGBoost,5,0,0.050398364663124084,0
703,PD1285-C,1125-PF-TH-NOSTEN,Thailand,Strict,XGBoost,5,0,0.06039684638381004,0
704,PD1286-C,1125-PF-TH-NOSTEN,Thailand,Strict,XGBoost,5,0,0.03688111901283264,0
705,PD1288-C,1125-PF-TH-NOSTEN,Thailand,Strict,XGBoost,5,0,0.020380988717079163,0
706,PD1289-C,1125-PF-TH-NOSTEN,Thailand,Strict,XGBoost,5,0,0.03141581267118454,0
707,PD1290-C,1125-PF-TH-NOSTEN,Thailand,Strict,XGBoost,5,0,0.027091117575764656,0
708,PD1291-C,1125-PF-TH-NOSTEN,Thailand,Strict,XGBoost,5,0,0.07962416857481003,0
709,PD1292-C,1125-PF-TH-NOSTEN,Thailand,Strict,XGBoost,5,0,0.029990917071700096,0
710,PD1293-C,1125-PF-TH-NOSTEN,Thailand,Strict,XGBoost,5,0,0.030705654993653297,0
711,PD1294-C,1125-PF-TH-NOSTEN,Thailand,Strict,XGBoost,5,0,0.035413481295108795,0
712,PD1295-C,1125-PF-TH-NOSTEN,Thailand,Strict,XGBoost,5,0,0.04983310028910637,0
713,PD1296-C,1125-PF-TH-NOSTEN,Thailand,Strict,XGBoost,5,0,0.053990475833415985,0
714,PD1297-C,1125-PF-TH-NOSTEN,Thailand,Strict,XGBoost,5,0,0.018443608656525612,0
715,PD1299-C,1125-PF-TH-NOSTEN,Thailand,Strict,XGBoost,5,0,0.03677060827612877,0
716,PD1300-C,1125-PF-TH-NOSTEN,Thailand,Strict,XGBoost,5,0,0.03847980126738548,0
717,PD1301-C,1125-PF-TH-NOSTEN,Thailand,Strict,XGBoost,5,0,0.03970329090952873,0
718,PD1302-C,1125-PF-TH-NOSTEN,Thailand,Strict,XGBoost,5,0,0.03813254460692406,0
719,PD1304-C,1125-PF-TH-NOSTEN,Thailand,Strict,XGBoost,5,0,0.05697164312005043,0
720,PD1305-C,1125-PF-TH-NOSTEN,Thailand,Strict,XGBoost,5,0,0.09095556288957596,0
721,PD1306-C,1125-PF-TH-NOSTEN,Thailand,Strict,XGBoost,5,0,0.07039431482553482,0
722,PD1307-C,1125-PF-TH-NOSTEN,Thailand,Strict,XGBoost,5,0,0.02429763413965702,0
723,PD1308-C,1125-PF-TH-NOSTEN,Thailand,Strict,XGBoost,5,0,0.10318073630332947,0
724,PD1309-C,1125-PF-TH-NOSTEN,Thailand,Strict,XGBoost,5,0,0.027430851012468338,0
725,PD1310-C,1125-PF-TH-NOSTEN,Thailand,Strict,XGBoost,5,0,0.035459134727716446,0
726,PD1311-C,1125-PF-TH-NOSTEN,Thailand,Strict,XGBoost,5,0,0.02986883744597435,0
727,PD1312-C,1125-PF-TH-NOSTEN,Thailand,Strict,XGBoost,5,0,0.0475122332572937,0
728,PD1313-C,1125-PF-TH-NOSTEN,Thailand,Strict,XGBoost,5,0,0.05309731513261795,0
729,PD1314-C,1125-PF-TH-NOSTEN,Thailand,Strict,XGBoost,5,0,0.034976355731487274,0
730,PD1318-C,1125-PF-TH-NOSTEN,Thailand,Strict,XGBoost,5,0,0.04222606122493744,0
731,PD1319-C,1125-PF-TH-NOSTEN,Thailand,Strict,XGBoost,5,0,0.07833914458751678,0
732,PD1322-C,1125-PF-TH-NOSTEN,Thailand,Strict,XGBoost,5,0,0.028897883370518684,0
733,PD1326-C,1125-PF-TH-NOSTEN,Thailand,Strict,XGBoost,5,0,0.034803662449121475,0
734,PD1328-C,1125-PF-TH-NOSTEN,Thailand,Strict,XGBoost,5,0,0.06712216883897781,0
735,PD1329-C,1125-PF-TH-NOSTEN,Thailand,Strict,XGBoost,5,0,0.04411839321255684,0
736,PD1330-C,1125-PF-TH-NOSTEN,Thailand,Strict,XGBoost,5,0,0.035459134727716446,0
737,PD1331-C,1125-PF-TH-NOSTEN,Thailand,Strict,XGBoost,5,0,0.08168263733386993,0
738,PD1332-C,1125-PF-TH-NOSTEN,Thailand,Strict,XGBoost,5,0,0.05052809789776802,0
739,PD1333-C,1125-PF-TH-NOSTEN,Thailand,Strict,XGBoost,5,0,0.06545837223529816,0
740,PD1335-C,1125-PF-TH-NOSTEN,Thailand,Strict,XGBoost,5,0,0.04869186505675316,0
741,PD1337-C,1125-PF-TH-NOSTEN,Thailand,Strict,XGBoost,5,0,0.13323627412319183,0
742,PD1338-C,1125-PF-TH-NOSTEN,Thailand,Strict,XGBoost,5,0,0.02384338527917862,0
743,PD1339-C,1125-PF-TH-NOSTEN,Thailand,Strict,XGBoost,5,0,0.08999008685350418,0
744,PD1340-C,1125-PF-TH-NOSTEN,Thailand,Strict,XGBoost,5,0,0.12427109479904175,0
745,PD1341-C,1125-PF-TH-NOSTEN,Thailand,Strict,XGBoost,5,0,0.07962416857481003,0
746,PD1343-C,1125-PF-TH-NOSTEN,Thailand,Strict,XGBoost,5,0,0.019334279000759125,0
747,PD1345-C,1125-PF-TH-NOSTEN,Thailand,Strict,XGBoost,5,0,0.11410980671644211,0
748,PD1347-C,1125-PF-TH-NOSTEN,Thailand,Strict,XGBoost,5,0,0.08025892823934555,0
749,PD1348-C,1125-PF-TH-NOSTEN,Thailand,Strict,XGBoost,5,0,0.05484584718942642,0
750,PD1350-C,1125-PF-TH-NOSTEN,Thailand,Strict,XGBoost,5,0,0.020782724022865295,0
751,PD1353-C,1125-PF-TH-NOSTEN,Thailand,Strict,XGBoost,5,0,0.03705252707004547,0
752,PD1354-C,1125-PF-TH-NOSTEN,Thailand,Strict,XGBoost,5,0,0.020717360079288483,0
753,PD1355-C,1125-PF-TH-NOSTEN,Thailand,Strict,XGBoost,5,0,0.013590067625045776,0
754,PD1357-C,1125-PF-TH-NOSTEN,Thailand,Strict,XGBoost,5,0,0.047620851546525955,0
755,PD1358-C,1125-PF-TH-NOSTEN,Thailand,Strict,XGBoost,5,0,0.07833914458751678,0
756,PD1360-C,1125-PF-TH-NOSTEN,Thailand,Strict,XGBoost,5,0,0.05042072385549545,0
757,PD1361-C,1125-PF-TH-NOSTEN,Thailand,Strict,XGBoost,5,0,0.07303529232740402,0
758,PD1364-C,1125-PF-TH-NOSTEN,Thailand,Strict,XGBoost,5,0,0.06745465099811554,0
759,PD1365-C,1125-PF-TH-NOSTEN,Thailand,Strict,XGBoost,5,0,0.057067640125751495,0
760,PD1366-C,1125-PF-TH-NOSTEN,Thailand,Strict,XGBoost,5,0,0.03666249290108681,0
761,PD1368-C,1125-PF-TH-NOSTEN,Thailand,Strict,XGBoost,5,0,0.01818026416003704,0
762,PD1373-C,1125-PF-TH-NOSTEN,Thailand,Strict,XGBoost,5,0,0.04073507711291313,0
763,PD1376-C,1125-PF-TH-NOSTEN,Thailand,Strict,XGBoost,5,0,0.0507560595870018,0
764,PD1379-C,1125-PF-TH-NOSTEN,Thailand,Strict,XGBoost,5,0,0.03163105621933937,0
765,PD1380-C,1125-PF-TH-NOSTEN,Thailand,Strict,XGBoost,5,0,0.0507194921374321,0
766,PD1382-C,1125-PF-TH-NOSTEN,Thailand,Strict,XGBoost,5,0,0.04744959622621536,0
767,PD1387-C,1125-PF-TH-NOSTEN,Thailand,Strict,XGBoost,5,0,0.017639975994825363,0
768,PD1388-C,1125-PF-TH-NOSTEN,Thailand,Strict,XGBoost,5,0,0.017902331426739693,0
769,PD1390-C,1125-PF-TH-NOSTEN,Thailand,Strict,XGBoost,5,0,0.14526179432868958,0
770,PD1391-C,1125-PF-TH-NOSTEN,Thailand,Strict,XGBoost,5,0,0.034803662449121475,0
771,PD1392-C,1125-PF-TH-NOSTEN,Thailand,Strict,XGBoost,5,0,0.03616068512201309,0
772,PD1394-C,1125-PF-TH-NOSTEN,Thailand,Strict,XGBoost,5,0,0.042363524436950684,0
773,PD1397-C,1125-PF-TH-NOSTEN,Thailand,Strict,XGBoost,5,0,0.043005891144275665,0
774,PD1399-C,1125-PF-TH-NOSTEN,Thailand,Strict,XGBoost,5,0,0.08408768475055695,0
775,PD1400-C,1125-PF-TH-NOSTEN,Thailand,Strict,XGBoost,5,0,0.04387345165014267,0
776,PD1402-C,1125-PF-TH-NOSTEN,Thailand,Strict,XGBoost,5,0,0.039449241012334824,0
777,PD1403-C,1125-PF-TH-NOSTEN,Thailand,Strict,XGBoost,5,0,0.06929917633533478,0
778,PD1404-C,1125-PF-TH-NOSTEN,Thailand,Strict,XGBoost,5,0,0.03474699333310127,0
779,PD1405-C,1125-PF-TH-NOSTEN,Thailand,Strict,XGBoost,5,0,0.07488716393709183,0
780,PD1406-C,1125-PF-TH-NOSTEN,Thailand,Strict,XGBoost,5,0,0.04782767593860626,0
781,PD1407-C,1125-PF-TH-NOSTEN,Thailand,Strict,XGBoost,5,0,0.058670707046985626,0
782,PD1409-C,1125-PF-TH-NOSTEN,Thailand,Strict,XGBoost,5,0,0.03118884563446045,0
783,PD1411-C,1125-PF-TH-NOSTEN,Thailand,Strict,XGBoost,5,0,0.03847980126738548,0
784,PD1412-C,1125-PF-TH-NOSTEN,Thailand,Strict,XGBoost,5,0,0.06023169681429863,0
785,PD1413-C,1125-PF-TH-NOSTEN,Thailand,Strict,XGBoost,5,0,0.05504940077662468,0
786,PD1414-C,1125-PF-TH-NOSTEN,Thailand,Strict,XGBoost,5,0,0.032508257776498795,0
787,PD1415-C,1125-PF-TH-NOSTEN,Thailand,Strict,XGBoost,5,0,0.031941864639520645,0
788,PD1418-C,1125-PF-TH-NOSTEN,Thailand,Strict,XGBoost,5,0,0.057496704161167145,0
789,PD1419-C,1125-PF-TH-NOSTEN,Thailand,Strict,XGBoost,5,0,0.06275245547294617,0
790,PD1420-C,1125-PF-TH-NOSTEN,Thailand,Strict,XGBoost,5,0,0.04623480886220932,0
791,PD1421-C,1125-PF-TH-NOSTEN,Thailand,Strict,XGBoost,5,0,0.036277350038290024,0
792,PD1422-C,1125-PF-TH-NOSTEN,Thailand,Strict,XGBoost,5,0,0.05308901146054268,0
793,PD1426-C,1125-PF-TH-NOSTEN,Thailand,Strict,XGBoost,5,0,0.035459134727716446,0
794,PD1427-C,1125-PF-TH-NOSTEN,Thailand,Strict,XGBoost,5,0,0.04782767593860626,0
795,PD1428-C,1125-PF-TH-NOSTEN,Thailand,Strict,XGBoost,5,0,0.04782767593860626,0
796,PD1430-C,1125-PF-TH-NOSTEN,Thailand,Strict,XGBoost,5,0,0.054437704384326935,0
797,PD1434-C,1125-PF-TH-NOSTEN,Thailand,Strict,XGBoost,5,0,0.06929917633533478,0
798,PD1436-C,1125-PF-TH-NOSTEN,Thailand,Strict,XGBoost,5,0,0.03230553865432739,0
799,PD1437-C,1125-PF-TH-NOSTEN,Thailand,Strict,XGBoost,5,0,0.016734343022108078,0
800,PD1440-C,1125-PF-TH-NOSTEN,Thailand,Strict,XGBoost,5,0,0.036039140075445175,0
801,PD1443-C,1125-PF-TH-NOSTEN,Thailand,Strict,XGBoost,5,0,0.08660226315259933,0
802,PD1451-C,1125-PF-TH-NOSTEN,Thailand,Strict,XGBoost,5,0,0.011396775022149086,0
803,PD1457-C,1125-PF-TH-NOSTEN,Thailand,Strict,XGBoost,5,0,0.05309731513261795,0
804,PD1462-C,1125-PF-TH-NOSTEN,Thailand,Strict,XGBoost,5,0,0.05697164312005043,0
805,PD1464-C,1125-PF-TH-NOSTEN,Thailand,Strict,XGBoost,5,0,0.045869581401348114,0
806,PD1465-C,1125-PF-TH-NOSTEN,Thailand,Strict,XGBoost,5,0,0.08670958131551743,0
807,PD1466-C,1125-PF-TH-NOSTEN,Thailand,Strict,XGBoost,5,0,0.04421265795826912,0
808,PD1470-C,1125-PF-TH-NOSTEN,Thailand,Strict,XGBoost,5,0,0.0324406698346138,0
809,PD1472-C,1125-PF-TH-NOSTEN,Thailand,Strict,XGBoost,5,0,0.035459134727716446,0
810,PD1474-C,1125-PF-TH-NOSTEN,Thailand,Strict,XGBoost,5,0,0.043675173074007034,0
811,PD1475-C,1125-PF-TH-NOSTEN,Thailand,Strict,XGBoost,5,0,0.01569739356637001,0
812,PD1476-C,1125-PF-TH-NOSTEN,Thailand,Strict,XGBoost,5,0,0.03188609704375267,0
813,PD1478-C,1125-PF-TH-NOSTEN,Thailand,Strict,XGBoost,5,0,0.026777930557727814,0
814,PD1479-C,1125-PF-TH-NOSTEN,Thailand,Strict,XGBoost,5,0,0.036354292184114456,0
815,PD1480-C,1125-PF-TH-NOSTEN,Thailand,Strict,XGBoost,5,0,0.05468551069498062,0
816,PD1482-C,1125-PF-TH-NOSTEN,Thailand,Strict,XGBoost,5,0,0.035413481295108795,0
817,PD1483-C,1125-PF-TH-NOSTEN,Thailand,Strict,XGBoost,5,0,0.0950518399477005,0
818,PD1484-C,1125-PF-TH-NOSTEN,Thailand,Strict,XGBoost,5,0,0.037752509117126465,0
819,PD1485-C,1125-PF-TH-NOSTEN,Thailand,Strict,XGBoost,5,0,0.09194999188184738,0
820,PD1486-C,1125-PF-TH-NOSTEN,Thailand,Strict,XGBoost,5,0,0.07871897518634796,0
821,PD1487-C,1125-PF-TH-NOSTEN,Thailand,Strict,XGBoost,5,0,0.03684135153889656,0
822,PD1489-C,1125-PF-TH-NOSTEN,Thailand,Strict,XGBoost,5,0,0.03970329090952873,0
823,PD1490-C,1125-PF-TH-NOSTEN,Thailand,Strict,XGBoost,5,0,0.035413481295108795,0
824,PD1491-C,1125-PF-TH-NOSTEN,Thailand,Strict,XGBoost,5,0,0.0580914169549942,0
825,PD1493-C,1125-PF-TH-NOSTEN,Thailand,Strict,XGBoost,5,0,0.044277872890233994,0
826,PD1494-C,1125-PF-TH-NOSTEN,Thailand,Strict,XGBoost,5,0,0.03901311382651329,0
827,PD1496-C,1125-PF-TH-NOSTEN,Thailand,Strict,XGBoost,5,0,0.031941864639520645,0
828,PD1497-C,1125-PF-TH-NOSTEN,Thailand,Strict,XGBoost,5,0,0.032508257776498795,0
829,PD1498-C,1125-PF-TH-NOSTEN,Thailand,Strict,XGBoost,5,0,0.02767910249531269,0
830,PD1499-C,1125-PF-TH-NOSTEN,Thailand,Strict,XGBoost,5,0,0.04473898559808731,0
831,PD1501-C,1125-PF-TH-NOSTEN,Thailand,Strict,XGBoost,5,0,0.07164277881383896,0
832,PD1502-C,1125-PF-TH-NOSTEN,Thailand,Strict,XGBoost,5,0,0.032508257776498795,0
833,PD1503-C,1125-PF-TH-NOSTEN,Thailand,Strict,XGBoost,5,0,0.02128065563738346,0
834,PD1504-C,1125-PF-TH-NOSTEN,Thailand,Strict,XGBoost,5,0,0.028610829263925552,0
835,PD1505-C,1125-PF-TH-NOSTEN,Thailand,Strict,XGBoost,5,0,0.04473898559808731,0
836,PD1507-C,1125-PF-TH-NOSTEN,Thailand,Strict,XGBoost,5,0,0.07488242536783218,0
837,PD1508-C,1125-PF-TH-NOSTEN,Thailand,Strict,XGBoost,5,0,0.10299314558506012,0
838,PD1510-C,1125-PF-TH-NOSTEN,Thailand,Strict,XGBoost,5,0,0.05834851413965225,0
839,PD1511-C,1125-PF-TH-NOSTEN,Thailand,Strict,XGBoost,5,0,0.06023169681429863,0
840,PD1512-C,1125-PF-TH-NOSTEN,Thailand,Strict,XGBoost,5,0,0.04431069642305374,0
841,PD1513-C,1125-PF-TH-NOSTEN,Thailand,Strict,XGBoost,5,0,0.05174712836742401,0
842,PD1515-C,1125-PF-TH-NOSTEN,Thailand,Strict,XGBoost,5,0,0.03091282770037651,0
843,PD1516-C,1125-PF-TH-NOSTEN,Thailand,Strict,XGBoost,5,0,0.0258060023188591,0
844,PD1518-C,1125-PF-TH-NOSTEN,Thailand,Strict,XGBoost,5,0,0.1407131552696228,0
880,PH0044-C,1031-PF-SEA-PLOWE,Cambodia,Strict,XGBoost,5,1,0.9844101667404175,1
881,PH0045-C,1031-PF-SEA-PLOWE,Cambodia,Strict,XGBoost,5,1,0.9832615256309509,1
882,PH0046-C,1031-PF-SEA-PLOWE,Cambodia,Strict,XGBoost,5,0,0.03685911372303963,0
893,PH0105-C,1031-PF-SEA-PLOWE,Cambodia,Strict,XGBoost,5,1,0.9812854528427124,1
894,PH0109-C,1031-PF-SEA-PLOWE,Cambodia,Strict,XGBoost,5,1,0.677483320236206,1
895,PH0110-C,1031-PF-SEA-PLOWE,Cambodia,Strict,XGBoost,5,1,0.7005526423454285,1
896,PH0111-C,1031-PF-SEA-PLOWE,Cambodia,Strict,XGBoost,5,1,0.9121713042259216,1
897,PH0112-C,1031-PF-SEA-PLOWE,Cambodia,Strict,XGBoost,5,1,0.6930596232414246,1
898,PH0114-C,1031-PF-SEA-PLOWE,Cambodia,Strict,XGBoost,5,1,0.810882568359375,1
899,PH0116-C,1031-PF-SEA-PLOWE,Cambodia,Strict,XGBoost,5,1,0.7005526423454285,1
900,PH0117-C,1031-PF-SEA-PLOWE,Cambodia,Strict,XGBoost,5,1,0.6930596232414246,1
901,PH0118-C,1031-PF-SEA-PLOWE,Cambodia,Strict,XGBoost,5,1,0.6930596232414246,1
902,PH0121-CW,1031-PF-SEA-PLOWE,Cambodia,Strict,XGBoost,5,1,0.9861732721328735,1
903,PH0122-CW,1031-PF-SEA-PLOWE,Cambodia,Strict,XGBoost,5,1,0.9832615256309509,1
904,PH0123-CW,1031-PF-SEA-PLOWE,Cambodia,Strict,XGBoost,5,1,0.10577542334794998,0
905,PH0124-CW,1031-PF-SEA-PLOWE,Cambodia,Strict,XGBoost,5,1,0.5280168056488037,1
906,PH0125-CW,1031-PF-SEA-PLOWE,Cambodia,Strict,XGBoost,5,1,0.35214751958847046,0
907,PH0126-CW,1031-PF-SEA-PLOWE,Cambodia,Strict,XGBoost,5,1,0.9811595678329468,1
908,PH0128-CW,1031-PF-SEA-PLOWE,Cambodia,Strict,XGBoost,5,1,0.6493954062461853,1
909,PH0130-CW,1031-PF-SEA-PLOWE,Cambodia,Strict,XGBoost,5,1,0.5484253764152527,1
910,PH0131-CW,1031-PF-SEA-PLOWE,Cambodia,Strict,XGBoost,5,1,0.9832615256309509,1
911,PH0132-CW,1031-PF-SEA-PLOWE,Cambodia,Strict,XGBoost,5,1,0.7831426858901978,1
912,PH0133-CW,1031-PF-SEA-PLOWE,Cambodia,Strict,XGBoost,5,1,0.38229963183403015,0
913,PH0134-C,1031-PF-SEA-PLOWE,Cambodia,Strict,XGBoost,5,1,0.9804446697235107,1
914,PH0136-C,1031-PF-SEA-PLOWE,Cambodia,Strict,XGBoost,5,1,0.5915035605430603,1
915,PH0137-C,1031-PF-SEA-PLOWE,Cambodia,Strict,XGBoost,5,1,0.5887812376022339,1
916,PH0138-CW,1031-PF-SEA-PLOWE,Cambodia,Strict,XGBoost,5,0,0.9855062961578369,1
917,PH0139-CW,1031-PF-SEA-PLOWE,Cambodia,Strict,XGBoost,5,1,0.5192359089851379,1
918,PH0140-CW,1031-PF-SEA-PLOWE,Cambodia,Strict,XGBoost,5,1,0.6350921988487244,1
919,PH0141-CW,1031-PF-SEA-PLOWE,Cambodia,Strict,XGBoost,5,0,0.5512080788612366,1
920,PH0142-CW,1031-PF-SEA-PLOWE,Cambodia,Strict,XGBoost,5,0,0.4999781847000122,0
921,PH0143-CW,1031-PF-SEA-PLOWE,Cambodia,Strict,XGBoost,5,1,0.9635668992996216,1
922,PH0144-CW,1031-PF-SEA-PLOWE,Cambodia,Strict,XGBoost,5,1,0.4732896089553833,0
923,PH0145-CW,1031-PF-SEA-PLOWE,Cambodia,Strict,XGBoost,5,1,0.8998115062713623,1
924,PH0146-CW,1031-PF-SEA-PLOWE,Cambodia,Strict,XGBoost,5,0,0.38053029775619507,0
925,PH0147-CW,1031-PF-SEA-PLOWE,Cambodia,Strict,XGBoost,5,1,0.9812854528427124,1
926,PH0148-CW,1031-PF-SEA-PLOWE,Cambodia,Strict,XGBoost,5,0,0.44755467772483826,0
927,PH0149-CW,1031-PF-SEA-PLOWE,Cambodia,Strict,XGBoost,5,1,0.5001196265220642,1
928,PH0151-CW,1031-PF-SEA-PLOWE,Cambodia,Strict,XGBoost,5,1,0.9848749041557312,1
929,PH0152-CW,1031-PF-SEA-PLOWE,Cambodia,Strict,XGBoost,5,1,0.5584880113601685,1
930,PH0153-CW,1031-PF-SEA-PLOWE,Cambodia,Strict,XGBoost,5,1,0.5001196265220642,1
931,PH0155-C,1031-PF-SEA-PLOWE,Cambodia,Strict,XGBoost,5,1,0.5089857578277588,1
932,PH0156-C,1031-PF-SEA-PLOWE,Cambodia,Strict,XGBoost,5,1,0.4200868308544159,0
959,PH0217-C,1031-PF-SEA-PLOWE,Cambodia,Strict,XGBoost,5,1,0.9807079434394836,1
960,PH0218-C,1031-PF-SEA-PLOWE,Cambodia,Strict,XGBoost,5,1,0.9512906074523926,1
961,PH0221-C,1031-PF-SEA-PLOWE,Cambodia,Strict,XGBoost,5,1,0.9750149250030518,1
962,PH0222-C,1031-PF-SEA-PLOWE,Cambodia,Strict,XGBoost,5,1,0.9409011602401733,1
963,PH0223-CW,1031-PF-SEA-PLOWE,Cambodia,Strict,XGBoost,5,1,0.9793456792831421,1
964,PH0224-C,1031-PF-SEA-PLOWE,Cambodia,Strict,XGBoost,5,1,0.9855839014053345,1
965,PH0225-C,1031-PF-SEA-PLOWE,Cambodia,Strict,XGBoost,5,1,0.9807079434394836,1
966,PH0227-C,1031-PF-SEA-PLOWE,Cambodia,Strict,XGBoost,5,1,0.9855839014053345,1
967,PH0228-C,1031-PF-SEA-PLOWE,Cambodia,Strict,XGBoost,5,1,0.9807079434394836,1
968,PH0229-C,1031-PF-SEA-PLOWE,Cambodia,Strict,XGBoost,5,1,0.9704108834266663,1
969,PH0234-C,1031-PF-SEA-PLOWE,Cambodia,Strict,XGBoost,5,1,0.6738078594207764,1
970,PH0236-C,1031-PF-SEA-PLOWE,Cambodia,Strict,XGBoost,5,1,0.9804446697235107,1
1066,PH0386-C,1031-PF-SEA-PLOWE,Cambodia,Strict,XGBoost,5,1,0.838935136795044,1
1067,PH0387-C,1031-PF-SEA-PLOWE,Cambodia,Strict,XGBoost,5,1,0.4994935691356659,0
1068,PH0388-C,1031-PF-SEA-PLOWE,Cambodia,Strict,XGBoost,5,1,0.15142814815044403,0
1069,PH0389-C,1031-PF-SEA-PLOWE,Cambodia,Strict,XGBoost,5,1,0.9805891513824463,1
1070,PH0390-C,1031-PF-SEA-PLOWE,Cambodia,Strict,XGBoost,5,1,0.9663854241371155,1
1071,PH0391-C,1031-PF-SEA-PLOWE,Cambodia,Strict,XGBoost,5,0,0.504050612449646,1
1072,PH0392-C,1031-PF-SEA-PLOWE,Cambodia,Strict,XGBoost,5,1,0.43649962544441223,0
1073,PH0393-C,1031-PF-SEA-PLOWE,Cambodia,Strict,XGBoost,5,1,0.9839831590652466,1
1074,PH0394-C,1031-PF-SEA-PLOWE,Cambodia,Strict,XGBoost,5,0,0.2286471575498581,0
1075,PH0395-C,1031-PF-SEA-PLOWE,Cambodia,Strict,XGBoost,5,1,0.3123179078102112,0
1076,PH0396-C,1031-PF-SEA-PLOWE,Cambodia,Strict,XGBoost,5,1,0.9805891513824463,1
1077,PH0397-C,1031-PF-SEA-PLOWE,Cambodia,Strict,XGBoost,5,1,0.9187870025634766,1
1078,PH0398-C,1031-PF-SEA-PLOWE,Cambodia,Strict,XGBoost,5,1,0.9723910093307495,1
1079,PH0400-C,1031-PF-SEA-PLOWE,Cambodia,Strict,XGBoost,5,1,0.9812854528427124,1
1080,PH0404-C,1031-PF-SEA-PLOWE,Cambodia,Strict,XGBoost,5,1,0.20298467576503754,0
1081,PH0407-C,1031-PF-SEA-PLOWE,Cambodia,Strict,XGBoost,5,1,0.9827808141708374,1
1082,PH0408-C,1031-PF-SEA-PLOWE,Cambodia,Strict,XGBoost,5,0,0.3903428316116333,0
1083,PH0409-CW,1031-PF-SEA-PLOWE,Cambodia,Strict,XGBoost,5,1,0.9774060845375061,1
1084,PH0410-C,1031-PF-SEA-PLOWE,Cambodia,Strict,XGBoost,5,1,0.910993218421936,1
1085,PH0411-C,1031-PF-SEA-PLOWE,Cambodia,Strict,XGBoost,5,1,0.8399641513824463,1
1086,PH0412-C,1031-PF-SEA-PLOWE,Cambodia,Strict,XGBoost,5,1,0.5001196265220642,1
1087,PH0413-C,1031-PF-SEA-PLOWE,Cambodia,Strict,XGBoost,5,1,0.785139799118042,1
1088,PH0414-C,1031-PF-SEA-PLOWE,Cambodia,Strict,XGBoost,5,0,0.9692213535308838,1
1089,PH0415-C,1031-PF-SEA-PLOWE,Cambodia,Strict,XGBoost,5,0,0.4714895486831665,0
1090,PH0416-C,1031-PF-SEA-PLOWE,Cambodia,Strict,XGBoost,5,1,0.7435553073883057,1
1091,PH0418-C,1031-PF-SEA-PLOWE,Cambodia,Strict,XGBoost,5,1,0.9121713042259216,1
1092,PH0420-CW,1031-PF-SEA-PLOWE,Cambodia,Strict,XGBoost,5,0,0.01293983869254589,0
1093,PH0421-C,1031-PF-SEA-PLOWE,Cambodia,Strict,XGBoost,5,1,0.5021938681602478,1
1094,PH0422-CW,1031-PF-SEA-PLOWE,Cambodia,Strict,XGBoost,5,1,0.9817830920219421,1
1095,PH0424-C,1031-PF-SEA-PLOWE,Cambodia,Strict,XGBoost,5,1,0.9328569769859314,1
1096,PH0425-C,1031-PF-SEA-PLOWE,Cambodia,Strict,XGBoost,5,1,0.3142279386520386,0
1097,PH0431-CW,1031-PF-SEA-PLOWE,Cambodia,Strict,XGBoost,5,1,0.9467118978500366,1
1098,PH0437-C,1031-PF-SEA-PLOWE,Cambodia,Strict,XGBoost,5,1,0.6826930642127991,1
1099,PH0438-C,1031-PF-SEA-PLOWE,Cambodia,Strict,XGBoost,5,1,0.32229167222976685,0
1100,PH0444-C,1031-PF-SEA-PLOWE,Cambodia,Strict,XGBoost,5,1,0.40002942085266113,0
1101,PH0445-C,1031-PF-SEA-PLOWE,Cambodia,Strict,XGBoost,5,1,0.7659896016120911,1
1102,PH0447-C,1031-PF-SEA-PLOWE,Cambodia,Strict,XGBoost,5,1,0.3792005479335785,0
1103,PH0451-C,1031-PF-SEA-PLOWE,Cambodia,Strict,XGBoost,5,1,0.9805206656455994,1
2451,RCN03169,1125-PF-TH-NOSTEN,Thailand,Strict,XGBoost,5,1,0.8257490396499634,1
2452,RCN03171,1125-PF-TH-NOSTEN,Thailand,Strict,XGBoost,5,0,0.5190407633781433,1
2453,RCN03172,1125-PF-TH-NOSTEN,Thailand,Strict,XGBoost,5,0,0.6564919948577881,1
2454,RCN03173,1125-PF-TH-NOSTEN,Thailand,Strict,XGBoost,5,0,0.5109848976135254,1
2455,RCN03174,1125-PF-TH-NOSTEN,Thailand,Strict,XGBoost,5,1,0.8257490396499634,1
2456,RCN03177,1125-PF-TH-NOSTEN,Thailand,Strict,XGBoost,5,0,0.46834447979927063,0
2457,RCN03178,1125-PF-TH-NOSTEN,Thailand,Strict,XGBoost,5,1,0.8832887411117554,1
2458,RCN03181,1125-PF-TH-NOSTEN,Thailand,Strict,XGBoost,5,0,0.803570032119751,1
2459,RCN03182,1125-PF-TH-NOSTEN,Thailand,Strict,XGBoost,5,1,0.5259369015693665,1
2460,RCN03186,1125-PF-TH-NOSTEN,Thailand,Strict,XGBoost,5,1,0.5343817472457886,1
2461,RCN03187,1125-PF-TH-NOSTEN,Thailand,Strict,XGBoost,5,1,0.6783310174942017,1
2462,RCN03188,1125-PF-TH-NOSTEN,Thailand,Strict,XGBoost,5,0,0.8783148527145386,1
2463,RCN03189,1125-PF-TH-NOSTEN,Thailand,Strict,XGBoost,5,1,0.7424805760383606,1
2464,RCN03191,1125-PF-TH-NOSTEN,Thailand,Strict,XGBoost,5,1,0.38768425583839417,0
2465,RCN03192,1125-PF-TH-NOSTEN,Thailand,Strict,XGBoost,5,0,0.6840282082557678,1
2466,RCN03194,1125-PF-TH-NOSTEN,Thailand,Strict,XGBoost,5,1,0.8103065490722656,1
2467,RCN03195,1125-PF-TH-NOSTEN,Thailand,Strict,XGBoost,5,1,0.37469610571861267,0
2468,RCN03196,1125-PF-TH-NOSTEN,Thailand,Strict,XGBoost,5,1,0.5137006640434265,1
2469,RCN03197,1125-PF-TH-NOSTEN,Thailand,Strict,XGBoost,5,1,0.3659585416316986,0
2470,RCN03272,1198-PF-METF-NOSTEN,Myanmar,Strict,XGBoost,5,1,0.4922417104244232,0
2471,RCN03283,1198-PF-METF-NOSTEN,Myanmar,Strict,XGBoost,5,1,0.5175229907035828,1
2472,RCN03285,1198-PF-METF-NOSTEN,Myanmar,Strict,XGBoost,5,0,0.6952425837516785,1
2473,RCN03292,1198-PF-METF-NOSTEN,Myanmar,Strict,XGBoost,5,1,0.6169378161430359,1
2474,RCN03299,1198-PF-METF-NOSTEN,Myanmar,Strict,XGBoost,5,0,0.3909335434436798,0
2475,RCN03300,1198-PF-METF-NOSTEN,Myanmar,Strict,XGBoost,5,0,0.6914796233177185,1
2476,RCN03303,1198-PF-METF-NOSTEN,Myanmar,Strict,XGBoost,5,0,0.37333935499191284,0
2477,RCN03306,1198-PF-METF-NOSTEN,Myanmar,Strict,XGBoost,5,1,0.462988942861557,0
2478,RCN03307,1198-PF-METF-NOSTEN,Myanmar,Strict,XGBoost,5,1,0.4332229197025299,0
2479,RCN03311,1198-PF-METF-NOSTEN,Myanmar,Strict,XGBoost,5,0,0.8673523664474487,1
2480,RCN03312,1198-PF-METF-NOSTEN,Myanmar,Strict,XGBoost,5,0,0.6692339777946472,1
2481,RCN03313,1198-PF-METF-NOSTEN,Myanmar,Strict,XGBoost,5,1,0.5495952367782593,1
2482,RCN03315,1198-PF-METF-NOSTEN,Myanmar,Strict,XGBoost,5,0,0.6325472593307495,1
2483,RCN03316,1198-PF-METF-NOSTEN,Myanmar,Strict,XGBoost,5,0,0.4053282141685486,0
2484,RCN03317,1198-PF-METF-NOSTEN,Myanmar,Strict,XGBoost,5,1,0.3983502686023712,0
2485,RCN03318,1198-PF-METF-NOSTEN,Myanmar,Strict,XGBoost,5,0,0.4053282141685486,0
2486,RCN03319,1198-PF-METF-NOSTEN,Myanmar,Strict,XGBoost,5,1,0.5553321242332458,1
2487,RCN03320,1198-PF-METF-NOSTEN,Myanmar,Strict,XGBoost,5,0,0.39413467049598694,0
2488,RCN03323,1198-PF-METF-NOSTEN,Myanmar,Strict,XGBoost,5,0,0.462988942861557,0
2489,RCN03326,1198-PF-METF-NOSTEN,Myanmar,Strict,XGBoost,5,1,0.3900728225708008,0
2490,RCN03328,1198-PF-METF-NOSTEN,Myanmar,Strict,XGBoost,5,1,0.37402889132499695,0
2491,RCN03334,1198-PF-METF-NOSTEN,Myanmar,Strict,XGBoost,5,1,0.37333935499191284,0
2492,RCN03335,1198-PF-METF-NOSTEN,Myanmar,Strict,XGBoost,5,0,0.29181748628616333,0
2493,RCN03336,1198-PF-METF-NOSTEN,Myanmar,Strict,XGBoost,5,0,0.41912099719047546,0
2494,RCN03337,1198-PF-METF-NOSTEN,Myanmar,Strict,XGBoost,5,1,0.5467482805252075,1
2495,RCN03338,1198-PF-METF-NOSTEN,Myanmar,Strict,XGBoost,5,1,0.3655492961406708,0
2496,RCN03339,1198-PF-METF-NOSTEN,Myanmar,Strict,XGBoost,5,1,0.40692731738090515,0
2497,RCN03340,1198-PF-METF-NOSTEN,Myanmar,Strict,XGBoost,5,1,0.36374831199645996,0
2498,RCN03341,1198-PF-METF-NOSTEN,Myanmar,Strict,XGBoost,5,0,0.4332229197025299,0
2499,RCN03342,1198-PF-METF-NOSTEN,Myanmar,Strict,XGBoost,5,0,0.30313724279403687,0
2500,RCN03344,1198-PF-METF-NOSTEN,Myanmar,Strict,XGBoost,5,0,0.3109101355075836,0
2501,RCN03347,1198-PF-METF-NOSTEN,Myanmar,Strict,XGBoost,5,0,0.4332229197025299,0
2502,RCN03348,1198-PF-METF-NOSTEN,Myanmar,Strict,XGBoost,5,1,0.5553321242332458,1
2503,RCN03349,1198-PF-METF-NOSTEN,Myanmar,Strict,XGBoost,5,1,0.3838854432106018,0
2504,RCN03352,1198-PF-METF-NOSTEN,Myanmar,Strict,XGBoost,5,0,0.3147757351398468,0
2505,RCN03353,1198-PF-METF-NOSTEN,Myanmar,Strict,XGBoost,5,1,0.31867364048957825,0
2506,RCN03354,1198-PF-METF-NOSTEN,Myanmar,Strict,XGBoost,5,1,0.36374831199645996,0
2507,RCN03357,1198-PF-METF-NOSTEN,Myanmar,Strict,XGBoost,5,1,0.37959185242652893,0
2508,RCN03358,1198-PF-METF-NOSTEN,Myanmar,Strict,XGBoost,5,1,0.374840646982193,0
2509,RCN03361,1198-PF-METF-NOSTEN,Myanmar,Strict,XGBoost,5,0,0.4332229197025299,0
2510,RCN03363,1198-PF-METF-NOSTEN,Myanmar,Strict,XGBoost,5,0,0.2895490229129791,0
2511,RCN03365,1198-PF-METF-NOSTEN,Myanmar,Strict,XGBoost,5,1,0.5517854690551758,1
2512,RCN03367,1198-PF-METF-NOSTEN,Myanmar,Strict,XGBoost,5,1,0.42501476407051086,0
2513,RCN03369,1198-PF-METF-NOSTEN,Myanmar,Strict,XGBoost,5,0,0.4332229197025299,0
2514,RCN03375,1198-PF-METF-NOSTEN,Myanmar,Strict,XGBoost,5,0,0.37333935499191284,0
2515,RCN03376,1198-PF-METF-NOSTEN,Myanmar,Strict,XGBoost,5,1,0.4149753153324127,0
2516,RCN03377,1198-PF-METF-NOSTEN,Myanmar,Strict,XGBoost,5,0,0.33573755621910095,0
2517,RCN03380,1198-PF-METF-NOSTEN,Myanmar,Strict,XGBoost,5,0,0.7467410564422607,1
2518,RCN03382,1198-PF-METF-NOSTEN,Myanmar,Strict,XGBoost,5,0,0.5579729080200195,1
2519,RCN03383,1198-PF-METF-NOSTEN,Myanmar,Strict,XGBoost,5,0,0.288781076669693,0
2520,RCN03384,1198-PF-METF-NOSTEN,Myanmar,Strict,XGBoost,5,0,0.27726319432258606,0
2521,RCN03386,1198-PF-METF-NOSTEN,Myanmar,Strict,XGBoost,5,0,0.3039034903049469,0
2522,RCN03388,1198-PF-METF-NOSTEN,Myanmar,Strict,XGBoost,5,1,0.37959185242652893,0
2523,RCN03389,1198-PF-METF-NOSTEN,Myanmar,Strict,XGBoost,5,0,0.2965151071548462,0
2524,RCN03390,1198-PF-METF-NOSTEN,Myanmar,Strict,XGBoost,5,0,0.2717396318912506,0
2525,RCN03391,1198-PF-METF-NOSTEN,Myanmar,Strict,XGBoost,5,0,0.10731726139783859,0
2526,RCN03392,1198-PF-METF-NOSTEN,Myanmar,Strict,XGBoost,5,0,0.4053282141685486,0
2527,RCN03394,1198-PF-METF-NOSTEN,Myanmar,Strict,XGBoost,5,1,0.36374831199645996,0
2528,RCN03396,1198-PF-METF-NOSTEN,Myanmar,Strict,XGBoost,5,1,0.306657999753952,0
2529,RCN03398,1198-PF-METF-NOSTEN,Myanmar,Strict,XGBoost,5,1,0.3484439551830292,0
2530,RCN03399,1198-PF-METF-NOSTEN,Myanmar,Strict,XGBoost,5,0,0.4124011993408203,0
2531,RCN03400,1198-PF-METF-NOSTEN,Myanmar,Strict,XGBoost,5,0,0.20458608865737915,0
2532,RCN03401,1198-PF-METF-NOSTEN,Myanmar,Strict,XGBoost,5,1,0.6953087449073792,1
2533,RCN03402,1198-PF-METF-NOSTEN,Myanmar,Strict,XGBoost,5,0,0.3109101355075836,0
2534,RCN03403,1198-PF-METF-NOSTEN,Myanmar,Strict,XGBoost,5,1,0.36374831199645996,0
2535,RCN03405,1198-PF-METF-NOSTEN,Myanmar,Strict,XGBoost,5,0,0.3909335434436798,0
2536,RCN03406,1198-PF-METF-NOSTEN,Myanmar,Strict,XGBoost,5,0,0.4053282141685486,0
2537,RCN03408,1198-PF-METF-NOSTEN,Myanmar,Strict,XGBoost,5,0,0.30231350660324097,0
2538,RCN03409,1198-PF-METF-NOSTEN,Myanmar,Strict,XGBoost,5,1,0.4149753153324127,0
2539,RCN03410,1198-PF-METF-NOSTEN,Myanmar,Strict,XGBoost,5,1,0.36374831199645996,0
2540,RCN03415,1198-PF-METF-NOSTEN,Myanmar,Strict,XGBoost,5,1,0.6884066462516785,1
2541,RCN03419,1198-PF-METF-NOSTEN,Myanmar,Strict,XGBoost,5,0,0.35071486234664917,0
2542,RCN03420,1198-PF-METF-NOSTEN,Myanmar,Strict,XGBoost,5,1,0.37333935499191284,0
2543,RCN03421,1198-PF-METF-NOSTEN,Myanmar,Strict,XGBoost,5,1,0.36374831199645996,0
2544,RCN03422,1198-PF-METF-NOSTEN,Myanmar,Strict,XGBoost,5,1,0.5636022090911865,1
2545,RCN03423,1198-PF-METF-NOSTEN,Myanmar,Strict,XGBoost,5,1,0.4149753153324127,0
2546,RCN03424,1198-PF-METF-NOSTEN,Myanmar,Strict,XGBoost,5,1,0.3909335434436798,0
2547,RCN03425,1198-PF-METF-NOSTEN,Myanmar,Strict,XGBoost,5,1,0.4149753153324127,0
2548,RCN03426,1198-PF-METF-NOSTEN,Myanmar,Strict,XGBoost,5,1,0.3848268389701843,0
2549,RCN03428,1198-PF-METF-NOSTEN,Myanmar,Strict,XGBoost,5,0,0.26263266801834106,0
2550,RCN03429,1198-PF-METF-NOSTEN,Myanmar,Strict,XGBoost,5,0,0.29181748628616333,0
2551,RCN03430,1198-PF-METF-NOSTEN,Myanmar,Strict,XGBoost,5,0,0.3681756258010864,0
2552,RCN03431,1198-PF-METF-NOSTEN,Myanmar,Strict,XGBoost,5,1,0.4136168360710144,0
2553,RCN03433,1198-PF-METF-NOSTEN,Myanmar,Strict,XGBoost,5,1,0.35964617133140564,0
2554,RCN03435,1198-PF-METF-NOSTEN,Myanmar,Strict,XGBoost,5,0,0.31937143206596375,0
2555,RCN03436,1198-PF-METF-NOSTEN,Myanmar,Strict,XGBoost,5,1,0.36374831199645996,0
2556,RCN03439,1198-PF-METF-NOSTEN,Myanmar,Strict,XGBoost,5,1,0.7891072630882263,1
2557,RCN03440,1198-PF-METF-NOSTEN,Myanmar,Strict,XGBoost,5,1,0.3484439551830292,0
2558,RCN03441,1198-PF-METF-NOSTEN,Myanmar,Strict,XGBoost,5,1,0.6989944577217102,1
2559,RCN03442,1198-PF-METF-NOSTEN,Myanmar,Strict,XGBoost,5,1,0.3909335434436798,0
2560,RCN03444,1198-PF-METF-NOSTEN,Myanmar,Strict,XGBoost,5,0,0.288781076669693,0
2561,RCN03448,1198-PF-METF-NOSTEN,Myanmar,Strict,XGBoost,5,1,0.7838002443313599,1
2562,RCN03450,1198-PF-METF-NOSTEN,Myanmar,Strict,XGBoost,5,1,0.7788290977478027,1
2563,RCN03451,1198-PF-METF-NOSTEN,Myanmar,Strict,XGBoost,5,0,0.7836848497390747,1
2564,RCN03452,1198-PF-METF-NOSTEN,Myanmar,Strict,XGBoost,5,0,0.31616657972335815,0
2565,RCN03453,1198-PF-METF-NOSTEN,Myanmar,Strict,XGBoost,5,0,0.3900728225708008,0
2566,RCN03458,1198-PF-METF-NOSTEN,Myanmar,Strict,XGBoost,5,1,0.40692731738090515,0
2567,RCN03459,1198-PF-METF-NOSTEN,Myanmar,Strict,XGBoost,5,0,0.3132222294807434,0
2568,RCN03460,1198-PF-METF-NOSTEN,Myanmar,Strict,XGBoost,5,1,0.695152997970581,1
2569,RCN03461,1198-PF-METF-NOSTEN,Myanmar,Strict,XGBoost,5,0,0.7307112216949463,1
2570,RCN03462,1198-PF-METF-NOSTEN,Myanmar,Strict,XGBoost,5,0,0.3284008204936981,0
2571,RCN03463,1198-PF-METF-NOSTEN,Myanmar,Strict,XGBoost,5,0,0.6606194376945496,1
2572,RCN03464,1198-PF-METF-NOSTEN,Myanmar,Strict,XGBoost,5,0,0.695152997970581,1
2573,RCN03467,1198-PF-METF-NOSTEN,Myanmar,Strict,XGBoost,5,0,0.31081193685531616,0
2574,RCN03468,1198-PF-METF-NOSTEN,Myanmar,Strict,XGBoost,5,0,0.3882199227809906,0
2575,RCN03469,1198-PF-METF-NOSTEN,Myanmar,Strict,XGBoost,5,0,0.2806006968021393,0
2576,RCN03470,1198-PF-METF-NOSTEN,Myanmar,Strict,XGBoost,5,0,0.3109101355075836,0
2577,RCN03471,1198-PF-METF-NOSTEN,Myanmar,Strict,XGBoost,5,0,0.30313724279403687,0
2578,RCN03472,1198-PF-METF-NOSTEN,Myanmar,Strict,XGBoost,5,0,0.3109101355075836,0
2579,RCN03474,1198-PF-METF-NOSTEN,Myanmar,Strict,XGBoost,5,1,0.5254408121109009,1
2580,RCN03475,1198-PF-METF-NOSTEN,Myanmar,Strict,XGBoost,5,0,0.2806006968021393,0
2581,RCN03476,1198-PF-METF-NOSTEN,Myanmar,Strict,XGBoost,5,0,0.3109101355075836,0
2582,RCN03477,1198-PF-METF-NOSTEN,Myanmar,Strict,XGBoost,5,0,0.4362037777900696,0
2583,RCN03478,1198-PF-METF-NOSTEN,Myanmar,Strict,XGBoost,5,0,0.2806006968021393,0
2584,RCN03479,1198-PF-METF-NOSTEN,Myanmar,Strict,XGBoost,5,0,0.3109101355075836,0
2585,RCN03480,1198-PF-METF-NOSTEN,Myanmar,Strict,XGBoost,5,0,0.30231350660324097,0
2586,RCN03484,1198-PF-METF-NOSTEN,Myanmar,Strict,XGBoost,5,0,0.2758893370628357,0
2587,RCN03485,1198-PF-METF-NOSTEN,Myanmar,Strict,XGBoost,5,1,0.4149753153324127,0
2588,RCN03486,1198-PF-METF-NOSTEN,Myanmar,Strict,XGBoost,5,0,0.688876748085022,1
2589,RCN03487,1198-PF-METF-NOSTEN,Myanmar,Strict,XGBoost,5,1,0.6844629645347595,1
2590,RCN03488,1198-PF-METF-NOSTEN,Myanmar,Strict,XGBoost,5,0,0.8416126370429993,1
2591,RCN03489,1198-PF-METF-NOSTEN,Myanmar,Strict,XGBoost,5,1,0.451121985912323,0
2592,RCN03490,1198-PF-METF-NOSTEN,Myanmar,Strict,XGBoost,5,1,0.451121985912323,0
2593,RCN03492,1198-PF-METF-NOSTEN,Myanmar,Strict,XGBoost,5,0,0.6681533455848694,1
2594,RCN03493,1198-PF-METF-NOSTEN,Myanmar,Strict,XGBoost,5,0,0.31616657972335815,0
2595,RCN03494,1198-PF-METF-NOSTEN,Myanmar,Strict,XGBoost,5,0,0.29181748628616333,0
2596,RCN03495,1198-PF-METF-NOSTEN,Myanmar,Strict,XGBoost,5,0,0.3752383589744568,0
2597,RCN03496,1198-PF-METF-NOSTEN,Myanmar,Strict,XGBoost,5,1,0.4149753153324127,0
2598,RCN03497,1198-PF-METF-NOSTEN,Myanmar,Strict,XGBoost,5,0,0.3191048502922058,0
2599,RCN03501,1198-PF-METF-NOSTEN,Myanmar,Strict,XGBoost,5,1,0.4332229197025299,0
2600,RCN03502,1198-PF-METF-NOSTEN,Myanmar,Strict,XGBoost,5,1,0.3484439551830292,0
2601,RCN03504,1198-PF-METF-NOSTEN,Myanmar,Strict,XGBoost,5,1,0.4149753153324127,0
2602,RCN03505,1198-PF-METF-NOSTEN,Myanmar,Strict,XGBoost,5,0,0.3909335434436798,0
2603,RCN03508,1198-PF-METF-NOSTEN,Myanmar,Strict,XGBoost,5,1,0.4332229197025299,0
2604,RCN03509,1198-PF-METF-NOSTEN,Myanmar,Strict,XGBoost,5,0,0.7328054308891296,1
2605,RCN03510,1198-PF-METF-NOSTEN,Myanmar,Strict,XGBoost,5,1,0.5553321242332458,1
2606,RCN03511,1198-PF-METF-NOSTEN,Myanmar,Strict,XGBoost,5,1,0.42501476407051086,0
2607,RCN03512,1198-PF-METF-NOSTEN,Myanmar,Strict,XGBoost,5,1,0.3909335434436798,0
2608,RCN03513,1198-PF-METF-NOSTEN,Myanmar,Strict,XGBoost,5,1,0.37333935499191284,0
2609,RCN03514,1198-PF-METF-NOSTEN,Myanmar,Strict,XGBoost,5,0,0.39521265029907227,0
2610,RCN03515,1198-PF-METF-NOSTEN,Myanmar,Strict,XGBoost,5,1,0.3983502686023712,0
2611,RCN03519,1198-PF-METF-NOSTEN,Myanmar,Strict,XGBoost,5,1,0.3909335434436798,0
2612,RCN03521,1198-PF-METF-NOSTEN,Myanmar,Strict,XGBoost,5,0,0.7298082113265991,1
2613,RCN03522,1198-PF-METF-NOSTEN,Myanmar,Strict,XGBoost,5,0,0.3643665313720703,0
2614,RCN03523,1198-PF-METF-NOSTEN,Myanmar,Strict,XGBoost,5,1,0.4053282141685486,0
2615,RCN03527,1198-PF-METF-NOSTEN,Myanmar,Strict,XGBoost,5,1,0.37333935499191284,0
2616,RCN03529,1198-PF-METF-NOSTEN,Myanmar,Strict,XGBoost,5,1,0.37264883518218994,0
2617,RCN03530,1198-PF-METF-NOSTEN,Myanmar,Strict,XGBoost,5,0,0.6844629645347595,1
2618,RCN03531,1198-PF-METF-NOSTEN,Myanmar,Strict,XGBoost,5,0,0.695152997970581,1
2619,RCN03534,1198-PF-METF-NOSTEN,Myanmar,Strict,XGBoost,5,0,0.3332614004611969,0
2620,RCN03535,1198-PF-METF-NOSTEN,Myanmar,Strict,XGBoost,5,1,0.3829929232597351,0
2621,RCN03536,1198-PF-METF-NOSTEN,Myanmar,Strict,XGBoost,5,1,0.6630752682685852,1
2769,RCN08621,1207-PF-KH-CNM-GENRE,Cambodia,Strict,XGBoost,5,1,0.9839333295822144,1
2770,RCN08623,1207-PF-KH-CNM-GENRE,Cambodia,Strict,XGBoost,5,1,0.9974575638771057,1
2771,RCN08629,1207-PF-KH-CNM-GENRE,Cambodia,Strict,XGBoost,5,1,0.9701250195503235,1
2772,RCN08633,1207-PF-KH-CNM-GENRE,Cambodia,Strict,XGBoost,5,0,0.2684088349342346,0
2773,RCN08634,1207-PF-KH-CNM-GENRE,Cambodia,Strict,XGBoost,5,1,0.9183498620986938,1
2774,RCN08635,1207-PF-KH-CNM-GENRE,Cambodia,Strict,XGBoost,5,1,0.9433938264846802,1
2775,RCN08636,1207-PF-KH-CNM-GENRE,Cambodia,Strict,XGBoost,5,1,0.9976243376731873,1
2776,RCN08637,1207-PF-KH-CNM-GENRE,Cambodia,Strict,XGBoost,5,1,0.9923229217529297,1
2777,RCN08638,1207-PF-KH-CNM-GENRE,Cambodia,Strict,XGBoost,5,1,0.9947303533554077,1
2778,RCN08639,1207-PF-KH-CNM-GENRE,Cambodia,Strict,XGBoost,5,1,0.9960863590240479,1
2779,RCN08640,1207-PF-KH-CNM-GENRE,Cambodia,Strict,XGBoost,5,0,0.05636271461844444,0
2780,RCN08641,1207-PF-KH-CNM-GENRE,Cambodia,Strict,XGBoost,5,1,0.9947264790534973,1
2781,RCN08642,1207-PF-KH-CNM-GENRE,Cambodia,Strict,XGBoost,5,1,0.9667149186134338,1
2782,RCN08643,1207-PF-KH-CNM-GENRE,Cambodia,Strict,XGBoost,5,1,0.9394553303718567,1
2783,RCN08644,1207-PF-KH-CNM-GENRE,Cambodia,Strict,XGBoost,5,1,0.9953482747077942,1
2784,RCN08645,1207-PF-KH-CNM-GENRE,Cambodia,Strict,XGBoost,5,1,0.9408106207847595,1
2785,RCN08646,1207-PF-KH-CNM-GENRE,Cambodia,Strict,XGBoost,5,0,0.07125817984342575,0
2786,RCN08647,1207-PF-KH-CNM-GENRE,Cambodia,Strict,XGBoost,5,1,0.96194988489151,1
2787,RCN08648,1207-PF-KH-CNM-GENRE,Cambodia,Strict,XGBoost,5,1,0.9952084422111511,1
2788,RCN08650,1207-PF-KH-CNM-GENRE,Cambodia,Strict,XGBoost,5,0,0.13732431828975677,0
2789,RCN08651,1207-PF-KH-CNM-GENRE,Cambodia,Strict,XGBoost,5,1,0.96834397315979,1
2790,RCN08652,1207-PF-KH-CNM-GENRE,Cambodia,Strict,XGBoost,5,1,0.9913164377212524,1
2791,RCN08653,1207-PF-KH-CNM-GENRE,Cambodia,Strict,XGBoost,5,1,0.9974467754364014,1
2792,RCN08654,1207-PF-KH-CNM-GENRE,Cambodia,Strict,XGBoost,5,0,0.17487160861492157,0
2793,RCN08655,1207-PF-KH-CNM-GENRE,Cambodia,Strict,XGBoost,5,0,0.06270816177129745,0
2794,RCN08656,1207-PF-KH-CNM-GENRE,Cambodia,Strict,XGBoost,5,1,0.9976261258125305,1
2795,RCN08657,1207-PF-KH-CNM-GENRE,Cambodia,Strict,XGBoost,5,1,0.22183769941329956,0
2796,RCN08659,1207-PF-KH-CNM-GENRE,Cambodia,Strict,XGBoost,5,0,0.05378071218729019,0
2797,RCN08661,1207-PF-KH-CNM-GENRE,Cambodia,Strict,XGBoost,5,0,0.13051371276378632,0
2798,RCN08662,1207-PF-KH-CNM-GENRE,Cambodia,Strict,XGBoost,5,0,0.1052539125084877,0
2799,RCN08663,1207-PF-KH-CNM-GENRE,Cambodia,Strict,XGBoost,5,1,0.949138879776001,1
2800,RCN08664,1207-PF-KH-CNM-GENRE,Cambodia,Strict,XGBoost,5,1,0.96834397315979,1
2801,RCN08665,1207-PF-KH-CNM-GENRE,Cambodia,Strict,XGBoost,5,1,0.9933745265007019,1
2802,RCN08666,1207-PF-KH-CNM-GENRE,Cambodia,Strict,XGBoost,5,1,0.9934978485107422,1
2803,RCN08667,1207-PF-KH-CNM-GENRE,Cambodia,Strict,XGBoost,5,0,0.11974459886550903,0
2804,RCN08668,1207-PF-KH-CNM-GENRE,Cambodia,Strict,XGBoost,5,1,0.9916865229606628,1
2805,RCN08669,1207-PF-KH-CNM-GENRE,Cambodia,Strict,XGBoost,5,1,0.9907630085945129,1
2806,RCN08670,1207-PF-KH-CNM-GENRE,Cambodia,Strict,XGBoost,5,1,0.996791422367096,1
2807,RCN08671,1207-PF-KH-CNM-GENRE,Cambodia,Strict,XGBoost,5,1,0.9965341091156006,1
2808,RCN08672,1207-PF-KH-CNM-GENRE,Cambodia,Strict,XGBoost,5,1,0.9688706398010254,1
2809,RCN08673,1207-PF-KH-CNM-GENRE,Cambodia,Strict,XGBoost,5,1,0.9406474232673645,1
2810,RCN08674,1207-PF-KH-CNM-GENRE,Cambodia,Strict,XGBoost,5,1,0.9346407055854797,1
2811,RCN08676,1207-PF-KH-CNM-GENRE,Cambodia,Strict,XGBoost,5,0,0.09332944452762604,0
2812,RCN08677,1207-PF-KH-CNM-GENRE,Cambodia,Strict,XGBoost,5,1,0.9976243376731873,1
2813,RCN08678,1207-PF-KH-CNM-GENRE,Cambodia,Strict,XGBoost,5,0,0.1711401641368866,0
2814,RCN08679,1207-PF-KH-CNM-GENRE,Cambodia,Strict,XGBoost,5,0,0.022436151280999184,0
2815,RCN08680,1207-PF-KH-CNM-GENRE,Cambodia,Strict,XGBoost,5,0,0.1896626055240631,0
2816,RCN08681,1207-PF-KH-CNM-GENRE,Cambodia,Strict,XGBoost,5,1,0.996791422367096,1
2817,RCN08682,1207-PF-KH-CNM-GENRE,Cambodia,Strict,XGBoost,5,0,0.7932360768318176,1
2818,RCN08683,1207-PF-KH-CNM-GENRE,Cambodia,Strict,XGBoost,5,0,0.28293389081954956,0
2819,RCN08684,1207-PF-KH-CNM-GENRE,Cambodia,Strict,XGBoost,5,1,0.9917148947715759,1
2820,RCN08685,1207-PF-KH-CNM-GENRE,Cambodia,Strict,XGBoost,5,1,0.9956920742988586,1
2821,RCN08686,1207-PF-KH-CNM-GENRE,Cambodia,Strict,XGBoost,5,1,0.996791422367096,1
2822,RCN08687,1207-PF-KH-CNM-GENRE,Cambodia,Strict,XGBoost,5,1,0.9973867535591125,1
2823,RCN08688,1207-PF-KH-CNM-GENRE,Cambodia,Strict,XGBoost,5,1,0.9934978485107422,1
2824,RCN08689,1207-PF-KH-CNM-GENRE,Cambodia,Strict,XGBoost,5,1,0.02018200047314167,0
2825,RCN08690,1207-PF-KH-CNM-GENRE,Cambodia,Strict,XGBoost,5,1,0.020737171173095703,0
2826,RCN08692,1207-PF-KH-CNM-GENRE,Cambodia,Strict,XGBoost,5,1,0.9886890053749084,1
2827,RCN08693,1207-PF-KH-CNM-GENRE,Cambodia,Strict,XGBoost,5,1,0.9942922592163086,1
2828,RCN08694,1207-PF-KH-CNM-GENRE,Cambodia,Strict,XGBoost,5,1,0.9889780879020691,1
2829,RCN08695,1207-PF-KH-CNM-GENRE,Cambodia,Strict,XGBoost,5,1,0.9886890053749084,1
2830,RCN08696,1207-PF-KH-CNM-GENRE,Cambodia,Strict,XGBoost,5,1,0.9886003136634827,1
2831,RCN08699,1207-PF-KH-CNM-GENRE,Cambodia,Strict,XGBoost,5,1,0.9761530160903931,1
2832,RCN08700,1207-PF-KH-CNM-GENRE,Cambodia,Strict,XGBoost,5,1,0.9763361811637878,1
2833,RCN08701,1207-PF-KH-CNM-GENRE,Cambodia,Strict,XGBoost,5,1,0.9763361811637878,1
2834,RCN08702,1207-PF-KH-CNM-GENRE,Cambodia,Strict,XGBoost,5,1,0.9971165657043457,1
2835,RCN08703,1207-PF-KH-CNM-GENRE,Cambodia,Strict,XGBoost,5,1,0.9980986714363098,1
2836,RCN08705,1207-PF-KH-CNM-GENRE,Cambodia,Strict,XGBoost,5,1,0.9879096746444702,1
2837,RCN08706,1207-PF-KH-CNM-GENRE,Cambodia,Strict,XGBoost,5,1,0.7094148993492126,1
2838,RCN08707,1207-PF-KH-CNM-GENRE,Cambodia,Strict,XGBoost,5,1,0.7421697974205017,1
2839,RCN08709,1207-PF-KH-CNM-GENRE,Cambodia,Strict,XGBoost,5,1,0.9187673926353455,1
2840,RCN08710,1207-PF-KH-CNM-GENRE,Cambodia,Strict,XGBoost,5,1,0.8878050446510315,1
2841,RCN08713,1207-PF-KH-CNM-GENRE,Cambodia,Strict,XGBoost,5,1,0.9319261908531189,1
2842,RCN08714,1207-PF-KH-CNM-GENRE,Cambodia,Strict,XGBoost,5,1,0.7094148993492126,1
2843,RCN08715,1207-PF-KH-CNM-GENRE,Cambodia,Strict,XGBoost,5,1,0.7047948241233826,1
2844,RCN08719,1207-PF-KH-CNM-GENRE,Cambodia,Strict,XGBoost,5,1,0.907616376876831,1
2845,RCN08720,1207-PF-KH-CNM-GENRE,Cambodia,Strict,XGBoost,5,1,0.907616376876831,1
2846,RCN08722,1207-PF-KH-CNM-GENRE,Cambodia,Strict,XGBoost,5,1,0.9958997368812561,1
2847,RCN08723,1207-PF-KH-CNM-GENRE,Cambodia,Strict,XGBoost,5,1,0.9978493452072144,1
2848,RCN08724,1207-PF-KH-CNM-GENRE,Cambodia,Strict,XGBoost,5,0,0.9389575123786926,1
2849,RCN08725,1207-PF-KH-CNM-GENRE,Cambodia,Strict,XGBoost,5,0,0.1510545164346695,0
2850,RCN08726,1207-PF-KH-CNM-GENRE,Cambodia,Strict,XGBoost,5,1,0.9982054233551025,1
2851,RCN08727,1207-PF-KH-CNM-GENRE,Cambodia,Strict,XGBoost,5,1,0.9964522123336792,1
2852,RCN08728,1207-PF-KH-CNM-GENRE,Cambodia,Strict,XGBoost,5,1,0.9929924011230469,1
2853,RCN08730,1207-PF-KH-CNM-GENRE,Cambodia,Strict,XGBoost,5,1,0.9958997368812561,1
2854,RCN08731,1207-PF-KH-CNM-GENRE,Cambodia,Strict,XGBoost,5,0,0.14158540964126587,0
2855,RCN08732,1207-PF-KH-CNM-GENRE,Cambodia,Strict,XGBoost,5,1,0.9936151504516602,1
2856,RCN08734,1207-PF-KH-CNM-GENRE,Cambodia,Strict,XGBoost,5,1,0.9961169958114624,1
2857,RCN08736,1207-PF-KH-CNM-GENRE,Cambodia,Strict,XGBoost,5,1,0.9947546720504761,1
2858,RCN08737,1207-PF-KH-CNM-GENRE,Cambodia,Strict,XGBoost,5,1,0.9959917664527893,1
2859,RCN08738,1207-PF-KH-CNM-GENRE,Cambodia,Strict,XGBoost,5,1,0.9698289036750793,1
2860,RCN08739,1207-PF-KH-CNM-GENRE,Cambodia,Strict,XGBoost,5,1,0.972358763217926,1
2861,RCN08740,1207-PF-KH-CNM-GENRE,Cambodia,Strict,XGBoost,5,1,0.995507001876831,1
2862,RCN08741,1207-PF-KH-CNM-GENRE,Cambodia,Strict,XGBoost,5,1,0.998272180557251,1
2863,RCN08742,1207-PF-KH-CNM-GENRE,Cambodia,Strict,XGBoost,5,1,0.998272180557251,1
2864,RCN08743,1207-PF-KH-CNM-GENRE,Cambodia,Strict,XGBoost,5,1,0.9943503737449646,1
2865,RCN08744,1207-PF-KH-CNM-GENRE,Cambodia,Strict,XGBoost,5,1,0.9959917664527893,1
2866,RCN08745,1207-PF-KH-CNM-GENRE,Cambodia,Strict,XGBoost,5,1,0.9961000680923462,1
2867,RCN08746,1207-PF-KH-CNM-GENRE,Cambodia,Strict,XGBoost,5,1,0.9957877993583679,1
2868,RCN08747,1207-PF-KH-CNM-GENRE,Cambodia,Strict,XGBoost,5,1,0.9898696541786194,1
2869,RCN08748,1207-PF-KH-CNM-GENRE,Cambodia,Strict,XGBoost,5,1,0.9934978485107422,1
2870,RCN08749,1207-PF-KH-CNM-GENRE,Cambodia,Strict,XGBoost,5,1,0.9922105073928833,1
2871,RCN08750,1207-PF-KH-CNM-GENRE,Cambodia,Strict,XGBoost,5,1,0.9961477518081665,1
2872,RCN08751,1207-PF-KH-CNM-GENRE,Cambodia,Strict,XGBoost,5,1,0.9974467754364014,1
2873,RCN08752,1207-PF-KH-CNM-GENRE,Cambodia,Strict,XGBoost,5,1,0.9968155026435852,1
2874,RCN08753,1207-PF-KH-CNM-GENRE,Cambodia,Strict,XGBoost,5,1,0.9962276220321655,1
2875,RCN08754,1207-PF-KH-CNM-GENRE,Cambodia,Strict,XGBoost,5,1,0.9975416660308838,1
2876,RCN08756,1207-PF-KH-CNM-GENRE,Cambodia,Strict,XGBoost,5,1,0.9964770674705505,1
2877,RCN08757,1207-PF-KH-CNM-GENRE,Cambodia,Strict,XGBoost,5,1,0.9964770674705505,1
2878,RCN08758,1207-PF-KH-CNM-GENRE,Cambodia,Strict,XGBoost,5,1,0.996215283870697,1
2879,RCN08759,1207-PF-KH-CNM-GENRE,Cambodia,Strict,XGBoost,5,1,0.9963411688804626,1
2880,RCN08761,1207-PF-KH-CNM-GENRE,Cambodia,Strict,XGBoost,5,1,0.995507001876831,1
2881,RCN08762,1207-PF-KH-CNM-GENRE,Cambodia,Strict,XGBoost,5,1,0.9957505464553833,1
2882,RCN08763,1207-PF-KH-CNM-GENRE,Cambodia,Strict,XGBoost,5,1,0.995507001876831,1
2883,RCN08764,1207-PF-KH-CNM-GENRE,Cambodia,Strict,XGBoost,5,1,0.9964770674705505,1
2884,RCN08765,1207-PF-KH-CNM-GENRE,Cambodia,Strict,XGBoost,5,1,0.9964125752449036,1
2885,RCN08766,1207-PF-KH-CNM-GENRE,Cambodia,Strict,XGBoost,5,1,0.9966697096824646,1
2886,RCN08767,1207-PF-KH-CNM-GENRE,Cambodia,Strict,XGBoost,5,1,0.9982054233551025,1
2887,RCN08768,1207-PF-KH-CNM-GENRE,Cambodia,Strict,XGBoost,5,1,0.9933335185050964,1
2888,RCN08769,1207-PF-KH-CNM-GENRE,Cambodia,Strict,XGBoost,5,1,0.9960505366325378,1
2889,RCN08770,1207-PF-KH-CNM-GENRE,Cambodia,Strict,XGBoost,5,1,0.97988361120224,1
2890,RCN08771,1207-PF-KH-CNM-GENRE,Cambodia,Strict,XGBoost,5,1,0.9953943490982056,1
2891,RCN08772,1207-PF-KH-CNM-GENRE,Cambodia,Strict,XGBoost,5,0,0.05775902047753334,0
2892,RCN08773,1207-PF-KH-CNM-GENRE,Cambodia,Strict,XGBoost,5,0,0.8377559781074524,1
2893,RCN08774,1207-PF-KH-CNM-GENRE,Cambodia,Strict,XGBoost,5,0,0.08962278068065643,0
2894,RCN08775,1207-PF-KH-CNM-GENRE,Cambodia,Strict,XGBoost,5,1,0.9983343482017517,1
2895,RCN08776,1207-PF-KH-CNM-GENRE,Cambodia,Strict,XGBoost,5,1,0.9938378930091858,1
2896,RCN08777,1207-PF-KH-CNM-GENRE,Cambodia,Strict,XGBoost,5,1,0.9865177273750305,1
2897,RCN08778,1207-PF-KH-CNM-GENRE,Cambodia,Strict,XGBoost,5,1,0.9945406317710876,1
2898,RCN08779,1207-PF-KH-CNM-GENRE,Cambodia,Strict,XGBoost,5,1,0.9979988932609558,1
2899,RCN08780,1207-PF-KH-CNM-GENRE,Cambodia,Strict,XGBoost,5,1,0.9956737160682678,1
2900,RCN08781,1207-PF-KH-CNM-GENRE,Cambodia,Strict,XGBoost,5,1,0.9846766591072083,1
2901,RCN08782,1207-PF-KH-CNM-GENRE,Cambodia,Strict,XGBoost,5,0,0.056805647909641266,0
2902,RCN08783,1207-PF-KH-CNM-GENRE,Cambodia,Strict,XGBoost,5,1,0.9804530143737793,1
2903,RCN08784,1207-PF-KH-CNM-GENRE,Cambodia,Strict,XGBoost,5,1,0.9962857961654663,1
3161,RCN09292,1198-PF-METF-NOSTEN,Myanmar,Strict,XGBoost,5,0,0.5351788997650146,1
3162,RCN09293,1198-PF-METF-NOSTEN,Myanmar,Strict,XGBoost,5,1,0.3909335434436798,0
3163,RCN09295,1198-PF-METF-NOSTEN,Myanmar,Strict,XGBoost,5,0,0.44174283742904663,0
3164,RCN09296,1198-PF-METF-NOSTEN,Myanmar,Strict,XGBoost,5,1,0.6144444942474365,1
3165,RCN09299,1198-PF-METF-NOSTEN,Myanmar,Strict,XGBoost,5,0,0.3681756258010864,0
3166,RCN09301,1198-PF-METF-NOSTEN,Myanmar,Strict,XGBoost,5,1,0.33914637565612793,0
3167,RCN09302,1198-PF-METF-NOSTEN,Myanmar,Strict,XGBoost,5,1,0.40692731738090515,0
3168,RCN09303,1198-PF-METF-NOSTEN,Myanmar,Strict,XGBoost,5,0,0.3909335434436798,0
3169,RCN09305,1198-PF-METF-NOSTEN,Myanmar,Strict,XGBoost,5,0,0.8940564393997192,1
3170,RCN09306,1198-PF-METF-NOSTEN,Myanmar,Strict,XGBoost,5,1,0.4332229197025299,0
3171,RCN09308,1198-PF-METF-NOSTEN,Myanmar,Strict,XGBoost,5,0,0.5579729080200195,1
3172,RCN09309,1198-PF-METF-NOSTEN,Myanmar,Strict,XGBoost,5,0,0.8670749664306641,1
3173,RCN09310,1198-PF-METF-NOSTEN,Myanmar,Strict,XGBoost,5,0,0.6762050986289978,1
3174,RCN09312,1198-PF-METF-NOSTEN,Myanmar,Strict,XGBoost,5,1,0.46873801946640015,0
3175,RCN09313,1198-PF-METF-NOSTEN,Myanmar,Strict,XGBoost,5,1,0.5175229907035828,1
3176,RCN09314,1198-PF-METF-NOSTEN,Myanmar,Strict,XGBoost,5,1,0.7252771258354187,1
3177,RCN09315,1198-PF-METF-NOSTEN,Myanmar,Strict,XGBoost,5,0,0.6762050986289978,1
3178,RCN09316,1198-PF-METF-NOSTEN,Myanmar,Strict,XGBoost,5,1,0.40692731738090515,0
3179,RCN09317,1198-PF-METF-NOSTEN,Myanmar,Strict,XGBoost,5,1,0.40692731738090515,0
3180,RCN09318,1198-PF-METF-NOSTEN,Myanmar,Strict,XGBoost,5,0,0.6767531037330627,1
3181,RCN09319,1198-PF-METF-NOSTEN,Myanmar,Strict,XGBoost,5,1,0.4967982769012451,0
3182,RCN09320,1198-PF-METF-NOSTEN,Myanmar,Strict,XGBoost,5,0,0.6767531037330627,1
3183,RCN09322,1198-PF-METF-NOSTEN,Myanmar,Strict,XGBoost,5,0,0.6805208325386047,1
3184,RCN09324,1198-PF-METF-NOSTEN,Myanmar,Strict,XGBoost,5,0,0.6814006567001343,1
3185,RCN09326,1198-PF-METF-NOSTEN,Myanmar,Strict,XGBoost,5,1,0.46841326355934143,0
3186,RCN09329,1198-PF-METF-NOSTEN,Myanmar,Strict,XGBoost,5,1,0.5553321242332458,1
3187,RCN09330,1198-PF-METF-NOSTEN,Myanmar,Strict,XGBoost,5,1,0.37333935499191284,0
3188,RCN09331,1198-PF-METF-NOSTEN,Myanmar,Strict,XGBoost,5,0,0.3838854432106018,0
3189,RCN09332,1198-PF-METF-NOSTEN,Myanmar,Strict,XGBoost,5,0,0.5810223817825317,1
3190,RCN09333,1198-PF-METF-NOSTEN,Myanmar,Strict,XGBoost,5,0,0.27674630284309387,0
3191,RCN09334,1198-PF-METF-NOSTEN,Myanmar,Strict,XGBoost,5,1,0.5592782497406006,1
3192,RCN09337,1198-PF-METF-NOSTEN,Myanmar,Strict,XGBoost,5,1,0.567520022392273,1
3193,RCN09338,1198-PF-METF-NOSTEN,Myanmar,Strict,XGBoost,5,0,0.4262697398662567,0
3194,RCN09339,1198-PF-METF-NOSTEN,Myanmar,Strict,XGBoost,5,1,0.4795781373977661,0
3195,RCN09340,1198-PF-METF-NOSTEN,Myanmar,Strict,XGBoost,5,1,0.404710590839386,0
3196,RCN09341,1198-PF-METF-NOSTEN,Myanmar,Strict,XGBoost,5,0,0.43818140029907227,0
3197,RCN09342,1198-PF-METF-NOSTEN,Myanmar,Strict,XGBoost,5,1,0.40692731738090515,0
3198,RCN09344,1198-PF-METF-NOSTEN,Myanmar,Strict,XGBoost,5,0,0.5810223817825317,1
3199,RCN09347,1198-PF-METF-NOSTEN,Myanmar,Strict,XGBoost,5,1,0.3909335434436798,0
3200,RCN09348,1198-PF-METF-NOSTEN,Myanmar,Strict,XGBoost,5,1,0.5175229907035828,1
3201,RCN09350,1198-PF-METF-NOSTEN,Myanmar,Strict,XGBoost,5,0,0.7788290977478027,1
3202,RCN09360,1198-PF-METF-NOSTEN,Myanmar,Strict,XGBoost,5,1,0.5374326109886169,1
3203,RCN09362,1198-PF-METF-NOSTEN,Myanmar,Strict,XGBoost,5,1,0.40692731738090515,0
3204,RCN09363,1198-PF-METF-NOSTEN,Myanmar,Strict,XGBoost,5,1,0.4332229197025299,0
3205,RCN09364,1198-PF-METF-NOSTEN,Myanmar,Strict,XGBoost,5,1,0.4953634738922119,0
3206,RCN09365,1198-PF-METF-NOSTEN,Myanmar,Strict,XGBoost,5,0,0.3681756258010864,0
3207,RCN09368,1198-PF-METF-NOSTEN,Myanmar,Strict,XGBoost,5,0,0.3111899495124817,0
3208,RCN09369,1198-PF-METF-NOSTEN,Myanmar,Strict,XGBoost,5,1,0.8086621761322021,1
3209,RCN09370,1198-PF-METF-NOSTEN,Myanmar,Strict,XGBoost,5,1,0.6630752682685852,1
3210,RCN09375,1198-PF-METF-NOSTEN,Myanmar,Strict,XGBoost,5,0,0.40692731738090515,0
3211,RCN09378,1198-PF-METF-NOSTEN,Myanmar,Strict,XGBoost,5,1,0.36374831199645996,0
3212,RCN09382,1198-PF-METF-NOSTEN,Myanmar,Strict,XGBoost,5,1,0.5374326109886169,1
3213,RCN09385,1198-PF-METF-NOSTEN,Myanmar,Strict,XGBoost,5,1,0.5374326109886169,1
3214,RCN09386,1198-PF-METF-NOSTEN,Myanmar,Strict,XGBoost,5,1,0.5495952367782593,1
3215,RCN09387,1198-PF-METF-NOSTEN,Myanmar,Strict,XGBoost,5,0,0.4518203139305115,0
3216,RCN09388,1198-PF-METF-NOSTEN,Myanmar,Strict,XGBoost,5,1,0.6989944577217102,1
3217,RCN09390,1198-PF-METF-NOSTEN,Myanmar,Strict,XGBoost,5,0,0.5966203808784485,1
3218,RCN09391,1198-PF-METF-NOSTEN,Myanmar,Strict,XGBoost,5,0,0.5276663303375244,1
3219,RCN09394,1198-PF-METF-NOSTEN,Myanmar,Strict,XGBoost,5,1,0.5495952367782593,1
3220,RCN09399,1198-PF-METF-NOSTEN,Myanmar,Strict,XGBoost,5,1,0.3655492961406708,0
3221,RCN09400,1198-PF-METF-NOSTEN,Myanmar,Strict,XGBoost,5,0,0.8419991135597229,1
3222,RCN09401,1198-PF-METF-NOSTEN,Myanmar,Strict,XGBoost,5,0,0.8700252175331116,1
3223,RCN09402,1198-PF-METF-NOSTEN,Myanmar,Strict,XGBoost,5,1,0.5553321242332458,1
3224,RCN09403,1198-PF-METF-NOSTEN,Myanmar,Strict,XGBoost,5,0,0.5579729080200195,1
3225,RCN09412,1198-PF-METF-NOSTEN,Myanmar,Strict,XGBoost,5,0,0.5374326109886169,1
3226,RCN09413,1198-PF-METF-NOSTEN,Myanmar,Strict,XGBoost,5,0,0.5054565072059631,1
3227,RCN09415,1198-PF-METF-NOSTEN,Myanmar,Strict,XGBoost,5,0,0.4746009111404419,0
3228,RCN09416,1198-PF-METF-NOSTEN,Myanmar,Strict,XGBoost,5,1,0.4858708679676056,0
3229,RCN09418,1198-PF-METF-NOSTEN,Myanmar,Strict,XGBoost,5,1,0.6551061272621155,1
3230,RCN09419,1198-PF-METF-NOSTEN,Myanmar,Strict,XGBoost,5,1,0.6630752682685852,1
3231,RCN09420,1198-PF-METF-NOSTEN,Myanmar,Strict,XGBoost,5,0,0.5714063048362732,1
3232,RCN09421,1198-PF-METF-NOSTEN,Myanmar,Strict,XGBoost,5,0,0.5962069630622864,1
3233,RCN09423,1198-PF-METF-NOSTEN,Myanmar,Strict,XGBoost,5,0,0.31081193685531616,0
3234,RCN09424,1198-PF-METF-NOSTEN,Myanmar,Strict,XGBoost,5,0,0.41864392161369324,0
3235,RCN09425,1198-PF-METF-NOSTEN,Myanmar,Strict,XGBoost,5,0,0.31081193685531616,0
3236,RCN09426,1198-PF-METF-NOSTEN,Myanmar,Strict,XGBoost,5,0,0.34954291582107544,0
3237,RCN09427,1198-PF-METF-NOSTEN,Myanmar,Strict,XGBoost,5,0,0.27726319432258606,0
3238,RCN09428,1198-PF-METF-NOSTEN,Myanmar,Strict,XGBoost,5,0,0.31653836369514465,0
3239,RCN09433,1198-PF-METF-NOSTEN,Myanmar,Strict,XGBoost,5,0,0.6494571566581726,1
3240,RCN09435,1198-PF-METF-NOSTEN,Myanmar,Strict,XGBoost,5,1,0.3909335434436798,0
3241,RCN09436,1198-PF-METF-NOSTEN,Myanmar,Strict,XGBoost,5,1,0.3484439551830292,0
3242,RCN09439,1198-PF-METF-NOSTEN,Myanmar,Strict,XGBoost,5,1,0.6551061272621155,1
3243,RCN09440,1198-PF-METF-NOSTEN,Myanmar,Strict,XGBoost,5,0,0.695152997970581,1
3244,RCN09441,1198-PF-METF-NOSTEN,Myanmar,Strict,XGBoost,5,0,0.6781145334243774,1
3245,RCN09443,1198-PF-METF-NOSTEN,Myanmar,Strict,XGBoost,5,0,0.27726319432258606,0
3246,RCN09446,1198-PF-METF-NOSTEN,Myanmar,Strict,XGBoost,5,0,0.695152997970581,1
3247,RCN09451,1198-PF-METF-NOSTEN,Myanmar,Strict,XGBoost,5,0,0.39521265029907227,0
3248,RCN09454,1198-PF-METF-NOSTEN,Myanmar,Strict,XGBoost,5,1,0.40692731738090515,0
3249,RCN09458,1198-PF-METF-NOSTEN,Myanmar,Strict,XGBoost,5,0,0.6844629645347595,1
3250,RCN09460,1198-PF-METF-NOSTEN,Myanmar,Strict,XGBoost,5,0,0.5800427794456482,1
3251,RCN09462,1198-PF-METF-NOSTEN,Myanmar,Strict,XGBoost,5,0,0.6909451484680176,1
3252,RCN09463,1198-PF-METF-NOSTEN,Myanmar,Strict,XGBoost,5,0,0.2717396318912506,0
3253,RCN09464,1198-PF-METF-NOSTEN,Myanmar,Strict,XGBoost,5,0,0.567520022392273,1
3254,RCN09466,1198-PF-METF-NOSTEN,Myanmar,Strict,XGBoost,5,1,0.648071825504303,1
3255,RCN09467,1198-PF-METF-NOSTEN,Myanmar,Strict,XGBoost,5,1,0.4332229197025299,0
3256,RCN09472,1198-PF-METF-NOSTEN,Myanmar,Strict,XGBoost,5,1,0.6551061272621155,1
3257,RCN09475,1198-PF-METF-NOSTEN,Myanmar,Strict,XGBoost,5,0,0.4332229197025299,0
3258,RCN09477,1198-PF-METF-NOSTEN,Myanmar,Strict,XGBoost,5,1,0.7116934061050415,1
3259,RCN09481,1198-PF-METF-NOSTEN,Myanmar,Strict,XGBoost,5,0,0.5579729080200195,1
3260,RCN09483,1198-PF-METF-NOSTEN,Myanmar,Strict,XGBoost,5,0,0.2806006968021393,0
3261,RCN09486,1198-PF-METF-NOSTEN,Myanmar,Strict,XGBoost,5,1,0.5553321242332458,1
3262,RCN09487,1198-PF-METF-NOSTEN,Myanmar,Strict,XGBoost,5,0,0.6793603897094727,1
3263,RCN09489,1198-PF-METF-NOSTEN,Myanmar,Strict,XGBoost,5,1,0.8564394116401672,1
3264,RCN09490,1198-PF-METF-NOSTEN,Myanmar,Strict,XGBoost,5,0,0.2717396318912506,0
3265,RCN09491,1198-PF-METF-NOSTEN,Myanmar,Strict,XGBoost,5,0,0.4733865261077881,0
3266,RCN09492,1198-PF-METF-NOSTEN,Myanmar,Strict,XGBoost,5,0,0.2717396318912506,0
3267,RCN09493,1198-PF-METF-NOSTEN,Myanmar,Strict,XGBoost,5,1,0.462988942861557,0
3268,RCN09494,1198-PF-METF-NOSTEN,Myanmar,Strict,XGBoost,5,1,0.5374326109886169,1
3269,RCN09495,1198-PF-METF-NOSTEN,Myanmar,Strict,XGBoost,5,1,0.5175229907035828,1
3270,RCN09501,1198-PF-METF-NOSTEN,Myanmar,Strict,XGBoost,5,1,0.8424643278121948,1
3271,RCN09503,1198-PF-METF-NOSTEN,Myanmar,Strict,XGBoost,5,1,0.5090532898902893,1
3272,RCN09504,1198-PF-METF-NOSTEN,Myanmar,Strict,XGBoost,5,1,0.3655492961406708,0
3273,RCN09505,1198-PF-METF-NOSTEN,Myanmar,Strict,XGBoost,5,1,0.3655492961406708,0
3274,RCN09506,1198-PF-METF-NOSTEN,Myanmar,Strict,XGBoost,5,1,0.40972062945365906,0
3275,RCN09507,1198-PF-METF-NOSTEN,Myanmar,Strict,XGBoost,5,1,0.6422972083091736,1
3276,RCN09509,1198-PF-METF-NOSTEN,Myanmar,Strict,XGBoost,5,1,0.8871253728866577,1
3277,RCN09512,1198-PF-METF-NOSTEN,Myanmar,Strict,XGBoost,5,0,0.3109101355075836,0
3278,RCN09515,1198-PF-METF-NOSTEN,Myanmar,Strict,XGBoost,5,0,0.2717396318912506,0
3279,RCN09518,1198-PF-METF-NOSTEN,Myanmar,Strict,XGBoost,5,0,0.2957034409046173,0
3280,RCN09519,1198-PF-METF-NOSTEN,Myanmar,Strict,XGBoost,5,0,0.5671933889389038,1
3281,RCN09520,1198-PF-METF-NOSTEN,Myanmar,Strict,XGBoost,5,0,0.695152997970581,1
3282,RCN09522,1198-PF-METF-NOSTEN,Myanmar,Strict,XGBoost,5,0,0.30231350660324097,0
3283,RCN09524,1198-PF-METF-NOSTEN,Myanmar,Strict,XGBoost,5,0,0.4332229197025299,0
3284,RCN09525,1198-PF-METF-NOSTEN,Myanmar,Strict,XGBoost,5,1,0.3909335434436798,0
3285,RCN09526,1198-PF-METF-NOSTEN,Myanmar,Strict,XGBoost,5,0,0.4883299469947815,0
3286,RCN09527,1198-PF-METF-NOSTEN,Myanmar,Strict,XGBoost,5,1,0.42501476407051086,0
3287,RCN09532,1198-PF-METF-NOSTEN,Myanmar,Strict,XGBoost,5,0,0.5671933889389038,1
3288,RCN09533,1198-PF-METF-NOSTEN,Myanmar,Strict,XGBoost,5,0,0.2717396318912506,0
3289,RCN09534,1198-PF-METF-NOSTEN,Myanmar,Strict,XGBoost,5,1,0.704156219959259,1
3290,RCN09535,1198-PF-METF-NOSTEN,Myanmar,Strict,XGBoost,5,1,0.5175229907035828,1
3291,RCN09536,1198-PF-METF-NOSTEN,Myanmar,Strict,XGBoost,5,1,0.3909335434436798,0
3292,RCN09537,1198-PF-METF-NOSTEN,Myanmar,Strict,XGBoost,5,1,0.3909335434436798,0
3293,RCN09539,1198-PF-METF-NOSTEN,Myanmar,Strict,XGBoost,5,0,0.6175965070724487,1
3294,RCN09540,1198-PF-METF-NOSTEN,Myanmar,Strict,XGBoost,5,1,0.36374831199645996,0
3295,RCN09541,1198-PF-METF-NOSTEN,Myanmar,Strict,XGBoost,5,0,0.5671933889389038,1
3296,RCN09542,1198-PF-METF-NOSTEN,Myanmar,Strict,XGBoost,5,1,0.3848268389701843,0
3297,RCN09544,1198-PF-METF-NOSTEN,Myanmar,Strict,XGBoost,5,1,0.3655492961406708,0
3298,RCN09547,1198-PF-METF-NOSTEN,Myanmar,Strict,XGBoost,5,1,0.5090532898902893,1
3299,RCN09549,1198-PF-METF-NOSTEN,Myanmar,Strict,XGBoost,5,1,0.4332229197025299,0
3300,RCN09550,1198-PF-METF-NOSTEN,Myanmar,Strict,XGBoost,5,1,0.3909335434436798,0
3301,RCN09552,1198-PF-METF-NOSTEN,Myanmar,Strict,XGBoost,5,0,0.567520022392273,1
3302,RCN09554,1198-PF-METF-NOSTEN,Myanmar,Strict,XGBoost,5,1,0.5319837927818298,1
3303,RCN09555,1198-PF-METF-NOSTEN,Myanmar,Strict,XGBoost,5,1,0.8338754773139954,1
3304,RCN09559,1198-PF-METF-NOSTEN,Myanmar,Strict,XGBoost,5,0,0.4180551767349243,0
3305,RCN09560,1198-PF-METF-NOSTEN,Myanmar,Strict,XGBoost,5,0,0.44424259662628174,0
3306,RCN09561,1198-PF-METF-NOSTEN,Myanmar,Strict,XGBoost,5,1,0.8327124714851379,1
3307,RCN09562,1198-PF-METF-NOSTEN,Myanmar,Strict,XGBoost,5,0,0.5408515930175781,1
3308,RCN09565,1198-PF-METF-NOSTEN,Myanmar,Strict,XGBoost,5,1,0.8338754773139954,1
3309,RCN09566,1198-PF-METF-NOSTEN,Myanmar,Strict,XGBoost,5,0,0.49727383255958557,0
3310,RCN09567,1198-PF-METF-NOSTEN,Myanmar,Strict,XGBoost,5,1,0.5592782497406006,1
3311,RCN09568,1198-PF-METF-NOSTEN,Myanmar,Strict,XGBoost,5,1,0.5242469906806946,1
3312,RCN09569,1198-PF-METF-NOSTEN,Myanmar,Strict,XGBoost,5,1,0.5122907161712646,1
3313,RCN09570,1198-PF-METF-NOSTEN,Myanmar,Strict,XGBoost,5,1,0.8195245265960693,1
3314,RCN09571,1198-PF-METF-NOSTEN,Myanmar,Strict,XGBoost,5,1,0.7601199746131897,1
3315,RCN09572,1198-PF-METF-NOSTEN,Myanmar,Strict,XGBoost,5,1,0.5967972874641418,1
3316,RCN09574,1198-PF-METF-NOSTEN,Myanmar,Strict,XGBoost,5,1,0.37333935499191284,0
3317,RCN09575,1198-PF-METF-NOSTEN,Myanmar,Strict,XGBoost,5,1,0.6403010487556458,1
3318,RCN09577,1198-PF-METF-NOSTEN,Myanmar,Strict,XGBoost,5,1,0.5967972874641418,1
3319,RCN09578,1198-PF-METF-NOSTEN,Myanmar,Strict,XGBoost,5,1,0.8811654448509216,1
3320,RCN09580,1198-PF-METF-NOSTEN,Myanmar,Strict,XGBoost,5,1,0.6612480282783508,1
3321,RCN09581,1198-PF-METF-NOSTEN,Myanmar,Strict,XGBoost,5,1,0.6403010487556458,1
3322,RCN09582,1198-PF-METF-NOSTEN,Myanmar,Strict,XGBoost,5,1,0.5592782497406006,1
3323,RCN09584,1198-PF-METF-NOSTEN,Myanmar,Strict,XGBoost,5,1,0.5592782497406006,1
3324,RCN09585,1198-PF-METF-NOSTEN,Myanmar,Strict,XGBoost,5,1,0.9146419167518616,1
3325,RCN09586,1198-PF-METF-NOSTEN,Myanmar,Strict,XGBoost,5,0,0.39018645882606506,0
3326,RCN09587,1198-PF-METF-NOSTEN,Myanmar,Strict,XGBoost,5,1,0.42501476407051086,0
3327,RCN09588,1198-PF-METF-NOSTEN,Myanmar,Strict,XGBoost,5,0,0.5654293894767761,1
3328,RCN09589,1198-PF-METF-NOSTEN,Myanmar,Strict,XGBoost,5,1,0.42501476407051086,0
3329,RCN09590,1198-PF-METF-NOSTEN,Myanmar,Strict,XGBoost,5,1,0.43464744091033936,0
3330,RCN09592,1198-PF-METF-NOSTEN,Myanmar,Strict,XGBoost,5,1,0.46019577980041504,0
3331,RCN09594,1198-PF-METF-NOSTEN,Myanmar,Strict,XGBoost,5,1,0.40692731738090515,0
3332,RCN09596,1198-PF-METF-NOSTEN,Myanmar,Strict,XGBoost,5,0,0.30205297470092773,0
3333,RCN09597,1198-PF-METF-NOSTEN,Myanmar,Strict,XGBoost,5,0,0.30205297470092773,0
3334,RCN09599,1198-PF-METF-NOSTEN,Myanmar,Strict,XGBoost,5,0,0.8692019581794739,1
3335,RCN09600,1198-PF-METF-NOSTEN,Myanmar,Strict,XGBoost,5,0,0.4053282141685486,0
3336,RCN09602,1198-PF-METF-NOSTEN,Myanmar,Strict,XGBoost,5,1,0.40692731738090515,0
3337,RCN09607,1198-PF-METF-NOSTEN,Myanmar,Strict,XGBoost,5,1,0.8397943377494812,1
3338,RCN09610,1198-PF-METF-NOSTEN,Myanmar,Strict,XGBoost,5,1,0.37333935499191284,0
3339,RCN09611,1198-PF-METF-NOSTEN,Myanmar,Strict,XGBoost,5,1,0.42501476407051086,0
3340,RCN09613,1198-PF-METF-NOSTEN,Myanmar,Strict,XGBoost,5,0,0.5810223817825317,1
3341,RCN09614,1198-PF-METF-NOSTEN,Myanmar,Strict,XGBoost,5,0,0.6099215745925903,1
3342,RCN09615,1198-PF-METF-NOSTEN,Myanmar,Strict,XGBoost,5,1,0.40692731738090515,0
3343,RCN09616,1198-PF-METF-NOSTEN,Myanmar,Strict,XGBoost,5,1,0.47651639580726624,0
3344,RCN09617,1198-PF-METF-NOSTEN,Myanmar,Strict,XGBoost,5,1,0.46481040120124817,0
3345,RCN09619,1198-PF-METF-NOSTEN,Myanmar,Strict,XGBoost,5,1,0.6238961219787598,1
3346,RCN09621,1198-PF-METF-NOSTEN,Myanmar,Strict,XGBoost,5,0,0.2717396318912506,0
3347,RCN09622,1198-PF-METF-NOSTEN,Myanmar,Strict,XGBoost,5,0,0.5128320455551147,1
3348,RCN09624,1198-PF-METF-NOSTEN,Myanmar,Strict,XGBoost,5,1,0.6836677193641663,1
3349,RCN09625,1198-PF-METF-NOSTEN,Myanmar,Strict,XGBoost,5,1,0.4149753153324127,0
3350,RCN09628,1198-PF-METF-NOSTEN,Myanmar,Strict,XGBoost,5,1,0.3655492961406708,0
3351,RCN09630,1198-PF-METF-NOSTEN,Myanmar,Strict,XGBoost,5,1,0.6142106056213379,1
3352,RCN09631,1198-PF-METF-NOSTEN,Myanmar,Strict,XGBoost,5,0,0.34925851225852966,0
3353,RCN09633,1198-PF-METF-NOSTEN,Myanmar,Strict,XGBoost,5,0,0.8263173699378967,1
3354,RCN09636,1198-PF-METF-NOSTEN,Myanmar,Strict,XGBoost,5,1,0.43464744091033936,0
3355,RCN09637,1198-PF-METF-NOSTEN,Myanmar,Strict,XGBoost,5,0,0.3147757351398468,0
3356,RCN09638,1198-PF-METF-NOSTEN,Myanmar,Strict,XGBoost,5,1,0.2895490229129791,0
3357,RCN09639,1198-PF-METF-NOSTEN,Myanmar,Strict,XGBoost,5,0,0.8261191248893738,1
3358,RCN09640,1198-PF-METF-NOSTEN,Myanmar,Strict,XGBoost,5,0,0.295001357793808,0
3359,RCN09641,1198-PF-METF-NOSTEN,Myanmar,Strict,XGBoost,5,0,0.2806006968021393,0
3360,RCN09644,1198-PF-METF-NOSTEN,Myanmar,Strict,XGBoost,5,1,0.3838854432106018,0
3361,RCN09647,1198-PF-METF-NOSTEN,Myanmar,Strict,XGBoost,5,0,0.42501476407051086,0
3362,RCN09649,1198-PF-METF-NOSTEN,Myanmar,Strict,XGBoost,5,0,0.8596580028533936,1
3363,RCN09652,1198-PF-METF-NOSTEN,Myanmar,Strict,XGBoost,5,1,0.4302424490451813,0
3364,RCN09653,1198-PF-METF-NOSTEN,Myanmar,Strict,XGBoost,5,1,0.5175229907035828,1
3365,RCN09654,1198-PF-METF-NOSTEN,Myanmar,Strict,XGBoost,5,1,0.3838854432106018,0
3366,RCN09655,1198-PF-METF-NOSTEN,Myanmar,Strict,XGBoost,5,1,0.8109230995178223,1
3367,RCN09656,1198-PF-METF-NOSTEN,Myanmar,Strict,XGBoost,5,1,0.5689429044723511,1
3368,RCN09657,1198-PF-METF-NOSTEN,Myanmar,Strict,XGBoost,5,1,0.8699870109558105,1
3369,RCN09658,1198-PF-METF-NOSTEN,Myanmar,Strict,XGBoost,5,1,0.648071825504303,1
3370,RCN09662,1198-PF-METF-NOSTEN,Myanmar,Strict,XGBoost,5,0,0.8289778232574463,1
3371,RCN09663,1198-PF-METF-NOSTEN,Myanmar,Strict,XGBoost,5,0,0.5552403330802917,1
3372,RCN09664,1198-PF-METF-NOSTEN,Myanmar,Strict,XGBoost,5,0,0.6842543482780457,1
3373,RCN09666,1198-PF-METF-NOSTEN,Myanmar,Strict,XGBoost,5,0,0.5776273608207703,1
3374,RCN09667,1198-PF-METF-NOSTEN,Myanmar,Strict,XGBoost,5,1,0.5242469906806946,1
3375,RCN09668,1198-PF-METF-NOSTEN,Myanmar,Strict,XGBoost,5,1,0.49727383255958557,0
3376,RCN09669,1198-PF-METF-NOSTEN,Myanmar,Strict,XGBoost,5,0,0.6275935769081116,1
3377,RCN09670,1198-PF-METF-NOSTEN,Myanmar,Strict,XGBoost,5,0,0.5437214374542236,1
3378,RCN09671,1198-PF-METF-NOSTEN,Myanmar,Strict,XGBoost,5,1,0.4786549508571625,0
3379,RCN09673,1198-PF-METF-NOSTEN,Myanmar,Strict,XGBoost,5,0,0.40206995606422424,0
3380,RCN09677,1198-PF-METF-NOSTEN,Myanmar,Strict,XGBoost,5,1,0.6403010487556458,1
3381,RCN09678,1198-PF-METF-NOSTEN,Myanmar,Strict,XGBoost,5,1,0.4758192002773285,0
3382,RCN09680,1198-PF-METF-NOSTEN,Myanmar,Strict,XGBoost,5,0,0.40206995606422424,0
3383,RCN09681,1198-PF-METF-NOSTEN,Myanmar,Strict,XGBoost,5,0,0.5437214374542236,1
3384,RCN09683,1198-PF-METF-NOSTEN,Myanmar,Strict,XGBoost,5,0,0.8452988266944885,1
3385,RCN09684,1198-PF-METF-NOSTEN,Myanmar,Strict,XGBoost,5,0,0.567520022392273,1
3386,RCN09685,1198-PF-METF-NOSTEN,Myanmar,Strict,XGBoost,5,0,0.5001005530357361,1
3387,RCN09687,1198-PF-METF-NOSTEN,Myanmar,Strict,XGBoost,5,1,0.5689429044723511,1
3388,RCN09689,1198-PF-METF-NOSTEN,Myanmar,Strict,XGBoost,5,1,0.4786549508571625,0
3389,RCN09690,1198-PF-METF-NOSTEN,Myanmar,Strict,XGBoost,5,0,0.28144577145576477,0
3390,RCN09694,1198-PF-METF-NOSTEN,Myanmar,Strict,XGBoost,5,1,0.6704348921775818,1
3391,RCN09695,1198-PF-METF-NOSTEN,Myanmar,Strict,XGBoost,5,0,0.648071825504303,1
3392,RCN09696,1198-PF-METF-NOSTEN,Myanmar,Strict,XGBoost,5,1,0.8289778232574463,1
3393,RCN09699,1198-PF-METF-NOSTEN,Myanmar,Strict,XGBoost,5,0,0.5082775354385376,1
3394,RCN09700,1198-PF-METF-NOSTEN,Myanmar,Strict,XGBoost,5,1,0.8338754773139954,1
3395,RCN09701,1198-PF-METF-NOSTEN,Myanmar,Strict,XGBoost,5,0,0.567520022392273,1
3396,RCN09702,1198-PF-METF-NOSTEN,Myanmar,Strict,XGBoost,5,0,0.4844936430454254,0
3397,RCN09703,1198-PF-METF-NOSTEN,Myanmar,Strict,XGBoost,5,1,0.8073209524154663,1
3398,RCN09704,1198-PF-METF-NOSTEN,Myanmar,Strict,XGBoost,5,1,0.5985585451126099,1
3399,RCN09705,1198-PF-METF-NOSTEN,Myanmar,Strict,XGBoost,5,0,0.46838051080703735,0
3400,RCN09708,1198-PF-METF-NOSTEN,Myanmar,Strict,XGBoost,5,0,0.42282816767692566,0
3401,RCN09709,1198-PF-METF-NOSTEN,Myanmar,Strict,XGBoost,5,1,0.5490959882736206,1
3402,RCN09710,1198-PF-METF-NOSTEN,Myanmar,Strict,XGBoost,5,1,0.9175251722335815,1
3403,RCN09711,1198-PF-METF-NOSTEN,Myanmar,Strict,XGBoost,5,0,0.4262697398662567,0
3404,RCN09712,1198-PF-METF-NOSTEN,Myanmar,Strict,XGBoost,5,1,0.4786549508571625,0
3405,RCN09713,1198-PF-METF-NOSTEN,Myanmar,Strict,XGBoost,5,0,0.5922391414642334,1
3406,RCN09714,1198-PF-METF-NOSTEN,Myanmar,Strict,XGBoost,5,0,0.11140839010477066,0
3407,RCN09715,1198-PF-METF-NOSTEN,Myanmar,Strict,XGBoost,5,1,0.8378939628601074,1
3408,RCN09716,1198-PF-METF-NOSTEN,Myanmar,Strict,XGBoost,5,1,0.8263565301895142,1
3409,RCN09717,1198-PF-METF-NOSTEN,Myanmar,Strict,XGBoost,5,0,0.5689429044723511,1
3410,RCN09718,1198-PF-METF-NOSTEN,Myanmar,Strict,XGBoost,5,1,0.5122907161712646,1
3411,RCN09719,1198-PF-METF-NOSTEN,Myanmar,Strict,XGBoost,5,0,0.4015446901321411,0
3412,RCN09720,1198-PF-METF-NOSTEN,Myanmar,Strict,XGBoost,5,1,0.46838051080703735,0
3413,RCN09721,1198-PF-METF-NOSTEN,Myanmar,Strict,XGBoost,5,0,0.6209929585456848,1
3414,RCN09722,1198-PF-METF-NOSTEN,Myanmar,Strict,XGBoost,5,0,0.5056247711181641,1
3415,RCN09723,1198-PF-METF-NOSTEN,Myanmar,Strict,XGBoost,5,0,0.8268678784370422,1
3416,RCN09725,1198-PF-METF-NOSTEN,Myanmar,Strict,XGBoost,5,0,0.8268678784370422,1
3417,RCN09726,1198-PF-METF-NOSTEN,Myanmar,Strict,XGBoost,5,1,0.5437214374542236,1
3418,RCN09728,1198-PF-METF-NOSTEN,Myanmar,Strict,XGBoost,5,1,0.8338754773139954,1
3419,RCN09729,1198-PF-METF-NOSTEN,Myanmar,Strict,XGBoost,5,1,0.5967972874641418,1
3420,RCN09734,1198-PF-METF-NOSTEN,Myanmar,Strict,XGBoost,5,0,0.6209929585456848,1
3421,RCN09735,1198-PF-METF-NOSTEN,Myanmar,Strict,XGBoost,5,1,0.5592782497406006,1
3422,RCN09736,1198-PF-METF-NOSTEN,Myanmar,Strict,XGBoost,5,1,0.5592782497406006,1
3423,RCN09737,1198-PF-METF-NOSTEN,Myanmar,Strict,XGBoost,5,0,0.567520022392273,1
3424,RCN09738,1198-PF-METF-NOSTEN,Myanmar,Strict,XGBoost,5,1,0.8378939628601074,1
3425,RCN09740,1198-PF-METF-NOSTEN,Myanmar,Strict,XGBoost,5,1,0.6702347993850708,1
3426,RCN09743,1198-PF-METF-NOSTEN,Myanmar,Strict,XGBoost,5,0,0.49727383255958557,0
3427,RCN09744,1198-PF-METF-NOSTEN,Myanmar,Strict,XGBoost,5,1,0.5592782497406006,1
3428,RCN09745,1198-PF-METF-NOSTEN,Myanmar,Strict,XGBoost,5,1,0.5759970545768738,1
3429,RCN09746,1198-PF-METF-NOSTEN,Myanmar,Strict,XGBoost,5,0,0.6953964233398438,1
3430,RCN09748,1198-PF-METF-NOSTEN,Myanmar,Strict,XGBoost,5,0,0.5392047166824341,1
3431,RCN09749,1198-PF-METF-NOSTEN,Myanmar,Strict,XGBoost,5,0,0.4762500822544098,0
3432,RCN09751,1198-PF-METF-NOSTEN,Myanmar,Strict,XGBoost,5,1,0.5392047166824341,1
3433,RCN09753,1198-PF-METF-NOSTEN,Myanmar,Strict,XGBoost,5,1,0.46838051080703735,0
3434,RCN09756,1198-PF-METF-NOSTEN,Myanmar,Strict,XGBoost,5,1,0.5490959882736206,1
3435,RCN09757,1198-PF-METF-NOSTEN,Myanmar,Strict,XGBoost,5,0,0.40206995606422424,0
3436,RCN09759,1198-PF-METF-NOSTEN,Myanmar,Strict,XGBoost,5,0,0.4795781373977661,0
3437,RCN09760,1198-PF-METF-NOSTEN,Myanmar,Strict,XGBoost,5,1,0.507099986076355,1
3438,RCN09761,1198-PF-METF-NOSTEN,Myanmar,Strict,XGBoost,5,0,0.6660703420639038,1
3439,RCN09763,1198-PF-METF-NOSTEN,Myanmar,Strict,XGBoost,5,0,0.6275935769081116,1
3440,RCN09764,1198-PF-METF-NOSTEN,Myanmar,Strict,XGBoost,5,0,0.6660703420639038,1
3441,RCN09765,1198-PF-METF-NOSTEN,Myanmar,Strict,XGBoost,5,0,0.40206995606422424,0
3442,RCN09767,1198-PF-METF-NOSTEN,Myanmar,Strict,XGBoost,5,0,0.8231702446937561,1
3443,RCN09768,1198-PF-METF-NOSTEN,Myanmar,Strict,XGBoost,5,0,0.44006937742233276,0
3444,RCN09771,1198-PF-METF-NOSTEN,Myanmar,Strict,XGBoost,5,0,0.5122907161712646,1
3445,RCN09772,1198-PF-METF-NOSTEN,Myanmar,Strict,XGBoost,5,0,0.3994944989681244,0
3446,RCN09773,1198-PF-METF-NOSTEN,Myanmar,Strict,XGBoost,5,0,0.47133493423461914,0
3447,RCN09774,1198-PF-METF-NOSTEN,Myanmar,Strict,XGBoost,5,1,0.6660703420639038,1
3448,RCN09776,1198-PF-METF-NOSTEN,Myanmar,Strict,XGBoost,5,1,0.5056338310241699,1
3449,RCN09777,1198-PF-METF-NOSTEN,Myanmar,Strict,XGBoost,5,0,0.8266977071762085,1
3450,RCN09780,1198-PF-METF-NOSTEN,Myanmar,Strict,XGBoost,5,1,0.5490959882736206,1
3451,RCN09782,1198-PF-METF-NOSTEN,Myanmar,Strict,XGBoost,5,0,0.40151551365852356,0
3452,RCN09783,1198-PF-METF-NOSTEN,Myanmar,Strict,XGBoost,5,1,0.4953306019306183,0
3453,RCN09784,1198-PF-METF-NOSTEN,Myanmar,Strict,XGBoost,5,0,0.40416204929351807,0
3454,RCN09785,1198-PF-METF-NOSTEN,Myanmar,Strict,XGBoost,5,0,0.40206995606422424,0
3455,RCN09786,1198-PF-METF-NOSTEN,Myanmar,Strict,XGBoost,5,0,0.3794516623020172,0
3456,RCN09787,1198-PF-METF-NOSTEN,Myanmar,Strict,XGBoost,5,1,0.5122907161712646,1
3457,RCN09788,1198-PF-METF-NOSTEN,Myanmar,Strict,XGBoost,5,1,0.8282402753829956,1
3458,RCN09791,1198-PF-METF-NOSTEN,Myanmar,Strict,XGBoost,5,0,0.49727383255958557,0
3459,RCN09792,1198-PF-METF-NOSTEN,Myanmar,Strict,XGBoost,5,1,0.6660703420639038,1
3460,RCN09793,1198-PF-METF-NOSTEN,Myanmar,Strict,XGBoost,5,0,0.8293325304985046,1
3461,RCN09794,1198-PF-METF-NOSTEN,Myanmar,Strict,XGBoost,5,0,0.9095180034637451,1
3462,RCN09796,1198-PF-METF-NOSTEN,Myanmar,Strict,XGBoost,5,0,0.676884114742279,1
3463,RCN09798,1198-PF-METF-NOSTEN,Myanmar,Strict,XGBoost,5,1,0.5408515930175781,1
3464,RCN09800,1198-PF-METF-NOSTEN,Myanmar,Strict,XGBoost,5,1,0.8604715466499329,1
3465,RCN09805,1198-PF-METF-NOSTEN,Myanmar,Strict,XGBoost,5,0,0.42565450072288513,0
3466,RCN09809,1198-PF-METF-NOSTEN,Myanmar,Strict,XGBoost,5,1,0.46838051080703735,0
3467,RCN09811,1198-PF-METF-NOSTEN,Myanmar,Strict,XGBoost,5,1,0.567520022392273,1
3468,RCN09812,1198-PF-METF-NOSTEN,Myanmar,Strict,XGBoost,5,1,0.5408515930175781,1
3469,RCN09813,1198-PF-METF-NOSTEN,Myanmar,Strict,XGBoost,5,0,0.6403010487556458,1
3470,RCN09816,1198-PF-METF-NOSTEN,Myanmar,Strict,XGBoost,5,1,0.567520022392273,1
3471,RCN09818,1198-PF-METF-NOSTEN,Myanmar,Strict,XGBoost,5,1,0.5689429044723511,1
3472,RCN09819,1198-PF-METF-NOSTEN,Myanmar,Strict,XGBoost,5,0,0.413446843624115,0
3473,RCN09820,1198-PF-METF-NOSTEN,Myanmar,Strict,XGBoost,5,0,0.567520022392273,1
3474,RCN09823,1198-PF-METF-NOSTEN,Myanmar,Strict,XGBoost,5,1,0.8338754773139954,1
3475,RCN09825,1198-PF-METF-NOSTEN,Myanmar,Strict,XGBoost,5,0,0.8541626334190369,1
3476,RCN09826,1198-PF-METF-NOSTEN,Myanmar,Strict,XGBoost,5,1,0.5242469906806946,1
3477,RCN09827,1198-PF-METF-NOSTEN,Myanmar,Strict,XGBoost,5,0,0.940872848033905,1
3478,RCN09828,1198-PF-METF-NOSTEN,Myanmar,Strict,XGBoost,5,1,0.6819379925727844,1
3479,RCN09829,1198-PF-METF-NOSTEN,Myanmar,Strict,XGBoost,5,1,0.5168348550796509,1
3480,RCN09832,1198-PF-METF-NOSTEN,Myanmar,Strict,XGBoost,5,1,0.6819379925727844,1
3481,RCN09834,1198-PF-METF-NOSTEN,Myanmar,Strict,XGBoost,5,0,0.42657190561294556,0
3482,RCN09835,1198-PF-METF-NOSTEN,Myanmar,Strict,XGBoost,5,1,0.5490959882736206,1
3483,RCN09836,1198-PF-METF-NOSTEN,Myanmar,Strict,XGBoost,5,1,0.6403010487556458,1
3484,RCN09837,1198-PF-METF-NOSTEN,Myanmar,Strict,XGBoost,5,1,0.8046192526817322,1
3485,RCN09839,1198-PF-METF-NOSTEN,Myanmar,Strict,XGBoost,5,1,0.5437214374542236,1
3486,RCN09842,1198-PF-METF-NOSTEN,Myanmar,Strict,XGBoost,5,1,0.5689429044723511,1
3487,RCN09845,1198-PF-METF-NOSTEN,Myanmar,Strict,XGBoost,5,1,0.6289340257644653,1
3488,RCN09847,1198-PF-METF-NOSTEN,Myanmar,Strict,XGBoost,5,1,0.7171835899353027,1
3489,RCN09850,1198-PF-METF-NOSTEN,Myanmar,Strict,XGBoost,5,1,0.567520022392273,1
3490,RCN09851,1198-PF-METF-NOSTEN,Myanmar,Strict,XGBoost,5,0,0.5650054216384888,1
3491,RCN09852,1198-PF-METF-NOSTEN,Myanmar,Strict,XGBoost,5,1,0.6050997376441956,1
3492,RCN09853,1198-PF-METF-NOSTEN,Myanmar,Strict,XGBoost,5,0,0.8375635743141174,1
3493,RCN09854,1198-PF-METF-NOSTEN,Myanmar,Strict,XGBoost,5,1,0.48114776611328125,0
3494,RCN09855,1198-PF-METF-NOSTEN,Myanmar,Strict,XGBoost,5,1,0.5490959882736206,1
3495,RCN09856,1198-PF-METF-NOSTEN,Myanmar,Strict,XGBoost,5,0,0.40206995606422424,0
3496,RCN09857,1198-PF-METF-NOSTEN,Myanmar,Strict,XGBoost,5,1,0.4357961118221283,0
3497,RCN09863,1198-PF-METF-NOSTEN,Myanmar,Strict,XGBoost,5,0,0.695152997970581,1
3498,RCN09864,1198-PF-METF-NOSTEN,Myanmar,Strict,XGBoost,5,1,0.34153038263320923,0
3499,RCN09865,1198-PF-METF-NOSTEN,Myanmar,Strict,XGBoost,5,1,0.4332229197025299,0
3500,RCN09868,1198-PF-METF-NOSTEN,Myanmar,Strict,XGBoost,5,1,0.8718274831771851,1
3501,RCN09874,1198-PF-METF-NOSTEN,Myanmar,Strict,XGBoost,5,0,0.5320577025413513,1
3502,RCN09878,1198-PF-METF-NOSTEN,Myanmar,Strict,XGBoost,5,0,0.40165483951568604,0
3503,RCN09880,1198-PF-METF-NOSTEN,Myanmar,Strict,XGBoost,5,0,0.6819379925727844,1
3504,RCN09881,1198-PF-METF-NOSTEN,Myanmar,Strict,XGBoost,5,1,0.5967972874641418,1
3505,RCN09884,1198-PF-METF-NOSTEN,Myanmar,Strict,XGBoost,5,1,0.8254988789558411,1
3506,RCN09888,1198-PF-METF-NOSTEN,Myanmar,Strict,XGBoost,5,0,0.833110511302948,1
3507,RCN09889,1198-PF-METF-NOSTEN,Myanmar,Strict,XGBoost,5,0,0.5392047166824341,1
3508,RCN09890,1198-PF-METF-NOSTEN,Myanmar,Strict,XGBoost,5,1,0.5056338310241699,1
3509,RCN09892,1198-PF-METF-NOSTEN,Myanmar,Strict,XGBoost,5,0,0.6369801163673401,1
3510,RCN09893,1198-PF-METF-NOSTEN,Myanmar,Strict,XGBoost,5,1,0.5056338310241699,1
3511,RCN09894,1198-PF-METF-NOSTEN,Myanmar,Strict,XGBoost,5,1,0.7570206522941589,1
3512,RCN09895,1198-PF-METF-NOSTEN,Myanmar,Strict,XGBoost,5,1,0.34072616696357727,0
3513,RCN09898,1198-PF-METF-NOSTEN,Myanmar,Strict,XGBoost,5,1,0.49727383255958557,0
3514,RCN09899,1198-PF-METF-NOSTEN,Myanmar,Strict,XGBoost,5,0,0.5408515930175781,1
3515,RCN09900,1198-PF-METF-NOSTEN,Myanmar,Strict,XGBoost,5,1,0.824656069278717,1
3516,RCN09901,1198-PF-METF-NOSTEN,Myanmar,Strict,XGBoost,5,1,0.824656069278717,1
3517,RCN09902,1198-PF-METF-NOSTEN,Myanmar,Strict,XGBoost,5,1,0.8220099806785583,1
3518,RCN09904,1198-PF-METF-NOSTEN,Myanmar,Strict,XGBoost,5,1,0.676884114742279,1
3519,RCN09905,1198-PF-METF-NOSTEN,Myanmar,Strict,XGBoost,5,1,0.5056338310241699,1
3520,RCN09906,1198-PF-METF-NOSTEN,Myanmar,Strict,XGBoost,5,0,0.3864462077617645,0
3521,RCN09907,1198-PF-METF-NOSTEN,Myanmar,Strict,XGBoost,5,0,0.40206995606422424,0
3522,RCN09908,1198-PF-METF-NOSTEN,Myanmar,Strict,XGBoost,5,1,0.8338754773139954,1
3523,RCN09910,1198-PF-METF-NOSTEN,Myanmar,Strict,XGBoost,5,0,0.3929068446159363,0
3524,RCN09911,1198-PF-METF-NOSTEN,Myanmar,Strict,XGBoost,5,1,0.6842543482780457,1
3525,RCN09912,1198-PF-METF-NOSTEN,Myanmar,Strict,XGBoost,5,0,0.3794516623020172,0
3526,RCN09913,1198-PF-METF-NOSTEN,Myanmar,Strict,XGBoost,5,1,0.5592782497406006,1
3527,RCN09914,1198-PF-METF-NOSTEN,Myanmar,Strict,XGBoost,5,0,0.3794516623020172,0
3528,RCN09915,1198-PF-METF-NOSTEN,Myanmar,Strict,XGBoost,5,1,0.6643363833427429,1
3529,RCN09916,1198-PF-METF-NOSTEN,Myanmar,Strict,XGBoost,5,1,0.6050997376441956,1
3530,RCN09919,1198-PF-METF-NOSTEN,Myanmar,Strict,XGBoost,5,1,0.6403010487556458,1
3531,RCN09920,1198-PF-METF-NOSTEN,Myanmar,Strict,XGBoost,5,1,0.5242469906806946,1
3532,RCN09921,1198-PF-METF-NOSTEN,Myanmar,Strict,XGBoost,5,1,0.6552743911743164,1
3533,RCN09922,1198-PF-METF-NOSTEN,Myanmar,Strict,XGBoost,5,0,0.4177711308002472,0
3534,RCN09923,1198-PF-METF-NOSTEN,Myanmar,Strict,XGBoost,5,1,0.8266493082046509,1
3535,RCN09924,1198-PF-METF-NOSTEN,Myanmar,Strict,XGBoost,5,1,0.6209607124328613,1
3536,RCN09925,1198-PF-METF-NOSTEN,Myanmar,Strict,XGBoost,5,0,0.4180551767349243,0
3537,RCN09926,1198-PF-METF-NOSTEN,Myanmar,Strict,XGBoost,5,1,0.6552743911743164,1
3538,RCN09927,1198-PF-METF-NOSTEN,Myanmar,Strict,XGBoost,5,1,0.5967972874641418,1
3539,RCN09928,1198-PF-METF-NOSTEN,Myanmar,Strict,XGBoost,5,1,0.8308128118515015,1
3540,RCN09929,1198-PF-METF-NOSTEN,Myanmar,Strict,XGBoost,5,0,0.834294319152832,1
3541,RCN09930,1198-PF-METF-NOSTEN,Myanmar,Strict,XGBoost,5,0,0.5286867618560791,1
3542,RCN09931,1198-PF-METF-NOSTEN,Myanmar,Strict,XGBoost,5,0,0.4015446901321411,0
3543,RCN09932,1198-PF-METF-NOSTEN,Myanmar,Strict,XGBoost,5,0,0.6724119186401367,1
3544,RCN09933,1198-PF-METF-NOSTEN,Myanmar,Strict,XGBoost,5,0,0.10888826102018356,0
3545,RCN09934,1198-PF-METF-NOSTEN,Myanmar,Strict,XGBoost,5,1,0.5242469906806946,1
3546,RCN09935,1198-PF-METF-NOSTEN,Myanmar,Strict,XGBoost,5,1,0.5168348550796509,1
3547,RCN09936,1198-PF-METF-NOSTEN,Myanmar,Strict,XGBoost,5,1,0.8101349472999573,1
3548,RCN09939,1198-PF-METF-NOSTEN,Myanmar,Strict,XGBoost,5,1,0.5490959882736206,1
3549,RCN09940,1198-PF-METF-NOSTEN,Myanmar,Strict,XGBoost,5,0,0.4180551767349243,0
3550,RCN09941,1198-PF-METF-NOSTEN,Myanmar,Strict,XGBoost,5,1,0.8864881992340088,1
3551,RCN09942,1198-PF-METF-NOSTEN,Myanmar,Strict,XGBoost,5,0,0.40165483951568604,0
3552,RCN09943,1198-PF-METF-NOSTEN,Myanmar,Strict,XGBoost,5,1,0.6552743911743164,1
3553,RCN09944,1198-PF-METF-NOSTEN,Myanmar,Strict,XGBoost,5,1,0.5056338310241699,1
3554,RCN09945,1198-PF-METF-NOSTEN,Myanmar,Strict,XGBoost,5,0,0.7033711075782776,1
3555,RCN09946,1198-PF-METF-NOSTEN,Myanmar,Strict,XGBoost,5,0,0.6819379925727844,1
3556,RCN09948,1198-PF-METF-NOSTEN,Myanmar,Strict,XGBoost,5,1,0.4953306019306183,0
3557,RCN09950,1198-PF-METF-NOSTEN,Myanmar,Strict,XGBoost,5,0,0.9052926898002625,1
3558,RCN09951,1198-PF-METF-NOSTEN,Myanmar,Strict,XGBoost,5,1,0.8046192526817322,1
3559,RCN09952,1198-PF-METF-NOSTEN,Myanmar,Strict,XGBoost,5,1,0.8046192526817322,1
3560,RCN09953,1198-PF-METF-NOSTEN,Myanmar,Strict,XGBoost,5,1,0.6786738038063049,1
3561,RCN09954,1198-PF-METF-NOSTEN,Myanmar,Strict,XGBoost,5,1,0.5122907161712646,1
3562,RCN09955,1198-PF-METF-NOSTEN,Myanmar,Strict,XGBoost,5,0,0.5001005530357361,1
3563,RCN09956,1198-PF-METF-NOSTEN,Myanmar,Strict,XGBoost,5,1,0.655997633934021,1
3564,RCN09958,1198-PF-METF-NOSTEN,Myanmar,Strict,XGBoost,5,0,0.7387003302574158,1
3565,RCN09959,1198-PF-METF-NOSTEN,Myanmar,Strict,XGBoost,5,1,0.5592782497406006,1
3566,RCN09960,1198-PF-METF-NOSTEN,Myanmar,Strict,XGBoost,5,1,0.5967972874641418,1
3567,RCN09961,1198-PF-METF-NOSTEN,Myanmar,Strict,XGBoost,5,1,0.6050997376441956,1
3568,RCN09962,1198-PF-METF-NOSTEN,Myanmar,Strict,XGBoost,5,1,0.8042253255844116,1
3569,RCN09963,1198-PF-METF-NOSTEN,Myanmar,Strict,XGBoost,5,1,0.46838051080703735,0
3570,RCN09964,1198-PF-METF-NOSTEN,Myanmar,Strict,XGBoost,5,1,0.5408515930175781,1
3571,RCN09965,1198-PF-METF-NOSTEN,Myanmar,Strict,XGBoost,5,1,0.6552743911743164,1
3572,RCN09967,1198-PF-METF-NOSTEN,Myanmar,Strict,XGBoost,5,1,0.5967972874641418,1
3573,RCN09969,1198-PF-METF-NOSTEN,Myanmar,Strict,XGBoost,5,1,0.7570206522941589,1
3574,RCN09970,1198-PF-METF-NOSTEN,Myanmar,Strict,XGBoost,5,1,0.6551061272621155,1
3575,RCN09973,1198-PF-METF-NOSTEN,Myanmar,Strict,XGBoost,5,1,0.5392047166824341,1
3576,RCN09974,1198-PF-METF-NOSTEN,Myanmar,Strict,XGBoost,5,1,0.8046192526817322,1
3577,RCN09978,1198-PF-METF-NOSTEN,Myanmar,Strict,XGBoost,5,1,0.8101349472999573,1
3578,RCN09979,1198-PF-METF-NOSTEN,Myanmar,Strict,XGBoost,5,1,0.5408515930175781,1
3579,RCN09986,1198-PF-METF-NOSTEN,Myanmar,Strict,XGBoost,5,1,0.8649628758430481,1
3580,RCN09987,1198-PF-METF-NOSTEN,Myanmar,Strict,XGBoost,5,1,0.5408515930175781,1
3581,RCN09988,1198-PF-METF-NOSTEN,Myanmar,Strict,XGBoost,5,0,0.824656069278717,1
3582,RCN09990,1198-PF-METF-NOSTEN,Myanmar,Strict,XGBoost,5,1,0.40151551365852356,0
3583,RCN09992,1198-PF-METF-NOSTEN,Myanmar,Strict,XGBoost,5,0,0.5437214374542236,1
3584,RCN09994,1198-PF-METF-NOSTEN,Myanmar,Strict,XGBoost,5,0,0.5408515930175781,1
3585,RCN10000,1198-PF-METF-NOSTEN,Myanmar,Strict,XGBoost,5,1,0.4332229197025299,0
3586,RCN10002,1198-PF-METF-NOSTEN,Myanmar,Strict,XGBoost,5,1,0.5553321242332458,1
3587,RCN10003,1198-PF-METF-NOSTEN,Myanmar,Strict,XGBoost,5,1,0.6620943546295166,1
3588,RCN10004,1198-PF-METF-NOSTEN,Myanmar,Strict,XGBoost,5,1,0.7750254273414612,1
3589,RCN10006,1198-PF-METF-NOSTEN,Myanmar,Strict,XGBoost,5,1,0.462988942861557,0
3590,RCN10007,1198-PF-METF-NOSTEN,Myanmar,Strict,XGBoost,5,1,0.5553321242332458,1
3591,RCN10008,1198-PF-METF-NOSTEN,Myanmar,Strict,XGBoost,5,1,0.5408515930175781,1
3592,RCN10009,1198-PF-METF-NOSTEN,Myanmar,Strict,XGBoost,5,1,0.6644035577774048,1
3593,RCN10010,1198-PF-METF-NOSTEN,Myanmar,Strict,XGBoost,5,0,0.30205297470092773,0
3594,RCN10011,1198-PF-METF-NOSTEN,Myanmar,Strict,XGBoost,5,0,0.5001005530357361,1
3595,RCN10012,1198-PF-METF-NOSTEN,Myanmar,Strict,XGBoost,5,1,0.49727383255958557,0
3596,RCN10014,1198-PF-METF-NOSTEN,Myanmar,Strict,XGBoost,5,0,0.5747734308242798,1
3597,RCN10015,1198-PF-METF-NOSTEN,Myanmar,Strict,XGBoost,5,0,0.295001357793808,0
3598,RCN10016,1198-PF-METF-NOSTEN,Myanmar,Strict,XGBoost,5,0,0.6289340257644653,1
3599,RCN10019,1198-PF-METF-NOSTEN,Myanmar,Strict,XGBoost,5,1,0.49727383255958557,0
3600,RCN10021,1198-PF-METF-NOSTEN,Thailand,Strict,XGBoost,5,1,0.061325784772634506,0
4556,RCN12435,1238-PF-VN-NIMPE-GENRE,Vietnam,Strict,XGBoost,5,1,0.9953486323356628,1
4557,RCN12437,1238-PF-VN-NIMPE-GENRE,Vietnam,Strict,XGBoost,5,0,0.5842332243919373,1
4558,RCN12438,1238-PF-VN-NIMPE-GENRE,Vietnam,Strict,XGBoost,5,1,0.9982825517654419,1
4559,RCN12453,1238-PF-VN-NIMPE-GENRE,Vietnam,Strict,XGBoost,5,1,0.9976730942726135,1
4560,RCN12454,1238-PF-VN-NIMPE-GENRE,Vietnam,Strict,XGBoost,5,1,0.9982420206069946,1
4561,RCN12456,1238-PF-VN-NIMPE-GENRE,Vietnam,Strict,XGBoost,5,1,0.9980231523513794,1
4562,RCN12458,1238-PF-VN-NIMPE-GENRE,Vietnam,Strict,XGBoost,5,1,0.9982193112373352,1
4563,RCN12459,1238-PF-VN-NIMPE-GENRE,Vietnam,Strict,XGBoost,5,1,0.9751732349395752,1
4564,RCN12461,1238-PF-VN-NIMPE-GENRE,Vietnam,Strict,XGBoost,5,1,0.9971060156822205,1
4565,RCN12462,1238-PF-VN-NIMPE-GENRE,Vietnam,Strict,XGBoost,5,1,0.9883556365966797,1
4566,RCN12466,1238-PF-VN-NIMPE-GENRE,Vietnam,Strict,XGBoost,5,1,0.9957072734832764,1
4567,RCN12468,1238-PF-VN-NIMPE-GENRE,Vietnam,Strict,XGBoost,5,1,0.9975219368934631,1
4568,RCN12469,1238-PF-VN-NIMPE-GENRE,Vietnam,Strict,XGBoost,5,1,0.9953486323356628,1
4569,RCN12476,1238-PF-VN-NIMPE-GENRE,Vietnam,Strict,XGBoost,5,1,0.995628833770752,1
4570,RCN12478,1238-PF-VN-NIMPE-GENRE,Vietnam,Strict,XGBoost,5,1,0.9982420206069946,1
4571,RCN12479,1238-PF-VN-NIMPE-GENRE,Vietnam,Strict,XGBoost,5,1,0.9745650887489319,1
4572,RCN12480,1238-PF-VN-NIMPE-GENRE,Vietnam,Strict,XGBoost,5,1,0.9948779344558716,1
4573,RCN12481,1238-PF-VN-NIMPE-GENRE,Vietnam,Strict,XGBoost,5,1,0.9864120483398438,1
4574,RCN12482,1238-PF-VN-NIMPE-GENRE,Vietnam,Strict,XGBoost,5,1,0.9981820583343506,1
4575,RCN12483,1238-PF-VN-NIMPE-GENRE,Vietnam,Strict,XGBoost,5,1,0.9745650887489319,1
4576,RCN12484,1238-PF-VN-NIMPE-GENRE,Vietnam,Strict,XGBoost,5,1,0.8248521685600281,1
4577,RCN12485,1238-PF-VN-NIMPE-GENRE,Vietnam,Strict,XGBoost,5,1,0.9980231523513794,1
4578,RCN12486,1238-PF-VN-NIMPE-GENRE,Vietnam,Strict,XGBoost,5,1,0.9908231496810913,1
4579,RCN12489,1238-PF-VN-NIMPE-GENRE,Vietnam,Strict,XGBoost,5,1,0.9982420206069946,1
4580,RCN12490,1238-PF-VN-NIMPE-GENRE,Vietnam,Strict,XGBoost,5,1,0.9957072734832764,1
4581,RCN12493,1238-PF-VN-NIMPE-GENRE,Vietnam,Strict,XGBoost,5,1,0.9917948842048645,1
4582,RCN12494,1238-PF-VN-NIMPE-GENRE,Vietnam,Strict,XGBoost,5,1,0.9951686859130859,1
4583,RCN12495,1238-PF-VN-NIMPE-GENRE,Vietnam,Strict,XGBoost,5,1,0.9980231523513794,1
4584,RCN12496,1238-PF-VN-NIMPE-GENRE,Vietnam,Strict,XGBoost,5,1,0.9707693457603455,1
4585,RCN12497,1238-PF-VN-NIMPE-GENRE,Vietnam,Strict,XGBoost,5,1,0.9957323670387268,1
4586,RCN12501,1238-PF-VN-NIMPE-GENRE,Vietnam,Strict,XGBoost,5,0,0.16791453957557678,0
4587,RCN12504,1238-PF-VN-NIMPE-GENRE,Vietnam,Strict,XGBoost,5,1,0.995628833770752,1
4588,RCN12505,1238-PF-VN-NIMPE-GENRE,Vietnam,Strict,XGBoost,5,1,0.9957072734832764,1
4589,RCN12506,1238-PF-VN-NIMPE-GENRE,Vietnam,Strict,XGBoost,5,1,0.998347282409668,1
4590,RCN12510,1238-PF-VN-NIMPE-GENRE,Vietnam,Strict,XGBoost,5,1,0.99595046043396,1
4591,RCN12511,1238-PF-VN-NIMPE-GENRE,Vietnam,Strict,XGBoost,5,1,0.9981787204742432,1
4592,RCN12512,1238-PF-VN-NIMPE-GENRE,Vietnam,Strict,XGBoost,5,1,0.9950798749923706,1
4593,RCN12514,1238-PF-VN-NIMPE-GENRE,Vietnam,Strict,XGBoost,5,1,0.9950980544090271,1
4594,RCN12520,1238-PF-VN-NIMPE-GENRE,Vietnam,Strict,XGBoost,5,1,0.9983851909637451,1
4595,RCN12522,1238-PF-VN-NIMPE-GENRE,Vietnam,Strict,XGBoost,5,1,0.9098615646362305,1
4596,RCN12528,1238-PF-VN-NIMPE-GENRE,Vietnam,Strict,XGBoost,5,1,0.9983851909637451,1
4597,RCN12547,1238-PF-VN-NIMPE-GENRE,Vietnam,Strict,XGBoost,5,1,0.9959783554077148,1
4598,RCN12548,1238-PF-VN-NIMPE-GENRE,Vietnam,Strict,XGBoost,5,1,0.9964220523834229,1
4599,RCN12550,1238-PF-VN-NIMPE-GENRE,Vietnam,Strict,XGBoost,5,1,0.9973860383033752,1
4600,RCN12553,1238-PF-VN-NIMPE-GENRE,Vietnam,Strict,XGBoost,5,1,0.9962707757949829,1
4601,RCN12558,1238-PF-VN-NIMPE-GENRE,Vietnam,Strict,XGBoost,5,1,0.9945865869522095,1
4602,RCN12560,1238-PF-VN-NIMPE-GENRE,Vietnam,Strict,XGBoost,5,1,0.8474810123443604,1
4603,RCN12562,1238-PF-VN-NIMPE-GENRE,Vietnam,Strict,XGBoost,5,0,0.6708213686943054,1
4604,RCN12563,1238-PF-VN-NIMPE-GENRE,Vietnam,Strict,XGBoost,5,1,0.9949899315834045,1
4605,RCN12566,1238-PF-VN-NIMPE-GENRE,Vietnam,Strict,XGBoost,5,1,0.9980006814002991,1
4606,RCN12567,1238-PF-VN-NIMPE-GENRE,Vietnam,Strict,XGBoost,5,1,0.9932706952095032,1
4607,RCN12569,1238-PF-VN-NIMPE-GENRE,Vietnam,Strict,XGBoost,5,1,0.9974486231803894,1
4608,RCN12570,1238-PF-VN-NIMPE-GENRE,Vietnam,Strict,XGBoost,5,1,0.9982989430427551,1
4609,RCN12571,1238-PF-VN-NIMPE-GENRE,Vietnam,Strict,XGBoost,5,1,0.995195209980011,1
4610,RCN12574,1238-PF-VN-NIMPE-GENRE,Vietnam,Strict,XGBoost,5,0,0.3433612883090973,0
4611,RCN12575,1238-PF-VN-NIMPE-GENRE,Vietnam,Strict,XGBoost,5,1,0.9950894713401794,1
4612,RCN12576,1238-PF-VN-NIMPE-GENRE,Vietnam,Strict,XGBoost,5,1,0.9907934069633484,1
4613,RCN12577,1238-PF-VN-NIMPE-GENRE,Vietnam,Strict,XGBoost,5,1,0.9944118857383728,1
4614,RCN12584,1238-PF-VN-NIMPE-GENRE,Vietnam,Strict,XGBoost,5,1,0.9891067147254944,1
4615,RCN12586,1238-PF-VN-NIMPE-GENRE,Vietnam,Strict,XGBoost,5,1,0.9955501556396484,1
4616,RCN12587,1238-PF-VN-NIMPE-GENRE,Vietnam,Strict,XGBoost,5,1,0.9964156150817871,1
4617,RCN12590,1238-PF-VN-NIMPE-GENRE,Vietnam,Strict,XGBoost,5,1,0.994236171245575,1
4618,RCN12591,1238-PF-VN-NIMPE-GENRE,Vietnam,Strict,XGBoost,5,1,0.749415397644043,1
4619,RCN12592,1238-PF-VN-NIMPE-GENRE,Vietnam,Strict,XGBoost,5,1,0.9982855916023254,1
4682,RCN12770,1238-PF-VN-NIMPE-GENRE,Vietnam,Strict,XGBoost,5,1,0.8336423635482788,1
4683,RCN12772,1238-PF-VN-NIMPE-GENRE,Vietnam,Strict,XGBoost,5,1,0.9964156150817871,1
4684,RCN12773,1238-PF-VN-NIMPE-GENRE,Vietnam,Strict,XGBoost,5,1,0.996582567691803,1
4685,RCN12774,1238-PF-VN-NIMPE-GENRE,Vietnam,Strict,XGBoost,5,1,0.9952240586280823,1
4686,RCN12775,1238-PF-VN-NIMPE-GENRE,Vietnam,Strict,XGBoost,5,1,0.992992639541626,1
4687,RCN12776,1238-PF-VN-NIMPE-GENRE,Vietnam,Strict,XGBoost,5,1,0.9932219982147217,1
4688,RCN12780,1238-PF-VN-NIMPE-GENRE,Vietnam,Strict,XGBoost,5,1,0.9983227849006653,1
4689,RCN12781,1238-PF-VN-NIMPE-GENRE,Vietnam,Strict,XGBoost,5,1,0.9982142448425293,1
4690,RCN12784,1238-PF-VN-NIMPE-GENRE,Vietnam,Strict,XGBoost,5,1,0.9768645167350769,1
4691,RCN12785,1238-PF-VN-NIMPE-GENRE,Vietnam,Strict,XGBoost,5,1,0.9951328635215759,1
4692,RCN12786,1238-PF-VN-NIMPE-GENRE,Vietnam,Strict,XGBoost,5,1,0.8973193764686584,1
4693,RCN12787,1238-PF-VN-NIMPE-GENRE,Vietnam,Strict,XGBoost,5,1,0.9901008605957031,1
4694,RCN12788,1238-PF-VN-NIMPE-GENRE,Vietnam,Strict,XGBoost,5,1,0.99247145652771,1
4695,RCN12789,1238-PF-VN-NIMPE-GENRE,Vietnam,Strict,XGBoost,5,1,0.9167464971542358,1
4696,RCN12791,1238-PF-VN-NIMPE-GENRE,Vietnam,Strict,XGBoost,5,1,0.9956395626068115,1
4697,RCN12792,1238-PF-VN-NIMPE-GENRE,Vietnam,Strict,XGBoost,5,1,0.9982855916023254,1
4698,RCN12793,1238-PF-VN-NIMPE-GENRE,Vietnam,Strict,XGBoost,5,1,0.995628833770752,1
4699,RCN12794,1238-PF-VN-NIMPE-GENRE,Vietnam,Strict,XGBoost,5,1,0.9955418705940247,1
4700,RCN12795,1238-PF-VN-NIMPE-GENRE,Vietnam,Strict,XGBoost,5,1,0.9973053932189941,1
4701,RCN12796,1238-PF-VN-NIMPE-GENRE,Vietnam,Strict,XGBoost,5,1,0.9855549335479736,1
4702,RCN12797,1238-PF-VN-NIMPE-GENRE,Vietnam,Strict,XGBoost,5,1,0.9951831698417664,1
4703,RCN12798,1238-PF-VN-NIMPE-GENRE,Vietnam,Strict,XGBoost,5,1,0.9928432703018188,1
4704,RCN12799,1238-PF-VN-NIMPE-GENRE,Vietnam,Strict,XGBoost,5,1,0.9980006814002991,1
4705,RCN12800,1238-PF-VN-NIMPE-GENRE,Vietnam,Strict,XGBoost,5,1,0.9413262605667114,1
4706,RCN12801,1238-PF-VN-NIMPE-GENRE,Vietnam,Strict,XGBoost,5,1,0.9982855916023254,1
4707,RCN12802,1238-PF-VN-NIMPE-GENRE,Vietnam,Strict,XGBoost,5,1,0.9928436875343323,1
4708,RCN12803,1238-PF-VN-NIMPE-GENRE,Vietnam,Strict,XGBoost,5,1,0.9281556010246277,1
4709,RCN12804,1238-PF-VN-NIMPE-GENRE,Vietnam,Strict,XGBoost,5,1,0.8632649779319763,1
4710,RCN12806,1238-PF-VN-NIMPE-GENRE,Vietnam,Strict,XGBoost,5,1,0.9931011199951172,1
4711,RCN12807,1238-PF-VN-NIMPE-GENRE,Vietnam,Strict,XGBoost,5,1,0.9125714898109436,1
4712,RCN12808,1238-PF-VN-NIMPE-GENRE,Vietnam,Strict,XGBoost,5,1,0.995628833770752,1
4713,RCN12809,1238-PF-VN-NIMPE-GENRE,Vietnam,Strict,XGBoost,5,1,0.9932219982147217,1
4714,RCN12810,1238-PF-VN-NIMPE-GENRE,Vietnam,Strict,XGBoost,5,1,0.9980006814002991,1
4715,RCN12811,1238-PF-VN-NIMPE-GENRE,Vietnam,Strict,XGBoost,5,1,0.9981702566146851,1
4716,RCN12813,1238-PF-VN-NIMPE-GENRE,Vietnam,Strict,XGBoost,5,1,0.9980006814002991,1
4717,RCN12815,1238-PF-VN-NIMPE-GENRE,Vietnam,Strict,XGBoost,5,1,0.9953359961509705,1
4718,RCN12816,1238-PF-VN-NIMPE-GENRE,Vietnam,Strict,XGBoost,5,1,0.9932355284690857,1
4719,RCN12817,1238-PF-VN-NIMPE-GENRE,Vietnam,Strict,XGBoost,5,1,0.9980006814002991,1
4720,RCN12818,1238-PF-VN-NIMPE-GENRE,Vietnam,Strict,XGBoost,5,1,0.8632649779319763,1
4721,RCN12819,1238-PF-VN-NIMPE-GENRE,Vietnam,Strict,XGBoost,5,1,0.9927254915237427,1
4722,RCN12820,1238-PF-VN-NIMPE-GENRE,Vietnam,Strict,XGBoost,5,1,0.9602500200271606,1
4723,RCN12821,1238-PF-VN-NIMPE-GENRE,Vietnam,Strict,XGBoost,5,1,0.8720867037773132,1
4724,RCN12822,1238-PF-VN-NIMPE-GENRE,Vietnam,Strict,XGBoost,5,1,0.9980006814002991,1
4725,RCN12823,1238-PF-VN-NIMPE-GENRE,Vietnam,Strict,XGBoost,5,1,0.8336423635482788,1
4726,RCN12824,1238-PF-VN-NIMPE-GENRE,Vietnam,Strict,XGBoost,5,1,0.9628551602363586,1
4727,RCN12826,1238-PF-VN-NIMPE-GENRE,Vietnam,Strict,XGBoost,5,1,0.9931408762931824,1
4728,RCN12827,1238-PF-VN-NIMPE-GENRE,Vietnam,Strict,XGBoost,5,1,0.9955434203147888,1
4729,RCN12828,1238-PF-VN-NIMPE-GENRE,Vietnam,Strict,XGBoost,5,1,0.9959620833396912,1
4730,RCN12829,1238-PF-VN-NIMPE-GENRE,Vietnam,Strict,XGBoost,5,1,0.9897127151489258,1
4731,RCN12830,1238-PF-VN-NIMPE-GENRE,Vietnam,Strict,XGBoost,5,1,0.9951238036155701,1
4732,RCN12831,1238-PF-VN-NIMPE-GENRE,Vietnam,Strict,XGBoost,5,1,0.4812297821044922,0
4733,RCN12832,1238-PF-VN-NIMPE-GENRE,Vietnam,Strict,XGBoost,5,1,0.9982855916023254,1
4734,RCN12834,1238-PF-VN-NIMPE-GENRE,Vietnam,Strict,XGBoost,5,1,0.9955418705940247,1
4735,RCN12835,1238-PF-VN-NIMPE-GENRE,Vietnam,Strict,XGBoost,5,1,0.9959432482719421,1
4736,RCN12836,1238-PF-VN-NIMPE-GENRE,Vietnam,Strict,XGBoost,5,1,0.9971019625663757,1
4737,RCN12837,1238-PF-VN-NIMPE-GENRE,Vietnam,Strict,XGBoost,5,1,0.9940745234489441,1
4738,RCN12838,1238-PF-VN-NIMPE-GENRE,Vietnam,Strict,XGBoost,5,1,0.9981108903884888,1
4739,RCN12839,1238-PF-VN-NIMPE-GENRE,Vietnam,Strict,XGBoost,5,1,0.9959620833396912,1
4740,RCN12840,1238-PF-VN-NIMPE-GENRE,Vietnam,Strict,XGBoost,5,1,0.9975687861442566,1
4741,RCN12841,1238-PF-VN-NIMPE-GENRE,Vietnam,Strict,XGBoost,5,1,0.9964220523834229,1
4742,RCN12842,1238-PF-VN-NIMPE-GENRE,Vietnam,Strict,XGBoost,5,1,0.9957072734832764,1
4743,RCN12843,1238-PF-VN-NIMPE-GENRE,Vietnam,Strict,XGBoost,5,1,0.9982420206069946,1
4744,RCN12844,1238-PF-VN-NIMPE-GENRE,Vietnam,Strict,XGBoost,5,1,0.5307567715644836,1
4745,RCN12845,1238-PF-VN-NIMPE-GENRE,Vietnam,Strict,XGBoost,5,1,0.9876768589019775,1
4746,RCN12846,1238-PF-VN-NIMPE-GENRE,Vietnam,Strict,XGBoost,5,1,0.9967119693756104,1
4747,RCN12847,1238-PF-VN-NIMPE-GENRE,Vietnam,Strict,XGBoost,5,1,0.9983559250831604,1
4748,RCN12848,1238-PF-VN-NIMPE-GENRE,Vietnam,Strict,XGBoost,5,1,0.9980906844139099,1
4749,RCN12849,1238-PF-VN-NIMPE-GENRE,Vietnam,Strict,XGBoost,5,1,0.9946252703666687,1
4750,RCN12850,1238-PF-VN-NIMPE-GENRE,Vietnam,Strict,XGBoost,5,1,0.8437228202819824,1
4751,RCN12851,1238-PF-VN-NIMPE-GENRE,Vietnam,Strict,XGBoost,5,1,0.9972192049026489,1
4752,RCN12852,1238-PF-VN-NIMPE-GENRE,Vietnam,Strict,XGBoost,5,0,0.80976802110672,1
4753,RCN12853,1238-PF-VN-NIMPE-GENRE,Vietnam,Strict,XGBoost,5,1,0.9982420206069946,1
4754,RCN12854,1238-PF-VN-NIMPE-GENRE,Vietnam,Strict,XGBoost,5,1,0.9820523858070374,1
4755,RCN12856,1238-PF-VN-NIMPE-GENRE,Vietnam,Strict,XGBoost,5,1,0.9980006814002991,1
4756,RCN12857,1238-PF-VN-NIMPE-GENRE,Vietnam,Strict,XGBoost,5,1,0.9557382464408875,1
4757,RCN12858,1238-PF-VN-NIMPE-GENRE,Vietnam,Strict,XGBoost,5,1,0.9826478362083435,1
4758,RCN12859,1238-PF-VN-NIMPE-GENRE,Vietnam,Strict,XGBoost,5,1,0.9972023963928223,1
4759,RCN12860,1238-PF-VN-NIMPE-GENRE,Vietnam,Strict,XGBoost,5,1,0.9927254915237427,1
4760,RCN12862,1238-PF-VN-NIMPE-GENRE,Vietnam,Strict,XGBoost,5,1,0.3028368651866913,0
4761,RCN12865,1238-PF-VN-NIMPE-GENRE,Vietnam,Strict,XGBoost,5,1,0.8549256324768066,1
4762,RCN12867,1238-PF-VN-NIMPE-GENRE,Vietnam,Strict,XGBoost,5,1,0.9982193112373352,1
4763,RCN12868,1238-PF-VN-NIMPE-GENRE,Vietnam,Strict,XGBoost,5,1,0.9947216510772705,1
4764,RCN12869,1238-PF-VN-NIMPE-GENRE,Vietnam,Strict,XGBoost,5,1,0.9888136982917786,1
4765,RCN12870,1238-PF-VN-NIMPE-GENRE,Vietnam,Strict,XGBoost,5,1,0.9898485541343689,1
4766,RCN12871,1238-PF-VN-NIMPE-GENRE,Vietnam,Strict,XGBoost,5,1,0.9982420206069946,1
4767,RCN12872,1238-PF-VN-NIMPE-GENRE,Vietnam,Strict,XGBoost,5,1,0.02914898842573166,0
4768,RCN12873,1238-PF-VN-NIMPE-GENRE,Vietnam,Strict,XGBoost,5,1,0.3076293468475342,0
4769,RCN12877,1238-PF-VN-NIMPE-GENRE,Vietnam,Strict,XGBoost,5,1,0.9137091040611267,1
4770,RCN12878,1238-PF-VN-NIMPE-GENRE,Vietnam,Strict,XGBoost,5,1,0.9982420206069946,1
4771,RCN12879,1238-PF-VN-NIMPE-GENRE,Vietnam,Strict,XGBoost,5,1,0.9967710375785828,1
4772,RCN12880,1238-PF-VN-NIMPE-GENRE,Vietnam,Strict,XGBoost,5,1,0.9980721473693848,1
4773,RCN12881,1238-PF-VN-NIMPE-GENRE,Vietnam,Strict,XGBoost,5,0,0.007879788987338543,0
4774,RCN12883,1238-PF-VN-NIMPE-GENRE,Vietnam,Strict,XGBoost,5,1,0.9970484375953674,1
4775,RCN12884,1238-PF-VN-NIMPE-GENRE,Vietnam,Strict,XGBoost,5,1,0.3807917535305023,0
4776,RCN12886,1238-PF-VN-NIMPE-GENRE,Vietnam,Strict,XGBoost,5,0,0.009595639072358608,0
4777,RCN12888,1238-PF-VN-NIMPE-GENRE,Vietnam,Strict,XGBoost,5,0,0.7490772008895874,1
4778,RCN12889,1238-PF-VN-NIMPE-GENRE,Vietnam,Strict,XGBoost,5,1,0.9950401186943054,1
4779,RCN12890,1238-PF-VN-NIMPE-GENRE,Vietnam,Strict,XGBoost,5,1,0.9973269701004028,1
4780,RCN12891,1238-PF-VN-NIMPE-GENRE,Vietnam,Strict,XGBoost,5,1,0.9980721473693848,1
4781,RCN12892,1238-PF-VN-NIMPE-GENRE,Vietnam,Strict,XGBoost,5,1,0.9982825517654419,1
4782,RCN12893,1238-PF-VN-NIMPE-GENRE,Vietnam,Strict,XGBoost,5,1,0.998347282409668,1
4783,RCN12894,1238-PF-VN-NIMPE-GENRE,Vietnam,Strict,XGBoost,5,0,0.007338230032473803,0
4784,RCN12895,1238-PF-VN-NIMPE-GENRE,Vietnam,Strict,XGBoost,5,1,0.9971809387207031,1
4785,RCN12897,1238-PF-VN-NIMPE-GENRE,Vietnam,Strict,XGBoost,5,1,0.9983227849006653,1
4786,RCN12900,1238-PF-VN-NIMPE-GENRE,Vietnam,Strict,XGBoost,5,1,0.9946252703666687,1
4787,RCN12901,1238-PF-VN-NIMPE-GENRE,Vietnam,Strict,XGBoost,5,1,0.9964156150817871,1
