Row,Sample,Study,Country,Set,Model,Fold,y_true,prob,pred
0,PD0003-C,1016-PF-TH-NOSTEN,Thailand,Full,XGBoost,1,0,0.09892373532056808,0
1,PD0004-03,1016-PF-TH-NOSTEN,Thailand,Full,XGBoost,1,0,0.035211242735385895,0
2,PD0004-C,1016-PF-TH-NOSTEN,Thailand,Full,XGBoost,1,0,0.0989517942070961,0
3,PD0005-01,1016-PF-TH-NOSTEN,Thailand,Full,XGBoost,1,0,0.02600656822323799,0
4,PD0005-C,1016-PF-TH-NOSTEN,Thailand,Full,XGBoost,1,0,0.15232153236865997,0
5,PD0006-01,1016-PF-TH-NOSTEN,Thailand,Full,XGBoost,1,0,0.027427691966295242,0
6,PD0007-01,1016-PF-TH-NOSTEN,Thailand,Full,XGBoost,1,0,0.017338570207357407,0
7,PD0008-02,1016-PF-TH-NOSTEN,Thailand,Full,XGBoost,1,0,0.031503576785326004,0
8,PD0009-01,1016-PF-TH-NOSTEN,Thailand,Full,XGBoost,1,0,0.018837954849004745,0
9,PD0011-01,1016-PF-TH-NOSTEN,Thailand,Full,XGBoost,1,0,0.021782375872135162,0
10,PD0015-02,1016-PF-TH-NOSTEN,Thailand,Full,XGBoost,1,0,0.11618014425039291,0
11,PD0016-C,1016-PF-TH-NOSTEN,Thailand,Full,XGBoost,1,0,0.10716432332992554,0
12,PD0017-C,1016-PF-TH-NOSTEN,Thailand,Full,XGBoost,1,0,0.08981682360172272,0
13,PD0018-C,1016-PF-TH-NOSTEN,Thailand,Full,XGBoost,1,0,0.04922523722052574,0
14,PD0019-C,1016-PF-TH-NOSTEN,Thailand,Full,XGBoost,1,0,0.03441133350133896,0
15,PD0020-C,1016-PF-TH-NOSTEN,Thailand,Full,XGBoost,1,0,0.03686821460723877,0
16,PD0021-C,1016-PF-TH-NOSTEN,Thailand,Full,XGBoost,1,0,0.040231820195913315,0
17,PD0022-C,1016-PF-TH-NOSTEN,Thailand,Full,XGBoost,1,0,0.08024869859218597,0
18,PD0023-C,1016-PF-TH-NOSTEN,Thailand,Full,XGBoost,1,0,0.05427902936935425,0
847,PG0607-C,1185-PF-KH-KYLE,Cambodia,Full,XGBoost,1,0,0.020702287554740906,0
848,PG0608-C,1185-PF-KH-KYLE,Cambodia,Full,XGBoost,1,0,0.04030435159802437,0
849,PG0609-C,1185-PF-KH-KYLE,Cambodia,Full,XGBoost,1,0,0.0636896938085556,0
850,PG0610-C,1185-PF-KH-KYLE,Cambodia,Full,XGBoost,1,0,0.05299951508641243,0
851,PG0611-C,1185-PF-KH-KYLE,Cambodia,Full,XGBoost,1,0,0.05210680142045021,0
1756,PV0002-C,1020-PF-VN-BONI,Vietnam,Full,XGBoost,1,1,0.011606870219111443,0
1757,PV0004-C,1020-PF-VN-BONI,Vietnam,Full,XGBoost,1,0,0.058193281292915344,0
1758,PV0006-C,1020-PF-VN-BONI,Vietnam,Full,XGBoost,1,0,0.017008263617753983,0
1759,PV0008-C,1020-PF-VN-BONI,Vietnam,Full,XGBoost,1,1,0.438909649848938,0
1760,PV0014-C,1020-PF-VN-BONI,Vietnam,Full,XGBoost,1,0,0.034292928874492645,0
1761,PV0015-C,1020-PF-VN-BONI,Vietnam,Full,XGBoost,1,0,0.038614772260189056,0
1762,PV0017-C,1020-PF-VN-BONI,Vietnam,Full,XGBoost,1,0,0.008963938802480698,0
1763,PV0018-C,1020-PF-VN-BONI,Vietnam,Full,XGBoost,1,0,0.05770782008767128,0
1764,PV0020-C,1020-PF-VN-BONI,Vietnam,Full,XGBoost,1,0,0.03343374654650688,0
1765,PV0023-C,1020-PF-VN-BONI,Vietnam,Full,XGBoost,1,0,0.015537862665951252,0
1766,PV0028-C,1020-PF-VN-BONI,Vietnam,Full,XGBoost,1,1,0.9738982319831848,1
1767,PV0030-C,1020-PF-VN-BONI,Vietnam,Full,XGBoost,1,0,0.025852074846625328,0
1768,PV0031-C,1020-PF-VN-BONI,Vietnam,Full,XGBoost,1,1,0.1541658192873001,0
1769,PV0035-C,1020-PF-VN-BONI,Vietnam,Full,XGBoost,1,0,0.26976242661476135,0
1770,PV0037-C,1020-PF-VN-BONI,Vietnam,Full,XGBoost,1,0,0.09115868806838989,0
1771,PV0039-C,1020-PF-VN-BONI,Vietnam,Full,XGBoost,1,1,0.009615853428840637,0
1772,PV0041-C,1020-PF-VN-BONI,Vietnam,Full,XGBoost,1,0,0.04039296880364418,0
1773,PV0046-C,1020-PF-VN-BONI,Vietnam,Full,XGBoost,1,0,0.14545173943042755,0
1774,PV0048-C,1020-PF-VN-BONI,Vietnam,Full,XGBoost,1,0,0.10947268456220627,0
2200,QC0392-CW,1149-PF-MM-RINGWALD,Myanmar,Full,XGBoost,1,1,0.2178485244512558,0
2201,QC0396-CW,1149-PF-MM-RINGWALD,Myanmar,Full,XGBoost,1,0,0.18661458790302277,0
2202,QC0399-CW,1149-PF-MM-RINGWALD,Myanmar,Full,XGBoost,1,0,0.22642460465431213,0
2203,QC0402-CW,1149-PF-MM-RINGWALD,Myanmar,Full,XGBoost,1,1,0.07050348818302155,0
2204,QC0404-CW,1149-PF-MM-RINGWALD,Myanmar,Full,XGBoost,1,0,0.4234081506729126,0
2205,QC0409-CW,1149-PF-MM-RINGWALD,Myanmar,Full,XGBoost,1,0,0.21316805481910706,0
2206,QC0417-CW,1149-PF-MM-RINGWALD,Myanmar,Full,XGBoost,1,0,0.2598302364349365,0
2207,QC0420-CW,1149-PF-MM-RINGWALD,Myanmar,Full,XGBoost,1,1,0.21815896034240723,0
2208,QC0421-CW,1149-PF-MM-RINGWALD,Myanmar,Full,XGBoost,1,0,0.21713759005069733,0
2209,QC0424-CW,1149-PF-MM-RINGWALD,Myanmar,Full,XGBoost,1,0,0.3473610281944275,0
2210,QC0428-CW,1149-PF-MM-RINGWALD,Myanmar,Full,XGBoost,1,0,0.42102718353271484,0
2211,QC0436-CW,1149-PF-MM-RINGWALD,Myanmar,Full,XGBoost,1,0,0.062406737357378006,0
2212,QC0438-CW,1149-PF-MM-RINGWALD,Myanmar,Full,XGBoost,1,1,0.4168239235877991,0
2213,QC0439-CW,1149-PF-MM-RINGWALD,Myanmar,Full,XGBoost,1,1,0.1904088854789734,0
2214,QC0442-CW,1149-PF-MM-RINGWALD,Myanmar,Full,XGBoost,1,0,0.4234081506729126,0
2215,QC0443-CW,1149-PF-MM-RINGWALD,Myanmar,Full,XGBoost,1,0,0.10090849548578262,0
2216,QC0444-CW,1149-PF-MM-RINGWALD,Myanmar,Full,XGBoost,1,0,0.1498717963695526,0
2217,QC0445-CW,1149-PF-MM-RINGWALD,Myanmar,Full,XGBoost,1,1,0.08656527101993561,0
2218,QC0446-CW,1149-PF-MM-RINGWALD,Myanmar,Full,XGBoost,1,0,0.5807677507400513,1
2219,QC0448-CW,1149-PF-MM-RINGWALD,Myanmar,Full,XGBoost,1,1,0.09834754467010498,0
2220,QC0462-C,1149-PF-MM-RINGWALD,Myanmar,Full,XGBoost,1,0,0.12659509479999542,0
2221,QC0471-CW,1149-PF-MM-RINGWALD,Myanmar,Full,XGBoost,1,1,0.10923970490694046,0
2222,QC0477-CW,1149-PF-MM-RINGWALD,Myanmar,Full,XGBoost,1,0,0.8928818702697754,1
2223,QC0479-CW,1149-PF-MM-RINGWALD,Myanmar,Full,XGBoost,1,1,0.21339547634124756,0
2224,QC0481-CW,1149-PF-MM-RINGWALD,Myanmar,Full,XGBoost,1,1,0.23712058365345,0
2225,QC0485-CW,1149-PF-MM-RINGWALD,Myanmar,Full,XGBoost,1,0,0.08466289192438126,0
2226,QC0487-CW,1149-PF-MM-RINGWALD,Myanmar,Full,XGBoost,1,0,0.17994725704193115,0
2227,QC0488-CW,1149-PF-MM-RINGWALD,Myanmar,Full,XGBoost,1,0,0.07097132503986359,0
2228,QC0490-CW,1149-PF-MM-RINGWALD,Myanmar,Full,XGBoost,1,0,0.46372464299201965,0
2229,QC0491-CW,1149-PF-MM-RINGWALD,Myanmar,Full,XGBoost,1,0,0.4434208869934082,0
2230,QC0494-CW,1149-PF-MM-RINGWALD,Myanmar,Full,XGBoost,1,1,0.24235767126083374,0
2231,QC0497-CW,1149-PF-MM-RINGWALD,Myanmar,Full,XGBoost,1,0,0.43092313408851624,0
2232,QC0504-CW,1149-PF-MM-RINGWALD,Myanmar,Full,XGBoost,1,1,0.2169608175754547,0
2233,QC0505-CW,1149-PF-MM-RINGWALD,Myanmar,Full,XGBoost,1,1,0.20126983523368835,0
2234,QC0506-CW,1149-PF-MM-RINGWALD,Myanmar,Full,XGBoost,1,0,0.08741548657417297,0
2235,QC0507-CW,1149-PF-MM-RINGWALD,Myanmar,Full,XGBoost,1,0,0.24396912753582,0
2236,QC0523-CW,1149-PF-MM-RINGWALD,Myanmar,Full,XGBoost,1,0,0.0749739482998848,0
2237,QC0524-CW,1149-PF-MM-RINGWALD,Myanmar,Full,XGBoost,1,0,0.1523975431919098,0
2238,QC0530-CW,1149-PF-MM-RINGWALD,Myanmar,Full,XGBoost,1,0,0.375052273273468,0
2239,QC0534-C,1149-PF-MM-RINGWALD,Myanmar,Full,XGBoost,1,0,0.11774846911430359,0
2240,QC0535-CW,1149-PF-MM-RINGWALD,Myanmar,Full,XGBoost,1,0,0.6360555291175842,1
2241,QC0536-CW,1149-PF-MM-RINGWALD,Myanmar,Full,XGBoost,1,0,0.175802543759346,0
2242,QC0537-CW,1149-PF-MM-RINGWALD,Myanmar,Full,XGBoost,1,0,0.34981149435043335,0
2243,QC0542-CW,1149-PF-MM-RINGWALD,Myanmar,Full,XGBoost,1,0,0.3545422852039337,0
2244,QC0544-CW,1149-PF-MM-RINGWALD,Myanmar,Full,XGBoost,1,1,0.16243159770965576,0
2245,QC0547-CW,1149-PF-MM-RINGWALD,Myanmar,Full,XGBoost,1,0,0.16744008660316467,0
2246,QC0548-CW,1149-PF-MM-RINGWALD,Myanmar,Full,XGBoost,1,0,0.1230570375919342,0
2247,QC0551-CW,1149-PF-MM-RINGWALD,Myanmar,Full,XGBoost,1,1,0.6681440472602844,1
2248,QC0552-C,1149-PF-MM-RINGWALD,Myanmar,Full,XGBoost,1,0,0.14017131924629211,0
2249,QC0554-CW,1149-PF-MM-RINGWALD,Myanmar,Full,XGBoost,1,1,0.14648942649364471,0
2250,QC0557-CW,1149-PF-MM-RINGWALD,Myanmar,Full,XGBoost,1,0,0.6491061449050903,1
2251,QC0558-CW,1149-PF-MM-RINGWALD,Myanmar,Full,XGBoost,1,0,0.13578085601329803,0
2252,QC0564-CW,1149-PF-MM-RINGWALD,Myanmar,Full,XGBoost,1,0,0.1601274162530899,0
2253,QC0572-CW,1149-PF-MM-RINGWALD,Myanmar,Full,XGBoost,1,0,0.43739134073257446,0
2254,QC0573-CW,1149-PF-MM-RINGWALD,Myanmar,Full,XGBoost,1,0,0.6622534394264221,1
2255,QC0574-CW,1149-PF-MM-RINGWALD,Myanmar,Full,XGBoost,1,0,0.19455701112747192,0
2256,QC0576-CW,1149-PF-MM-RINGWALD,Myanmar,Full,XGBoost,1,0,0.5338246822357178,1
2257,QC0581-CW,1149-PF-MM-RINGWALD,Myanmar,Full,XGBoost,1,0,0.4869244694709778,0
2258,QC0599-CW,1149-PF-MM-RINGWALD,Myanmar,Full,XGBoost,1,1,0.3480227589607239,0
2259,QC0603-CW,1149-PF-MM-RINGWALD,Myanmar,Full,XGBoost,1,0,0.29777073860168457,0
2260,QC0604-CW,1149-PF-MM-RINGWALD,Myanmar,Full,XGBoost,1,0,0.4417652487754822,0
2261,QC0606-CW,1149-PF-MM-RINGWALD,Myanmar,Full,XGBoost,1,1,0.2164754718542099,0
2262,QC0607-CW,1149-PF-MM-RINGWALD,Myanmar,Full,XGBoost,1,0,0.43739134073257446,0
2263,QC0608-CW,1149-PF-MM-RINGWALD,Myanmar,Full,XGBoost,1,1,0.09193253517150879,0
2264,QC0609-C,1149-PF-MM-RINGWALD,Myanmar,Full,XGBoost,1,0,0.04996606335043907,0
2904,RCN08807,1209-PF-VN-IMPEQN-GENRE,Vietnam,Full,XGBoost,1,1,0.9947696328163147,1
2905,RCN08808,1209-PF-VN-IMPEQN-GENRE,Vietnam,Full,XGBoost,1,1,0.9920403361320496,1
2906,RCN08809,1209-PF-VN-IMPEQN-GENRE,Vietnam,Full,XGBoost,1,1,0.9930859804153442,1
2907,RCN08810,1209-PF-VN-IMPEQN-GENRE,Vietnam,Full,XGBoost,1,1,0.9892116785049438,1
2908,RCN08811,1209-PF-VN-IMPEQN-GENRE,Vietnam,Full,XGBoost,1,0,0.015263701789081097,0
2909,RCN08812,1209-PF-VN-IMPEQN-GENRE,Vietnam,Full,XGBoost,1,1,0.935343861579895,1
2910,RCN08813,1209-PF-VN-IMPEQN-GENRE,Vietnam,Full,XGBoost,1,1,0.9927120208740234,1
2911,RCN08814,1209-PF-VN-IMPEQN-GENRE,Vietnam,Full,XGBoost,1,1,0.9927120208740234,1
2912,RCN08815,1209-PF-VN-IMPEQN-GENRE,Vietnam,Full,XGBoost,1,1,0.8395577073097229,1
2913,RCN08816,1209-PF-VN-IMPEQN-GENRE,Vietnam,Full,XGBoost,1,1,0.9948550462722778,1
2914,RCN08817,1209-PF-VN-IMPEQN-GENRE,Vietnam,Full,XGBoost,1,1,0.993948221206665,1
2915,RCN08818,1209-PF-VN-IMPEQN-GENRE,Vietnam,Full,XGBoost,1,1,0.9945520758628845,1
2916,RCN08819,1209-PF-VN-IMPEQN-GENRE,Vietnam,Full,XGBoost,1,1,0.9939271807670593,1
2917,RCN08820,1209-PF-VN-IMPEQN-GENRE,Vietnam,Full,XGBoost,1,1,0.9927120208740234,1
2918,RCN08821,1209-PF-VN-IMPEQN-GENRE,Vietnam,Full,XGBoost,1,0,0.022108180448412895,0
2919,RCN08822,1209-PF-VN-IMPEQN-GENRE,Vietnam,Full,XGBoost,1,0,0.022108180448412895,0
2920,RCN08824,1209-PF-VN-IMPEQN-GENRE,Vietnam,Full,XGBoost,1,0,0.06159637123346329,0
2921,RCN08827,1209-PF-VN-IMPEQN-GENRE,Vietnam,Full,XGBoost,1,1,0.15416468679904938,0
2922,RCN08828,1209-PF-VN-IMPEQN-GENRE,Vietnam,Full,XGBoost,1,0,0.08962764590978622,0
2923,RCN08829,1209-PF-VN-IMPEQN-GENRE,Vietnam,Full,XGBoost,1,1,0.18642064929008484,0
2924,RCN08830,1209-PF-VN-IMPEQN-GENRE,Vietnam,Full,XGBoost,1,0,0.06388480961322784,0
2925,RCN08831,1209-PF-VN-IMPEQN-GENRE,Vietnam,Full,XGBoost,1,0,0.07758453488349915,0
2926,RCN08833,1209-PF-VN-IMPEQN-GENRE,Vietnam,Full,XGBoost,1,0,0.014240059070289135,0
2927,RCN08834,1209-PF-VN-IMPEQN-GENRE,Vietnam,Full,XGBoost,1,0,0.018453003838658333,0
2928,RCN08878,1209-PF-VN-IMPEQN-GENRE,Vietnam,Full,XGBoost,1,0,0.03390684351325035,0
2929,RCN08883,1209-PF-VN-IMPEQN-GENRE,Vietnam,Full,XGBoost,1,0,0.01325602550059557,0
2930,RCN08884,1209-PF-VN-IMPEQN-GENRE,Vietnam,Full,XGBoost,1,0,0.025712935253977776,0
2931,RCN08887,1209-PF-VN-IMPEQN-GENRE,Vietnam,Full,XGBoost,1,0,0.0142210079357028,0
2932,RCN08888,1209-PF-VN-IMPEQN-GENRE,Vietnam,Full,XGBoost,1,0,0.19495593011379242,0
2933,RCN08889,1209-PF-VN-IMPEQN-GENRE,Vietnam,Full,XGBoost,1,0,0.07964913547039032,0
2934,RCN08890,1209-PF-VN-IMPEQN-GENRE,Vietnam,Full,XGBoost,1,0,0.2169528603553772,0
2935,RCN08891,1209-PF-VN-IMPEQN-GENRE,Vietnam,Full,XGBoost,1,0,0.2169528603553772,0
3123,RCN09220,1209-PF-VN-IMPEQN-GENRE,Vietnam,Full,XGBoost,1,0,0.09030794352293015,0
3124,RCN09225,1209-PF-VN-IMPEQN-GENRE,Vietnam,Full,XGBoost,1,1,0.22480356693267822,0
3125,RCN09226,1209-PF-VN-IMPEQN-GENRE,Vietnam,Full,XGBoost,1,1,0.32543691992759705,0
3126,RCN09229,1209-PF-VN-IMPEQN-GENRE,Vietnam,Full,XGBoost,1,1,0.15416468679904938,0
3127,RCN09230,1209-PF-VN-IMPEQN-GENRE,Vietnam,Full,XGBoost,1,1,0.18642064929008484,0
3128,RCN09234,1209-PF-VN-IMPEQN-GENRE,Vietnam,Full,XGBoost,1,1,0.9618635177612305,1
3129,RCN09235,1209-PF-VN-IMPEQN-GENRE,Vietnam,Full,XGBoost,1,1,0.9945520758628845,1
3130,RCN09236,1209-PF-VN-IMPEQN-GENRE,Vietnam,Full,XGBoost,1,1,0.9944624304771423,1
3131,RCN09238,1209-PF-VN-IMPEQN-GENRE,Vietnam,Full,XGBoost,1,1,0.9945520758628845,1
3132,RCN09239,1209-PF-VN-IMPEQN-GENRE,Vietnam,Full,XGBoost,1,0,0.17631198465824127,0
3133,RCN09240,1209-PF-VN-IMPEQN-GENRE,Vietnam,Full,XGBoost,1,1,0.9947561025619507,1
3134,RCN09241,1209-PF-VN-IMPEQN-GENRE,Vietnam,Full,XGBoost,1,1,0.989636242389679,1
3135,RCN09245,1209-PF-VN-IMPEQN-GENRE,Vietnam,Full,XGBoost,1,1,0.9933432340621948,1
3136,RCN09250,1209-PF-VN-IMPEQN-GENRE,Vietnam,Full,XGBoost,1,1,0.9845204949378967,1
3137,RCN09251,1209-PF-VN-IMPEQN-GENRE,Vietnam,Full,XGBoost,1,1,0.9945520758628845,1
3138,RCN09254,1209-PF-VN-IMPEQN-GENRE,Vietnam,Full,XGBoost,1,1,0.9675755500793457,1
3139,RCN09258,1209-PF-VN-IMPEQN-GENRE,Vietnam,Full,XGBoost,1,1,0.9901065230369568,1
3140,RCN09259,1209-PF-VN-IMPEQN-GENRE,Vietnam,Full,XGBoost,1,1,0.9862875938415527,1
3141,RCN09260,1209-PF-VN-IMPEQN-GENRE,Vietnam,Full,XGBoost,1,1,0.9859738349914551,1
3142,RCN09261,1209-PF-VN-IMPEQN-GENRE,Vietnam,Full,XGBoost,1,1,0.9898177981376648,1
3143,RCN09262,1209-PF-VN-IMPEQN-GENRE,Vietnam,Full,XGBoost,1,1,0.9944624304771423,1
3144,RCN09264,1209-PF-VN-IMPEQN-GENRE,Vietnam,Full,XGBoost,1,1,0.9921537041664124,1
3145,RCN09265,1209-PF-VN-IMPEQN-GENRE,Vietnam,Full,XGBoost,1,1,0.9910349249839783,1
3146,RCN09266,1209-PF-VN-IMPEQN-GENRE,Vietnam,Full,XGBoost,1,1,0.9914427399635315,1
3147,RCN09268,1209-PF-VN-IMPEQN-GENRE,Vietnam,Full,XGBoost,1,1,0.9944624304771423,1
3148,RCN09269,1209-PF-VN-IMPEQN-GENRE,Vietnam,Full,XGBoost,1,1,0.9819135069847107,1
3149,RCN09270,1209-PF-VN-IMPEQN-GENRE,Vietnam,Full,XGBoost,1,1,0.9819438457489014,1
3150,RCN09271,1209-PF-VN-IMPEQN-GENRE,Vietnam,Full,XGBoost,1,1,0.9933432340621948,1
3151,RCN09272,1209-PF-VN-IMPEQN-GENRE,Vietnam,Full,XGBoost,1,1,0.992885172367096,1
3152,RCN09273,1209-PF-VN-IMPEQN-GENRE,Vietnam,Full,XGBoost,1,1,0.9853525757789612,1
3153,RCN09274,1209-PF-VN-IMPEQN-GENRE,Vietnam,Full,XGBoost,1,1,0.9944624304771423,1
3154,RCN09276,1209-PF-VN-IMPEQN-GENRE,Vietnam,Full,XGBoost,1,0,0.5182682871818542,1
3155,RCN09278,1209-PF-VN-IMPEQN-GENRE,Vietnam,Full,XGBoost,1,1,0.985680103302002,1
3156,RCN09282,1209-PF-VN-IMPEQN-GENRE,Vietnam,Full,XGBoost,1,0,0.47164425253868103,0
3157,RCN09283,1209-PF-VN-IMPEQN-GENRE,Vietnam,Full,XGBoost,1,1,0.9853111505508423,1
3158,RCN09284,1209-PF-VN-IMPEQN-GENRE,Vietnam,Full,XGBoost,1,1,0.9949672818183899,1
3159,RCN09285,1209-PF-VN-IMPEQN-GENRE,Vietnam,Full,XGBoost,1,1,0.1918698102235794,0
3160,RCN09286,1209-PF-VN-IMPEQN-GENRE,Vietnam,Full,XGBoost,1,0,0.00785816740244627,0
3601,RCN10143,1209-PF-VN-IMPEQN-GENRE,Vietnam,Full,XGBoost,1,0,0.040640950202941895,0
3602,RCN10145,1209-PF-VN-IMPEQN-GENRE,Vietnam,Full,XGBoost,1,0,0.824560284614563,1
3603,RCN10151,1209-PF-VN-IMPEQN-GENRE,Vietnam,Full,XGBoost,1,1,0.9877866506576538,1
3604,RCN10159,1209-PF-VN-IMPEQN-GENRE,Vietnam,Full,XGBoost,1,1,0.9945520758628845,1
3605,RCN10162,1209-PF-VN-IMPEQN-GENRE,Vietnam,Full,XGBoost,1,0,0.8121662735939026,1
3606,RCN10167,1209-PF-VN-IMPEQN-GENRE,Vietnam,Full,XGBoost,1,1,0.8786073327064514,1
3607,RCN10168,1209-PF-VN-IMPEQN-GENRE,Vietnam,Full,XGBoost,1,1,0.9854729771614075,1
3608,RCN10169,1209-PF-VN-IMPEQN-GENRE,Vietnam,Full,XGBoost,1,1,0.988172709941864,1
3609,RCN10170,1209-PF-VN-IMPEQN-GENRE,Vietnam,Full,XGBoost,1,0,0.46197256445884705,0
3618,RCN10238,1209-PF-VN-IMPEQN-GENRE,Vietnam,Full,XGBoost,1,1,0.9859340786933899,1
3619,RCN10244,1209-PF-VN-IMPEQN-GENRE,Vietnam,Full,XGBoost,1,0,0.46197256445884705,0
3620,RCN10246,1209-PF-VN-IMPEQN-GENRE,Vietnam,Full,XGBoost,1,1,0.9853111505508423,1
3621,RCN10247,1209-PF-VN-IMPEQN-GENRE,Vietnam,Full,XGBoost,1,1,0.9862875938415527,1
3622,RCN10250,1209-PF-VN-IMPEQN-GENRE,Vietnam,Full,XGBoost,1,1,0.9874525666236877,1
3623,RCN10252,1209-PF-VN-IMPEQN-GENRE,Vietnam,Full,XGBoost,1,1,0.9853605628013611,1
3624,RCN10254,1209-PF-VN-IMPEQN-GENRE,Vietnam,Full,XGBoost,1,1,0.9859340786933899,1
3625,RCN10256,1209-PF-VN-IMPEQN-GENRE,Vietnam,Full,XGBoost,1,1,0.9726875424385071,1
3626,RCN10268,1209-PF-VN-IMPEQN-GENRE,Vietnam,Full,XGBoost,1,1,0.9757299423217773,1
3627,RCN10286,1209-PF-VN-IMPEQN-GENRE,Vietnam,Full,XGBoost,1,1,0.9776725172996521,1
3628,RCN10290,1209-PF-VN-IMPEQN-GENRE,Vietnam,Full,XGBoost,1,1,0.9945520758628845,1
3629,RCN10291,1209-PF-VN-IMPEQN-GENRE,Vietnam,Full,XGBoost,1,1,0.9887322187423706,1
3630,RCN10292,1209-PF-VN-IMPEQN-GENRE,Vietnam,Full,XGBoost,1,1,0.9859738349914551,1
3631,RCN10293,1209-PF-VN-IMPEQN-GENRE,Vietnam,Full,XGBoost,1,1,0.9906356930732727,1
3632,RCN10296,1209-PF-VN-IMPEQN-GENRE,Vietnam,Full,XGBoost,1,1,0.9896663427352905,1
3633,RCN10297,1209-PF-VN-IMPEQN-GENRE,Vietnam,Full,XGBoost,1,1,0.9859738349914551,1
3634,RCN10298,1209-PF-VN-IMPEQN-GENRE,Vietnam,Full,XGBoost,1,1,0.9944624304771423,1
3635,RCN10299,1209-PF-VN-IMPEQN-GENRE,Vietnam,Full,XGBoost,1,1,0.6059075593948364,1
3636,RCN10300,1209-PF-VN-IMPEQN-GENRE,Vietnam,Full,XGBoost,1,1,0.9910349249839783,1
3637,RCN10305,1209-PF-VN-IMPEQN-GENRE,Vietnam,Full,XGBoost,1,1,0.9888417720794678,1
3638,RCN10306,1209-PF-VN-IMPEQN-GENRE,Vietnam,Full,XGBoost,1,1,0.9859738349914551,1
3639,RCN10307,1209-PF-VN-IMPEQN-GENRE,Vietnam,Full,XGBoost,1,1,0.9909014701843262,1
3640,RCN10308,1209-PF-VN-IMPEQN-GENRE,Vietnam,Full,XGBoost,1,1,0.9911884069442749,1
3641,RCN10309,1209-PF-VN-IMPEQN-GENRE,Vietnam,Full,XGBoost,1,1,0.9945520758628845,1
3642,RCN10311,1209-PF-VN-IMPEQN-GENRE,Vietnam,Full,XGBoost,1,1,0.9922519326210022,1
3643,RCN10312,1209-PF-VN-IMPEQN-GENRE,Vietnam,Full,XGBoost,1,1,0.9913119673728943,1
3644,RCN10313,1209-PF-VN-IMPEQN-GENRE,Vietnam,Full,XGBoost,1,1,0.9945520758628845,1
3645,RCN10315,1209-PF-VN-IMPEQN-GENRE,Vietnam,Full,XGBoost,1,1,0.9860988855361938,1
3646,RCN10316,1209-PF-VN-IMPEQN-GENRE,Vietnam,Full,XGBoost,1,1,0.9892116785049438,1
3647,RCN10317,1209-PF-VN-IMPEQN-GENRE,Vietnam,Full,XGBoost,1,1,0.9892116785049438,1
3648,RCN10318,1209-PF-VN-IMPEQN-GENRE,Vietnam,Full,XGBoost,1,1,0.9859738349914551,1
3649,RCN10319,1209-PF-VN-IMPEQN-GENRE,Vietnam,Full,XGBoost,1,1,0.8602085113525391,1
3650,RCN10320,1209-PF-VN-IMPEQN-GENRE,Vietnam,Full,XGBoost,1,1,0.9859738349914551,1
3651,RCN10321,1209-PF-VN-IMPEQN-GENRE,Vietnam,Full,XGBoost,1,1,0.9927120208740234,1
3652,RCN10322,1209-PF-VN-IMPEQN-GENRE,Vietnam,Full,XGBoost,1,1,0.9945520758628845,1
3653,RCN10323,1209-PF-VN-IMPEQN-GENRE,Vietnam,Full,XGBoost,1,1,0.9945520758628845,1
3654,RCN10324,1209-PF-VN-IMPEQN-GENRE,Vietnam,Full,XGBoost,1,1,0.9945520758628845,1
3655,RCN10325,1209-PF-VN-IMPEQN-GENRE,Vietnam,Full,XGBoost,1,1,0.982424795627594,1
3656,RCN10330,1209-PF-VN-IMPEQN-GENRE,Vietnam,Full,XGBoost,1,1,0.9896663427352905,1
3657,RCN10332,1209-PF-VN-IMPEQN-GENRE,Vietnam,Full,XGBoost,1,0,0.4139990210533142,0
3658,RCN10333,1209-PF-VN-IMPEQN-GENRE,Vietnam,Full,XGBoost,1,1,0.9853111505508423,1
3659,RCN10337,1209-PF-VN-IMPEQN-GENRE,Vietnam,Full,XGBoost,1,1,0.9945520758628845,1
3660,RCN10338,1209-PF-VN-IMPEQN-GENRE,Vietnam,Full,XGBoost,1,1,0.12387152016162872,0
3661,RCN10339,1209-PF-VN-IMPEQN-GENRE,Vietnam,Full,XGBoost,1,0,0.012265913188457489,0
3662,RCN10340,1209-PF-VN-IMPEQN-GENRE,Vietnam,Full,XGBoost,1,0,0.012265913188457489,0
3663,RCN10341,1209-PF-VN-IMPEQN-GENRE,Vietnam,Full,XGBoost,1,0,0.023069025948643684,0
3664,RCN10345,1209-PF-VN-IMPEQN-GENRE,Vietnam,Full,XGBoost,1,1,0.9945520758628845,1
3665,RCN10346,1209-PF-VN-IMPEQN-GENRE,Vietnam,Full,XGBoost,1,1,0.9945520758628845,1
3666,RCN10347,1209-PF-VN-IMPEQN-GENRE,Vietnam,Full,XGBoost,1,0,0.46197256445884705,0
3667,RCN10348,1209-PF-VN-IMPEQN-GENRE,Vietnam,Full,XGBoost,1,1,0.9853111505508423,1
3668,RCN10349,1209-PF-VN-IMPEQN-GENRE,Vietnam,Full,XGBoost,1,0,0.12046004086732864,0
3669,RCN10350,1209-PF-VN-IMPEQN-GENRE,Vietnam,Full,XGBoost,1,1,0.9944624304771423,1
3670,RCN10351,1209-PF-VN-IMPEQN-GENRE,Vietnam,Full,XGBoost,1,1,0.984957218170166,1
3671,RCN10352,1209-PF-VN-IMPEQN-GENRE,Vietnam,Full,XGBoost,1,1,0.9853111505508423,1
3672,RCN10353,1209-PF-VN-IMPEQN-GENRE,Vietnam,Full,XGBoost,1,1,0.9944624304771423,1
3673,RCN10354,1209-PF-VN-IMPEQN-GENRE,Vietnam,Full,XGBoost,1,1,0.9892116785049438,1
3674,RCN10356,1209-PF-VN-IMPEQN-GENRE,Vietnam,Full,XGBoost,1,0,0.46197256445884705,0
3675,RCN10357,1209-PF-VN-IMPEQN-GENRE,Vietnam,Full,XGBoost,1,0,0.5302004218101501,1
3676,RCN10362,1209-PF-VN-IMPEQN-GENRE,Vietnam,Full,XGBoost,1,1,0.6203685402870178,1
3677,RCN10363,1209-PF-VN-IMPEQN-GENRE,Vietnam,Full,XGBoost,1,1,0.992885172367096,1
3678,RCN10364,1209-PF-VN-IMPEQN-GENRE,Vietnam,Full,XGBoost,1,1,0.992885172367096,1
3679,RCN10365,1209-PF-VN-IMPEQN-GENRE,Vietnam,Full,XGBoost,1,1,0.992885172367096,1
3680,RCN10370,1209-PF-VN-IMPEQN-GENRE,Vietnam,Full,XGBoost,1,1,0.9859738349914551,1
3681,RCN10372,1209-PF-VN-IMPEQN-GENRE,Vietnam,Full,XGBoost,1,0,0.7918562293052673,1
3682,RCN10373,1209-PF-VN-IMPEQN-GENRE,Vietnam,Full,XGBoost,1,1,0.8722288012504578,1
3683,RCN10377,1209-PF-VN-IMPEQN-GENRE,Vietnam,Full,XGBoost,1,1,0.9859738349914551,1
3684,RCN10379,1209-PF-VN-IMPEQN-GENRE,Vietnam,Full,XGBoost,1,1,0.9859738349914551,1
3685,RCN10380,1209-PF-VN-IMPEQN-GENRE,Vietnam,Full,XGBoost,1,0,0.195726677775383,0
3686,RCN10381,1209-PF-VN-IMPEQN-GENRE,Vietnam,Full,XGBoost,1,1,0.9859738349914551,1
3687,RCN10382,1209-PF-VN-IMPEQN-GENRE,Vietnam,Full,XGBoost,1,1,0.9859738349914551,1
3688,RCN10384,1209-PF-VN-IMPEQN-GENRE,Vietnam,Full,XGBoost,1,1,0.9944624304771423,1
3689,RCN10385,1209-PF-VN-IMPEQN-GENRE,Vietnam,Full,XGBoost,1,0,0.01359605137258768,0
3690,RCN10386,1209-PF-VN-IMPEQN-GENRE,Vietnam,Full,XGBoost,1,1,0.9498096704483032,1
3691,RCN10387,1209-PF-VN-IMPEQN-GENRE,Vietnam,Full,XGBoost,1,1,0.9487677812576294,1
3692,RCN10388,1209-PF-VN-IMPEQN-GENRE,Vietnam,Full,XGBoost,1,0,0.7909950017929077,1
3693,RCN10390,1209-PF-VN-IMPEQN-GENRE,Vietnam,Full,XGBoost,1,0,0.6708348989486694,1
3694,RCN10391,1209-PF-VN-IMPEQN-GENRE,Vietnam,Full,XGBoost,1,1,0.9945520758628845,1
3695,RCN10392,1209-PF-VN-IMPEQN-GENRE,Vietnam,Full,XGBoost,1,0,0.00908314436674118,0
3696,RCN10393,1209-PF-VN-IMPEQN-GENRE,Vietnam,Full,XGBoost,1,0,0.00908314436674118,0
3697,RCN10396,1209-PF-VN-IMPEQN-GENRE,Vietnam,Full,XGBoost,1,1,0.9859738349914551,1
3698,RCN10397,1209-PF-VN-IMPEQN-GENRE,Vietnam,Full,XGBoost,1,1,0.9887322187423706,1
3699,RCN10398,1209-PF-VN-IMPEQN-GENRE,Vietnam,Full,XGBoost,1,1,0.9826475977897644,1
3700,RCN10399,1209-PF-VN-IMPEQN-GENRE,Vietnam,Full,XGBoost,1,0,0.00908314436674118,0
3701,RCN10400,1209-PF-VN-IMPEQN-GENRE,Vietnam,Full,XGBoost,1,0,0.00908314436674118,0
3702,RCN10401,1209-PF-VN-IMPEQN-GENRE,Vietnam,Full,XGBoost,1,0,0.45496946573257446,0
3703,RCN10402,1209-PF-VN-IMPEQN-GENRE,Vietnam,Full,XGBoost,1,0,0.00908314436674118,0
3704,RCN10405,1209-PF-VN-IMPEQN-GENRE,Vietnam,Full,XGBoost,1,1,0.02089053951203823,0
3705,RCN10406,1209-PF-VN-IMPEQN-GENRE,Vietnam,Full,XGBoost,1,0,0.8772047162055969,1
3706,RCN10689,1209-PF-VN-IMPEQN-GENRE,Vietnam,Full,XGBoost,1,1,0.9945520758628845,1
3707,RCN10690,1209-PF-VN-IMPEQN-GENRE,Vietnam,Full,XGBoost,1,1,0.9945520758628845,1
3708,RCN10691,1209-PF-VN-IMPEQN-GENRE,Vietnam,Full,XGBoost,1,0,0.02486051805317402,0
3709,RCN10692,1209-PF-VN-IMPEQN-GENRE,Vietnam,Full,XGBoost,1,1,0.9859738349914551,1
3710,RCN10693,1209-PF-VN-IMPEQN-GENRE,Vietnam,Full,XGBoost,1,1,0.9316165447235107,1
3711,RCN10694,1209-PF-VN-IMPEQN-GENRE,Vietnam,Full,XGBoost,1,1,0.9316165447235107,1
3712,RCN10695,1209-PF-VN-IMPEQN-GENRE,Vietnam,Full,XGBoost,1,1,0.984971821308136,1
3713,RCN10696,1209-PF-VN-IMPEQN-GENRE,Vietnam,Full,XGBoost,1,1,0.927336573600769,1
3714,RCN10697,1209-PF-VN-IMPEQN-GENRE,Vietnam,Full,XGBoost,1,1,0.9859738349914551,1
3715,RCN10699,1209-PF-VN-IMPEQN-GENRE,Vietnam,Full,XGBoost,1,1,0.9316165447235107,1
3716,RCN10703,1209-PF-VN-IMPEQN-GENRE,Vietnam,Full,XGBoost,1,1,0.9945520758628845,1
3717,RCN10706,1209-PF-VN-IMPEQN-GENRE,Vietnam,Full,XGBoost,1,1,0.9859738349914551,1
3718,RCN10709,1209-PF-VN-IMPEQN-GENRE,Vietnam,Full,XGBoost,1,1,0.7896472811698914,1
3719,RCN10710,1209-PF-VN-IMPEQN-GENRE,Vietnam,Full,XGBoost,1,1,0.9880898594856262,1
3720,RCN10712,1209-PF-VN-IMPEQN-GENRE,Vietnam,Full,XGBoost,1,1,0.9370117783546448,1
3721,RCN10715,1209-PF-VN-IMPEQN-GENRE,Vietnam,Full,XGBoost,1,0,0.46197256445884705,0
3722,RCN10716,1209-PF-VN-IMPEQN-GENRE,Vietnam,Full,XGBoost,1,0,0.7071055173873901,1
3723,RCN10717,1209-PF-VN-IMPEQN-GENRE,Vietnam,Full,XGBoost,1,0,0.6040984988212585,1
3724,RCN10718,1209-PF-VN-IMPEQN-GENRE,Vietnam,Full,XGBoost,1,0,0.6346448063850403,1
3725,RCN10719,1209-PF-VN-IMPEQN-GENRE,Vietnam,Full,XGBoost,1,0,0.5712537169456482,1
3726,RCN10720,1209-PF-VN-IMPEQN-GENRE,Vietnam,Full,XGBoost,1,0,0.5712537169456482,1
3727,RCN10721,1209-PF-VN-IMPEQN-GENRE,Vietnam,Full,XGBoost,1,0,0.5930971503257751,1
3728,RCN10722,1209-PF-VN-IMPEQN-GENRE,Vietnam,Full,XGBoost,1,1,0.9751744866371155,1
3729,RCN10723,1209-PF-VN-IMPEQN-GENRE,Vietnam,Full,XGBoost,1,1,0.9470396041870117,1
3730,RCN10724,1209-PF-VN-IMPEQN-GENRE,Vietnam,Full,XGBoost,1,1,0.9885674715042114,1
3731,RCN10725,1209-PF-VN-IMPEQN-GENRE,Vietnam,Full,XGBoost,1,1,0.9935789108276367,1
3732,RCN10726,1209-PF-VN-IMPEQN-GENRE,Vietnam,Full,XGBoost,1,1,0.9931483864784241,1
3733,RCN10727,1209-PF-VN-IMPEQN-GENRE,Vietnam,Full,XGBoost,1,1,0.9935789108276367,1
3734,RCN10728,1209-PF-VN-IMPEQN-GENRE,Vietnam,Full,XGBoost,1,1,0.9498096704483032,1
3735,RCN10729,1209-PF-VN-IMPEQN-GENRE,Vietnam,Full,XGBoost,1,1,0.9100921750068665,1
3736,RCN10730,1209-PF-VN-IMPEQN-GENRE,Vietnam,Full,XGBoost,1,1,0.9950062036514282,1
3737,RCN10731,1209-PF-VN-IMPEQN-GENRE,Vietnam,Full,XGBoost,1,0,0.46197256445884705,0
3738,RCN10732,1209-PF-VN-IMPEQN-GENRE,Vietnam,Full,XGBoost,1,0,0.46197256445884705,0
3739,RCN10733,1209-PF-VN-IMPEQN-GENRE,Vietnam,Full,XGBoost,1,1,0.984971821308136,1
3740,RCN10734,1209-PF-VN-IMPEQN-GENRE,Vietnam,Full,XGBoost,1,1,0.9498096704483032,1
3741,RCN10735,1209-PF-VN-IMPEQN-GENRE,Vietnam,Full,XGBoost,1,1,0.9944624304771423,1
3742,RCN10736,1209-PF-VN-IMPEQN-GENRE,Vietnam,Full,XGBoost,1,1,0.9859738349914551,1
3743,RCN10737,1209-PF-VN-IMPEQN-GENRE,Vietnam,Full,XGBoost,1,1,0.9316165447235107,1
3744,RCN10738,1209-PF-VN-IMPEQN-GENRE,Vietnam,Full,XGBoost,1,1,0.9909851551055908,1
3745,RCN10741,1209-PF-VN-IMPEQN-GENRE,Vietnam,Full,XGBoost,1,1,0.9944624304771423,1
3746,RCN10742,1209-PF-VN-IMPEQN-GENRE,Vietnam,Full,XGBoost,1,1,0.9944624304771423,1
3747,RCN10743,1209-PF-VN-IMPEQN-GENRE,Vietnam,Full,XGBoost,1,1,0.9880898594856262,1
3748,RCN10744,1209-PF-VN-IMPEQN-GENRE,Vietnam,Full,XGBoost,1,1,0.9892116785049438,1
3749,RCN10745,1209-PF-VN-IMPEQN-GENRE,Vietnam,Full,XGBoost,1,1,0.9944624304771423,1
3750,RCN10746,1209-PF-VN-IMPEQN-GENRE,Vietnam,Full,XGBoost,1,1,0.9696444272994995,1
3751,RCN10752,1209-PF-VN-IMPEQN-GENRE,Vietnam,Full,XGBoost,1,1,0.8189688920974731,1
3752,RCN10761,1209-PF-VN-IMPEQN-GENRE,Vietnam,Full,XGBoost,1,1,0.9887322187423706,1
3753,RCN10762,1209-PF-VN-IMPEQN-GENRE,Vietnam,Full,XGBoost,1,1,0.9947561025619507,1
3754,RCN10764,1209-PF-VN-IMPEQN-GENRE,Vietnam,Full,XGBoost,1,1,0.994657039642334,1
3755,RCN10766,1209-PF-VN-IMPEQN-GENRE,Vietnam,Full,XGBoost,1,0,0.010153274051845074,0
3756,RCN10768,1209-PF-VN-IMPEQN-GENRE,Vietnam,Full,XGBoost,1,0,0.01115769986063242,0
3757,RCN10769,1209-PF-VN-IMPEQN-GENRE,Vietnam,Full,XGBoost,1,0,0.009329498745501041,0
3758,RCN10770,1209-PF-VN-IMPEQN-GENRE,Vietnam,Full,XGBoost,1,1,0.8646939396858215,1
3759,RCN10772,1209-PF-VN-IMPEQN-GENRE,Vietnam,Full,XGBoost,1,0,0.008902140893042088,0
3760,RCN10773,1209-PF-VN-IMPEQN-GENRE,Vietnam,Full,XGBoost,1,1,0.8646939396858215,1
3761,RCN10774,1209-PF-VN-IMPEQN-GENRE,Vietnam,Full,XGBoost,1,1,0.8331239223480225,1
3762,RCN10776,1209-PF-VN-IMPEQN-GENRE,Vietnam,Full,XGBoost,1,0,0.011687131598591805,0
3763,RCN10777,1209-PF-VN-IMPEQN-GENRE,Vietnam,Full,XGBoost,1,0,0.006538877729326487,0
3764,RCN10779,1209-PF-VN-IMPEQN-GENRE,Vietnam,Full,XGBoost,1,0,0.014961393550038338,0
3765,RCN10780,1209-PF-VN-IMPEQN-GENRE,Vietnam,Full,XGBoost,1,0,0.028071092441678047,0
3766,RCN10782,1209-PF-VN-IMPEQN-GENRE,Vietnam,Full,XGBoost,1,0,0.014411450363695621,0
3767,RCN10785,1209-PF-VN-IMPEQN-GENRE,Vietnam,Full,XGBoost,1,1,0.8646939396858215,1
3768,RCN10786,1209-PF-VN-IMPEQN-GENRE,Vietnam,Full,XGBoost,1,1,0.8646939396858215,1
3769,RCN10788,1209-PF-VN-IMPEQN-GENRE,Vietnam,Full,XGBoost,1,0,0.00908314436674118,0
3770,RCN10789,1209-PF-VN-IMPEQN-GENRE,Vietnam,Full,XGBoost,1,0,0.01251969300210476,0
3771,RCN10790,1209-PF-VN-IMPEQN-GENRE,Vietnam,Full,XGBoost,1,0,0.08988794684410095,0
3772,RCN10792,1209-PF-VN-IMPEQN-GENRE,Vietnam,Full,XGBoost,1,0,0.01641881838440895,0
3773,RCN10794,1209-PF-VN-IMPEQN-GENRE,Vietnam,Full,XGBoost,1,1,0.8646939396858215,1
3774,RCN11011,1209-PF-VN-IMPEQN-GENRE,Vietnam,Full,XGBoost,1,0,0.6321718692779541,1
3775,RCN11012,1209-PF-VN-IMPEQN-GENRE,Vietnam,Full,XGBoost,1,1,0.9887322187423706,1
3776,RCN11013,1209-PF-VN-IMPEQN-GENRE,Vietnam,Full,XGBoost,1,0,0.6321718692779541,1
3777,RCN11014,1209-PF-VN-IMPEQN-GENRE,Vietnam,Full,XGBoost,1,1,0.9943026304244995,1
3778,RCN11015,1209-PF-VN-IMPEQN-GENRE,Vietnam,Full,XGBoost,1,1,0.9896363615989685,1
3779,RCN11016,1209-PF-VN-IMPEQN-GENRE,Vietnam,Full,XGBoost,1,1,0.9943026304244995,1
3780,RCN11017,1209-PF-VN-IMPEQN-GENRE,Vietnam,Full,XGBoost,1,1,0.8601521253585815,1
3781,RCN11018,1209-PF-VN-IMPEQN-GENRE,Vietnam,Full,XGBoost,1,1,0.9877866506576538,1
3782,RCN11019,1209-PF-VN-IMPEQN-GENRE,Vietnam,Full,XGBoost,1,1,0.9853525757789612,1
3783,RCN11020,1209-PF-VN-IMPEQN-GENRE,Vietnam,Full,XGBoost,1,1,0.9859738349914551,1
3784,RCN11021,1209-PF-VN-IMPEQN-GENRE,Vietnam,Full,XGBoost,1,1,0.9944624304771423,1
3785,RCN11022,1209-PF-VN-IMPEQN-GENRE,Vietnam,Full,XGBoost,1,1,0.8784092664718628,1
3786,RCN11023,1209-PF-VN-IMPEQN-GENRE,Vietnam,Full,XGBoost,1,1,0.9818650484085083,1
3787,RCN11024,1209-PF-VN-IMPEQN-GENRE,Vietnam,Full,XGBoost,1,1,0.8601521253585815,1
3788,RCN11025,1209-PF-VN-IMPEQN-GENRE,Vietnam,Full,XGBoost,1,0,0.6321718692779541,1
3789,RCN11026,1209-PF-VN-IMPEQN-GENRE,Vietnam,Full,XGBoost,1,1,0.9859738349914551,1
3790,RCN11027,1209-PF-VN-IMPEQN-GENRE,Vietnam,Full,XGBoost,1,1,0.8784092664718628,1
3791,RCN11029,1209-PF-VN-IMPEQN-GENRE,Vietnam,Full,XGBoost,1,1,0.894407331943512,1
3792,RCN11030,1209-PF-VN-IMPEQN-GENRE,Vietnam,Full,XGBoost,1,1,0.9944624304771423,1
3793,RCN11032,1209-PF-VN-IMPEQN-GENRE,Vietnam,Full,XGBoost,1,1,0.992885172367096,1
3794,RCN11034,1209-PF-VN-IMPEQN-GENRE,Vietnam,Full,XGBoost,1,1,0.8544919490814209,1
3795,RCN11036,1209-PF-VN-IMPEQN-GENRE,Vietnam,Full,XGBoost,1,1,0.9859738349914551,1
3796,RCN11038,1209-PF-VN-IMPEQN-GENRE,Vietnam,Full,XGBoost,1,0,0.8500175476074219,1
3797,RCN11040,1209-PF-VN-IMPEQN-GENRE,Vietnam,Full,XGBoost,1,1,0.9859738349914551,1
3798,RCN11042,1209-PF-VN-IMPEQN-GENRE,Vietnam,Full,XGBoost,1,1,0.9944624304771423,1
3799,RCN11043,1209-PF-VN-IMPEQN-GENRE,Vietnam,Full,XGBoost,1,1,0.9853111505508423,1
3800,RCN11045,1209-PF-VN-IMPEQN-GENRE,Vietnam,Full,XGBoost,1,1,0.9887322187423706,1
3801,RCN11048,1209-PF-VN-IMPEQN-GENRE,Vietnam,Full,XGBoost,1,1,0.9944624304771423,1
3802,RCN11049,1209-PF-VN-IMPEQN-GENRE,Vietnam,Full,XGBoost,1,1,0.9470396041870117,1
3803,RCN11050,1209-PF-VN-IMPEQN-GENRE,Vietnam,Full,XGBoost,1,1,0.9880898594856262,1
3804,RCN11054,1209-PF-VN-IMPEQN-GENRE,Vietnam,Full,XGBoost,1,1,0.9945520758628845,1
3805,RCN11056,1209-PF-VN-IMPEQN-GENRE,Vietnam,Full,XGBoost,1,1,0.9945520758628845,1
3806,RCN11058,1209-PF-VN-IMPEQN-GENRE,Vietnam,Full,XGBoost,1,1,0.9944624304771423,1
3807,RCN11062,1209-PF-VN-IMPEQN-GENRE,Vietnam,Full,XGBoost,1,1,0.9859738349914551,1
3808,RCN11063,1209-PF-VN-IMPEQN-GENRE,Vietnam,Full,XGBoost,1,1,0.9859738349914551,1
3809,RCN11067,1209-PF-VN-IMPEQN-GENRE,Vietnam,Full,XGBoost,1,1,0.981417715549469,1
3810,RCN11070,1209-PF-VN-IMPEQN-GENRE,Vietnam,Full,XGBoost,1,1,0.9869418740272522,1
3811,RCN11071,1209-PF-VN-IMPEQN-GENRE,Vietnam,Full,XGBoost,1,1,0.9928792119026184,1
3812,RCN11072,1209-PF-VN-IMPEQN-GENRE,Vietnam,Full,XGBoost,1,1,0.8784092664718628,1
3813,RCN11075,1209-PF-VN-IMPEQN-GENRE,Vietnam,Full,XGBoost,1,1,0.9944624304771423,1
3814,RCN11077,1209-PF-VN-IMPEQN-GENRE,Vietnam,Full,XGBoost,1,1,0.9925091862678528,1
3815,RCN11080,1209-PF-VN-IMPEQN-GENRE,Vietnam,Full,XGBoost,1,1,0.9853525757789612,1
3816,RCN11081,1209-PF-VN-IMPEQN-GENRE,Vietnam,Full,XGBoost,1,1,0.9944624304771423,1
3817,RCN11085,1209-PF-VN-IMPEQN-GENRE,Vietnam,Full,XGBoost,1,1,0.9532264471054077,1
3818,RCN11086,1209-PF-VN-IMPEQN-GENRE,Vietnam,Full,XGBoost,1,1,0.9872022271156311,1
3819,RCN11088,1209-PF-VN-IMPEQN-GENRE,Vietnam,Full,XGBoost,1,0,0.6213536262512207,1
3820,RCN11089,1209-PF-VN-IMPEQN-GENRE,Vietnam,Full,XGBoost,1,1,0.836153507232666,1
3821,RCN11094,1209-PF-VN-IMPEQN-GENRE,Vietnam,Full,XGBoost,1,1,0.99469393491745,1
3822,RCN11096,1209-PF-VN-IMPEQN-GENRE,Vietnam,Full,XGBoost,1,1,0.9935164451599121,1
3823,RCN11104,1209-PF-VN-IMPEQN-GENRE,Vietnam,Full,XGBoost,1,1,0.9945520758628845,1
3824,RCN11105,1209-PF-VN-IMPEQN-GENRE,Vietnam,Full,XGBoost,1,1,0.9853525757789612,1
3825,RCN11106,1209-PF-VN-IMPEQN-GENRE,Vietnam,Full,XGBoost,1,1,0.9880898594856262,1
3826,RCN11107,1209-PF-VN-IMPEQN-GENRE,Vietnam,Full,XGBoost,1,1,0.9946066737174988,1
3827,RCN11108,1209-PF-VN-IMPEQN-GENRE,Vietnam,Full,XGBoost,1,1,0.9900352358818054,1
3828,RCN11109,1209-PF-VN-IMPEQN-GENRE,Vietnam,Full,XGBoost,1,1,0.12163860350847244,0
3829,RCN11110,1209-PF-VN-IMPEQN-GENRE,Vietnam,Full,XGBoost,1,1,0.9944624304771423,1
3830,RCN11111,1209-PF-VN-IMPEQN-GENRE,Vietnam,Full,XGBoost,1,1,0.9922434687614441,1
3831,RCN11112,1209-PF-VN-IMPEQN-GENRE,Vietnam,Full,XGBoost,1,1,0.9316165447235107,1
3832,RCN11114,1209-PF-VN-IMPEQN-GENRE,Vietnam,Full,XGBoost,1,1,0.8193543553352356,1
3833,RCN11115,1209-PF-VN-IMPEQN-GENRE,Vietnam,Full,XGBoost,1,1,0.7233406901359558,1
3834,RCN11118,1209-PF-VN-IMPEQN-GENRE,Vietnam,Full,XGBoost,1,0,0.46197256445884705,0
3835,RCN11119,1209-PF-VN-IMPEQN-GENRE,Vietnam,Full,XGBoost,1,1,0.9921244978904724,1
3836,RCN11121,1209-PF-VN-IMPEQN-GENRE,Vietnam,Full,XGBoost,1,1,0.9859738349914551,1
3837,RCN11122,1209-PF-VN-IMPEQN-GENRE,Vietnam,Full,XGBoost,1,1,0.9934393763542175,1
3838,RCN11123,1209-PF-VN-IMPEQN-GENRE,Vietnam,Full,XGBoost,1,0,0.6533710956573486,1
3839,RCN11124,1209-PF-VN-IMPEQN-GENRE,Vietnam,Full,XGBoost,1,1,0.9944624304771423,1
3840,RCN11125,1209-PF-VN-IMPEQN-GENRE,Vietnam,Full,XGBoost,1,1,0.9887322187423706,1
3841,RCN11126,1209-PF-VN-IMPEQN-GENRE,Vietnam,Full,XGBoost,1,1,0.9927120208740234,1
3842,RCN11127,1209-PF-VN-IMPEQN-GENRE,Vietnam,Full,XGBoost,1,1,0.9316165447235107,1
3843,RCN11128,1209-PF-VN-IMPEQN-GENRE,Vietnam,Full,XGBoost,1,1,0.9859738349914551,1
3844,RCN11129,1209-PF-VN-IMPEQN-GENRE,Vietnam,Full,XGBoost,1,1,0.9601303339004517,1
3845,RCN11131,1209-PF-VN-IMPEQN-GENRE,Vietnam,Full,XGBoost,1,1,0.9859340786933899,1
3846,RCN11133,1209-PF-VN-IMPEQN-GENRE,Vietnam,Full,XGBoost,1,1,0.9947561025619507,1
3847,RCN11134,1209-PF-VN-IMPEQN-GENRE,Vietnam,Full,XGBoost,1,1,0.9814354181289673,1
3848,RCN11135,1209-PF-VN-IMPEQN-GENRE,Vietnam,Full,XGBoost,1,1,0.9944624304771423,1
3849,RCN11136,1209-PF-VN-IMPEQN-GENRE,Vietnam,Full,XGBoost,1,1,0.9947561025619507,1
3850,RCN11137,1209-PF-VN-IMPEQN-GENRE,Vietnam,Full,XGBoost,1,1,0.9944624304771423,1
3851,RCN11138,1209-PF-VN-IMPEQN-GENRE,Vietnam,Full,XGBoost,1,1,0.9819438457489014,1
3852,RCN11139,1209-PF-VN-IMPEQN-GENRE,Vietnam,Full,XGBoost,1,1,0.9859738349914551,1
3853,RCN11141,1209-PF-VN-IMPEQN-GENRE,Vietnam,Full,XGBoost,1,1,0.9946066737174988,1
3854,RCN11143,1209-PF-VN-IMPEQN-GENRE,Vietnam,Full,XGBoost,1,1,0.9944624304771423,1
3855,RCN11144,1209-PF-VN-IMPEQN-GENRE,Vietnam,Full,XGBoost,1,1,0.9859738349914551,1
3856,RCN11145,1209-PF-VN-IMPEQN-GENRE,Vietnam,Full,XGBoost,1,1,0.6920903325080872,1
3857,RCN11146,1209-PF-VN-IMPEQN-GENRE,Vietnam,Full,XGBoost,1,1,0.982424795627594,1
3858,RCN11147,1209-PF-VN-IMPEQN-GENRE,Vietnam,Full,XGBoost,1,1,0.9887322187423706,1
3859,RCN11150,1209-PF-VN-IMPEQN-GENRE,Vietnam,Full,XGBoost,1,1,0.9892116785049438,1
3860,RCN11151,1209-PF-VN-IMPEQN-GENRE,Vietnam,Full,XGBoost,1,1,0.9944624304771423,1
3861,RCN11152,1209-PF-VN-IMPEQN-GENRE,Vietnam,Full,XGBoost,1,1,0.9944624304771423,1
3862,RCN11153,1209-PF-VN-IMPEQN-GENRE,Vietnam,Full,XGBoost,1,1,0.9944624304771423,1
3863,RCN11154,1209-PF-VN-IMPEQN-GENRE,Vietnam,Full,XGBoost,1,1,0.9859738349914551,1
3864,RCN11155,1209-PF-VN-IMPEQN-GENRE,Vietnam,Full,XGBoost,1,1,0.9944624304771423,1
3865,RCN11156,1209-PF-VN-IMPEQN-GENRE,Vietnam,Full,XGBoost,1,1,0.9803323745727539,1
3866,RCN11158,1209-PF-VN-IMPEQN-GENRE,Vietnam,Full,XGBoost,1,1,0.9859738349914551,1
3867,RCN11159,1209-PF-VN-IMPEQN-GENRE,Vietnam,Full,XGBoost,1,1,0.9944624304771423,1
3868,RCN11160,1209-PF-VN-IMPEQN-GENRE,Vietnam,Full,XGBoost,1,1,0.9859738349914551,1
3869,RCN11161,1209-PF-VN-IMPEQN-GENRE,Vietnam,Full,XGBoost,1,1,0.9859738349914551,1
3870,RCN11162,1209-PF-VN-IMPEQN-GENRE,Vietnam,Full,XGBoost,1,1,0.9892116785049438,1
3871,RCN11163,1209-PF-VN-IMPEQN-GENRE,Vietnam,Full,XGBoost,1,1,0.8602085113525391,1
3872,RCN11164,1209-PF-VN-IMPEQN-GENRE,Vietnam,Full,XGBoost,1,1,0.9944624304771423,1
3873,RCN11165,1209-PF-VN-IMPEQN-GENRE,Vietnam,Full,XGBoost,1,1,0.9859738349914551,1
3874,RCN11166,1209-PF-VN-IMPEQN-GENRE,Vietnam,Full,XGBoost,1,1,0.9944624304771423,1
3875,RCN11167,1209-PF-VN-IMPEQN-GENRE,Vietnam,Full,XGBoost,1,1,0.9859738349914551,1
3876,RCN11168,1209-PF-VN-IMPEQN-GENRE,Vietnam,Full,XGBoost,1,1,0.9853111505508423,1
3877,RCN11169,1209-PF-VN-IMPEQN-GENRE,Vietnam,Full,XGBoost,1,1,0.9944624304771423,1
3878,RCN11170,1209-PF-VN-IMPEQN-GENRE,Vietnam,Full,XGBoost,1,1,0.9726875424385071,1
3879,RCN11171,1209-PF-VN-IMPEQN-GENRE,Vietnam,Full,XGBoost,1,1,0.9831987023353577,1
3880,RCN11172,1209-PF-VN-IMPEQN-GENRE,Vietnam,Full,XGBoost,1,1,0.9859738349914551,1
3881,RCN11173,1209-PF-VN-IMPEQN-GENRE,Vietnam,Full,XGBoost,1,1,0.9944624304771423,1
3882,RCN11175,1209-PF-VN-IMPEQN-GENRE,Vietnam,Full,XGBoost,1,1,0.9887322187423706,1
3883,RCN11176,1209-PF-VN-IMPEQN-GENRE,Vietnam,Full,XGBoost,1,1,0.9902515411376953,1
3884,RCN11177,1209-PF-VN-IMPEQN-GENRE,Vietnam,Full,XGBoost,1,1,0.9848315715789795,1
3885,RCN11178,1209-PF-VN-IMPEQN-GENRE,Vietnam,Full,XGBoost,1,1,0.9887322187423706,1
3886,RCN11179,1209-PF-VN-IMPEQN-GENRE,Vietnam,Full,XGBoost,1,1,0.9834426045417786,1
3887,RCN11181,1209-PF-VN-IMPEQN-GENRE,Vietnam,Full,XGBoost,1,1,0.9859738349914551,1
3888,RCN11182,1209-PF-VN-IMPEQN-GENRE,Vietnam,Full,XGBoost,1,1,0.9944624304771423,1
3889,RCN11183,1209-PF-VN-IMPEQN-GENRE,Vietnam,Full,XGBoost,1,1,0.9826475977897644,1
3890,RCN11184,1209-PF-VN-IMPEQN-GENRE,Vietnam,Full,XGBoost,1,1,0.9783833622932434,1
3891,RCN11185,1209-PF-VN-IMPEQN-GENRE,Vietnam,Full,XGBoost,1,1,0.9826475977897644,1
3892,RCN11186,1209-PF-VN-IMPEQN-GENRE,Vietnam,Full,XGBoost,1,1,0.9826475977897644,1
3893,RCN11187,1209-PF-VN-IMPEQN-GENRE,Vietnam,Full,XGBoost,1,1,0.9826475977897644,1
3894,RCN11189,1209-PF-VN-IMPEQN-GENRE,Vietnam,Full,XGBoost,1,1,0.9153153300285339,1
3895,RCN11190,1209-PF-VN-IMPEQN-GENRE,Vietnam,Full,XGBoost,1,1,0.9867807030677795,1
3896,RCN11191,1209-PF-VN-IMPEQN-GENRE,Vietnam,Full,XGBoost,1,0,0.7072266936302185,1
3897,RCN11192,1209-PF-VN-IMPEQN-GENRE,Vietnam,Full,XGBoost,1,1,0.9826475977897644,1
3898,RCN11193,1209-PF-VN-IMPEQN-GENRE,Vietnam,Full,XGBoost,1,0,0.2354564070701599,0
3899,RCN11194,1209-PF-VN-IMPEQN-GENRE,Vietnam,Full,XGBoost,1,1,0.6203685402870178,1
3900,RCN11195,1209-PF-VN-IMPEQN-GENRE,Vietnam,Full,XGBoost,1,1,0.15416468679904938,0
3901,RCN11196,1209-PF-VN-IMPEQN-GENRE,Vietnam,Full,XGBoost,1,1,0.15416468679904938,0
3902,RCN11197,1209-PF-VN-IMPEQN-GENRE,Vietnam,Full,XGBoost,1,0,0.15774209797382355,0
3903,RCN11208,1209-PF-VN-IMPEQN-GENRE,Vietnam,Full,XGBoost,1,0,0.08014446496963501,0
3904,RCN11217,1209-PF-VN-IMPEQN-GENRE,Vietnam,Full,XGBoost,1,0,0.08014446496963501,0
3905,RCN11221,1209-PF-VN-IMPEQN-GENRE,Vietnam,Full,XGBoost,1,0,0.6740182042121887,1
3906,RCN11222,1209-PF-VN-IMPEQN-GENRE,Vietnam,Full,XGBoost,1,1,0.9887322187423706,1
3907,RCN11223,1209-PF-VN-IMPEQN-GENRE,Vietnam,Full,XGBoost,1,1,0.9862875938415527,1
3908,RCN11224,1209-PF-VN-IMPEQN-GENRE,Vietnam,Full,XGBoost,1,1,0.9859738349914551,1
3909,RCN11225,1209-PF-VN-IMPEQN-GENRE,Vietnam,Full,XGBoost,1,1,0.9862875938415527,1
3910,RCN11228,1209-PF-VN-IMPEQN-GENRE,Vietnam,Full,XGBoost,1,1,0.9945520758628845,1
3911,RCN11229,1209-PF-VN-IMPEQN-GENRE,Vietnam,Full,XGBoost,1,1,0.9818413257598877,1
3912,RCN11230,1209-PF-VN-IMPEQN-GENRE,Vietnam,Full,XGBoost,1,1,0.9263027906417847,1
3913,RCN11231,1209-PF-VN-IMPEQN-GENRE,Vietnam,Full,XGBoost,1,1,0.975604236125946,1
3914,RCN11232,1209-PF-VN-IMPEQN-GENRE,Vietnam,Full,XGBoost,1,1,0.9946341514587402,1
3915,RCN11233,1209-PF-VN-IMPEQN-GENRE,Vietnam,Full,XGBoost,1,1,0.9859738349914551,1
3916,RCN11234,1209-PF-VN-IMPEQN-GENRE,Vietnam,Full,XGBoost,1,1,0.9859738349914551,1
3917,RCN11235,1209-PF-VN-IMPEQN-GENRE,Vietnam,Full,XGBoost,1,0,0.8241990208625793,1
3918,RCN11236,1209-PF-VN-IMPEQN-GENRE,Vietnam,Full,XGBoost,1,0,0.010971377603709698,0
3919,RCN11237,1209-PF-VN-IMPEQN-GENRE,Vietnam,Full,XGBoost,1,0,0.00908314436674118,0
3920,RCN11238,1209-PF-VN-IMPEQN-GENRE,Vietnam,Full,XGBoost,1,0,0.00908314436674118,0
3921,RCN11239,1209-PF-VN-IMPEQN-GENRE,Vietnam,Full,XGBoost,1,0,0.00908314436674118,0
3922,RCN11240,1209-PF-VN-IMPEQN-GENRE,Vietnam,Full,XGBoost,1,0,0.6708348989486694,1
3923,RCN11241,1209-PF-VN-IMPEQN-GENRE,Vietnam,Full,XGBoost,1,0,0.6708348989486694,1
3924,RCN11242,1209-PF-VN-IMPEQN-GENRE,Vietnam,Full,XGBoost,1,0,0.76610267162323,1
3925,RCN11243,1209-PF-VN-IMPEQN-GENRE,Vietnam,Full,XGBoost,1,0,0.7909950017929077,1
3926,RCN11244,1209-PF-VN-IMPEQN-GENRE,Vietnam,Full,XGBoost,1,0,0.6708348989486694,1
3927,RCN11245,1209-PF-VN-IMPEQN-GENRE,Vietnam,Full,XGBoost,1,0,0.00908314436674118,0
3928,RCN11246,1209-PF-VN-IMPEQN-GENRE,Vietnam,Full,XGBoost,1,1,0.9826475977897644,1
3929,RCN11247,1209-PF-VN-IMPEQN-GENRE,Vietnam,Full,XGBoost,1,0,0.009623371064662933,0
3930,RCN11248,1209-PF-VN-IMPEQN-GENRE,Vietnam,Full,XGBoost,1,0,0.6708348989486694,1
3931,RCN11249,1209-PF-VN-IMPEQN-GENRE,Vietnam,Full,XGBoost,1,0,0.7096707820892334,1
3932,RCN11250,1209-PF-VN-IMPEQN-GENRE,Vietnam,Full,XGBoost,1,0,0.010359451174736023,0
3933,RCN11251,1209-PF-VN-IMPEQN-GENRE,Vietnam,Full,XGBoost,1,0,0.636768639087677,1
3934,RCN11252,1209-PF-VN-IMPEQN-GENRE,Vietnam,Full,XGBoost,1,0,0.010980618186295033,0
3935,RCN11253,1209-PF-VN-IMPEQN-GENRE,Vietnam,Full,XGBoost,1,0,0.8974676728248596,1
3936,RCN11254,1209-PF-VN-IMPEQN-GENRE,Vietnam,Full,XGBoost,1,0,0.00742270378395915,0
3937,RCN11255,1209-PF-VN-IMPEQN-GENRE,Vietnam,Full,XGBoost,1,1,0.9944624304771423,1
3938,RCN11256,1209-PF-VN-IMPEQN-GENRE,Vietnam,Full,XGBoost,1,1,0.9944624304771423,1
3939,RCN11257,1209-PF-VN-IMPEQN-GENRE,Vietnam,Full,XGBoost,1,1,0.954508364200592,1
3940,RCN11258,1209-PF-VN-IMPEQN-GENRE,Vietnam,Full,XGBoost,1,1,0.9944624304771423,1
3941,RCN11259,1209-PF-VN-IMPEQN-GENRE,Vietnam,Full,XGBoost,1,1,0.9479175806045532,1
3942,RCN11260,1209-PF-VN-IMPEQN-GENRE,Vietnam,Full,XGBoost,1,1,0.9887322187423706,1
3943,RCN11261,1209-PF-VN-IMPEQN-GENRE,Vietnam,Full,XGBoost,1,1,0.9931513071060181,1
3944,RCN11262,1209-PF-VN-IMPEQN-GENRE,Vietnam,Full,XGBoost,1,1,0.9425927400588989,1
3945,RCN11265,1209-PF-VN-IMPEQN-GENRE,Vietnam,Full,XGBoost,1,1,0.8330466151237488,1
3946,RCN11266,1209-PF-VN-IMPEQN-GENRE,Vietnam,Full,XGBoost,1,1,0.9945520758628845,1
3947,RCN11267,1209-PF-VN-IMPEQN-GENRE,Vietnam,Full,XGBoost,1,1,0.9888245463371277,1
3948,RCN11268,1209-PF-VN-IMPEQN-GENRE,Vietnam,Full,XGBoost,1,1,0.9873758554458618,1
3949,RCN11269,1209-PF-VN-IMPEQN-GENRE,Vietnam,Full,XGBoost,1,1,0.9944624304771423,1
3950,RCN11270,1209-PF-VN-IMPEQN-GENRE,Vietnam,Full,XGBoost,1,1,0.9845559597015381,1
3951,RCN11271,1209-PF-VN-IMPEQN-GENRE,Vietnam,Full,XGBoost,1,1,0.9874431490898132,1
3952,RCN11273,1209-PF-VN-IMPEQN-GENRE,Vietnam,Full,XGBoost,1,1,0.9878395199775696,1
3953,RCN11274,1209-PF-VN-IMPEQN-GENRE,Vietnam,Full,XGBoost,1,1,0.9853525757789612,1
3954,RCN11275,1209-PF-VN-IMPEQN-GENRE,Vietnam,Full,XGBoost,1,1,0.9761971831321716,1
3955,RCN11276,1209-PF-VN-IMPEQN-GENRE,Vietnam,Full,XGBoost,1,1,0.853638231754303,1
3956,RCN11277,1209-PF-VN-IMPEQN-GENRE,Vietnam,Full,XGBoost,1,1,0.7033675909042358,1
3957,RCN11278,1209-PF-VN-IMPEQN-GENRE,Vietnam,Full,XGBoost,1,1,0.9945520758628845,1
3958,RCN11282,1209-PF-VN-IMPEQN-GENRE,Vietnam,Full,XGBoost,1,0,0.558427095413208,1
3959,RCN11283,1209-PF-VN-IMPEQN-GENRE,Vietnam,Full,XGBoost,1,1,0.9881028532981873,1
3960,RCN11284,1209-PF-VN-IMPEQN-GENRE,Vietnam,Full,XGBoost,1,1,0.9822390079498291,1
3961,RCN11285,1209-PF-VN-IMPEQN-GENRE,Vietnam,Full,XGBoost,1,1,0.9895920157432556,1
3962,RCN11286,1209-PF-VN-IMPEQN-GENRE,Vietnam,Full,XGBoost,1,1,0.8275451064109802,1
3963,RCN11287,1209-PF-VN-IMPEQN-GENRE,Vietnam,Full,XGBoost,1,1,0.9890921115875244,1
3964,RCN11288,1209-PF-VN-IMPEQN-GENRE,Vietnam,Full,XGBoost,1,1,0.9762141108512878,1
3965,RCN11289,1209-PF-VN-IMPEQN-GENRE,Vietnam,Full,XGBoost,1,1,0.9939271807670593,1
3966,RCN11290,1209-PF-VN-IMPEQN-GENRE,Vietnam,Full,XGBoost,1,1,0.7033675909042358,1
3967,RCN11292,1209-PF-VN-IMPEQN-GENRE,Vietnam,Full,XGBoost,1,1,0.9887322187423706,1
3968,RCN11293,1209-PF-VN-IMPEQN-GENRE,Vietnam,Full,XGBoost,1,1,0.9887322187423706,1
3969,RCN11294,1209-PF-VN-IMPEQN-GENRE,Vietnam,Full,XGBoost,1,1,0.836153507232666,1
3970,RCN11295,1209-PF-VN-IMPEQN-GENRE,Vietnam,Full,XGBoost,1,1,0.9933432340621948,1
3971,RCN11298,1209-PF-VN-IMPEQN-GENRE,Vietnam,Full,XGBoost,1,1,0.9928792119026184,1
3972,RCN11299,1209-PF-VN-IMPEQN-GENRE,Vietnam,Full,XGBoost,1,1,0.9887322187423706,1
3973,RCN11300,1209-PF-VN-IMPEQN-GENRE,Vietnam,Full,XGBoost,1,1,0.9944624304771423,1
3974,RCN11301,1209-PF-VN-IMPEQN-GENRE,Vietnam,Full,XGBoost,1,1,0.9931513071060181,1
3975,RCN11302,1209-PF-VN-IMPEQN-GENRE,Vietnam,Full,XGBoost,1,1,0.9945520758628845,1
3976,RCN11303,1209-PF-VN-IMPEQN-GENRE,Vietnam,Full,XGBoost,1,1,0.984971821308136,1
3977,RCN11304,1209-PF-VN-IMPEQN-GENRE,Vietnam,Full,XGBoost,1,0,0.8623692393302917,1
3978,RCN11305,1209-PF-VN-IMPEQN-GENRE,Vietnam,Full,XGBoost,1,1,0.984971821308136,1
3979,RCN11306,1209-PF-VN-IMPEQN-GENRE,Vietnam,Full,XGBoost,1,1,0.9859738349914551,1
3980,RCN11307,1209-PF-VN-IMPEQN-GENRE,Vietnam,Full,XGBoost,1,1,0.992885172367096,1
3981,RCN11308,1209-PF-VN-IMPEQN-GENRE,Vietnam,Full,XGBoost,1,1,0.992885172367096,1
3982,RCN11309,1209-PF-VN-IMPEQN-GENRE,Vietnam,Full,XGBoost,1,1,0.9947561025619507,1
3983,RCN11310,1209-PF-VN-IMPEQN-GENRE,Vietnam,Full,XGBoost,1,0,0.00742270378395915,0
3984,RCN11312,1209-PF-VN-IMPEQN-GENRE,Vietnam,Full,XGBoost,1,1,0.9859738349914551,1
3985,RCN11313,1209-PF-VN-IMPEQN-GENRE,Vietnam,Full,XGBoost,1,1,0.9859738349914551,1
3986,RCN11314,1209-PF-VN-IMPEQN-GENRE,Vietnam,Full,XGBoost,1,1,0.9859738349914551,1
3987,RCN11315,1209-PF-VN-IMPEQN-GENRE,Vietnam,Full,XGBoost,1,1,0.8525641560554504,1
3988,RCN11316,1209-PF-VN-IMPEQN-GENRE,Vietnam,Full,XGBoost,1,1,0.8776184320449829,1
3989,RCN11317,1209-PF-VN-IMPEQN-GENRE,Vietnam,Full,XGBoost,1,1,0.9863367676734924,1
3990,RCN11318,1209-PF-VN-IMPEQN-GENRE,Vietnam,Full,XGBoost,1,1,0.9944624304771423,1
3991,RCN11319,1209-PF-VN-IMPEQN-GENRE,Vietnam,Full,XGBoost,1,1,0.7752134203910828,1
3992,RCN11320,1209-PF-VN-IMPEQN-GENRE,Vietnam,Full,XGBoost,1,1,0.9945520758628845,1
3993,RCN11321,1209-PF-VN-IMPEQN-GENRE,Vietnam,Full,XGBoost,1,1,0.9436535239219666,1
3994,RCN11322,1209-PF-VN-IMPEQN-GENRE,Vietnam,Full,XGBoost,1,1,0.8776184320449829,1
3995,RCN11324,1209-PF-VN-IMPEQN-GENRE,Vietnam,Full,XGBoost,1,1,0.9837696552276611,1
3996,RCN11325,1209-PF-VN-IMPEQN-GENRE,Vietnam,Full,XGBoost,1,1,0.985692024230957,1
3997,RCN11326,1209-PF-VN-IMPEQN-GENRE,Vietnam,Full,XGBoost,1,1,0.9946066737174988,1
3998,RCN11327,1209-PF-VN-IMPEQN-GENRE,Vietnam,Full,XGBoost,1,1,0.38329336047172546,0
3999,RCN11328,1209-PF-VN-IMPEQN-GENRE,Vietnam,Full,XGBoost,1,1,0.9944624304771423,1
4000,RCN11331,1209-PF-VN-IMPEQN-GENRE,Vietnam,Full,XGBoost,1,1,0.9853525757789612,1
4001,RCN11332,1209-PF-VN-IMPEQN-GENRE,Vietnam,Full,XGBoost,1,1,0.9859738349914551,1
4002,RCN11334,1209-PF-VN-IMPEQN-GENRE,Vietnam,Full,XGBoost,1,1,0.9887322187423706,1
4003,RCN11335,1209-PF-VN-IMPEQN-GENRE,Vietnam,Full,XGBoost,1,1,0.9943026304244995,1
4004,RCN11336,1209-PF-VN-IMPEQN-GENRE,Vietnam,Full,XGBoost,1,1,0.9935789108276367,1
4005,RCN11337,1209-PF-VN-IMPEQN-GENRE,Vietnam,Full,XGBoost,1,1,0.9498096704483032,1
4006,RCN11339,1209-PF-VN-IMPEQN-GENRE,Vietnam,Full,XGBoost,1,1,0.9944624304771423,1
4007,RCN11341,1209-PF-VN-IMPEQN-GENRE,Vietnam,Full,XGBoost,1,1,0.9498096704483032,1
4453,RCN12025,1209-PF-VN-IMPEQN-GENRE,Vietnam,Full,XGBoost,1,1,0.9933432340621948,1
4454,RCN12026,1209-PF-VN-IMPEQN-GENRE,Vietnam,Full,XGBoost,1,1,0.9945520758628845,1
4455,RCN12027,1209-PF-VN-IMPEQN-GENRE,Vietnam,Full,XGBoost,1,1,0.9892116785049438,1
4456,RCN12028,1209-PF-VN-IMPEQN-GENRE,Vietnam,Full,XGBoost,1,1,0.9945520758628845,1
4457,RCN12031,1209-PF-VN-IMPEQN-GENRE,Vietnam,Full,XGBoost,1,1,0.9945520758628845,1
4458,RCN12032,1209-PF-VN-IMPEQN-GENRE,Vietnam,Full,XGBoost,1,1,0.8211116790771484,1
4459,RCN12033,1209-PF-VN-IMPEQN-GENRE,Vietnam,Full,XGBoost,1,1,0.9892553091049194,1
4460,RCN12034,1209-PF-VN-IMPEQN-GENRE,Vietnam,Full,XGBoost,1,1,0.9944624304771423,1
4461,RCN12035,1209-PF-VN-IMPEQN-GENRE,Vietnam,Full,XGBoost,1,1,0.9944624304771423,1
4462,RCN12036,1209-PF-VN-IMPEQN-GENRE,Vietnam,Full,XGBoost,1,1,0.9877866506576538,1
4463,RCN12040,1209-PF-VN-IMPEQN-GENRE,Vietnam,Full,XGBoost,1,1,0.9862875938415527,1
4464,RCN12041,1209-PF-VN-IMPEQN-GENRE,Vietnam,Full,XGBoost,1,1,0.9887322187423706,1
4465,RCN12042,1209-PF-VN-IMPEQN-GENRE,Vietnam,Full,XGBoost,1,1,0.9946066737174988,1
4466,RCN12043,1209-PF-VN-IMPEQN-GENRE,Vietnam,Full,XGBoost,1,1,0.9826475977897644,1
4467,RCN12044,1209-PF-VN-IMPEQN-GENRE,Vietnam,Full,XGBoost,1,1,0.9826475977897644,1
4468,RCN12048,1209-PF-VN-IMPEQN-GENRE,Vietnam,Full,XGBoost,1,0,0.4163576066493988,0
4469,RCN12050,1209-PF-VN-IMPEQN-GENRE,Vietnam,Full,XGBoost,1,0,0.2685885429382324,0
4470,RCN12051,1209-PF-VN-IMPEQN-GENRE,Vietnam,Full,XGBoost,1,0,0.5633947253227234,1
4471,RCN12052,1209-PF-VN-IMPEQN-GENRE,Vietnam,Full,XGBoost,1,0,0.4893801510334015,0
4472,RCN12057,1209-PF-VN-IMPEQN-GENRE,Vietnam,Full,XGBoost,1,1,0.935343861579895,1
4473,RCN12058,1209-PF-VN-IMPEQN-GENRE,Vietnam,Full,XGBoost,1,1,0.9944624304771423,1
4474,RCN12059,1209-PF-VN-IMPEQN-GENRE,Vietnam,Full,XGBoost,1,1,0.9859738349914551,1
4475,RCN12060,1209-PF-VN-IMPEQN-GENRE,Vietnam,Full,XGBoost,1,0,0.00742270378395915,0
4476,RCN12063,1209-PF-VN-IMPEQN-GENRE,Vietnam,Full,XGBoost,1,0,0.018690550699830055,0
4477,RCN12064,1209-PF-VN-IMPEQN-GENRE,Vietnam,Full,XGBoost,1,1,0.9887322187423706,1
4478,RCN12066,1209-PF-VN-IMPEQN-GENRE,Vietnam,Full,XGBoost,1,0,0.33783990144729614,0
4479,RCN12068,1209-PF-VN-IMPEQN-GENRE,Vietnam,Full,XGBoost,1,1,0.9542117118835449,1
4480,RCN12070,1209-PF-VN-IMPEQN-GENRE,Vietnam,Full,XGBoost,1,0,0.4492882192134857,0
4481,RCN12071,1209-PF-VN-IMPEQN-GENRE,Vietnam,Full,XGBoost,1,1,0.9944624304771423,1
4482,RCN12072,1209-PF-VN-IMPEQN-GENRE,Vietnam,Full,XGBoost,1,1,0.9853111505508423,1
4483,RCN12074,1209-PF-VN-IMPEQN-GENRE,Vietnam,Full,XGBoost,1,1,0.9916059970855713,1
4484,RCN12075,1209-PF-VN-IMPEQN-GENRE,Vietnam,Full,XGBoost,1,0,0.8395577073097229,1
4485,RCN12076,1209-PF-VN-IMPEQN-GENRE,Vietnam,Full,XGBoost,1,0,0.010359451174736023,0
4486,RCN12077,1209-PF-VN-IMPEQN-GENRE,Vietnam,Full,XGBoost,1,0,0.7247125506401062,1
4487,RCN12079,1209-PF-VN-IMPEQN-GENRE,Vietnam,Full,XGBoost,1,0,0.7034777402877808,1
4488,RCN12080,1209-PF-VN-IMPEQN-GENRE,Vietnam,Full,XGBoost,1,0,0.8461692333221436,1
4489,RCN12081,1209-PF-VN-IMPEQN-GENRE,Vietnam,Full,XGBoost,1,0,0.008968892507255077,0
4490,RCN12082,1209-PF-VN-IMPEQN-GENRE,Vietnam,Full,XGBoost,1,0,0.00742270378395915,0
4491,RCN12083,1209-PF-VN-IMPEQN-GENRE,Vietnam,Full,XGBoost,1,1,0.9896363615989685,1
4492,RCN12084,1209-PF-VN-IMPEQN-GENRE,Vietnam,Full,XGBoost,1,1,0.9887322187423706,1
4493,RCN12087,1209-PF-VN-IMPEQN-GENRE,Vietnam,Full,XGBoost,1,1,0.9935280680656433,1
4494,RCN12088,1209-PF-VN-IMPEQN-GENRE,Vietnam,Full,XGBoost,1,1,0.9941137433052063,1
4495,RCN12091,1209-PF-VN-IMPEQN-GENRE,Vietnam,Full,XGBoost,1,1,0.9931513071060181,1
4496,RCN12096,1209-PF-VN-IMPEQN-GENRE,Vietnam,Full,XGBoost,1,1,0.994809627532959,1
4497,RCN12100,1209-PF-VN-IMPEQN-GENRE,Vietnam,Full,XGBoost,1,1,0.9859738349914551,1
4498,RCN12103,1209-PF-VN-IMPEQN-GENRE,Vietnam,Full,XGBoost,1,1,0.9842691421508789,1
4499,RCN12106,1209-PF-VN-IMPEQN-GENRE,Vietnam,Full,XGBoost,1,1,0.9933432340621948,1
4500,RCN12107,1209-PF-VN-IMPEQN-GENRE,Vietnam,Full,XGBoost,1,1,0.9856697916984558,1
4501,RCN12111,1209-PF-VN-IMPEQN-GENRE,Vietnam,Full,XGBoost,1,1,0.9944624304771423,1
4502,RCN12112,1209-PF-VN-IMPEQN-GENRE,Vietnam,Full,XGBoost,1,1,0.9842691421508789,1
4503,RCN12113,1209-PF-VN-IMPEQN-GENRE,Vietnam,Full,XGBoost,1,1,0.9292066097259521,1
4504,RCN12115,1209-PF-VN-IMPEQN-GENRE,Vietnam,Full,XGBoost,1,1,0.9896363615989685,1
4505,RCN12116,1209-PF-VN-IMPEQN-GENRE,Vietnam,Full,XGBoost,1,1,0.9859738349914551,1
4643,RCN12676,1209-PF-VN-IMPEQN-GENRE,Vietnam,Full,XGBoost,1,1,0.9859738349914551,1
4644,RCN12680,1209-PF-VN-IMPEQN-GENRE,Vietnam,Full,XGBoost,1,1,0.9947443008422852,1
4645,RCN12681,1209-PF-VN-IMPEQN-GENRE,Vietnam,Full,XGBoost,1,1,0.9910349249839783,1
4646,RCN12685,1209-PF-VN-IMPEQN-GENRE,Vietnam,Full,XGBoost,1,0,0.4439722001552582,0
4647,RCN12688,1209-PF-VN-IMPEQN-GENRE,Vietnam,Full,XGBoost,1,0,0.29624873399734497,0
4648,RCN12689,1209-PF-VN-IMPEQN-GENRE,Vietnam,Full,XGBoost,1,0,0.29624873399734497,0
4649,RCN12693,1209-PF-VN-IMPEQN-GENRE,Vietnam,Full,XGBoost,1,0,0.29624873399734497,0
4650,RCN12694,1209-PF-VN-IMPEQN-GENRE,Vietnam,Full,XGBoost,1,0,0.29624873399734497,0
4651,RCN12696,1209-PF-VN-IMPEQN-GENRE,Vietnam,Full,XGBoost,1,0,0.29624873399734497,0
4652,RCN12698,1209-PF-VN-IMPEQN-GENRE,Vietnam,Full,XGBoost,1,0,0.29624873399734497,0
4653,RCN12700,1209-PF-VN-IMPEQN-GENRE,Vietnam,Full,XGBoost,1,0,0.29624873399734497,0
4654,RCN12704,1209-PF-VN-IMPEQN-GENRE,Vietnam,Full,XGBoost,1,0,0.29624873399734497,0
4655,RCN12708,1209-PF-VN-IMPEQN-GENRE,Vietnam,Full,XGBoost,1,0,0.33143213391304016,0
4656,RCN12710,1209-PF-VN-IMPEQN-GENRE,Vietnam,Full,XGBoost,1,1,0.48254841566085815,0
4657,RCN12712,1209-PF-VN-IMPEQN-GENRE,Vietnam,Full,XGBoost,1,1,0.9922202229499817,1
4658,RCN12713,1209-PF-VN-IMPEQN-GENRE,Vietnam,Full,XGBoost,1,1,0.9870297312736511,1
4659,RCN12716,1209-PF-VN-IMPEQN-GENRE,Vietnam,Full,XGBoost,1,1,0.9848254323005676,1
4660,RCN12720,1209-PF-VN-IMPEQN-GENRE,Vietnam,Full,XGBoost,1,1,0.9945520758628845,1
4661,RCN12722,1209-PF-VN-IMPEQN-GENRE,Vietnam,Full,XGBoost,1,1,0.9859738349914551,1
4662,RCN12724,1209-PF-VN-IMPEQN-GENRE,Vietnam,Full,XGBoost,1,1,0.9944624304771423,1
4663,RCN12725,1209-PF-VN-IMPEQN-GENRE,Vietnam,Full,XGBoost,1,1,0.9892553091049194,1
4664,RCN12726,1209-PF-VN-IMPEQN-GENRE,Vietnam,Full,XGBoost,1,1,0.9944624304771423,1
4665,RCN12729,1209-PF-VN-IMPEQN-GENRE,Vietnam,Full,XGBoost,1,1,0.43593379855155945,0
4666,RCN12732,1209-PF-VN-IMPEQN-GENRE,Vietnam,Full,XGBoost,1,1,0.9859738349914551,1
4667,RCN12733,1209-PF-VN-IMPEQN-GENRE,Vietnam,Full,XGBoost,1,1,0.9859738349914551,1
4668,RCN12734,1209-PF-VN-IMPEQN-GENRE,Vietnam,Full,XGBoost,1,1,0.9859738349914551,1
4669,RCN12736,1209-PF-VN-IMPEQN-GENRE,Vietnam,Full,XGBoost,1,1,0.9944624304771423,1
4670,RCN12737,1209-PF-VN-IMPEQN-GENRE,Vietnam,Full,XGBoost,1,1,0.9933432340621948,1
4671,RCN12738,1209-PF-VN-IMPEQN-GENRE,Vietnam,Full,XGBoost,1,1,0.9933432340621948,1
4672,RCN12740,1209-PF-VN-IMPEQN-GENRE,Vietnam,Full,XGBoost,1,1,0.9859738349914551,1
4673,RCN12741,1209-PF-VN-IMPEQN-GENRE,Vietnam,Full,XGBoost,1,1,0.9859738349914551,1
4674,RCN12742,1209-PF-VN-IMPEQN-GENRE,Vietnam,Full,XGBoost,1,1,0.9859738349914551,1
4675,RCN12744,1209-PF-VN-IMPEQN-GENRE,Vietnam,Full,XGBoost,1,1,0.9859738349914551,1
4676,RCN12745,1209-PF-VN-IMPEQN-GENRE,Vietnam,Full,XGBoost,1,1,0.9859738349914551,1
4677,RCN12746,1209-PF-VN-IMPEQN-GENRE,Vietnam,Full,XGBoost,1,1,0.9859738349914551,1
4678,RCN12749,1209-PF-VN-IMPEQN-GENRE,Vietnam,Full,XGBoost,1,1,0.9887322187423706,1
4679,RCN12750,1209-PF-VN-IMPEQN-GENRE,Vietnam,Full,XGBoost,1,0,0.29624873399734497,0
4680,RCN12751,1209-PF-VN-IMPEQN-GENRE,Vietnam,Full,XGBoost,1,0,0.29624873399734497,0
4681,RCN12752,1209-PF-VN-IMPEQN-GENRE,Vietnam,Full,XGBoost,1,0,0.29624873399734497,0
5173,RCN14185,1209-PF-VN-IMPEQN-GENRE,Vietnam,Full,XGBoost,1,1,0.9859738349914551,1
5174,RCN14197,1209-PF-VN-IMPEQN-GENRE,Vietnam,Full,XGBoost,1,1,0.9859738349914551,1
5175,RCN14210,1209-PF-VN-IMPEQN-GENRE,Vietnam,Full,XGBoost,1,1,0.9853111505508423,1
5176,RCN14217,1209-PF-VN-IMPEQN-GENRE,Vietnam,Full,XGBoost,1,0,0.18323056399822235,0
5177,RCN14220,1209-PF-VN-IMPEQN-GENRE,Vietnam,Full,XGBoost,1,1,0.9256153106689453,1
5178,RCN14222,1209-PF-VN-IMPEQN-GENRE,Vietnam,Full,XGBoost,1,1,0.9945520758628845,1
5179,RCN14223,1209-PF-VN-IMPEQN-GENRE,Vietnam,Full,XGBoost,1,1,0.9943026304244995,1
5180,RCN14225,1209-PF-VN-IMPEQN-GENRE,Vietnam,Full,XGBoost,1,1,0.991940975189209,1
5181,RCN14226,1209-PF-VN-IMPEQN-GENRE,Vietnam,Full,XGBoost,1,1,0.9945520758628845,1
5182,RCN14233,1209-PF-VN-IMPEQN-GENRE,Vietnam,Full,XGBoost,1,1,0.9853111505508423,1
5183,RCN14234,1209-PF-VN-IMPEQN-GENRE,Vietnam,Full,XGBoost,1,0,0.29624873399734497,0
5184,RCN14238,1209-PF-VN-IMPEQN-GENRE,Vietnam,Full,XGBoost,1,0,0.36206182837486267,0
5185,RCN14239,1209-PF-VN-IMPEQN-GENRE,Vietnam,Full,XGBoost,1,0,0.00742270378395915,0
5186,RCN14241,1209-PF-VN-IMPEQN-GENRE,Vietnam,Full,XGBoost,1,1,0.9892116785049438,1
5187,RCN14243,1209-PF-VN-IMPEQN-GENRE,Vietnam,Full,XGBoost,1,0,0.15973807871341705,0
5188,RCN14251,1209-PF-VN-IMPEQN-GENRE,Vietnam,Full,XGBoost,1,0,0.010496552102267742,0
5189,RCN14255,1209-PF-VN-IMPEQN-GENRE,Vietnam,Full,XGBoost,1,0,0.01224304549396038,0
5190,RCN14262,1209-PF-VN-IMPEQN-GENRE,Vietnam,Full,XGBoost,1,1,0.9944624304771423,1
5191,RCN14263,1209-PF-VN-IMPEQN-GENRE,Vietnam,Full,XGBoost,1,1,0.9859738349914551,1
5192,RCN14264,1209-PF-VN-IMPEQN-GENRE,Vietnam,Full,XGBoost,1,1,0.9892116785049438,1
5193,RCN14265,1209-PF-VN-IMPEQN-GENRE,Vietnam,Full,XGBoost,1,1,0.9892116785049438,1
5194,RCN14269,1209-PF-VN-IMPEQN-GENRE,Vietnam,Full,XGBoost,1,1,0.9859738349914551,1
5195,RCN14270,1209-PF-VN-IMPEQN-GENRE,Vietnam,Full,XGBoost,1,1,0.9892116785049438,1
5196,RCN14271,1209-PF-VN-IMPEQN-GENRE,Vietnam,Full,XGBoost,1,1,0.9892116785049438,1
5197,RCN14272,1209-PF-VN-IMPEQN-GENRE,Vietnam,Full,XGBoost,1,1,0.9859738349914551,1
5198,RCN14273,1209-PF-VN-IMPEQN-GENRE,Vietnam,Full,XGBoost,1,1,0.9859738349914551,1
5199,RCN14276,1209-PF-VN-IMPEQN-GENRE,Vietnam,Full,XGBoost,1,1,0.9944624304771423,1
5200,RCN14277,1209-PF-VN-IMPEQN-GENRE,Vietnam,Full,XGBoost,1,1,0.9859738349914551,1
5201,RCN14278,1209-PF-VN-IMPEQN-GENRE,Vietnam,Full,XGBoost,1,1,0.9859738349914551,1
5202,RCN14279,1209-PF-VN-IMPEQN-GENRE,Vietnam,Full,XGBoost,1,1,0.9859738349914551,1
5203,RCN14280,1209-PF-VN-IMPEQN-GENRE,Vietnam,Full,XGBoost,1,1,0.9859738349914551,1
5204,RCN14281,1209-PF-VN-IMPEQN-GENRE,Vietnam,Full,XGBoost,1,1,0.9859738349914551,1
5205,RCN14284,1209-PF-VN-IMPEQN-GENRE,Vietnam,Full,XGBoost,1,1,0.9859738349914551,1
5206,RCN14285,1209-PF-VN-IMPEQN-GENRE,Vietnam,Full,XGBoost,1,1,0.9859738349914551,1
5207,RCN14286,1209-PF-VN-IMPEQN-GENRE,Vietnam,Full,XGBoost,1,1,0.9859738349914551,1
5208,RCN14287,1209-PF-VN-IMPEQN-GENRE,Vietnam,Full,XGBoost,1,1,0.9859738349914551,1
5209,RCN14288,1209-PF-VN-IMPEQN-GENRE,Vietnam,Full,XGBoost,1,1,0.9892116785049438,1
5210,RCN14289,1209-PF-VN-IMPEQN-GENRE,Vietnam,Full,XGBoost,1,1,0.9944624304771423,1
5211,RCN14291,1209-PF-VN-IMPEQN-GENRE,Vietnam,Full,XGBoost,1,1,0.9877866506576538,1
5212,RCN14292,1209-PF-VN-IMPEQN-GENRE,Vietnam,Full,XGBoost,1,1,0.9859738349914551,1
5213,RCN14293,1209-PF-VN-IMPEQN-GENRE,Vietnam,Full,XGBoost,1,1,0.9892116785049438,1
5214,RCN14294,1209-PF-VN-IMPEQN-GENRE,Vietnam,Full,XGBoost,1,1,0.9859738349914551,1
5215,RCN14295,1209-PF-VN-IMPEQN-GENRE,Vietnam,Full,XGBoost,1,1,0.9901065230369568,1
5216,RCN14296,1209-PF-VN-IMPEQN-GENRE,Vietnam,Full,XGBoost,1,1,0.9859738349914551,1
5217,RCN14297,1209-PF-VN-IMPEQN-GENRE,Vietnam,Full,XGBoost,1,1,0.836153507232666,1
5218,RCN14300,1209-PF-VN-IMPEQN-GENRE,Vietnam,Full,XGBoost,1,1,0.9891146421432495,1
5219,RCN14301,1209-PF-VN-IMPEQN-GENRE,Vietnam,Full,XGBoost,1,1,0.9853111505508423,1
5220,RCN14302,1209-PF-VN-IMPEQN-GENRE,Vietnam,Full,XGBoost,1,1,0.9892116785049438,1
5221,RCN14303,1209-PF-VN-IMPEQN-GENRE,Vietnam,Full,XGBoost,1,1,0.9859738349914551,1
5222,RCN14304,1209-PF-VN-IMPEQN-GENRE,Vietnam,Full,XGBoost,1,1,0.9859738349914551,1
5223,RCN14305,1209-PF-VN-IMPEQN-GENRE,Vietnam,Full,XGBoost,1,1,0.9859738349914551,1
5224,RCN14309,1209-PF-VN-IMPEQN-GENRE,Vietnam,Full,XGBoost,1,1,0.9859738349914551,1
5225,RCN14310,1209-PF-VN-IMPEQN-GENRE,Vietnam,Full,XGBoost,1,1,0.9859738349914551,1
5226,RCN14311,1209-PF-VN-IMPEQN-GENRE,Vietnam,Full,XGBoost,1,1,0.9853111505508423,1
5227,RCN14312,1209-PF-VN-IMPEQN-GENRE,Vietnam,Full,XGBoost,1,1,0.9859738349914551,1
5228,RCN14313,1209-PF-VN-IMPEQN-GENRE,Vietnam,Full,XGBoost,1,0,0.011788570322096348,0
5229,RCN14316,1209-PF-VN-IMPEQN-GENRE,Vietnam,Full,XGBoost,1,1,0.9915437698364258,1
5230,RCN14317,1209-PF-VN-IMPEQN-GENRE,Vietnam,Full,XGBoost,1,1,0.9859738349914551,1
5231,RCN14318,1209-PF-VN-IMPEQN-GENRE,Vietnam,Full,XGBoost,1,1,0.9892116785049438,1
5232,RCN14319,1209-PF-VN-IMPEQN-GENRE,Vietnam,Full,XGBoost,1,1,0.9944624304771423,1
5233,RCN14320,1209-PF-VN-IMPEQN-GENRE,Vietnam,Full,XGBoost,1,1,0.9859738349914551,1
5234,RCN14321,1209-PF-VN-IMPEQN-GENRE,Vietnam,Full,XGBoost,1,1,0.9892116785049438,1
5235,RCN14324,1209-PF-VN-IMPEQN-GENRE,Vietnam,Full,XGBoost,1,1,0.9859738349914551,1
5236,RCN14325,1209-PF-VN-IMPEQN-GENRE,Vietnam,Full,XGBoost,1,1,0.992885172367096,1
5237,RCN14572,1209-PF-VN-IMPEQN-GENRE,Vietnam,Full,XGBoost,1,0,0.007900429889559746,0
5238,RCN14573,1209-PF-VN-IMPEQN-GENRE,Vietnam,Full,XGBoost,1,0,0.012239666655659676,0
5239,RCN14574,1209-PF-VN-IMPEQN-GENRE,Vietnam,Full,XGBoost,1,0,0.012239666655659676,0
5240,RCN14575,1209-PF-VN-IMPEQN-GENRE,Vietnam,Full,XGBoost,1,1,0.9939271807670593,1
5241,RCN14576,1209-PF-VN-IMPEQN-GENRE,Vietnam,Full,XGBoost,1,1,0.9944624304771423,1
5242,RCN14577,1209-PF-VN-IMPEQN-GENRE,Vietnam,Full,XGBoost,1,1,0.9892116785049438,1
5243,RCN14578,1209-PF-VN-IMPEQN-GENRE,Vietnam,Full,XGBoost,1,1,0.9895888566970825,1
5244,RCN14580,1209-PF-VN-IMPEQN-GENRE,Vietnam,Full,XGBoost,1,1,0.7268704771995544,1
5245,RCN14581,1209-PF-VN-IMPEQN-GENRE,Vietnam,Full,XGBoost,1,1,0.9892116785049438,1
5246,RCN14582,1209-PF-VN-IMPEQN-GENRE,Vietnam,Full,XGBoost,1,1,0.9933432340621948,1
5247,RCN14584,1209-PF-VN-IMPEQN-GENRE,Vietnam,Full,XGBoost,1,0,0.09370393306016922,0
5248,RCN14585,1209-PF-VN-IMPEQN-GENRE,Vietnam,Full,XGBoost,1,1,0.992885172367096,1
5249,RCN14586,1209-PF-VN-IMPEQN-GENRE,Vietnam,Full,XGBoost,1,1,0.9879657626152039,1
5250,RCN14587,1209-PF-VN-IMPEQN-GENRE,Vietnam,Full,XGBoost,1,1,0.9892116785049438,1
5251,RCN14588,1209-PF-VN-IMPEQN-GENRE,Vietnam,Full,XGBoost,1,1,0.9944624304771423,1
5252,RCN14589,1209-PF-VN-IMPEQN-GENRE,Vietnam,Full,XGBoost,1,1,0.9859738349914551,1
5253,RCN14590,1209-PF-VN-IMPEQN-GENRE,Vietnam,Full,XGBoost,1,1,0.9859738349914551,1
5254,RCN14591,1209-PF-VN-IMPEQN-GENRE,Vietnam,Full,XGBoost,1,1,0.9945520758628845,1
5255,RCN14592,1209-PF-VN-IMPEQN-GENRE,Vietnam,Full,XGBoost,1,1,0.9859738349914551,1
5256,RCN14593,1209-PF-VN-IMPEQN-GENRE,Vietnam,Full,XGBoost,1,1,0.9892116785049438,1
5257,RCN14594,1209-PF-VN-IMPEQN-GENRE,Vietnam,Full,XGBoost,1,1,0.9892116785049438,1
5258,RCN14595,1209-PF-VN-IMPEQN-GENRE,Vietnam,Full,XGBoost,1,1,0.9892116785049438,1
5259,RCN14596,1209-PF-VN-IMPEQN-GENRE,Vietnam,Full,XGBoost,1,1,0.9892116785049438,1
5260,RCN14597,1209-PF-VN-IMPEQN-GENRE,Vietnam,Full,XGBoost,1,1,0.9933432340621948,1
5261,RCN14598,1209-PF-VN-IMPEQN-GENRE,Vietnam,Full,XGBoost,1,1,0.9892116785049438,1
5262,RCN14599,1209-PF-VN-IMPEQN-GENRE,Vietnam,Full,XGBoost,1,1,0.9901065230369568,1
5263,RCN14600,1209-PF-VN-IMPEQN-GENRE,Vietnam,Full,XGBoost,1,1,0.9859738349914551,1
5264,RCN14601,1209-PF-VN-IMPEQN-GENRE,Vietnam,Full,XGBoost,1,1,0.9933432340621948,1
5265,RCN14602,1209-PF-VN-IMPEQN-GENRE,Vietnam,Full,XGBoost,1,1,0.9859738349914551,1
5266,RCN14603,1209-PF-VN-IMPEQN-GENRE,Vietnam,Full,XGBoost,1,1,0.9859738349914551,1
5267,RCN14604,1209-PF-VN-IMPEQN-GENRE,Vietnam,Full,XGBoost,1,1,0.9892116785049438,1
5268,RCN14605,1209-PF-VN-IMPEQN-GENRE,Vietnam,Full,XGBoost,1,1,0.9831987023353577,1
5269,RCN14606,1209-PF-VN-IMPEQN-GENRE,Vietnam,Full,XGBoost,1,1,0.9892116785049438,1
5270,RCN14607,1209-PF-VN-IMPEQN-GENRE,Vietnam,Full,XGBoost,1,1,0.9950062036514282,1
5271,RCN14608,1209-PF-VN-IMPEQN-GENRE,Vietnam,Full,XGBoost,1,1,0.9892116785049438,1
5272,RCN14609,1209-PF-VN-IMPEQN-GENRE,Vietnam,Full,XGBoost,1,1,0.9892116785049438,1
5273,RCN14610,1209-PF-VN-IMPEQN-GENRE,Vietnam,Full,XGBoost,1,1,0.9859738349914551,1
5274,RCN14611,1209-PF-VN-IMPEQN-GENRE,Vietnam,Full,XGBoost,1,1,0.9892116785049438,1
5275,RCN14612,1209-PF-VN-IMPEQN-GENRE,Vietnam,Full,XGBoost,1,1,0.9859738349914551,1
5276,RCN14613,1209-PF-VN-IMPEQN-GENRE,Vietnam,Full,XGBoost,1,1,0.9877866506576538,1
5277,RCN14614,1209-PF-VN-IMPEQN-GENRE,Vietnam,Full,XGBoost,1,1,0.9859738349914551,1
5278,RCN14615,1209-PF-VN-IMPEQN-GENRE,Vietnam,Full,XGBoost,1,1,0.9933432340621948,1
5279,RCN14616,1209-PF-VN-IMPEQN-GENRE,Vietnam,Full,XGBoost,1,1,0.9859738349914551,1
5280,RCN14617,1209-PF-VN-IMPEQN-GENRE,Vietnam,Full,XGBoost,1,1,0.9853111505508423,1
5281,RCN14618,1209-PF-VN-IMPEQN-GENRE,Vietnam,Full,XGBoost,1,1,0.9892116785049438,1
5282,RCN14620,1209-PF-VN-IMPEQN-GENRE,Vietnam,Full,XGBoost,1,1,0.9856284856796265,1
5283,RCN14621,1209-PF-VN-IMPEQN-GENRE,Vietnam,Full,XGBoost,1,1,0.9892116785049438,1
5284,RCN14622,1209-PF-VN-IMPEQN-GENRE,Vietnam,Full,XGBoost,1,1,0.9859738349914551,1
5285,RCN14623,1209-PF-VN-IMPEQN-GENRE,Vietnam,Full,XGBoost,1,1,0.9892116785049438,1
5286,RCN14624,1209-PF-VN-IMPEQN-GENRE,Vietnam,Full,XGBoost,1,1,0.9892116785049438,1
5287,RCN14625,1209-PF-VN-IMPEQN-GENRE,Vietnam,Full,XGBoost,1,1,0.9859738349914551,1
5288,RCN14626,1209-PF-VN-IMPEQN-GENRE,Vietnam,Full,XGBoost,1,1,0.9009530544281006,1
5289,RCN14627,1209-PF-VN-IMPEQN-GENRE,Vietnam,Full,XGBoost,1,1,0.9877866506576538,1
5290,RCN14628,1209-PF-VN-IMPEQN-GENRE,Vietnam,Full,XGBoost,1,1,0.9892116785049438,1
5291,RCN14629,1209-PF-VN-IMPEQN-GENRE,Vietnam,Full,XGBoost,1,1,0.9892116785049438,1
5292,RCN14630,1209-PF-VN-IMPEQN-GENRE,Vietnam,Full,XGBoost,1,0,0.6261117458343506,1
5293,RCN14631,1209-PF-VN-IMPEQN-GENRE,Vietnam,Full,XGBoost,1,1,0.9862875938415527,1
5294,RCN14632,1209-PF-VN-IMPEQN-GENRE,Vietnam,Full,XGBoost,1,1,0.9910349249839783,1
5295,RCN14633,1209-PF-VN-IMPEQN-GENRE,Vietnam,Full,XGBoost,1,1,0.9009530544281006,1
5296,RCN14634,1209-PF-VN-IMPEQN-GENRE,Vietnam,Full,XGBoost,1,1,0.9909014701843262,1
5297,RCN14635,1209-PF-VN-IMPEQN-GENRE,Vietnam,Full,XGBoost,1,1,0.9859738349914551,1
5298,RCN14636,1209-PF-VN-IMPEQN-GENRE,Vietnam,Full,XGBoost,1,1,0.9892116785049438,1
5299,RCN14638,1209-PF-VN-IMPEQN-GENRE,Vietnam,Full,XGBoost,1,1,0.9813746809959412,1
5300,RCN14639,1209-PF-VN-IMPEQN-GENRE,Vietnam,Full,XGBoost,1,1,0.9859738349914551,1
5301,RCN14640,1209-PF-VN-IMPEQN-GENRE,Vietnam,Full,XGBoost,1,1,0.9945520758628845,1
5302,RCN14641,1209-PF-VN-IMPEQN-GENRE,Vietnam,Full,XGBoost,1,1,0.9859738349914551,1
5303,RCN14642,1209-PF-VN-IMPEQN-GENRE,Vietnam,Full,XGBoost,1,1,0.8544919490814209,1
5304,RCN14643,1209-PF-VN-IMPEQN-GENRE,Vietnam,Full,XGBoost,1,1,0.9892116785049438,1
5305,RCN14644,1209-PF-VN-IMPEQN-GENRE,Vietnam,Full,XGBoost,1,1,0.9859738349914551,1
5306,RCN14645,1209-PF-VN-IMPEQN-GENRE,Vietnam,Full,XGBoost,1,1,0.9892116785049438,1
5307,RCN14646,1209-PF-VN-IMPEQN-GENRE,Vietnam,Full,XGBoost,1,1,0.9859738349914551,1
5308,RCN14647,1209-PF-VN-IMPEQN-GENRE,Vietnam,Full,XGBoost,1,1,0.9910349249839783,1
5309,RCN14648,1209-PF-VN-IMPEQN-GENRE,Vietnam,Full,XGBoost,1,1,0.9859738349914551,1
5310,RCN14649,1209-PF-VN-IMPEQN-GENRE,Vietnam,Full,XGBoost,1,1,0.9859738349914551,1
5311,RCN14650,1209-PF-VN-IMPEQN-GENRE,Vietnam,Full,XGBoost,1,1,0.9945520758628845,1
5312,RCN14651,1209-PF-VN-IMPEQN-GENRE,Vietnam,Full,XGBoost,1,1,0.9826475977897644,1
5313,RCN14652,1209-PF-VN-IMPEQN-GENRE,Vietnam,Full,XGBoost,1,1,0.9859738349914551,1
5314,RCN14653,1209-PF-VN-IMPEQN-GENRE,Vietnam,Full,XGBoost,1,1,0.9892116785049438,1
5315,RCN14654,1209-PF-VN-IMPEQN-GENRE,Vietnam,Full,XGBoost,1,1,0.9859738349914551,1
5316,RCN14655,1209-PF-VN-IMPEQN-GENRE,Vietnam,Full,XGBoost,1,1,0.9877866506576538,1
5317,RCN14656,1209-PF-VN-IMPEQN-GENRE,Vietnam,Full,XGBoost,1,1,0.9859738349914551,1
5318,RCN14657,1209-PF-VN-IMPEQN-GENRE,Vietnam,Full,XGBoost,1,1,0.9859738349914551,1
5319,RCN14658,1209-PF-VN-IMPEQN-GENRE,Vietnam,Full,XGBoost,1,1,0.9877866506576538,1
5320,RCN14659,1209-PF-VN-IMPEQN-GENRE,Vietnam,Full,XGBoost,1,1,0.98577880859375,1
5321,RCN14660,1209-PF-VN-IMPEQN-GENRE,Vietnam,Full,XGBoost,1,1,0.9944624304771423,1
5322,RCN14661,1209-PF-VN-IMPEQN-GENRE,Vietnam,Full,XGBoost,1,1,0.9854764342308044,1
5323,RCN14662,1209-PF-VN-IMPEQN-GENRE,Vietnam,Full,XGBoost,1,1,0.9892116785049438,1
5324,RCN14663,1209-PF-VN-IMPEQN-GENRE,Vietnam,Full,XGBoost,1,1,0.9945520758628845,1
5325,RCN14664,1209-PF-VN-IMPEQN-GENRE,Vietnam,Full,XGBoost,1,1,0.9892116785049438,1
5326,RCN14665,1209-PF-VN-IMPEQN-GENRE,Vietnam,Full,XGBoost,1,1,0.9944624304771423,1
5327,RCN14666,1209-PF-VN-IMPEQN-GENRE,Vietnam,Full,XGBoost,1,0,0.1907135546207428,0
5328,RCN14667,1209-PF-VN-IMPEQN-GENRE,Vietnam,Full,XGBoost,1,1,0.8795509338378906,1
5329,RCN14672,1209-PF-VN-IMPEQN-GENRE,Vietnam,Full,XGBoost,1,0,0.7860135436058044,1
5330,RCN14673,1209-PF-VN-IMPEQN-GENRE,Vietnam,Full,XGBoost,1,0,0.8461692333221436,1
5331,RCN14674,1209-PF-VN-IMPEQN-GENRE,Vietnam,Full,XGBoost,1,1,0.9892116785049438,1
5332,RCN14675,1209-PF-VN-IMPEQN-GENRE,Vietnam,Full,XGBoost,1,1,0.986382246017456,1
5333,RCN14676,1209-PF-VN-IMPEQN-GENRE,Vietnam,Full,XGBoost,1,1,0.9859738349914551,1
5334,RCN14677,1209-PF-VN-IMPEQN-GENRE,Vietnam,Full,XGBoost,1,0,0.7860135436058044,1
5335,RCN14680,1209-PF-VN-IMPEQN-GENRE,Vietnam,Full,XGBoost,1,0,0.7344471216201782,1
5336,RCN14681,1209-PF-VN-IMPEQN-GENRE,Vietnam,Full,XGBoost,1,1,0.9840831160545349,1
5337,RCN14682,1209-PF-VN-IMPEQN-GENRE,Vietnam,Full,XGBoost,1,1,0.9859340786933899,1
5338,RCN14683,1209-PF-VN-IMPEQN-GENRE,Vietnam,Full,XGBoost,1,1,0.9831681847572327,1
5339,RCN14684,1209-PF-VN-IMPEQN-GENRE,Vietnam,Full,XGBoost,1,1,0.9901028871536255,1
5340,RCN14685,1209-PF-VN-IMPEQN-GENRE,Vietnam,Full,XGBoost,1,1,0.9859340786933899,1
5341,RCN14688,1209-PF-VN-IMPEQN-GENRE,Vietnam,Full,XGBoost,1,1,0.992885172367096,1
5342,RCN14689,1209-PF-VN-IMPEQN-GENRE,Vietnam,Full,XGBoost,1,0,0.00742270378395915,0
5343,RCN14691,1209-PF-VN-IMPEQN-GENRE,Vietnam,Full,XGBoost,1,0,0.007819498889148235,0
5344,RCN14693,1209-PF-VN-IMPEQN-GENRE,Vietnam,Full,XGBoost,1,0,0.00742270378395915,0
5345,RCN14696,1209-PF-VN-IMPEQN-GENRE,Vietnam,Full,XGBoost,1,0,0.13183662295341492,0
5346,RCN14697,1209-PF-VN-IMPEQN-GENRE,Vietnam,Full,XGBoost,1,0,0.15697449445724487,0
5347,RCN14698,1209-PF-VN-IMPEQN-GENRE,Vietnam,Full,XGBoost,1,1,0.9853111505508423,1
5348,RCN14699,1209-PF-VN-IMPEQN-GENRE,Vietnam,Full,XGBoost,1,1,0.9944624304771423,1
5349,RCN14700,1209-PF-VN-IMPEQN-GENRE,Vietnam,Full,XGBoost,1,1,0.9945520758628845,1
5350,RCN14701,1209-PF-VN-IMPEQN-GENRE,Vietnam,Full,XGBoost,1,1,0.9859738349914551,1
5351,RCN14705,1209-PF-VN-IMPEQN-GENRE,Vietnam,Full,XGBoost,1,1,0.9928290247917175,1
5352,RCN14706,1209-PF-VN-IMPEQN-GENRE,Vietnam,Full,XGBoost,1,1,0.9945520758628845,1
5353,RCN14707,1209-PF-VN-IMPEQN-GENRE,Vietnam,Full,XGBoost,1,1,0.9859738349914551,1
5354,RCN14708,1209-PF-VN-IMPEQN-GENRE,Vietnam,Full,XGBoost,1,1,0.9944624304771423,1
5355,RCN14709,1209-PF-VN-IMPEQN-GENRE,Vietnam,Full,XGBoost,1,1,0.9944624304771423,1
5356,RCN14712,1209-PF-VN-IMPEQN-GENRE,Vietnam,Full,XGBoost,1,1,0.9859340786933899,1
5357,RCN14713,1209-PF-VN-IMPEQN-GENRE,Vietnam,Full,XGBoost,1,1,0.9945520758628845,1
5358,RCN14714,1209-PF-VN-IMPEQN-GENRE,Vietnam,Full,XGBoost,1,1,0.9947561025619507,1
5359,RCN14715,1209-PF-VN-IMPEQN-GENRE,Vietnam,Full,XGBoost,1,1,0.9945520758628845,1
5360,RCN14717,1209-PF-VN-IMPEQN-GENRE,Vietnam,Full,XGBoost,1,1,0.9900777339935303,1
5361,RCN14719,1209-PF-VN-IMPEQN-GENRE,Vietnam,Full,XGBoost,1,1,0.8912339210510254,1
5362,RCN14720,1209-PF-VN-IMPEQN-GENRE,Vietnam,Full,XGBoost,1,1,0.9904230833053589,1
5363,RCN14721,1209-PF-VN-IMPEQN-GENRE,Vietnam,Full,XGBoost,1,1,0.9944624304771423,1
5364,RCN14722,1209-PF-VN-IMPEQN-GENRE,Vietnam,Full,XGBoost,1,1,0.8367014527320862,1
5365,RCN14723,1209-PF-VN-IMPEQN-GENRE,Vietnam,Full,XGBoost,1,1,0.9933432340621948,1
5366,RCN14724,1209-PF-VN-IMPEQN-GENRE,Vietnam,Full,XGBoost,1,0,0.29624873399734497,0
5367,RCN14725,1209-PF-VN-IMPEQN-GENRE,Vietnam,Full,XGBoost,1,0,0.29624873399734497,0
5368,RCN14727,1209-PF-VN-IMPEQN-GENRE,Vietnam,Full,XGBoost,1,0,0.29624873399734497,0
5369,RCN14728,1209-PF-VN-IMPEQN-GENRE,Vietnam,Full,XGBoost,1,0,0.29624873399734497,0
5370,RCN14729,1209-PF-VN-IMPEQN-GENRE,Vietnam,Full,XGBoost,1,0,0.30718177556991577,0
5371,RCN14730,1209-PF-VN-IMPEQN-GENRE,Vietnam,Full,XGBoost,1,0,0.29624873399734497,0
5372,RCN14731,1209-PF-VN-IMPEQN-GENRE,Vietnam,Full,XGBoost,1,0,0.29624873399734497,0
5373,RCN14732,1209-PF-VN-IMPEQN-GENRE,Vietnam,Full,XGBoost,1,0,0.29624873399734497,0
5374,RCN14733,1209-PF-VN-IMPEQN-GENRE,Vietnam,Full,XGBoost,1,0,0.29624873399734497,0
5375,RCN14738,1209-PF-VN-IMPEQN-GENRE,Vietnam,Full,XGBoost,1,1,0.9944624304771423,1
5376,RCN14739,1209-PF-VN-IMPEQN-GENRE,Vietnam,Full,XGBoost,1,0,0.4798358380794525,0
5377,RCN14740,1209-PF-VN-IMPEQN-GENRE,Vietnam,Full,XGBoost,1,0,0.5226162672042847,1
5378,RCN14741,1209-PF-VN-IMPEQN-GENRE,Vietnam,Full,XGBoost,1,0,0.836153507232666,1
5379,RCN14744,1209-PF-VN-IMPEQN-GENRE,Vietnam,Full,XGBoost,1,1,0.9853111505508423,1
5380,RCN14746,1209-PF-VN-IMPEQN-GENRE,Vietnam,Full,XGBoost,1,1,0.9892116785049438,1
5381,RCN14748,1209-PF-VN-IMPEQN-GENRE,Vietnam,Full,XGBoost,1,1,0.9859738349914551,1
5382,RCN14752,1209-PF-VN-IMPEQN-GENRE,Vietnam,Full,XGBoost,1,1,0.9859738349914551,1
5383,RCN14753,1209-PF-VN-IMPEQN-GENRE,Vietnam,Full,XGBoost,1,1,0.9859738349914551,1
5384,RCN14754,1209-PF-VN-IMPEQN-GENRE,Vietnam,Full,XGBoost,1,1,0.9892116785049438,1
5385,RCN14755,1209-PF-VN-IMPEQN-GENRE,Vietnam,Full,XGBoost,1,1,0.9901065230369568,1
5386,RCN14756,1209-PF-VN-IMPEQN-GENRE,Vietnam,Full,XGBoost,1,1,0.836153507232666,1
5387,RCN14757,1209-PF-VN-IMPEQN-GENRE,Vietnam,Full,XGBoost,1,1,0.9892116785049438,1
5388,RCN14760,1209-PF-VN-IMPEQN-GENRE,Vietnam,Full,XGBoost,1,1,0.9859738349914551,1
5389,RCN14762,1209-PF-VN-IMPEQN-GENRE,Vietnam,Full,XGBoost,1,1,0.9944624304771423,1
5390,RCN14763,1209-PF-VN-IMPEQN-GENRE,Vietnam,Full,XGBoost,1,1,0.9859738349914551,1
5391,RCN14766,1209-PF-VN-IMPEQN-GENRE,Vietnam,Full,XGBoost,1,1,0.9859738349914551,1
5392,RCN14770,1209-PF-VN-IMPEQN-GENRE,Vietnam,Full,XGBoost,1,1,0.9859738349914551,1
5393,RCN14771,1209-PF-VN-IMPEQN-GENRE,Vietnam,Full,XGBoost,1,1,0.836153507232666,1
5394,RCN14776,1209-PF-VN-IMPEQN-GENRE,Vietnam,Full,XGBoost,1,1,0.9892116785049438,1
5395,RCN14777,1209-PF-VN-IMPEQN-GENRE,Vietnam,Full,XGBoost,1,1,0.836153507232666,1
5396,RCN14787,1209-PF-VN-IMPEQN-GENRE,Vietnam,Full,XGBoost,1,1,0.9859738349914551,1
5397,RCN14794,1209-PF-VN-IMPEQN-GENRE,Vietnam,Full,XGBoost,1,1,0.9859738349914551,1
5398,RCN14795,1209-PF-VN-IMPEQN-GENRE,Vietnam,Full,XGBoost,1,1,0.836153507232666,1
5399,RCN14799,1209-PF-VN-IMPEQN-GENRE,Vietnam,Full,XGBoost,1,1,0.836153507232666,1
5400,RCN14800,1209-PF-VN-IMPEQN-GENRE,Vietnam,Full,XGBoost,1,1,0.8832623958587646,1
5401,RCN14802,1209-PF-VN-IMPEQN-GENRE,Vietnam,Full,XGBoost,1,1,0.9892116785049438,1
5402,RCN14803,1209-PF-VN-IMPEQN-GENRE,Vietnam,Full,XGBoost,1,1,0.9892116785049438,1
5403,RCN14807,1209-PF-VN-IMPEQN-GENRE,Vietnam,Full,XGBoost,1,1,0.9859738349914551,1
5404,RCN14809,1209-PF-VN-IMPEQN-GENRE,Vietnam,Full,XGBoost,1,1,0.9835436344146729,1
5405,RCN14810,1209-PF-VN-IMPEQN-GENRE,Vietnam,Full,XGBoost,1,1,0.9859738349914551,1
5406,RCN14811,1209-PF-VN-IMPEQN-GENRE,Vietnam,Full,XGBoost,1,1,0.836153507232666,1
5407,RCN14814,1209-PF-VN-IMPEQN-GENRE,Vietnam,Full,XGBoost,1,1,0.9859738349914551,1
5408,RCN14815,1209-PF-VN-IMPEQN-GENRE,Vietnam,Full,XGBoost,1,1,0.9950062036514282,1
5409,RCN14816,1209-PF-VN-IMPEQN-GENRE,Vietnam,Full,XGBoost,1,1,0.9859738349914551,1
5410,RCN14818,1209-PF-VN-IMPEQN-GENRE,Vietnam,Full,XGBoost,1,1,0.9859738349914551,1
5411,RCN14819,1209-PF-VN-IMPEQN-GENRE,Vietnam,Full,XGBoost,1,1,0.9859738349914551,1
5412,RCN14827,1209-PF-VN-IMPEQN-GENRE,Vietnam,Full,XGBoost,1,1,0.9859738349914551,1
5413,RCN14834,1209-PF-VN-IMPEQN-GENRE,Vietnam,Full,XGBoost,1,1,0.9892116785049438,1
5414,RCN14835,1209-PF-VN-IMPEQN-GENRE,Vietnam,Full,XGBoost,1,1,0.9859738349914551,1
5415,RCN14839,1209-PF-VN-IMPEQN-GENRE,Vietnam,Full,XGBoost,1,1,0.9859738349914551,1
5416,RCN14840,1209-PF-VN-IMPEQN-GENRE,Vietnam,Full,XGBoost,1,1,0.9859738349914551,1
5417,RCN14841,1209-PF-VN-IMPEQN-GENRE,Vietnam,Full,XGBoost,1,1,0.9925411939620972,1
5418,RCN14843,1209-PF-VN-IMPEQN-GENRE,Vietnam,Full,XGBoost,1,1,0.9859738349914551,1
5419,RCN14847,1209-PF-VN-IMPEQN-GENRE,Vietnam,Full,XGBoost,1,1,0.9859738349914551,1
5420,RCN14848,1209-PF-VN-IMPEQN-GENRE,Vietnam,Full,XGBoost,1,1,0.836153507232666,1
5421,RCN14849,1209-PF-VN-IMPEQN-GENRE,Vietnam,Full,XGBoost,1,1,0.9859738349914551,1
5422,RCN14850,1209-PF-VN-IMPEQN-GENRE,Vietnam,Full,XGBoost,1,1,0.9892116785049438,1
5423,RCN14851,1209-PF-VN-IMPEQN-GENRE,Vietnam,Full,XGBoost,1,1,0.9901065230369568,1
5819,RCN15829,1209-PF-VN-IMPEQN-GENRE,Vietnam,Full,XGBoost,1,1,0.9921795129776001,1
5820,RCN15837,1209-PF-VN-IMPEQN-GENRE,Vietnam,Full,XGBoost,1,1,0.9944624304771423,1
5821,RCN15845,1209-PF-VN-IMPEQN-GENRE,Vietnam,Full,XGBoost,1,1,0.992885172367096,1
5822,RCN15851,1209-PF-VN-IMPEQN-GENRE,Vietnam,Full,XGBoost,1,0,0.31602224707603455,0
5823,RCN15853,1209-PF-VN-IMPEQN-GENRE,Vietnam,Full,XGBoost,1,0,0.015653932467103004,0
5824,RCN15861,1209-PF-VN-IMPEQN-GENRE,Vietnam,Full,XGBoost,1,0,0.013682648539543152,0
5825,RCN15869,1209-PF-VN-IMPEQN-GENRE,Vietnam,Full,XGBoost,1,1,0.9887322187423706,1
5826,RCN15872,1209-PF-VN-IMPEQN-GENRE,Vietnam,Full,XGBoost,1,1,0.9237363934516907,1
5827,RCN15876,1209-PF-VN-IMPEQN-GENRE,Vietnam,Full,XGBoost,1,1,0.9887322187423706,1
5828,RCN15877,1209-PF-VN-IMPEQN-GENRE,Vietnam,Full,XGBoost,1,0,0.01224304549396038,0
5829,RCN15878,1209-PF-VN-IMPEQN-GENRE,Vietnam,Full,XGBoost,1,1,0.9908012747764587,1
5830,RCN15879,1209-PF-VN-IMPEQN-GENRE,Vietnam,Full,XGBoost,1,1,0.9908012747764587,1
5831,RCN15885,1209-PF-VN-IMPEQN-GENRE,Vietnam,Full,XGBoost,1,1,0.9954708814620972,1
5832,RCN15887,1209-PF-VN-IMPEQN-GENRE,Vietnam,Full,XGBoost,1,1,0.8545014262199402,1
5833,RCN15888,1209-PF-VN-IMPEQN-GENRE,Vietnam,Full,XGBoost,1,1,0.9954708814620972,1
5834,RCN15889,1209-PF-VN-IMPEQN-GENRE,Vietnam,Full,XGBoost,1,1,0.8140230774879456,1
5835,RCN15893,1209-PF-VN-IMPEQN-GENRE,Vietnam,Full,XGBoost,1,1,0.9498096704483032,1
5836,RCN15894,1209-PF-VN-IMPEQN-GENRE,Vietnam,Full,XGBoost,1,1,0.9887322187423706,1
5837,RCN15895,1209-PF-VN-IMPEQN-GENRE,Vietnam,Full,XGBoost,1,1,0.9498096704483032,1
5838,RCN15896,1209-PF-VN-IMPEQN-GENRE,Vietnam,Full,XGBoost,1,1,0.9498096704483032,1
5839,RCN15897,1209-PF-VN-IMPEQN-GENRE,Vietnam,Full,XGBoost,1,1,0.6882263422012329,1
5840,RCN15899,1209-PF-VN-IMPEQN-GENRE,Vietnam,Full,XGBoost,1,1,0.9479339718818665,1
5841,RCN15903,1209-PF-VN-IMPEQN-GENRE,Vietnam,Full,XGBoost,1,1,0.9892116785049438,1
5842,RCN15904,1209-PF-VN-IMPEQN-GENRE,Vietnam,Full,XGBoost,1,0,0.023304006084799767,0
5843,RCN15905,1209-PF-VN-IMPEQN-GENRE,Vietnam,Full,XGBoost,1,1,0.8680757284164429,1
5844,RCN15908,1209-PF-VN-IMPEQN-GENRE,Vietnam,Full,XGBoost,1,1,0.9859738349914551,1
5845,RCN15911,1209-PF-VN-IMPEQN-GENRE,Vietnam,Full,XGBoost,1,1,0.9945520758628845,1
5846,RCN15912,1209-PF-VN-IMPEQN-GENRE,Vietnam,Full,XGBoost,1,1,0.9947561025619507,1
5847,RCN15913,1209-PF-VN-IMPEQN-GENRE,Vietnam,Full,XGBoost,1,1,0.9911676645278931,1
5848,RCN15917,1209-PF-VN-IMPEQN-GENRE,Vietnam,Full,XGBoost,1,1,0.9957222938537598,1
5849,RCN15920,1209-PF-VN-IMPEQN-GENRE,Vietnam,Full,XGBoost,1,1,0.9260777831077576,1
5850,RCN15921,1209-PF-VN-IMPEQN-GENRE,Vietnam,Full,XGBoost,1,1,0.9899984002113342,1
5851,RCN15926,1209-PF-VN-IMPEQN-GENRE,Vietnam,Full,XGBoost,1,1,0.9911676645278931,1
5852,RCN15927,1209-PF-VN-IMPEQN-GENRE,Vietnam,Full,XGBoost,1,1,0.8619886636734009,1
5853,RCN15928,1209-PF-VN-IMPEQN-GENRE,Vietnam,Full,XGBoost,1,1,0.9885100722312927,1
5854,RCN15930,1209-PF-VN-IMPEQN-GENRE,Vietnam,Full,XGBoost,1,1,0.9954708814620972,1
5855,RCN15932,1209-PF-VN-IMPEQN-GENRE,Vietnam,Full,XGBoost,1,1,0.9175778031349182,1
5856,RCN15934,1209-PF-VN-IMPEQN-GENRE,Vietnam,Full,XGBoost,1,1,0.9879657626152039,1
5857,RCN15936,1209-PF-VN-IMPEQN-GENRE,Vietnam,Full,XGBoost,1,1,0.9955442547798157,1
5858,RCN15937,1209-PF-VN-IMPEQN-GENRE,Vietnam,Full,XGBoost,1,1,0.8619886636734009,1
5859,RCN15942,1209-PF-VN-IMPEQN-GENRE,Vietnam,Full,XGBoost,1,1,0.9885100722312927,1
5860,RCN15943,1209-PF-VN-IMPEQN-GENRE,Vietnam,Full,XGBoost,1,1,0.9858490228652954,1
5861,RCN15944,1209-PF-VN-IMPEQN-GENRE,Vietnam,Full,XGBoost,1,1,0.9911676645278931,1
5862,RCN15946,1209-PF-VN-IMPEQN-GENRE,Vietnam,Full,XGBoost,1,1,0.9885100722312927,1
5863,RCN15948,1209-PF-VN-IMPEQN-GENRE,Vietnam,Full,XGBoost,1,1,0.9076430797576904,1
5864,RCN15949,1209-PF-VN-IMPEQN-GENRE,Vietnam,Full,XGBoost,1,1,0.9954708814620972,1
5865,RCN15950,1209-PF-VN-IMPEQN-GENRE,Vietnam,Full,XGBoost,1,1,0.9955442547798157,1
5866,RCN15958,1209-PF-VN-IMPEQN-GENRE,Vietnam,Full,XGBoost,1,1,0.9911676645278931,1
5867,RCN15959,1209-PF-VN-IMPEQN-GENRE,Vietnam,Full,XGBoost,1,1,0.9281682372093201,1
5868,RCN15960,1209-PF-VN-IMPEQN-GENRE,Vietnam,Full,XGBoost,1,1,0.9918431639671326,1
5869,RCN15961,1209-PF-VN-IMPEQN-GENRE,Vietnam,Full,XGBoost,1,1,0.9954708814620972,1
5870,RCN15966,1209-PF-VN-IMPEQN-GENRE,Vietnam,Full,XGBoost,1,1,0.9885100722312927,1
5871,RCN15967,1209-PF-VN-IMPEQN-GENRE,Vietnam,Full,XGBoost,1,1,0.8646955490112305,1
5872,RCN15968,1209-PF-VN-IMPEQN-GENRE,Vietnam,Full,XGBoost,1,1,0.9954708814620972,1
5873,RCN15969,1209-PF-VN-IMPEQN-GENRE,Vietnam,Full,XGBoost,1,1,0.9260777831077576,1
5874,RCN15972,1209-PF-VN-IMPEQN-GENRE,Vietnam,Full,XGBoost,1,1,0.9957112073898315,1
5875,RCN15973,1209-PF-VN-IMPEQN-GENRE,Vietnam,Full,XGBoost,1,1,0.9924996495246887,1
5876,RCN15974,1209-PF-VN-IMPEQN-GENRE,Vietnam,Full,XGBoost,1,1,0.9911676645278931,1
5877,RCN15975,1209-PF-VN-IMPEQN-GENRE,Vietnam,Full,XGBoost,1,1,0.8619886636734009,1
5878,RCN15978,1209-PF-VN-IMPEQN-GENRE,Vietnam,Full,XGBoost,1,1,0.8619886636734009,1
5879,RCN15979,1209-PF-VN-IMPEQN-GENRE,Vietnam,Full,XGBoost,1,1,0.9885100722312927,1
5880,RCN15980,1209-PF-VN-IMPEQN-GENRE,Vietnam,Full,XGBoost,1,1,0.9887678027153015,1
5881,RCN15982,1209-PF-VN-IMPEQN-GENRE,Vietnam,Full,XGBoost,1,1,0.9955442547798157,1
5882,RCN15983,1209-PF-VN-IMPEQN-GENRE,Vietnam,Full,XGBoost,1,1,0.9885100722312927,1
5883,RCN15986,1209-PF-VN-IMPEQN-GENRE,Vietnam,Full,XGBoost,1,1,0.9897602200508118,1
5884,RCN15987,1209-PF-VN-IMPEQN-GENRE,Vietnam,Full,XGBoost,1,1,0.9911676645278931,1
5885,RCN15988,1209-PF-VN-IMPEQN-GENRE,Vietnam,Full,XGBoost,1,1,0.9891379475593567,1
5886,RCN15989,1209-PF-VN-IMPEQN-GENRE,Vietnam,Full,XGBoost,1,1,0.9885100722312927,1
5887,RCN15990,1209-PF-VN-IMPEQN-GENRE,Vietnam,Full,XGBoost,1,1,0.9938709735870361,1
5888,RCN15991,1209-PF-VN-IMPEQN-GENRE,Vietnam,Full,XGBoost,1,1,0.8619886636734009,1
5889,RCN15994,1209-PF-VN-IMPEQN-GENRE,Vietnam,Full,XGBoost,1,1,0.9919015765190125,1
5890,RCN15995,1209-PF-VN-IMPEQN-GENRE,Vietnam,Full,XGBoost,1,1,0.9911676645278931,1
5891,RCN15996,1209-PF-VN-IMPEQN-GENRE,Vietnam,Full,XGBoost,1,1,0.9955442547798157,1
5892,RCN15997,1209-PF-VN-IMPEQN-GENRE,Vietnam,Full,XGBoost,1,1,0.9885100722312927,1
5893,RCN15998,1209-PF-VN-IMPEQN-GENRE,Vietnam,Full,XGBoost,1,1,0.995915949344635,1
5894,RCN15999,1209-PF-VN-IMPEQN-GENRE,Vietnam,Full,XGBoost,1,1,0.8619886636734009,1
5895,RCN16002,1209-PF-VN-IMPEQN-GENRE,Vietnam,Full,XGBoost,1,1,0.9935883283615112,1
5896,RCN16003,1209-PF-VN-IMPEQN-GENRE,Vietnam,Full,XGBoost,1,1,0.9260777831077576,1
5897,RCN16004,1209-PF-VN-IMPEQN-GENRE,Vietnam,Full,XGBoost,1,1,0.9885100722312927,1
5898,RCN16005,1209-PF-VN-IMPEQN-GENRE,Vietnam,Full,XGBoost,1,1,0.9911676645278931,1
5899,RCN16006,1209-PF-VN-IMPEQN-GENRE,Vietnam,Full,XGBoost,1,1,0.9885100722312927,1
5900,RCN16007,1209-PF-VN-IMPEQN-GENRE,Vietnam,Full,XGBoost,1,0,0.010379616171121597,0
5901,RCN16010,1209-PF-VN-IMPEQN-GENRE,Vietnam,Full,XGBoost,1,1,0.9935466647148132,1
5902,RCN16011,1209-PF-VN-IMPEQN-GENRE,Vietnam,Full,XGBoost,1,1,0.9864897727966309,1
5903,RCN16012,1209-PF-VN-IMPEQN-GENRE,Vietnam,Full,XGBoost,1,1,0.900001049041748,1
5904,RCN16014,1209-PF-VN-IMPEQN-GENRE,Vietnam,Full,XGBoost,1,0,0.3331349790096283,0
5905,RCN16015,1209-PF-VN-IMPEQN-GENRE,Vietnam,Full,XGBoost,1,0,0.3217071294784546,0
5906,RCN16019,1209-PF-VN-IMPEQN-GENRE,Vietnam,Full,XGBoost,1,1,0.8275451064109802,1
5907,RCN16020,1209-PF-VN-IMPEQN-GENRE,Vietnam,Full,XGBoost,1,0,0.7946063280105591,1
5908,RCN16022,1209-PF-VN-IMPEQN-GENRE,Vietnam,Full,XGBoost,1,1,0.8619886636734009,1
5909,RCN16023,1209-PF-VN-IMPEQN-GENRE,Vietnam,Full,XGBoost,1,0,0.8527987599372864,1
5910,RCN16026,1209-PF-VN-IMPEQN-GENRE,Vietnam,Full,XGBoost,1,1,0.9175778031349182,1
5911,RCN16027,1209-PF-VN-IMPEQN-GENRE,Vietnam,Full,XGBoost,1,1,0.8619886636734009,1
5912,RCN16029,1209-PF-VN-IMPEQN-GENRE,Vietnam,Full,XGBoost,1,1,0.9885100722312927,1
5913,RCN16031,1209-PF-VN-IMPEQN-GENRE,Vietnam,Full,XGBoost,1,0,0.8237276673316956,1
5914,RCN16036,1209-PF-VN-IMPEQN-GENRE,Vietnam,Full,XGBoost,1,1,0.9936888217926025,1
5915,RCN16037,1209-PF-VN-IMPEQN-GENRE,Vietnam,Full,XGBoost,1,0,0.7946063280105591,1
5916,RCN16038,1209-PF-VN-IMPEQN-GENRE,Vietnam,Full,XGBoost,1,0,0.8527987599372864,1
5917,RCN16039,1209-PF-VN-IMPEQN-GENRE,Vietnam,Full,XGBoost,1,0,0.7946063280105591,1
5918,RCN16042,1209-PF-VN-IMPEQN-GENRE,Vietnam,Full,XGBoost,1,0,0.7946063280105591,1
5919,RCN16043,1209-PF-VN-IMPEQN-GENRE,Vietnam,Full,XGBoost,1,0,0.7946063280105591,1
5920,RCN16045,1209-PF-VN-IMPEQN-GENRE,Vietnam,Full,XGBoost,1,1,0.9859738349914551,1
5921,RCN16046,1209-PF-VN-IMPEQN-GENRE,Vietnam,Full,XGBoost,1,1,0.836153507232666,1
5922,RCN16047,1209-PF-VN-IMPEQN-GENRE,Vietnam,Full,XGBoost,1,1,0.9892116785049438,1
5923,RCN16048,1209-PF-VN-IMPEQN-GENRE,Vietnam,Full,XGBoost,1,1,0.8553143739700317,1
5924,RCN16049,1209-PF-VN-IMPEQN-GENRE,Vietnam,Full,XGBoost,1,1,0.9859738349914551,1
5925,RCN16050,1209-PF-VN-IMPEQN-GENRE,Vietnam,Full,XGBoost,1,1,0.836153507232666,1
5974,RCN18470,1209-PF-VN-IMPEQN-GENRE,Vietnam,Full,XGBoost,1,1,0.9885100722312927,1
5975,RCN18472,1209-PF-VN-IMPEQN-GENRE,Vietnam,Full,XGBoost,1,1,0.9260734915733337,1
5976,RCN18475,1209-PF-VN-IMPEQN-GENRE,Vietnam,Full,XGBoost,1,1,0.9918431639671326,1
5977,RCN18477,1209-PF-VN-IMPEQN-GENRE,Vietnam,Full,XGBoost,1,1,0.9893017411231995,1
5978,RCN18478,1209-PF-VN-IMPEQN-GENRE,Vietnam,Full,XGBoost,1,1,0.9911676645278931,1
5979,RCN18481,1209-PF-VN-IMPEQN-GENRE,Vietnam,Full,XGBoost,1,1,0.9911676645278931,1
5980,RCN18485,1209-PF-VN-IMPEQN-GENRE,Vietnam,Full,XGBoost,1,1,0.9887678027153015,1
5981,RCN18488,1209-PF-VN-IMPEQN-GENRE,Vietnam,Full,XGBoost,1,1,0.9899984002113342,1
5982,RCN18489,1209-PF-VN-IMPEQN-GENRE,Vietnam,Full,XGBoost,1,1,0.9954708814620972,1
5983,RCN18492,1209-PF-VN-IMPEQN-GENRE,Vietnam,Full,XGBoost,1,1,0.994437575340271,1
5984,RCN18493,1209-PF-VN-IMPEQN-GENRE,Vietnam,Full,XGBoost,1,1,0.9885100722312927,1
5985,RCN18494,1209-PF-VN-IMPEQN-GENRE,Vietnam,Full,XGBoost,1,1,0.9885100722312927,1
5986,RCN18495,1209-PF-VN-IMPEQN-GENRE,Vietnam,Full,XGBoost,1,1,0.9904038906097412,1
5987,RCN18496,1209-PF-VN-IMPEQN-GENRE,Vietnam,Full,XGBoost,1,1,0.9911676645278931,1
5988,RCN18497,1209-PF-VN-IMPEQN-GENRE,Vietnam,Full,XGBoost,1,1,0.9868910908699036,1
5989,RCN18500,1209-PF-VN-IMPEQN-GENRE,Vietnam,Full,XGBoost,1,1,0.9911676645278931,1
5990,RCN18502,1209-PF-VN-IMPEQN-GENRE,Vietnam,Full,XGBoost,1,1,0.9934999346733093,1
5991,RCN18503,1209-PF-VN-IMPEQN-GENRE,Vietnam,Full,XGBoost,1,1,0.9911676645278931,1
5992,RCN18504,1209-PF-VN-IMPEQN-GENRE,Vietnam,Full,XGBoost,1,1,0.8619886636734009,1
5993,RCN18505,1209-PF-VN-IMPEQN-GENRE,Vietnam,Full,XGBoost,1,1,0.9919015765190125,1
5994,RCN18508,1209-PF-VN-IMPEQN-GENRE,Vietnam,Full,XGBoost,1,1,0.9911676645278931,1
5995,RCN18509,1209-PF-VN-IMPEQN-GENRE,Vietnam,Full,XGBoost,1,1,0.9911676645278931,1
5996,RCN18510,1209-PF-VN-IMPEQN-GENRE,Vietnam,Full,XGBoost,1,1,0.9954708814620972,1
5997,RCN18511,1209-PF-VN-IMPEQN-GENRE,Vietnam,Full,XGBoost,1,1,0.9885100722312927,1
5998,RCN18512,1209-PF-VN-IMPEQN-GENRE,Vietnam,Full,XGBoost,1,1,0.9955442547798157,1
5999,RCN18513,1209-PF-VN-IMPEQN-GENRE,Vietnam,Full,XGBoost,1,1,0.9911676645278931,1
6000,RCN18518,1209-PF-VN-IMPEQN-GENRE,Vietnam,Full,XGBoost,1,1,0.9911676645278931,1
6001,RCN18519,1209-PF-VN-IMPEQN-GENRE,Vietnam,Full,XGBoost,1,1,0.9947473406791687,1
6002,RCN18520,1209-PF-VN-IMPEQN-GENRE,Vietnam,Full,XGBoost,1,1,0.995630145072937,1
6003,RCN18521,1209-PF-VN-IMPEQN-GENRE,Vietnam,Full,XGBoost,1,1,0.9903270602226257,1
6004,RCN18524,1209-PF-VN-IMPEQN-GENRE,Vietnam,Full,XGBoost,1,1,0.9911676645278931,1
6005,RCN18525,1209-PF-VN-IMPEQN-GENRE,Vietnam,Full,XGBoost,1,1,0.9870045781135559,1
6006,RCN18527,1209-PF-VN-IMPEQN-GENRE,Vietnam,Full,XGBoost,1,1,0.995284378528595,1
6007,RCN18528,1209-PF-VN-IMPEQN-GENRE,Vietnam,Full,XGBoost,1,1,0.994330644607544,1
6008,RCN18529,1209-PF-VN-IMPEQN-GENRE,Vietnam,Full,XGBoost,1,1,0.9885100722312927,1
6009,RCN18534,1209-PF-VN-IMPEQN-GENRE,Vietnam,Full,XGBoost,1,1,0.9940371513366699,1
6010,RCN18536,1209-PF-VN-IMPEQN-GENRE,Vietnam,Full,XGBoost,1,1,0.9887678027153015,1
6011,RCN18540,1209-PF-VN-IMPEQN-GENRE,Vietnam,Full,XGBoost,1,1,0.9885100722312927,1
6012,RCN18542,1209-PF-VN-IMPEQN-GENRE,Vietnam,Full,XGBoost,1,1,0.9885100722312927,1
6013,RCN18543,1209-PF-VN-IMPEQN-GENRE,Vietnam,Full,XGBoost,1,1,0.9955442547798157,1
6014,RCN18544,1209-PF-VN-IMPEQN-GENRE,Vietnam,Full,XGBoost,1,1,0.9941681623458862,1
6015,RCN18545,1209-PF-VN-IMPEQN-GENRE,Vietnam,Full,XGBoost,1,1,0.9860120415687561,1
6016,RCN18549,1209-PF-VN-IMPEQN-GENRE,Vietnam,Full,XGBoost,1,1,0.9885100722312927,1
6017,RCN18550,1209-PF-VN-IMPEQN-GENRE,Vietnam,Full,XGBoost,1,1,0.9885100722312927,1
6018,RCN18551,1209-PF-VN-IMPEQN-GENRE,Vietnam,Full,XGBoost,1,1,0.9885100722312927,1
6019,RCN18552,1209-PF-VN-IMPEQN-GENRE,Vietnam,Full,XGBoost,1,1,0.9957922697067261,1
6020,RCN18553,1209-PF-VN-IMPEQN-GENRE,Vietnam,Full,XGBoost,1,1,0.995915949344635,1
6021,RCN18560,1209-PF-VN-IMPEQN-GENRE,Vietnam,Full,XGBoost,1,1,0.9911676645278931,1
6022,RCN18564,1209-PF-VN-IMPEQN-GENRE,Vietnam,Full,XGBoost,1,1,0.6882263422012329,1
6023,RCN18565,1209-PF-VN-IMPEQN-GENRE,Vietnam,Full,XGBoost,1,1,0.9859340786933899,1
6024,RCN18566,1209-PF-VN-IMPEQN-GENRE,Vietnam,Full,XGBoost,1,1,0.992885172367096,1
6025,RCN18567,1209-PF-VN-IMPEQN-GENRE,Vietnam,Full,XGBoost,1,1,0.9918718338012695,1
6026,RCN18572,1209-PF-VN-IMPEQN-GENRE,Vietnam,Full,XGBoost,1,1,0.9907743334770203,1
6027,RCN18573,1209-PF-VN-IMPEQN-GENRE,Vietnam,Full,XGBoost,1,1,0.9954708814620972,1
6028,RCN18574,1209-PF-VN-IMPEQN-GENRE,Vietnam,Full,XGBoost,1,1,0.9941791296005249,1
6029,RCN18575,1209-PF-VN-IMPEQN-GENRE,Vietnam,Full,XGBoost,1,1,0.9945542812347412,1
6030,RCN18578,1209-PF-VN-IMPEQN-GENRE,Vietnam,Full,XGBoost,1,0,0.4373197853565216,0
6031,RCN18581,1209-PF-VN-IMPEQN-GENRE,Vietnam,Full,XGBoost,1,0,0.3217071294784546,0
6032,RCN18582,1209-PF-VN-IMPEQN-GENRE,Vietnam,Full,XGBoost,1,0,0.014904290437698364,0
6033,RCN18583,1209-PF-VN-IMPEQN-GENRE,Vietnam,Full,XGBoost,1,1,0.9903894066810608,1
6034,RCN18586,1209-PF-VN-IMPEQN-GENRE,Vietnam,Full,XGBoost,1,1,0.9885100722312927,1
6035,RCN18587,1209-PF-VN-IMPEQN-GENRE,Vietnam,Full,XGBoost,1,1,0.9911676645278931,1
6036,RCN18588,1209-PF-VN-IMPEQN-GENRE,Vietnam,Full,XGBoost,1,1,0.9885100722312927,1
6037,RCN18589,1209-PF-VN-IMPEQN-GENRE,Vietnam,Full,XGBoost,1,1,0.9885100722312927,1
6038,RCN18590,1209-PF-VN-IMPEQN-GENRE,Vietnam,Full,XGBoost,1,1,0.8948505520820618,1
6039,RCN18591,1209-PF-VN-IMPEQN-GENRE,Vietnam,Full,XGBoost,1,1,0.8948505520820618,1
6040,RCN18593,1209-PF-VN-IMPEQN-GENRE,Vietnam,Full,XGBoost,1,1,0.9931053519248962,1
6041,RCN18594,1209-PF-VN-IMPEQN-GENRE,Vietnam,Full,XGBoost,1,1,0.9931053519248962,1
6042,RCN18603,1209-PF-VN-IMPEQN-GENRE,Vietnam,Full,XGBoost,1,1,0.9918780326843262,1
6043,RCN18605,1209-PF-VN-IMPEQN-GENRE,Vietnam,Full,XGBoost,1,1,0.992662787437439,1
6044,RCN18607,1209-PF-VN-IMPEQN-GENRE,Vietnam,Full,XGBoost,1,1,0.9885100722312927,1
6045,RCN18609,1209-PF-VN-IMPEQN-GENRE,Vietnam,Full,XGBoost,1,1,0.9955537915229797,1
6046,RCN18611,1209-PF-VN-IMPEQN-GENRE,Vietnam,Full,XGBoost,1,1,0.9954708814620972,1
6047,RCN18612,1209-PF-VN-IMPEQN-GENRE,Vietnam,Full,XGBoost,1,1,0.9918780326843262,1
6048,RCN18613,1209-PF-VN-IMPEQN-GENRE,Vietnam,Full,XGBoost,1,1,0.9175778031349182,1
6049,RCN18614,1209-PF-VN-IMPEQN-GENRE,Vietnam,Full,XGBoost,1,1,0.9175778031349182,1
6050,RCN18615,1209-PF-VN-IMPEQN-GENRE,Vietnam,Full,XGBoost,1,1,0.9911676645278931,1
6051,RCN18618,1209-PF-VN-IMPEQN-GENRE,Vietnam,Full,XGBoost,1,1,0.9237514138221741,1
6052,RCN18619,1209-PF-VN-IMPEQN-GENRE,Vietnam,Full,XGBoost,1,1,0.9200270771980286,1
6053,RCN18620,1209-PF-VN-IMPEQN-GENRE,Vietnam,Full,XGBoost,1,1,0.8619886636734009,1
6054,RCN18621,1209-PF-VN-IMPEQN-GENRE,Vietnam,Full,XGBoost,1,1,0.8619886636734009,1
6055,RCN18622,1209-PF-VN-IMPEQN-GENRE,Vietnam,Full,XGBoost,1,1,0.8619886636734009,1
6056,RCN18623,1209-PF-VN-IMPEQN-GENRE,Vietnam,Full,XGBoost,1,1,0.9175778031349182,1
6057,RCN18627,1209-PF-VN-IMPEQN-GENRE,Vietnam,Full,XGBoost,1,1,0.9950324296951294,1
6058,RCN18628,1209-PF-VN-IMPEQN-GENRE,Vietnam,Full,XGBoost,1,1,0.9281682372093201,1
6059,RCN18630,1209-PF-VN-IMPEQN-GENRE,Vietnam,Full,XGBoost,1,1,0.9955442547798157,1
6060,RCN18631,1209-PF-VN-IMPEQN-GENRE,Vietnam,Full,XGBoost,1,1,0.8619886636734009,1
6061,RCN18633,1209-PF-VN-IMPEQN-GENRE,Vietnam,Full,XGBoost,1,1,0.9885100722312927,1
6062,RCN18634,1209-PF-VN-IMPEQN-GENRE,Vietnam,Full,XGBoost,1,1,0.9955442547798157,1
6063,RCN18635,1209-PF-VN-IMPEQN-GENRE,Vietnam,Full,XGBoost,1,1,0.9954708814620972,1
6064,RCN18636,1209-PF-VN-IMPEQN-GENRE,Vietnam,Full,XGBoost,1,1,0.9885100722312927,1
6065,RCN18637,1209-PF-VN-IMPEQN-GENRE,Vietnam,Full,XGBoost,1,1,0.9954708814620972,1
6066,RCN18638,1209-PF-VN-IMPEQN-GENRE,Vietnam,Full,XGBoost,1,1,0.9911676645278931,1
6067,RCN18639,1209-PF-VN-IMPEQN-GENRE,Vietnam,Full,XGBoost,1,1,0.9885100722312927,1
6068,RCN18641,1209-PF-VN-IMPEQN-GENRE,Vietnam,Full,XGBoost,1,1,0.9899984002113342,1
6069,RCN18644,1209-PF-VN-IMPEQN-GENRE,Vietnam,Full,XGBoost,1,1,0.9911676645278931,1
6070,RCN18646,1209-PF-VN-IMPEQN-GENRE,Vietnam,Full,XGBoost,1,1,0.9885100722312927,1
6071,RCN18647,1209-PF-VN-IMPEQN-GENRE,Vietnam,Full,XGBoost,1,1,0.9885100722312927,1
6072,RCN18649,1209-PF-VN-IMPEQN-GENRE,Vietnam,Full,XGBoost,1,1,0.9947130084037781,1
6073,RCN18651,1209-PF-VN-IMPEQN-GENRE,Vietnam,Full,XGBoost,1,1,0.9911676645278931,1
6074,RCN18654,1209-PF-VN-IMPEQN-GENRE,Vietnam,Full,XGBoost,1,1,0.9954708814620972,1
6075,RCN18655,1209-PF-VN-IMPEQN-GENRE,Vietnam,Full,XGBoost,1,1,0.9955442547798157,1
6076,RCN18658,1209-PF-VN-IMPEQN-GENRE,Vietnam,Full,XGBoost,1,1,0.9911676645278931,1
6077,RCN18659,1209-PF-VN-IMPEQN-GENRE,Vietnam,Full,XGBoost,1,1,0.9911676645278931,1
6078,RCN18660,1209-PF-VN-IMPEQN-GENRE,Vietnam,Full,XGBoost,1,1,0.9911676645278931,1
6079,RCN18662,1209-PF-VN-IMPEQN-GENRE,Vietnam,Full,XGBoost,1,1,0.9957112073898315,1
6080,RCN18664,1209-PF-VN-IMPEQN-GENRE,Vietnam,Full,XGBoost,1,1,0.9950324296951294,1
6081,RCN18665,1209-PF-VN-IMPEQN-GENRE,Vietnam,Full,XGBoost,1,1,0.9885100722312927,1
6082,RCN18666,1209-PF-VN-IMPEQN-GENRE,Vietnam,Full,XGBoost,1,1,0.9954708814620972,1
6083,RCN18667,1209-PF-VN-IMPEQN-GENRE,Vietnam,Full,XGBoost,1,1,0.9955442547798157,1
6084,RCN18668,1209-PF-VN-IMPEQN-GENRE,Vietnam,Full,XGBoost,1,1,0.9947539567947388,1
6085,RCN18669,1209-PF-VN-IMPEQN-GENRE,Vietnam,Full,XGBoost,1,1,0.9954708814620972,1
6086,RCN18671,1209-PF-VN-IMPEQN-GENRE,Vietnam,Full,XGBoost,1,1,0.9954708814620972,1
6087,RCN18672,1209-PF-VN-IMPEQN-GENRE,Vietnam,Full,XGBoost,1,1,0.9954708814620972,1
6088,RCN18673,1209-PF-VN-IMPEQN-GENRE,Vietnam,Full,XGBoost,1,1,0.9954708814620972,1
6089,RCN18675,1209-PF-VN-IMPEQN-GENRE,Vietnam,Full,XGBoost,1,1,0.9941741824150085,1
6090,RCN18676,1209-PF-VN-IMPEQN-GENRE,Vietnam,Full,XGBoost,1,1,0.9954708814620972,1
6091,RCN18677,1209-PF-VN-IMPEQN-GENRE,Vietnam,Full,XGBoost,1,1,0.9885100722312927,1
6092,RCN18680,1209-PF-VN-IMPEQN-GENRE,Vietnam,Full,XGBoost,1,1,0.9941791296005249,1
6093,RCN18681,1209-PF-VN-IMPEQN-GENRE,Vietnam,Full,XGBoost,1,1,0.9941741824150085,1
6094,RCN18682,1209-PF-VN-IMPEQN-GENRE,Vietnam,Full,XGBoost,1,1,0.9955442547798157,1
6095,RCN18683,1209-PF-VN-IMPEQN-GENRE,Vietnam,Full,XGBoost,1,1,0.9955442547798157,1
6096,RCN18684,1209-PF-VN-IMPEQN-GENRE,Vietnam,Full,XGBoost,1,1,0.9954708814620972,1
6097,RCN18685,1209-PF-VN-IMPEQN-GENRE,Vietnam,Full,XGBoost,1,1,0.9955442547798157,1
6098,RCN18687,1209-PF-VN-IMPEQN-GENRE,Vietnam,Full,XGBoost,1,1,0.9947130084037781,1
6099,RCN18688,1209-PF-VN-IMPEQN-GENRE,Vietnam,Full,XGBoost,1,1,0.9911676645278931,1
6100,RCN18689,1209-PF-VN-IMPEQN-GENRE,Vietnam,Full,XGBoost,1,1,0.9955442547798157,1
6101,RCN18690,1209-PF-VN-IMPEQN-GENRE,Vietnam,Full,XGBoost,1,1,0.992662787437439,1
6102,RCN18691,1209-PF-VN-IMPEQN-GENRE,Vietnam,Full,XGBoost,1,1,0.9954708814620972,1
6103,RCN18692,1209-PF-VN-IMPEQN-GENRE,Vietnam,Full,XGBoost,1,1,0.9955442547798157,1
6104,RCN18693,1209-PF-VN-IMPEQN-GENRE,Vietnam,Full,XGBoost,1,1,0.9941741824150085,1
6105,RCN18695,1209-PF-VN-IMPEQN-GENRE,Vietnam,Full,XGBoost,1,1,0.9950324296951294,1
6106,RCN18696,1209-PF-VN-IMPEQN-GENRE,Vietnam,Full,XGBoost,1,1,0.9885100722312927,1
6107,RCN18697,1209-PF-VN-IMPEQN-GENRE,Vietnam,Full,XGBoost,1,1,0.9911676645278931,1
6108,RCN18698,1209-PF-VN-IMPEQN-GENRE,Vietnam,Full,XGBoost,1,1,0.9954708814620972,1
6109,RCN18699,1209-PF-VN-IMPEQN-GENRE,Vietnam,Full,XGBoost,1,1,0.9954708814620972,1
6110,RCN18700,1209-PF-VN-IMPEQN-GENRE,Vietnam,Full,XGBoost,1,1,0.9918780326843262,1
6111,RCN18701,1209-PF-VN-IMPEQN-GENRE,Vietnam,Full,XGBoost,1,1,0.9955442547798157,1
6112,RCN18704,1209-PF-VN-IMPEQN-GENRE,Vietnam,Full,XGBoost,1,1,0.9885100722312927,1
6113,RCN18705,1209-PF-VN-IMPEQN-GENRE,Vietnam,Full,XGBoost,1,1,0.9911676645278931,1
6114,RCN18706,1209-PF-VN-IMPEQN-GENRE,Vietnam,Full,XGBoost,1,1,0.9954708814620972,1
6115,RCN18707,1209-PF-VN-IMPEQN-GENRE,Vietnam,Full,XGBoost,1,1,0.9955442547798157,1
6116,RCN18708,1209-PF-VN-IMPEQN-GENRE,Vietnam,Full,XGBoost,1,1,0.9911676645278931,1
6117,RCN18709,1209-PF-VN-IMPEQN-GENRE,Vietnam,Full,XGBoost,1,1,0.9918780326843262,1
6118,RCN18712,1209-PF-VN-IMPEQN-GENRE,Vietnam,Full,XGBoost,1,1,0.995049774646759,1
6119,RCN18713,1209-PF-VN-IMPEQN-GENRE,Vietnam,Full,XGBoost,1,1,0.9918780326843262,1
6120,RCN18714,1209-PF-VN-IMPEQN-GENRE,Vietnam,Full,XGBoost,1,0,0.045151129364967346,0
6121,RCN18715,1209-PF-VN-IMPEQN-GENRE,Vietnam,Full,XGBoost,1,0,0.045151129364967346,0
6122,RCN18716,1209-PF-VN-IMPEQN-GENRE,Vietnam,Full,XGBoost,1,0,0.2295110523700714,0
6123,RCN18717,1209-PF-VN-IMPEQN-GENRE,Vietnam,Full,XGBoost,1,0,0.19808579981327057,0
6124,RCN18718,1209-PF-VN-IMPEQN-GENRE,Vietnam,Full,XGBoost,1,0,0.039958324283361435,0
6125,RCN18719,1209-PF-VN-IMPEQN-GENRE,Vietnam,Full,XGBoost,1,0,0.06523983925580978,0
6126,RCN18720,1209-PF-VN-IMPEQN-GENRE,Vietnam,Full,XGBoost,1,0,0.2064589262008667,0
6127,RCN18722,1209-PF-VN-IMPEQN-GENRE,Vietnam,Full,XGBoost,1,0,0.045151129364967346,0
6128,RCN18723,1209-PF-VN-IMPEQN-GENRE,Vietnam,Full,XGBoost,1,0,0.8527987599372864,1
6129,RCN18724,1209-PF-VN-IMPEQN-GENRE,Vietnam,Full,XGBoost,1,0,0.8527987599372864,1
6130,RCN18725,1209-PF-VN-IMPEQN-GENRE,Vietnam,Full,XGBoost,1,1,0.9907743334770203,1
6131,RCN18728,1209-PF-VN-IMPEQN-GENRE,Vietnam,Full,XGBoost,1,1,0.9946330785751343,1
6132,RCN18729,1209-PF-VN-IMPEQN-GENRE,Vietnam,Full,XGBoost,1,1,0.8619886636734009,1
6133,RCN18730,1209-PF-VN-IMPEQN-GENRE,Vietnam,Full,XGBoost,1,1,0.8619886636734009,1
6134,RCN18731,1209-PF-VN-IMPEQN-GENRE,Vietnam,Full,XGBoost,1,1,0.8619886636734009,1
6135,RCN18732,1209-PF-VN-IMPEQN-GENRE,Vietnam,Full,XGBoost,1,1,0.8619886636734009,1
6136,RCN18733,1209-PF-VN-IMPEQN-GENRE,Vietnam,Full,XGBoost,1,1,0.9237514138221741,1
6137,RCN18734,1209-PF-VN-IMPEQN-GENRE,Vietnam,Full,XGBoost,1,1,0.8619886636734009,1
6138,RCN18735,1209-PF-VN-IMPEQN-GENRE,Vietnam,Full,XGBoost,1,1,0.8619886636734009,1
6139,RCN18736,1209-PF-VN-IMPEQN-GENRE,Vietnam,Full,XGBoost,1,1,0.8619886636734009,1
6140,RCN18737,1209-PF-VN-IMPEQN-GENRE,Vietnam,Full,XGBoost,1,1,0.8619886636734009,1
6141,RCN18738,1209-PF-VN-IMPEQN-GENRE,Vietnam,Full,XGBoost,1,1,0.8619886636734009,1
6142,RCN18739,1209-PF-VN-IMPEQN-GENRE,Vietnam,Full,XGBoost,1,0,0.0068578291684389114,0
6143,RCN18740,1209-PF-VN-IMPEQN-GENRE,Vietnam,Full,XGBoost,1,1,0.9889307618141174,1
6144,RCN18741,1209-PF-VN-IMPEQN-GENRE,Vietnam,Full,XGBoost,1,1,0.9879657626152039,1
6145,RCN18743,1209-PF-VN-IMPEQN-GENRE,Vietnam,Full,XGBoost,1,1,0.9923354983329773,1
6146,RCN18744,1209-PF-VN-IMPEQN-GENRE,Vietnam,Full,XGBoost,1,1,0.9879657626152039,1
6147,RCN18745,1209-PF-VN-IMPEQN-GENRE,Vietnam,Full,XGBoost,1,1,0.9879657626152039,1
6148,RCN18747,1209-PF-VN-IMPEQN-GENRE,Vietnam,Full,XGBoost,1,1,0.9899495840072632,1
6149,RCN18748,1209-PF-VN-IMPEQN-GENRE,Vietnam,Full,XGBoost,1,1,0.9883499145507812,1
6150,RCN18749,1209-PF-VN-IMPEQN-GENRE,Vietnam,Full,XGBoost,1,1,0.9941791296005249,1
6418,RCN24787,1209-PF-VN-IMPEQN-GENRE,Vietnam,Full,XGBoost,1,1,0.9954708814620972,1
6419,RCN24788,1209-PF-VN-IMPEQN-GENRE,Vietnam,Full,XGBoost,1,1,0.9885100722312927,1
6420,RCN24789,1209-PF-VN-IMPEQN-GENRE,Vietnam,Full,XGBoost,1,0,0.8527987599372864,1
6421,RCN24790,1209-PF-VN-IMPEQN-GENRE,Vietnam,Full,XGBoost,1,1,0.9945542812347412,1
6422,RCN24791,1209-PF-VN-IMPEQN-GENRE,Vietnam,Full,XGBoost,1,0,0.016278155148029327,0
6423,RCN24792,1209-PF-VN-IMPEQN-GENRE,Vietnam,Full,XGBoost,1,1,0.9954708814620972,1
6424,RCN24793,1209-PF-VN-IMPEQN-GENRE,Vietnam,Full,XGBoost,1,1,0.9907743334770203,1
6425,RCN24794,1209-PF-VN-IMPEQN-GENRE,Vietnam,Full,XGBoost,1,0,0.4179932177066803,0
6426,RCN24795,1209-PF-VN-IMPEQN-GENRE,Vietnam,Full,XGBoost,1,1,0.9885100722312927,1
6427,RCN24796,1209-PF-VN-IMPEQN-GENRE,Vietnam,Full,XGBoost,1,1,0.9899984002113342,1
6428,RCN24797,1209-PF-VN-IMPEQN-GENRE,Vietnam,Full,XGBoost,1,1,0.9955442547798157,1
6429,RCN24798,1209-PF-VN-IMPEQN-GENRE,Vietnam,Full,XGBoost,1,1,0.9884774088859558,1
6430,RCN24799,1209-PF-VN-IMPEQN-GENRE,Vietnam,Full,XGBoost,1,1,0.9885100722312927,1
6431,RCN24800,1209-PF-VN-IMPEQN-GENRE,Vietnam,Full,XGBoost,1,1,0.9884774088859558,1
6432,RCN24801,1209-PF-VN-IMPEQN-GENRE,Vietnam,Full,XGBoost,1,1,0.9885100722312927,1
6433,RCN24802,1209-PF-VN-IMPEQN-GENRE,Vietnam,Full,XGBoost,1,1,0.9911676645278931,1
6434,RCN24803,1209-PF-VN-IMPEQN-GENRE,Vietnam,Full,XGBoost,1,1,0.9885100722312927,1
6435,RCN24804,1209-PF-VN-IMPEQN-GENRE,Vietnam,Full,XGBoost,1,1,0.9954708814620972,1
6436,RCN24805,1209-PF-VN-IMPEQN-GENRE,Vietnam,Full,XGBoost,1,1,0.995915949344635,1
6437,RCN24806,1209-PF-VN-IMPEQN-GENRE,Vietnam,Full,XGBoost,1,1,0.9954708814620972,1
6438,RCN24807,1209-PF-VN-IMPEQN-GENRE,Vietnam,Full,XGBoost,1,1,0.9899984002113342,1
6439,RCN24808,1209-PF-VN-IMPEQN-GENRE,Vietnam,Full,XGBoost,1,1,0.9911676645278931,1
6440,RCN24809,1209-PF-VN-IMPEQN-GENRE,Vietnam,Full,XGBoost,1,1,0.9885100722312927,1
6441,RCN24810,1209-PF-VN-IMPEQN-GENRE,Vietnam,Full,XGBoost,1,1,0.9955442547798157,1
6442,RCN24811,1209-PF-VN-IMPEQN-GENRE,Vietnam,Full,XGBoost,1,1,0.9885100722312927,1
6443,RCN24812,1209-PF-VN-IMPEQN-GENRE,Vietnam,Full,XGBoost,1,1,0.9954708814620972,1
6444,RCN24813,1209-PF-VN-IMPEQN-GENRE,Vietnam,Full,XGBoost,1,1,0.9954708814620972,1
6445,RCN24814,1209-PF-VN-IMPEQN-GENRE,Vietnam,Full,XGBoost,1,1,0.9911676645278931,1
6446,RCN24815,1209-PF-VN-IMPEQN-GENRE,Vietnam,Full,XGBoost,1,1,0.9918780326843262,1
6447,RCN24816,1209-PF-VN-IMPEQN-GENRE,Vietnam,Full,XGBoost,1,1,0.9914504885673523,1
6448,RCN24817,1209-PF-VN-IMPEQN-GENRE,Vietnam,Full,XGBoost,1,1,0.9907743334770203,1
6449,RCN24818,1209-PF-VN-IMPEQN-GENRE,Vietnam,Full,XGBoost,1,1,0.9911676645278931,1
6450,RCN24819,1209-PF-VN-IMPEQN-GENRE,Vietnam,Full,XGBoost,1,1,0.9955442547798157,1
6451,RCN24820,1209-PF-VN-IMPEQN-GENRE,Vietnam,Full,XGBoost,1,1,0.995049774646759,1
6452,RCN24821,1209-PF-VN-IMPEQN-GENRE,Vietnam,Full,XGBoost,1,1,0.9954708814620972,1
6453,RCN24822,1209-PF-VN-IMPEQN-GENRE,Vietnam,Full,XGBoost,1,1,0.8384448289871216,1
6454,RCN24823,1209-PF-VN-IMPEQN-GENRE,Vietnam,Full,XGBoost,1,1,0.9907743334770203,1
6455,RCN24824,1209-PF-VN-IMPEQN-GENRE,Vietnam,Full,XGBoost,1,1,0.9955442547798157,1
6456,RCN24825,1209-PF-VN-IMPEQN-GENRE,Vietnam,Full,XGBoost,1,1,0.9955442547798157,1
6457,RCN24826,1209-PF-VN-IMPEQN-GENRE,Vietnam,Full,XGBoost,1,1,0.9911676645278931,1
6458,RCN24827,1209-PF-VN-IMPEQN-GENRE,Vietnam,Full,XGBoost,1,1,0.9954708814620972,1
6459,RCN24828,1209-PF-VN-IMPEQN-GENRE,Vietnam,Full,XGBoost,1,1,0.9911676645278931,1
6460,RCN24829,1209-PF-VN-IMPEQN-GENRE,Vietnam,Full,XGBoost,1,1,0.9954708814620972,1
6461,RCN24831,1209-PF-VN-IMPEQN-GENRE,Vietnam,Full,XGBoost,1,1,0.9954708814620972,1
6462,RCN24832,1209-PF-VN-IMPEQN-GENRE,Vietnam,Full,XGBoost,1,1,0.9911676645278931,1
6463,RCN24833,1209-PF-VN-IMPEQN-GENRE,Vietnam,Full,XGBoost,1,0,0.015851251780986786,0
6464,RCN24834,1209-PF-VN-IMPEQN-GENRE,Vietnam,Full,XGBoost,1,1,0.9941741824150085,1
6465,RCN24835,1209-PF-VN-IMPEQN-GENRE,Vietnam,Full,XGBoost,1,1,0.9954708814620972,1
6466,RCN24836,1209-PF-VN-IMPEQN-GENRE,Vietnam,Full,XGBoost,1,1,0.9954708814620972,1
6467,RCN24837,1209-PF-VN-IMPEQN-GENRE,Vietnam,Full,XGBoost,1,1,0.995049774646759,1
6468,RCN24838,1209-PF-VN-IMPEQN-GENRE,Vietnam,Full,XGBoost,1,1,0.9885100722312927,1
6469,RCN24839,1209-PF-VN-IMPEQN-GENRE,Vietnam,Full,XGBoost,1,1,0.9954708814620972,1
6470,RCN24840,1209-PF-VN-IMPEQN-GENRE,Vietnam,Full,XGBoost,1,1,0.9954708814620972,1
6471,RCN24841,1209-PF-VN-IMPEQN-GENRE,Vietnam,Full,XGBoost,1,1,0.9175809025764465,1
6472,RCN24842,1209-PF-VN-IMPEQN-GENRE,Vietnam,Full,XGBoost,1,1,0.9954708814620972,1
6473,RCN24844,1209-PF-VN-IMPEQN-GENRE,Vietnam,Full,XGBoost,1,1,0.9956113696098328,1
6474,RCN24845,1209-PF-VN-IMPEQN-GENRE,Vietnam,Full,XGBoost,1,1,0.9904744029045105,1
6475,RCN24848,1209-PF-VN-IMPEQN-GENRE,Vietnam,Full,XGBoost,1,1,0.9911676645278931,1
6476,RCN24849,1209-PF-VN-IMPEQN-GENRE,Vietnam,Full,XGBoost,1,1,0.9891844987869263,1
6477,RCN24850,1209-PF-VN-IMPEQN-GENRE,Vietnam,Full,XGBoost,1,1,0.992662787437439,1
6478,RCN24851,1209-PF-VN-IMPEQN-GENRE,Vietnam,Full,XGBoost,1,1,0.9954708814620972,1
6479,RCN24853,1209-PF-VN-IMPEQN-GENRE,Vietnam,Full,XGBoost,1,1,0.9954708814620972,1
6480,RCN24854,1209-PF-VN-IMPEQN-GENRE,Vietnam,Full,XGBoost,1,1,0.9923001527786255,1
6481,RCN24855,1209-PF-VN-IMPEQN-GENRE,Vietnam,Full,XGBoost,1,0,0.8527987599372864,1
6482,RCN24856,1209-PF-VN-IMPEQN-GENRE,Vietnam,Full,XGBoost,1,1,0.9885100722312927,1
6483,RCN24857,1209-PF-VN-IMPEQN-GENRE,Vietnam,Full,XGBoost,1,1,0.9911676645278931,1
6484,RCN24859,1209-PF-VN-IMPEQN-GENRE,Vietnam,Full,XGBoost,1,1,0.9911676645278931,1
6485,RCN24860,1209-PF-VN-IMPEQN-GENRE,Vietnam,Full,XGBoost,1,1,0.9887678027153015,1
6486,RCN24861,1209-PF-VN-IMPEQN-GENRE,Vietnam,Full,XGBoost,1,1,0.9918431639671326,1
6487,RCN24862,1209-PF-VN-IMPEQN-GENRE,Vietnam,Full,XGBoost,1,1,0.9955442547798157,1
6488,RCN24863,1209-PF-VN-IMPEQN-GENRE,Vietnam,Full,XGBoost,1,1,0.995794415473938,1
6489,RCN24864,1209-PF-VN-IMPEQN-GENRE,Vietnam,Full,XGBoost,1,1,0.9911676645278931,1
6490,RCN24865,1209-PF-VN-IMPEQN-GENRE,Vietnam,Full,XGBoost,1,1,0.9885100722312927,1
6491,RCN24866,1209-PF-VN-IMPEQN-GENRE,Vietnam,Full,XGBoost,1,1,0.9931846261024475,1
6492,RCN24867,1209-PF-VN-IMPEQN-GENRE,Vietnam,Full,XGBoost,1,1,0.9885100722312927,1
6493,RCN24868,1209-PF-VN-IMPEQN-GENRE,Vietnam,Full,XGBoost,1,1,0.995884120464325,1
6494,RCN24869,1209-PF-VN-IMPEQN-GENRE,Vietnam,Full,XGBoost,1,1,0.9917712807655334,1
6495,RCN24870,1209-PF-VN-IMPEQN-GENRE,Vietnam,Full,XGBoost,1,1,0.9911676645278931,1
6496,RCN24871,1209-PF-VN-IMPEQN-GENRE,Vietnam,Full,XGBoost,1,1,0.9885100722312927,1
6497,RCN24872,1209-PF-VN-IMPEQN-GENRE,Vietnam,Full,XGBoost,1,1,0.9941661357879639,1
6498,RCN24873,1209-PF-VN-IMPEQN-GENRE,Vietnam,Full,XGBoost,1,1,0.9955442547798157,1
6499,RCN24874,1209-PF-VN-IMPEQN-GENRE,Vietnam,Full,XGBoost,1,1,0.9175778031349182,1
6500,RCN24875,1209-PF-VN-IMPEQN-GENRE,Vietnam,Full,XGBoost,1,1,0.9931053519248962,1
6501,RCN24876,1209-PF-VN-IMPEQN-GENRE,Vietnam,Full,XGBoost,1,1,0.9175778031349182,1
6502,RCN24877,1209-PF-VN-IMPEQN-GENRE,Vietnam,Full,XGBoost,1,1,0.872221052646637,1
6503,RCN24878,1209-PF-VN-IMPEQN-GENRE,Vietnam,Full,XGBoost,1,1,0.8619886636734009,1
6504,RCN24879,1209-PF-VN-IMPEQN-GENRE,Vietnam,Full,XGBoost,1,1,0.8755219578742981,1
6505,RCN24880,1209-PF-VN-IMPEQN-GENRE,Vietnam,Full,XGBoost,1,1,0.9911676645278931,1
6506,RCN24883,1209-PF-VN-IMPEQN-GENRE,Vietnam,Full,XGBoost,1,1,0.8619886636734009,1
6507,RCN24884,1209-PF-VN-IMPEQN-GENRE,Vietnam,Full,XGBoost,1,1,0.9954708814620972,1
6508,RCN24885,1209-PF-VN-IMPEQN-GENRE,Vietnam,Full,XGBoost,1,1,0.9175778031349182,1
6509,RCN24886,1209-PF-VN-IMPEQN-GENRE,Vietnam,Full,XGBoost,1,1,0.9919015765190125,1
6510,RCN24887,1209-PF-VN-IMPEQN-GENRE,Vietnam,Full,XGBoost,1,1,0.9920205473899841,1
6511,RCN24888,1209-PF-VN-IMPEQN-GENRE,Vietnam,Full,XGBoost,1,0,0.7946063280105591,1
6512,RCN24889,1209-PF-VN-IMPEQN-GENRE,Vietnam,Full,XGBoost,1,1,0.9885100722312927,1
6513,RCN24890,1209-PF-VN-IMPEQN-GENRE,Vietnam,Full,XGBoost,1,1,0.9885100722312927,1
6514,RCN24891,1209-PF-VN-IMPEQN-GENRE,Vietnam,Full,XGBoost,1,1,0.9941330552101135,1
6515,RCN24892,1209-PF-VN-IMPEQN-GENRE,Vietnam,Full,XGBoost,1,1,0.9885100722312927,1
6516,RCN24893,1209-PF-VN-IMPEQN-GENRE,Vietnam,Full,XGBoost,1,1,0.9919015765190125,1
6517,RCN24894,1209-PF-VN-IMPEQN-GENRE,Vietnam,Full,XGBoost,1,1,0.9885100722312927,1
6518,RCN24895,1209-PF-VN-IMPEQN-GENRE,Vietnam,Full,XGBoost,1,1,0.9862046241760254,1
6519,RCN24896,1209-PF-VN-IMPEQN-GENRE,Vietnam,Full,XGBoost,1,1,0.9885100722312927,1
6520,RCN24897,1209-PF-VN-IMPEQN-GENRE,Vietnam,Full,XGBoost,1,1,0.9957222938537598,1
6521,RCN24898,1209-PF-VN-IMPEQN-GENRE,Vietnam,Full,XGBoost,1,1,0.8619886636734009,1
6522,RCN24900,1209-PF-VN-IMPEQN-GENRE,Vietnam,Full,XGBoost,1,1,0.9907743334770203,1
6523,RCN24903,1209-PF-VN-IMPEQN-GENRE,Vietnam,Full,XGBoost,1,0,0.9074262976646423,1
6524,RCN24904,1209-PF-VN-IMPEQN-GENRE,Vietnam,Full,XGBoost,1,1,0.8619886636734009,1
6525,RCN24905,1209-PF-VN-IMPEQN-GENRE,Vietnam,Full,XGBoost,1,1,0.992662787437439,1
6526,RCN24906,1209-PF-VN-IMPEQN-GENRE,Vietnam,Full,XGBoost,1,0,0.8527987599372864,1
6527,RCN24907,1209-PF-VN-IMPEQN-GENRE,Vietnam,Full,XGBoost,1,1,0.9175778031349182,1
6528,RCN24909,1209-PF-VN-IMPEQN-GENRE,Vietnam,Full,XGBoost,1,0,0.8527987599372864,1
6529,RCN24910,1209-PF-VN-IMPEQN-GENRE,Vietnam,Full,XGBoost,1,0,0.7946063280105591,1
6530,RCN24911,1209-PF-VN-IMPEQN-GENRE,Vietnam,Full,XGBoost,1,0,0.8527987599372864,1
6531,RCN24912,1209-PF-VN-IMPEQN-GENRE,Vietnam,Full,XGBoost,1,1,0.8619886636734009,1
6532,RCN24913,1209-PF-VN-IMPEQN-GENRE,Vietnam,Full,XGBoost,1,0,0.8527987599372864,1
6533,RCN24914,1209-PF-VN-IMPEQN-GENRE,Vietnam,Full,XGBoost,1,0,0.7946063280105591,1
6534,RCN24915,1209-PF-VN-IMPEQN-GENRE,Vietnam,Full,XGBoost,1,1,0.8384448289871216,1
6535,RCN24916,1209-PF-VN-IMPEQN-GENRE,Vietnam,Full,XGBoost,1,1,0.8619886636734009,1
6536,RCN24917,1209-PF-VN-IMPEQN-GENRE,Vietnam,Full,XGBoost,1,1,0.8619886636734009,1
6537,RCN24918,1209-PF-VN-IMPEQN-GENRE,Vietnam,Full,XGBoost,1,0,0.04022901505231857,0
6538,RCN24919,1209-PF-VN-IMPEQN-GENRE,Vietnam,Full,XGBoost,1,1,0.9922212958335876,1
6539,RCN24921,1209-PF-VN-IMPEQN-GENRE,Vietnam,Full,XGBoost,1,1,0.9954708814620972,1
6540,RCN24922,1209-PF-VN-IMPEQN-GENRE,Vietnam,Full,XGBoost,1,1,0.9885100722312927,1
6541,RCN24923,1209-PF-VN-IMPEQN-GENRE,Vietnam,Full,XGBoost,1,1,0.9885100722312927,1
6542,RCN24925,1209-PF-VN-IMPEQN-GENRE,Vietnam,Full,XGBoost,1,1,0.9862046241760254,1
6543,RCN24926,1209-PF-VN-IMPEQN-GENRE,Vietnam,Full,XGBoost,1,1,0.9862046241760254,1
6544,RCN24927,1209-PF-VN-IMPEQN-GENRE,Vietnam,Full,XGBoost,1,1,0.9899984002113342,1
6545,RCN24928,1209-PF-VN-IMPEQN-GENRE,Vietnam,Full,XGBoost,1,1,0.9954708814620972,1
6546,RCN24929,1209-PF-VN-IMPEQN-GENRE,Vietnam,Full,XGBoost,1,1,0.995794415473938,1
6547,RCN24930,1209-PF-VN-IMPEQN-GENRE,Vietnam,Full,XGBoost,1,1,0.9954708814620972,1
6548,RCN24931,1209-PF-VN-IMPEQN-GENRE,Vietnam,Full,XGBoost,1,1,0.9954708814620972,1
6549,RCN24932,1209-PF-VN-IMPEQN-GENRE,Vietnam,Full,XGBoost,1,1,0.9954708814620972,1
6550,RCN24933,1209-PF-VN-IMPEQN-GENRE,Vietnam,Full,XGBoost,1,1,0.9954708814620972,1
6551,RCN24934,1209-PF-VN-IMPEQN-GENRE,Vietnam,Full,XGBoost,1,1,0.9955442547798157,1
6552,RCN24935,1209-PF-VN-IMPEQN-GENRE,Vietnam,Full,XGBoost,1,1,0.9885100722312927,1
6553,RCN24936,1209-PF-VN-IMPEQN-GENRE,Vietnam,Full,XGBoost,1,1,0.9862046241760254,1
6554,RCN24937,1209-PF-VN-IMPEQN-GENRE,Vietnam,Full,XGBoost,1,1,0.9954708814620972,1
6555,RCN24938,1209-PF-VN-IMPEQN-GENRE,Vietnam,Full,XGBoost,1,1,0.8619886636734009,1
6556,RCN24939,1209-PF-VN-IMPEQN-GENRE,Vietnam,Full,XGBoost,1,1,0.8619886636734009,1
6557,RCN24940,1209-PF-VN-IMPEQN-GENRE,Vietnam,Full,XGBoost,1,1,0.8619886636734009,1
6558,RCN24941,1209-PF-VN-IMPEQN-GENRE,Vietnam,Full,XGBoost,1,1,0.9911676645278931,1
6559,RCN24942,1209-PF-VN-IMPEQN-GENRE,Vietnam,Full,XGBoost,1,1,0.9200270771980286,1
6560,RCN24943,1209-PF-VN-IMPEQN-GENRE,Vietnam,Full,XGBoost,1,1,0.8619886636734009,1
6561,RCN24944,1209-PF-VN-IMPEQN-GENRE,Vietnam,Full,XGBoost,1,1,0.8619886636734009,1
6562,RCN24945,1209-PF-VN-IMPEQN-GENRE,Vietnam,Full,XGBoost,1,1,0.8992889523506165,1
6563,RCN24946,1209-PF-VN-IMPEQN-GENRE,Vietnam,Full,XGBoost,1,1,0.8619886636734009,1
6564,RCN24947,1209-PF-VN-IMPEQN-GENRE,Vietnam,Full,XGBoost,1,1,0.8619886636734009,1
6565,RCN24948,1209-PF-VN-IMPEQN-GENRE,Vietnam,Full,XGBoost,1,1,0.9924996495246887,1
6566,RCN24949,1209-PF-VN-IMPEQN-GENRE,Vietnam,Full,XGBoost,1,1,0.995915949344635,1
6567,RCN24951,1209-PF-VN-IMPEQN-GENRE,Vietnam,Full,XGBoost,1,1,0.9911676645278931,1
6568,RCN24953,1209-PF-VN-IMPEQN-GENRE,Vietnam,Full,XGBoost,1,1,0.9954708814620972,1
6569,RCN24954,1209-PF-VN-IMPEQN-GENRE,Vietnam,Full,XGBoost,1,1,0.9955442547798157,1
6570,RCN24955,1209-PF-VN-IMPEQN-GENRE,Vietnam,Full,XGBoost,1,1,0.9955442547798157,1
6571,RCN24956,1209-PF-VN-IMPEQN-GENRE,Vietnam,Full,XGBoost,1,1,0.9957005381584167,1
6572,RCN24957,1209-PF-VN-IMPEQN-GENRE,Vietnam,Full,XGBoost,1,1,0.9857111573219299,1
6573,RCN24958,1209-PF-VN-IMPEQN-GENRE,Vietnam,Full,XGBoost,1,1,0.9884774088859558,1
6574,RCN24959,1209-PF-VN-IMPEQN-GENRE,Vietnam,Full,XGBoost,1,1,0.9885100722312927,1
6575,RCN24960,1209-PF-VN-IMPEQN-GENRE,Vietnam,Full,XGBoost,1,1,0.9954708814620972,1
6576,RCN24961,1209-PF-VN-IMPEQN-GENRE,Vietnam,Full,XGBoost,1,1,0.9954708814620972,1
6577,RCN24963,1209-PF-VN-IMPEQN-GENRE,Vietnam,Full,XGBoost,1,1,0.9911676645278931,1
6578,RCN24964,1209-PF-VN-IMPEQN-GENRE,Vietnam,Full,XGBoost,1,1,0.9885100722312927,1
6579,RCN24965,1209-PF-VN-IMPEQN-GENRE,Vietnam,Full,XGBoost,1,1,0.9954708814620972,1
6580,RCN24966,1209-PF-VN-IMPEQN-GENRE,Vietnam,Full,XGBoost,1,1,0.9954708814620972,1
6581,RCN24967,1209-PF-VN-IMPEQN-GENRE,Vietnam,Full,XGBoost,1,1,0.9954708814620972,1
6582,RCN24968,1209-PF-VN-IMPEQN-GENRE,Vietnam,Full,XGBoost,1,1,0.9954708814620972,1
6583,RCN24969,1209-PF-VN-IMPEQN-GENRE,Vietnam,Full,XGBoost,1,1,0.995049774646759,1
6584,RCN24970,1209-PF-VN-IMPEQN-GENRE,Vietnam,Full,XGBoost,1,1,0.9954614043235779,1
6585,RCN24971,1209-PF-VN-IMPEQN-GENRE,Vietnam,Full,XGBoost,1,1,0.9954708814620972,1
6586,RCN24972,1209-PF-VN-IMPEQN-GENRE,Vietnam,Full,XGBoost,1,1,0.9954708814620972,1
6587,RCN24974,1209-PF-VN-IMPEQN-GENRE,Vietnam,Full,XGBoost,1,1,0.9887322187423706,1
6588,RCN24975,1209-PF-VN-IMPEQN-GENRE,Vietnam,Full,XGBoost,1,1,0.9853111505508423,1
6589,RCN24978,1209-PF-VN-IMPEQN-GENRE,Vietnam,Full,XGBoost,1,1,0.9907743334770203,1
6590,RCN24979,1209-PF-VN-IMPEQN-GENRE,Vietnam,Full,XGBoost,1,1,0.9907743334770203,1
6591,RCN24980,1209-PF-VN-IMPEQN-GENRE,Vietnam,Full,XGBoost,1,1,0.9907743334770203,1
6592,RCN24981,1209-PF-VN-IMPEQN-GENRE,Vietnam,Full,XGBoost,1,1,0.9907743334770203,1
6593,RCN24982,1209-PF-VN-IMPEQN-GENRE,Vietnam,Full,XGBoost,1,1,0.9907743334770203,1
6594,RCN24983,1209-PF-VN-IMPEQN-GENRE,Vietnam,Full,XGBoost,1,1,0.9907743334770203,1
6595,RCN24985,1209-PF-VN-IMPEQN-GENRE,Vietnam,Full,XGBoost,1,1,0.9907743334770203,1
6596,RCN24986,1209-PF-VN-IMPEQN-GENRE,Vietnam,Full,XGBoost,1,1,0.9889307618141174,1
6597,RCN24987,1209-PF-VN-IMPEQN-GENRE,Vietnam,Full,XGBoost,1,1,0.9879657626152039,1
6598,RCN24988,1209-PF-VN-IMPEQN-GENRE,Vietnam,Full,XGBoost,1,1,0.9907743334770203,1
6599,RCN24989,1209-PF-VN-IMPEQN-GENRE,Vietnam,Full,XGBoost,1,1,0.9907743334770203,1
6600,RCN24991,1209-PF-VN-IMPEQN-GENRE,Vietnam,Full,XGBoost,1,1,0.9907743334770203,1
6601,RCN24992,1209-PF-VN-IMPEQN-GENRE,Vietnam,Full,XGBoost,1,1,0.9907743334770203,1
6602,RCN24994,1209-PF-VN-IMPEQN-GENRE,Vietnam,Full,XGBoost,1,1,0.9879657626152039,1
6603,RCN24995,1209-PF-VN-IMPEQN-GENRE,Vietnam,Full,XGBoost,1,1,0.9879657626152039,1
6604,RCN24996,1209-PF-VN-IMPEQN-GENRE,Vietnam,Full,XGBoost,1,1,0.9907743334770203,1
6605,RCN24997,1209-PF-VN-IMPEQN-GENRE,Vietnam,Full,XGBoost,1,1,0.9907743334770203,1
6606,RCN24998,1209-PF-VN-IMPEQN-GENRE,Vietnam,Full,XGBoost,1,1,0.9907743334770203,1
6607,RCN25000,1209-PF-VN-IMPEQN-GENRE,Vietnam,Full,XGBoost,1,1,0.9954708814620972,1
6608,RCN25003,1209-PF-VN-IMPEQN-GENRE,Vietnam,Full,XGBoost,1,1,0.9955442547798157,1
6609,RCN25004,1209-PF-VN-IMPEQN-GENRE,Vietnam,Full,XGBoost,1,1,0.9894104599952698,1
6610,RCN25005,1209-PF-VN-IMPEQN-GENRE,Vietnam,Full,XGBoost,1,1,0.9954708814620972,1
6611,RCN25006,1209-PF-VN-IMPEQN-GENRE,Vietnam,Full,XGBoost,1,1,0.8715845942497253,1
6612,RCN25007,1209-PF-VN-IMPEQN-GENRE,Vietnam,Full,XGBoost,1,1,0.8619886636734009,1
6613,RCN25008,1209-PF-VN-IMPEQN-GENRE,Vietnam,Full,XGBoost,1,1,0.8619886636734009,1
6614,RCN25009,1209-PF-VN-IMPEQN-GENRE,Vietnam,Full,XGBoost,1,1,0.9175778031349182,1
6615,RCN25010,1209-PF-VN-IMPEQN-GENRE,Vietnam,Full,XGBoost,1,1,0.8619886636734009,1
6616,RCN25011,1209-PF-VN-IMPEQN-GENRE,Vietnam,Full,XGBoost,1,1,0.8619886636734009,1
6617,RCN25012,1209-PF-VN-IMPEQN-GENRE,Vietnam,Full,XGBoost,1,1,0.9025352001190186,1
6618,RCN25013,1209-PF-VN-IMPEQN-GENRE,Vietnam,Full,XGBoost,1,1,0.8619886636734009,1
6619,RCN25014,1209-PF-VN-IMPEQN-GENRE,Vietnam,Full,XGBoost,1,1,0.8619886636734009,1
6620,RCN25015,1209-PF-VN-IMPEQN-GENRE,Vietnam,Full,XGBoost,1,1,0.8619886636734009,1
6621,RCN25016,1209-PF-VN-IMPEQN-GENRE,Vietnam,Full,XGBoost,1,1,0.8619886636734009,1
6622,RCN25017,1209-PF-VN-IMPEQN-GENRE,Vietnam,Full,XGBoost,1,1,0.9175778031349182,1
6623,RCN25018,1209-PF-VN-IMPEQN-GENRE,Vietnam,Full,XGBoost,1,1,0.8619886636734009,1
6624,RCN25019,1209-PF-VN-IMPEQN-GENRE,Vietnam,Full,XGBoost,1,1,0.8619886636734009,1
6625,RCN25020,1209-PF-VN-IMPEQN-GENRE,Vietnam,Full,XGBoost,1,1,0.8619886636734009,1
6626,RCN25021,1209-PF-VN-IMPEQN-GENRE,Vietnam,Full,XGBoost,1,1,0.8619886636734009,1
6627,RCN25022,1209-PF-VN-IMPEQN-GENRE,Vietnam,Full,XGBoost,1,1,0.9175778031349182,1
6628,RCN25023,1209-PF-VN-IMPEQN-GENRE,Vietnam,Full,XGBoost,1,1,0.8619886636734009,1
6629,RCN25024,1209-PF-VN-IMPEQN-GENRE,Vietnam,Full,XGBoost,1,1,0.8384448289871216,1
6630,RCN25025,1209-PF-VN-IMPEQN-GENRE,Vietnam,Full,XGBoost,1,1,0.8619886636734009,1
6631,RCN25026,1209-PF-VN-IMPEQN-GENRE,Vietnam,Full,XGBoost,1,1,0.8619886636734009,1
6632,RCN25027,1209-PF-VN-IMPEQN-GENRE,Vietnam,Full,XGBoost,1,1,0.9955442547798157,1
6633,RCN25028,1209-PF-VN-IMPEQN-GENRE,Vietnam,Full,XGBoost,1,1,0.8619886636734009,1
6634,RCN25029,1209-PF-VN-IMPEQN-GENRE,Vietnam,Full,XGBoost,1,1,0.8619886636734009,1
6635,RCN25030,1209-PF-VN-IMPEQN-GENRE,Vietnam,Full,XGBoost,1,1,0.8619886636734009,1
6636,RCN25036,1209-PF-VN-IMPEQN-GENRE,Vietnam,Full,XGBoost,1,1,0.9947130084037781,1
6637,RCN25047,1209-PF-VN-IMPEQN-GENRE,Vietnam,Full,XGBoost,1,1,0.9955888986587524,1
6638,RCN25053,1209-PF-VN-IMPEQN-GENRE,Vietnam,Full,XGBoost,1,1,0.995630145072937,1
6639,RCN25061,1209-PF-VN-IMPEQN-GENRE,Vietnam,Full,XGBoost,1,1,0.9935012459754944,1
6640,RCN25063,1209-PF-VN-IMPEQN-GENRE,Vietnam,Full,XGBoost,1,1,0.9905070066452026,1
6641,RCN25064,1209-PF-VN-IMPEQN-GENRE,Vietnam,Full,XGBoost,1,1,0.9907743334770203,1
6642,RCN25065,1209-PF-VN-IMPEQN-GENRE,Vietnam,Full,XGBoost,1,1,0.9175778031349182,1
6643,RCN25068,1209-PF-VN-IMPEQN-GENRE,Vietnam,Full,XGBoost,1,1,0.9885100722312927,1
6644,RCN25076,1209-PF-VN-IMPEQN-GENRE,Vietnam,Full,XGBoost,1,1,0.9941330552101135,1
6645,RCN25079,1209-PF-VN-IMPEQN-GENRE,Vietnam,Full,XGBoost,1,0,0.8527987599372864,1
6646,RCN25080,1209-PF-VN-IMPEQN-GENRE,Vietnam,Full,XGBoost,1,1,0.9954708814620972,1
6647,RCN25081,1209-PF-VN-IMPEQN-GENRE,Vietnam,Full,XGBoost,1,1,0.8619886636734009,1
6648,RCN25083,1209-PF-VN-IMPEQN-GENRE,Vietnam,Full,XGBoost,1,1,0.8384448289871216,1
6649,RCN25084,1209-PF-VN-IMPEQN-GENRE,Vietnam,Full,XGBoost,1,1,0.8619886636734009,1
6650,RCN25085,1209-PF-VN-IMPEQN-GENRE,Vietnam,Full,XGBoost,1,1,0.8384448289871216,1
6651,RCN25088,1209-PF-VN-IMPEQN-GENRE,Vietnam,Full,XGBoost,1,1,0.9260777831077576,1
6652,RCN25089,1209-PF-VN-IMPEQN-GENRE,Vietnam,Full,XGBoost,1,1,0.9955888986587524,1
6653,RCN25090,1209-PF-VN-IMPEQN-GENRE,Vietnam,Full,XGBoost,1,1,0.8538956642150879,1
6654,RCN25091,1209-PF-VN-IMPEQN-GENRE,Vietnam,Full,XGBoost,1,1,0.9941330552101135,1
6655,RCN25093,1209-PF-VN-IMPEQN-GENRE,Vietnam,Full,XGBoost,1,1,0.8619886636734009,1
6656,RCN25095,1209-PF-VN-IMPEQN-GENRE,Vietnam,Full,XGBoost,1,1,0.9955888986587524,1
6657,RCN25097,1209-PF-VN-IMPEQN-GENRE,Vietnam,Full,XGBoost,1,1,0.9954708814620972,1
6658,RCN25099,1209-PF-VN-IMPEQN-GENRE,Vietnam,Full,XGBoost,1,1,0.9954708814620972,1
6659,RCN25102,1209-PF-VN-IMPEQN-GENRE,Vietnam,Full,XGBoost,1,1,0.9954708814620972,1
6660,RCN25103,1209-PF-VN-IMPEQN-GENRE,Vietnam,Full,XGBoost,1,1,0.9954708814620972,1
6661,RCN25104,1209-PF-VN-IMPEQN-GENRE,Vietnam,Full,XGBoost,1,1,0.8619886636734009,1
6662,RCN25105,1209-PF-VN-IMPEQN-GENRE,Vietnam,Full,XGBoost,1,1,0.9911676645278931,1
6663,RCN25107,1209-PF-VN-IMPEQN-GENRE,Vietnam,Full,XGBoost,1,1,0.9954708814620972,1
6664,RCN25108,1209-PF-VN-IMPEQN-GENRE,Vietnam,Full,XGBoost,1,1,0.8619886636734009,1
6665,RCN25112,1209-PF-VN-IMPEQN-GENRE,Vietnam,Full,XGBoost,1,1,0.9336060285568237,1
6666,RCN25116,1209-PF-VN-IMPEQN-GENRE,Vietnam,Full,XGBoost,1,1,0.9947057366371155,1
6667,RCN25118,1209-PF-VN-IMPEQN-GENRE,Vietnam,Full,XGBoost,1,1,0.9954708814620972,1
6668,RCN25119,1209-PF-VN-IMPEQN-GENRE,Vietnam,Full,XGBoost,1,1,0.9954708814620972,1
6669,RCN25120,1209-PF-VN-IMPEQN-GENRE,Vietnam,Full,XGBoost,1,1,0.9954708814620972,1
6670,RCN25124,1209-PF-VN-IMPEQN-GENRE,Vietnam,Full,XGBoost,1,1,0.8755219578742981,1
6671,RCN25125,1209-PF-VN-IMPEQN-GENRE,Vietnam,Full,XGBoost,1,1,0.9955442547798157,1
6672,RCN25129,1209-PF-VN-IMPEQN-GENRE,Vietnam,Full,XGBoost,1,1,0.9946526288986206,1
6673,RCN25130,1209-PF-VN-IMPEQN-GENRE,Vietnam,Full,XGBoost,1,1,0.8619886636734009,1
6674,RCN25134,1209-PF-VN-IMPEQN-GENRE,Vietnam,Full,XGBoost,1,1,0.9952173233032227,1
6675,RCN25137,1209-PF-VN-IMPEQN-GENRE,Vietnam,Full,XGBoost,1,1,0.9954708814620972,1
6676,RCN25142,1209-PF-VN-IMPEQN-GENRE,Vietnam,Full,XGBoost,1,1,0.8755219578742981,1
6677,RCN25143,1209-PF-VN-IMPEQN-GENRE,Vietnam,Full,XGBoost,1,1,0.9954388737678528,1
6678,RCN25145,1209-PF-VN-IMPEQN-GENRE,Vietnam,Full,XGBoost,1,1,0.9885100722312927,1
6679,RCN25151,1209-PF-VN-IMPEQN-GENRE,Vietnam,Full,XGBoost,1,1,0.9916648268699646,1
6680,RCN25153,1209-PF-VN-IMPEQN-GENRE,Vietnam,Full,XGBoost,1,0,0.4109068810939789,0
6681,RCN25154,1209-PF-VN-IMPEQN-GENRE,Vietnam,Full,XGBoost,1,1,0.8619886636734009,1
6682,RCN25158,1209-PF-VN-IMPEQN-GENRE,Vietnam,Full,XGBoost,1,1,0.9885100722312927,1
6683,RCN25162,1209-PF-VN-IMPEQN-GENRE,Vietnam,Full,XGBoost,1,1,0.9887678027153015,1
6684,RCN25166,1209-PF-VN-IMPEQN-GENRE,Vietnam,Full,XGBoost,1,1,0.9957922697067261,1
6685,RCN25170,1209-PF-VN-IMPEQN-GENRE,Vietnam,Full,XGBoost,1,1,0.9954708814620972,1
6686,RCN25177,1209-PF-VN-IMPEQN-GENRE,Vietnam,Full,XGBoost,1,1,0.9911676645278931,1
6687,RCN25178,1209-PF-VN-IMPEQN-GENRE,Vietnam,Full,XGBoost,1,1,0.9954708814620972,1
6688,RCN25179,1209-PF-VN-IMPEQN-GENRE,Vietnam,Full,XGBoost,1,1,0.9954388737678528,1
2622,RCN06881,1180-PF-TRAC2-DONDORP,Thailand,Full,XGBoost,2,1,0.986134946346283,1
2623,RCN06893,1180-PF-TRAC2-DONDORP,Thailand,Full,XGBoost,2,1,0.98701012134552,1
2936,RCN08922,1208-PF-LA-CMPE-GENRE,Laos,Full,XGBoost,2,0,0.3515024781227112,0
2937,RCN08923,1208-PF-LA-CMPE-GENRE,Laos,Full,XGBoost,2,0,0.22957052290439606,0
2938,RCN08925,1208-PF-LA-CMPE-GENRE,Laos,Full,XGBoost,2,0,0.06086781993508339,0
2939,RCN08926,1208-PF-LA-CMPE-GENRE,Laos,Full,XGBoost,2,1,0.9774836301803589,1
2940,RCN08927,1208-PF-LA-CMPE-GENRE,Laos,Full,XGBoost,2,0,0.06788261979818344,0
2941,RCN08929,1208-PF-LA-CMPE-GENRE,Laos,Full,XGBoost,2,1,0.9985384941101074,1
2942,RCN08930,1208-PF-LA-CMPE-GENRE,Laos,Full,XGBoost,2,0,0.06293698400259018,0
2943,RCN08931,1208-PF-LA-CMPE-GENRE,Laos,Full,XGBoost,2,1,0.9986107349395752,1
2944,RCN08933,1208-PF-LA-CMPE-GENRE,Laos,Full,XGBoost,2,0,0.07973110675811768,0
2945,RCN08934,1208-PF-LA-CMPE-GENRE,Laos,Full,XGBoost,2,0,0.24309320747852325,0
2946,RCN08935,1208-PF-LA-CMPE-GENRE,Laos,Full,XGBoost,2,0,0.037225183099508286,0
2947,RCN08936,1208-PF-LA-CMPE-GENRE,Laos,Full,XGBoost,2,0,0.07973110675811768,0
2948,RCN08937,1208-PF-LA-CMPE-GENRE,Laos,Full,XGBoost,2,0,0.3399103283882141,0
2949,RCN08938,1208-PF-LA-CMPE-GENRE,Laos,Full,XGBoost,2,0,0.046738967299461365,0
2950,RCN08939,1208-PF-LA-CMPE-GENRE,Laos,Full,XGBoost,2,0,0.3628111779689789,0
2951,RCN08941,1208-PF-LA-CMPE-GENRE,Laos,Full,XGBoost,2,0,0.3399103283882141,0
2952,RCN08942,1208-PF-LA-CMPE-GENRE,Laos,Full,XGBoost,2,1,0.9972936511039734,1
2953,RCN08943,1208-PF-LA-CMPE-GENRE,Laos,Full,XGBoost,2,0,0.37286606431007385,0
2954,RCN08945,1208-PF-LA-CMPE-GENRE,Laos,Full,XGBoost,2,0,0.36295628547668457,0
2955,RCN08946,1208-PF-LA-CMPE-GENRE,Laos,Full,XGBoost,2,0,0.011098411865532398,0
2956,RCN08947,1208-PF-LA-CMPE-GENRE,Laos,Full,XGBoost,2,0,0.07973110675811768,0
2957,RCN08949,1208-PF-LA-CMPE-GENRE,Laos,Full,XGBoost,2,0,0.24309320747852325,0
2958,RCN08950,1208-PF-LA-CMPE-GENRE,Laos,Full,XGBoost,2,0,0.06788261979818344,0
2959,RCN08951,1208-PF-LA-CMPE-GENRE,Laos,Full,XGBoost,2,0,0.06206132471561432,0
2960,RCN08952,1208-PF-LA-CMPE-GENRE,Laos,Full,XGBoost,2,0,0.06086781993508339,0
2961,RCN08953,1208-PF-LA-CMPE-GENRE,Laos,Full,XGBoost,2,0,0.06293698400259018,0
2962,RCN08954,1208-PF-LA-CMPE-GENRE,Laos,Full,XGBoost,2,0,0.17325308918952942,0
2963,RCN08955,1208-PF-LA-CMPE-GENRE,Laos,Full,XGBoost,2,0,0.5765331983566284,1
2964,RCN08957,1208-PF-LA-CMPE-GENRE,Laos,Full,XGBoost,2,0,0.3399103283882141,0
2965,RCN08958,1208-PF-LA-CMPE-GENRE,Laos,Full,XGBoost,2,1,0.99714595079422,1
2966,RCN08959,1208-PF-LA-CMPE-GENRE,Laos,Full,XGBoost,2,1,0.9970831274986267,1
2967,RCN08960,1208-PF-LA-CMPE-GENRE,Laos,Full,XGBoost,2,1,0.9975608587265015,1
2968,RCN08961,1208-PF-LA-CMPE-GENRE,Laos,Full,XGBoost,2,1,0.30942296981811523,0
2969,RCN08962,1208-PF-LA-CMPE-GENRE,Laos,Full,XGBoost,2,0,0.9408590197563171,1
2970,RCN08963,1208-PF-LA-CMPE-GENRE,Laos,Full,XGBoost,2,1,0.9959641695022583,1
2971,RCN08966,1208-PF-LA-CMPE-GENRE,Laos,Full,XGBoost,2,1,0.9974615573883057,1
2972,RCN08971,1208-PF-LA-CMPE-GENRE,Laos,Full,XGBoost,2,1,0.9971007704734802,1
2973,RCN08973,1208-PF-LA-CMPE-GENRE,Laos,Full,XGBoost,2,0,0.23314662277698517,0
2974,RCN08974,1208-PF-LA-CMPE-GENRE,Laos,Full,XGBoost,2,0,0.15620464086532593,0
2975,RCN08975,1208-PF-LA-CMPE-GENRE,Laos,Full,XGBoost,2,1,0.9931861162185669,1
2976,RCN08976,1208-PF-LA-CMPE-GENRE,Laos,Full,XGBoost,2,1,0.9109787940979004,1
2977,RCN08977,1208-PF-LA-CMPE-GENRE,Laos,Full,XGBoost,2,1,0.9975608587265015,1
2978,RCN08978,1208-PF-LA-CMPE-GENRE,Laos,Full,XGBoost,2,0,0.23426130414009094,0
2979,RCN08979,1208-PF-LA-CMPE-GENRE,Laos,Full,XGBoost,2,0,0.23426130414009094,0
2980,RCN08981,1208-PF-LA-CMPE-GENRE,Laos,Full,XGBoost,2,1,0.9121755361557007,1
2981,RCN08982,1208-PF-LA-CMPE-GENRE,Laos,Full,XGBoost,2,1,0.905227780342102,1
2982,RCN08984,1208-PF-LA-CMPE-GENRE,Laos,Full,XGBoost,2,1,0.986184298992157,1
2983,RCN08985,1208-PF-LA-CMPE-GENRE,Laos,Full,XGBoost,2,1,0.9974615573883057,1
2984,RCN08987,1208-PF-LA-CMPE-GENRE,Laos,Full,XGBoost,2,1,0.9975608587265015,1
2985,RCN08989,1208-PF-LA-CMPE-GENRE,Laos,Full,XGBoost,2,1,0.9964118599891663,1
2986,RCN08990,1208-PF-LA-CMPE-GENRE,Laos,Full,XGBoost,2,1,0.9572803974151611,1
2987,RCN08991,1208-PF-LA-CMPE-GENRE,Laos,Full,XGBoost,2,1,0.9777606129646301,1
2988,RCN08992,1208-PF-LA-CMPE-GENRE,Laos,Full,XGBoost,2,1,0.9962939620018005,1
2989,RCN08993,1208-PF-LA-CMPE-GENRE,Laos,Full,XGBoost,2,1,0.9982807636260986,1
2990,RCN08994,1208-PF-LA-CMPE-GENRE,Laos,Full,XGBoost,2,1,0.9974615573883057,1
2991,RCN08995,1208-PF-LA-CMPE-GENRE,Laos,Full,XGBoost,2,1,0.9975608587265015,1
2992,RCN08998,1208-PF-LA-CMPE-GENRE,Laos,Full,XGBoost,2,1,0.9972845315933228,1
2993,RCN08999,1208-PF-LA-CMPE-GENRE,Laos,Full,XGBoost,2,1,0.9957200884819031,1
2994,RCN09000,1208-PF-LA-CMPE-GENRE,Laos,Full,XGBoost,2,1,0.9792261123657227,1
2995,RCN09001,1208-PF-LA-CMPE-GENRE,Laos,Full,XGBoost,2,1,0.9959641695022583,1
2996,RCN09002,1208-PF-LA-CMPE-GENRE,Laos,Full,XGBoost,2,1,0.9733067750930786,1
2997,RCN09003,1208-PF-LA-CMPE-GENRE,Laos,Full,XGBoost,2,1,0.9981708526611328,1
2998,RCN09006,1208-PF-LA-CMPE-GENRE,Laos,Full,XGBoost,2,1,0.9959641695022583,1
2999,RCN09007,1208-PF-LA-CMPE-GENRE,Laos,Full,XGBoost,2,1,0.9959641695022583,1
3000,RCN09010,1208-PF-LA-CMPE-GENRE,Laos,Full,XGBoost,2,1,0.7783008217811584,1
3001,RCN09012,1208-PF-LA-CMPE-GENRE,Laos,Full,XGBoost,2,1,0.9964495897293091,1
3002,RCN09014,1208-PF-LA-CMPE-GENRE,Laos,Full,XGBoost,2,0,0.23314662277698517,0
3003,RCN09016,1208-PF-LA-CMPE-GENRE,Laos,Full,XGBoost,2,1,0.9972845315933228,1
3004,RCN09018,1208-PF-LA-CMPE-GENRE,Laos,Full,XGBoost,2,1,0.9969515800476074,1
3005,RCN09019,1208-PF-LA-CMPE-GENRE,Laos,Full,XGBoost,2,1,0.9975294470787048,1
3006,RCN09020,1208-PF-LA-CMPE-GENRE,Laos,Full,XGBoost,2,1,0.9968710541725159,1
3007,RCN09021,1208-PF-LA-CMPE-GENRE,Laos,Full,XGBoost,2,1,0.9969633221626282,1
3008,RCN09022,1208-PF-LA-CMPE-GENRE,Laos,Full,XGBoost,2,1,0.9969590902328491,1
3009,RCN09023,1208-PF-LA-CMPE-GENRE,Laos,Full,XGBoost,2,1,0.99714595079422,1
3010,RCN09024,1208-PF-LA-CMPE-GENRE,Laos,Full,XGBoost,2,1,0.9972143769264221,1
3011,RCN09025,1208-PF-LA-CMPE-GENRE,Laos,Full,XGBoost,2,1,0.9972882270812988,1
3012,RCN09027,1208-PF-LA-CMPE-GENRE,Laos,Full,XGBoost,2,1,0.8309771418571472,1
3013,RCN09029,1208-PF-LA-CMPE-GENRE,Laos,Full,XGBoost,2,0,0.0360993929207325,0
3014,RCN09031,1208-PF-LA-CMPE-GENRE,Laos,Full,XGBoost,2,0,0.015385922975838184,0
3015,RCN09032,1208-PF-LA-CMPE-GENRE,Laos,Full,XGBoost,2,0,0.015385922975838184,0
3016,RCN09033,1208-PF-LA-CMPE-GENRE,Laos,Full,XGBoost,2,0,0.010790576227009296,0
3017,RCN09034,1208-PF-LA-CMPE-GENRE,Laos,Full,XGBoost,2,1,0.9969633221626282,1
3018,RCN09035,1208-PF-LA-CMPE-GENRE,Laos,Full,XGBoost,2,0,0.05543716996908188,0
3019,RCN09036,1208-PF-LA-CMPE-GENRE,Laos,Full,XGBoost,2,0,0.061867307871580124,0
3020,RCN09037,1208-PF-LA-CMPE-GENRE,Laos,Full,XGBoost,2,1,0.8194765448570251,1
3021,RCN09038,1208-PF-LA-CMPE-GENRE,Laos,Full,XGBoost,2,1,0.015385922975838184,0
3022,RCN09039,1208-PF-LA-CMPE-GENRE,Laos,Full,XGBoost,2,1,0.01634977199137211,0
3023,RCN09040,1208-PF-LA-CMPE-GENRE,Laos,Full,XGBoost,2,1,0.7879602909088135,1
3024,RCN09041,1208-PF-LA-CMPE-GENRE,Laos,Full,XGBoost,2,0,0.061867307871580124,0
3025,RCN09042,1208-PF-LA-CMPE-GENRE,Laos,Full,XGBoost,2,0,0.014769461937248707,0
3026,RCN09043,1208-PF-LA-CMPE-GENRE,Laos,Full,XGBoost,2,0,0.01939067617058754,0
3027,RCN09044,1208-PF-LA-CMPE-GENRE,Laos,Full,XGBoost,2,0,0.029675453901290894,0
3028,RCN09046,1208-PF-LA-CMPE-GENRE,Laos,Full,XGBoost,2,1,0.8268033862113953,1
3029,RCN09047,1208-PF-LA-CMPE-GENRE,Laos,Full,XGBoost,2,0,0.023372050374746323,0
3030,RCN09048,1208-PF-LA-CMPE-GENRE,Laos,Full,XGBoost,2,0,0.016982046887278557,0
3031,RCN09049,1208-PF-LA-CMPE-GENRE,Laos,Full,XGBoost,2,0,0.062471337616443634,0
3032,RCN09050,1208-PF-LA-CMPE-GENRE,Laos,Full,XGBoost,2,0,0.062471337616443634,0
3033,RCN09052,1208-PF-LA-CMPE-GENRE,Laos,Full,XGBoost,2,0,0.33274003863334656,0
3034,RCN09053,1208-PF-LA-CMPE-GENRE,Laos,Full,XGBoost,2,1,0.8498020172119141,1
3035,RCN09054,1208-PF-LA-CMPE-GENRE,Laos,Full,XGBoost,2,1,0.8258879780769348,1
3036,RCN09055,1208-PF-LA-CMPE-GENRE,Laos,Full,XGBoost,2,1,0.8205232620239258,1
3037,RCN09056,1208-PF-LA-CMPE-GENRE,Laos,Full,XGBoost,2,1,0.8245714902877808,1
3038,RCN09057,1208-PF-LA-CMPE-GENRE,Laos,Full,XGBoost,2,1,0.8205232620239258,1
3039,RCN09058,1208-PF-LA-CMPE-GENRE,Laos,Full,XGBoost,2,1,0.8290086388587952,1
3040,RCN09059,1208-PF-LA-CMPE-GENRE,Laos,Full,XGBoost,2,1,0.8113060593605042,1
3041,RCN09060,1208-PF-LA-CMPE-GENRE,Laos,Full,XGBoost,2,1,0.8194765448570251,1
3042,RCN09061,1208-PF-LA-CMPE-GENRE,Laos,Full,XGBoost,2,0,0.36870110034942627,0
3043,RCN09062,1208-PF-LA-CMPE-GENRE,Laos,Full,XGBoost,2,1,0.8113060593605042,1
3044,RCN09063,1208-PF-LA-CMPE-GENRE,Laos,Full,XGBoost,2,0,0.03558915853500366,0
3045,RCN09064,1208-PF-LA-CMPE-GENRE,Laos,Full,XGBoost,2,0,0.022434819489717484,0
3046,RCN09065,1208-PF-LA-CMPE-GENRE,Laos,Full,XGBoost,2,0,0.017812838777899742,0
3047,RCN09066,1208-PF-LA-CMPE-GENRE,Laos,Full,XGBoost,2,0,0.3198982775211334,0
3048,RCN09069,1208-PF-LA-CMPE-GENRE,Laos,Full,XGBoost,2,0,0.023693200200796127,0
3049,RCN09070,1208-PF-LA-CMPE-GENRE,Laos,Full,XGBoost,2,0,0.3107948303222656,0
3050,RCN09071,1208-PF-LA-CMPE-GENRE,Laos,Full,XGBoost,2,0,0.01710328832268715,0
3051,RCN09072,1208-PF-LA-CMPE-GENRE,Laos,Full,XGBoost,2,0,0.18187978863716125,0
3052,RCN09073,1208-PF-LA-CMPE-GENRE,Laos,Full,XGBoost,2,0,0.01499114092439413,0
3053,RCN09074,1208-PF-LA-CMPE-GENRE,Laos,Full,XGBoost,2,0,0.014771583490073681,0
3054,RCN09075,1208-PF-LA-CMPE-GENRE,Laos,Full,XGBoost,2,0,0.3001163601875305,0
3055,RCN09076,1208-PF-LA-CMPE-GENRE,Laos,Full,XGBoost,2,0,0.017812838777899742,0
3056,RCN09077,1208-PF-LA-CMPE-GENRE,Laos,Full,XGBoost,2,0,0.022434819489717484,0
3057,RCN09079,1208-PF-LA-CMPE-GENRE,Laos,Full,XGBoost,2,0,0.3107948303222656,0
3058,RCN09080,1208-PF-LA-CMPE-GENRE,Laos,Full,XGBoost,2,0,0.016982046887278557,0
3059,RCN09081,1208-PF-LA-CMPE-GENRE,Laos,Full,XGBoost,2,0,0.032148320227861404,0
3060,RCN09082,1208-PF-LA-CMPE-GENRE,Laos,Full,XGBoost,2,0,0.031278278678655624,0
3061,RCN09083,1208-PF-LA-CMPE-GENRE,Laos,Full,XGBoost,2,0,0.015385922975838184,0
3062,RCN09084,1208-PF-LA-CMPE-GENRE,Laos,Full,XGBoost,2,0,0.016982046887278557,0
3063,RCN09088,1208-PF-LA-CMPE-GENRE,Laos,Full,XGBoost,2,0,0.018602268770337105,0
3064,RCN09093,1208-PF-LA-CMPE-GENRE,Laos,Full,XGBoost,2,0,0.0412013940513134,0
3065,RCN09095,1208-PF-LA-CMPE-GENRE,Laos,Full,XGBoost,2,0,0.04250987619161606,0
3066,RCN09096,1208-PF-LA-CMPE-GENRE,Laos,Full,XGBoost,2,0,0.020460132509469986,0
3067,RCN09098,1208-PF-LA-CMPE-GENRE,Laos,Full,XGBoost,2,0,0.01499114092439413,0
3068,RCN09105,1208-PF-LA-CMPE-GENRE,Laos,Full,XGBoost,2,0,0.017852818593382835,0
3069,RCN09106,1208-PF-LA-CMPE-GENRE,Laos,Full,XGBoost,2,0,0.016982046887278557,0
3070,RCN09110,1208-PF-LA-CMPE-GENRE,Laos,Full,XGBoost,2,0,0.04136771336197853,0
3071,RCN09111,1208-PF-LA-CMPE-GENRE,Laos,Full,XGBoost,2,0,0.025032857432961464,0
3072,RCN09112,1208-PF-LA-CMPE-GENRE,Laos,Full,XGBoost,2,0,0.054907504469156265,0
3073,RCN09113,1208-PF-LA-CMPE-GENRE,Laos,Full,XGBoost,2,0,0.05837941914796829,0
3074,RCN09114,1208-PF-LA-CMPE-GENRE,Laos,Full,XGBoost,2,0,0.05062494054436684,0
3075,RCN09115,1208-PF-LA-CMPE-GENRE,Laos,Full,XGBoost,2,0,0.05786070600152016,0
3076,RCN09116,1208-PF-LA-CMPE-GENRE,Laos,Full,XGBoost,2,0,0.07274781167507172,0
3077,RCN09117,1208-PF-LA-CMPE-GENRE,Laos,Full,XGBoost,2,0,0.008701450191438198,0
3078,RCN09118,1208-PF-LA-CMPE-GENRE,Laos,Full,XGBoost,2,0,0.017812838777899742,0
3079,RCN09119,1208-PF-LA-CMPE-GENRE,Laos,Full,XGBoost,2,0,0.014607725664973259,0
3080,RCN09120,1208-PF-LA-CMPE-GENRE,Laos,Full,XGBoost,2,0,0.013768596574664116,0
3081,RCN09121,1208-PF-LA-CMPE-GENRE,Laos,Full,XGBoost,2,0,0.07274781167507172,0
3082,RCN09122,1208-PF-LA-CMPE-GENRE,Laos,Full,XGBoost,2,0,0.02002367004752159,0
3083,RCN09126,1208-PF-LA-CMPE-GENRE,Laos,Full,XGBoost,2,0,0.05837941914796829,0
3084,RCN09127,1208-PF-LA-CMPE-GENRE,Laos,Full,XGBoost,2,0,0.05429669842123985,0
3085,RCN09128,1208-PF-LA-CMPE-GENRE,Laos,Full,XGBoost,2,0,0.054907504469156265,0
3086,RCN09129,1208-PF-LA-CMPE-GENRE,Laos,Full,XGBoost,2,0,0.04425967484712601,0
3087,RCN09130,1208-PF-LA-CMPE-GENRE,Laos,Full,XGBoost,2,1,0.5573109984397888,1
3088,RCN09131,1208-PF-LA-CMPE-GENRE,Laos,Full,XGBoost,2,0,0.01847526617348194,0
3089,RCN09132,1208-PF-LA-CMPE-GENRE,Laos,Full,XGBoost,2,0,0.4557127058506012,0
3090,RCN09133,1208-PF-LA-CMPE-GENRE,Laos,Full,XGBoost,2,0,0.3083537220954895,0
3091,RCN09134,1208-PF-LA-CMPE-GENRE,Laos,Full,XGBoost,2,1,0.850895345211029,1
3092,RCN09135,1208-PF-LA-CMPE-GENRE,Laos,Full,XGBoost,2,1,0.8157364726066589,1
3093,RCN09136,1208-PF-LA-CMPE-GENRE,Laos,Full,XGBoost,2,1,0.8262178301811218,1
3094,RCN09137,1208-PF-LA-CMPE-GENRE,Laos,Full,XGBoost,2,0,0.016982046887278557,0
3095,RCN09138,1208-PF-LA-CMPE-GENRE,Laos,Full,XGBoost,2,0,0.018066443502902985,0
3096,RCN09139,1208-PF-LA-CMPE-GENRE,Laos,Full,XGBoost,2,0,0.041820935904979706,0
3097,RCN09140,1208-PF-LA-CMPE-GENRE,Laos,Full,XGBoost,2,0,0.017852818593382835,0
3098,RCN09141,1208-PF-LA-CMPE-GENRE,Laos,Full,XGBoost,2,0,0.017802564427256584,0
3099,RCN09143,1208-PF-LA-CMPE-GENRE,Laos,Full,XGBoost,2,0,0.01324533298611641,0
3100,RCN09144,1208-PF-LA-CMPE-GENRE,Laos,Full,XGBoost,2,0,0.008642682805657387,0
3101,RCN09145,1208-PF-LA-CMPE-GENRE,Laos,Full,XGBoost,2,0,0.019226722419261932,0
3102,RCN09146,1208-PF-LA-CMPE-GENRE,Laos,Full,XGBoost,2,0,0.016982046887278557,0
3103,RCN09147,1208-PF-LA-CMPE-GENRE,Laos,Full,XGBoost,2,0,0.016788188368082047,0
3104,RCN09148,1208-PF-LA-CMPE-GENRE,Laos,Full,XGBoost,2,0,0.017812838777899742,0
3105,RCN09149,1208-PF-LA-CMPE-GENRE,Laos,Full,XGBoost,2,0,0.03294340893626213,0
3106,RCN09150,1208-PF-LA-CMPE-GENRE,Laos,Full,XGBoost,2,0,0.06375372409820557,0
3107,RCN09151,1208-PF-LA-CMPE-GENRE,Laos,Full,XGBoost,2,0,0.055764004588127136,0
3108,RCN09155,1208-PF-LA-CMPE-GENRE,Laos,Full,XGBoost,2,0,0.009523259475827217,0
3109,RCN09156,1208-PF-LA-CMPE-GENRE,Laos,Full,XGBoost,2,0,0.061867307871580124,0
3110,RCN09157,1208-PF-LA-CMPE-GENRE,Laos,Full,XGBoost,2,0,0.01817927323281765,0
3111,RCN09158,1208-PF-LA-CMPE-GENRE,Laos,Full,XGBoost,2,0,0.032148320227861404,0
3112,RCN09159,1208-PF-LA-CMPE-GENRE,Laos,Full,XGBoost,2,0,0.07274781167507172,0
3113,RCN09160,1208-PF-LA-CMPE-GENRE,Laos,Full,XGBoost,2,0,0.07274781167507172,0
3114,RCN09161,1208-PF-LA-CMPE-GENRE,Laos,Full,XGBoost,2,0,0.014666630886495113,0
3115,RCN09162,1208-PF-LA-CMPE-GENRE,Laos,Full,XGBoost,2,0,0.05543716996908188,0
3116,RCN09163,1208-PF-LA-CMPE-GENRE,Laos,Full,XGBoost,2,0,0.030055878683924675,0
3117,RCN09164,1208-PF-LA-CMPE-GENRE,Laos,Full,XGBoost,2,0,0.059510570019483566,0
3118,RCN09165,1208-PF-LA-CMPE-GENRE,Laos,Full,XGBoost,2,0,0.017602460458874702,0
3119,RCN09166,1208-PF-LA-CMPE-GENRE,Laos,Full,XGBoost,2,0,0.05916028097271919,0
3120,RCN09167,1208-PF-LA-CMPE-GENRE,Laos,Full,XGBoost,2,0,0.013952810317277908,0
3121,RCN09168,1208-PF-LA-CMPE-GENRE,Laos,Full,XGBoost,2,1,0.9965232610702515,1
3122,RCN09170,1208-PF-LA-CMPE-GENRE,Laos,Full,XGBoost,2,0,0.7598565816879272,1
4083,RCN11492,1208-PF-LA-CMPE-GENRE,Laos,Full,XGBoost,2,0,0.006920950952917337,0
4084,RCN11493,1208-PF-LA-CMPE-GENRE,Laos,Full,XGBoost,2,0,0.01979297585785389,0
4085,RCN11494,1208-PF-LA-CMPE-GENRE,Laos,Full,XGBoost,2,0,0.015723098069429398,0
4086,RCN11495,1208-PF-LA-CMPE-GENRE,Laos,Full,XGBoost,2,0,0.0059086624532938,0
4087,RCN11497,1208-PF-LA-CMPE-GENRE,Laos,Full,XGBoost,2,0,0.007858557626605034,0
4088,RCN11498,1208-PF-LA-CMPE-GENRE,Laos,Full,XGBoost,2,0,0.02129955030977726,0
4089,RCN11499,1208-PF-LA-CMPE-GENRE,Laos,Full,XGBoost,2,0,0.0066173141822218895,0
4090,RCN11500,1208-PF-LA-CMPE-GENRE,Laos,Full,XGBoost,2,0,0.012022611685097218,0
4091,RCN11501,1208-PF-LA-CMPE-GENRE,Laos,Full,XGBoost,2,0,0.004968952853232622,0
4092,RCN11504,1208-PF-LA-CMPE-GENRE,Laos,Full,XGBoost,2,0,0.02263803407549858,0
4093,RCN11505,1208-PF-LA-CMPE-GENRE,Laos,Full,XGBoost,2,0,0.023808356374502182,0
4094,RCN11506,1208-PF-LA-CMPE-GENRE,Laos,Full,XGBoost,2,0,0.009701726026833057,0
4095,RCN11507,1208-PF-LA-CMPE-GENRE,Laos,Full,XGBoost,2,0,0.0042165848426520824,0
4096,RCN11508,1208-PF-LA-CMPE-GENRE,Laos,Full,XGBoost,2,0,0.01582721248269081,0
4097,RCN11510,1208-PF-LA-CMPE-GENRE,Laos,Full,XGBoost,2,0,0.005344870500266552,0
4098,RCN11511,1208-PF-LA-CMPE-GENRE,Laos,Full,XGBoost,2,1,0.8569925427436829,1
4099,RCN11512,1208-PF-LA-CMPE-GENRE,Laos,Full,XGBoost,2,0,0.015073484741151333,0
4100,RCN11513,1208-PF-LA-CMPE-GENRE,Laos,Full,XGBoost,2,0,0.008798029273748398,0
4101,RCN11514,1208-PF-LA-CMPE-GENRE,Laos,Full,XGBoost,2,0,0.07598143815994263,0
4102,RCN11515,1208-PF-LA-CMPE-GENRE,Laos,Full,XGBoost,2,0,0.025338418781757355,0
4103,RCN11516,1208-PF-LA-CMPE-GENRE,Laos,Full,XGBoost,2,0,0.015339852310717106,0
4104,RCN11517,1208-PF-LA-CMPE-GENRE,Laos,Full,XGBoost,2,0,0.01499114092439413,0
4105,RCN11518,1208-PF-LA-CMPE-GENRE,Laos,Full,XGBoost,2,0,0.03412370756268501,0
4106,RCN11519,1208-PF-LA-CMPE-GENRE,Laos,Full,XGBoost,2,0,0.017100835219025612,0
4107,RCN11520,1208-PF-LA-CMPE-GENRE,Laos,Full,XGBoost,2,0,0.008409593254327774,0
4108,RCN11521,1208-PF-LA-CMPE-GENRE,Laos,Full,XGBoost,2,0,0.055764004588127136,0
4109,RCN11522,1208-PF-LA-CMPE-GENRE,Laos,Full,XGBoost,2,0,0.01598457247018814,0
4110,RCN11523,1208-PF-LA-CMPE-GENRE,Laos,Full,XGBoost,2,0,0.014074877835810184,0
4111,RCN11524,1208-PF-LA-CMPE-GENRE,Laos,Full,XGBoost,2,0,0.07274781167507172,0
4112,RCN11525,1208-PF-LA-CMPE-GENRE,Laos,Full,XGBoost,2,0,0.058505039662122726,0
4113,RCN11526,1208-PF-LA-CMPE-GENRE,Laos,Full,XGBoost,2,0,0.013388112187385559,0
4114,RCN11527,1208-PF-LA-CMPE-GENRE,Laos,Full,XGBoost,2,0,0.017606375738978386,0
4115,RCN11528,1208-PF-LA-CMPE-GENRE,Laos,Full,XGBoost,2,0,0.056512072682380676,0
4116,RCN11529,1208-PF-LA-CMPE-GENRE,Laos,Full,XGBoost,2,0,0.03234602510929108,0
4117,RCN11530,1208-PF-LA-CMPE-GENRE,Laos,Full,XGBoost,2,0,0.07026781141757965,0
4118,RCN11531,1208-PF-LA-CMPE-GENRE,Laos,Full,XGBoost,2,0,0.07090533524751663,0
4119,RCN11532,1208-PF-LA-CMPE-GENRE,Laos,Full,XGBoost,2,0,0.007138965185731649,0
4120,RCN11533,1208-PF-LA-CMPE-GENRE,Laos,Full,XGBoost,2,0,0.05837941914796829,0
4121,RCN11534,1208-PF-LA-CMPE-GENRE,Laos,Full,XGBoost,2,0,0.03422589600086212,0
4122,RCN11535,1208-PF-LA-CMPE-GENRE,Laos,Full,XGBoost,2,0,0.0739283561706543,0
4123,RCN11537,1208-PF-LA-CMPE-GENRE,Laos,Full,XGBoost,2,0,0.019743427634239197,0
4124,RCN11538,1208-PF-LA-CMPE-GENRE,Laos,Full,XGBoost,2,0,0.012943590059876442,0
4125,RCN11539,1208-PF-LA-CMPE-GENRE,Laos,Full,XGBoost,2,0,0.022245731204748154,0
4126,RCN11540,1208-PF-LA-CMPE-GENRE,Laos,Full,XGBoost,2,0,0.017100835219025612,0
4127,RCN11541,1208-PF-LA-CMPE-GENRE,Laos,Full,XGBoost,2,0,0.058524925261735916,0
4128,RCN11542,1208-PF-LA-CMPE-GENRE,Laos,Full,XGBoost,2,0,0.055764004588127136,0
4129,RCN11543,1208-PF-LA-CMPE-GENRE,Laos,Full,XGBoost,2,0,0.016153600066900253,0
4130,RCN11544,1208-PF-LA-CMPE-GENRE,Laos,Full,XGBoost,2,0,0.055812183767557144,0
4131,RCN11545,1208-PF-LA-CMPE-GENRE,Laos,Full,XGBoost,2,0,0.025000395253300667,0
4132,RCN11546,1208-PF-LA-CMPE-GENRE,Laos,Full,XGBoost,2,1,0.6253842711448669,1
4133,RCN11547,1208-PF-LA-CMPE-GENRE,Laos,Full,XGBoost,2,0,0.05837941914796829,0
4134,RCN11548,1208-PF-LA-CMPE-GENRE,Laos,Full,XGBoost,2,0,0.015504863113164902,0
4135,RCN11550,1208-PF-LA-CMPE-GENRE,Laos,Full,XGBoost,2,0,0.040566544979810715,0
4136,RCN11551,1208-PF-LA-CMPE-GENRE,Laos,Full,XGBoost,2,0,0.0739283561706543,0
4137,RCN11552,1208-PF-LA-CMPE-GENRE,Laos,Full,XGBoost,2,0,0.032148320227861404,0
4138,RCN11553,1208-PF-LA-CMPE-GENRE,Laos,Full,XGBoost,2,0,0.020522059872746468,0
4139,RCN11554,1208-PF-LA-CMPE-GENRE,Laos,Full,XGBoost,2,0,0.018565278500318527,0
4140,RCN11555,1208-PF-LA-CMPE-GENRE,Laos,Full,XGBoost,2,0,0.016982046887278557,0
4141,RCN11556,1208-PF-LA-CMPE-GENRE,Laos,Full,XGBoost,2,0,0.009248178452253342,0
4142,RCN11557,1208-PF-LA-CMPE-GENRE,Laos,Full,XGBoost,2,0,0.016982046887278557,0
4143,RCN11558,1208-PF-LA-CMPE-GENRE,Laos,Full,XGBoost,2,0,0.06000089645385742,0
4144,RCN11559,1208-PF-LA-CMPE-GENRE,Laos,Full,XGBoost,2,0,0.014189370907843113,0
4145,RCN11560,1208-PF-LA-CMPE-GENRE,Laos,Full,XGBoost,2,0,0.016682622954249382,0
4146,RCN11561,1208-PF-LA-CMPE-GENRE,Laos,Full,XGBoost,2,1,0.6253842711448669,1
4147,RCN11562,1208-PF-LA-CMPE-GENRE,Laos,Full,XGBoost,2,1,0.6253842711448669,1
4148,RCN11564,1208-PF-LA-CMPE-GENRE,Laos,Full,XGBoost,2,0,0.016845015808939934,0
4149,RCN11565,1208-PF-LA-CMPE-GENRE,Laos,Full,XGBoost,2,0,0.016292281448841095,0
4150,RCN11566,1208-PF-LA-CMPE-GENRE,Laos,Full,XGBoost,2,0,0.016982046887278557,0
4151,RCN11567,1208-PF-LA-CMPE-GENRE,Laos,Full,XGBoost,2,0,0.016982046887278557,0
4152,RCN11568,1208-PF-LA-CMPE-GENRE,Laos,Full,XGBoost,2,0,0.015842149034142494,0
4153,RCN11569,1208-PF-LA-CMPE-GENRE,Laos,Full,XGBoost,2,0,0.09809581935405731,0
4154,RCN11570,1208-PF-LA-CMPE-GENRE,Laos,Full,XGBoost,2,0,0.05078727379441261,0
4155,RCN11571,1208-PF-LA-CMPE-GENRE,Laos,Full,XGBoost,2,0,0.06697012484073639,0
4156,RCN11572,1208-PF-LA-CMPE-GENRE,Laos,Full,XGBoost,2,0,0.04823419079184532,0
4157,RCN11573,1208-PF-LA-CMPE-GENRE,Laos,Full,XGBoost,2,0,0.02657533809542656,0
4158,RCN11574,1208-PF-LA-CMPE-GENRE,Laos,Full,XGBoost,2,0,0.016982046887278557,0
4159,RCN11575,1208-PF-LA-CMPE-GENRE,Laos,Full,XGBoost,2,0,0.016153600066900253,0
4160,RCN11576,1208-PF-LA-CMPE-GENRE,Laos,Full,XGBoost,2,0,0.02571462094783783,0
4161,RCN11577,1208-PF-LA-CMPE-GENRE,Laos,Full,XGBoost,2,0,0.02571462094783783,0
4162,RCN11578,1208-PF-LA-CMPE-GENRE,Laos,Full,XGBoost,2,0,0.02571462094783783,0
4163,RCN11579,1208-PF-LA-CMPE-GENRE,Laos,Full,XGBoost,2,0,0.02571462094783783,0
4164,RCN11580,1208-PF-LA-CMPE-GENRE,Laos,Full,XGBoost,2,0,0.02571462094783783,0
4165,RCN11581,1208-PF-LA-CMPE-GENRE,Laos,Full,XGBoost,2,0,0.02571462094783783,0
4166,RCN11582,1208-PF-LA-CMPE-GENRE,Laos,Full,XGBoost,2,0,0.02571462094783783,0
4167,RCN11593,1208-PF-LA-CMPE-GENRE,Laos,Full,XGBoost,2,0,0.04785725846886635,0
4168,RCN11594,1208-PF-LA-CMPE-GENRE,Laos,Full,XGBoost,2,0,0.02571462094783783,0
4169,RCN11595,1208-PF-LA-CMPE-GENRE,Laos,Full,XGBoost,2,0,0.02571462094783783,0
4170,RCN11596,1208-PF-LA-CMPE-GENRE,Laos,Full,XGBoost,2,0,0.030069630593061447,0
4171,RCN11597,1208-PF-LA-CMPE-GENRE,Laos,Full,XGBoost,2,0,0.02571462094783783,0
4172,RCN11598,1208-PF-LA-CMPE-GENRE,Laos,Full,XGBoost,2,0,0.02571462094783783,0
4173,RCN11599,1208-PF-LA-CMPE-GENRE,Laos,Full,XGBoost,2,0,0.026392502710223198,0
4174,RCN11600,1208-PF-LA-CMPE-GENRE,Laos,Full,XGBoost,2,0,0.017695598304271698,0
4175,RCN11601,1208-PF-LA-CMPE-GENRE,Laos,Full,XGBoost,2,0,0.02184182219207287,0
4176,RCN11602,1208-PF-LA-CMPE-GENRE,Laos,Full,XGBoost,2,0,0.025787102058529854,0
4177,RCN11603,1208-PF-LA-CMPE-GENRE,Laos,Full,XGBoost,2,0,0.016878444701433182,0
4178,RCN11604,1208-PF-LA-CMPE-GENRE,Laos,Full,XGBoost,2,0,0.016982046887278557,0
4179,RCN11605,1208-PF-LA-CMPE-GENRE,Laos,Full,XGBoost,2,0,0.023918267339468002,0
4180,RCN11606,1208-PF-LA-CMPE-GENRE,Laos,Full,XGBoost,2,0,0.054907504469156265,0
4181,RCN11607,1208-PF-LA-CMPE-GENRE,Laos,Full,XGBoost,2,0,0.017812838777899742,0
4182,RCN11608,1208-PF-LA-CMPE-GENRE,Laos,Full,XGBoost,2,0,0.007953562773764133,0
4183,RCN11610,1208-PF-LA-CMPE-GENRE,Laos,Full,XGBoost,2,0,0.008449636399745941,0
4184,RCN11611,1208-PF-LA-CMPE-GENRE,Laos,Full,XGBoost,2,0,0.06261330842971802,0
4185,RCN11612,1208-PF-LA-CMPE-GENRE,Laos,Full,XGBoost,2,0,0.012458848766982555,0
4186,RCN11613,1208-PF-LA-CMPE-GENRE,Laos,Full,XGBoost,2,0,0.015284421853721142,0
4187,RCN11614,1208-PF-LA-CMPE-GENRE,Laos,Full,XGBoost,2,0,0.01826591230928898,0
4188,RCN11615,1208-PF-LA-CMPE-GENRE,Laos,Full,XGBoost,2,0,0.016982046887278557,0
4189,RCN11616,1208-PF-LA-CMPE-GENRE,Laos,Full,XGBoost,2,0,0.0552549809217453,0
4190,RCN11617,1208-PF-LA-CMPE-GENRE,Laos,Full,XGBoost,2,0,0.025791943073272705,0
4191,RCN11618,1208-PF-LA-CMPE-GENRE,Laos,Full,XGBoost,2,0,0.0642668679356575,0
4192,RCN11619,1208-PF-LA-CMPE-GENRE,Laos,Full,XGBoost,2,0,0.022245731204748154,0
4193,RCN11620,1208-PF-LA-CMPE-GENRE,Laos,Full,XGBoost,2,0,0.015504863113164902,0
4194,RCN11621,1208-PF-LA-CMPE-GENRE,Laos,Full,XGBoost,2,0,0.058524925261735916,0
4195,RCN11622,1208-PF-LA-CMPE-GENRE,Laos,Full,XGBoost,2,0,0.010137940756976604,0
4196,RCN11623,1208-PF-LA-CMPE-GENRE,Laos,Full,XGBoost,2,0,0.08153928816318512,0
4197,RCN11624,1208-PF-LA-CMPE-GENRE,Laos,Full,XGBoost,2,0,0.07373593002557755,0
4198,RCN11625,1208-PF-LA-CMPE-GENRE,Laos,Full,XGBoost,2,0,0.014607725664973259,0
4199,RCN11626,1208-PF-LA-CMPE-GENRE,Laos,Full,XGBoost,2,0,0.011508805677294731,0
4200,RCN11627,1208-PF-LA-CMPE-GENRE,Laos,Full,XGBoost,2,0,0.016982046887278557,0
4201,RCN11628,1208-PF-LA-CMPE-GENRE,Laos,Full,XGBoost,2,0,0.017812838777899742,0
4202,RCN11629,1208-PF-LA-CMPE-GENRE,Laos,Full,XGBoost,2,0,0.06267046183347702,0
4203,RCN11630,1208-PF-LA-CMPE-GENRE,Laos,Full,XGBoost,2,0,0.055764004588127136,0
4204,RCN11631,1208-PF-LA-CMPE-GENRE,Laos,Full,XGBoost,2,0,0.017695598304271698,0
4205,RCN11632,1208-PF-LA-CMPE-GENRE,Laos,Full,XGBoost,2,0,0.02762553095817566,0
4206,RCN11633,1208-PF-LA-CMPE-GENRE,Laos,Full,XGBoost,2,0,0.024345306679606438,0
4207,RCN11634,1208-PF-LA-CMPE-GENRE,Laos,Full,XGBoost,2,0,0.024345306679606438,0
4208,RCN11635,1208-PF-LA-CMPE-GENRE,Laos,Full,XGBoost,2,0,0.026075726374983788,0
4209,RCN11636,1208-PF-LA-CMPE-GENRE,Laos,Full,XGBoost,2,0,0.032148320227861404,0
4210,RCN11637,1208-PF-LA-CMPE-GENRE,Laos,Full,XGBoost,2,0,0.022433334961533546,0
4211,RCN11638,1208-PF-LA-CMPE-GENRE,Laos,Full,XGBoost,2,0,0.016982046887278557,0
4212,RCN11639,1208-PF-LA-CMPE-GENRE,Laos,Full,XGBoost,2,0,0.033127013593912125,0
4213,RCN11640,1208-PF-LA-CMPE-GENRE,Laos,Full,XGBoost,2,0,0.0730016753077507,0
4214,RCN11641,1208-PF-LA-CMPE-GENRE,Laos,Full,XGBoost,2,0,0.0583573542535305,0
4215,RCN11642,1208-PF-LA-CMPE-GENRE,Laos,Full,XGBoost,2,0,0.06267903745174408,0
4216,RCN11643,1208-PF-LA-CMPE-GENRE,Laos,Full,XGBoost,2,0,0.0583573542535305,0
4217,RCN11644,1208-PF-LA-CMPE-GENRE,Laos,Full,XGBoost,2,0,0.019117016345262527,0
4218,RCN11645,1208-PF-LA-CMPE-GENRE,Laos,Full,XGBoost,2,0,0.05837941914796829,0
4219,RCN11646,1208-PF-LA-CMPE-GENRE,Laos,Full,XGBoost,2,0,0.021374497562646866,0
4220,RCN11647,1208-PF-LA-CMPE-GENRE,Laos,Full,XGBoost,2,0,0.016982046887278557,0
4221,RCN11648,1208-PF-LA-CMPE-GENRE,Laos,Full,XGBoost,2,0,0.055764004588127136,0
4222,RCN11649,1208-PF-LA-CMPE-GENRE,Laos,Full,XGBoost,2,0,0.055764004588127136,0
4223,RCN11650,1208-PF-LA-CMPE-GENRE,Laos,Full,XGBoost,2,0,0.061867307871580124,0
4224,RCN11651,1208-PF-LA-CMPE-GENRE,Laos,Full,XGBoost,2,0,0.016982046887278557,0
4225,RCN11652,1208-PF-LA-CMPE-GENRE,Laos,Full,XGBoost,2,0,0.017852818593382835,0
4226,RCN11653,1208-PF-LA-CMPE-GENRE,Laos,Full,XGBoost,2,0,0.01069406047463417,0
4227,RCN11654,1208-PF-LA-CMPE-GENRE,Laos,Full,XGBoost,2,0,0.058505039662122726,0
4228,RCN11655,1208-PF-LA-CMPE-GENRE,Laos,Full,XGBoost,2,0,0.016982046887278557,0
4229,RCN11658,1208-PF-LA-CMPE-GENRE,Laos,Full,XGBoost,2,0,0.030951466411352158,0
4230,RCN11660,1208-PF-LA-CMPE-GENRE,Laos,Full,XGBoost,2,0,0.030951466411352158,0
4231,RCN11661,1208-PF-LA-CMPE-GENRE,Laos,Full,XGBoost,2,0,0.05916028097271919,0
4232,RCN11662,1208-PF-LA-CMPE-GENRE,Laos,Full,XGBoost,2,0,0.03347991779446602,0
4233,RCN11663,1208-PF-LA-CMPE-GENRE,Laos,Full,XGBoost,2,0,0.017695598304271698,0
4234,RCN11664,1208-PF-LA-CMPE-GENRE,Laos,Full,XGBoost,2,0,0.017695598304271698,0
4235,RCN11665,1208-PF-LA-CMPE-GENRE,Laos,Full,XGBoost,2,0,0.07274781167507172,0
4236,RCN11666,1208-PF-LA-CMPE-GENRE,Laos,Full,XGBoost,2,0,0.05837941914796829,0
4237,RCN11667,1208-PF-LA-CMPE-GENRE,Laos,Full,XGBoost,2,0,0.006149097811430693,0
4238,RCN11668,1208-PF-LA-CMPE-GENRE,Laos,Full,XGBoost,2,0,0.07289295643568039,0
4239,RCN11669,1208-PF-LA-CMPE-GENRE,Laos,Full,XGBoost,2,0,0.07928857952356339,0
4240,RCN11670,1208-PF-LA-CMPE-GENRE,Laos,Full,XGBoost,2,0,0.016982046887278557,0
4241,RCN11671,1208-PF-LA-CMPE-GENRE,Laos,Full,XGBoost,2,0,0.017050862312316895,0
4242,RCN11672,1208-PF-LA-CMPE-GENRE,Laos,Full,XGBoost,2,0,0.017852818593382835,0
4243,RCN11673,1208-PF-LA-CMPE-GENRE,Laos,Full,XGBoost,2,0,0.006149097811430693,0
4244,RCN11674,1208-PF-LA-CMPE-GENRE,Laos,Full,XGBoost,2,0,0.022185949608683586,0
4245,RCN11675,1208-PF-LA-CMPE-GENRE,Laos,Full,XGBoost,2,0,0.009009050205349922,0
4246,RCN11676,1208-PF-LA-CMPE-GENRE,Laos,Full,XGBoost,2,0,0.05358488857746124,0
4247,RCN11677,1208-PF-LA-CMPE-GENRE,Laos,Full,XGBoost,2,0,0.016292281448841095,0
4248,RCN11678,1208-PF-LA-CMPE-GENRE,Laos,Full,XGBoost,2,0,0.024345306679606438,0
4249,RCN11679,1208-PF-LA-CMPE-GENRE,Laos,Full,XGBoost,2,0,0.024345306679606438,0
4250,RCN11680,1208-PF-LA-CMPE-GENRE,Laos,Full,XGBoost,2,0,0.016982046887278557,0
4251,RCN11681,1208-PF-LA-CMPE-GENRE,Laos,Full,XGBoost,2,0,0.007986909709870815,0
4252,RCN11682,1208-PF-LA-CMPE-GENRE,Laos,Full,XGBoost,2,0,0.015504863113164902,0
4253,RCN11684,1208-PF-LA-CMPE-GENRE,Laos,Full,XGBoost,2,0,0.025791943073272705,0
4254,RCN11685,1208-PF-LA-CMPE-GENRE,Laos,Full,XGBoost,2,0,0.007986909709870815,0
4255,RCN11687,1208-PF-LA-CMPE-GENRE,Laos,Full,XGBoost,2,0,0.014904480427503586,0
4256,RCN11688,1208-PF-LA-CMPE-GENRE,Laos,Full,XGBoost,2,0,0.007986909709870815,0
4257,RCN11689,1208-PF-LA-CMPE-GENRE,Laos,Full,XGBoost,2,0,0.008176540955901146,0
4258,RCN11691,1208-PF-LA-CMPE-GENRE,Laos,Full,XGBoost,2,0,0.007986909709870815,0
4259,RCN11692,1208-PF-LA-CMPE-GENRE,Laos,Full,XGBoost,2,0,0.07274781167507172,0
4260,RCN11693,1208-PF-LA-CMPE-GENRE,Laos,Full,XGBoost,2,0,0.014302208088338375,0
4261,RCN11694,1208-PF-LA-CMPE-GENRE,Laos,Full,XGBoost,2,0,0.02196637913584709,0
4262,RCN11695,1208-PF-LA-CMPE-GENRE,Laos,Full,XGBoost,2,0,0.010264183394610882,0
4263,RCN11696,1208-PF-LA-CMPE-GENRE,Laos,Full,XGBoost,2,0,0.016600431874394417,0
4264,RCN11699,1208-PF-LA-CMPE-GENRE,Laos,Full,XGBoost,2,0,0.016982046887278557,0
4265,RCN11700,1208-PF-LA-CMPE-GENRE,Laos,Full,XGBoost,2,0,0.0068071805872023106,0
4266,RCN11701,1208-PF-LA-CMPE-GENRE,Laos,Full,XGBoost,2,0,0.017852818593382835,0
4267,RCN11702,1208-PF-LA-CMPE-GENRE,Laos,Full,XGBoost,2,0,0.016982046887278557,0
4268,RCN11703,1208-PF-LA-CMPE-GENRE,Laos,Full,XGBoost,2,0,0.055764004588127136,0
4269,RCN11704,1208-PF-LA-CMPE-GENRE,Laos,Full,XGBoost,2,0,0.016982046887278557,0
4270,RCN11706,1208-PF-LA-CMPE-GENRE,Laos,Full,XGBoost,2,0,0.016982046887278557,0
4271,RCN11707,1208-PF-LA-CMPE-GENRE,Laos,Full,XGBoost,2,0,0.024345306679606438,0
4272,RCN11708,1208-PF-LA-CMPE-GENRE,Laos,Full,XGBoost,2,0,0.07289295643568039,0
4273,RCN11709,1208-PF-LA-CMPE-GENRE,Laos,Full,XGBoost,2,0,0.007152152247726917,0
4274,RCN11710,1208-PF-LA-CMPE-GENRE,Laos,Full,XGBoost,2,0,0.05543716996908188,0
4275,RCN11711,1208-PF-LA-CMPE-GENRE,Laos,Full,XGBoost,2,0,0.02089150995016098,0
4276,RCN11712,1208-PF-LA-CMPE-GENRE,Laos,Full,XGBoost,2,0,0.016153600066900253,0
4277,RCN11713,1208-PF-LA-CMPE-GENRE,Laos,Full,XGBoost,2,0,0.007152152247726917,0
4278,RCN11714,1208-PF-LA-CMPE-GENRE,Laos,Full,XGBoost,2,0,0.05786070600152016,0
4279,RCN11715,1208-PF-LA-CMPE-GENRE,Laos,Full,XGBoost,2,0,0.06967544555664062,0
4280,RCN11716,1208-PF-LA-CMPE-GENRE,Laos,Full,XGBoost,2,0,0.015073484741151333,0
4281,RCN11722,1208-PF-LA-CMPE-GENRE,Laos,Full,XGBoost,2,0,0.018544116988778114,0
4282,RCN11723,1208-PF-LA-CMPE-GENRE,Laos,Full,XGBoost,2,0,0.018544116988778114,0
4283,RCN11725,1208-PF-LA-CMPE-GENRE,Laos,Full,XGBoost,2,0,0.015391514636576176,0
4284,RCN11726,1208-PF-LA-CMPE-GENRE,Laos,Full,XGBoost,2,0,0.060422446578741074,0
4285,RCN11727,1208-PF-LA-CMPE-GENRE,Laos,Full,XGBoost,2,0,0.060422446578741074,0
4286,RCN11730,1208-PF-LA-CMPE-GENRE,Laos,Full,XGBoost,2,0,0.05543716996908188,0
4287,RCN11731,1208-PF-LA-CMPE-GENRE,Laos,Full,XGBoost,2,0,0.05837941914796829,0
4288,RCN11732,1208-PF-LA-CMPE-GENRE,Laos,Full,XGBoost,2,0,0.055764004588127136,0
4289,RCN11740,1208-PF-LA-CMPE-GENRE,Laos,Full,XGBoost,2,0,0.018984731286764145,0
4290,RCN11741,1208-PF-LA-CMPE-GENRE,Laos,Full,XGBoost,2,0,0.014488505199551582,0
4291,RCN11742,1208-PF-LA-CMPE-GENRE,Laos,Full,XGBoost,2,0,0.017100835219025612,0
4292,RCN11743,1208-PF-LA-CMPE-GENRE,Laos,Full,XGBoost,2,0,0.013949531130492687,0
4293,RCN11747,1208-PF-LA-CMPE-GENRE,Laos,Full,XGBoost,2,1,0.4451517164707184,0
4294,RCN11748,1208-PF-LA-CMPE-GENRE,Laos,Full,XGBoost,2,1,0.41517937183380127,0
4295,RCN11749,1208-PF-LA-CMPE-GENRE,Laos,Full,XGBoost,2,1,0.4168771803379059,0
4296,RCN11751,1208-PF-LA-CMPE-GENRE,Laos,Full,XGBoost,2,1,0.44838207960128784,0
4297,RCN11752,1208-PF-LA-CMPE-GENRE,Laos,Full,XGBoost,2,1,0.35081323981285095,0
4298,RCN11754,1208-PF-LA-CMPE-GENRE,Laos,Full,XGBoost,2,0,0.05837941914796829,0
4299,RCN11755,1208-PF-LA-CMPE-GENRE,Laos,Full,XGBoost,2,0,0.017606375738978386,0
4300,RCN11756,1208-PF-LA-CMPE-GENRE,Laos,Full,XGBoost,2,0,0.05837941914796829,0
4301,RCN11758,1208-PF-LA-CMPE-GENRE,Laos,Full,XGBoost,2,0,0.055764004588127136,0
4302,RCN11759,1208-PF-LA-CMPE-GENRE,Laos,Full,XGBoost,2,0,0.058505039662122726,0
4303,RCN11760,1208-PF-LA-CMPE-GENRE,Laos,Full,XGBoost,2,0,0.019226722419261932,0
4304,RCN11761,1208-PF-LA-CMPE-GENRE,Laos,Full,XGBoost,2,0,0.03413945063948631,0
4305,RCN11762,1208-PF-LA-CMPE-GENRE,Laos,Full,XGBoost,2,0,0.055764004588127136,0
4306,RCN11764,1208-PF-LA-CMPE-GENRE,Laos,Full,XGBoost,2,0,0.3470214009284973,0
4307,RCN11765,1208-PF-LA-CMPE-GENRE,Laos,Full,XGBoost,2,1,0.8879063725471497,1
4308,RCN11766,1208-PF-LA-CMPE-GENRE,Laos,Full,XGBoost,2,1,0.8194765448570251,1
4309,RCN11767,1208-PF-LA-CMPE-GENRE,Laos,Full,XGBoost,2,0,0.0564865879714489,0
4310,RCN11768,1208-PF-LA-CMPE-GENRE,Laos,Full,XGBoost,2,0,0.020522059872746468,0
4311,RCN11769,1208-PF-LA-CMPE-GENRE,Laos,Full,XGBoost,2,1,0.8194765448570251,1
4312,RCN11770,1208-PF-LA-CMPE-GENRE,Laos,Full,XGBoost,2,1,0.8143752813339233,1
4313,RCN11771,1208-PF-LA-CMPE-GENRE,Laos,Full,XGBoost,2,1,0.8194765448570251,1
4314,RCN11772,1208-PF-LA-CMPE-GENRE,Laos,Full,XGBoost,2,1,0.5434801578521729,1
4315,RCN11773,1208-PF-LA-CMPE-GENRE,Laos,Full,XGBoost,2,1,0.41517937183380127,0
4316,RCN11774,1208-PF-LA-CMPE-GENRE,Laos,Full,XGBoost,2,1,0.40859952569007874,0
4317,RCN11776,1208-PF-LA-CMPE-GENRE,Laos,Full,XGBoost,2,1,0.4451517164707184,0
4318,RCN11777,1208-PF-LA-CMPE-GENRE,Laos,Full,XGBoost,2,0,0.05837941914796829,0
4319,RCN11778,1208-PF-LA-CMPE-GENRE,Laos,Full,XGBoost,2,0,0.03270992636680603,0
4320,RCN11779,1208-PF-LA-CMPE-GENRE,Laos,Full,XGBoost,2,0,0.035422343760728836,0
4321,RCN11780,1208-PF-LA-CMPE-GENRE,Laos,Full,XGBoost,2,0,0.034186653792858124,0
4322,RCN11781,1208-PF-LA-CMPE-GENRE,Laos,Full,XGBoost,2,0,0.019521959125995636,0
4323,RCN11782,1208-PF-LA-CMPE-GENRE,Laos,Full,XGBoost,2,0,0.33004969358444214,0
4324,RCN11783,1208-PF-LA-CMPE-GENRE,Laos,Full,XGBoost,2,0,0.017672544345259666,0
4325,RCN11784,1208-PF-LA-CMPE-GENRE,Laos,Full,XGBoost,2,1,0.013014841824769974,0
4326,RCN11786,1208-PF-LA-CMPE-GENRE,Laos,Full,XGBoost,2,0,0.055764004588127136,0
4327,RCN11787,1208-PF-LA-CMPE-GENRE,Laos,Full,XGBoost,2,0,0.05804797634482384,0
4328,RCN11789,1208-PF-LA-CMPE-GENRE,Laos,Full,XGBoost,2,0,0.007152152247726917,0
4329,RCN11790,1208-PF-LA-CMPE-GENRE,Laos,Full,XGBoost,2,0,0.055764004588127136,0
4330,RCN11792,1208-PF-LA-CMPE-GENRE,Laos,Full,XGBoost,2,0,0.290297269821167,0
4331,RCN11793,1208-PF-LA-CMPE-GENRE,Laos,Full,XGBoost,2,0,0.018925774842500687,0
4332,RCN11795,1208-PF-LA-CMPE-GENRE,Laos,Full,XGBoost,2,0,0.022434819489717484,0
4333,RCN11796,1208-PF-LA-CMPE-GENRE,Laos,Full,XGBoost,2,1,0.014576947316527367,0
4334,RCN11797,1208-PF-LA-CMPE-GENRE,Laos,Full,XGBoost,2,0,0.017100835219025612,0
4335,RCN11798,1208-PF-LA-CMPE-GENRE,Laos,Full,XGBoost,2,0,0.07274781167507172,0
4336,RCN11799,1208-PF-LA-CMPE-GENRE,Laos,Full,XGBoost,2,1,0.014576947316527367,0
4337,RCN11800,1208-PF-LA-CMPE-GENRE,Laos,Full,XGBoost,2,0,0.04583781957626343,0
4338,RCN11801,1208-PF-LA-CMPE-GENRE,Laos,Full,XGBoost,2,0,0.3198982775211334,0
4339,RCN11802,1208-PF-LA-CMPE-GENRE,Laos,Full,XGBoost,2,0,0.46903297305107117,0
4340,RCN11803,1208-PF-LA-CMPE-GENRE,Laos,Full,XGBoost,2,1,0.015385922975838184,0
4341,RCN11804,1208-PF-LA-CMPE-GENRE,Laos,Full,XGBoost,2,1,0.008332873694598675,0
4342,RCN11805,1208-PF-LA-CMPE-GENRE,Laos,Full,XGBoost,2,0,0.017050862312316895,0
4343,RCN11806,1208-PF-LA-CMPE-GENRE,Laos,Full,XGBoost,2,0,0.010731800459325314,0
4344,RCN11807,1208-PF-LA-CMPE-GENRE,Laos,Full,XGBoost,2,0,0.005227018613368273,0
4345,RCN11808,1208-PF-LA-CMPE-GENRE,Laos,Full,XGBoost,2,0,0.01678503304719925,0
4346,RCN11809,1208-PF-LA-CMPE-GENRE,Laos,Full,XGBoost,2,0,0.005578395910561085,0
4347,RCN11810,1208-PF-LA-CMPE-GENRE,Laos,Full,XGBoost,2,0,0.0052151610143482685,0
4348,RCN11811,1208-PF-LA-CMPE-GENRE,Laos,Full,XGBoost,2,0,0.003907274454832077,0
4349,RCN11812,1208-PF-LA-CMPE-GENRE,Laos,Full,XGBoost,2,0,0.016982046887278557,0
4350,RCN11813,1208-PF-LA-CMPE-GENRE,Laos,Full,XGBoost,2,1,0.8119736909866333,1
4351,RCN11816,1208-PF-LA-CMPE-GENRE,Laos,Full,XGBoost,2,1,0.819537878036499,1
4352,RCN11817,1208-PF-LA-CMPE-GENRE,Laos,Full,XGBoost,2,1,0.819537878036499,1
4353,RCN11819,1208-PF-LA-CMPE-GENRE,Laos,Full,XGBoost,2,0,0.021721379831433296,0
4354,RCN11820,1208-PF-LA-CMPE-GENRE,Laos,Full,XGBoost,2,0,0.017243770882487297,0
4355,RCN11822,1208-PF-LA-CMPE-GENRE,Laos,Full,XGBoost,2,1,0.8035449385643005,1
4356,RCN11823,1208-PF-LA-CMPE-GENRE,Laos,Full,XGBoost,2,1,0.7974417805671692,1
4357,RCN11824,1208-PF-LA-CMPE-GENRE,Laos,Full,XGBoost,2,1,0.7627272605895996,1
4358,RCN11827,1208-PF-LA-CMPE-GENRE,Laos,Full,XGBoost,2,1,0.817423403263092,1
4359,RCN11828,1208-PF-LA-CMPE-GENRE,Laos,Full,XGBoost,2,1,0.819537878036499,1
4360,RCN11829,1208-PF-LA-CMPE-GENRE,Laos,Full,XGBoost,2,0,0.009593219496309757,0
4361,RCN11830,1208-PF-LA-CMPE-GENRE,Laos,Full,XGBoost,2,1,0.9986836314201355,1
4362,RCN11831,1208-PF-LA-CMPE-GENRE,Laos,Full,XGBoost,2,1,0.9989588260650635,1
4363,RCN11833,1208-PF-LA-CMPE-GENRE,Laos,Full,XGBoost,2,0,0.8203707933425903,1
4364,RCN11834,1208-PF-LA-CMPE-GENRE,Laos,Full,XGBoost,2,1,0.3304728865623474,0
4365,RCN11835,1208-PF-LA-CMPE-GENRE,Laos,Full,XGBoost,2,0,0.12397308647632599,0
4366,RCN11836,1208-PF-LA-CMPE-GENRE,Laos,Full,XGBoost,2,1,0.6830384135246277,1
4367,RCN11837,1208-PF-LA-CMPE-GENRE,Laos,Full,XGBoost,2,1,0.6689701080322266,1
4368,RCN11839,1208-PF-LA-CMPE-GENRE,Laos,Full,XGBoost,2,1,0.9914905428886414,1
4369,RCN11840,1208-PF-LA-CMPE-GENRE,Laos,Full,XGBoost,2,1,0.9803388714790344,1
4370,RCN11841,1208-PF-LA-CMPE-GENRE,Laos,Full,XGBoost,2,1,0.8405523896217346,1
4371,RCN11843,1208-PF-LA-CMPE-GENRE,Laos,Full,XGBoost,2,0,0.19667217135429382,0
4372,RCN11844,1208-PF-LA-CMPE-GENRE,Laos,Full,XGBoost,2,0,0.17036546766757965,0
4373,RCN11845,1208-PF-LA-CMPE-GENRE,Laos,Full,XGBoost,2,1,0.9971325397491455,1
4374,RCN11847,1208-PF-LA-CMPE-GENRE,Laos,Full,XGBoost,2,1,0.3851099908351898,0
4375,RCN11848,1208-PF-LA-CMPE-GENRE,Laos,Full,XGBoost,2,0,0.02883162908256054,0
4376,RCN11849,1208-PF-LA-CMPE-GENRE,Laos,Full,XGBoost,2,0,0.1680172234773636,0
4377,RCN11850,1208-PF-LA-CMPE-GENRE,Laos,Full,XGBoost,2,1,0.9964820146560669,1
4378,RCN11852,1208-PF-LA-CMPE-GENRE,Laos,Full,XGBoost,2,1,0.9678072929382324,1
4379,RCN11854,1208-PF-LA-CMPE-GENRE,Laos,Full,XGBoost,2,1,0.9972882270812988,1
4380,RCN11855,1208-PF-LA-CMPE-GENRE,Laos,Full,XGBoost,2,1,0.9333888292312622,1
4381,RCN11856,1208-PF-LA-CMPE-GENRE,Laos,Full,XGBoost,2,1,0.9962741136550903,1
4382,RCN11859,1208-PF-LA-CMPE-GENRE,Laos,Full,XGBoost,2,1,0.9974935054779053,1
4383,RCN11862,1208-PF-LA-CMPE-GENRE,Laos,Full,XGBoost,2,1,0.9986836314201355,1
4384,RCN11863,1208-PF-LA-CMPE-GENRE,Laos,Full,XGBoost,2,1,0.9974615573883057,1
4385,RCN11864,1208-PF-LA-CMPE-GENRE,Laos,Full,XGBoost,2,1,0.9974935054779053,1
4386,RCN11865,1208-PF-LA-CMPE-GENRE,Laos,Full,XGBoost,2,1,0.9971561431884766,1
4387,RCN11866,1208-PF-LA-CMPE-GENRE,Laos,Full,XGBoost,2,1,0.9972936511039734,1
4388,RCN11868,1208-PF-LA-CMPE-GENRE,Laos,Full,XGBoost,2,0,0.45147910714149475,0
4389,RCN11869,1208-PF-LA-CMPE-GENRE,Laos,Full,XGBoost,2,1,0.9969881176948547,1
4390,RCN11870,1208-PF-LA-CMPE-GENRE,Laos,Full,XGBoost,2,1,0.99714595079422,1
4391,RCN11871,1208-PF-LA-CMPE-GENRE,Laos,Full,XGBoost,2,1,0.9987518787384033,1
4392,RCN11872,1208-PF-LA-CMPE-GENRE,Laos,Full,XGBoost,2,1,0.9972936511039734,1
4393,RCN11873,1208-PF-LA-CMPE-GENRE,Laos,Full,XGBoost,2,1,0.9974615573883057,1
4394,RCN11874,1208-PF-LA-CMPE-GENRE,Laos,Full,XGBoost,2,1,0.9959641695022583,1
4395,RCN11875,1208-PF-LA-CMPE-GENRE,Laos,Full,XGBoost,2,1,0.9990389347076416,1
4396,RCN11876,1208-PF-LA-CMPE-GENRE,Laos,Full,XGBoost,2,1,0.9961591958999634,1
4397,RCN11877,1208-PF-LA-CMPE-GENRE,Laos,Full,XGBoost,2,1,0.9967126846313477,1
4398,RCN11878,1208-PF-LA-CMPE-GENRE,Laos,Full,XGBoost,2,1,0.9986836314201355,1
4399,RCN11879,1208-PF-LA-CMPE-GENRE,Laos,Full,XGBoost,2,0,0.966840386390686,1
4400,RCN11880,1208-PF-LA-CMPE-GENRE,Laos,Full,XGBoost,2,1,0.5594512224197388,1
4401,RCN11881,1208-PF-LA-CMPE-GENRE,Laos,Full,XGBoost,2,0,0.020617729052901268,0
4402,RCN11882,1208-PF-LA-CMPE-GENRE,Laos,Full,XGBoost,2,1,0.9964616894721985,1
4403,RCN11883,1208-PF-LA-CMPE-GENRE,Laos,Full,XGBoost,2,1,0.9973942041397095,1
4404,RCN11884,1208-PF-LA-CMPE-GENRE,Laos,Full,XGBoost,2,0,0.10294835269451141,0
4405,RCN11885,1208-PF-LA-CMPE-GENRE,Laos,Full,XGBoost,2,1,0.9803388714790344,1
4406,RCN11886,1208-PF-LA-CMPE-GENRE,Laos,Full,XGBoost,2,0,0.19877290725708008,0
4407,RCN11887,1208-PF-LA-CMPE-GENRE,Laos,Full,XGBoost,2,0,0.10903066396713257,0
4408,RCN11888,1208-PF-LA-CMPE-GENRE,Laos,Full,XGBoost,2,1,0.9203212857246399,1
4409,RCN11889,1208-PF-LA-CMPE-GENRE,Laos,Full,XGBoost,2,0,0.01113806664943695,0
4410,RCN11890,1208-PF-LA-CMPE-GENRE,Laos,Full,XGBoost,2,1,0.9975838661193848,1
4411,RCN11891,1208-PF-LA-CMPE-GENRE,Laos,Full,XGBoost,2,1,0.9987218976020813,1
4412,RCN11892,1208-PF-LA-CMPE-GENRE,Laos,Full,XGBoost,2,1,0.9990338087081909,1
4413,RCN11893,1208-PF-LA-CMPE-GENRE,Laos,Full,XGBoost,2,1,0.7284720540046692,1
4414,RCN11895,1208-PF-LA-CMPE-GENRE,Laos,Full,XGBoost,2,1,0.9988681077957153,1
4415,RCN11896,1208-PF-LA-CMPE-GENRE,Laos,Full,XGBoost,2,1,0.9015924334526062,1
4416,RCN11897,1208-PF-LA-CMPE-GENRE,Laos,Full,XGBoost,2,0,0.048471562564373016,0
4417,RCN11898,1208-PF-LA-CMPE-GENRE,Laos,Full,XGBoost,2,0,0.058737173676490784,0
4418,RCN11899,1208-PF-LA-CMPE-GENRE,Laos,Full,XGBoost,2,0,0.07200241833925247,0
4419,RCN11900,1208-PF-LA-CMPE-GENRE,Laos,Full,XGBoost,2,1,0.8699620962142944,1
4420,RCN11901,1208-PF-LA-CMPE-GENRE,Laos,Full,XGBoost,2,0,0.06206132471561432,0
4421,RCN11903,1208-PF-LA-CMPE-GENRE,Laos,Full,XGBoost,2,1,0.9974615573883057,1
4422,RCN11904,1208-PF-LA-CMPE-GENRE,Laos,Full,XGBoost,2,0,0.06206132471561432,0
4423,RCN11905,1208-PF-LA-CMPE-GENRE,Laos,Full,XGBoost,2,0,0.07062727957963943,0
4424,RCN11906,1208-PF-LA-CMPE-GENRE,Laos,Full,XGBoost,2,1,0.9015924334526062,1
4425,RCN11907,1208-PF-LA-CMPE-GENRE,Laos,Full,XGBoost,2,0,0.030199453234672546,0
4426,RCN11908,1208-PF-LA-CMPE-GENRE,Laos,Full,XGBoost,2,0,0.03380706161260605,0
4427,RCN11909,1208-PF-LA-CMPE-GENRE,Laos,Full,XGBoost,2,1,0.9015924334526062,1
4428,RCN11910,1208-PF-LA-CMPE-GENRE,Laos,Full,XGBoost,2,0,0.030199453234672546,0
4429,RCN11913,1208-PF-LA-CMPE-GENRE,Laos,Full,XGBoost,2,1,0.09498925507068634,0
4430,RCN11914,1208-PF-LA-CMPE-GENRE,Laos,Full,XGBoost,2,0,0.09528277069330215,0
4431,RCN11915,1208-PF-LA-CMPE-GENRE,Laos,Full,XGBoost,2,1,0.9986107349395752,1
4432,RCN11916,1208-PF-LA-CMPE-GENRE,Laos,Full,XGBoost,2,1,0.9986095428466797,1
4433,RCN11917,1208-PF-LA-CMPE-GENRE,Laos,Full,XGBoost,2,0,0.3399103283882141,0
4434,RCN11918,1208-PF-LA-CMPE-GENRE,Laos,Full,XGBoost,2,1,0.9974615573883057,1
4435,RCN11919,1208-PF-LA-CMPE-GENRE,Laos,Full,XGBoost,2,1,0.9972063899040222,1
4436,RCN11920,1208-PF-LA-CMPE-GENRE,Laos,Full,XGBoost,2,0,0.04485655575990677,0
4437,RCN11921,1208-PF-LA-CMPE-GENRE,Laos,Full,XGBoost,2,0,0.00817137211561203,0
4438,RCN11922,1208-PF-LA-CMPE-GENRE,Laos,Full,XGBoost,2,1,0.998137354850769,1
4439,RCN11923,1208-PF-LA-CMPE-GENRE,Laos,Full,XGBoost,2,0,0.18073594570159912,0
4440,RCN11924,1208-PF-LA-CMPE-GENRE,Laos,Full,XGBoost,2,1,0.9948269724845886,1
4441,RCN11925,1208-PF-LA-CMPE-GENRE,Laos,Full,XGBoost,2,0,0.11297659575939178,0
4442,RCN11926,1208-PF-LA-CMPE-GENRE,Laos,Full,XGBoost,2,1,0.9055664539337158,1
4443,RCN11927,1208-PF-LA-CMPE-GENRE,Laos,Full,XGBoost,2,0,0.4217585623264313,0
4444,RCN11928,1208-PF-LA-CMPE-GENRE,Laos,Full,XGBoost,2,1,0.9974935054779053,1
4445,RCN11929,1208-PF-LA-CMPE-GENRE,Laos,Full,XGBoost,2,1,0.9960055947303772,1
4446,RCN11930,1208-PF-LA-CMPE-GENRE,Laos,Full,XGBoost,2,0,0.8203707933425903,1
4447,RCN11931,1208-PF-LA-CMPE-GENRE,Laos,Full,XGBoost,2,0,0.8203707933425903,1
4448,RCN11933,1208-PF-LA-CMPE-GENRE,Laos,Full,XGBoost,2,1,0.9969881176948547,1
4449,RCN11936,1208-PF-LA-CMPE-GENRE,Laos,Full,XGBoost,2,1,0.9956730008125305,1
4450,RCN11937,1208-PF-LA-CMPE-GENRE,Laos,Full,XGBoost,2,0,0.0151264863088727,0
4451,RCN11939,1208-PF-LA-CMPE-GENRE,Laos,Full,XGBoost,2,1,0.9957931041717529,1
4452,RCN11940,1208-PF-LA-CMPE-GENRE,Laos,Full,XGBoost,2,1,0.9986836314201355,1
4883,RCN13263,1208-PF-LA-CMPE-GENRE,Laos,Full,XGBoost,2,0,0.003088900353759527,0
4884,RCN13264,1208-PF-LA-CMPE-GENRE,Laos,Full,XGBoost,2,0,0.0030305711552500725,0
4885,RCN13265,1208-PF-LA-CMPE-GENRE,Laos,Full,XGBoost,2,0,0.02739427052438259,0
4886,RCN13266,1208-PF-LA-CMPE-GENRE,Laos,Full,XGBoost,2,0,0.009808631613850594,0
4887,RCN13267,1208-PF-LA-CMPE-GENRE,Laos,Full,XGBoost,2,0,0.01489900704473257,0
4888,RCN13268,1208-PF-LA-CMPE-GENRE,Laos,Full,XGBoost,2,0,0.2501510977745056,0
4889,RCN13269,1208-PF-LA-CMPE-GENRE,Laos,Full,XGBoost,2,0,0.017674896866083145,0
4890,RCN13270,1208-PF-LA-CMPE-GENRE,Laos,Full,XGBoost,2,0,0.0030305711552500725,0
4891,RCN13271,1208-PF-LA-CMPE-GENRE,Laos,Full,XGBoost,2,0,0.016500622034072876,0
4892,RCN13272,1208-PF-LA-CMPE-GENRE,Laos,Full,XGBoost,2,0,0.01807093620300293,0
4893,RCN13273,1208-PF-LA-CMPE-GENRE,Laos,Full,XGBoost,2,0,0.01726473681628704,0
4894,RCN13274,1208-PF-LA-CMPE-GENRE,Laos,Full,XGBoost,2,0,0.017606375738978386,0
4895,RCN13275,1208-PF-LA-CMPE-GENRE,Laos,Full,XGBoost,2,0,0.01807093620300293,0
4896,RCN13276,1208-PF-LA-CMPE-GENRE,Laos,Full,XGBoost,2,0,0.017606375738978386,0
4897,RCN13277,1208-PF-LA-CMPE-GENRE,Laos,Full,XGBoost,2,0,0.016500622034072876,0
4898,RCN13278,1208-PF-LA-CMPE-GENRE,Laos,Full,XGBoost,2,0,0.016500622034072876,0
4899,RCN13279,1208-PF-LA-CMPE-GENRE,Laos,Full,XGBoost,2,0,0.022176016122102737,0
4900,RCN13280,1208-PF-LA-CMPE-GENRE,Laos,Full,XGBoost,2,0,0.01807093620300293,0
4901,RCN13281,1208-PF-LA-CMPE-GENRE,Laos,Full,XGBoost,2,0,0.016500622034072876,0
4902,RCN13282,1208-PF-LA-CMPE-GENRE,Laos,Full,XGBoost,2,0,0.016682622954249382,0
4903,RCN13283,1208-PF-LA-CMPE-GENRE,Laos,Full,XGBoost,2,0,0.0044118911027908325,0
4904,RCN13284,1208-PF-LA-CMPE-GENRE,Laos,Full,XGBoost,2,0,0.004744447767734528,0
4905,RCN13285,1208-PF-LA-CMPE-GENRE,Laos,Full,XGBoost,2,0,0.017674896866083145,0
4906,RCN13286,1208-PF-LA-CMPE-GENRE,Laos,Full,XGBoost,2,0,0.016500622034072876,0
4907,RCN13287,1208-PF-LA-CMPE-GENRE,Laos,Full,XGBoost,2,0,0.004968952853232622,0
4908,RCN13288,1208-PF-LA-CMPE-GENRE,Laos,Full,XGBoost,2,0,0.01807093620300293,0
4909,RCN13289,1208-PF-LA-CMPE-GENRE,Laos,Full,XGBoost,2,0,0.01678503304719925,0
4910,RCN13290,1208-PF-LA-CMPE-GENRE,Laos,Full,XGBoost,2,0,0.01807093620300293,0
4911,RCN13291,1208-PF-LA-CMPE-GENRE,Laos,Full,XGBoost,2,0,0.015449751168489456,0
4912,RCN13292,1208-PF-LA-CMPE-GENRE,Laos,Full,XGBoost,2,0,0.004968952853232622,0
4913,RCN13293,1208-PF-LA-CMPE-GENRE,Laos,Full,XGBoost,2,0,0.005323855672031641,0
4914,RCN13294,1208-PF-LA-CMPE-GENRE,Laos,Full,XGBoost,2,0,0.005323855672031641,0
4915,RCN13295,1208-PF-LA-CMPE-GENRE,Laos,Full,XGBoost,2,0,0.005941280163824558,0
4916,RCN13296,1208-PF-LA-CMPE-GENRE,Laos,Full,XGBoost,2,0,0.018706675618886948,0
4917,RCN13297,1208-PF-LA-CMPE-GENRE,Laos,Full,XGBoost,2,0,0.005290994420647621,0
4918,RCN13298,1208-PF-LA-CMPE-GENRE,Laos,Full,XGBoost,2,0,0.005323855672031641,0
4919,RCN13299,1208-PF-LA-CMPE-GENRE,Laos,Full,XGBoost,2,0,0.0056002503260970116,0
4920,RCN13300,1208-PF-LA-CMPE-GENRE,Laos,Full,XGBoost,2,0,0.005323855672031641,0
4921,RCN13301,1208-PF-LA-CMPE-GENRE,Laos,Full,XGBoost,2,0,0.018265457823872566,0
4922,RCN13302,1208-PF-LA-CMPE-GENRE,Laos,Full,XGBoost,2,0,0.017606375738978386,0
4923,RCN13303,1208-PF-LA-CMPE-GENRE,Laos,Full,XGBoost,2,0,0.01678503304719925,0
4924,RCN13304,1208-PF-LA-CMPE-GENRE,Laos,Full,XGBoost,2,0,0.017962591722607613,0
4925,RCN13305,1208-PF-LA-CMPE-GENRE,Laos,Full,XGBoost,2,0,0.017606375738978386,0
4926,RCN13306,1208-PF-LA-CMPE-GENRE,Laos,Full,XGBoost,2,0,0.016682622954249382,0
4927,RCN13307,1208-PF-LA-CMPE-GENRE,Laos,Full,XGBoost,2,0,0.012610573321580887,0
4928,RCN13308,1208-PF-LA-CMPE-GENRE,Laos,Full,XGBoost,2,0,0.017645910382270813,0
4929,RCN13309,1208-PF-LA-CMPE-GENRE,Laos,Full,XGBoost,2,0,0.01678503304719925,0
4930,RCN13310,1208-PF-LA-CMPE-GENRE,Laos,Full,XGBoost,2,0,0.01678503304719925,0
4931,RCN13311,1208-PF-LA-CMPE-GENRE,Laos,Full,XGBoost,2,0,0.002654094249010086,0
4932,RCN13312,1208-PF-LA-CMPE-GENRE,Laos,Full,XGBoost,2,0,0.009572609327733517,0
4933,RCN13313,1208-PF-LA-CMPE-GENRE,Laos,Full,XGBoost,2,0,0.004968952853232622,0
4934,RCN13316,1208-PF-LA-CMPE-GENRE,Laos,Full,XGBoost,2,0,0.0052151610143482685,0
4935,RCN13319,1208-PF-LA-CMPE-GENRE,Laos,Full,XGBoost,2,0,0.011017388664186,0
4936,RCN13320,1208-PF-LA-CMPE-GENRE,Laos,Full,XGBoost,2,0,0.017645910382270813,0
4937,RCN13321,1208-PF-LA-CMPE-GENRE,Laos,Full,XGBoost,2,0,0.004293773788958788,0
4938,RCN13322,1208-PF-LA-CMPE-GENRE,Laos,Full,XGBoost,2,0,0.0031387244816869497,0
4939,RCN13323,1208-PF-LA-CMPE-GENRE,Laos,Full,XGBoost,2,0,0.0052151610143482685,0
4940,RCN13324,1208-PF-LA-CMPE-GENRE,Laos,Full,XGBoost,2,0,0.003635250963270664,0
4941,RCN13329,1208-PF-LA-CMPE-GENRE,Laos,Full,XGBoost,2,1,0.35081323981285095,0
4942,RCN13330,1208-PF-LA-CMPE-GENRE,Laos,Full,XGBoost,2,1,0.16186301410198212,0
4943,RCN13331,1208-PF-LA-CMPE-GENRE,Laos,Full,XGBoost,2,1,0.35081323981285095,0
4944,RCN13332,1208-PF-LA-CMPE-GENRE,Laos,Full,XGBoost,2,1,0.35081323981285095,0
4945,RCN13333,1208-PF-LA-CMPE-GENRE,Laos,Full,XGBoost,2,1,0.4719075560569763,0
4946,RCN13336,1208-PF-LA-CMPE-GENRE,Laos,Full,XGBoost,2,0,0.006590302102267742,0
4947,RCN13337,1208-PF-LA-CMPE-GENRE,Laos,Full,XGBoost,2,0,0.00709301233291626,0
4948,RCN13338,1208-PF-LA-CMPE-GENRE,Laos,Full,XGBoost,2,0,0.004968952853232622,0
4949,RCN13339,1208-PF-LA-CMPE-GENRE,Laos,Full,XGBoost,2,0,0.004968952853232622,0
4950,RCN13340,1208-PF-LA-CMPE-GENRE,Laos,Full,XGBoost,2,0,0.016682622954249382,0
4951,RCN13341,1208-PF-LA-CMPE-GENRE,Laos,Full,XGBoost,2,0,0.0036554518155753613,0
4952,RCN13342,1208-PF-LA-CMPE-GENRE,Laos,Full,XGBoost,2,0,0.012307682074606419,0
4953,RCN13343,1208-PF-LA-CMPE-GENRE,Laos,Full,XGBoost,2,0,0.004466785117983818,0
4954,RCN13344,1208-PF-LA-CMPE-GENRE,Laos,Full,XGBoost,2,0,0.004466785117983818,0
4955,RCN13345,1208-PF-LA-CMPE-GENRE,Laos,Full,XGBoost,2,0,0.017337726429104805,0
4956,RCN13346,1208-PF-LA-CMPE-GENRE,Laos,Full,XGBoost,2,0,0.004090636968612671,0
4957,RCN13347,1208-PF-LA-CMPE-GENRE,Laos,Full,XGBoost,2,0,0.0052151610143482685,0
4958,RCN13348,1208-PF-LA-CMPE-GENRE,Laos,Full,XGBoost,2,0,0.004764762241393328,0
4959,RCN13349,1208-PF-LA-CMPE-GENRE,Laos,Full,XGBoost,2,0,0.004375056829303503,0
4960,RCN13350,1208-PF-LA-CMPE-GENRE,Laos,Full,XGBoost,2,0,0.0049682739190757275,0
4961,RCN13351,1208-PF-LA-CMPE-GENRE,Laos,Full,XGBoost,2,0,0.007795193698257208,0
4962,RCN13352,1208-PF-LA-CMPE-GENRE,Laos,Full,XGBoost,2,0,0.013375502079725266,0
4963,RCN13353,1208-PF-LA-CMPE-GENRE,Laos,Full,XGBoost,2,0,0.005941280163824558,0
4964,RCN13354,1208-PF-LA-CMPE-GENRE,Laos,Full,XGBoost,2,0,0.006488475948572159,0
4965,RCN13355,1208-PF-LA-CMPE-GENRE,Laos,Full,XGBoost,2,0,0.005424709990620613,0
4966,RCN13356,1208-PF-LA-CMPE-GENRE,Laos,Full,XGBoost,2,0,0.017962591722607613,0
4967,RCN13357,1208-PF-LA-CMPE-GENRE,Laos,Full,XGBoost,2,0,0.0031205511186271906,0
4968,RCN13358,1208-PF-LA-CMPE-GENRE,Laos,Full,XGBoost,2,1,0.5616464018821716,1
4969,RCN13359,1208-PF-LA-CMPE-GENRE,Laos,Full,XGBoost,2,0,0.0067677926272153854,0
4970,RCN13360,1208-PF-LA-CMPE-GENRE,Laos,Full,XGBoost,2,0,0.0067677926272153854,0
4971,RCN13361,1208-PF-LA-CMPE-GENRE,Laos,Full,XGBoost,2,1,0.5578320622444153,1
4972,RCN13362,1208-PF-LA-CMPE-GENRE,Laos,Full,XGBoost,2,1,0.5369136929512024,1
4973,RCN13363,1208-PF-LA-CMPE-GENRE,Laos,Full,XGBoost,2,1,0.5578320622444153,1
4974,RCN13364,1208-PF-LA-CMPE-GENRE,Laos,Full,XGBoost,2,0,0.1176752895116806,0
4975,RCN13365,1208-PF-LA-CMPE-GENRE,Laos,Full,XGBoost,2,0,0.017606375738978386,0
4976,RCN13366,1208-PF-LA-CMPE-GENRE,Laos,Full,XGBoost,2,0,0.004090636968612671,0
4977,RCN13367,1208-PF-LA-CMPE-GENRE,Laos,Full,XGBoost,2,0,0.2728433907032013,0
4978,RCN13368,1208-PF-LA-CMPE-GENRE,Laos,Full,XGBoost,2,1,0.5679930448532104,1
4979,RCN13369,1208-PF-LA-CMPE-GENRE,Laos,Full,XGBoost,2,0,0.003825755324214697,0
4980,RCN13370,1208-PF-LA-CMPE-GENRE,Laos,Full,XGBoost,2,0,0.00940792728215456,0
4981,RCN13371,1208-PF-LA-CMPE-GENRE,Laos,Full,XGBoost,2,0,0.004284337162971497,0
4982,RCN13372,1208-PF-LA-CMPE-GENRE,Laos,Full,XGBoost,2,0,0.007775108329951763,0
4983,RCN13373,1208-PF-LA-CMPE-GENRE,Laos,Full,XGBoost,2,0,0.007775108329951763,0
4984,RCN13374,1208-PF-LA-CMPE-GENRE,Laos,Full,XGBoost,2,1,0.6253842711448669,1
4985,RCN13375,1208-PF-LA-CMPE-GENRE,Laos,Full,XGBoost,2,0,0.02699240669608116,0
4986,RCN13376,1208-PF-LA-CMPE-GENRE,Laos,Full,XGBoost,2,0,0.004014513920992613,0
4987,RCN13377,1208-PF-LA-CMPE-GENRE,Laos,Full,XGBoost,2,0,0.04523931443691254,0
4988,RCN13378,1208-PF-LA-CMPE-GENRE,Laos,Full,XGBoost,2,0,0.00627374229952693,0
4989,RCN13379,1208-PF-LA-CMPE-GENRE,Laos,Full,XGBoost,2,0,0.004576737526804209,0
4990,RCN13380,1208-PF-LA-CMPE-GENRE,Laos,Full,XGBoost,2,1,0.6169371008872986,1
4991,RCN13381,1208-PF-LA-CMPE-GENRE,Laos,Full,XGBoost,2,0,0.016803402453660965,0
4992,RCN13382,1208-PF-LA-CMPE-GENRE,Laos,Full,XGBoost,2,1,0.6253842711448669,1
4993,RCN13383,1208-PF-LA-CMPE-GENRE,Laos,Full,XGBoost,2,0,0.004439190495759249,0
4994,RCN13384,1208-PF-LA-CMPE-GENRE,Laos,Full,XGBoost,2,0,0.018706675618886948,0
4995,RCN13385,1208-PF-LA-CMPE-GENRE,Laos,Full,XGBoost,2,0,0.003568432992324233,0
4996,RCN13386,1208-PF-LA-CMPE-GENRE,Laos,Full,XGBoost,2,0,0.007119776681065559,0
4997,RCN13387,1208-PF-LA-CMPE-GENRE,Laos,Full,XGBoost,2,1,0.33872517943382263,0
4998,RCN13388,1208-PF-LA-CMPE-GENRE,Laos,Full,XGBoost,2,1,0.5548415780067444,1
4999,RCN13389,1208-PF-LA-CMPE-GENRE,Laos,Full,XGBoost,2,0,0.24282069504261017,0
5000,RCN13390,1208-PF-LA-CMPE-GENRE,Laos,Full,XGBoost,2,0,0.22552023828029633,0
5001,RCN13391,1208-PF-LA-CMPE-GENRE,Laos,Full,XGBoost,2,1,0.5548415780067444,1
5002,RCN13392,1208-PF-LA-CMPE-GENRE,Laos,Full,XGBoost,2,0,0.01678503304719925,0
5003,RCN13394,1208-PF-LA-CMPE-GENRE,Laos,Full,XGBoost,2,0,0.010860131122171879,0
5004,RCN13395,1208-PF-LA-CMPE-GENRE,Laos,Full,XGBoost,2,0,0.017844626680016518,0
5005,RCN13396,1208-PF-LA-CMPE-GENRE,Laos,Full,XGBoost,2,0,0.017645910382270813,0
5006,RCN13397,1208-PF-LA-CMPE-GENRE,Laos,Full,XGBoost,2,0,0.005323855672031641,0
5007,RCN13398,1208-PF-LA-CMPE-GENRE,Laos,Full,XGBoost,2,0,0.017606375738978386,0
5008,RCN13400,1208-PF-LA-CMPE-GENRE,Laos,Full,XGBoost,2,0,0.009326308034360409,0
5009,RCN13401,1208-PF-LA-CMPE-GENRE,Laos,Full,XGBoost,2,0,0.017645910382270813,0
5010,RCN13403,1208-PF-LA-CMPE-GENRE,Laos,Full,XGBoost,2,1,0.9965782761573792,1
5011,RCN13404,1208-PF-LA-CMPE-GENRE,Laos,Full,XGBoost,2,1,0.9976118803024292,1
5012,RCN13405,1208-PF-LA-CMPE-GENRE,Laos,Full,XGBoost,2,1,0.9975709319114685,1
5013,RCN13406,1208-PF-LA-CMPE-GENRE,Laos,Full,XGBoost,2,1,0.9982842803001404,1
5014,RCN13407,1208-PF-LA-CMPE-GENRE,Laos,Full,XGBoost,2,1,0.9976118803024292,1
5015,RCN13408,1208-PF-LA-CMPE-GENRE,Laos,Full,XGBoost,2,1,0.9969218373298645,1
5016,RCN13409,1208-PF-LA-CMPE-GENRE,Laos,Full,XGBoost,2,1,0.9977807402610779,1
5017,RCN13410,1208-PF-LA-CMPE-GENRE,Laos,Full,XGBoost,2,1,0.9938311576843262,1
5018,RCN13411,1208-PF-LA-CMPE-GENRE,Laos,Full,XGBoost,2,1,0.5965043902397156,1
5019,RCN13412,1208-PF-LA-CMPE-GENRE,Laos,Full,XGBoost,2,1,0.4168771803379059,0
5020,RCN13413,1208-PF-LA-CMPE-GENRE,Laos,Full,XGBoost,2,1,0.5548415780067444,1
5021,RCN13414,1208-PF-LA-CMPE-GENRE,Laos,Full,XGBoost,2,1,0.6051018238067627,1
5022,RCN13415,1208-PF-LA-CMPE-GENRE,Laos,Full,XGBoost,2,1,0.5744462609291077,1
5023,RCN13416,1208-PF-LA-CMPE-GENRE,Laos,Full,XGBoost,2,1,0.5632579922676086,1
5024,RCN13417,1208-PF-LA-CMPE-GENRE,Laos,Full,XGBoost,2,0,0.0031000920571386814,0
5025,RCN13418,1208-PF-LA-CMPE-GENRE,Laos,Full,XGBoost,2,0,0.005328700877726078,0
5026,RCN13419,1208-PF-LA-CMPE-GENRE,Laos,Full,XGBoost,2,0,0.005449390970170498,0
5027,RCN13420,1208-PF-LA-CMPE-GENRE,Laos,Full,XGBoost,2,0,0.004284337162971497,0
5028,RCN13421,1208-PF-LA-CMPE-GENRE,Laos,Full,XGBoost,2,0,0.004090636968612671,0
5029,RCN13422,1208-PF-LA-CMPE-GENRE,Laos,Full,XGBoost,2,0,0.005346911493688822,0
5030,RCN13424,1208-PF-LA-CMPE-GENRE,Laos,Full,XGBoost,2,0,0.09224380552768707,0
5031,RCN13427,1208-PF-LA-CMPE-GENRE,Laos,Full,XGBoost,2,0,0.0847846195101738,0
5032,RCN13429,1208-PF-LA-CMPE-GENRE,Laos,Full,XGBoost,2,0,0.0847846195101738,0
5033,RCN13430,1208-PF-LA-CMPE-GENRE,Laos,Full,XGBoost,2,0,0.01612892933189869,0
5034,RCN13431,1208-PF-LA-CMPE-GENRE,Laos,Full,XGBoost,2,0,0.0027897791005671024,0
5035,RCN13432,1208-PF-LA-CMPE-GENRE,Laos,Full,XGBoost,2,0,0.005227018613368273,0
5036,RCN13433,1208-PF-LA-CMPE-GENRE,Laos,Full,XGBoost,2,0,0.004968952853232622,0
5037,RCN13434,1208-PF-LA-CMPE-GENRE,Laos,Full,XGBoost,2,0,0.005227018613368273,0
5038,RCN13435,1208-PF-LA-CMPE-GENRE,Laos,Full,XGBoost,2,0,0.00493827136233449,0
5039,RCN13436,1208-PF-LA-CMPE-GENRE,Laos,Full,XGBoost,2,0,0.004968952853232622,0
5040,RCN13437,1208-PF-LA-CMPE-GENRE,Laos,Full,XGBoost,2,0,0.005424709990620613,0
5041,RCN13438,1208-PF-LA-CMPE-GENRE,Laos,Full,XGBoost,2,0,0.0043026842176914215,0
5042,RCN13439,1208-PF-LA-CMPE-GENRE,Laos,Full,XGBoost,2,0,0.029850423336029053,0
5043,RCN13441,1208-PF-LA-CMPE-GENRE,Laos,Full,XGBoost,2,0,0.005424709990620613,0
5044,RCN13442,1208-PF-LA-CMPE-GENRE,Laos,Full,XGBoost,2,0,0.06445809453725815,0
5045,RCN13443,1208-PF-LA-CMPE-GENRE,Laos,Full,XGBoost,2,0,0.03317650407552719,0
5046,RCN13445,1208-PF-LA-CMPE-GENRE,Laos,Full,XGBoost,2,0,0.01036710012704134,0
5047,RCN13446,1208-PF-LA-CMPE-GENRE,Laos,Full,XGBoost,2,0,0.005227018613368273,0
5048,RCN13447,1208-PF-LA-CMPE-GENRE,Laos,Full,XGBoost,2,0,0.004284337162971497,0
5049,RCN13448,1208-PF-LA-CMPE-GENRE,Laos,Full,XGBoost,2,0,0.009619786404073238,0
5050,RCN13449,1208-PF-LA-CMPE-GENRE,Laos,Full,XGBoost,2,1,0.997996985912323,1
5051,RCN13450,1208-PF-LA-CMPE-GENRE,Laos,Full,XGBoost,2,1,0.9927321076393127,1
5052,RCN13452,1208-PF-LA-CMPE-GENRE,Laos,Full,XGBoost,2,1,0.9977774024009705,1
5053,RCN13454,1208-PF-LA-CMPE-GENRE,Laos,Full,XGBoost,2,0,0.9402866959571838,1
5054,RCN13455,1208-PF-LA-CMPE-GENRE,Laos,Full,XGBoost,2,0,0.13009880483150482,0
5055,RCN13457,1208-PF-LA-CMPE-GENRE,Laos,Full,XGBoost,2,1,0.9978519678115845,1
5056,RCN13458,1208-PF-LA-CMPE-GENRE,Laos,Full,XGBoost,2,0,0.1530752182006836,0
5057,RCN13459,1208-PF-LA-CMPE-GENRE,Laos,Full,XGBoost,2,0,0.11060044914484024,0
5058,RCN13460,1208-PF-LA-CMPE-GENRE,Laos,Full,XGBoost,2,0,0.019135449081659317,0
5059,RCN13461,1208-PF-LA-CMPE-GENRE,Laos,Full,XGBoost,2,0,0.025877898558974266,0
5060,RCN13462,1208-PF-LA-CMPE-GENRE,Laos,Full,XGBoost,2,1,0.99872225522995,1
5061,RCN13463,1208-PF-LA-CMPE-GENRE,Laos,Full,XGBoost,2,1,0.9936478734016418,1
5062,RCN13464,1208-PF-LA-CMPE-GENRE,Laos,Full,XGBoost,2,0,0.2724013030529022,0
5063,RCN13465,1208-PF-LA-CMPE-GENRE,Laos,Full,XGBoost,2,1,0.997996985912323,1
5064,RCN13466,1208-PF-LA-CMPE-GENRE,Laos,Full,XGBoost,2,0,0.7499650716781616,1
5065,RCN13467,1208-PF-LA-CMPE-GENRE,Laos,Full,XGBoost,2,0,0.22552023828029633,0
5066,RCN13468,1208-PF-LA-CMPE-GENRE,Laos,Full,XGBoost,2,0,0.22552023828029633,0
5067,RCN13469,1208-PF-LA-CMPE-GENRE,Laos,Full,XGBoost,2,0,0.22542637586593628,0
5068,RCN13470,1208-PF-LA-CMPE-GENRE,Laos,Full,XGBoost,2,1,0.9926080703735352,1
5069,RCN13471,1208-PF-LA-CMPE-GENRE,Laos,Full,XGBoost,2,1,0.9959641695022583,1
5070,RCN13472,1208-PF-LA-CMPE-GENRE,Laos,Full,XGBoost,2,1,0.9972936511039734,1
5071,RCN13473,1208-PF-LA-CMPE-GENRE,Laos,Full,XGBoost,2,1,0.9970481991767883,1
5072,RCN13474,1208-PF-LA-CMPE-GENRE,Laos,Full,XGBoost,2,1,0.9967204928398132,1
5073,RCN13475,1208-PF-LA-CMPE-GENRE,Laos,Full,XGBoost,2,1,0.997683048248291,1
5074,RCN13476,1208-PF-LA-CMPE-GENRE,Laos,Full,XGBoost,2,1,0.9957668781280518,1
5075,RCN13477,1208-PF-LA-CMPE-GENRE,Laos,Full,XGBoost,2,1,0.9969959259033203,1
5076,RCN13478,1208-PF-LA-CMPE-GENRE,Laos,Full,XGBoost,2,1,0.9939186573028564,1
5077,RCN13479,1208-PF-LA-CMPE-GENRE,Laos,Full,XGBoost,2,1,0.9979153275489807,1
5078,RCN13480,1208-PF-LA-CMPE-GENRE,Laos,Full,XGBoost,2,1,0.9989657402038574,1
5079,RCN13481,1208-PF-LA-CMPE-GENRE,Laos,Full,XGBoost,2,1,0.5884228944778442,1
5080,RCN13482,1208-PF-LA-CMPE-GENRE,Laos,Full,XGBoost,2,1,0.9990646243095398,1
5081,RCN13483,1208-PF-LA-CMPE-GENRE,Laos,Full,XGBoost,2,1,0.9919568300247192,1
5082,RCN13484,1208-PF-LA-CMPE-GENRE,Laos,Full,XGBoost,2,0,0.12387378513813019,0
5083,RCN13485,1208-PF-LA-CMPE-GENRE,Laos,Full,XGBoost,2,1,0.9789053201675415,1
5084,RCN13486,1208-PF-LA-CMPE-GENRE,Laos,Full,XGBoost,2,1,0.9969649910926819,1
5085,RCN13487,1208-PF-LA-CMPE-GENRE,Laos,Full,XGBoost,2,0,0.1341196894645691,0
5086,RCN13488,1208-PF-LA-CMPE-GENRE,Laos,Full,XGBoost,2,0,0.25295698642730713,0
5087,RCN13489,1208-PF-LA-CMPE-GENRE,Laos,Full,XGBoost,2,1,0.9977807402610779,1
5088,RCN13490,1208-PF-LA-CMPE-GENRE,Laos,Full,XGBoost,2,1,0.5548415780067444,1
5089,RCN13491,1208-PF-LA-CMPE-GENRE,Laos,Full,XGBoost,2,0,0.93719482421875,1
5090,RCN13492,1208-PF-LA-CMPE-GENRE,Laos,Full,XGBoost,2,0,0.11012411117553711,0
5091,RCN13493,1208-PF-LA-CMPE-GENRE,Laos,Full,XGBoost,2,0,0.03508974239230156,0
5092,RCN13494,1208-PF-LA-CMPE-GENRE,Laos,Full,XGBoost,2,1,0.9927321076393127,1
5093,RCN13495,1208-PF-LA-CMPE-GENRE,Laos,Full,XGBoost,2,1,0.9978600144386292,1
5094,RCN13497,1208-PF-LA-CMPE-GENRE,Laos,Full,XGBoost,2,1,0.9958904981613159,1
5095,RCN13498,1208-PF-LA-CMPE-GENRE,Laos,Full,XGBoost,2,1,0.9978882670402527,1
5096,RCN13499,1208-PF-LA-CMPE-GENRE,Laos,Full,XGBoost,2,1,0.9436683654785156,1
5097,RCN13500,1208-PF-LA-CMPE-GENRE,Laos,Full,XGBoost,2,0,0.12387378513813019,0
5098,RCN13501,1208-PF-LA-CMPE-GENRE,Laos,Full,XGBoost,2,1,0.8966667652130127,1
5099,RCN13502,1208-PF-LA-CMPE-GENRE,Laos,Full,XGBoost,2,1,0.8744077682495117,1
5100,RCN13503,1208-PF-LA-CMPE-GENRE,Laos,Full,XGBoost,2,1,0.9988294243812561,1
5101,RCN13505,1208-PF-LA-CMPE-GENRE,Laos,Full,XGBoost,2,1,0.9989752769470215,1
5102,RCN13506,1208-PF-LA-CMPE-GENRE,Laos,Full,XGBoost,2,0,0.9357293844223022,1
5103,RCN13507,1208-PF-LA-CMPE-GENRE,Laos,Full,XGBoost,2,1,0.9979415535926819,1
5104,RCN13508,1208-PF-LA-CMPE-GENRE,Laos,Full,XGBoost,2,1,0.9975963234901428,1
5105,RCN13510,1208-PF-LA-CMPE-GENRE,Laos,Full,XGBoost,2,0,0.2611229419708252,0
5106,RCN13511,1208-PF-LA-CMPE-GENRE,Laos,Full,XGBoost,2,1,0.9926117062568665,1
5107,RCN13512,1208-PF-LA-CMPE-GENRE,Laos,Full,XGBoost,2,1,0.9984170198440552,1
5108,RCN13513,1208-PF-LA-CMPE-GENRE,Laos,Full,XGBoost,2,0,0.044667135924100876,0
5109,RCN13514,1208-PF-LA-CMPE-GENRE,Laos,Full,XGBoost,2,0,0.28180620074272156,0
5110,RCN13515,1208-PF-LA-CMPE-GENRE,Laos,Full,XGBoost,2,1,0.5884228944778442,1
5111,RCN13516,1208-PF-LA-CMPE-GENRE,Laos,Full,XGBoost,2,1,0.9823810458183289,1
5112,RCN13517,1208-PF-LA-CMPE-GENRE,Laos,Full,XGBoost,2,0,0.09206856787204742,0
5113,RCN13518,1208-PF-LA-CMPE-GENRE,Laos,Full,XGBoost,2,1,0.9382838010787964,1
5114,RCN13521,1208-PF-LA-CMPE-GENRE,Laos,Full,XGBoost,2,1,0.9976118803024292,1
5115,RCN13523,1208-PF-LA-CMPE-GENRE,Laos,Full,XGBoost,2,0,0.004284337162971497,0
5116,RCN13524,1208-PF-LA-CMPE-GENRE,Laos,Full,XGBoost,2,0,0.12387378513813019,0
5117,RCN13525,1208-PF-LA-CMPE-GENRE,Laos,Full,XGBoost,2,0,0.004697533790022135,0
5118,RCN13526,1208-PF-LA-CMPE-GENRE,Laos,Full,XGBoost,2,1,0.9989665746688843,1
5119,RCN13527,1208-PF-LA-CMPE-GENRE,Laos,Full,XGBoost,2,1,0.999037504196167,1
5120,RCN13528,1208-PF-LA-CMPE-GENRE,Laos,Full,XGBoost,2,1,0.05082281306385994,0
5121,RCN13529,1208-PF-LA-CMPE-GENRE,Laos,Full,XGBoost,2,1,0.9778887033462524,1
5122,RCN13530,1208-PF-LA-CMPE-GENRE,Laos,Full,XGBoost,2,1,0.2536965608596802,0
5123,RCN13531,1208-PF-LA-CMPE-GENRE,Laos,Full,XGBoost,2,0,0.08987442404031754,0
5124,RCN13532,1208-PF-LA-CMPE-GENRE,Laos,Full,XGBoost,2,1,0.4596077501773834,0
5125,RCN13533,1208-PF-LA-CMPE-GENRE,Laos,Full,XGBoost,2,1,0.4596077501773834,0
5126,RCN13534,1208-PF-LA-CMPE-GENRE,Laos,Full,XGBoost,2,1,0.996087908744812,1
5127,RCN13536,1208-PF-LA-CMPE-GENRE,Laos,Full,XGBoost,2,0,0.016280904412269592,0
5128,RCN13537,1208-PF-LA-CMPE-GENRE,Laos,Full,XGBoost,2,1,0.42030757665634155,0
5129,RCN13538,1208-PF-LA-CMPE-GENRE,Laos,Full,XGBoost,2,1,0.44521695375442505,0
5130,RCN13539,1208-PF-LA-CMPE-GENRE,Laos,Full,XGBoost,2,1,0.3821212351322174,0
5131,RCN13540,1208-PF-LA-CMPE-GENRE,Laos,Full,XGBoost,2,1,0.9967002272605896,1
5132,RCN13541,1208-PF-LA-CMPE-GENRE,Laos,Full,XGBoost,2,0,0.12387378513813019,0
5133,RCN13542,1208-PF-LA-CMPE-GENRE,Laos,Full,XGBoost,2,1,0.9147805571556091,1
5134,RCN13543,1208-PF-LA-CMPE-GENRE,Laos,Full,XGBoost,2,1,0.7002313137054443,1
5135,RCN13544,1208-PF-LA-CMPE-GENRE,Laos,Full,XGBoost,2,1,0.9864771366119385,1
5136,RCN13545,1208-PF-LA-CMPE-GENRE,Laos,Full,XGBoost,2,1,0.9137740731239319,1
5137,RCN13546,1208-PF-LA-CMPE-GENRE,Laos,Full,XGBoost,2,1,0.9775661826133728,1
5138,RCN13548,1208-PF-LA-CMPE-GENRE,Laos,Full,XGBoost,2,1,0.9911600947380066,1
5139,RCN13549,1208-PF-LA-CMPE-GENRE,Laos,Full,XGBoost,2,0,0.969549834728241,1
5140,RCN13551,1208-PF-LA-CMPE-GENRE,Laos,Full,XGBoost,2,1,0.886735737323761,1
5141,RCN13552,1208-PF-LA-CMPE-GENRE,Laos,Full,XGBoost,2,0,0.9622683525085449,1
5142,RCN13553,1208-PF-LA-CMPE-GENRE,Laos,Full,XGBoost,2,1,0.8566885590553284,1
5143,RCN13554,1208-PF-LA-CMPE-GENRE,Laos,Full,XGBoost,2,1,0.8148155808448792,1
5144,RCN13555,1208-PF-LA-CMPE-GENRE,Laos,Full,XGBoost,2,0,0.9536308646202087,1
5145,RCN13556,1208-PF-LA-CMPE-GENRE,Laos,Full,XGBoost,2,0,0.024432670325040817,0
5146,RCN13557,1208-PF-LA-CMPE-GENRE,Laos,Full,XGBoost,2,1,0.9151291251182556,1
5147,RCN13558,1208-PF-LA-CMPE-GENRE,Laos,Full,XGBoost,2,1,0.997996985912323,1
5148,RCN13559,1208-PF-LA-CMPE-GENRE,Laos,Full,XGBoost,2,0,0.6120433807373047,1
5149,RCN13560,1208-PF-LA-CMPE-GENRE,Laos,Full,XGBoost,2,1,0.9636836647987366,1
5150,RCN13561,1208-PF-LA-CMPE-GENRE,Laos,Full,XGBoost,2,1,0.9081392884254456,1
5151,RCN13562,1208-PF-LA-CMPE-GENRE,Laos,Full,XGBoost,2,1,0.9147805571556091,1
5152,RCN13563,1208-PF-LA-CMPE-GENRE,Laos,Full,XGBoost,2,1,0.9605156779289246,1
5153,RCN13564,1208-PF-LA-CMPE-GENRE,Laos,Full,XGBoost,2,1,0.45576587319374084,0
5154,RCN13565,1208-PF-LA-CMPE-GENRE,Laos,Full,XGBoost,2,1,0.7554885745048523,1
5155,RCN13566,1208-PF-LA-CMPE-GENRE,Laos,Full,XGBoost,2,0,0.12649838626384735,0
5156,RCN13567,1208-PF-LA-CMPE-GENRE,Laos,Full,XGBoost,2,1,0.9978762865066528,1
5157,RCN13568,1208-PF-LA-CMPE-GENRE,Laos,Full,XGBoost,2,1,0.7870228886604309,1
5158,RCN13569,1208-PF-LA-CMPE-GENRE,Laos,Full,XGBoost,2,0,0.10574554651975632,0
5159,RCN13570,1208-PF-LA-CMPE-GENRE,Laos,Full,XGBoost,2,1,0.9081392884254456,1
5160,RCN13571,1208-PF-LA-CMPE-GENRE,Laos,Full,XGBoost,2,1,0.9617903828620911,1
5161,RCN13574,1208-PF-LA-CMPE-GENRE,Laos,Full,XGBoost,2,0,0.10574554651975632,0
5162,RCN13575,1208-PF-LA-CMPE-GENRE,Laos,Full,XGBoost,2,1,0.958005964756012,1
5163,RCN13576,1208-PF-LA-CMPE-GENRE,Laos,Full,XGBoost,2,0,0.18378786742687225,0
5164,RCN13577,1208-PF-LA-CMPE-GENRE,Laos,Full,XGBoost,2,1,0.9969959259033203,1
5165,RCN13578,1208-PF-LA-CMPE-GENRE,Laos,Full,XGBoost,2,1,0.9969959259033203,1
5166,RCN13579,1208-PF-LA-CMPE-GENRE,Laos,Full,XGBoost,2,1,0.4527622163295746,0
5167,RCN13580,1208-PF-LA-CMPE-GENRE,Laos,Full,XGBoost,2,1,0.9858649969100952,1
5168,RCN13581,1208-PF-LA-CMPE-GENRE,Laos,Full,XGBoost,2,1,0.9261639714241028,1
5169,RCN13582,1208-PF-LA-CMPE-GENRE,Laos,Full,XGBoost,2,1,0.7667322754859924,1
5170,RCN13583,1208-PF-LA-CMPE-GENRE,Laos,Full,XGBoost,2,0,0.024432670325040817,0
5171,RCN13584,1208-PF-LA-CMPE-GENRE,Laos,Full,XGBoost,2,0,0.20749960839748383,0
5172,RCN13585,1208-PF-LA-CMPE-GENRE,Laos,Full,XGBoost,2,1,0.6002978086471558,1
5424,RCN14904,1208-PF-LA-CMPE-GENRE,Laos,Full,XGBoost,2,1,0.5578320622444153,1
5425,RCN14906,1208-PF-LA-CMPE-GENRE,Laos,Full,XGBoost,2,1,0.5578320622444153,1
5426,RCN14910,1208-PF-LA-CMPE-GENRE,Laos,Full,XGBoost,2,1,0.5460699796676636,1
5427,RCN14912,1208-PF-LA-CMPE-GENRE,Laos,Full,XGBoost,2,1,0.5578320622444153,1
5428,RCN14913,1208-PF-LA-CMPE-GENRE,Laos,Full,XGBoost,2,1,0.5616464018821716,1
5429,RCN14915,1208-PF-LA-CMPE-GENRE,Laos,Full,XGBoost,2,1,0.5616464018821716,1
5430,RCN14916,1208-PF-LA-CMPE-GENRE,Laos,Full,XGBoost,2,1,0.5548415780067444,1
5431,RCN14917,1208-PF-LA-CMPE-GENRE,Laos,Full,XGBoost,2,0,0.002627372043207288,0
5432,RCN14918,1208-PF-LA-CMPE-GENRE,Laos,Full,XGBoost,2,0,0.004284337162971497,0
5433,RCN14919,1208-PF-LA-CMPE-GENRE,Laos,Full,XGBoost,2,0,0.004284337162971497,0
5434,RCN14920,1208-PF-LA-CMPE-GENRE,Laos,Full,XGBoost,2,0,0.004968952853232622,0
5435,RCN14921,1208-PF-LA-CMPE-GENRE,Laos,Full,XGBoost,2,0,0.01113429106771946,0
5436,RCN14923,1208-PF-LA-CMPE-GENRE,Laos,Full,XGBoost,2,0,0.04820721596479416,0
5437,RCN14924,1208-PF-LA-CMPE-GENRE,Laos,Full,XGBoost,2,0,0.0883973240852356,0
5438,RCN14925,1208-PF-LA-CMPE-GENRE,Laos,Full,XGBoost,2,0,0.016840264201164246,0
5439,RCN14926,1208-PF-LA-CMPE-GENRE,Laos,Full,XGBoost,2,0,0.007312182802706957,0
5440,RCN14927,1208-PF-LA-CMPE-GENRE,Laos,Full,XGBoost,2,0,0.01611415669322014,0
5441,RCN14928,1208-PF-LA-CMPE-GENRE,Laos,Full,XGBoost,2,0,0.022176016122102737,0
5442,RCN14929,1208-PF-LA-CMPE-GENRE,Laos,Full,XGBoost,2,0,0.01678503304719925,0
5443,RCN14930,1208-PF-LA-CMPE-GENRE,Laos,Full,XGBoost,2,0,0.004480699542909861,0
5444,RCN14932,1208-PF-LA-CMPE-GENRE,Laos,Full,XGBoost,2,0,0.004476622212678194,0
5445,RCN14933,1208-PF-LA-CMPE-GENRE,Laos,Full,XGBoost,2,0,0.004698550794273615,0
5446,RCN14934,1208-PF-LA-CMPE-GENRE,Laos,Full,XGBoost,2,0,0.011816449463367462,0
5447,RCN14935,1208-PF-LA-CMPE-GENRE,Laos,Full,XGBoost,2,1,0.6253842711448669,1
5448,RCN14936,1208-PF-LA-CMPE-GENRE,Laos,Full,XGBoost,2,0,0.0038093896582722664,0
5449,RCN14937,1208-PF-LA-CMPE-GENRE,Laos,Full,XGBoost,2,0,0.005528294946998358,0
5450,RCN14938,1208-PF-LA-CMPE-GENRE,Laos,Full,XGBoost,2,0,0.004968952853232622,0
5451,RCN14939,1208-PF-LA-CMPE-GENRE,Laos,Full,XGBoost,2,0,0.005528294946998358,0
5452,RCN14940,1208-PF-LA-CMPE-GENRE,Laos,Full,XGBoost,2,0,0.0055663264356553555,0
5453,RCN14941,1208-PF-LA-CMPE-GENRE,Laos,Full,XGBoost,2,0,0.004507008474320173,0
5454,RCN14942,1208-PF-LA-CMPE-GENRE,Laos,Full,XGBoost,2,0,0.0055663264356553555,0
5455,RCN14943,1208-PF-LA-CMPE-GENRE,Laos,Full,XGBoost,2,0,0.004968952853232622,0
5456,RCN14944,1208-PF-LA-CMPE-GENRE,Laos,Full,XGBoost,2,0,0.0037251878529787064,0
5457,RCN14946,1208-PF-LA-CMPE-GENRE,Laos,Full,XGBoost,2,0,0.0038000219501554966,0
5458,RCN14948,1208-PF-LA-CMPE-GENRE,Laos,Full,XGBoost,2,0,0.021777920424938202,0
5459,RCN14949,1208-PF-LA-CMPE-GENRE,Laos,Full,XGBoost,2,0,0.012603925541043282,0
5460,RCN14950,1208-PF-LA-CMPE-GENRE,Laos,Full,XGBoost,2,0,0.004968952853232622,0
5461,RCN14951,1208-PF-LA-CMPE-GENRE,Laos,Full,XGBoost,2,0,0.014115962199866772,0
5462,RCN14952,1208-PF-LA-CMPE-GENRE,Laos,Full,XGBoost,2,0,0.016800133511424065,0
5463,RCN14953,1208-PF-LA-CMPE-GENRE,Laos,Full,XGBoost,2,0,0.006056413985788822,0
5464,RCN14954,1208-PF-LA-CMPE-GENRE,Laos,Full,XGBoost,2,0,0.016800133511424065,0
5465,RCN14955,1208-PF-LA-CMPE-GENRE,Laos,Full,XGBoost,2,0,0.0048180995509028435,0
5466,RCN14957,1208-PF-LA-CMPE-GENRE,Laos,Full,XGBoost,2,0,0.05157661437988281,0
5467,RCN14958,1208-PF-LA-CMPE-GENRE,Laos,Full,XGBoost,2,0,0.01950676739215851,0
5468,RCN14959,1208-PF-LA-CMPE-GENRE,Laos,Full,XGBoost,2,0,0.05502960830926895,0
5469,RCN14965,1208-PF-LA-CMPE-GENRE,Laos,Full,XGBoost,2,0,0.01113429106771946,0
5470,RCN14966,1208-PF-LA-CMPE-GENRE,Laos,Full,XGBoost,2,0,0.01678503304719925,0
5471,RCN14969,1208-PF-LA-CMPE-GENRE,Laos,Full,XGBoost,2,0,0.004499549977481365,0
5472,RCN14970,1208-PF-LA-CMPE-GENRE,Laos,Full,XGBoost,2,0,0.018829377368092537,0
5473,RCN14971,1208-PF-LA-CMPE-GENRE,Laos,Full,XGBoost,2,0,0.004968952853232622,0
5474,RCN14973,1208-PF-LA-CMPE-GENRE,Laos,Full,XGBoost,2,0,0.01726473681628704,0
5475,RCN14974,1208-PF-LA-CMPE-GENRE,Laos,Full,XGBoost,2,0,0.004817400127649307,0
5476,RCN14975,1208-PF-LA-CMPE-GENRE,Laos,Full,XGBoost,2,0,0.004744447767734528,0
5477,RCN14976,1208-PF-LA-CMPE-GENRE,Laos,Full,XGBoost,2,0,0.0045319111086428165,0
5478,RCN14978,1208-PF-LA-CMPE-GENRE,Laos,Full,XGBoost,2,0,0.01099784392863512,0
5479,RCN14979,1208-PF-LA-CMPE-GENRE,Laos,Full,XGBoost,2,0,0.017945239320397377,0
5480,RCN14981,1208-PF-LA-CMPE-GENRE,Laos,Full,XGBoost,2,0,0.01609998196363449,0
5481,RCN14982,1208-PF-LA-CMPE-GENRE,Laos,Full,XGBoost,2,0,0.016500622034072876,0
5482,RCN14988,1208-PF-LA-CMPE-GENRE,Laos,Full,XGBoost,2,0,0.006894716061651707,0
5483,RCN14989,1208-PF-LA-CMPE-GENRE,Laos,Full,XGBoost,2,0,0.0042165848426520824,0
5484,RCN14990,1208-PF-LA-CMPE-GENRE,Laos,Full,XGBoost,2,0,0.004968952853232622,0
5485,RCN14991,1208-PF-LA-CMPE-GENRE,Laos,Full,XGBoost,2,0,0.004968952853232622,0
5486,RCN14992,1208-PF-LA-CMPE-GENRE,Laos,Full,XGBoost,2,0,0.004968952853232622,0
5487,RCN14994,1208-PF-LA-CMPE-GENRE,Laos,Full,XGBoost,2,0,0.007814102806150913,0
5488,RCN14996,1208-PF-LA-CMPE-GENRE,Laos,Full,XGBoost,2,0,0.005227018613368273,0
5489,RCN14997,1208-PF-LA-CMPE-GENRE,Laos,Full,XGBoost,2,0,0.004968952853232622,0
5490,RCN14998,1208-PF-LA-CMPE-GENRE,Laos,Full,XGBoost,2,0,0.004968952853232622,0
5491,RCN14999,1208-PF-LA-CMPE-GENRE,Laos,Full,XGBoost,2,0,0.004968952853232622,0
5492,RCN15000,1208-PF-LA-CMPE-GENRE,Laos,Full,XGBoost,2,0,0.0049857269041240215,0
5493,RCN15001,1208-PF-LA-CMPE-GENRE,Laos,Full,XGBoost,2,0,0.009871901012957096,0
5494,RCN15002,1208-PF-LA-CMPE-GENRE,Laos,Full,XGBoost,2,0,0.020661069080233574,0
5495,RCN15003,1208-PF-LA-CMPE-GENRE,Laos,Full,XGBoost,2,0,0.00627374229952693,0
5496,RCN15004,1208-PF-LA-CMPE-GENRE,Laos,Full,XGBoost,2,0,0.004569151438772678,0
5497,RCN15005,1208-PF-LA-CMPE-GENRE,Laos,Full,XGBoost,2,0,0.0056002503260970116,0
5498,RCN15006,1208-PF-LA-CMPE-GENRE,Laos,Full,XGBoost,2,0,0.002867903094738722,0
5499,RCN15007,1208-PF-LA-CMPE-GENRE,Laos,Full,XGBoost,2,0,0.020661069080233574,0
5500,RCN15008,1208-PF-LA-CMPE-GENRE,Laos,Full,XGBoost,2,0,0.016756020486354828,0
5501,RCN15009,1208-PF-LA-CMPE-GENRE,Laos,Full,XGBoost,2,0,0.02225191332399845,0
5502,RCN15010,1208-PF-LA-CMPE-GENRE,Laos,Full,XGBoost,2,0,0.0052151610143482685,0
5503,RCN15011,1208-PF-LA-CMPE-GENRE,Laos,Full,XGBoost,2,0,0.004968952853232622,0
5504,RCN15012,1208-PF-LA-CMPE-GENRE,Laos,Full,XGBoost,2,0,0.018829377368092537,0
5505,RCN15013,1208-PF-LA-CMPE-GENRE,Laos,Full,XGBoost,2,0,0.006210140883922577,0
5506,RCN15014,1208-PF-LA-CMPE-GENRE,Laos,Full,XGBoost,2,0,0.004968952853232622,0
5507,RCN15015,1208-PF-LA-CMPE-GENRE,Laos,Full,XGBoost,2,0,0.005570220295339823,0
5508,RCN15016,1208-PF-LA-CMPE-GENRE,Laos,Full,XGBoost,2,0,0.022176016122102737,0
5509,RCN15017,1208-PF-LA-CMPE-GENRE,Laos,Full,XGBoost,2,0,0.004764762241393328,0
5510,RCN15018,1208-PF-LA-CMPE-GENRE,Laos,Full,XGBoost,2,0,0.017606375738978386,0
5511,RCN15019,1208-PF-LA-CMPE-GENRE,Laos,Full,XGBoost,2,0,0.007784804329276085,0
5512,RCN15020,1208-PF-LA-CMPE-GENRE,Laos,Full,XGBoost,2,0,0.00429768580943346,0
5513,RCN15021,1208-PF-LA-CMPE-GENRE,Laos,Full,XGBoost,2,0,0.002510275226086378,0
5514,RCN15022,1208-PF-LA-CMPE-GENRE,Laos,Full,XGBoost,2,0,0.01609998196363449,0
5515,RCN15024,1208-PF-LA-CMPE-GENRE,Laos,Full,XGBoost,2,0,0.018265457823872566,0
5516,RCN15025,1208-PF-LA-CMPE-GENRE,Laos,Full,XGBoost,2,0,0.022942855954170227,0
5517,RCN15026,1208-PF-LA-CMPE-GENRE,Laos,Full,XGBoost,2,0,0.01798996329307556,0
5518,RCN15027,1208-PF-LA-CMPE-GENRE,Laos,Full,XGBoost,2,0,0.004724851809442043,0
5519,RCN15028,1208-PF-LA-CMPE-GENRE,Laos,Full,XGBoost,2,0,0.004967566579580307,0
5520,RCN15029,1208-PF-LA-CMPE-GENRE,Laos,Full,XGBoost,2,0,0.004968952853232622,0
5521,RCN15030,1208-PF-LA-CMPE-GENRE,Laos,Full,XGBoost,2,0,0.004576737526804209,0
5522,RCN15031,1208-PF-LA-CMPE-GENRE,Laos,Full,XGBoost,2,0,0.005683569703251123,0
5523,RCN15032,1208-PF-LA-CMPE-GENRE,Laos,Full,XGBoost,2,0,0.00449677649885416,0
5524,RCN15033,1208-PF-LA-CMPE-GENRE,Laos,Full,XGBoost,2,0,0.005683569703251123,0
5525,RCN15034,1208-PF-LA-CMPE-GENRE,Laos,Full,XGBoost,2,0,0.00627374229952693,0
5526,RCN15035,1208-PF-LA-CMPE-GENRE,Laos,Full,XGBoost,2,0,0.00608263723552227,0
5527,RCN15036,1208-PF-LA-CMPE-GENRE,Laos,Full,XGBoost,2,0,0.00627374229952693,0
5528,RCN15037,1208-PF-LA-CMPE-GENRE,Laos,Full,XGBoost,2,0,0.005722598638385534,0
5529,RCN15038,1208-PF-LA-CMPE-GENRE,Laos,Full,XGBoost,2,0,0.005341347772628069,0
5530,RCN15039,1208-PF-LA-CMPE-GENRE,Laos,Full,XGBoost,2,0,0.005659027956426144,0
5531,RCN15040,1208-PF-LA-CMPE-GENRE,Laos,Full,XGBoost,2,0,0.0040056887082755566,0
5532,RCN15041,1208-PF-LA-CMPE-GENRE,Laos,Full,XGBoost,2,0,0.005683569703251123,0
5533,RCN15042,1208-PF-LA-CMPE-GENRE,Laos,Full,XGBoost,2,0,0.005683569703251123,0
5534,RCN15043,1208-PF-LA-CMPE-GENRE,Laos,Full,XGBoost,2,0,0.004803161136806011,0
5535,RCN15044,1208-PF-LA-CMPE-GENRE,Laos,Full,XGBoost,2,0,0.004507008474320173,0
5536,RCN15046,1208-PF-LA-CMPE-GENRE,Laos,Full,XGBoost,2,0,0.0037208106368780136,0
5537,RCN15047,1208-PF-LA-CMPE-GENRE,Laos,Full,XGBoost,2,0,0.0037208106368780136,0
5538,RCN15048,1208-PF-LA-CMPE-GENRE,Laos,Full,XGBoost,2,0,0.005380368325859308,0
5539,RCN15049,1208-PF-LA-CMPE-GENRE,Laos,Full,XGBoost,2,0,0.005683569703251123,0
5540,RCN15050,1208-PF-LA-CMPE-GENRE,Laos,Full,XGBoost,2,0,0.005424709990620613,0
5541,RCN15053,1208-PF-LA-CMPE-GENRE,Laos,Full,XGBoost,2,0,0.0035688248462975025,0
5542,RCN15054,1208-PF-LA-CMPE-GENRE,Laos,Full,XGBoost,2,0,0.0037208106368780136,0
5543,RCN15055,1208-PF-LA-CMPE-GENRE,Laos,Full,XGBoost,2,0,0.004576737526804209,0
5544,RCN15056,1208-PF-LA-CMPE-GENRE,Laos,Full,XGBoost,2,0,0.004576737526804209,0
5545,RCN15057,1208-PF-LA-CMPE-GENRE,Laos,Full,XGBoost,2,0,0.004576737526804209,0
5546,RCN15058,1208-PF-LA-CMPE-GENRE,Laos,Full,XGBoost,2,0,0.004576737526804209,0
5547,RCN15059,1208-PF-LA-CMPE-GENRE,Laos,Full,XGBoost,2,0,0.004803161136806011,0
5548,RCN15060,1208-PF-LA-CMPE-GENRE,Laos,Full,XGBoost,2,0,0.01609998196363449,0
5549,RCN15062,1208-PF-LA-CMPE-GENRE,Laos,Full,XGBoost,2,0,0.01719430647790432,0
5550,RCN15063,1208-PF-LA-CMPE-GENRE,Laos,Full,XGBoost,2,0,0.004724851809442043,0
5551,RCN15064,1208-PF-LA-CMPE-GENRE,Laos,Full,XGBoost,2,0,0.0172523632645607,0
5552,RCN15065,1208-PF-LA-CMPE-GENRE,Laos,Full,XGBoost,2,0,0.003907274454832077,0
5553,RCN15067,1208-PF-LA-CMPE-GENRE,Laos,Full,XGBoost,2,0,0.018245404586195946,0
5554,RCN15068,1208-PF-LA-CMPE-GENRE,Laos,Full,XGBoost,2,0,0.004507008474320173,0
5555,RCN15070,1208-PF-LA-CMPE-GENRE,Laos,Full,XGBoost,2,0,0.01678503304719925,0
5556,RCN15071,1208-PF-LA-CMPE-GENRE,Laos,Full,XGBoost,2,0,0.005683569703251123,0
5557,RCN15072,1208-PF-LA-CMPE-GENRE,Laos,Full,XGBoost,2,0,0.016800133511424065,0
5558,RCN15073,1208-PF-LA-CMPE-GENRE,Laos,Full,XGBoost,2,0,0.01678503304719925,0
5559,RCN15074,1208-PF-LA-CMPE-GENRE,Laos,Full,XGBoost,2,0,0.01678503304719925,0
5560,RCN15075,1208-PF-LA-CMPE-GENRE,Laos,Full,XGBoost,2,0,0.004968952853232622,0
5561,RCN15076,1208-PF-LA-CMPE-GENRE,Laos,Full,XGBoost,2,0,0.004499287344515324,0
5562,RCN15077,1208-PF-LA-CMPE-GENRE,Laos,Full,XGBoost,2,0,0.004968952853232622,0
5563,RCN15078,1208-PF-LA-CMPE-GENRE,Laos,Full,XGBoost,2,0,0.004284337162971497,0
5564,RCN15079,1208-PF-LA-CMPE-GENRE,Laos,Full,XGBoost,2,0,0.004968952853232622,0
5565,RCN15080,1208-PF-LA-CMPE-GENRE,Laos,Full,XGBoost,2,0,0.011437607929110527,0
5566,RCN15081,1208-PF-LA-CMPE-GENRE,Laos,Full,XGBoost,2,0,0.0026711521204560995,0
5567,RCN15082,1208-PF-LA-CMPE-GENRE,Laos,Full,XGBoost,2,0,0.0026711521204560995,0
5568,RCN15083,1208-PF-LA-CMPE-GENRE,Laos,Full,XGBoost,2,0,0.017606375738978386,0
5569,RCN15084,1208-PF-LA-CMPE-GENRE,Laos,Full,XGBoost,2,0,0.0026711521204560995,0
5570,RCN15085,1208-PF-LA-CMPE-GENRE,Laos,Full,XGBoost,2,0,0.003350249957293272,0
5571,RCN15086,1208-PF-LA-CMPE-GENRE,Laos,Full,XGBoost,2,0,0.018706675618886948,0
5572,RCN15087,1208-PF-LA-CMPE-GENRE,Laos,Full,XGBoost,2,0,0.01678503304719925,0
5573,RCN15088,1208-PF-LA-CMPE-GENRE,Laos,Full,XGBoost,2,0,0.0026711521204560995,0
5574,RCN15089,1208-PF-LA-CMPE-GENRE,Laos,Full,XGBoost,2,0,0.017645910382270813,0
5575,RCN15090,1208-PF-LA-CMPE-GENRE,Laos,Full,XGBoost,2,0,0.01678503304719925,0
5576,RCN15091,1208-PF-LA-CMPE-GENRE,Laos,Full,XGBoost,2,0,0.0026711521204560995,0
5577,RCN15092,1208-PF-LA-CMPE-GENRE,Laos,Full,XGBoost,2,0,0.0026711521204560995,0
5578,RCN15093,1208-PF-LA-CMPE-GENRE,Laos,Full,XGBoost,2,0,0.01678503304719925,0
5579,RCN15094,1208-PF-LA-CMPE-GENRE,Laos,Full,XGBoost,2,0,0.0026711521204560995,0
5580,RCN15095,1208-PF-LA-CMPE-GENRE,Laos,Full,XGBoost,2,0,0.01678503304719925,0
5581,RCN15096,1208-PF-LA-CMPE-GENRE,Laos,Full,XGBoost,2,0,0.016682622954249382,0
5582,RCN15097,1208-PF-LA-CMPE-GENRE,Laos,Full,XGBoost,2,0,0.0026711521204560995,0
5583,RCN15098,1208-PF-LA-CMPE-GENRE,Laos,Full,XGBoost,2,0,0.022176016122102737,0
5584,RCN15099,1208-PF-LA-CMPE-GENRE,Laos,Full,XGBoost,2,0,0.016800133511424065,0
5585,RCN15102,1208-PF-LA-CMPE-GENRE,Laos,Full,XGBoost,2,0,0.012603925541043282,0
5586,RCN15104,1208-PF-LA-CMPE-GENRE,Laos,Full,XGBoost,2,0,0.005545449908822775,0
5587,RCN15108,1208-PF-LA-CMPE-GENRE,Laos,Full,XGBoost,2,0,0.002972784684970975,0
5588,RCN15109,1208-PF-LA-CMPE-GENRE,Laos,Full,XGBoost,2,0,0.016500622034072876,0
5589,RCN15110,1208-PF-LA-CMPE-GENRE,Laos,Full,XGBoost,2,0,0.017645910382270813,0
5590,RCN15111,1208-PF-LA-CMPE-GENRE,Laos,Full,XGBoost,2,0,0.01678503304719925,0
5591,RCN15112,1208-PF-LA-CMPE-GENRE,Laos,Full,XGBoost,2,0,0.0050755757838487625,0
5592,RCN15113,1208-PF-LA-CMPE-GENRE,Laos,Full,XGBoost,2,0,0.04787107929587364,0
5593,RCN15115,1208-PF-LA-CMPE-GENRE,Laos,Full,XGBoost,2,0,0.08119388669729233,0
5594,RCN15116,1208-PF-LA-CMPE-GENRE,Laos,Full,XGBoost,2,0,0.0050755757838487625,0
5595,RCN15117,1208-PF-LA-CMPE-GENRE,Laos,Full,XGBoost,2,0,0.04916994273662567,0
5596,RCN15120,1208-PF-LA-CMPE-GENRE,Laos,Full,XGBoost,2,0,0.01807093620300293,0
5597,RCN15121,1208-PF-LA-CMPE-GENRE,Laos,Full,XGBoost,2,0,0.020136769860982895,0
5598,RCN15122,1208-PF-LA-CMPE-GENRE,Laos,Full,XGBoost,2,0,0.023864885792136192,0
5599,RCN15123,1208-PF-LA-CMPE-GENRE,Laos,Full,XGBoost,2,0,0.004645985551178455,0
5600,RCN15126,1208-PF-LA-CMPE-GENRE,Laos,Full,XGBoost,2,0,0.018996475264430046,0
5601,RCN15128,1208-PF-LA-CMPE-GENRE,Laos,Full,XGBoost,2,0,0.01807093620300293,0
5602,RCN15129,1208-PF-LA-CMPE-GENRE,Laos,Full,XGBoost,2,0,0.004139126278460026,0
5603,RCN15133,1208-PF-LA-CMPE-GENRE,Laos,Full,XGBoost,2,0,0.01807093620300293,0
5604,RCN15135,1208-PF-LA-CMPE-GENRE,Laos,Full,XGBoost,2,0,0.04532522335648537,0
5605,RCN15139,1208-PF-LA-CMPE-GENRE,Laos,Full,XGBoost,2,0,0.01807093620300293,0
5606,RCN15140,1208-PF-LA-CMPE-GENRE,Laos,Full,XGBoost,2,0,0.005570220295339823,0
5607,RCN15141,1208-PF-LA-CMPE-GENRE,Laos,Full,XGBoost,2,0,0.014629232697188854,0
5608,RCN15143,1208-PF-LA-CMPE-GENRE,Laos,Full,XGBoost,2,0,0.01609998196363449,0
5609,RCN15146,1208-PF-LA-CMPE-GENRE,Laos,Full,XGBoost,2,0,0.023864885792136192,0
5610,RCN15147,1208-PF-LA-CMPE-GENRE,Laos,Full,XGBoost,2,0,0.016448630020022392,0
5611,RCN15152,1208-PF-LA-CMPE-GENRE,Laos,Full,XGBoost,2,0,0.020136769860982895,0
5612,RCN15153,1208-PF-LA-CMPE-GENRE,Laos,Full,XGBoost,2,0,0.006990337278693914,0
5613,RCN15154,1208-PF-LA-CMPE-GENRE,Laos,Full,XGBoost,2,0,0.023864885792136192,0
5614,RCN15155,1208-PF-LA-CMPE-GENRE,Laos,Full,XGBoost,2,0,0.007360078394412994,0
5615,RCN15160,1208-PF-LA-CMPE-GENRE,Laos,Full,XGBoost,2,0,0.018996475264430046,0
5616,RCN15161,1208-PF-LA-CMPE-GENRE,Laos,Full,XGBoost,2,0,0.023864885792136192,0
5617,RCN15162,1208-PF-LA-CMPE-GENRE,Laos,Full,XGBoost,2,0,0.015929749235510826,0
5618,RCN15163,1208-PF-LA-CMPE-GENRE,Laos,Full,XGBoost,2,0,0.02048513852059841,0
5619,RCN15164,1208-PF-LA-CMPE-GENRE,Laos,Full,XGBoost,2,0,0.004547411110252142,0
5620,RCN15165,1208-PF-LA-CMPE-GENRE,Laos,Full,XGBoost,2,0,0.006983323488384485,0
5621,RCN15167,1208-PF-LA-CMPE-GENRE,Laos,Full,XGBoost,2,0,0.023864885792136192,0
5622,RCN15168,1208-PF-LA-CMPE-GENRE,Laos,Full,XGBoost,2,0,0.004968952853232622,0
5623,RCN15169,1208-PF-LA-CMPE-GENRE,Laos,Full,XGBoost,2,0,0.015105516649782658,0
5624,RCN15170,1208-PF-LA-CMPE-GENRE,Laos,Full,XGBoost,2,0,0.006915820296853781,0
5625,RCN15171,1208-PF-LA-CMPE-GENRE,Laos,Full,XGBoost,2,0,0.0052151610143482685,0
5626,RCN15172,1208-PF-LA-CMPE-GENRE,Laos,Full,XGBoost,2,0,0.004764762241393328,0
5627,RCN15173,1208-PF-LA-CMPE-GENRE,Laos,Full,XGBoost,2,0,0.023864885792136192,0
5628,RCN15174,1208-PF-LA-CMPE-GENRE,Laos,Full,XGBoost,2,0,0.023864885792136192,0
5629,RCN15175,1208-PF-LA-CMPE-GENRE,Laos,Full,XGBoost,2,0,0.004645985551178455,0
5630,RCN15176,1208-PF-LA-CMPE-GENRE,Laos,Full,XGBoost,2,0,0.004547411110252142,0
5631,RCN15178,1208-PF-LA-CMPE-GENRE,Laos,Full,XGBoost,2,0,0.004744447767734528,0
5632,RCN15179,1208-PF-LA-CMPE-GENRE,Laos,Full,XGBoost,2,0,0.01895398460328579,0
5633,RCN15180,1208-PF-LA-CMPE-GENRE,Laos,Full,XGBoost,2,0,0.03678460046648979,0
5634,RCN15182,1208-PF-LA-CMPE-GENRE,Laos,Full,XGBoost,2,0,0.003340895986184478,0
5635,RCN15183,1208-PF-LA-CMPE-GENRE,Laos,Full,XGBoost,2,0,0.005323855672031641,0
5636,RCN15184,1208-PF-LA-CMPE-GENRE,Laos,Full,XGBoost,2,0,0.004968952853232622,0
5637,RCN15185,1208-PF-LA-CMPE-GENRE,Laos,Full,XGBoost,2,0,0.009896993637084961,0
5638,RCN15186,1208-PF-LA-CMPE-GENRE,Laos,Full,XGBoost,2,0,0.0029599301051348448,0
5639,RCN15187,1208-PF-LA-CMPE-GENRE,Laos,Full,XGBoost,2,0,0.007359963376075029,0
5640,RCN15189,1208-PF-LA-CMPE-GENRE,Laos,Full,XGBoost,2,0,0.002054076874628663,0
5641,RCN15190,1208-PF-LA-CMPE-GENRE,Laos,Full,XGBoost,2,0,0.01419566199183464,0
5642,RCN15191,1208-PF-LA-CMPE-GENRE,Laos,Full,XGBoost,2,0,0.004284337162971497,0
5643,RCN15192,1208-PF-LA-CMPE-GENRE,Laos,Full,XGBoost,2,0,0.016682622954249382,0
5644,RCN15193,1208-PF-LA-CMPE-GENRE,Laos,Full,XGBoost,2,0,0.005323855672031641,0
5645,RCN15194,1208-PF-LA-CMPE-GENRE,Laos,Full,XGBoost,2,0,0.005545449908822775,0
5646,RCN15195,1208-PF-LA-CMPE-GENRE,Laos,Full,XGBoost,2,0,0.01336319837719202,0
5647,RCN15196,1208-PF-LA-CMPE-GENRE,Laos,Full,XGBoost,2,0,0.01678503304719925,0
5648,RCN15197,1208-PF-LA-CMPE-GENRE,Laos,Full,XGBoost,2,0,0.01419566199183464,0
5649,RCN15198,1208-PF-LA-CMPE-GENRE,Laos,Full,XGBoost,2,0,0.0027697759214788675,0
5650,RCN15199,1208-PF-LA-CMPE-GENRE,Laos,Full,XGBoost,2,0,0.0037208106368780136,0
5651,RCN15200,1208-PF-LA-CMPE-GENRE,Laos,Full,XGBoost,2,0,0.003825755324214697,0
5652,RCN15201,1208-PF-LA-CMPE-GENRE,Laos,Full,XGBoost,2,0,0.010805770754814148,0
5653,RCN15202,1208-PF-LA-CMPE-GENRE,Laos,Full,XGBoost,2,0,0.009830287657678127,0
5654,RCN15204,1208-PF-LA-CMPE-GENRE,Laos,Full,XGBoost,2,0,0.006274205632507801,0
5655,RCN15205,1208-PF-LA-CMPE-GENRE,Laos,Full,XGBoost,2,0,0.004824286326766014,0
5656,RCN15206,1208-PF-LA-CMPE-GENRE,Laos,Full,XGBoost,2,0,0.008520788513123989,0
5657,RCN15207,1208-PF-LA-CMPE-GENRE,Laos,Full,XGBoost,2,0,0.003907274454832077,0
5658,RCN15208,1208-PF-LA-CMPE-GENRE,Laos,Full,XGBoost,2,0,0.007775108329951763,0
5659,RCN15209,1208-PF-LA-CMPE-GENRE,Laos,Full,XGBoost,2,1,0.5318935513496399,1
5660,RCN15210,1208-PF-LA-CMPE-GENRE,Laos,Full,XGBoost,2,0,0.016800133511424065,0
5661,RCN15211,1208-PF-LA-CMPE-GENRE,Laos,Full,XGBoost,2,0,0.0037208106368780136,0
5662,RCN15212,1208-PF-LA-CMPE-GENRE,Laos,Full,XGBoost,2,0,0.004284337162971497,0
5663,RCN15213,1208-PF-LA-CMPE-GENRE,Laos,Full,XGBoost,2,0,0.01236514188349247,0
5664,RCN15215,1208-PF-LA-CMPE-GENRE,Laos,Full,XGBoost,2,1,0.5632579922676086,1
5665,RCN15216,1208-PF-LA-CMPE-GENRE,Laos,Full,XGBoost,2,0,0.10574554651975632,0
5666,RCN15217,1208-PF-LA-CMPE-GENRE,Laos,Full,XGBoost,2,0,0.017962591722607613,0
5667,RCN15218,1208-PF-LA-CMPE-GENRE,Laos,Full,XGBoost,2,0,0.017606375738978386,0
5668,RCN15219,1208-PF-LA-CMPE-GENRE,Laos,Full,XGBoost,2,0,0.01678503304719925,0
5669,RCN15220,1208-PF-LA-CMPE-GENRE,Laos,Full,XGBoost,2,0,0.005323855672031641,0
5670,RCN15221,1208-PF-LA-CMPE-GENRE,Laos,Full,XGBoost,2,0,0.0117094861343503,0
5671,RCN15222,1208-PF-LA-CMPE-GENRE,Laos,Full,XGBoost,2,0,0.003949657082557678,0
5672,RCN15224,1208-PF-LA-CMPE-GENRE,Laos,Full,XGBoost,2,0,0.022176016122102737,0
5673,RCN15225,1208-PF-LA-CMPE-GENRE,Laos,Full,XGBoost,2,0,0.017606375738978386,0
5674,RCN15226,1208-PF-LA-CMPE-GENRE,Laos,Full,XGBoost,2,0,0.018706675618886948,0
5675,RCN15227,1208-PF-LA-CMPE-GENRE,Laos,Full,XGBoost,2,0,0.017606375738978386,0
5676,RCN15228,1208-PF-LA-CMPE-GENRE,Laos,Full,XGBoost,2,0,0.016800133511424065,0
5677,RCN15229,1208-PF-LA-CMPE-GENRE,Laos,Full,XGBoost,2,0,0.002787575125694275,0
5678,RCN15230,1208-PF-LA-CMPE-GENRE,Laos,Full,XGBoost,2,0,0.05313611030578613,0
5679,RCN15231,1208-PF-LA-CMPE-GENRE,Laos,Full,XGBoost,2,0,0.01167299598455429,0
5680,RCN15233,1208-PF-LA-CMPE-GENRE,Laos,Full,XGBoost,2,1,0.9979415535926819,1
5681,RCN15234,1208-PF-LA-CMPE-GENRE,Laos,Full,XGBoost,2,0,0.029561873525381088,0
5682,RCN15235,1208-PF-LA-CMPE-GENRE,Laos,Full,XGBoost,2,1,0.9977774024009705,1
5683,RCN15236,1208-PF-LA-CMPE-GENRE,Laos,Full,XGBoost,2,1,0.998512327671051,1
5684,RCN15237,1208-PF-LA-CMPE-GENRE,Laos,Full,XGBoost,2,1,0.9972867965698242,1
5685,RCN15238,1208-PF-LA-CMPE-GENRE,Laos,Full,XGBoost,2,0,0.12265133857727051,0
5686,RCN15239,1208-PF-LA-CMPE-GENRE,Laos,Full,XGBoost,2,0,0.9357293844223022,1
5687,RCN15240,1208-PF-LA-CMPE-GENRE,Laos,Full,XGBoost,2,1,0.9977784752845764,1
5688,RCN15241,1208-PF-LA-CMPE-GENRE,Laos,Full,XGBoost,2,1,0.9979153275489807,1
5689,RCN15242,1208-PF-LA-CMPE-GENRE,Laos,Full,XGBoost,2,1,0.9977784752845764,1
5690,RCN15243,1208-PF-LA-CMPE-GENRE,Laos,Full,XGBoost,2,1,0.9964720010757446,1
5691,RCN15244,1208-PF-LA-CMPE-GENRE,Laos,Full,XGBoost,2,1,0.9964720010757446,1
5692,RCN15245,1208-PF-LA-CMPE-GENRE,Laos,Full,XGBoost,2,1,0.9967002272605896,1
5693,RCN15246,1208-PF-LA-CMPE-GENRE,Laos,Full,XGBoost,2,0,0.03912026435136795,0
5694,RCN15247,1208-PF-LA-CMPE-GENRE,Laos,Full,XGBoost,2,0,0.44769930839538574,0
5695,RCN15248,1208-PF-LA-CMPE-GENRE,Laos,Full,XGBoost,2,1,0.9964820146560669,1
5696,RCN15249,1208-PF-LA-CMPE-GENRE,Laos,Full,XGBoost,2,1,0.932569682598114,1
5697,RCN15250,1208-PF-LA-CMPE-GENRE,Laos,Full,XGBoost,2,0,0.020767947658896446,0
5698,RCN15251,1208-PF-LA-CMPE-GENRE,Laos,Full,XGBoost,2,0,0.0046027968637645245,0
5699,RCN15252,1208-PF-LA-CMPE-GENRE,Laos,Full,XGBoost,2,0,0.006377434358000755,0
5700,RCN15253,1208-PF-LA-CMPE-GENRE,Laos,Full,XGBoost,2,0,0.02713756635785103,0
5701,RCN15255,1208-PF-LA-CMPE-GENRE,Laos,Full,XGBoost,2,0,0.3942243754863739,0
5702,RCN15256,1208-PF-LA-CMPE-GENRE,Laos,Full,XGBoost,2,0,0.5806027054786682,1
5703,RCN15258,1208-PF-LA-CMPE-GENRE,Laos,Full,XGBoost,2,1,0.9972834587097168,1
5704,RCN15259,1208-PF-LA-CMPE-GENRE,Laos,Full,XGBoost,2,0,0.019045259803533554,0
5705,RCN15260,1208-PF-LA-CMPE-GENRE,Laos,Full,XGBoost,2,1,0.9979153275489807,1
5706,RCN15261,1208-PF-LA-CMPE-GENRE,Laos,Full,XGBoost,2,1,0.9979415535926819,1
5707,RCN15262,1208-PF-LA-CMPE-GENRE,Laos,Full,XGBoost,2,0,0.0698796734213829,0
5708,RCN15264,1208-PF-LA-CMPE-GENRE,Laos,Full,XGBoost,2,0,0.020813550800085068,0
5709,RCN15265,1208-PF-LA-CMPE-GENRE,Laos,Full,XGBoost,2,0,0.020767947658896446,0
5710,RCN15267,1208-PF-LA-CMPE-GENRE,Laos,Full,XGBoost,2,0,0.015797367319464684,0
5711,RCN15268,1208-PF-LA-CMPE-GENRE,Laos,Full,XGBoost,2,0,0.022592155262827873,0
5712,RCN15269,1208-PF-LA-CMPE-GENRE,Laos,Full,XGBoost,2,1,0.9864804148674011,1
5713,RCN15270,1208-PF-LA-CMPE-GENRE,Laos,Full,XGBoost,2,0,0.02949274517595768,0
5714,RCN15271,1208-PF-LA-CMPE-GENRE,Laos,Full,XGBoost,2,0,0.020813550800085068,0
5715,RCN15272,1208-PF-LA-CMPE-GENRE,Laos,Full,XGBoost,2,0,0.11896032094955444,0
5716,RCN15273,1208-PF-LA-CMPE-GENRE,Laos,Full,XGBoost,2,0,0.02407907135784626,0
5717,RCN15274,1208-PF-LA-CMPE-GENRE,Laos,Full,XGBoost,2,1,0.2339671403169632,0
5718,RCN15275,1208-PF-LA-CMPE-GENRE,Laos,Full,XGBoost,2,1,0.9987471103668213,1
5719,RCN15276,1208-PF-LA-CMPE-GENRE,Laos,Full,XGBoost,2,1,0.9990208148956299,1
5720,RCN15277,1208-PF-LA-CMPE-GENRE,Laos,Full,XGBoost,2,0,0.024884186685085297,0
5721,RCN15278,1208-PF-LA-CMPE-GENRE,Laos,Full,XGBoost,2,1,0.9987209439277649,1
5722,RCN15279,1208-PF-LA-CMPE-GENRE,Laos,Full,XGBoost,2,1,0.9990208148956299,1
5723,RCN15280,1208-PF-LA-CMPE-GENRE,Laos,Full,XGBoost,2,1,0.998462438583374,1
5724,RCN15281,1208-PF-LA-CMPE-GENRE,Laos,Full,XGBoost,2,1,0.9982670545578003,1
5725,RCN15282,1208-PF-LA-CMPE-GENRE,Laos,Full,XGBoost,2,1,0.9989757537841797,1
5726,RCN15283,1208-PF-LA-CMPE-GENRE,Laos,Full,XGBoost,2,1,0.9987209439277649,1
5727,RCN15284,1208-PF-LA-CMPE-GENRE,Laos,Full,XGBoost,2,0,0.9043437838554382,1
5728,RCN15285,1208-PF-LA-CMPE-GENRE,Laos,Full,XGBoost,2,0,0.07404665648937225,0
5729,RCN15287,1208-PF-LA-CMPE-GENRE,Laos,Full,XGBoost,2,0,0.020767947658896446,0
5730,RCN15288,1208-PF-LA-CMPE-GENRE,Laos,Full,XGBoost,2,0,0.020617729052901268,0
5731,RCN15290,1208-PF-LA-CMPE-GENRE,Laos,Full,XGBoost,2,0,0.1041475310921669,0
5732,RCN15291,1208-PF-LA-CMPE-GENRE,Laos,Full,XGBoost,2,0,0.01480895932763815,0
5733,RCN15292,1208-PF-LA-CMPE-GENRE,Laos,Full,XGBoost,2,0,0.024432670325040817,0
5734,RCN15293,1208-PF-LA-CMPE-GENRE,Laos,Full,XGBoost,2,0,0.028515823185443878,0
5735,RCN15294,1208-PF-LA-CMPE-GENRE,Laos,Full,XGBoost,2,0,0.018784895539283752,0
5736,RCN15295,1208-PF-LA-CMPE-GENRE,Laos,Full,XGBoost,2,1,0.9081392884254456,1
5737,RCN15296,1208-PF-LA-CMPE-GENRE,Laos,Full,XGBoost,2,0,0.049122169613838196,0
5738,RCN15297,1208-PF-LA-CMPE-GENRE,Laos,Full,XGBoost,2,0,0.048763930797576904,0
5739,RCN15298,1208-PF-LA-CMPE-GENRE,Laos,Full,XGBoost,2,0,0.02205357700586319,0
5740,RCN15299,1208-PF-LA-CMPE-GENRE,Laos,Full,XGBoost,2,0,0.043505821377038956,0
5741,RCN15300,1208-PF-LA-CMPE-GENRE,Laos,Full,XGBoost,2,0,0.01876804605126381,0
5742,RCN15301,1208-PF-LA-CMPE-GENRE,Laos,Full,XGBoost,2,0,0.05098643898963928,0
5743,RCN15302,1208-PF-LA-CMPE-GENRE,Laos,Full,XGBoost,2,0,0.011341539211571217,0
5744,RCN15303,1208-PF-LA-CMPE-GENRE,Laos,Full,XGBoost,2,0,0.04368480667471886,0
5745,RCN15304,1208-PF-LA-CMPE-GENRE,Laos,Full,XGBoost,2,0,0.04548066854476929,0
5746,RCN15305,1208-PF-LA-CMPE-GENRE,Laos,Full,XGBoost,2,0,0.013144056312739849,0
5747,RCN15306,1208-PF-LA-CMPE-GENRE,Laos,Full,XGBoost,2,1,0.45576587319374084,0
5748,RCN15307,1208-PF-LA-CMPE-GENRE,Laos,Full,XGBoost,2,0,0.3408299684524536,0
5749,RCN15308,1208-PF-LA-CMPE-GENRE,Laos,Full,XGBoost,2,0,0.024432670325040817,0
5750,RCN15309,1208-PF-LA-CMPE-GENRE,Laos,Full,XGBoost,2,0,0.024432670325040817,0
5751,RCN15310,1208-PF-LA-CMPE-GENRE,Laos,Full,XGBoost,2,1,0.7577196359634399,1
5752,RCN15311,1208-PF-LA-CMPE-GENRE,Laos,Full,XGBoost,2,0,0.019407257437705994,0
5753,RCN15312,1208-PF-LA-CMPE-GENRE,Laos,Full,XGBoost,2,0,0.020617729052901268,0
5754,RCN15313,1208-PF-LA-CMPE-GENRE,Laos,Full,XGBoost,2,0,0.024432670325040817,0
5755,RCN15315,1208-PF-LA-CMPE-GENRE,Laos,Full,XGBoost,2,1,0.9987209439277649,1
5756,RCN15316,1208-PF-LA-CMPE-GENRE,Laos,Full,XGBoost,2,0,0.01480895932763815,0
5757,RCN15317,1208-PF-LA-CMPE-GENRE,Laos,Full,XGBoost,2,0,0.02205357700586319,0
5758,RCN15318,1208-PF-LA-CMPE-GENRE,Laos,Full,XGBoost,2,0,0.020749356597661972,0
5759,RCN15319,1208-PF-LA-CMPE-GENRE,Laos,Full,XGBoost,2,0,0.019045259803533554,0
5760,RCN15320,1208-PF-LA-CMPE-GENRE,Laos,Full,XGBoost,2,0,0.05077911540865898,0
5761,RCN15321,1208-PF-LA-CMPE-GENRE,Laos,Full,XGBoost,2,0,0.05077911540865898,0
5762,RCN15322,1208-PF-LA-CMPE-GENRE,Laos,Full,XGBoost,2,0,0.01876804605126381,0
5763,RCN15323,1208-PF-LA-CMPE-GENRE,Laos,Full,XGBoost,2,0,0.03863849863409996,0
5764,RCN15324,1208-PF-LA-CMPE-GENRE,Laos,Full,XGBoost,2,0,0.024884186685085297,0
5765,RCN15325,1208-PF-LA-CMPE-GENRE,Laos,Full,XGBoost,2,0,0.029792845249176025,0
5766,RCN15326,1208-PF-LA-CMPE-GENRE,Laos,Full,XGBoost,2,0,0.02358655072748661,0
5767,RCN15327,1208-PF-LA-CMPE-GENRE,Laos,Full,XGBoost,2,1,0.9987471103668213,1
5768,RCN15328,1208-PF-LA-CMPE-GENRE,Laos,Full,XGBoost,2,1,0.9987471103668213,1
5769,RCN15329,1208-PF-LA-CMPE-GENRE,Laos,Full,XGBoost,2,1,0.9989581108093262,1
5770,RCN15330,1208-PF-LA-CMPE-GENRE,Laos,Full,XGBoost,2,0,0.019450748339295387,0
5771,RCN15331,1208-PF-LA-CMPE-GENRE,Laos,Full,XGBoost,2,0,0.04162951558828354,0
5772,RCN15332,1208-PF-LA-CMPE-GENRE,Laos,Full,XGBoost,2,0,0.020767947658896446,0
5773,RCN15333,1208-PF-LA-CMPE-GENRE,Laos,Full,XGBoost,2,1,0.9979711174964905,1
5774,RCN15334,1208-PF-LA-CMPE-GENRE,Laos,Full,XGBoost,2,0,0.024432670325040817,0
5775,RCN15335,1208-PF-LA-CMPE-GENRE,Laos,Full,XGBoost,2,0,0.007180365268141031,0
5776,RCN15337,1208-PF-LA-CMPE-GENRE,Laos,Full,XGBoost,2,0,0.007937280461192131,0
5777,RCN15338,1208-PF-LA-CMPE-GENRE,Laos,Full,XGBoost,2,0,0.007937280461192131,0
5778,RCN15340,1208-PF-LA-CMPE-GENRE,Laos,Full,XGBoost,2,1,0.8047324419021606,1
5779,RCN15341,1208-PF-LA-CMPE-GENRE,Laos,Full,XGBoost,2,0,0.020749356597661972,0
5780,RCN15342,1208-PF-LA-CMPE-GENRE,Laos,Full,XGBoost,2,1,0.9989657402038574,1
5781,RCN15343,1208-PF-LA-CMPE-GENRE,Laos,Full,XGBoost,2,1,0.9834505319595337,1
5782,RCN15345,1208-PF-LA-CMPE-GENRE,Laos,Full,XGBoost,2,0,0.020749356597661972,0
5783,RCN15346,1208-PF-LA-CMPE-GENRE,Laos,Full,XGBoost,2,0,0.020749356597661972,0
5784,RCN15347,1208-PF-LA-CMPE-GENRE,Laos,Full,XGBoost,2,1,0.9605156779289246,1
5785,RCN15348,1208-PF-LA-CMPE-GENRE,Laos,Full,XGBoost,2,1,0.9605156779289246,1
5786,RCN15349,1208-PF-LA-CMPE-GENRE,Laos,Full,XGBoost,2,1,0.9617903828620911,1
5787,RCN15350,1208-PF-LA-CMPE-GENRE,Laos,Full,XGBoost,2,1,0.958005964756012,1
5788,RCN15351,1208-PF-LA-CMPE-GENRE,Laos,Full,XGBoost,2,1,0.9834587574005127,1
5789,RCN15352,1208-PF-LA-CMPE-GENRE,Laos,Full,XGBoost,2,0,0.021725306287407875,0
5790,RCN15353,1208-PF-LA-CMPE-GENRE,Laos,Full,XGBoost,2,1,0.9605156779289246,1
5791,RCN15354,1208-PF-LA-CMPE-GENRE,Laos,Full,XGBoost,2,1,0.9979415535926819,1
5792,RCN15355,1208-PF-LA-CMPE-GENRE,Laos,Full,XGBoost,2,1,0.9605156779289246,1
5793,RCN15356,1208-PF-LA-CMPE-GENRE,Laos,Full,XGBoost,2,0,0.02205672487616539,0
5794,RCN15357,1208-PF-LA-CMPE-GENRE,Laos,Full,XGBoost,2,0,0.01876804605126381,0
5795,RCN15358,1208-PF-LA-CMPE-GENRE,Laos,Full,XGBoost,2,1,0.9987209439277649,1
5796,RCN15359,1208-PF-LA-CMPE-GENRE,Laos,Full,XGBoost,2,1,0.9945518374443054,1
5797,RCN15360,1208-PF-LA-CMPE-GENRE,Laos,Full,XGBoost,2,0,0.9586301445960999,1
5798,RCN15362,1208-PF-LA-CMPE-GENRE,Laos,Full,XGBoost,2,0,0.02205672487616539,0
5799,RCN15363,1208-PF-LA-CMPE-GENRE,Laos,Full,XGBoost,2,0,0.022621454671025276,0
5800,RCN15364,1208-PF-LA-CMPE-GENRE,Laos,Full,XGBoost,2,0,0.020767947658896446,0
5801,RCN15365,1208-PF-LA-CMPE-GENRE,Laos,Full,XGBoost,2,0,0.02181672863662243,0
5802,RCN15366,1208-PF-LA-CMPE-GENRE,Laos,Full,XGBoost,2,0,0.020767947658896446,0
5803,RCN15368,1208-PF-LA-CMPE-GENRE,Laos,Full,XGBoost,2,0,0.019962549209594727,0
5804,RCN15369,1208-PF-LA-CMPE-GENRE,Laos,Full,XGBoost,2,0,0.020749356597661972,0
5805,RCN15370,1208-PF-LA-CMPE-GENRE,Laos,Full,XGBoost,2,0,0.02359381876885891,0
5806,RCN15371,1208-PF-LA-CMPE-GENRE,Laos,Full,XGBoost,2,1,0.9990208148956299,1
5807,RCN15372,1208-PF-LA-CMPE-GENRE,Laos,Full,XGBoost,2,0,0.020749356597661972,0
5808,RCN15373,1208-PF-LA-CMPE-GENRE,Laos,Full,XGBoost,2,0,0.020767947658896446,0
5809,RCN15374,1208-PF-LA-CMPE-GENRE,Laos,Full,XGBoost,2,0,0.020767947658896446,0
5810,RCN15376,1208-PF-LA-CMPE-GENRE,Laos,Full,XGBoost,2,0,0.018390793353319168,0
5811,RCN15377,1208-PF-LA-CMPE-GENRE,Laos,Full,XGBoost,2,0,0.019407257437705994,0
5812,RCN15378,1208-PF-LA-CMPE-GENRE,Laos,Full,XGBoost,2,0,0.030028998851776123,0
5813,RCN15379,1208-PF-LA-CMPE-GENRE,Laos,Full,XGBoost,2,0,0.02205672487616539,0
5814,RCN15380,1208-PF-LA-CMPE-GENRE,Laos,Full,XGBoost,2,0,0.020749356597661972,0
5815,RCN15381,1208-PF-LA-CMPE-GENRE,Laos,Full,XGBoost,2,0,0.020749356597661972,0
5816,RCN15382,1208-PF-LA-CMPE-GENRE,Laos,Full,XGBoost,2,0,0.020749356597661972,0
5817,RCN15386,1208-PF-LA-CMPE-GENRE,Laos,Full,XGBoost,2,0,0.020767947658896446,0
5818,RCN15387,1208-PF-LA-CMPE-GENRE,Laos,Full,XGBoost,2,0,0.02181672863662243,0
5926,RCN16513,1210-PF-TH-MAUDE,Thailand,Full,XGBoost,2,1,0.9977805018424988,1
5927,RCN16514,1210-PF-TH-MAUDE,Thailand,Full,XGBoost,2,1,0.98951655626297,1
5928,RCN16515,1210-PF-TH-MAUDE,Thailand,Full,XGBoost,2,1,0.9973946809768677,1
5929,RCN16516,1210-PF-TH-MAUDE,Thailand,Full,XGBoost,2,1,0.9970424771308899,1
5930,RCN16517,1210-PF-TH-MAUDE,Thailand,Full,XGBoost,2,1,0.9827510714530945,1
5931,RCN16518,1210-PF-TH-MAUDE,Thailand,Full,XGBoost,2,1,0.9763745665550232,1
5932,RCN16519,1210-PF-TH-MAUDE,Thailand,Full,XGBoost,2,1,0.9806515574455261,1
5933,RCN16520,1210-PF-TH-MAUDE,Thailand,Full,XGBoost,2,1,0.9801208972930908,1
5934,RCN16521,1210-PF-TH-MAUDE,Thailand,Full,XGBoost,2,1,0.9889077544212341,1
5935,RCN16522,1210-PF-TH-MAUDE,Thailand,Full,XGBoost,2,1,0.9964240193367004,1
5936,RCN16524,1210-PF-TH-MAUDE,Thailand,Full,XGBoost,2,1,0.9775287508964539,1
5937,RCN16528,1210-PF-TH-MAUDE,Thailand,Full,XGBoost,2,1,0.9482320547103882,1
5938,RCN16529,1210-PF-TH-MAUDE,Thailand,Full,XGBoost,2,1,0.998206377029419,1
5939,RCN16530,1210-PF-TH-MAUDE,Thailand,Full,XGBoost,2,1,0.9963602423667908,1
5940,RCN16531,1210-PF-TH-MAUDE,Thailand,Full,XGBoost,2,1,0.9984657764434814,1
5941,RCN16532,1210-PF-TH-MAUDE,Thailand,Full,XGBoost,2,1,0.9972289204597473,1
5942,RCN16534,1210-PF-TH-MAUDE,Thailand,Full,XGBoost,2,1,0.9469313025474548,1
5943,RCN16536,1210-PF-TH-MAUDE,Thailand,Full,XGBoost,2,1,0.995391845703125,1
5944,RCN16537,1210-PF-TH-MAUDE,Thailand,Full,XGBoost,2,1,0.98951655626297,1
5945,RCN16538,1210-PF-TH-MAUDE,Thailand,Full,XGBoost,2,1,0.9915879368782043,1
5946,RCN16539,1210-PF-TH-MAUDE,Thailand,Full,XGBoost,2,1,0.9873587489128113,1
5947,RCN16540,1210-PF-TH-MAUDE,Thailand,Full,XGBoost,2,1,0.9972289204597473,1
5948,RCN16541,1210-PF-TH-MAUDE,Thailand,Full,XGBoost,2,1,0.9974164962768555,1
5949,RCN16542,1210-PF-TH-MAUDE,Thailand,Full,XGBoost,2,1,0.9964838027954102,1
5950,RCN16544,1210-PF-TH-MAUDE,Thailand,Full,XGBoost,2,1,0.9961208701133728,1
5951,RCN16545,1210-PF-TH-MAUDE,Thailand,Full,XGBoost,2,1,0.9731493592262268,1
5952,RCN16546,1210-PF-TH-MAUDE,Thailand,Full,XGBoost,2,1,0.9213324189186096,1
5953,RCN16548,1210-PF-TH-MAUDE,Thailand,Full,XGBoost,2,1,0.9972635507583618,1
5954,RCN16549,1210-PF-TH-MAUDE,Thailand,Full,XGBoost,2,1,0.9972289204597473,1
5955,RCN16550,1210-PF-TH-MAUDE,Thailand,Full,XGBoost,2,1,0.9964838027954102,1
5956,RCN16551,1210-PF-TH-MAUDE,Thailand,Full,XGBoost,2,1,0.9959955215454102,1
5957,RCN16552,1210-PF-TH-MAUDE,Thailand,Full,XGBoost,2,1,0.9977784752845764,1
5958,RCN16553,1210-PF-TH-MAUDE,Thailand,Full,XGBoost,2,1,0.9967415928840637,1
5959,RCN16554,1210-PF-TH-MAUDE,Thailand,Full,XGBoost,2,1,0.9964820146560669,1
5960,RCN16555,1210-PF-TH-MAUDE,Thailand,Full,XGBoost,2,1,0.9964240193367004,1
5961,RCN16557,1210-PF-TH-MAUDE,Thailand,Full,XGBoost,2,1,0.997331976890564,1
5962,RCN16558,1210-PF-TH-MAUDE,Thailand,Full,XGBoost,2,1,0.9975619316101074,1
5963,RCN16559,1210-PF-TH-MAUDE,Thailand,Full,XGBoost,2,1,0.9977774024009705,1
5964,RCN16560,1210-PF-TH-MAUDE,Thailand,Full,XGBoost,2,1,0.9975963234901428,1
5965,RCN16561,1210-PF-TH-MAUDE,Thailand,Full,XGBoost,2,1,0.9979415535926819,1
5966,RCN16562,1210-PF-TH-MAUDE,Thailand,Full,XGBoost,2,1,0.997331976890564,1
5967,RCN16563,1210-PF-TH-MAUDE,Thailand,Full,XGBoost,2,1,0.997331976890564,1
5968,RCN16564,1210-PF-TH-MAUDE,Thailand,Full,XGBoost,2,1,0.9939674139022827,1
5969,RCN16565,1210-PF-TH-MAUDE,Thailand,Full,XGBoost,2,1,0.9979153275489807,1
5970,RCN16575,1210-PF-TH-MAUDE,Thailand,Full,XGBoost,2,1,0.6715443134307861,1
5971,RCN16576,1210-PF-TH-MAUDE,Thailand,Full,XGBoost,2,1,0.9969570636749268,1
5972,RCN16578,1210-PF-TH-MAUDE,Thailand,Full,XGBoost,2,1,0.9957668781280518,1
5973,RCN16587,1210-PF-TH-MAUDE,Thailand,Full,XGBoost,2,1,0.9975963234901428,1
6689,RCN25181,1208-PF-LA-CMPE-GENRE,Laos,Full,XGBoost,2,1,0.9983776807785034,1
6690,RCN25182,1208-PF-LA-CMPE-GENRE,Laos,Full,XGBoost,2,1,0.9987216591835022,1
6691,RCN25183,1208-PF-LA-CMPE-GENRE,Laos,Full,XGBoost,2,1,0.9987379908561707,1
6692,RCN25187,1208-PF-LA-CMPE-GENRE,Laos,Full,XGBoost,2,1,0.9992501139640808,1
6693,RCN25188,1208-PF-LA-CMPE-GENRE,Laos,Full,XGBoost,2,1,0.5472964644432068,1
6694,RCN25190,1208-PF-LA-CMPE-GENRE,Laos,Full,XGBoost,2,1,0.9877457022666931,1
6695,RCN25192,1208-PF-LA-CMPE-GENRE,Laos,Full,XGBoost,2,1,0.9371705651283264,1
6696,RCN25203,1208-PF-LA-CMPE-GENRE,Laos,Full,XGBoost,2,1,0.9962363839149475,1
6697,RCN25204,1208-PF-LA-CMPE-GENRE,Laos,Full,XGBoost,2,1,0.9986580610275269,1
6698,RCN25206,1208-PF-LA-CMPE-GENRE,Laos,Full,XGBoost,2,1,0.9988124370574951,1
6699,RCN25207,1208-PF-LA-CMPE-GENRE,Laos,Full,XGBoost,2,0,0.05479614809155464,0
6700,RCN25208,1208-PF-LA-CMPE-GENRE,Laos,Full,XGBoost,2,1,0.8435937166213989,1
6701,RCN25209,1208-PF-LA-CMPE-GENRE,Laos,Full,XGBoost,2,1,0.9973894953727722,1
6702,RCN25211,1208-PF-LA-CMPE-GENRE,Laos,Full,XGBoost,2,1,0.7715455889701843,1
6703,RCN25213,1208-PF-LA-CMPE-GENRE,Laos,Full,XGBoost,2,1,0.9969280362129211,1
6704,RCN25215,1208-PF-LA-CMPE-GENRE,Laos,Full,XGBoost,2,1,0.9975481629371643,1
6705,RCN25221,1208-PF-LA-CMPE-GENRE,Laos,Full,XGBoost,2,1,0.9982226490974426,1
6706,RCN25223,1208-PF-LA-CMPE-GENRE,Laos,Full,XGBoost,2,1,0.9871811270713806,1
6707,RCN25228,1208-PF-LA-CMPE-GENRE,Laos,Full,XGBoost,2,1,0.9990770816802979,1
6708,RCN25232,1208-PF-LA-CMPE-GENRE,Laos,Full,XGBoost,2,1,0.9818609952926636,1
6709,RCN25234,1208-PF-LA-CMPE-GENRE,Laos,Full,XGBoost,2,1,0.9985841512680054,1
6710,RCN25238,1208-PF-LA-CMPE-GENRE,Laos,Full,XGBoost,2,1,0.9887868762016296,1
6711,RCN25240,1208-PF-LA-CMPE-GENRE,Laos,Full,XGBoost,2,1,0.998507559299469,1
6712,RCN25249,1208-PF-LA-CMPE-GENRE,Laos,Full,XGBoost,2,1,0.997536301612854,1
6713,RCN25251,1208-PF-LA-CMPE-GENRE,Laos,Full,XGBoost,2,1,0.5359984040260315,1
6714,RCN25252,1208-PF-LA-CMPE-GENRE,Laos,Full,XGBoost,2,1,0.44506192207336426,0
6715,RCN25257,1208-PF-LA-CMPE-GENRE,Laos,Full,XGBoost,2,1,0.9872734546661377,1
6716,RCN25259,1208-PF-LA-CMPE-GENRE,Laos,Full,XGBoost,2,1,0.9978877902030945,1
6717,RCN25260,1208-PF-LA-CMPE-GENRE,Laos,Full,XGBoost,2,1,0.9962255954742432,1
6718,RCN25265,1208-PF-LA-CMPE-GENRE,Laos,Full,XGBoost,2,0,0.025213133543729782,0
6719,RCN25267,1208-PF-LA-CMPE-GENRE,Laos,Full,XGBoost,2,0,0.005296877585351467,0
6720,RCN25273,1208-PF-LA-CMPE-GENRE,Laos,Full,XGBoost,2,1,0.4767012894153595,0
6721,RCN25280,1208-PF-LA-CMPE-GENRE,Laos,Full,XGBoost,2,1,0.7745461463928223,1
6722,RCN25284,1208-PF-LA-CMPE-GENRE,Laos,Full,XGBoost,2,0,0.02218688279390335,0
6723,RCN25285,1208-PF-LA-CMPE-GENRE,Laos,Full,XGBoost,2,0,0.01639191247522831,0
6724,RCN25288,1208-PF-LA-CMPE-GENRE,Laos,Full,XGBoost,2,0,0.003636817680671811,0
6725,RCN25292,1208-PF-LA-CMPE-GENRE,Laos,Full,XGBoost,2,0,0.022375287488102913,0
6726,RCN25293,1208-PF-LA-CMPE-GENRE,Laos,Full,XGBoost,2,0,0.003348869737237692,0
6727,RCN25308,1208-PF-LA-CMPE-GENRE,Laos,Full,XGBoost,2,0,0.006013920065015554,0
6728,RCN25309,1208-PF-LA-CMPE-GENRE,Laos,Full,XGBoost,2,1,0.7944530248641968,1
6729,RCN25314,1208-PF-LA-CMPE-GENRE,Laos,Full,XGBoost,2,1,0.9989323019981384,1
6730,RCN25316,1208-PF-LA-CMPE-GENRE,Laos,Full,XGBoost,2,1,0.9978660941123962,1
6731,RCN25317,1208-PF-LA-CMPE-GENRE,Laos,Full,XGBoost,2,0,0.025706643238663673,0
6732,RCN25318,1208-PF-LA-CMPE-GENRE,Laos,Full,XGBoost,2,0,0.04306013882160187,0
6733,RCN25319,1208-PF-LA-CMPE-GENRE,Laos,Full,XGBoost,2,0,0.029825763776898384,0
6734,RCN25320,1208-PF-LA-CMPE-GENRE,Laos,Full,XGBoost,2,1,0.9966344237327576,1
6735,RCN25325,1208-PF-LA-CMPE-GENRE,Laos,Full,XGBoost,2,1,0.9988262057304382,1
6736,RCN25327,1208-PF-LA-CMPE-GENRE,Laos,Full,XGBoost,2,0,0.037084534764289856,0
6737,RCN25332,1208-PF-LA-CMPE-GENRE,Laos,Full,XGBoost,2,1,0.9924982190132141,1
6738,RCN25338,1208-PF-LA-CMPE-GENRE,Laos,Full,XGBoost,2,0,0.016217205673456192,0
6739,RCN25345,1208-PF-LA-CMPE-GENRE,Laos,Full,XGBoost,2,0,0.004968952853232622,0
6740,RCN25346,1208-PF-LA-CMPE-GENRE,Laos,Full,XGBoost,2,0,0.01657194085419178,0
6741,RCN25349,1208-PF-LA-CMPE-GENRE,Laos,Full,XGBoost,2,0,0.01685689017176628,0
6742,RCN25814,1208-PF-LA-CMPE-GENRE,Laos,Full,XGBoost,2,0,0.006385842803865671,0
6743,RCN25821,1208-PF-LA-CMPE-GENRE,Laos,Full,XGBoost,2,0,0.00481860525906086,0
6744,RCN25829,1208-PF-LA-CMPE-GENRE,Laos,Full,XGBoost,2,0,0.004778092261403799,0
6745,RCN25833,1208-PF-LA-CMPE-GENRE,Laos,Full,XGBoost,2,0,0.05303158238530159,0
6746,RCN25836,1208-PF-LA-CMPE-GENRE,Laos,Full,XGBoost,2,0,0.016842758283019066,0
6747,RCN25848,1208-PF-LA-CMPE-GENRE,Laos,Full,XGBoost,2,0,0.005763098131865263,0
6748,RCN25849,1208-PF-LA-CMPE-GENRE,Laos,Full,XGBoost,2,0,0.005716006737202406,0
6749,RCN25851,1208-PF-LA-CMPE-GENRE,Laos,Full,XGBoost,2,0,0.01690550334751606,0
6750,RCN25859,1208-PF-LA-CMPE-GENRE,Laos,Full,XGBoost,2,0,0.01332397572696209,0
6751,RCN25866,1208-PF-LA-CMPE-GENRE,Laos,Full,XGBoost,2,0,0.011192618869245052,0
6752,RCN25871,1208-PF-LA-CMPE-GENRE,Laos,Full,XGBoost,2,0,0.0038839066401124,0
6753,RCN25875,1208-PF-LA-CMPE-GENRE,Laos,Full,XGBoost,2,0,0.0051029762253165245,0
6754,RCN25884,1208-PF-LA-CMPE-GENRE,Laos,Full,XGBoost,2,0,0.025011111050844193,0
6755,RCN25885,1208-PF-LA-CMPE-GENRE,Laos,Full,XGBoost,2,0,0.005764073692262173,0
6756,RCN25886,1208-PF-LA-CMPE-GENRE,Laos,Full,XGBoost,2,1,0.5460252165794373,1
6757,RCN25890,1208-PF-LA-CMPE-GENRE,Laos,Full,XGBoost,2,0,0.009261483326554298,0
6758,RCN25892,1208-PF-LA-CMPE-GENRE,Laos,Full,XGBoost,2,0,0.017063703387975693,0
6759,RCN25897,1208-PF-LA-CMPE-GENRE,Laos,Full,XGBoost,2,0,0.00478022638708353,0
6760,RCN25898,1208-PF-LA-CMPE-GENRE,Laos,Full,XGBoost,2,0,0.041114259511232376,0
6761,RCN25902,1208-PF-LA-CMPE-GENRE,Laos,Full,XGBoost,2,0,0.04229218140244484,0
6762,RCN25906,1208-PF-LA-CMPE-GENRE,Laos,Full,XGBoost,2,0,0.0070008873008191586,0
6763,RCN25907,1208-PF-LA-CMPE-GENRE,Laos,Full,XGBoost,2,0,0.0061570643447339535,0
6764,RCN25908,1208-PF-LA-CMPE-GENRE,Laos,Full,XGBoost,2,0,0.0029349669348448515,0
6765,RCN25910,1208-PF-LA-CMPE-GENRE,Laos,Full,XGBoost,2,0,0.01781938038766384,0
6766,RCN25912,1208-PF-LA-CMPE-GENRE,Laos,Full,XGBoost,2,0,0.004687398672103882,0
6767,RCN25913,1208-PF-LA-CMPE-GENRE,Laos,Full,XGBoost,2,0,0.012727937661111355,0
6768,RCN25920,1208-PF-LA-CMPE-GENRE,Laos,Full,XGBoost,2,0,0.004220627248287201,0
6769,RCN25921,1208-PF-LA-CMPE-GENRE,Laos,Full,XGBoost,2,0,0.011384371668100357,0
6770,RCN25922,1208-PF-LA-CMPE-GENRE,Laos,Full,XGBoost,2,0,0.003932733088731766,0
6771,RCN25923,1208-PF-LA-CMPE-GENRE,Laos,Full,XGBoost,2,0,0.005763098131865263,0
6772,RCN25927,1208-PF-LA-CMPE-GENRE,Laos,Full,XGBoost,2,0,0.007653497159481049,0
6773,RCN25928,1208-PF-LA-CMPE-GENRE,Laos,Full,XGBoost,2,0,0.08306854963302612,0
6774,RCN25930,1208-PF-LA-CMPE-GENRE,Laos,Full,XGBoost,2,0,0.005674566142261028,0
6775,RCN25931,1208-PF-LA-CMPE-GENRE,Laos,Full,XGBoost,2,1,0.6617088913917542,1
6776,RCN25932,1208-PF-LA-CMPE-GENRE,Laos,Full,XGBoost,2,0,0.005108329467475414,0
6777,RCN25933,1208-PF-LA-CMPE-GENRE,Laos,Full,XGBoost,2,1,0.700114369392395,1
6778,RCN25934,1208-PF-LA-CMPE-GENRE,Laos,Full,XGBoost,2,0,0.0424535907804966,0
6779,RCN25935,1208-PF-LA-CMPE-GENRE,Laos,Full,XGBoost,2,0,0.02059979923069477,0
6780,RCN25936,1208-PF-LA-CMPE-GENRE,Laos,Full,XGBoost,2,0,0.0224088616669178,0
6781,RCN25937,1208-PF-LA-CMPE-GENRE,Laos,Full,XGBoost,2,0,0.019939972087740898,0
6782,RCN25938,1208-PF-LA-CMPE-GENRE,Laos,Full,XGBoost,2,1,0.9979698061943054,1
6783,RCN25942,1208-PF-LA-CMPE-GENRE,Laos,Full,XGBoost,2,0,0.004814877174794674,0
6784,RCN25943,1208-PF-LA-CMPE-GENRE,Laos,Full,XGBoost,2,0,0.040466003119945526,0
6785,RCN25944,1208-PF-LA-CMPE-GENRE,Laos,Full,XGBoost,2,0,0.0665028914809227,0
6786,RCN25945,1208-PF-LA-CMPE-GENRE,Laos,Full,XGBoost,2,0,0.13661958277225494,0
6787,RCN25946,1208-PF-LA-CMPE-GENRE,Laos,Full,XGBoost,2,1,0.7891797423362732,1
6788,RCN25947,1208-PF-LA-CMPE-GENRE,Laos,Full,XGBoost,2,1,0.8198971748352051,1
6789,RCN25952,1208-PF-LA-CMPE-GENRE,Laos,Full,XGBoost,2,0,0.014166237786412239,0
6790,RCN25956,1208-PF-LA-CMPE-GENRE,Laos,Full,XGBoost,2,0,0.010506466962397099,0
6791,RCN25957,1208-PF-LA-CMPE-GENRE,Laos,Full,XGBoost,2,0,0.011443653143942356,0
6792,RCN25958,1208-PF-LA-CMPE-GENRE,Laos,Full,XGBoost,2,0,0.010769718326628208,0
6793,RCN25960,1208-PF-LA-CMPE-GENRE,Laos,Full,XGBoost,2,1,0.841596245765686,1
6794,RCN25961,1208-PF-LA-CMPE-GENRE,Laos,Full,XGBoost,2,1,0.8298338651657104,1
6795,RCN25962,1208-PF-LA-CMPE-GENRE,Laos,Full,XGBoost,2,1,0.8939003944396973,1
6796,RCN25964,1208-PF-LA-CMPE-GENRE,Laos,Full,XGBoost,2,1,0.8514422178268433,1
6797,RCN25965,1208-PF-LA-CMPE-GENRE,Laos,Full,XGBoost,2,1,0.8522306084632874,1
6798,RCN25967,1208-PF-LA-CMPE-GENRE,Laos,Full,XGBoost,2,1,0.6728072762489319,1
6799,RCN25968,1208-PF-LA-CMPE-GENRE,Laos,Full,XGBoost,2,0,0.021352829411625862,0
6800,RCN25971,1208-PF-LA-CMPE-GENRE,Laos,Full,XGBoost,2,0,0.021352829411625862,0
6801,RCN25972,1208-PF-LA-CMPE-GENRE,Laos,Full,XGBoost,2,0,0.004453791305422783,0
6802,RCN25973,1208-PF-LA-CMPE-GENRE,Laos,Full,XGBoost,2,0,0.00478022638708353,0
6803,RCN25974,1208-PF-LA-CMPE-GENRE,Laos,Full,XGBoost,2,0,0.02225191332399845,0
6804,RCN25975,1208-PF-LA-CMPE-GENRE,Laos,Full,XGBoost,2,0,0.021352829411625862,0
6805,RCN25976,1208-PF-LA-CMPE-GENRE,Laos,Full,XGBoost,2,0,0.011321944184601307,0
6806,RCN25982,1208-PF-LA-CMPE-GENRE,Laos,Full,XGBoost,2,0,0.021352829411625862,0
6807,RCN25983,1208-PF-LA-CMPE-GENRE,Laos,Full,XGBoost,2,0,0.004581710789352655,0
6808,RCN25987,1208-PF-LA-CMPE-GENRE,Laos,Full,XGBoost,2,0,0.008964722976088524,0
6809,RCN25989,1208-PF-LA-CMPE-GENRE,Laos,Full,XGBoost,2,0,0.01611415669322014,0
6810,RCN25992,1208-PF-LA-CMPE-GENRE,Laos,Full,XGBoost,2,0,0.021352829411625862,0
6811,RCN25994,1208-PF-LA-CMPE-GENRE,Laos,Full,XGBoost,2,0,0.004453791305422783,0
6812,RCN25996,1208-PF-LA-CMPE-GENRE,Laos,Full,XGBoost,2,0,0.02225191332399845,0
6813,RCN25997,1208-PF-LA-CMPE-GENRE,Laos,Full,XGBoost,2,0,0.016842758283019066,0
6814,RCN26001,1208-PF-LA-CMPE-GENRE,Laos,Full,XGBoost,2,1,0.9884621500968933,1
6815,RCN26002,1208-PF-LA-CMPE-GENRE,Laos,Full,XGBoost,2,0,0.021509984508156776,0
6816,RCN26003,1208-PF-LA-CMPE-GENRE,Laos,Full,XGBoost,2,0,0.01611415669322014,0
6817,RCN26004,1208-PF-LA-CMPE-GENRE,Laos,Full,XGBoost,2,0,0.020661069080233574,0
6818,RCN26005,1208-PF-LA-CMPE-GENRE,Laos,Full,XGBoost,2,0,0.016756020486354828,0
6819,RCN26009,1208-PF-LA-CMPE-GENRE,Laos,Full,XGBoost,2,0,0.02317027933895588,0
6820,RCN26018,1208-PF-LA-CMPE-GENRE,Laos,Full,XGBoost,2,0,0.060145504772663116,0
6821,RCN26023,1208-PF-LA-CMPE-GENRE,Laos,Full,XGBoost,2,0,0.021352829411625862,0
6822,RCN26024,1208-PF-LA-CMPE-GENRE,Laos,Full,XGBoost,2,0,0.008953300304710865,0
6823,RCN26027,1208-PF-LA-CMPE-GENRE,Laos,Full,XGBoost,2,0,0.5955097079277039,1
6824,RCN26029,1208-PF-LA-CMPE-GENRE,Laos,Full,XGBoost,2,1,0.906617283821106,1
6825,RCN26030,1208-PF-LA-CMPE-GENRE,Laos,Full,XGBoost,2,1,0.14185737073421478,0
6826,RCN26031,1208-PF-LA-CMPE-GENRE,Laos,Full,XGBoost,2,1,0.6936575770378113,1
6827,RCN26048,1208-PF-LA-CMPE-GENRE,Laos,Full,XGBoost,2,0,0.05037478730082512,0
6828,RCN26061,1208-PF-LA-CMPE-GENRE,Laos,Full,XGBoost,2,1,0.7625004649162292,1
6829,RCN26062,1208-PF-LA-CMPE-GENRE,Laos,Full,XGBoost,2,1,0.8838378190994263,1
6830,RCN26064,1208-PF-LA-CMPE-GENRE,Laos,Full,XGBoost,2,1,0.8522306084632874,1
6831,RCN26068,1208-PF-LA-CMPE-GENRE,Laos,Full,XGBoost,2,0,0.044690050184726715,0
6832,RCN26072,1208-PF-LA-CMPE-GENRE,Laos,Full,XGBoost,2,0,0.016020838171243668,0
6833,RCN26076,1208-PF-LA-CMPE-GENRE,Laos,Full,XGBoost,2,0,0.006774847395718098,0
6834,RCN26511,1208-PF-LA-CMPE-GENRE,Laos,Full,XGBoost,2,0,0.07667072117328644,0
6835,RCN26526,1208-PF-LA-CMPE-GENRE,Laos,Full,XGBoost,2,0,0.2679925858974457,0
6836,RCN26541,1208-PF-LA-CMPE-GENRE,Laos,Full,XGBoost,2,0,0.020138707011938095,0
6837,RCN26556,1208-PF-LA-CMPE-GENRE,Laos,Full,XGBoost,2,0,0.014432962983846664,0
6838,RCN26574,1208-PF-LA-CMPE-GENRE,Laos,Full,XGBoost,2,1,0.5124969482421875,1
6839,RCN26582,1208-PF-LA-CMPE-GENRE,Laos,Full,XGBoost,2,1,0.29827019572257996,0
6840,RCN26586,1208-PF-LA-CMPE-GENRE,Laos,Full,XGBoost,2,0,0.8016119599342346,1
6841,RCN26592,1208-PF-LA-CMPE-GENRE,Laos,Full,XGBoost,2,1,0.29796871542930603,0
6842,RCN26594,1208-PF-LA-CMPE-GENRE,Laos,Full,XGBoost,2,1,0.2619486153125763,0
6843,RCN26595,1208-PF-LA-CMPE-GENRE,Laos,Full,XGBoost,2,1,0.26329970359802246,0
6844,RCN26596,1208-PF-LA-CMPE-GENRE,Laos,Full,XGBoost,2,1,0.5707693696022034,1
6845,RCN26599,1208-PF-LA-CMPE-GENRE,Laos,Full,XGBoost,2,1,0.8980481028556824,1
6846,RCN26612,1208-PF-LA-CMPE-GENRE,Laos,Full,XGBoost,2,1,0.2894280254840851,0
6847,RCN26613,1208-PF-LA-CMPE-GENRE,Laos,Full,XGBoost,2,0,0.016047019511461258,0
6848,RCN26617,1208-PF-LA-CMPE-GENRE,Laos,Full,XGBoost,2,0,0.017122400924563408,0
6849,RCN26620,1208-PF-LA-CMPE-GENRE,Laos,Full,XGBoost,2,1,0.4714958369731903,0
6850,RCN26622,1208-PF-LA-CMPE-GENRE,Laos,Full,XGBoost,2,0,0.012956243939697742,0
6851,RCN26624,1208-PF-LA-CMPE-GENRE,Laos,Full,XGBoost,2,0,0.005661134608089924,0
6852,RCN26631,1208-PF-LA-CMPE-GENRE,Laos,Full,XGBoost,2,1,0.3859798312187195,0
6853,RCN26637,1208-PF-LA-CMPE-GENRE,Laos,Full,XGBoost,2,1,0.27425292134284973,0
6854,RCN26638,1208-PF-LA-CMPE-GENRE,Laos,Full,XGBoost,2,1,0.5110363364219666,1
6855,RCN26646,1208-PF-LA-CMPE-GENRE,Laos,Full,XGBoost,2,1,0.994785487651825,1
6856,RCN26647,1208-PF-LA-CMPE-GENRE,Laos,Full,XGBoost,2,1,0.24375635385513306,0
6857,RCN26648,1208-PF-LA-CMPE-GENRE,Laos,Full,XGBoost,2,1,0.25942614674568176,0
6858,RCN26649,1208-PF-LA-CMPE-GENRE,Laos,Full,XGBoost,2,1,0.29074785113334656,0
6859,RCN26655,1208-PF-LA-CMPE-GENRE,Laos,Full,XGBoost,2,1,0.5124969482421875,1
6860,RCN26657,1208-PF-LA-CMPE-GENRE,Laos,Full,XGBoost,2,1,0.11424490064382553,0
6861,RCN26662,1208-PF-LA-CMPE-GENRE,Laos,Full,XGBoost,2,1,0.9971933960914612,1
6862,RCN26663,1208-PF-LA-CMPE-GENRE,Laos,Full,XGBoost,2,0,0.22418878972530365,0
6863,RCN26664,1208-PF-LA-CMPE-GENRE,Laos,Full,XGBoost,2,1,0.25942614674568176,0
6864,RCN26666,1208-PF-LA-CMPE-GENRE,Laos,Full,XGBoost,2,1,0.29395005106925964,0
6865,RCN26670,1208-PF-LA-CMPE-GENRE,Laos,Full,XGBoost,2,1,0.8119651675224304,1
6866,RCN26672,1208-PF-LA-CMPE-GENRE,Laos,Full,XGBoost,2,1,0.24375635385513306,0
6867,RCN26673,1208-PF-LA-CMPE-GENRE,Laos,Full,XGBoost,2,1,0.289298951625824,0
6868,RCN26675,1208-PF-LA-CMPE-GENRE,Laos,Full,XGBoost,2,1,0.5197613835334778,1
6869,RCN26677,1208-PF-LA-CMPE-GENRE,Laos,Full,XGBoost,2,1,0.27564379572868347,0
6870,RCN26678,1208-PF-LA-CMPE-GENRE,Laos,Full,XGBoost,2,1,0.9975918531417847,1
6871,RCN26679,1208-PF-LA-CMPE-GENRE,Laos,Full,XGBoost,2,1,0.24756011366844177,0
6872,RCN26680,1208-PF-LA-CMPE-GENRE,Laos,Full,XGBoost,2,1,0.24503286182880402,0
6873,RCN26681,1208-PF-LA-CMPE-GENRE,Laos,Full,XGBoost,2,1,0.9965864419937134,1
6874,RCN26683,1208-PF-LA-CMPE-GENRE,Laos,Full,XGBoost,2,1,0.24375635385513306,0
6875,RCN26687,1208-PF-LA-CMPE-GENRE,Laos,Full,XGBoost,2,1,0.4767012894153595,0
6876,RCN26688,1208-PF-LA-CMPE-GENRE,Laos,Full,XGBoost,2,1,0.24756011366844177,0
6877,RCN26690,1208-PF-LA-CMPE-GENRE,Laos,Full,XGBoost,2,1,0.5209965109825134,1
6878,RCN26703,1208-PF-LA-CMPE-GENRE,Laos,Full,XGBoost,2,1,0.25942614674568176,0
6879,RCN26709,1208-PF-LA-CMPE-GENRE,Laos,Full,XGBoost,2,0,0.005764073692262173,0
6880,RCN26728,1208-PF-LA-CMPE-GENRE,Laos,Full,XGBoost,2,1,0.26552584767341614,0
6881,RCN26735,1208-PF-LA-CMPE-GENRE,Laos,Full,XGBoost,2,0,0.24983735382556915,0
6882,RCN26736,1208-PF-LA-CMPE-GENRE,Laos,Full,XGBoost,2,0,0.005536311771720648,0
6883,RCN26737,1208-PF-LA-CMPE-GENRE,Laos,Full,XGBoost,2,0,0.03136616200208664,0
6884,RCN26765,1208-PF-LA-CMPE-GENRE,Laos,Full,XGBoost,2,0,0.005164640489965677,0
6885,RCN26766,1208-PF-LA-CMPE-GENRE,Laos,Full,XGBoost,2,0,0.020138707011938095,0
6886,RCN26767,1208-PF-LA-CMPE-GENRE,Laos,Full,XGBoost,2,1,0.24375635385513306,0
6887,RCN26775,1208-PF-LA-CMPE-GENRE,Laos,Full,XGBoost,2,0,0.004271993413567543,0
6888,RCN26781,1208-PF-LA-CMPE-GENRE,Laos,Full,XGBoost,2,1,0.9948872923851013,1
6889,RCN26782,1208-PF-LA-CMPE-GENRE,Laos,Full,XGBoost,2,1,0.24375635385513306,0
6890,RCN26791,1208-PF-LA-CMPE-GENRE,Laos,Full,XGBoost,2,1,0.6083863973617554,1
6891,RCN26804,1208-PF-LA-CMPE-GENRE,Laos,Full,XGBoost,2,1,0.996489942073822,1
6892,RCN26820,1208-PF-LA-CMPE-GENRE,Laos,Full,XGBoost,2,1,0.27564379572868347,0
6893,RCN26837,1208-PF-LA-CMPE-GENRE,Laos,Full,XGBoost,2,1,0.46874332427978516,0
6894,RCN26845,1208-PF-LA-CMPE-GENRE,Laos,Full,XGBoost,2,1,0.5208399295806885,1
6895,RCN26846,1208-PF-LA-CMPE-GENRE,Laos,Full,XGBoost,2,1,0.21947412192821503,0
6896,RCN26852,1208-PF-LA-CMPE-GENRE,Laos,Full,XGBoost,2,1,0.27564379572868347,0
6897,RCN26853,1208-PF-LA-CMPE-GENRE,Laos,Full,XGBoost,2,1,0.5055073499679565,1
6898,RCN26861,1208-PF-LA-CMPE-GENRE,Laos,Full,XGBoost,2,1,0.9977582097053528,1
6899,RCN26871,1208-PF-LA-CMPE-GENRE,Laos,Full,XGBoost,2,1,0.5368720293045044,1
6900,RCN26876,1208-PF-LA-CMPE-GENRE,Laos,Full,XGBoost,2,1,0.49737927317619324,0
6901,RCN26886,1208-PF-LA-CMPE-GENRE,Laos,Full,XGBoost,2,1,0.28841128945350647,0
6902,RCN26900,1208-PF-LA-CMPE-GENRE,Laos,Full,XGBoost,2,1,0.27620020508766174,0
6903,RCN26904,1208-PF-LA-CMPE-GENRE,Laos,Full,XGBoost,2,1,0.4848483204841614,0
6904,RCN26930,1208-PF-LA-CMPE-GENRE,Laos,Full,XGBoost,2,1,0.43229150772094727,0
6905,RCN26932,1208-PF-LA-CMPE-GENRE,Laos,Full,XGBoost,2,1,0.23004579544067383,0
6906,RCN26937,1208-PF-LA-CMPE-GENRE,Laos,Full,XGBoost,2,1,0.24756011366844177,0
6907,RCN26938,1208-PF-LA-CMPE-GENRE,Laos,Full,XGBoost,2,1,0.27425292134284973,0
6908,RCN26945,1208-PF-LA-CMPE-GENRE,Laos,Full,XGBoost,2,1,0.4967342019081116,0
6909,RCN26946,1208-PF-LA-CMPE-GENRE,Laos,Full,XGBoost,2,1,0.9965864419937134,1
6910,RCN26950,1208-PF-LA-CMPE-GENRE,Laos,Full,XGBoost,2,1,0.2810380160808563,0
6911,RCN26952,1208-PF-LA-CMPE-GENRE,Laos,Full,XGBoost,2,1,0.28841128945350647,0
6912,RCN26953,1208-PF-LA-CMPE-GENRE,Laos,Full,XGBoost,2,1,0.2894280254840851,0
6913,RCN26958,1208-PF-LA-CMPE-GENRE,Laos,Full,XGBoost,2,1,0.5137333273887634,1
6914,RCN26960,1208-PF-LA-CMPE-GENRE,Laos,Full,XGBoost,2,1,0.9978858828544617,1
19,PD0025-C,1010-PF-TH-ANDERSON,Thailand,Full,XGBoost,3,0,0.023614097386598587,0
20,PD0026-C,1010-PF-TH-ANDERSON,Thailand,Full,XGBoost,3,0,0.018880560994148254,0
21,PD0028-C,1010-PF-TH-ANDERSON,Thailand,Full,XGBoost,3,0,0.013759457506239414,0
22,PD0029-C,1010-PF-TH-ANDERSON,Thailand,Full,XGBoost,3,0,0.011739935725927353,0
23,PD0030-C,1010-PF-TH-ANDERSON,Thailand,Full,XGBoost,3,0,0.007618959993124008,0
24,PD0032-C,1010-PF-TH-ANDERSON,Thailand,Full,XGBoost,3,0,0.012688422575592995,0
25,PD0034-C,1010-PF-TH-ANDERSON,Thailand,Full,XGBoost,3,0,0.2312774807214737,0
26,PD0037-C,1010-PF-TH-ANDERSON,Thailand,Full,XGBoost,3,0,0.01457084622234106,0
27,PD0038-C,1010-PF-TH-ANDERSON,Thailand,Full,XGBoost,3,0,0.015516966581344604,0
28,PD0040-C,1010-PF-TH-ANDERSON,Thailand,Full,XGBoost,3,0,0.019847868010401726,0
29,PD0041-C,1010-PF-TH-ANDERSON,Thailand,Full,XGBoost,3,0,0.019379431381821632,0
30,PD0042-C,1010-PF-TH-ANDERSON,Thailand,Full,XGBoost,3,0,0.009360482916235924,0
31,PD0043-C,1010-PF-TH-ANDERSON,Thailand,Full,XGBoost,3,0,0.019367896020412445,0
32,PD0045-C,1010-PF-TH-ANDERSON,Thailand,Full,XGBoost,3,0,0.0072957188822329044,0
33,PD0046-C,1010-PF-TH-ANDERSON,Thailand,Full,XGBoost,3,0,0.009343351237475872,0
34,PD0048-C,1010-PF-TH-ANDERSON,Thailand,Full,XGBoost,3,0,0.05542204529047012,0
35,PD0050-C,1010-PF-TH-ANDERSON,Thailand,Full,XGBoost,3,0,0.01470385491847992,0
36,PD0052-C,1010-PF-TH-ANDERSON,Thailand,Full,XGBoost,3,0,0.018791941925883293,0
37,PD0053-C,1010-PF-TH-ANDERSON,Thailand,Full,XGBoost,3,0,0.01525043323636055,0
38,PD0057-C,1010-PF-TH-ANDERSON,Thailand,Full,XGBoost,3,0,0.015108432620763779,0
39,PD0058-C,1010-PF-TH-ANDERSON,Thailand,Full,XGBoost,3,0,0.029965659603476524,0
40,PD0060-C,1010-PF-TH-ANDERSON,Thailand,Full,XGBoost,3,0,0.028833549469709396,0
41,PD0061-C,1010-PF-TH-ANDERSON,Thailand,Full,XGBoost,3,0,0.027381835505366325,0
42,PD0062-C,1010-PF-TH-ANDERSON,Thailand,Full,XGBoost,3,0,0.03281359747052193,0
43,PD0063-C,1010-PF-TH-ANDERSON,Thailand,Full,XGBoost,3,0,0.011368588544428349,0
44,PD0067-C,1010-PF-TH-ANDERSON,Thailand,Full,XGBoost,3,0,0.016083311289548874,0
45,PD0070-C,1010-PF-TH-ANDERSON,Thailand,Full,XGBoost,3,0,0.009886009618639946,0
46,PD0072-C,1010-PF-TH-ANDERSON,Thailand,Full,XGBoost,3,0,0.018142910674214363,0
47,PD0073-C,1010-PF-TH-ANDERSON,Thailand,Full,XGBoost,3,0,0.01812812313437462,0
48,PD0074-C,1010-PF-TH-ANDERSON,Thailand,Full,XGBoost,3,0,0.014981330372393131,0
49,PD0075-C,1010-PF-TH-ANDERSON,Thailand,Full,XGBoost,3,0,0.03301070258021355,0
50,PD0076-C,1010-PF-TH-ANDERSON,Thailand,Full,XGBoost,3,0,0.00922451913356781,0
51,PD0077-C,1010-PF-TH-ANDERSON,Thailand,Full,XGBoost,3,0,0.015410670079290867,0
52,PD0078-C,1010-PF-TH-ANDERSON,Thailand,Full,XGBoost,3,0,0.01402693334966898,0
53,PD0079-C,1010-PF-TH-ANDERSON,Thailand,Full,XGBoost,3,1,0.013546943664550781,0
54,PD0080-C,1010-PF-TH-ANDERSON,Thailand,Full,XGBoost,3,0,0.013463644310832024,0
55,PD0081-C,1010-PF-TH-ANDERSON,Thailand,Full,XGBoost,3,0,0.011434854008257389,0
56,PD0082-C,1010-PF-TH-ANDERSON,Thailand,Full,XGBoost,3,0,0.008464115671813488,0
57,PD0083-C,1010-PF-TH-ANDERSON,Thailand,Full,XGBoost,3,0,0.015320561826229095,0
58,PD0085-C,1010-PF-TH-ANDERSON,Thailand,Full,XGBoost,3,0,0.013759457506239414,0
59,PD0086-C,1010-PF-TH-ANDERSON,Thailand,Full,XGBoost,3,0,0.017061302438378334,0
60,PD0087-C,1010-PF-TH-ANDERSON,Thailand,Full,XGBoost,3,0,0.01629907637834549,0
61,PD0088-C,1010-PF-TH-ANDERSON,Thailand,Full,XGBoost,3,0,0.018789740279316902,0
62,PD0089-C,1010-PF-TH-ANDERSON,Thailand,Full,XGBoost,3,0,0.058900121599435806,0
63,PD0090-C,1010-PF-TH-ANDERSON,Thailand,Full,XGBoost,3,0,0.016808366402983665,0
64,PD0091-C,1010-PF-TH-ANDERSON,Thailand,Full,XGBoost,3,0,0.021011706441640854,0
65,PD0092-C,1010-PF-TH-ANDERSON,Thailand,Full,XGBoost,3,0,0.01446259394288063,0
66,PD0093-C,1010-PF-TH-ANDERSON,Thailand,Full,XGBoost,3,0,0.008227942511439323,0
67,PD0094-C,1010-PF-TH-ANDERSON,Thailand,Full,XGBoost,3,0,0.022166557610034943,0
68,PD0095-C,1010-PF-TH-ANDERSON,Thailand,Full,XGBoost,3,0,0.021674327552318573,0
69,PD0096-C,1010-PF-TH-ANDERSON,Thailand,Full,XGBoost,3,0,0.018977485597133636,0
70,PD0097-C,1010-PF-TH-ANDERSON,Thailand,Full,XGBoost,3,0,0.013766790740191936,0
71,PD0098-C,1010-PF-TH-ANDERSON,Thailand,Full,XGBoost,3,0,0.017686638981103897,0
72,PD0101-C,1010-PF-TH-ANDERSON,Thailand,Full,XGBoost,3,0,0.019064106047153473,0
73,PD0102-C,1010-PF-TH-ANDERSON,Thailand,Full,XGBoost,3,0,0.01014000829309225,0
74,PD0103-C,1010-PF-TH-ANDERSON,Thailand,Full,XGBoost,3,0,0.018433155491948128,0
75,PD0105-C,1010-PF-TH-ANDERSON,Thailand,Full,XGBoost,3,0,0.011178288608789444,0
76,PD0106-C,1010-PF-TH-ANDERSON,Thailand,Full,XGBoost,3,0,0.010032501071691513,0
79,PD0111-C,1010-PF-TH-ANDERSON,Thailand,Full,XGBoost,3,0,0.024748457595705986,0
80,PD0112-C,1010-PF-TH-ANDERSON,Thailand,Full,XGBoost,3,0,0.015775667503476143,0
81,PD0113-C,1010-PF-TH-ANDERSON,Thailand,Full,XGBoost,3,0,0.019097136333584785,0
82,PD0115-Cx,1010-PF-TH-ANDERSON,Thailand,Full,XGBoost,3,0,0.02678869292140007,0
83,PD0116-Cx,1010-PF-TH-ANDERSON,Thailand,Full,XGBoost,3,0,0.010756305418908596,0
84,PD0117-C,1010-PF-TH-ANDERSON,Thailand,Full,XGBoost,3,0,0.01677807793021202,0
85,PD0118-C,1010-PF-TH-ANDERSON,Thailand,Full,XGBoost,3,0,0.014125429093837738,0
86,PD0119-C,1010-PF-TH-ANDERSON,Thailand,Full,XGBoost,3,0,0.010181962512433529,0
87,PD0121-C,1010-PF-TH-ANDERSON,Thailand,Full,XGBoost,3,0,0.015171070583164692,0
88,PD0122-C,1010-PF-TH-ANDERSON,Thailand,Full,XGBoost,3,0,0.008515460416674614,0
89,PD0123-C,1010-PF-TH-ANDERSON,Thailand,Full,XGBoost,3,0,0.01677807793021202,0
90,PD0124-C,1010-PF-TH-ANDERSON,Thailand,Full,XGBoost,3,0,0.011016370728611946,0
91,PD0125-C,1010-PF-TH-ANDERSON,Thailand,Full,XGBoost,3,0,0.011840973980724812,0
92,PD0126-C,1010-PF-TH-ANDERSON,Thailand,Full,XGBoost,3,1,0.011326625943183899,0
93,PD0127-C,1010-PF-TH-ANDERSON,Thailand,Full,XGBoost,3,0,0.021829692646861076,0
94,PD0128-C,1010-PF-TH-ANDERSON,Thailand,Full,XGBoost,3,0,0.010358883999288082,0
95,PD0129-C,1010-PF-TH-ANDERSON,Thailand,Full,XGBoost,3,0,0.01791229471564293,0
96,PD0130-C,1010-PF-TH-ANDERSON,Thailand,Full,XGBoost,3,0,0.011873025447130203,0
97,PD0131-C,1010-PF-TH-ANDERSON,Thailand,Full,XGBoost,3,0,0.017356811091303825,0
98,PD0132-C,1010-PF-TH-ANDERSON,Thailand,Full,XGBoost,3,0,0.012229356914758682,0
99,PD0133-C,1010-PF-TH-ANDERSON,Thailand,Full,XGBoost,3,0,0.014744745567440987,0
100,PD0134-C,1010-PF-TH-ANDERSON,Thailand,Full,XGBoost,3,0,0.015196854248642921,0
101,PD0135-C,1010-PF-TH-ANDERSON,Thailand,Full,XGBoost,3,0,0.013341796584427357,0
102,PD0136-C,1010-PF-TH-ANDERSON,Thailand,Full,XGBoost,3,0,0.029873650521039963,0
103,PD0137-C,1010-PF-TH-ANDERSON,Thailand,Full,XGBoost,3,0,0.018368227407336235,0
104,PD0138-C,1010-PF-TH-ANDERSON,Thailand,Full,XGBoost,3,0,0.01457084622234106,0
105,PD0139-C,1010-PF-TH-ANDERSON,Thailand,Full,XGBoost,3,0,0.015176428481936455,0
106,PD0140-C,1010-PF-TH-ANDERSON,Thailand,Full,XGBoost,3,0,0.019839301705360413,0
107,PD0141-C,1010-PF-TH-ANDERSON,Thailand,Full,XGBoost,3,0,0.025115350261330605,0
108,PD0142-C,1010-PF-TH-ANDERSON,Thailand,Full,XGBoost,3,0,0.012300021946430206,0
109,PD0143-C,1010-PF-TH-ANDERSON,Thailand,Full,XGBoost,3,0,0.016143493354320526,0
110,PD0144-C,1010-PF-TH-ANDERSON,Thailand,Full,XGBoost,3,0,0.01946466788649559,0
845,PD1582-C,1195-PF-TRAC2-DONDORP,Thailand,Full,XGBoost,3,1,0.9895802140235901,1
846,PD1589-C,1195-PF-TRAC2-DONDORP,Thailand,Full,XGBoost,3,1,0.9949566721916199,1
883,PH0047-Cx,1044-PF-KH-FAIRHURST,Cambodia,Full,XGBoost,3,0,0.18669737875461578,0
884,PH0051-Cx,1044-PF-KH-FAIRHURST,Cambodia,Full,XGBoost,3,1,0.875214159488678,1
885,PH0052-C,1044-PF-KH-FAIRHURST,Cambodia,Full,XGBoost,3,1,0.6919993758201599,1
886,PH0054-C,1044-PF-KH-FAIRHURST,Cambodia,Full,XGBoost,3,0,0.08088208734989166,0
887,PH0055-C,1044-PF-KH-FAIRHURST,Cambodia,Full,XGBoost,3,1,0.9785464406013489,1
888,PH0057-C,1044-PF-KH-FAIRHURST,Cambodia,Full,XGBoost,3,1,0.8584741950035095,1
889,PH0058-C,1044-PF-KH-FAIRHURST,Cambodia,Full,XGBoost,3,0,0.25436830520629883,0
890,PH0059-C,1044-PF-KH-FAIRHURST,Cambodia,Full,XGBoost,3,0,0.7638702392578125,1
891,PH0060-C,1044-PF-KH-FAIRHURST,Cambodia,Full,XGBoost,3,1,0.40121108293533325,0
892,PH0064-C,1044-PF-KH-FAIRHURST,Cambodia,Full,XGBoost,3,1,0.7974349856376648,1
933,PH0157-C,1044-PF-KH-FAIRHURST,Cambodia,Full,XGBoost,3,1,0.9941211342811584,1
934,PH0161-C,1044-PF-KH-FAIRHURST,Cambodia,Full,XGBoost,3,1,0.9927642941474915,1
935,PH0163-C,1044-PF-KH-FAIRHURST,Cambodia,Full,XGBoost,3,0,0.8020243048667908,1
936,PH0164-C,1044-PF-KH-FAIRHURST,Cambodia,Full,XGBoost,3,0,0.1540551334619522,0
937,PH0165-C,1044-PF-KH-FAIRHURST,Cambodia,Full,XGBoost,3,1,0.9921922087669373,1
938,PH0167-C,1044-PF-KH-FAIRHURST,Cambodia,Full,XGBoost,3,0,0.8020243048667908,1
939,PH0169-C,1044-PF-KH-FAIRHURST,Cambodia,Full,XGBoost,3,1,0.9927642941474915,1
940,PH0171-C,1044-PF-KH-FAIRHURST,Cambodia,Full,XGBoost,3,1,0.8500816822052002,1
941,PH0172-C,1044-PF-KH-FAIRHURST,Cambodia,Full,XGBoost,3,1,0.34068411588668823,0
942,PH0173-C,1044-PF-KH-FAIRHURST,Cambodia,Full,XGBoost,3,1,0.9912007451057434,1
943,PH0191-C,1044-PF-KH-FAIRHURST,Cambodia,Full,XGBoost,3,1,0.8371999859809875,1
944,PH0192-C,1044-PF-KH-FAIRHURST,Cambodia,Full,XGBoost,3,1,0.6102390289306641,1
945,PH0194-C,1044-PF-KH-FAIRHURST,Cambodia,Full,XGBoost,3,0,0.50661700963974,1
946,PH0197-C,1044-PF-KH-FAIRHURST,Cambodia,Full,XGBoost,3,1,0.9933079481124878,1
947,PH0198-C,1044-PF-KH-FAIRHURST,Cambodia,Full,XGBoost,3,1,0.8863615393638611,1
948,PH0201-C,1044-PF-KH-FAIRHURST,Cambodia,Full,XGBoost,3,0,0.0602310448884964,0
949,PH0203-C,1044-PF-KH-FAIRHURST,Cambodia,Full,XGBoost,3,0,0.032040733844041824,0
950,PH0204-C,1044-PF-KH-FAIRHURST,Cambodia,Full,XGBoost,3,0,0.026206916198134422,0
951,PH0205-C,1044-PF-KH-FAIRHURST,Cambodia,Full,XGBoost,3,0,0.018384411931037903,0
952,PH0206-C,1044-PF-KH-FAIRHURST,Cambodia,Full,XGBoost,3,1,0.5555188059806824,1
953,PH0207-C,1044-PF-KH-FAIRHURST,Cambodia,Full,XGBoost,3,1,0.7943252325057983,1
954,PH0208-C,1044-PF-KH-FAIRHURST,Cambodia,Full,XGBoost,3,1,0.9927642941474915,1
955,PH0209-C,1044-PF-KH-FAIRHURST,Cambodia,Full,XGBoost,3,0,0.8628884553909302,1
956,PH0210-C,1044-PF-KH-FAIRHURST,Cambodia,Full,XGBoost,3,1,0.993395984172821,1
957,PH0212-C,1044-PF-KH-FAIRHURST,Cambodia,Full,XGBoost,3,1,0.9921922087669373,1
958,PH0213-C,1044-PF-KH-FAIRHURST,Cambodia,Full,XGBoost,3,1,0.9921922087669373,1
971,PH0237-C,1044-PF-KH-FAIRHURST,Cambodia,Full,XGBoost,3,1,0.9937987923622131,1
972,PH0238-C,1044-PF-KH-FAIRHURST,Cambodia,Full,XGBoost,3,1,0.9917346239089966,1
973,PH0239-C,1044-PF-KH-FAIRHURST,Cambodia,Full,XGBoost,3,1,0.7989447116851807,1
974,PH0240-C,1044-PF-KH-FAIRHURST,Cambodia,Full,XGBoost,3,1,0.45664381980895996,0
975,PH0241-C,1044-PF-KH-FAIRHURST,Cambodia,Full,XGBoost,3,1,0.9940588474273682,1
976,PH0242-C,1044-PF-KH-FAIRHURST,Cambodia,Full,XGBoost,3,1,0.166362002491951,0
977,PH0243-C,1044-PF-KH-FAIRHURST,Cambodia,Full,XGBoost,3,1,0.779729962348938,1
978,PH0244-C,1044-PF-KH-FAIRHURST,Cambodia,Full,XGBoost,3,1,0.4727425277233124,0
979,PH0245-C,1044-PF-KH-FAIRHURST,Cambodia,Full,XGBoost,3,1,0.7692312002182007,1
980,PH0246-C,1044-PF-KH-FAIRHURST,Cambodia,Full,XGBoost,3,1,0.7531223893165588,1
981,PH0247-C,1044-PF-KH-FAIRHURST,Cambodia,Full,XGBoost,3,1,0.779729962348938,1
982,PH0248-C,1044-PF-KH-FAIRHURST,Cambodia,Full,XGBoost,3,1,0.8464303612709045,1
983,PH0249-C,1044-PF-KH-FAIRHURST,Cambodia,Full,XGBoost,3,1,0.7365465760231018,1
984,PH0250-C,1044-PF-KH-FAIRHURST,Cambodia,Full,XGBoost,3,1,0.7564921379089355,1
985,PH0251-C,1044-PF-KH-FAIRHURST,Cambodia,Full,XGBoost,3,1,0.9917660355567932,1
986,PH0252-C,1044-PF-KH-FAIRHURST,Cambodia,Full,XGBoost,3,1,0.5523971915245056,1
987,PH0253-C,1044-PF-KH-FAIRHURST,Cambodia,Full,XGBoost,3,1,0.9933079481124878,1
988,PH0256-C,1044-PF-KH-FAIRHURST,Cambodia,Full,XGBoost,3,0,0.09758541733026505,0
989,PH0274-C,1044-PF-KH-FAIRHURST,Cambodia,Full,XGBoost,3,1,0.4066397249698639,0
990,PH0278-CW,1044-PF-KH-FAIRHURST,Cambodia,Full,XGBoost,3,1,0.7448115944862366,1
991,PH0279-C,1044-PF-KH-FAIRHURST,Cambodia,Full,XGBoost,3,0,0.06092001497745514,0
992,PH0282-C,1044-PF-KH-FAIRHURST,Cambodia,Full,XGBoost,3,1,0.6259948015213013,1
993,PH0283-C,1044-PF-KH-FAIRHURST,Cambodia,Full,XGBoost,3,0,0.5095617771148682,1
994,PH0284-C,1044-PF-KH-FAIRHURST,Cambodia,Full,XGBoost,3,1,0.9917660355567932,1
995,PH0285-C,1044-PF-KH-FAIRHURST,Cambodia,Full,XGBoost,3,1,0.980480432510376,1
996,PH0294-C,1044-PF-KH-FAIRHURST,Cambodia,Full,XGBoost,3,1,0.5329359769821167,1
997,PH0299-CW,1044-PF-KH-FAIRHURST,Cambodia,Full,XGBoost,3,1,0.9913510084152222,1
998,PH0300-C,1044-PF-KH-FAIRHURST,Cambodia,Full,XGBoost,3,1,0.9917660355567932,1
999,PH0303-CW,1044-PF-KH-FAIRHURST,Cambodia,Full,XGBoost,3,1,0.6805746555328369,1
1000,PH0304-C,1044-PF-KH-FAIRHURST,Cambodia,Full,XGBoost,3,1,0.7819699048995972,1
1001,PH0305-C,1044-PF-KH-FAIRHURST,Cambodia,Full,XGBoost,3,0,0.0575331449508667,0
1002,PH0306-C,1044-PF-KH-FAIRHURST,Cambodia,Full,XGBoost,3,1,0.8863615393638611,1
1003,PH0307-C,1044-PF-KH-FAIRHURST,Cambodia,Full,XGBoost,3,1,0.9487013220787048,1
1004,PH0308-CW,1044-PF-KH-FAIRHURST,Cambodia,Full,XGBoost,3,1,0.5744612812995911,1
1005,PH0321-C,1044-PF-KH-FAIRHURST,Cambodia,Full,XGBoost,3,0,0.8020243048667908,1
1006,PH0322-C,1044-PF-KH-FAIRHURST,Cambodia,Full,XGBoost,3,1,0.780031144618988,1
1007,PH0324-C,1044-PF-KH-FAIRHURST,Cambodia,Full,XGBoost,3,1,0.7179998159408569,1
1008,PH0325-C,1044-PF-KH-FAIRHURST,Cambodia,Full,XGBoost,3,1,0.457047700881958,0
1009,PH0326-C,1044-PF-KH-FAIRHURST,Cambodia,Full,XGBoost,3,1,0.19315001368522644,0
1010,PH0327-C,1044-PF-KH-FAIRHURST,Cambodia,Full,XGBoost,3,0,0.4958361089229584,0
1011,PH0328-C,1044-PF-KH-FAIRHURST,Cambodia,Full,XGBoost,3,1,0.9911162853240967,1
1012,PH0329-C,1044-PF-KH-FAIRHURST,Cambodia,Full,XGBoost,3,1,0.9796079397201538,1
1013,PH0330-C,1044-PF-KH-FAIRHURST,Cambodia,Full,XGBoost,3,1,0.7275892496109009,1
1014,PH0332-C,1044-PF-KH-FAIRHURST,Cambodia,Full,XGBoost,3,0,0.16394630074501038,0
1015,PH0333-C,1044-PF-KH-FAIRHURST,Cambodia,Full,XGBoost,3,0,0.05267229303717613,0
1016,PH0334-C,1044-PF-KH-FAIRHURST,Cambodia,Full,XGBoost,3,0,0.0583466961979866,0
1017,PH0335-C,1044-PF-KH-FAIRHURST,Cambodia,Full,XGBoost,3,1,0.9911156892776489,1
1018,PH0336-C,1044-PF-KH-FAIRHURST,Cambodia,Full,XGBoost,3,1,0.9681187868118286,1
1019,PH0337-C,1044-PF-KH-FAIRHURST,Cambodia,Full,XGBoost,3,1,0.5373422503471375,1
1020,PH0338-C,1044-PF-KH-FAIRHURST,Cambodia,Full,XGBoost,3,1,0.6148524880409241,1
1021,PH0339-C,1044-PF-KH-FAIRHURST,Cambodia,Full,XGBoost,3,0,0.08501846343278885,0
1022,PH0340-C,1044-PF-KH-FAIRHURST,Cambodia,Full,XGBoost,3,0,0.022217899560928345,0
1023,PH0341-C,1044-PF-KH-FAIRHURST,Cambodia,Full,XGBoost,3,0,0.02469554729759693,0
1024,PH0342-C,1044-PF-KH-FAIRHURST,Cambodia,Full,XGBoost,3,0,0.030781175941228867,0
1025,PH0343-C,1044-PF-KH-FAIRHURST,Cambodia,Full,XGBoost,3,0,0.030781175941228867,0
1026,PH0344-C,1044-PF-KH-FAIRHURST,Cambodia,Full,XGBoost,3,0,0.030781175941228867,0
1027,PH0345-C,1044-PF-KH-FAIRHURST,Cambodia,Full,XGBoost,3,0,0.013295982964336872,0
1028,PH0346-C,1044-PF-KH-FAIRHURST,Cambodia,Full,XGBoost,3,0,0.05746696889400482,0
1029,PH0347-C,1044-PF-KH-FAIRHURST,Cambodia,Full,XGBoost,3,0,0.032040733844041824,0
1030,PH0348-C,1044-PF-KH-FAIRHURST,Cambodia,Full,XGBoost,3,0,0.034562014043331146,0
1031,PH0349-C,1044-PF-KH-FAIRHURST,Cambodia,Full,XGBoost,3,0,0.030781175941228867,0
1032,PH0350-C,1044-PF-KH-FAIRHURST,Cambodia,Full,XGBoost,3,0,0.1870933175086975,0
1033,PH0351-C,1044-PF-KH-FAIRHURST,Cambodia,Full,XGBoost,3,0,0.0217841025441885,0
1034,PH0352-C,1044-PF-KH-FAIRHURST,Cambodia,Full,XGBoost,3,0,0.02420659177005291,0
1035,PH0353-C,1044-PF-KH-FAIRHURST,Cambodia,Full,XGBoost,3,0,0.03592091426253319,0
1036,PH0354-C,1044-PF-KH-FAIRHURST,Cambodia,Full,XGBoost,3,0,0.030781175941228867,0
1037,PH0355-C,1044-PF-KH-FAIRHURST,Cambodia,Full,XGBoost,3,0,0.04136890545487404,0
1038,PH0356-C,1044-PF-KH-FAIRHURST,Cambodia,Full,XGBoost,3,0,0.043892569839954376,0
1039,PH0357-C,1044-PF-KH-FAIRHURST,Cambodia,Full,XGBoost,3,0,0.03857652097940445,0
1040,PH0358-C,1044-PF-KH-FAIRHURST,Cambodia,Full,XGBoost,3,0,0.03219384700059891,0
1041,PH0359-C,1044-PF-KH-FAIRHURST,Cambodia,Full,XGBoost,3,0,0.03268266096711159,0
1042,PH0360-C,1044-PF-KH-FAIRHURST,Cambodia,Full,XGBoost,3,0,0.028623884543776512,0
1043,PH0361-C,1044-PF-KH-FAIRHURST,Cambodia,Full,XGBoost,3,0,0.0555204376578331,0
1044,PH0362-C,1044-PF-KH-FAIRHURST,Cambodia,Full,XGBoost,3,0,0.04668090492486954,0
1045,PH0363-C,1044-PF-KH-FAIRHURST,Cambodia,Full,XGBoost,3,0,0.0602310448884964,0
1046,PH0364-C,1044-PF-KH-FAIRHURST,Cambodia,Full,XGBoost,3,0,0.029374493286013603,0
1047,PH0365-C,1044-PF-KH-FAIRHURST,Cambodia,Full,XGBoost,3,0,0.012484737671911716,0
1048,PH0366-C,1044-PF-KH-FAIRHURST,Cambodia,Full,XGBoost,3,0,0.014437053352594376,0
1049,PH0367-C,1044-PF-KH-FAIRHURST,Cambodia,Full,XGBoost,3,0,0.03288126736879349,0
1050,PH0368-C,1044-PF-KH-FAIRHURST,Cambodia,Full,XGBoost,3,0,0.013709372840821743,0
1051,PH0369-C,1044-PF-KH-FAIRHURST,Cambodia,Full,XGBoost,3,0,0.024385226890444756,0
1052,PH0370-C,1044-PF-KH-FAIRHURST,Cambodia,Full,XGBoost,3,0,0.036261457949876785,0
1053,PH0371-C,1044-PF-KH-FAIRHURST,Cambodia,Full,XGBoost,3,0,0.018898969516158104,0
1054,PH0372-C,1044-PF-KH-FAIRHURST,Cambodia,Full,XGBoost,3,0,0.03429239243268967,0
1055,PH0373-C,1044-PF-KH-FAIRHURST,Cambodia,Full,XGBoost,3,0,0.026904692873358727,0
1056,PH0374-C,1044-PF-KH-FAIRHURST,Cambodia,Full,XGBoost,3,0,0.025097358971834183,0
1057,PH0375-C,1044-PF-KH-FAIRHURST,Cambodia,Full,XGBoost,3,0,0.03544129803776741,0
1058,PH0376-C,1044-PF-KH-FAIRHURST,Cambodia,Full,XGBoost,3,0,0.030675185844302177,0
1059,PH0377-C,1044-PF-KH-FAIRHURST,Cambodia,Full,XGBoost,3,0,0.04936830699443817,0
1060,PH0378-C,1044-PF-KH-FAIRHURST,Cambodia,Full,XGBoost,3,0,0.03400829806923866,0
1061,PH0379-C,1044-PF-KH-FAIRHURST,Cambodia,Full,XGBoost,3,0,0.024320214986801147,0
1062,PH0380-C,1044-PF-KH-FAIRHURST,Cambodia,Full,XGBoost,3,0,0.02580658346414566,0
1063,PH0381-C,1044-PF-KH-FAIRHURST,Cambodia,Full,XGBoost,3,0,0.07367255538702011,0
1064,PH0382-C,1044-PF-KH-FAIRHURST,Cambodia,Full,XGBoost,3,0,0.027973484247922897,0
1065,PH0383-C,1044-PF-KH-FAIRHURST,Cambodia,Full,XGBoost,3,0,0.026069965213537216,0
1104,PH0453-C,1044-PF-KH-FAIRHURST,Cambodia,Full,XGBoost,3,0,0.23044420778751373,0
1105,PH0454-C,1044-PF-KH-FAIRHURST,Cambodia,Full,XGBoost,3,1,0.9629155397415161,1
1106,PH0455-C,1044-PF-KH-FAIRHURST,Cambodia,Full,XGBoost,3,1,0.26661333441734314,0
1107,PH0456-C,1044-PF-KH-FAIRHURST,Cambodia,Full,XGBoost,3,1,0.5581932067871094,1
1108,PH0457-CW,1044-PF-KH-FAIRHURST,Cambodia,Full,XGBoost,3,1,0.5690566301345825,1
1109,PH0458-CW,1044-PF-KH-FAIRHURST,Cambodia,Full,XGBoost,3,1,0.9921922087669373,1
1110,PH0459-CW,1044-PF-KH-FAIRHURST,Cambodia,Full,XGBoost,3,1,0.18491427600383759,0
1111,PH0460-C,1044-PF-KH-FAIRHURST,Cambodia,Full,XGBoost,3,1,0.9917346239089966,1
1112,PH0461-C,1044-PF-KH-FAIRHURST,Cambodia,Full,XGBoost,3,0,0.27676472067832947,0
1113,PH0462-C,1044-PF-KH-FAIRHURST,Cambodia,Full,XGBoost,3,0,0.15162864327430725,0
1114,PH0463-C,1044-PF-KH-FAIRHURST,Cambodia,Full,XGBoost,3,1,0.9917346239089966,1
1115,PH0464-CW,1044-PF-KH-FAIRHURST,Cambodia,Full,XGBoost,3,0,0.4530864357948303,0
1116,PH0466-C,1044-PF-KH-FAIRHURST,Cambodia,Full,XGBoost,3,0,0.04657713323831558,0
1117,PH0467-CW,1044-PF-KH-FAIRHURST,Cambodia,Full,XGBoost,3,1,0.6984764933586121,1
1118,PH0468-C,1044-PF-KH-FAIRHURST,Cambodia,Full,XGBoost,3,0,0.2991834580898285,0
1119,PH0469-CW,1044-PF-KH-FAIRHURST,Cambodia,Full,XGBoost,3,1,0.4305037260055542,0
1120,PH0471-C,1044-PF-KH-FAIRHURST,Cambodia,Full,XGBoost,3,1,0.4848124384880066,0
1121,PH0472-C,1044-PF-KH-FAIRHURST,Cambodia,Full,XGBoost,3,1,0.9896517395973206,1
1122,PH0473-C,1044-PF-KH-FAIRHURST,Cambodia,Full,XGBoost,3,0,0.1687682420015335,0
1123,PH0474-CW,1044-PF-KH-FAIRHURST,Cambodia,Full,XGBoost,3,1,0.7046727538108826,1
1124,PH0475-C,1044-PF-KH-FAIRHURST,Cambodia,Full,XGBoost,3,1,0.32144805788993835,0
1125,PH0476-C,1044-PF-KH-FAIRHURST,Cambodia,Full,XGBoost,3,1,0.5690566301345825,1
1126,PH0478-C,1044-PF-KH-FAIRHURST,Cambodia,Full,XGBoost,3,0,0.35284698009490967,0
1127,PH0479-CW,1044-PF-KH-FAIRHURST,Cambodia,Full,XGBoost,3,1,0.9911162853240967,1
1128,PH0480-C,1044-PF-KH-FAIRHURST,Cambodia,Full,XGBoost,3,1,0.5558762550354004,1
1129,PH0481-C,1044-PF-KH-FAIRHURST,Cambodia,Full,XGBoost,3,1,0.9933079481124878,1
1130,PH0482-C,1044-PF-KH-FAIRHURST,Cambodia,Full,XGBoost,3,1,0.9910818338394165,1
1131,PH0483-CW,1044-PF-KH-FAIRHURST,Cambodia,Full,XGBoost,3,0,0.2616879343986511,0
1132,PH0484-C,1044-PF-KH-FAIRHURST,Cambodia,Full,XGBoost,3,1,0.82410728931427,1
1133,PH0485-C,1044-PF-KH-FAIRHURST,Cambodia,Full,XGBoost,3,1,0.4521196484565735,0
1134,PH0486-C,1044-PF-KH-FAIRHURST,Cambodia,Full,XGBoost,3,1,0.9937671422958374,1
1135,PH0487-C,1044-PF-KH-FAIRHURST,Cambodia,Full,XGBoost,3,1,0.5473762154579163,1
1136,PH0488-C,1044-PF-KH-FAIRHURST,Cambodia,Full,XGBoost,3,0,0.6258938312530518,1
1137,PH0489-C,1044-PF-KH-FAIRHURST,Cambodia,Full,XGBoost,3,0,0.4277770221233368,0
1138,PH0490-C,1044-PF-KH-FAIRHURST,Cambodia,Full,XGBoost,3,1,0.6773021817207336,1
1139,PH0493-C,1044-PF-KH-FAIRHURST,Cambodia,Full,XGBoost,3,1,0.5492709279060364,1
1140,PH0494-CW,1044-PF-KH-FAIRHURST,Cambodia,Full,XGBoost,3,0,0.7754138112068176,1
1141,PH0495-CW,1044-PF-KH-FAIRHURST,Cambodia,Full,XGBoost,3,1,0.979304850101471,1
1142,PH0496-CW,1044-PF-KH-FAIRHURST,Cambodia,Full,XGBoost,3,1,0.5492709279060364,1
1143,PH0497-C,1044-PF-KH-FAIRHURST,Cambodia,Full,XGBoost,3,1,0.7966396808624268,1
1144,PH0498-C,1044-PF-KH-FAIRHURST,Cambodia,Full,XGBoost,3,1,0.5068524479866028,1
1145,PH0499-CW,1044-PF-KH-FAIRHURST,Cambodia,Full,XGBoost,3,0,0.49368926882743835,0
1146,PH0500-CW,1044-PF-KH-FAIRHURST,Cambodia,Full,XGBoost,3,1,0.6559872031211853,1
1147,PH0501-CW,1044-PF-KH-FAIRHURST,Cambodia,Full,XGBoost,3,1,0.9764364957809448,1
1489,PH0945-C,1044-PF-KH-FAIRHURST,Cambodia,Full,XGBoost,3,0,0.09829764068126678,0
1490,PH0952-CW,1044-PF-KH-FAIRHURST,Cambodia,Full,XGBoost,3,1,0.9947872161865234,1
1491,PH0959-Cx,1044-PF-KH-FAIRHURST,Cambodia,Full,XGBoost,3,1,0.856080949306488,1
1492,PH0961-Cx,1044-PF-KH-FAIRHURST,Cambodia,Full,XGBoost,3,1,0.7651146650314331,1
1493,PH0962-C,1044-PF-KH-FAIRHURST,Cambodia,Full,XGBoost,3,1,0.9901829361915588,1
1494,PH0964-Cx,1044-PF-KH-FAIRHURST,Cambodia,Full,XGBoost,3,1,0.8429111838340759,1
1495,PH0966-Cx,1044-PF-KH-FAIRHURST,Cambodia,Full,XGBoost,3,1,0.9842672944068909,1
1496,PH0968-C,1044-PF-KH-FAIRHURST,Cambodia,Full,XGBoost,3,0,0.04004014655947685,0
1497,PH0970-C,1044-PF-KH-FAIRHURST,Cambodia,Full,XGBoost,3,0,0.037786103785037994,0
1498,PH0971-C,1044-PF-KH-FAIRHURST,Cambodia,Full,XGBoost,3,0,0.01583797112107277,0
1499,PH0973-C,1044-PF-KH-FAIRHURST,Cambodia,Full,XGBoost,3,1,0.01872589811682701,0
1500,PH0974-Cx,1044-PF-KH-FAIRHURST,Cambodia,Full,XGBoost,3,1,0.021293029189109802,0
1521,PH1015-C,1044-PF-KH-FAIRHURST,Cambodia,Full,XGBoost,3,1,0.9953161478042603,1
1522,PH1023-C,1044-PF-KH-FAIRHURST,Cambodia,Full,XGBoost,3,0,0.4923209846019745,0
1523,PH1025-C,1044-PF-KH-FAIRHURST,Cambodia,Full,XGBoost,3,1,0.9901620149612427,1
1524,PH1027-C,1044-PF-KH-FAIRHURST,Cambodia,Full,XGBoost,3,0,0.20513303577899933,0
1525,PH1032-C,1044-PF-KH-FAIRHURST,Cambodia,Full,XGBoost,3,0,0.03764664754271507,0
1526,PH1037-C,1044-PF-KH-FAIRHURST,Cambodia,Full,XGBoost,3,1,0.8009902834892273,1
1527,PH1043-C,1044-PF-KH-FAIRHURST,Cambodia,Full,XGBoost,3,0,0.1190212070941925,0
1528,PH1045-C,1044-PF-KH-FAIRHURST,Cambodia,Full,XGBoost,3,0,0.6364318132400513,1
1529,PH1051-C,1044-PF-KH-FAIRHURST,Cambodia,Full,XGBoost,3,1,0.6761947274208069,1
1530,PH1058-C,1044-PF-KH-FAIRHURST,Cambodia,Full,XGBoost,3,0,0.03930281102657318,0
1531,PH1065-C,1044-PF-KH-FAIRHURST,Cambodia,Full,XGBoost,3,0,0.035294532775878906,0
1532,PH1068-C,1044-PF-KH-FAIRHURST,Cambodia,Full,XGBoost,3,0,0.017917990684509277,0
1533,PH1069-C,1044-PF-KH-FAIRHURST,Cambodia,Full,XGBoost,3,0,0.007798845414072275,0
1534,PH1071-C,1044-PF-KH-FAIRHURST,Cambodia,Full,XGBoost,3,0,0.06644319742918015,0
1535,PH1073-C,1044-PF-KH-FAIRHURST,Cambodia,Full,XGBoost,3,0,0.019231002777814865,0
1536,PH1085-C,1044-PF-KH-FAIRHURST,Cambodia,Full,XGBoost,3,0,0.21124035120010376,0
1537,PH1086-C,1044-PF-KH-FAIRHURST,Cambodia,Full,XGBoost,3,1,0.8753721117973328,1
1538,PH1088-C,1044-PF-KH-FAIRHURST,Cambodia,Full,XGBoost,3,1,0.5925177335739136,1
1539,PH1092-C,1044-PF-KH-FAIRHURST,Cambodia,Full,XGBoost,3,0,0.09846185147762299,0
1540,PH1097-C,1044-PF-KH-FAIRHURST,Cambodia,Full,XGBoost,3,0,0.6364318132400513,1
1541,PH1105-C,1044-PF-KH-FAIRHURST,Cambodia,Full,XGBoost,3,0,0.007020858582109213,0
1542,PH1106-C,1044-PF-KH-FAIRHURST,Cambodia,Full,XGBoost,3,0,0.014166305772960186,0
1546,PH1145-C,1044-PF-KH-FAIRHURST,Cambodia,Full,XGBoost,3,0,0.1661558300256729,0
1547,PH1147-C,1044-PF-KH-FAIRHURST,Cambodia,Full,XGBoost,3,0,0.014761261641979218,0
1548,PH1148-C,1044-PF-KH-FAIRHURST,Cambodia,Full,XGBoost,3,1,0.9959651231765747,1
1549,PH1150-C,1044-PF-KH-FAIRHURST,Cambodia,Full,XGBoost,3,0,0.13908879458904266,0
1550,PH1152-C,1044-PF-KH-FAIRHURST,Cambodia,Full,XGBoost,3,1,0.9690045118331909,1
1551,PH1153-C,1044-PF-KH-FAIRHURST,Cambodia,Full,XGBoost,3,0,0.016812842339277267,0
1552,PH1155-C,1044-PF-KH-FAIRHURST,Cambodia,Full,XGBoost,3,1,0.9951263666152954,1
1553,PH1158-C,1044-PF-KH-FAIRHURST,Cambodia,Full,XGBoost,3,1,0.9551878571510315,1
1554,PH1159-C,1044-PF-KH-FAIRHURST,Cambodia,Full,XGBoost,3,0,0.019041331484913826,0
1555,PH1162-C,1044-PF-KH-FAIRHURST,Cambodia,Full,XGBoost,3,1,0.9957452416419983,1
1556,PH1163-C,1044-PF-KH-FAIRHURST,Cambodia,Full,XGBoost,3,0,0.021180860698223114,0
1557,PH1164-C,1044-PF-KH-FAIRHURST,Cambodia,Full,XGBoost,3,0,0.016812842339277267,0
1558,PH1165-C,1044-PF-KH-FAIRHURST,Cambodia,Full,XGBoost,3,0,0.5341202616691589,1
1559,PH1168-C,1044-PF-KH-FAIRHURST,Cambodia,Full,XGBoost,3,0,0.1623312532901764,0
1560,PH1169-C,1044-PF-KH-FAIRHURST,Cambodia,Full,XGBoost,3,0,0.26688846945762634,0
1561,PH1170-C,1044-PF-KH-FAIRHURST,Cambodia,Full,XGBoost,3,0,0.13877926766872406,0
1562,PH1172-C,1044-PF-KH-FAIRHURST,Cambodia,Full,XGBoost,3,0,0.12299896031618118,0
1563,PH1173-C,1044-PF-KH-FAIRHURST,Cambodia,Full,XGBoost,3,1,0.994492769241333,1
1564,PH1175-C,1044-PF-KH-FAIRHURST,Cambodia,Full,XGBoost,3,1,0.9947039484977722,1
1565,PH1183-C,1044-PF-KH-FAIRHURST,Cambodia,Full,XGBoost,3,1,0.9892492294311523,1
1566,PH1186-C,1044-PF-KH-FAIRHURST,Cambodia,Full,XGBoost,3,1,0.9956865310668945,1
1567,PH1187-C,1044-PF-KH-FAIRHURST,Cambodia,Full,XGBoost,3,1,0.9954944849014282,1
1568,PH1188-C,1044-PF-KH-FAIRHURST,Cambodia,Full,XGBoost,3,0,0.6767258048057556,1
1569,PH1189-C,1044-PF-KH-FAIRHURST,Cambodia,Full,XGBoost,3,0,0.989809513092041,1
1570,PH1190-C,1044-PF-KH-FAIRHURST,Cambodia,Full,XGBoost,3,1,0.8618749380111694,1
1571,PH1191-C,1044-PF-KH-FAIRHURST,Cambodia,Full,XGBoost,3,0,0.44143858551979065,0
1572,PH1192-C,1044-PF-KH-FAIRHURST,Cambodia,Full,XGBoost,3,1,0.9958974123001099,1
1573,PH1195-C,1044-PF-KH-FAIRHURST,Cambodia,Full,XGBoost,3,1,0.9275480508804321,1
1574,PH1197-C,1044-PF-KH-FAIRHURST,Cambodia,Full,XGBoost,3,0,0.7256002426147461,1
1575,PH1198-C,1044-PF-KH-FAIRHURST,Cambodia,Full,XGBoost,3,1,0.9917113780975342,1
1576,PH1200-C,1044-PF-KH-FAIRHURST,Cambodia,Full,XGBoost,3,1,0.9853845238685608,1
1577,PH1201-C,1044-PF-KH-FAIRHURST,Cambodia,Full,XGBoost,3,1,0.9903063774108887,1
1578,PH1202-C,1044-PF-KH-FAIRHURST,Cambodia,Full,XGBoost,3,1,0.9954839944839478,1
1579,PH1203-C,1044-PF-KH-FAIRHURST,Cambodia,Full,XGBoost,3,1,0.9897252321243286,1
1580,PH1205-C,1044-PF-KH-FAIRHURST,Cambodia,Full,XGBoost,3,0,0.5594978928565979,1
1581,PH1206-C,1044-PF-KH-FAIRHURST,Cambodia,Full,XGBoost,3,1,0.9951633214950562,1
1582,PH1208-C,1044-PF-KH-FAIRHURST,Cambodia,Full,XGBoost,3,1,0.9259463548660278,1
1583,PH1209-C,1044-PF-KH-FAIRHURST,Cambodia,Full,XGBoost,3,1,0.9893420934677124,1
1584,PH1211-C,1044-PF-KH-FAIRHURST,Cambodia,Full,XGBoost,3,1,0.9403828382492065,1
1585,PH1216-C,1044-PF-KH-FAIRHURST,Cambodia,Full,XGBoost,3,1,0.9903188943862915,1
1586,PH1217-C,1044-PF-KH-FAIRHURST,Cambodia,Full,XGBoost,3,1,0.9876791834831238,1
1587,PH1218-C,1044-PF-KH-FAIRHURST,Cambodia,Full,XGBoost,3,0,0.9245354533195496,1
1588,PH1220-C,1044-PF-KH-FAIRHURST,Cambodia,Full,XGBoost,3,0,0.1830892562866211,0
1589,PH1223-C,1044-PF-KH-FAIRHURST,Cambodia,Full,XGBoost,3,1,0.9903063774108887,1
1590,PH1224-C,1044-PF-KH-FAIRHURST,Cambodia,Full,XGBoost,3,1,0.9903063774108887,1
1591,PH1229-C,1044-PF-KH-FAIRHURST,Cambodia,Full,XGBoost,3,1,0.9978271126747131,1
1592,PH1234-C,1044-PF-KH-FAIRHURST,Cambodia,Full,XGBoost,3,1,0.9960970282554626,1
1593,PH1236-C,1044-PF-KH-FAIRHURST,Cambodia,Full,XGBoost,3,1,0.9957452416419983,1
1594,PH1251-C,1044-PF-KH-FAIRHURST,Cambodia,Full,XGBoost,3,1,0.9936684966087341,1
1595,PH1252-C,1044-PF-KH-FAIRHURST,Cambodia,Full,XGBoost,3,1,0.9938627481460571,1
1596,PH1253-C,1044-PF-KH-FAIRHURST,Cambodia,Full,XGBoost,3,1,0.9385004639625549,1
1597,PH1289-C,1044-PF-KH-FAIRHURST,Cambodia,Full,XGBoost,3,0,0.10768173635005951,0
1598,PH1297-C,1044-PF-KH-FAIRHURST,Cambodia,Full,XGBoost,3,0,0.017436405643820763,0
1599,PH1299-C,1044-PF-KH-FAIRHURST,Cambodia,Full,XGBoost,3,0,0.01393396221101284,0
1600,PH1300-C,1044-PF-KH-FAIRHURST,Cambodia,Full,XGBoost,3,0,0.05471671372652054,0
1601,PH1304-C,1044-PF-KH-FAIRHURST,Cambodia,Full,XGBoost,3,0,0.00940687395632267,0
1602,PH1305-C,1044-PF-KH-FAIRHURST,Cambodia,Full,XGBoost,3,0,0.011396693997085094,0
1603,PH1309-C,1044-PF-KH-FAIRHURST,Cambodia,Full,XGBoost,3,0,0.014002837240695953,0
1604,PH1310-C,1044-PF-KH-FAIRHURST,Cambodia,Full,XGBoost,3,0,0.021246718242764473,0
1605,PH1313-C,1044-PF-KH-FAIRHURST,Cambodia,Full,XGBoost,3,1,0.9957036375999451,1
1606,PH1316-C,1044-PF-KH-FAIRHURST,Cambodia,Full,XGBoost,3,0,0.11358930915594101,0
1607,PH1317-C,1044-PF-KH-FAIRHURST,Cambodia,Full,XGBoost,3,0,0.015129080973565578,0
1608,PH1318-C,1044-PF-KH-FAIRHURST,Cambodia,Full,XGBoost,3,0,0.039337266236543655,0
1609,PH1319-C,1044-PF-KH-FAIRHURST,Cambodia,Full,XGBoost,3,0,0.01950037106871605,0
1610,PH1336-C,1044-PF-KH-FAIRHURST,Cambodia,Full,XGBoost,3,1,0.9940310120582581,1
1611,PH1337-C,1044-PF-KH-FAIRHURST,Cambodia,Full,XGBoost,3,1,0.8618749380111694,1
1612,PH1338-C,1044-PF-KH-FAIRHURST,Cambodia,Full,XGBoost,3,1,0.9665260314941406,1
1613,PH1339-C,1044-PF-KH-FAIRHURST,Cambodia,Full,XGBoost,3,1,0.9903063774108887,1
1614,PH1341-C,1044-PF-KH-FAIRHURST,Cambodia,Full,XGBoost,3,1,0.8296888470649719,1
1615,PH1343-C,1044-PF-KH-FAIRHURST,Cambodia,Full,XGBoost,3,1,0.9976975321769714,1
1616,PH1351-C,1044-PF-KH-FAIRHURST,Cambodia,Full,XGBoost,3,1,0.9975528120994568,1
1617,PH1354-C,1044-PF-KH-FAIRHURST,Cambodia,Full,XGBoost,3,1,0.9901620149612427,1
1618,PH1355-C,1044-PF-KH-FAIRHURST,Cambodia,Full,XGBoost,3,1,0.9951353669166565,1
1619,PH1357-C,1044-PF-KH-FAIRHURST,Cambodia,Full,XGBoost,3,1,0.8774470686912537,1
1620,PH1358-C,1044-PF-KH-FAIRHURST,Cambodia,Full,XGBoost,3,1,0.8366802334785461,1
1621,PH1360-C,1044-PF-KH-FAIRHURST,Cambodia,Full,XGBoost,3,1,0.9842672944068909,1
1622,PH1368-C,1044-PF-KH-FAIRHURST,Cambodia,Full,XGBoost,3,1,0.9942116141319275,1
1623,PH1373-C,1044-PF-KH-FAIRHURST,Cambodia,Full,XGBoost,3,1,0.9962052702903748,1
1624,PH1377-C,1044-PF-KH-FAIRHURST,Cambodia,Full,XGBoost,3,1,0.9887421727180481,1
1625,PH1378-C,1044-PF-KH-FAIRHURST,Cambodia,Full,XGBoost,3,1,0.9857339859008789,1
1626,PH1379-C,1044-PF-KH-FAIRHURST,Cambodia,Full,XGBoost,3,1,0.9903063774108887,1
1627,PH1384-C,1044-PF-KH-FAIRHURST,Cambodia,Full,XGBoost,3,1,0.9951353669166565,1
1628,PH1387-C,1044-PF-KH-FAIRHURST,Cambodia,Full,XGBoost,3,1,0.9937776327133179,1
1629,PH1390-C,1044-PF-KH-FAIRHURST,Cambodia,Full,XGBoost,3,1,0.9897252321243286,1
1630,PH1391-C,1044-PF-KH-FAIRHURST,Cambodia,Full,XGBoost,3,1,0.9339641332626343,1
1631,PH1393-C,1044-PF-KH-FAIRHURST,Cambodia,Full,XGBoost,3,0,0.7963554859161377,1
1632,PH1394-C,1044-PF-KH-FAIRHURST,Cambodia,Full,XGBoost,3,1,0.9223954081535339,1
1633,PH1395-C,1044-PF-KH-FAIRHURST,Cambodia,Full,XGBoost,3,0,0.4447162449359894,0
1634,PH1396-C,1044-PF-KH-FAIRHURST,Cambodia,Full,XGBoost,3,1,0.9901822209358215,1
1635,PH1397-C,1044-PF-KH-FAIRHURST,Cambodia,Full,XGBoost,3,1,0.9955530762672424,1
1636,PH1398-C,1044-PF-KH-FAIRHURST,Cambodia,Full,XGBoost,3,1,0.9892190098762512,1
1637,PH1399-C,1044-PF-KH-FAIRHURST,Cambodia,Full,XGBoost,3,1,0.9904318451881409,1
1638,PH1402-C,1044-PF-KH-FAIRHURST,Cambodia,Full,XGBoost,3,1,0.9680206775665283,1
1639,PH1407-C,1044-PF-KH-FAIRHURST,Cambodia,Full,XGBoost,3,1,0.9889050722122192,1
1640,PH1411-C,1044-PF-KH-FAIRHURST,Cambodia,Full,XGBoost,3,1,0.8634325265884399,1
1641,PH1419-C,1044-PF-KH-FAIRHURST,Cambodia,Full,XGBoost,3,1,0.997752845287323,1
1642,PH1422-C,1044-PF-KH-FAIRHURST,Cambodia,Full,XGBoost,3,1,0.7142364978790283,1
1643,PH1439-C,1044-PF-KH-FAIRHURST,Cambodia,Full,XGBoost,3,1,0.8553418517112732,1
1644,PH1443-C,1044-PF-KH-FAIRHURST,Cambodia,Full,XGBoost,3,1,0.8781002163887024,1
1645,PH1449-C,1044-PF-KH-FAIRHURST,Cambodia,Full,XGBoost,3,1,0.8174984455108643,1
1646,PH1453-C,1044-PF-KH-FAIRHURST,Cambodia,Full,XGBoost,3,0,0.8309643268585205,1
1647,PH1454-C,1044-PF-KH-FAIRHURST,Cambodia,Full,XGBoost,3,1,0.9957036375999451,1
1648,PH1477-C,1044-PF-KH-FAIRHURST,Cambodia,Full,XGBoost,3,1,0.9976972937583923,1
1649,PH1482-C,1044-PF-KH-FAIRHURST,Cambodia,Full,XGBoost,3,0,0.9953345656394958,1
1650,PH1484-C,1044-PF-KH-FAIRHURST,Cambodia,Full,XGBoost,3,1,0.9978227615356445,1
1651,PH1486-C,1044-PF-KH-FAIRHURST,Cambodia,Full,XGBoost,3,1,0.9888862371444702,1
1652,PH1487-C,1044-PF-KH-FAIRHURST,Cambodia,Full,XGBoost,3,1,0.9959533214569092,1
1653,PH1488-C,1044-PF-KH-FAIRHURST,Cambodia,Full,XGBoost,3,1,0.9904318451881409,1
1654,PH1489-C,1044-PF-KH-FAIRHURST,Cambodia,Full,XGBoost,3,1,0.8781002163887024,1
1655,PH1490-C,1044-PF-KH-FAIRHURST,Cambodia,Full,XGBoost,3,0,0.8570783138275146,1
1656,PH1491-C,1044-PF-KH-FAIRHURST,Cambodia,Full,XGBoost,3,1,0.9914345741271973,1
1657,PH1492-C,1044-PF-KH-FAIRHURST,Cambodia,Full,XGBoost,3,1,0.7773422598838806,1
1658,PH1493-C,1044-PF-KH-FAIRHURST,Cambodia,Full,XGBoost,3,1,0.9887027740478516,1
1659,PH1494-C,1044-PF-KH-FAIRHURST,Cambodia,Full,XGBoost,3,0,0.9957036375999451,1
1660,PH1495-C,1044-PF-KH-FAIRHURST,Cambodia,Full,XGBoost,3,1,0.973233163356781,1
1661,PH1497-C,1044-PF-KH-FAIRHURST,Cambodia,Full,XGBoost,3,1,0.9976928234100342,1
1662,PH1498-C,1044-PF-KH-FAIRHURST,Cambodia,Full,XGBoost,3,1,0.8634325265884399,1
1663,PH1499-C,1044-PF-KH-FAIRHURST,Cambodia,Full,XGBoost,3,1,0.9958798885345459,1
1664,PH1500-C,1044-PF-KH-FAIRHURST,Cambodia,Full,XGBoost,3,1,0.9904318451881409,1
1665,PH1501-C,1044-PF-KH-FAIRHURST,Cambodia,Full,XGBoost,3,1,0.9960970282554626,1
1666,PH1502-C,1044-PF-KH-FAIRHURST,Cambodia,Full,XGBoost,3,1,0.991394579410553,1
1667,PH1504-C,1044-PF-KH-FAIRHURST,Cambodia,Full,XGBoost,3,1,0.9957408905029297,1
1668,PH1506-C,1044-PF-KH-FAIRHURST,Cambodia,Full,XGBoost,3,1,0.9959533214569092,1
1669,PH1519-C,1044-PF-KH-FAIRHURST,Cambodia,Full,XGBoost,3,1,0.9978271126747131,1
1670,PH1529-C,1044-PF-KH-FAIRHURST,Cambodia,Full,XGBoost,3,1,0.9976975321769714,1
1671,PH1562-C,1044-PF-KH-FAIRHURST,Cambodia,Full,XGBoost,3,1,0.9958107471466064,1
1672,PH1564-C,1044-PF-KH-FAIRHURST,Cambodia,Full,XGBoost,3,1,0.8279209733009338,1
1673,PH1565-C,1044-PF-KH-FAIRHURST,Cambodia,Full,XGBoost,3,1,0.9957019686698914,1
1674,PH1566-C,1044-PF-KH-FAIRHURST,Cambodia,Full,XGBoost,3,0,0.014196802861988544,0
1675,PH1567-C,1044-PF-KH-FAIRHURST,Cambodia,Full,XGBoost,3,1,0.9960412979125977,1
1676,PH1568-C,1044-PF-KH-FAIRHURST,Cambodia,Full,XGBoost,3,1,0.9948557615280151,1
1677,PH1570-C,1044-PF-KH-FAIRHURST,Cambodia,Full,XGBoost,3,0,0.5346755981445312,1
1678,PH1571-C,1044-PF-KH-FAIRHURST,Cambodia,Full,XGBoost,3,1,0.9913359880447388,1
1679,PH1575-C,1044-PF-KH-FAIRHURST,Cambodia,Full,XGBoost,3,0,0.019407832995057106,0
1680,PH1577-C,1044-PF-KH-FAIRHURST,Cambodia,Full,XGBoost,3,0,0.0420263409614563,0
1681,PH1578-C,1044-PF-KH-FAIRHURST,Cambodia,Full,XGBoost,3,0,0.03720990568399429,0
1682,PH1580-C,1044-PF-KH-FAIRHURST,Cambodia,Full,XGBoost,3,0,0.009196056984364986,0
1683,PH1587-C,1044-PF-KH-FAIRHURST,Cambodia,Full,XGBoost,3,0,0.02698255330324173,0
1684,PH1589-C,1044-PF-KH-FAIRHURST,Cambodia,Full,XGBoost,3,0,0.01738050952553749,0
1685,PH1594-C,1044-PF-KH-FAIRHURST,Cambodia,Full,XGBoost,3,0,0.010324005968868732,0
1686,PH1596-C,1044-PF-KH-FAIRHURST,Cambodia,Full,XGBoost,3,0,0.027049636468291283,0
1687,PH1597-C,1044-PF-KH-FAIRHURST,Cambodia,Full,XGBoost,3,0,0.016871808096766472,0
1688,PH1602-C,1044-PF-KH-FAIRHURST,Cambodia,Full,XGBoost,3,0,0.008979876525700092,0
1689,PH1604-C,1044-PF-KH-FAIRHURST,Cambodia,Full,XGBoost,3,1,0.9808534383773804,1
1690,PH1611-C,1044-PF-KH-FAIRHURST,Cambodia,Full,XGBoost,3,0,0.03102738969027996,0
1691,PH1614-C,1044-PF-KH-FAIRHURST,Cambodia,Full,XGBoost,3,1,0.448401540517807,0
1692,PH1615-C,1044-PF-KH-FAIRHURST,Cambodia,Full,XGBoost,3,0,0.22722452878952026,0
1693,PH1616-C,1044-PF-KH-FAIRHURST,Cambodia,Full,XGBoost,3,0,0.02267264947295189,0
1694,PH1623-C,1044-PF-KH-FAIRHURST,Cambodia,Full,XGBoost,3,0,0.01588900201022625,0
1695,PH1624-C,1044-PF-KH-FAIRHURST,Cambodia,Full,XGBoost,3,0,0.014688505791127682,0
1696,PH1626-C,1044-PF-KH-FAIRHURST,Cambodia,Full,XGBoost,3,0,0.016774838790297508,0
1697,PH1628-C,1044-PF-KH-FAIRHURST,Cambodia,Full,XGBoost,3,0,0.009774802252650261,0
1698,PH1630-C,1044-PF-KH-FAIRHURST,Cambodia,Full,XGBoost,3,0,0.013732506893575191,0
1699,PH1634-C,1044-PF-KH-FAIRHURST,Cambodia,Full,XGBoost,3,0,0.022279301658272743,0
1700,PH1636-C,1044-PF-KH-FAIRHURST,Cambodia,Full,XGBoost,3,0,0.02175031788647175,0
1701,PH1638-C,1044-PF-KH-FAIRHURST,Cambodia,Full,XGBoost,3,0,0.023928195238113403,0
1702,PH1639-C,1044-PF-KH-FAIRHURST,Cambodia,Full,XGBoost,3,0,0.022699609398841858,0
1703,PH1643-C,1044-PF-KH-FAIRHURST,Cambodia,Full,XGBoost,3,0,0.020972762256860733,0
1704,PH1668-CW2,1044-PF-KH-FAIRHURST,Cambodia,Full,XGBoost,3,0,0.9899862408638,1
1705,PH1669-CW2,1044-PF-KH-FAIRHURST,Cambodia,Full,XGBoost,3,1,0.8634325265884399,1
1706,PH1670-CW2,1044-PF-KH-FAIRHURST,Cambodia,Full,XGBoost,3,1,0.4807504117488861,0
1707,PH1671-CW2,1044-PF-KH-FAIRHURST,Cambodia,Full,XGBoost,3,1,0.9882239103317261,1
1708,PH1674-CW2,1044-PF-KH-FAIRHURST,Cambodia,Full,XGBoost,3,1,0.9570924639701843,1
1709,PH1675-CW2,1044-PF-KH-FAIRHURST,Cambodia,Full,XGBoost,3,1,0.984451413154602,1
1710,PH1676-CW2,1044-PF-KH-FAIRHURST,Cambodia,Full,XGBoost,3,1,0.9769712090492249,1
1711,PH1677-CW2,1044-PF-KH-FAIRHURST,Cambodia,Full,XGBoost,3,1,0.9895063042640686,1
1712,PH1692-CW,1044-PF-KH-FAIRHURST,Cambodia,Full,XGBoost,3,1,0.9956219792366028,1
1713,PH1708-C,1195-PF-TRAC2-DONDORP,Cambodia,Full,XGBoost,3,1,0.9869018793106079,1
1714,PH1709-C,1195-PF-TRAC2-DONDORP,Cambodia,Full,XGBoost,3,1,0.9866090416908264,1
1715,PH1710-C,1195-PF-TRAC2-DONDORP,Cambodia,Full,XGBoost,3,1,0.9927929639816284,1
1716,PH1711-C,1195-PF-TRAC2-DONDORP,Cambodia,Full,XGBoost,3,1,0.9874899983406067,1
1717,PH1712-C,1195-PF-TRAC2-DONDORP,Cambodia,Full,XGBoost,3,1,0.6758737564086914,1
1718,PH1713-C,1195-PF-TRAC2-DONDORP,Cambodia,Full,XGBoost,3,1,0.9268079400062561,1
1719,PH1715-C,1195-PF-TRAC2-DONDORP,Cambodia,Full,XGBoost,3,1,0.980622410774231,1
1720,PH1716-C,1195-PF-TRAC2-DONDORP,Cambodia,Full,XGBoost,3,1,0.9902533888816833,1
1721,PH1717-C,1195-PF-TRAC2-DONDORP,Cambodia,Full,XGBoost,3,1,0.9878761768341064,1
1722,PH1718-C,1195-PF-TRAC2-DONDORP,Cambodia,Full,XGBoost,3,1,0.9945279955863953,1
1723,PH1719-C,1195-PF-TRAC2-DONDORP,Cambodia,Full,XGBoost,3,1,0.9945279955863953,1
1724,PH1720-C,1195-PF-TRAC2-DONDORP,Cambodia,Full,XGBoost,3,1,0.9966664910316467,1
1725,PH1721-C,1195-PF-TRAC2-DONDORP,Cambodia,Full,XGBoost,3,1,0.9894446730613708,1
1726,PH1723-C,1195-PF-TRAC2-DONDORP,Cambodia,Full,XGBoost,3,1,0.9951093792915344,1
1727,PH1729-C,1195-PF-TRAC2-DONDORP,Cambodia,Full,XGBoost,3,1,0.9890643954277039,1
1728,PH1730-C,1195-PF-TRAC2-DONDORP,Cambodia,Full,XGBoost,3,1,0.9971590042114258,1
1729,PH1731-C,1195-PF-TRAC2-DONDORP,Cambodia,Full,XGBoost,3,1,0.997252881526947,1
1730,PH1732-C,1195-PF-TRAC2-DONDORP,Cambodia,Full,XGBoost,3,1,0.9970832467079163,1
1731,PH1733-C,1195-PF-TRAC2-DONDORP,Cambodia,Full,XGBoost,3,1,0.9929628968238831,1
1732,PH1734-C,1195-PF-TRAC2-DONDORP,Cambodia,Full,XGBoost,3,0,0.03692476451396942,0
1733,PH1735-C,1195-PF-TRAC2-DONDORP,Cambodia,Full,XGBoost,3,1,0.4897454082965851,0
1734,PH1737-C,1195-PF-TRAC2-DONDORP,Cambodia,Full,XGBoost,3,0,0.891423761844635,1
1735,PH1738-C,1195-PF-TRAC2-DONDORP,Cambodia,Full,XGBoost,3,1,0.9727500081062317,1
1736,PH1741-C,1195-PF-TRAC2-DONDORP,Cambodia,Full,XGBoost,3,1,0.9902762174606323,1
1737,PH1742-C,1195-PF-TRAC2-DONDORP,Cambodia,Full,XGBoost,3,1,0.9947139620780945,1
1738,PH1743-C,1195-PF-TRAC2-DONDORP,Cambodia,Full,XGBoost,3,1,0.9887795448303223,1
1739,PH1744-C,1195-PF-TRAC2-DONDORP,Cambodia,Full,XGBoost,3,1,0.9747813940048218,1
1740,PH1745-C,1195-PF-TRAC2-DONDORP,Cambodia,Full,XGBoost,3,0,0.9945007562637329,1
1741,PH1746-C,1195-PF-TRAC2-DONDORP,Cambodia,Full,XGBoost,3,1,0.9843811988830566,1
1742,PH1747-C,1195-PF-TRAC2-DONDORP,Cambodia,Full,XGBoost,3,1,0.9892861247062683,1
1743,PH1748-C,1195-PF-TRAC2-DONDORP,Cambodia,Full,XGBoost,3,1,0.7833234667778015,1
1744,PH1749-C,1195-PF-TRAC2-DONDORP,Cambodia,Full,XGBoost,3,1,0.9958437085151672,1
1745,PH1750-C,1195-PF-TRAC2-DONDORP,Cambodia,Full,XGBoost,3,1,0.9868712425231934,1
1746,PH1752-C,1195-PF-TRAC2-DONDORP,Cambodia,Full,XGBoost,3,1,0.9946821331977844,1
1747,PH1754-C,1195-PF-TRAC2-DONDORP,Cambodia,Full,XGBoost,3,0,0.5665006041526794,1
1748,PH1756-C,1195-PF-TRAC2-DONDORP,Cambodia,Full,XGBoost,3,1,0.9949162006378174,1
1749,PH1759-C,1195-PF-TRAC2-DONDORP,Cambodia,Full,XGBoost,3,1,0.9945911169052124,1
1750,PH1760-C,1195-PF-TRAC2-DONDORP,Cambodia,Full,XGBoost,3,1,0.9858220219612122,1
1751,PH1764-C,1195-PF-TRAC2-DONDORP,Cambodia,Full,XGBoost,3,1,0.9948115348815918,1
1752,PH1765-C,1195-PF-TRAC2-DONDORP,Cambodia,Full,XGBoost,3,1,0.9944931268692017,1
1753,PH1766-C,1195-PF-TRAC2-DONDORP,Cambodia,Full,XGBoost,3,1,0.9941628575325012,1
1754,PH1767-C,1195-PF-TRAC2-DONDORP,Cambodia,Full,XGBoost,3,1,0.988788902759552,1
1755,PH1768-C,1195-PF-TRAC2-DONDORP,Cambodia,Full,XGBoost,3,1,0.8650801777839661,1
1775,PV0080-C,1008-PF-SEA-RINGWALD,Vietnam,Full,XGBoost,3,0,0.03111875243484974,0
1776,PV0081-C,1008-PF-SEA-RINGWALD,Vietnam,Full,XGBoost,3,1,0.6719121336936951,1
1777,PV0082-C,1008-PF-SEA-RINGWALD,Vietnam,Full,XGBoost,3,0,0.03111875243484974,0
1778,PV0083-C,1008-PF-SEA-RINGWALD,Vietnam,Full,XGBoost,3,1,0.532696008682251,1
1779,PV0084-C,1008-PF-SEA-RINGWALD,Vietnam,Full,XGBoost,3,0,0.04717305302619934,0
1780,PV0085-C,1008-PF-SEA-RINGWALD,Vietnam,Full,XGBoost,3,1,0.11179566383361816,0
1781,PV0086-C,1008-PF-SEA-RINGWALD,Vietnam,Full,XGBoost,3,0,0.02154921554028988,0
1782,PV0087-C,1008-PF-SEA-RINGWALD,Vietnam,Full,XGBoost,3,0,0.022567739710211754,0
1783,PV0088-C,1008-PF-SEA-RINGWALD,Vietnam,Full,XGBoost,3,1,0.11945044249296188,0
1784,PV0089-C,1008-PF-SEA-RINGWALD,Vietnam,Full,XGBoost,3,0,0.04149482399225235,0
1785,PV0091-C,1008-PF-SEA-RINGWALD,Vietnam,Full,XGBoost,3,1,0.5936335325241089,1
1786,PV0092-C,1008-PF-SEA-RINGWALD,Vietnam,Full,XGBoost,3,0,0.04679460823535919,0
1787,PV0093-C,1008-PF-SEA-RINGWALD,Vietnam,Full,XGBoost,3,1,0.5326502919197083,1
1788,PV0094-C,1008-PF-SEA-RINGWALD,Vietnam,Full,XGBoost,3,0,0.04679460823535919,0
1789,PV0097-C,1008-PF-SEA-RINGWALD,Vietnam,Full,XGBoost,3,0,0.09946686029434204,0
1790,PV0098-C,1008-PF-SEA-RINGWALD,Vietnam,Full,XGBoost,3,0,0.08006059378385544,0
1791,PV0099-C,1008-PF-SEA-RINGWALD,Vietnam,Full,XGBoost,3,0,0.1311441957950592,0
1792,PV0100-C,1008-PF-SEA-RINGWALD,Vietnam,Full,XGBoost,3,0,0.028252217918634415,0
1793,PV0101-C,1008-PF-SEA-RINGWALD,Vietnam,Full,XGBoost,3,1,0.11179566383361816,0
1794,PV0102-C,1008-PF-SEA-RINGWALD,Vietnam,Full,XGBoost,3,1,0.09670630842447281,0
1795,PV0109-C,1008-PF-SEA-RINGWALD,Vietnam,Full,XGBoost,3,0,0.014301951974630356,0
1796,PV0110-C,1008-PF-SEA-RINGWALD,Vietnam,Full,XGBoost,3,0,0.034126829355955124,0
1797,PV0112-C,1008-PF-SEA-RINGWALD,Vietnam,Full,XGBoost,3,0,0.09946686029434204,0
1798,PV0113-C,1008-PF-SEA-RINGWALD,Vietnam,Full,XGBoost,3,0,0.031232992187142372,0
1799,PV0115-C,1008-PF-SEA-RINGWALD,Vietnam,Full,XGBoost,3,1,0.025699233636260033,0
1800,PV0117-C,1008-PF-SEA-RINGWALD,Vietnam,Full,XGBoost,3,0,0.04853508248925209,0
1801,PV0120-C,1008-PF-SEA-RINGWALD,Vietnam,Full,XGBoost,3,0,0.20214912295341492,0
1802,PV0122-C,1008-PF-SEA-RINGWALD,Vietnam,Full,XGBoost,3,1,0.5811628699302673,1
1803,PV0125-C,1008-PF-SEA-RINGWALD,Vietnam,Full,XGBoost,3,1,0.6192576885223389,1
1804,PV0126-C,1008-PF-SEA-RINGWALD,Vietnam,Full,XGBoost,3,0,0.4025610089302063,0
1805,PV0127-C,1008-PF-SEA-RINGWALD,Vietnam,Full,XGBoost,3,0,0.026183946058154106,0
1806,PV0128-C,1008-PF-SEA-RINGWALD,Vietnam,Full,XGBoost,3,1,0.532696008682251,1
1807,PV0129-C,1008-PF-SEA-RINGWALD,Vietnam,Full,XGBoost,3,0,0.06465138494968414,0
1808,PV0130-C,1008-PF-SEA-RINGWALD,Vietnam,Full,XGBoost,3,1,0.6011581420898438,1
1809,PV0132-C,1008-PF-SEA-RINGWALD,Vietnam,Full,XGBoost,3,0,0.07383374124765396,0
1810,PV0133-C,1008-PF-SEA-RINGWALD,Vietnam,Full,XGBoost,3,0,0.027970891445875168,0
1811,PV0134-C,1008-PF-SEA-RINGWALD,Vietnam,Full,XGBoost,3,0,0.11941813677549362,0
1812,PV0135-C,1008-PF-SEA-RINGWALD,Vietnam,Full,XGBoost,3,0,0.03397410362958908,0
1813,PV0137-C,1008-PF-SEA-RINGWALD,Vietnam,Full,XGBoost,3,1,0.09260936826467514,0
1814,PV0138-C,1008-PF-SEA-RINGWALD,Vietnam,Full,XGBoost,3,0,0.052374184131622314,0
1815,PV0139-C,1008-PF-SEA-RINGWALD,Vietnam,Full,XGBoost,3,0,0.034981619566679,0
1816,PV0140-C,1008-PF-SEA-RINGWALD,Vietnam,Full,XGBoost,3,1,0.6338902115821838,1
1817,PV0141-C,1008-PF-SEA-RINGWALD,Vietnam,Full,XGBoost,3,1,0.5761924386024475,1
1818,PV0142-C,1008-PF-SEA-RINGWALD,Vietnam,Full,XGBoost,3,0,0.08006059378385544,0
1819,PV0144-C,1008-PF-SEA-RINGWALD,Vietnam,Full,XGBoost,3,1,0.5546525120735168,1
1820,PV0147-C,1008-PF-SEA-RINGWALD,Vietnam,Full,XGBoost,3,0,0.03750072792172432,0
1821,PV0148-C,1008-PF-SEA-RINGWALD,Vietnam,Full,XGBoost,3,0,0.01702044904232025,0
1822,PV0149-C,1008-PF-SEA-RINGWALD,Vietnam,Full,XGBoost,3,0,0.025525694712996483,0
1823,PV0151-C,1008-PF-SEA-RINGWALD,Vietnam,Full,XGBoost,3,1,0.6011581420898438,1
1824,PV0152-C,1008-PF-SEA-RINGWALD,Vietnam,Full,XGBoost,3,0,0.06438208371400833,0
1825,PV0153-C,1008-PF-SEA-RINGWALD,Vietnam,Full,XGBoost,3,0,0.04853508248925209,0
1826,PV0155-C,1008-PF-SEA-RINGWALD,Vietnam,Full,XGBoost,3,0,0.018234048038721085,0
1827,PV0156-C,1008-PF-SEA-RINGWALD,Vietnam,Full,XGBoost,3,0,0.03354403376579285,0
1828,PV0158-C,1008-PF-SEA-RINGWALD,Vietnam,Full,XGBoost,3,1,0.23440061509609222,0
1829,PV0160-C,1008-PF-SEA-RINGWALD,Vietnam,Full,XGBoost,3,0,0.04657309129834175,0
1830,PV0161-C,1008-PF-SEA-RINGWALD,Vietnam,Full,XGBoost,3,0,0.045576900243759155,0
1831,PV0167-C,1008-PF-SEA-RINGWALD,Vietnam,Full,XGBoost,3,0,0.019989527761936188,0
1832,PV0169-C,1008-PF-SEA-RINGWALD,Vietnam,Full,XGBoost,3,0,0.031392134726047516,0
1833,PV0170-C,1008-PF-SEA-RINGWALD,Vietnam,Full,XGBoost,3,0,0.025024497881531715,0
1834,PV0174-C,1008-PF-SEA-RINGWALD,Vietnam,Full,XGBoost,3,0,0.014063442125916481,0
1835,PV0176-C,1008-PF-SEA-RINGWALD,Vietnam,Full,XGBoost,3,0,0.23603089153766632,0
1836,PV0180-C,1008-PF-SEA-RINGWALD,Vietnam,Full,XGBoost,3,1,0.7840108275413513,1
1837,PV0182-C,1008-PF-SEA-RINGWALD,Vietnam,Full,XGBoost,3,0,0.04301079735159874,0
1838,PV0183-C,1008-PF-SEA-RINGWALD,Vietnam,Full,XGBoost,3,0,0.021324599161744118,0
1839,PV0185-C,1008-PF-SEA-RINGWALD,Vietnam,Full,XGBoost,3,1,0.27213218808174133,0
1840,PV0186-C,1008-PF-SEA-RINGWALD,Vietnam,Full,XGBoost,3,1,0.046434883028268814,0
1841,PV0187-C,1008-PF-SEA-RINGWALD,Vietnam,Full,XGBoost,3,0,0.11490916460752487,0
1842,PV0188-C,1008-PF-SEA-RINGWALD,Vietnam,Full,XGBoost,3,0,0.011542955413460732,0
1843,PV0189-C,1008-PF-SEA-RINGWALD,Vietnam,Full,XGBoost,3,0,0.1976102739572525,0
1844,PV0192-C,1008-PF-SEA-RINGWALD,Vietnam,Full,XGBoost,3,0,0.00846454780548811,0
1845,PV0193-C,1008-PF-SEA-RINGWALD,Vietnam,Full,XGBoost,3,1,0.27213218808174133,0
1846,PV0194-C,1008-PF-SEA-RINGWALD,Vietnam,Full,XGBoost,3,1,0.7977572083473206,1
1847,PV0195-C,1008-PF-SEA-RINGWALD,Vietnam,Full,XGBoost,3,1,0.9216104745864868,1
1848,PV0197-C,1008-PF-SEA-RINGWALD,Vietnam,Full,XGBoost,3,0,0.017721816897392273,0
1849,PV0202-C,1008-PF-SEA-RINGWALD,Vietnam,Full,XGBoost,3,0,0.014305414631962776,0
1850,PV0204-C,1008-PF-SEA-RINGWALD,Vietnam,Full,XGBoost,3,0,0.07860788702964783,0
1851,PV0205-C,1008-PF-SEA-RINGWALD,Vietnam,Full,XGBoost,3,0,0.05081662908196449,0
1852,PV0209-C,1008-PF-SEA-RINGWALD,Vietnam,Full,XGBoost,3,1,0.05912269651889801,0
1853,PV0210-C,1008-PF-SEA-RINGWALD,Vietnam,Full,XGBoost,3,0,0.027355756610631943,0
1854,PV0211-C,1008-PF-SEA-RINGWALD,Vietnam,Full,XGBoost,3,0,0.015643693506717682,0
1855,PV0212-C,1008-PF-SEA-RINGWALD,Vietnam,Full,XGBoost,3,0,0.020154153928160667,0
1856,PV0216-C,1008-PF-SEA-RINGWALD,Vietnam,Full,XGBoost,3,0,0.03208237141370773,0
1857,PV0218-C,1008-PF-SEA-RINGWALD,Vietnam,Full,XGBoost,3,1,0.780196487903595,1
1858,PV0219-C,1008-PF-SEA-RINGWALD,Vietnam,Full,XGBoost,3,0,0.016081100329756737,0
1859,PV0220-C,1008-PF-SEA-RINGWALD,Vietnam,Full,XGBoost,3,1,0.7682203054428101,1
1860,PV0221-C,1008-PF-SEA-RINGWALD,Vietnam,Full,XGBoost,3,0,0.019730903208255768,0
1861,PV0223-C,1008-PF-SEA-RINGWALD,Vietnam,Full,XGBoost,3,1,0.7682203054428101,1
1862,PV0224-C,1008-PF-SEA-RINGWALD,Vietnam,Full,XGBoost,3,0,0.020154153928160667,0
1863,PV0226-C,1008-PF-SEA-RINGWALD,Vietnam,Full,XGBoost,3,0,0.01621011644601822,0
1864,PV0227-C,1008-PF-SEA-RINGWALD,Vietnam,Full,XGBoost,3,1,0.50983726978302,1
1865,PV0230-C,1008-PF-SEA-RINGWALD,Vietnam,Full,XGBoost,3,0,0.04231062904000282,0
1866,PV0233-C,1008-PF-SEA-RINGWALD,Vietnam,Full,XGBoost,3,0,0.011340084485709667,0
1867,PV0234-C,1008-PF-SEA-RINGWALD,Vietnam,Full,XGBoost,3,0,0.03936447948217392,0
1868,PV0235-C,1008-PF-SEA-RINGWALD,Vietnam,Full,XGBoost,3,0,0.0689411461353302,0
1869,PV0236-C,1008-PF-SEA-RINGWALD,Vietnam,Full,XGBoost,3,0,0.028568968176841736,0
1870,PV0237-C,1008-PF-SEA-RINGWALD,Vietnam,Full,XGBoost,3,1,0.5988550186157227,1
1871,PV0238-C,1008-PF-SEA-RINGWALD,Vietnam,Full,XGBoost,3,0,0.007505080662667751,0
1872,PV0239-C,1008-PF-SEA-RINGWALD,Vietnam,Full,XGBoost,3,0,0.015711087733507156,0
1873,PV0240-C,1008-PF-SEA-RINGWALD,Vietnam,Full,XGBoost,3,0,0.01972803846001625,0
1874,PV0241-C,1008-PF-SEA-RINGWALD,Vietnam,Full,XGBoost,3,0,0.03936447948217392,0
1966,PV0360-C,1195-PF-TRAC2-DONDORP,Vietnam,Full,XGBoost,3,0,0.8214009404182434,1
1967,PV0361-C,1195-PF-TRAC2-DONDORP,Vietnam,Full,XGBoost,3,1,0.9943346977233887,1
1968,PV0362-C,1195-PF-TRAC2-DONDORP,Vietnam,Full,XGBoost,3,0,0.732161819934845,1
1969,PV0363-C,1195-PF-TRAC2-DONDORP,Vietnam,Full,XGBoost,3,1,0.9970210194587708,1
1970,PV0364-C,1195-PF-TRAC2-DONDORP,Vietnam,Full,XGBoost,3,1,0.997252881526947,1
1971,PV0365-C,1195-PF-TRAC2-DONDORP,Vietnam,Full,XGBoost,3,1,0.9971121549606323,1
1972,PV0366-C,1195-PF-TRAC2-DONDORP,Vietnam,Full,XGBoost,3,1,0.997252881526947,1
1973,PV0368-C,1195-PF-TRAC2-DONDORP,Vietnam,Full,XGBoost,3,1,0.9972472786903381,1
1974,PV0369-C,1195-PF-TRAC2-DONDORP,Vietnam,Full,XGBoost,3,0,0.7832008600234985,1
1975,PV0370-C,1195-PF-TRAC2-DONDORP,Vietnam,Full,XGBoost,3,1,0.9967479705810547,1
1976,PV0371-C,1195-PF-TRAC2-DONDORP,Vietnam,Full,XGBoost,3,1,0.9944004416465759,1
1977,PV0372-C,1195-PF-TRAC2-DONDORP,Vietnam,Full,XGBoost,3,1,0.997252881526947,1
1978,PV0373-C,1195-PF-TRAC2-DONDORP,Vietnam,Full,XGBoost,3,1,0.9944004416465759,1
1979,PV0375-C,1195-PF-TRAC2-DONDORP,Vietnam,Full,XGBoost,3,1,0.9949295520782471,1
1980,PV0376-C,1195-PF-TRAC2-DONDORP,Vietnam,Full,XGBoost,3,1,0.9946170449256897,1
1981,PV0377-C,1195-PF-TRAC2-DONDORP,Vietnam,Full,XGBoost,3,1,0.9949295520782471,1
1982,PV0378-C,1195-PF-TRAC2-DONDORP,Vietnam,Full,XGBoost,3,1,0.9949295520782471,1
1983,PV0379-C,1195-PF-TRAC2-DONDORP,Vietnam,Full,XGBoost,3,1,0.9944004416465759,1
1984,PV0381-C,1195-PF-TRAC2-DONDORP,Vietnam,Full,XGBoost,3,1,0.997252881526947,1
1985,PV0382-C,1195-PF-TRAC2-DONDORP,Vietnam,Full,XGBoost,3,1,0.9945148229598999,1
1986,PV0383-C,1195-PF-TRAC2-DONDORP,Vietnam,Full,XGBoost,3,1,0.9946182370185852,1
1987,PV0384-C,1195-PF-TRAC2-DONDORP,Vietnam,Full,XGBoost,3,1,0.997252881526947,1
1988,PV0385-C,1195-PF-TRAC2-DONDORP,Vietnam,Full,XGBoost,3,1,0.9949191212654114,1
1989,PV0386-C,1195-PF-TRAC2-DONDORP,Vietnam,Full,XGBoost,3,1,0.997252881526947,1
1990,PV0387-C,1195-PF-TRAC2-DONDORP,Vietnam,Full,XGBoost,3,0,0.8293187618255615,1
1991,PV0388-C,1195-PF-TRAC2-DONDORP,Vietnam,Full,XGBoost,3,1,0.9944004416465759,1
1992,PV0389-C,1195-PF-TRAC2-DONDORP,Vietnam,Full,XGBoost,3,1,0.9963845014572144,1
1993,PV0393-C,1195-PF-TRAC2-DONDORP,Vietnam,Full,XGBoost,3,1,0.9944004416465759,1
1994,PV0395-C,1195-PF-TRAC2-DONDORP,Vietnam,Full,XGBoost,3,1,0.9945279955863953,1
1995,PV0396-C,1195-PF-TRAC2-DONDORP,Vietnam,Full,XGBoost,3,1,0.997252881526947,1
1996,PV0397-C,1195-PF-TRAC2-DONDORP,Vietnam,Full,XGBoost,3,1,0.26209643483161926,0
1997,PV0398-C,1195-PF-TRAC2-DONDORP,Vietnam,Full,XGBoost,3,1,0.9951093792915344,1
1998,PV0399-C,1195-PF-TRAC2-DONDORP,Vietnam,Full,XGBoost,3,1,0.994997501373291,1
1999,PV0400-C,1195-PF-TRAC2-DONDORP,Vietnam,Full,XGBoost,3,1,0.8025059700012207,1
2000,PV0401-C,1195-PF-TRAC2-DONDORP,Vietnam,Full,XGBoost,3,1,0.9588745832443237,1
2001,PV0402-C,1195-PF-TRAC2-DONDORP,Vietnam,Full,XGBoost,3,1,0.9971121549606323,1
2002,PV0403-C,1195-PF-TRAC2-DONDORP,Vietnam,Full,XGBoost,3,1,0.9856189489364624,1
2003,QC0111-C,1008-PF-SEA-RINGWALD,Myanmar,Full,XGBoost,3,1,0.3070625364780426,0
2004,QC0112-C,1008-PF-SEA-RINGWALD,Myanmar,Full,XGBoost,3,1,0.4611779749393463,0
2005,QC0113-C,1008-PF-SEA-RINGWALD,Myanmar,Full,XGBoost,3,1,0.8283305764198303,1
2006,QC0114-C,1008-PF-SEA-RINGWALD,Myanmar,Full,XGBoost,3,0,0.24932071566581726,0
2007,QC0115-C,1008-PF-SEA-RINGWALD,Myanmar,Full,XGBoost,3,0,0.7863073945045471,1
2008,QC0116-C,1008-PF-SEA-RINGWALD,Myanmar,Full,XGBoost,3,0,0.2527501583099365,0
2009,QC0118-C,1008-PF-SEA-RINGWALD,Myanmar,Full,XGBoost,3,0,0.6715753674507141,1
2010,QC0119-C,1008-PF-SEA-RINGWALD,Myanmar,Full,XGBoost,3,0,0.8183611035346985,1
2011,QC0120-C,1008-PF-SEA-RINGWALD,Myanmar,Full,XGBoost,3,1,0.5509471893310547,1
2012,QC0121-C,1008-PF-SEA-RINGWALD,Myanmar,Full,XGBoost,3,0,0.3327786922454834,0
2013,QC0122-C,1008-PF-SEA-RINGWALD,Myanmar,Full,XGBoost,3,1,0.30387386679649353,0
2014,QC0123-C,1008-PF-SEA-RINGWALD,Myanmar,Full,XGBoost,3,0,0.637769341468811,1
2015,QC0125-C,1008-PF-SEA-RINGWALD,Myanmar,Full,XGBoost,3,1,0.3109082281589508,0
2016,QC0126-C,1008-PF-SEA-RINGWALD,Myanmar,Full,XGBoost,3,0,0.435368150472641,0
2017,QC0127-C,1008-PF-SEA-RINGWALD,Myanmar,Full,XGBoost,3,1,0.7517849802970886,1
2018,QC0128-C,1008-PF-SEA-RINGWALD,Myanmar,Full,XGBoost,3,0,0.8183611035346985,1
2019,QC0129-C,1008-PF-SEA-RINGWALD,Myanmar,Full,XGBoost,3,1,0.6969662308692932,1
2020,QC0130-C,1008-PF-SEA-RINGWALD,Myanmar,Full,XGBoost,3,0,0.5822474360466003,1
2021,QC0131-C,1008-PF-SEA-RINGWALD,Myanmar,Full,XGBoost,3,0,0.4336170554161072,0
2022,QC0132-C,1008-PF-SEA-RINGWALD,Myanmar,Full,XGBoost,3,0,0.2548777461051941,0
2023,QC0133-C,1008-PF-SEA-RINGWALD,Myanmar,Full,XGBoost,3,1,0.8383272886276245,1
2024,QC0134-C,1008-PF-SEA-RINGWALD,Myanmar,Full,XGBoost,3,1,0.2991059422492981,0
2025,QC0135-C,1008-PF-SEA-RINGWALD,Myanmar,Full,XGBoost,3,0,0.2475428730249405,0
2026,QC0136-C,1008-PF-SEA-RINGWALD,Myanmar,Full,XGBoost,3,1,0.8283305764198303,1
2027,QC0137-C,1008-PF-SEA-RINGWALD,Myanmar,Full,XGBoost,3,1,0.3070625364780426,0
2028,QC0138-C,1008-PF-SEA-RINGWALD,Myanmar,Full,XGBoost,3,1,0.31375938653945923,0
2029,QC0139-C,1008-PF-SEA-RINGWALD,Myanmar,Full,XGBoost,3,1,0.3070625364780426,0
2030,QC0140-C,1008-PF-SEA-RINGWALD,Myanmar,Full,XGBoost,3,1,0.37165114283561707,0
2031,QC0142-C,1008-PF-SEA-RINGWALD,Myanmar,Full,XGBoost,3,0,0.42976003885269165,0
2032,QC0143-C,1008-PF-SEA-RINGWALD,Myanmar,Full,XGBoost,3,0,0.8183611035346985,1
2033,QC0144-C,1008-PF-SEA-RINGWALD,Myanmar,Full,XGBoost,3,1,0.8320493698120117,1
2034,QC0145-C,1008-PF-SEA-RINGWALD,Myanmar,Full,XGBoost,3,0,0.458973228931427,0
2035,QC0146-C,1008-PF-SEA-RINGWALD,Myanmar,Full,XGBoost,3,0,0.6285429000854492,1
2036,QC0147-C,1008-PF-SEA-RINGWALD,Myanmar,Full,XGBoost,3,1,0.837104320526123,1
2037,QC0148-C,1008-PF-SEA-RINGWALD,Myanmar,Full,XGBoost,3,1,0.8637123107910156,1
2038,QC0149-C,1008-PF-SEA-RINGWALD,Myanmar,Full,XGBoost,3,0,0.5458257794380188,1
2039,QC0150-C,1008-PF-SEA-RINGWALD,Myanmar,Full,XGBoost,3,0,0.6586043238639832,1
2040,QC0151-C,1008-PF-SEA-RINGWALD,Myanmar,Full,XGBoost,3,0,0.3142824172973633,0
2041,QC0152-C,1008-PF-SEA-RINGWALD,Myanmar,Full,XGBoost,3,1,0.5180583596229553,1
2042,QC0153-C,1008-PF-SEA-RINGWALD,Myanmar,Full,XGBoost,3,1,0.8413107991218567,1
2043,QC0154-C,1008-PF-SEA-RINGWALD,Myanmar,Full,XGBoost,3,1,0.4233493506908417,0
2044,QC0155-C,1008-PF-SEA-RINGWALD,Myanmar,Full,XGBoost,3,1,0.6286513805389404,1
2045,QC0156-C,1008-PF-SEA-RINGWALD,Myanmar,Full,XGBoost,3,0,0.6977561712265015,1
2046,QC0157-C,1008-PF-SEA-RINGWALD,Myanmar,Full,XGBoost,3,0,0.2940913438796997,0
2047,QC0159-C,1008-PF-SEA-RINGWALD,Myanmar,Full,XGBoost,3,0,0.2537960410118103,0
2048,QC0160-C,1008-PF-SEA-RINGWALD,Myanmar,Full,XGBoost,3,1,0.31608012318611145,0
2049,QC0161-C,1008-PF-SEA-RINGWALD,Myanmar,Full,XGBoost,3,1,0.32791346311569214,0
2050,QC0162-C,1008-PF-SEA-RINGWALD,Myanmar,Full,XGBoost,3,1,0.7380830645561218,1
2051,QC0163-C,1008-PF-SEA-RINGWALD,Myanmar,Full,XGBoost,3,0,0.3592931032180786,0
2265,QC0619-C,1195-PF-TRAC2-DONDORP,Myanmar,Full,XGBoost,3,1,0.09039656817913055,0
2266,QC0620-C,1195-PF-TRAC2-DONDORP,Myanmar,Full,XGBoost,3,1,0.3450315296649933,0
2267,QC0621-C,1195-PF-TRAC2-DONDORP,Myanmar,Full,XGBoost,3,0,0.22197504341602325,0
2268,QC0622-C,1195-PF-TRAC2-DONDORP,Myanmar,Full,XGBoost,3,0,0.06720034778118134,0
2269,QC0623-C,1195-PF-TRAC2-DONDORP,Myanmar,Full,XGBoost,3,0,0.4402161240577698,0
2270,QC0624-C,1195-PF-TRAC2-DONDORP,Myanmar,Full,XGBoost,3,0,0.6165321469306946,1
2271,QC0625-C,1195-PF-TRAC2-DONDORP,Myanmar,Full,XGBoost,3,0,0.06887686997652054,0
2272,QC0626-C,1195-PF-TRAC2-DONDORP,Myanmar,Full,XGBoost,3,0,0.37082695960998535,0
2273,QC0627-C,1195-PF-TRAC2-DONDORP,Myanmar,Full,XGBoost,3,0,0.22586297988891602,0
2274,QC0628-C,1195-PF-TRAC2-DONDORP,Myanmar,Full,XGBoost,3,0,0.10161533951759338,0
2275,QC0629-C,1195-PF-TRAC2-DONDORP,Myanmar,Full,XGBoost,3,0,0.11662857234477997,0
2276,QC0630-C,1195-PF-TRAC2-DONDORP,Myanmar,Full,XGBoost,3,0,0.33757680654525757,0
2277,QC0633-C,1195-PF-TRAC2-DONDORP,Myanmar,Full,XGBoost,3,0,0.3904094994068146,0
2278,QC0634-C,1195-PF-TRAC2-DONDORP,Myanmar,Full,XGBoost,3,0,0.327206015586853,0
2279,QC0636-C,1195-PF-TRAC2-DONDORP,Myanmar,Full,XGBoost,3,0,0.10566296428442001,0
2280,QC0637-C,1195-PF-TRAC2-DONDORP,Myanmar,Full,XGBoost,3,0,0.2998643219470978,0
2281,QC0638-C,1195-PF-TRAC2-DONDORP,Myanmar,Full,XGBoost,3,0,0.3574104607105255,0
2282,QC0639-C,1195-PF-TRAC2-DONDORP,Myanmar,Full,XGBoost,3,0,0.33250313997268677,0
2283,QC0640-C,1195-PF-TRAC2-DONDORP,Myanmar,Full,XGBoost,3,0,0.11245798319578171,0
2284,QC0642-C,1195-PF-TRAC2-DONDORP,Myanmar,Full,XGBoost,3,0,0.11434134840965271,0
2285,QC0643-C,1195-PF-TRAC2-DONDORP,Myanmar,Full,XGBoost,3,0,0.08048175275325775,0
2286,QC0644-C,1195-PF-TRAC2-DONDORP,Myanmar,Full,XGBoost,3,0,0.33685263991355896,0
2287,QC0645-C,1195-PF-TRAC2-DONDORP,Myanmar,Full,XGBoost,3,0,0.24773800373077393,0
2288,QC0646-C,1195-PF-TRAC2-DONDORP,Myanmar,Full,XGBoost,3,0,0.24267485737800598,0
2289,QC0647-C,1195-PF-TRAC2-DONDORP,Myanmar,Full,XGBoost,3,0,0.23938176035881042,0
2290,QC0648-C,1195-PF-TRAC2-DONDORP,Myanmar,Full,XGBoost,3,0,0.31603386998176575,0
2291,QC0649-C,1195-PF-TRAC2-DONDORP,Myanmar,Full,XGBoost,3,0,0.6228654980659485,1
2292,QE0347-C,1008-PF-SEA-RINGWALD,Laos,Full,XGBoost,3,0,0.035325851291418076,0
2293,QE0348-C,1008-PF-SEA-RINGWALD,Laos,Full,XGBoost,3,0,0.03320997953414917,0
2294,QE0350-C,1008-PF-SEA-RINGWALD,Laos,Full,XGBoost,3,0,0.03217369318008423,0
2295,QE0352-C,1008-PF-SEA-RINGWALD,Laos,Full,XGBoost,3,0,0.03640966862440109,0
2296,QE0356-C,1008-PF-SEA-RINGWALD,Laos,Full,XGBoost,3,0,0.03594648838043213,0
2297,QE0360-C,1008-PF-SEA-RINGWALD,Laos,Full,XGBoost,3,0,0.06335059553384781,0
2298,QE0361-C,1008-PF-SEA-RINGWALD,Laos,Full,XGBoost,3,0,0.025178998708724976,0
2299,QE0362-C,1008-PF-SEA-RINGWALD,Laos,Full,XGBoost,3,0,0.023360135033726692,0
2300,QE0363-C,1008-PF-SEA-RINGWALD,Laos,Full,XGBoost,3,0,0.03700682148337364,0
2301,QE0364-C,1008-PF-SEA-RINGWALD,Laos,Full,XGBoost,3,0,0.04434860125184059,0
2302,QE0365-C,1008-PF-SEA-RINGWALD,Laos,Full,XGBoost,3,0,0.07367255538702011,0
2303,QE0366-C,1008-PF-SEA-RINGWALD,Laos,Full,XGBoost,3,0,0.021731078624725342,0
2304,QE0367-C,1008-PF-SEA-RINGWALD,Laos,Full,XGBoost,3,0,0.052092839032411575,0
2305,QE0368-C,1008-PF-SEA-RINGWALD,Laos,Full,XGBoost,3,0,0.05078617110848427,0
2306,QE0369-C,1008-PF-SEA-RINGWALD,Laos,Full,XGBoost,3,0,0.03828524798154831,0
2307,QE0370-C,1008-PF-SEA-RINGWALD,Laos,Full,XGBoost,3,0,0.03956448286771774,0
2308,QE0371-C,1008-PF-SEA-RINGWALD,Laos,Full,XGBoost,3,0,0.026101727038621902,0
2309,QE0372-C,1008-PF-SEA-RINGWALD,Laos,Full,XGBoost,3,0,0.03245885297656059,0
2310,QE0373-C,1008-PF-SEA-RINGWALD,Laos,Full,XGBoost,3,0,0.04162603244185448,0
2311,QE0374-C,1008-PF-SEA-RINGWALD,Laos,Full,XGBoost,3,0,0.03678581863641739,0
2312,QE0375-C,1008-PF-SEA-RINGWALD,Laos,Full,XGBoost,3,0,0.03586183860898018,0
2313,QE0376-C,1008-PF-SEA-RINGWALD,Laos,Full,XGBoost,3,0,0.032040733844041824,0
2314,QE0378-C,1008-PF-SEA-RINGWALD,Laos,Full,XGBoost,3,0,0.01623488776385784,0
2315,QE0379-C,1008-PF-SEA-RINGWALD,Laos,Full,XGBoost,3,0,0.027611497789621353,0
2316,QE0380-C,1008-PF-SEA-RINGWALD,Laos,Full,XGBoost,3,0,0.017595980316400528,0
2317,QE0381-C,1008-PF-SEA-RINGWALD,Laos,Full,XGBoost,3,0,0.03608972206711769,0
2318,QE0382-C,1008-PF-SEA-RINGWALD,Laos,Full,XGBoost,3,0,0.03762834146618843,0
2319,QE0383-C,1008-PF-SEA-RINGWALD,Laos,Full,XGBoost,3,0,0.04434860125184059,0
2320,QE0384-C,1008-PF-SEA-RINGWALD,Laos,Full,XGBoost,3,0,0.03608972206711769,0
2321,QE0385-C,1008-PF-SEA-RINGWALD,Laos,Full,XGBoost,3,0,0.040543828159570694,0
2322,QE0386-C,1008-PF-SEA-RINGWALD,Laos,Full,XGBoost,3,0,0.03283223137259483,0
2323,QE0387-C,1008-PF-SEA-RINGWALD,Laos,Full,XGBoost,3,0,0.027376560494303703,0
2324,QE0388-C,1008-PF-SEA-RINGWALD,Laos,Full,XGBoost,3,0,0.04825274273753166,0
2325,QE0389-C,1008-PF-SEA-RINGWALD,Laos,Full,XGBoost,3,0,0.03134613484144211,0
2326,QE0390-C,1008-PF-SEA-RINGWALD,Laos,Full,XGBoost,3,0,0.020294755697250366,0
2327,QE0391-C,1008-PF-SEA-RINGWALD,Laos,Full,XGBoost,3,0,0.03380284085869789,0
2412,QE0484-C,1195-PF-TRAC2-DONDORP,Laos,Full,XGBoost,3,1,0.8848432898521423,1
2413,QE0485-C,1195-PF-TRAC2-DONDORP,Laos,Full,XGBoost,3,0,0.04352346435189247,0
2414,QE0486-C,1195-PF-TRAC2-DONDORP,Laos,Full,XGBoost,3,1,0.8132855892181396,1
2415,QE0487-C,1195-PF-TRAC2-DONDORP,Laos,Full,XGBoost,3,1,0.84468013048172,1
2416,QE0488-C,1195-PF-TRAC2-DONDORP,Laos,Full,XGBoost,3,1,0.7237418293952942,1
2417,QE0489-C,1195-PF-TRAC2-DONDORP,Laos,Full,XGBoost,3,0,0.015601138584315777,0
2418,QE0490-C,1195-PF-TRAC2-DONDORP,Laos,Full,XGBoost,3,1,0.8126581311225891,1
2419,RCN01775,1181-PF-VN-THUYNHIEN,Vietnam,Full,XGBoost,3,1,0.9953085780143738,1
2420,RCN01776,1181-PF-VN-THUYNHIEN,Vietnam,Full,XGBoost,3,1,0.9957045912742615,1
2421,RCN01777,1181-PF-VN-THUYNHIEN,Vietnam,Full,XGBoost,3,1,0.995553195476532,1
2422,RCN01778,1181-PF-VN-THUYNHIEN,Vietnam,Full,XGBoost,3,1,0.8453980684280396,1
2423,RCN01779,1181-PF-VN-THUYNHIEN,Vietnam,Full,XGBoost,3,1,0.9963194131851196,1
2424,RCN01780,1181-PF-VN-THUYNHIEN,Vietnam,Full,XGBoost,3,1,0.9959691762924194,1
2425,RCN01781,1181-PF-VN-THUYNHIEN,Vietnam,Full,XGBoost,3,1,0.9958005547523499,1
2426,RCN01782,1181-PF-VN-THUYNHIEN,Vietnam,Full,XGBoost,3,1,0.9966545104980469,1
2427,RCN01783,1181-PF-VN-THUYNHIEN,Vietnam,Full,XGBoost,3,1,0.9966244697570801,1
2428,RCN01784,1181-PF-VN-THUYNHIEN,Vietnam,Full,XGBoost,3,1,0.9965307116508484,1
2429,RCN01785,1181-PF-VN-THUYNHIEN,Vietnam,Full,XGBoost,3,1,0.9970625042915344,1
2430,RCN01786,1181-PF-VN-THUYNHIEN,Vietnam,Full,XGBoost,3,1,0.9977018237113953,1
2431,RCN01787,1181-PF-VN-THUYNHIEN,Vietnam,Full,XGBoost,3,1,0.9958005547523499,1
2432,RCN01788,1181-PF-VN-THUYNHIEN,Vietnam,Full,XGBoost,3,1,0.997847318649292,1
2433,RCN01789,1181-PF-VN-THUYNHIEN,Vietnam,Full,XGBoost,3,1,0.9963318705558777,1
2434,RCN01859,1181-PF-VN-THUYNHIEN,Vietnam,Full,XGBoost,3,1,0.835348904132843,1
2435,RCN01860,1181-PF-VN-THUYNHIEN,Vietnam,Full,XGBoost,3,0,0.6541621685028076,1
2436,RCN01861,1181-PF-VN-THUYNHIEN,Vietnam,Full,XGBoost,3,1,0.8340538144111633,1
2437,RCN01862,1181-PF-VN-THUYNHIEN,Vietnam,Full,XGBoost,3,1,0.835348904132843,1
2438,RCN01863,1181-PF-VN-THUYNHIEN,Vietnam,Full,XGBoost,3,1,0.9965019226074219,1
2439,RCN01864,1181-PF-VN-THUYNHIEN,Vietnam,Full,XGBoost,3,1,0.9976928234100342,1
2440,RCN01865,1181-PF-VN-THUYNHIEN,Vietnam,Full,XGBoost,3,0,0.029077788814902306,0
2441,RCN01867,1181-PF-VN-THUYNHIEN,Vietnam,Full,XGBoost,3,0,0.867405116558075,1
2442,RCN01869,1181-PF-VN-THUYNHIEN,Vietnam,Full,XGBoost,3,0,0.750823974609375,1
2443,RCN01871,1181-PF-VN-THUYNHIEN,Vietnam,Full,XGBoost,3,1,0.48313960433006287,0
2444,RCN01872,1181-PF-VN-THUYNHIEN,Vietnam,Full,XGBoost,3,0,0.8407788872718811,1
2445,RCN01874,1181-PF-VN-THUYNHIEN,Vietnam,Full,XGBoost,3,1,0.9963194131851196,1
2446,RCN01875,1181-PF-VN-THUYNHIEN,Vietnam,Full,XGBoost,3,1,0.996435284614563,1
2447,RCN01876,1181-PF-VN-THUYNHIEN,Vietnam,Full,XGBoost,3,1,0.9954675436019897,1
2448,RCN01877,1181-PF-VN-THUYNHIEN,Vietnam,Full,XGBoost,3,1,0.9966244697570801,1
2449,RCN01878,1181-PF-VN-THUYNHIEN,Vietnam,Full,XGBoost,3,1,0.7786410450935364,1
2450,RCN01879,1181-PF-VN-THUYNHIEN,Vietnam,Full,XGBoost,3,1,0.9966244697570801,1
2624,RCN07825,1195-PF-TRAC2-DONDORP,Cambodia,Full,XGBoost,3,0,0.9947139620780945,1
2625,RCN07826,1195-PF-TRAC2-DONDORP,Cambodia,Full,XGBoost,3,1,0.9917827844619751,1
2626,RCN07827,1195-PF-TRAC2-DONDORP,Cambodia,Full,XGBoost,3,1,0.9931389689445496,1
2627,RCN07828,1195-PF-TRAC2-DONDORP,Cambodia,Full,XGBoost,3,1,0.9872446656227112,1
2628,RCN07829,1195-PF-TRAC2-DONDORP,Cambodia,Full,XGBoost,3,1,0.9977887868881226,1
2629,RCN07830,1195-PF-TRAC2-DONDORP,Cambodia,Full,XGBoost,3,1,0.9973697662353516,1
2630,RCN07836,1195-PF-TRAC2-DONDORP,Cambodia,Full,XGBoost,3,1,0.9920475482940674,1
2631,RCN07837,1195-PF-TRAC2-DONDORP,Cambodia,Full,XGBoost,3,1,0.9941536784172058,1
2632,RCN07838,1195-PF-TRAC2-DONDORP,Cambodia,Full,XGBoost,3,1,0.9922001957893372,1
2633,RCN07839,1195-PF-TRAC2-DONDORP,Cambodia,Full,XGBoost,3,1,0.991772472858429,1
2634,RCN07842,1195-PF-TRAC2-DONDORP,Cambodia,Full,XGBoost,3,1,0.9911720156669617,1
2635,RCN07843,1195-PF-TRAC2-DONDORP,Cambodia,Full,XGBoost,3,1,0.9932727813720703,1
2636,RCN07845,1195-PF-TRAC2-DONDORP,Cambodia,Full,XGBoost,3,1,0.9922434687614441,1
2637,RCN07848,1195-PF-TRAC2-DONDORP,Cambodia,Full,XGBoost,3,1,0.9910029172897339,1
2638,RCN07849,1195-PF-TRAC2-DONDORP,Cambodia,Full,XGBoost,3,1,0.9932727813720703,1
2639,RCN07851,1195-PF-TRAC2-DONDORP,Cambodia,Full,XGBoost,3,0,0.012961702421307564,0
2640,RCN07852,1195-PF-TRAC2-DONDORP,Cambodia,Full,XGBoost,3,1,0.9910029172897339,1
2641,RCN07853,1195-PF-TRAC2-DONDORP,Cambodia,Full,XGBoost,3,1,0.9922434687614441,1
2642,RCN07854,1195-PF-TRAC2-DONDORP,Cambodia,Full,XGBoost,3,1,0.9910029172897339,1
2643,RCN07856,1195-PF-TRAC2-DONDORP,Cambodia,Full,XGBoost,3,1,0.9939426779747009,1
2644,RCN07858,1195-PF-TRAC2-DONDORP,Cambodia,Full,XGBoost,3,1,0.9941934943199158,1
2645,RCN07859,1195-PF-TRAC2-DONDORP,Cambodia,Full,XGBoost,3,1,0.9933305382728577,1
2646,RCN07860,1195-PF-TRAC2-DONDORP,Cambodia,Full,XGBoost,3,1,0.9946922659873962,1
2647,RCN07864,1195-PF-TRAC2-DONDORP,Cambodia,Full,XGBoost,3,1,0.9715486764907837,1
2648,RCN07865,1195-PF-TRAC2-DONDORP,Cambodia,Full,XGBoost,3,1,0.9698117971420288,1
2649,RCN07951,1195-PF-TRAC2-DONDORP,Cambodia,Full,XGBoost,3,1,0.9886718988418579,1
2650,RCN07954,1195-PF-TRAC2-DONDORP,Cambodia,Full,XGBoost,3,1,0.8602973222732544,1
2651,RCN07994,1195-PF-TRAC2-DONDORP,Cambodia,Full,XGBoost,3,1,0.9960945248603821,1
2652,RCN08001,1195-PF-TRAC2-DONDORP,Cambodia,Full,XGBoost,3,1,0.9957838654518127,1
2653,RCN08009,1195-PF-TRAC2-DONDORP,Cambodia,Full,XGBoost,3,1,0.997752845287323,1
2654,RCN08011,1195-PF-TRAC2-DONDORP,Cambodia,Full,XGBoost,3,1,0.997876763343811,1
2655,RCN08013,1195-PF-TRAC2-DONDORP,Cambodia,Full,XGBoost,3,1,0.9929251670837402,1
2656,RCN08015,1195-PF-TRAC2-DONDORP,Cambodia,Full,XGBoost,3,1,0.9960124492645264,1
2657,RCN08017,1195-PF-TRAC2-DONDORP,Cambodia,Full,XGBoost,3,1,0.9958962202072144,1
2658,RCN08019,1195-PF-TRAC2-DONDORP,Cambodia,Full,XGBoost,3,1,0.9958962202072144,1
2659,RCN08021,1195-PF-TRAC2-DONDORP,Cambodia,Full,XGBoost,3,1,0.9958962202072144,1
2660,RCN08023,1195-PF-TRAC2-DONDORP,Cambodia,Full,XGBoost,3,1,0.9958378076553345,1
2661,RCN08026,1195-PF-TRAC2-DONDORP,Cambodia,Full,XGBoost,3,1,0.9956256151199341,1
2662,RCN08027,1195-PF-TRAC2-DONDORP,Cambodia,Full,XGBoost,3,1,0.9930745363235474,1
2663,RCN08029,1195-PF-TRAC2-DONDORP,Cambodia,Full,XGBoost,3,1,0.9944690465927124,1
2664,RCN08031,1195-PF-TRAC2-DONDORP,Cambodia,Full,XGBoost,3,1,0.9944690465927124,1
2665,RCN08033,1195-PF-TRAC2-DONDORP,Cambodia,Full,XGBoost,3,1,0.9962916374206543,1
2666,RCN08035,1195-PF-TRAC2-DONDORP,Cambodia,Full,XGBoost,3,1,0.9958962202072144,1
2667,RCN08037,1195-PF-TRAC2-DONDORP,Cambodia,Full,XGBoost,3,1,0.9958962202072144,1
2668,RCN08039,1195-PF-TRAC2-DONDORP,Cambodia,Full,XGBoost,3,1,0.9958962202072144,1
2669,RCN08042,1195-PF-TRAC2-DONDORP,Cambodia,Full,XGBoost,3,1,0.9954675436019897,1
2670,RCN08044,1195-PF-TRAC2-DONDORP,Cambodia,Full,XGBoost,3,1,0.9959375858306885,1
2671,RCN08045,1195-PF-TRAC2-DONDORP,Cambodia,Full,XGBoost,3,1,0.9960528612136841,1
2672,RCN08047,1195-PF-TRAC2-DONDORP,Cambodia,Full,XGBoost,3,1,0.9959375858306885,1
2673,RCN08050,1195-PF-TRAC2-DONDORP,Cambodia,Full,XGBoost,3,1,0.9965469241142273,1
2674,RCN08051,1195-PF-TRAC2-DONDORP,Thailand,Full,XGBoost,3,1,0.9965890645980835,1
2675,RCN08053,1195-PF-TRAC2-DONDORP,Thailand,Full,XGBoost,3,1,0.9958798885345459,1
2676,RCN08055,1195-PF-TRAC2-DONDORP,Thailand,Full,XGBoost,3,1,0.99566251039505,1
2677,RCN08057,1195-PF-TRAC2-DONDORP,Thailand,Full,XGBoost,3,1,0.9954068660736084,1
2678,RCN08060,1195-PF-TRAC2-DONDORP,Thailand,Full,XGBoost,3,1,0.9958798885345459,1
2679,RCN08061,1195-PF-TRAC2-DONDORP,Thailand,Full,XGBoost,3,1,0.9958107471466064,1
2680,RCN08063,1195-PF-TRAC2-DONDORP,Thailand,Full,XGBoost,3,1,0.9943404197692871,1
2681,RCN08069,1195-PF-TRAC2-DONDORP,Thailand,Full,XGBoost,3,1,0.9961185455322266,1
2682,RCN08071,1195-PF-TRAC2-DONDORP,Thailand,Full,XGBoost,3,1,0.9958005547523499,1
2683,RCN08075,1195-PF-TRAC2-DONDORP,Thailand,Full,XGBoost,3,1,0.9958005547523499,1
2684,RCN08079,1195-PF-TRAC2-DONDORP,Thailand,Full,XGBoost,3,1,0.9959533214569092,1
2685,RCN08082,1195-PF-TRAC2-DONDORP,Thailand,Full,XGBoost,3,1,0.9954968690872192,1
2686,RCN08084,1195-PF-TRAC2-DONDORP,Thailand,Full,XGBoost,3,1,0.9938921928405762,1
2687,RCN08086,1195-PF-TRAC2-DONDORP,Thailand,Full,XGBoost,3,1,0.9958962202072144,1
2688,RCN08087,1195-PF-TRAC2-DONDORP,Thailand,Full,XGBoost,3,1,0.9958962202072144,1
2689,RCN08091,1195-PF-TRAC2-DONDORP,Myanmar,Full,XGBoost,3,0,0.08297719806432724,0
2690,RCN08092,1195-PF-TRAC2-DONDORP,Myanmar,Full,XGBoost,3,0,0.2828872501850128,0
2691,RCN08093,1195-PF-TRAC2-DONDORP,Myanmar,Full,XGBoost,3,0,0.042936451733112335,0
2692,RCN08094,1195-PF-TRAC2-DONDORP,Myanmar,Full,XGBoost,3,0,0.4180397391319275,0
2693,RCN08095,1195-PF-TRAC2-DONDORP,Myanmar,Full,XGBoost,3,0,0.5358840823173523,1
2694,RCN08096,1195-PF-TRAC2-DONDORP,Myanmar,Full,XGBoost,3,0,0.5358840823173523,1
2695,RCN08097,1195-PF-TRAC2-DONDORP,Myanmar,Full,XGBoost,3,0,0.25793030858039856,0
2696,RCN08098,1195-PF-TRAC2-DONDORP,Myanmar,Full,XGBoost,3,0,0.32979944348335266,0
2697,RCN08099,1195-PF-TRAC2-DONDORP,Myanmar,Full,XGBoost,3,0,0.5047081708908081,1
2698,RCN08100,1195-PF-TRAC2-DONDORP,Vietnam,Full,XGBoost,3,1,0.9949036836624146,1
2699,RCN08101,1195-PF-TRAC2-DONDORP,Vietnam,Full,XGBoost,3,1,0.997876763343811,1
2700,RCN08103,1195-PF-TRAC2-DONDORP,Vietnam,Full,XGBoost,3,1,0.997876763343811,1
2701,RCN08105,1195-PF-TRAC2-DONDORP,Vietnam,Full,XGBoost,3,1,0.9959375858306885,1
2702,RCN08106,1195-PF-TRAC2-DONDORP,Vietnam,Full,XGBoost,3,1,0.9977853298187256,1
2703,RCN08107,1195-PF-TRAC2-DONDORP,Vietnam,Full,XGBoost,3,1,0.997876763343811,1
2704,RCN08112,1195-PF-TRAC2-DONDORP,Vietnam,Full,XGBoost,3,1,0.9943246245384216,1
2705,RCN08113,1195-PF-TRAC2-DONDORP,Vietnam,Full,XGBoost,3,1,0.9958378076553345,1
2706,RCN08114,1195-PF-TRAC2-DONDORP,Vietnam,Full,XGBoost,3,1,0.9978963136672974,1
2707,RCN08115,1195-PF-TRAC2-DONDORP,Vietnam,Full,XGBoost,3,0,0.024127963930368423,0
2708,RCN08116,1195-PF-TRAC2-DONDORP,Vietnam,Full,XGBoost,3,1,0.9977542757987976,1
2709,RCN08117,1195-PF-TRAC2-DONDORP,Vietnam,Full,XGBoost,3,1,0.9978796243667603,1
2710,RCN08118,1195-PF-TRAC2-DONDORP,Vietnam,Full,XGBoost,3,1,0.997876763343811,1
2711,RCN08119,1195-PF-TRAC2-DONDORP,Vietnam,Full,XGBoost,3,1,0.8507195115089417,1
2712,RCN08120,1195-PF-TRAC2-DONDORP,Vietnam,Full,XGBoost,3,1,0.9979670643806458,1
2713,RCN08121,1195-PF-TRAC2-DONDORP,Vietnam,Full,XGBoost,3,1,0.9965380430221558,1
2714,RCN08122,1195-PF-TRAC2-DONDORP,Vietnam,Full,XGBoost,3,1,0.9959375858306885,1
2715,RCN08123,1195-PF-TRAC2-DONDORP,Vietnam,Full,XGBoost,3,1,0.6616587042808533,1
2716,RCN08124,1195-PF-TRAC2-DONDORP,Vietnam,Full,XGBoost,3,1,0.9968906044960022,1
2717,RCN08126,1195-PF-TRAC2-DONDORP,Vietnam,Full,XGBoost,3,1,0.9981957077980042,1
2718,RCN08127,1195-PF-TRAC2-DONDORP,Vietnam,Full,XGBoost,3,1,0.9961930513381958,1
2719,RCN08129,1195-PF-TRAC2-DONDORP,Vietnam,Full,XGBoost,3,1,0.9982725381851196,1
2720,RCN08130,1195-PF-TRAC2-DONDORP,Vietnam,Full,XGBoost,3,1,0.9965201616287231,1
2721,RCN08131,1195-PF-TRAC2-DONDORP,Vietnam,Full,XGBoost,3,1,0.9965469241142273,1
2722,RCN08132,1195-PF-TRAC2-DONDORP,Vietnam,Full,XGBoost,3,1,0.9970575571060181,1
2723,RCN08135,1195-PF-TRAC2-DONDORP,Vietnam,Full,XGBoost,3,1,0.9981957077980042,1
2724,RCN08136,1195-PF-TRAC2-DONDORP,Vietnam,Full,XGBoost,3,1,0.9961471557617188,1
2725,RCN08137,1195-PF-TRAC2-DONDORP,Vietnam,Full,XGBoost,3,1,0.9952945113182068,1
2726,RCN08138,1195-PF-TRAC2-DONDORP,Vietnam,Full,XGBoost,3,1,0.995347797870636,1
2727,RCN08139,1195-PF-TRAC2-DONDORP,Vietnam,Full,XGBoost,3,1,0.9965117573738098,1
2728,RCN08140,1195-PF-TRAC2-DONDORP,Vietnam,Full,XGBoost,3,1,0.9949500560760498,1
2729,RCN08141,1195-PF-TRAC2-DONDORP,Vietnam,Full,XGBoost,3,1,0.9980916380882263,1
2730,RCN08143,1195-PF-TRAC2-DONDORP,Vietnam,Full,XGBoost,3,1,0.9982812404632568,1
2731,RCN08144,1195-PF-TRAC2-DONDORP,Vietnam,Full,XGBoost,3,1,0.9971454739570618,1
2732,RCN08145,1195-PF-TRAC2-DONDORP,Vietnam,Full,XGBoost,3,1,0.9965469241142273,1
2733,RCN08147,1195-PF-TRAC2-DONDORP,Vietnam,Full,XGBoost,3,1,0.9981957077980042,1
2734,RCN08148,1195-PF-TRAC2-DONDORP,Vietnam,Full,XGBoost,3,1,0.9981957077980042,1
2735,RCN08149,1195-PF-TRAC2-DONDORP,Vietnam,Full,XGBoost,3,1,0.9973098039627075,1
2736,RCN08150,1195-PF-TRAC2-DONDORP,Vietnam,Full,XGBoost,3,1,0.9954675436019897,1
2737,RCN08154,1195-PF-TRAC2-DONDORP,Vietnam,Full,XGBoost,3,1,0.9981957077980042,1
2738,RCN08156,1195-PF-TRAC2-DONDORP,Vietnam,Full,XGBoost,3,1,0.9982812404632568,1
2739,RCN08158,1195-PF-TRAC2-DONDORP,Vietnam,Full,XGBoost,3,1,0.9961567521095276,1
2740,RCN08161,1195-PF-TRAC2-DONDORP,Vietnam,Full,XGBoost,3,1,0.9974287152290344,1
2741,RCN08240,1195-PF-TRAC2-DONDORP,Thailand,Full,XGBoost,3,1,0.9959059953689575,1
2742,RCN08364,1195-PF-TRAC2-DONDORP,Myanmar,Full,XGBoost,3,0,0.07696720212697983,0
2743,RCN08365,1195-PF-TRAC2-DONDORP,Myanmar,Full,XGBoost,3,0,0.07874661684036255,0
2744,RCN08366,1195-PF-TRAC2-DONDORP,Myanmar,Full,XGBoost,3,0,0.08030813187360764,0
2745,RCN08367,1195-PF-TRAC2-DONDORP,Myanmar,Full,XGBoost,3,0,0.09750784933567047,0
2746,RCN08368,1195-PF-TRAC2-DONDORP,Myanmar,Full,XGBoost,3,0,0.04940120130777359,0
2747,RCN08370,1195-PF-TRAC2-DONDORP,Myanmar,Full,XGBoost,3,0,0.07726676017045975,0
2748,RCN08371,1195-PF-TRAC2-DONDORP,Myanmar,Full,XGBoost,3,0,0.04042673110961914,0
2749,RCN08372,1195-PF-TRAC2-DONDORP,Myanmar,Full,XGBoost,3,1,0.21334657073020935,0
2750,RCN08374,1195-PF-TRAC2-DONDORP,Myanmar,Full,XGBoost,3,0,0.062206629663705826,0
2751,RCN08375,1195-PF-TRAC2-DONDORP,Myanmar,Full,XGBoost,3,0,0.06856303662061691,0
2752,RCN08376,1195-PF-TRAC2-DONDORP,Myanmar,Full,XGBoost,3,0,0.5660181641578674,1
2753,RCN08377,1195-PF-TRAC2-DONDORP,Myanmar,Full,XGBoost,3,0,0.5882079601287842,1
2754,RCN08378,1195-PF-TRAC2-DONDORP,Myanmar,Full,XGBoost,3,0,0.46434295177459717,0
2755,RCN08379,1195-PF-TRAC2-DONDORP,Myanmar,Full,XGBoost,3,0,0.5480864644050598,1
2756,RCN08380,1195-PF-TRAC2-DONDORP,Myanmar,Full,XGBoost,3,0,0.5811766386032104,1
2757,RCN08381,1195-PF-TRAC2-DONDORP,Myanmar,Full,XGBoost,3,0,0.5115284323692322,1
2758,RCN08382,1195-PF-TRAC2-DONDORP,Myanmar,Full,XGBoost,3,0,0.6165972948074341,1
2759,RCN08383,1195-PF-TRAC2-DONDORP,Myanmar,Full,XGBoost,3,0,0.2749307453632355,0
2760,RCN08384,1195-PF-TRAC2-DONDORP,Myanmar,Full,XGBoost,3,0,0.25949981808662415,0
2761,RCN08385,1195-PF-TRAC2-DONDORP,Myanmar,Full,XGBoost,3,0,0.4767357110977173,0
2762,RCN08386,1195-PF-TRAC2-DONDORP,Myanmar,Full,XGBoost,3,0,0.2695449888706207,0
2763,RCN08387,1195-PF-TRAC2-DONDORP,Myanmar,Full,XGBoost,3,0,0.06772714108228683,0
2764,RCN08388,1195-PF-TRAC2-DONDORP,Myanmar,Full,XGBoost,3,0,0.05817946791648865,0
2765,RCN08389,1195-PF-TRAC2-DONDORP,Laos,Full,XGBoost,3,0,0.015354062430560589,0
2766,RCN08390,1195-PF-TRAC2-DONDORP,Laos,Full,XGBoost,3,0,0.02386270835995674,0
2767,RCN08392,1195-PF-TRAC2-DONDORP,Laos,Full,XGBoost,3,0,0.021190736442804337,0
2768,RCN08393,1195-PF-TRAC2-DONDORP,Thailand,Full,XGBoost,3,1,0.9944581985473633,1
3610,RCN10199,1195-PF-TRAC2-DONDORP,Cambodia,Full,XGBoost,3,1,0.9958100318908691,1
3611,RCN10200,1195-PF-TRAC2-DONDORP,Cambodia,Full,XGBoost,3,1,0.9971668124198914,1
3612,RCN10201,1195-PF-TRAC2-DONDORP,Cambodia,Full,XGBoost,3,1,0.9954246878623962,1
3613,RCN10202,1195-PF-TRAC2-DONDORP,Cambodia,Full,XGBoost,3,1,0.9959820508956909,1
3614,RCN10203,1195-PF-TRAC2-DONDORP,Cambodia,Full,XGBoost,3,1,0.9949470162391663,1
3615,RCN10204,1195-PF-TRAC2-DONDORP,Cambodia,Full,XGBoost,3,1,0.997665524482727,1
3616,RCN10205,1195-PF-TRAC2-DONDORP,Cambodia,Full,XGBoost,3,1,0.9975211024284363,1
3617,RCN10208,1195-PF-TRAC2-DONDORP,Cambodia,Full,XGBoost,3,1,0.9955060482025146,1
4008,RCN11358,1181-PF-VN-THUYNHIEN,Vietnam,Full,XGBoost,3,1,0.996560275554657,1
4009,RCN11360,1181-PF-VN-THUYNHIEN,Vietnam,Full,XGBoost,3,1,0.9976342916488647,1
4010,RCN11361,1181-PF-VN-THUYNHIEN,Vietnam,Full,XGBoost,3,1,0.9975656270980835,1
4011,RCN11374,1181-PF-VN-THUYNHIEN,Vietnam,Full,XGBoost,3,1,0.9980841875076294,1
4012,RCN11375,1181-PF-VN-THUYNHIEN,Vietnam,Full,XGBoost,3,1,0.99803227186203,1
4013,RCN11376,1181-PF-VN-THUYNHIEN,Vietnam,Full,XGBoost,3,1,0.9506032466888428,1
4014,RCN11378,1181-PF-VN-THUYNHIEN,Vietnam,Full,XGBoost,3,1,0.9981983304023743,1
4015,RCN11379,1181-PF-VN-THUYNHIEN,Vietnam,Full,XGBoost,3,1,0.9174310564994812,1
4016,RCN11380,1181-PF-VN-THUYNHIEN,Vietnam,Full,XGBoost,3,1,0.9972418546676636,1
4017,RCN11381,1181-PF-VN-THUYNHIEN,Vietnam,Full,XGBoost,3,1,0.997245192527771,1
4018,RCN11382,1181-PF-VN-THUYNHIEN,Vietnam,Full,XGBoost,3,1,0.9979075193405151,1
4019,RCN11383,1181-PF-VN-THUYNHIEN,Vietnam,Full,XGBoost,3,1,0.9980841875076294,1
4020,RCN11384,1181-PF-VN-THUYNHIEN,Vietnam,Full,XGBoost,3,1,0.9982725381851196,1
4021,RCN11385,1181-PF-VN-THUYNHIEN,Vietnam,Full,XGBoost,3,1,0.9967982172966003,1
4022,RCN11386,1181-PF-VN-THUYNHIEN,Vietnam,Full,XGBoost,3,1,0.9965117573738098,1
4023,RCN11387,1181-PF-VN-THUYNHIEN,Vietnam,Full,XGBoost,3,1,0.9980096220970154,1
4024,RCN11388,1181-PF-VN-THUYNHIEN,Vietnam,Full,XGBoost,3,1,0.997336208820343,1
4025,RCN11389,1181-PF-VN-THUYNHIEN,Vietnam,Full,XGBoost,3,1,0.9982725381851196,1
4026,RCN11390,1181-PF-VN-THUYNHIEN,Vietnam,Full,XGBoost,3,1,0.9979897737503052,1
4027,RCN11391,1181-PF-VN-THUYNHIEN,Vietnam,Full,XGBoost,3,1,0.9975605010986328,1
4028,RCN11392,1181-PF-VN-THUYNHIEN,Vietnam,Full,XGBoost,3,1,0.9981983304023743,1
4029,RCN11393,1181-PF-VN-THUYNHIEN,Vietnam,Full,XGBoost,3,1,0.9578157663345337,1
4030,RCN11394,1181-PF-VN-THUYNHIEN,Vietnam,Full,XGBoost,3,1,0.9981355667114258,1
4031,RCN11397,1181-PF-VN-THUYNHIEN,Vietnam,Full,XGBoost,3,1,0.9981983304023743,1
4032,RCN11399,1181-PF-VN-THUYNHIEN,Vietnam,Full,XGBoost,3,1,0.9968906044960022,1
4033,RCN11400,1181-PF-VN-THUYNHIEN,Vietnam,Full,XGBoost,3,1,0.9980841875076294,1
4034,RCN11401,1181-PF-VN-THUYNHIEN,Vietnam,Full,XGBoost,3,0,0.040260422974824905,0
4035,RCN11402,1181-PF-VN-THUYNHIEN,Vietnam,Full,XGBoost,3,1,0.9978965520858765,1
4036,RCN11403,1181-PF-VN-THUYNHIEN,Vietnam,Full,XGBoost,3,1,0.9964978098869324,1
4037,RCN11404,1181-PF-VN-THUYNHIEN,Vietnam,Full,XGBoost,3,1,0.9964621663093567,1
4038,RCN11405,1181-PF-VN-THUYNHIEN,Vietnam,Full,XGBoost,3,1,0.9981181621551514,1
4039,RCN11407,1181-PF-VN-THUYNHIEN,Vietnam,Full,XGBoost,3,1,0.9981181621551514,1
4040,RCN11408,1181-PF-VN-THUYNHIEN,Vietnam,Full,XGBoost,3,1,0.9965117573738098,1
4041,RCN11409,1181-PF-VN-THUYNHIEN,Vietnam,Full,XGBoost,3,1,0.9202643632888794,1
4042,RCN11410,1181-PF-VN-THUYNHIEN,Vietnam,Full,XGBoost,3,1,0.9981957077980042,1
4043,RCN11413,1181-PF-VN-THUYNHIEN,Vietnam,Full,XGBoost,3,1,0.9966450333595276,1
4044,RCN11414,1181-PF-VN-THUYNHIEN,Vietnam,Full,XGBoost,3,1,0.9964978098869324,1
4045,RCN11415,1181-PF-VN-THUYNHIEN,Vietnam,Full,XGBoost,3,1,0.7542104721069336,1
4046,RCN11417,1181-PF-VN-THUYNHIEN,Vietnam,Full,XGBoost,3,1,0.9967201352119446,1
4047,RCN11418,1181-PF-VN-THUYNHIEN,Vietnam,Full,XGBoost,3,1,0.9981957077980042,1
4048,RCN11419,1181-PF-VN-THUYNHIEN,Vietnam,Full,XGBoost,3,1,0.998212456703186,1
4049,RCN11421,1181-PF-VN-THUYNHIEN,Vietnam,Full,XGBoost,3,1,0.8078048229217529,1
4050,RCN11424,1181-PF-VN-THUYNHIEN,Vietnam,Full,XGBoost,3,1,0.9980096220970154,1
4051,RCN11425,1181-PF-VN-THUYNHIEN,Vietnam,Full,XGBoost,3,1,0.9975605010986328,1
4052,RCN11428,1181-PF-VN-THUYNHIEN,Vietnam,Full,XGBoost,3,1,0.9981957077980042,1
4053,RCN11429,1181-PF-VN-THUYNHIEN,Vietnam,Full,XGBoost,3,1,0.997336208820343,1
4054,RCN11430,1181-PF-VN-THUYNHIEN,Vietnam,Full,XGBoost,3,1,0.9962117671966553,1
4055,RCN11431,1181-PF-VN-THUYNHIEN,Vietnam,Full,XGBoost,3,1,0.9981181621551514,1
4056,RCN11433,1181-PF-VN-THUYNHIEN,Vietnam,Full,XGBoost,3,1,0.9962356686592102,1
4057,RCN11434,1181-PF-VN-THUYNHIEN,Vietnam,Full,XGBoost,3,1,0.9978892207145691,1
4058,RCN11437,1181-PF-VN-THUYNHIEN,Vietnam,Full,XGBoost,3,1,0.9973946809768677,1
4059,RCN11438,1181-PF-VN-THUYNHIEN,Vietnam,Full,XGBoost,3,1,0.9977686405181885,1
4060,RCN11459,1181-PF-VN-THUYNHIEN,Vietnam,Full,XGBoost,3,1,0.9965469241142273,1
4061,RCN11460,1181-PF-VN-THUYNHIEN,Vietnam,Full,XGBoost,3,1,0.9978101849555969,1
4062,RCN11461,1181-PF-VN-THUYNHIEN,Vietnam,Full,XGBoost,3,1,0.9978804588317871,1
4063,RCN11462,1181-PF-VN-THUYNHIEN,Vietnam,Full,XGBoost,3,1,0.9965469241142273,1
4064,RCN11463,1181-PF-VN-THUYNHIEN,Vietnam,Full,XGBoost,3,1,0.9973861575126648,1
4065,RCN11464,1181-PF-VN-THUYNHIEN,Vietnam,Full,XGBoost,3,1,0.9965117573738098,1
4066,RCN11465,1181-PF-VN-THUYNHIEN,Vietnam,Full,XGBoost,3,1,0.9980841875076294,1
4067,RCN11466,1181-PF-VN-THUYNHIEN,Vietnam,Full,XGBoost,3,1,0.997336208820343,1
4068,RCN11467,1181-PF-VN-THUYNHIEN,Vietnam,Full,XGBoost,3,0,0.8432174324989319,1
4069,RCN11468,1181-PF-VN-THUYNHIEN,Vietnam,Full,XGBoost,3,1,0.9979677796363831,1
4070,RCN11469,1181-PF-VN-THUYNHIEN,Vietnam,Full,XGBoost,3,1,0.9973098039627075,1
4071,RCN11470,1181-PF-VN-THUYNHIEN,Vietnam,Full,XGBoost,3,1,0.99803227186203,1
4072,RCN11471,1181-PF-VN-THUYNHIEN,Vietnam,Full,XGBoost,3,1,0.9272791147232056,1
4073,RCN11472,1181-PF-VN-THUYNHIEN,Vietnam,Full,XGBoost,3,1,0.9982725381851196,1
4074,RCN11473,1181-PF-VN-THUYNHIEN,Vietnam,Full,XGBoost,3,1,0.9971185922622681,1
4075,RCN11474,1181-PF-VN-THUYNHIEN,Vietnam,Full,XGBoost,3,1,0.9981339573860168,1
4076,RCN11475,1181-PF-VN-THUYNHIEN,Vietnam,Full,XGBoost,3,1,0.9979677796363831,1
4077,RCN11476,1181-PF-VN-THUYNHIEN,Vietnam,Full,XGBoost,3,1,0.9973458647727966,1
4078,RCN11477,1181-PF-VN-THUYNHIEN,Vietnam,Full,XGBoost,3,1,0.997336208820343,1
4079,RCN11478,1181-PF-VN-THUYNHIEN,Vietnam,Full,XGBoost,3,1,0.9982725381851196,1
4080,RCN11479,1181-PF-VN-THUYNHIEN,Vietnam,Full,XGBoost,3,1,0.9978101849555969,1
4081,RCN11480,1181-PF-VN-THUYNHIEN,Vietnam,Full,XGBoost,3,1,0.9974287152290344,1
4082,RCN11481,1181-PF-VN-THUYNHIEN,Vietnam,Full,XGBoost,3,1,0.9969192743301392,1
4506,RCN12357,1195-PF-TRAC2-DONDORP,Thailand,Full,XGBoost,3,1,0.9892358183860779,1
4507,RCN12358,1195-PF-TRAC2-DONDORP,Thailand,Full,XGBoost,3,1,0.9927132725715637,1
4508,RCN12359,1195-PF-TRAC2-DONDORP,Thailand,Full,XGBoost,3,1,0.995270311832428,1
4509,RCN12361,1195-PF-TRAC2-DONDORP,Cambodia,Full,XGBoost,3,1,0.9948981404304504,1
4510,RCN12362,1195-PF-TRAC2-DONDORP,Cambodia,Full,XGBoost,3,1,0.984114408493042,1
4511,RCN12363,1195-PF-TRAC2-DONDORP,Cambodia,Full,XGBoost,3,1,0.9905124306678772,1
4512,RCN12364,1195-PF-TRAC2-DONDORP,Cambodia,Full,XGBoost,3,1,0.9938653111457825,1
4513,RCN12365,1195-PF-TRAC2-DONDORP,Cambodia,Full,XGBoost,3,0,0.9955423474311829,1
4514,RCN12366,1195-PF-TRAC2-DONDORP,Vietnam,Full,XGBoost,3,1,0.9974689483642578,1
4515,RCN12367,1195-PF-TRAC2-DONDORP,Vietnam,Full,XGBoost,3,1,0.997665524482727,1
4516,RCN12369,1195-PF-TRAC2-DONDORP,Vietnam,Full,XGBoost,3,1,0.9969270825386047,1
4517,RCN12370,1195-PF-TRAC2-DONDORP,Vietnam,Full,XGBoost,3,1,0.9976686835289001,1
4518,RCN12371,1195-PF-TRAC2-DONDORP,Vietnam,Full,XGBoost,3,1,0.9974818825721741,1
4519,RCN12372,1195-PF-TRAC2-DONDORP,Vietnam,Full,XGBoost,3,1,0.9976686835289001,1
4520,RCN12373,1195-PF-TRAC2-DONDORP,Vietnam,Full,XGBoost,3,1,0.9925105571746826,1
4521,RCN12374,1195-PF-TRAC2-DONDORP,Vietnam,Full,XGBoost,3,1,0.9134459495544434,1
4522,RCN12375,1195-PF-TRAC2-DONDORP,Vietnam,Full,XGBoost,3,1,0.8970534801483154,1
4523,RCN12376,1195-PF-TRAC2-DONDORP,Vietnam,Full,XGBoost,3,1,0.9900312423706055,1
4524,RCN12378,1195-PF-TRAC2-DONDORP,Vietnam,Full,XGBoost,3,1,0.9958219528198242,1
4525,RCN12379,1195-PF-TRAC2-DONDORP,Vietnam,Full,XGBoost,3,1,0.9965978264808655,1
4526,RCN12380,1195-PF-TRAC2-DONDORP,Vietnam,Full,XGBoost,3,1,0.9167148470878601,1
4527,RCN12381,1195-PF-TRAC2-DONDORP,Vietnam,Full,XGBoost,3,1,0.9950202703475952,1
4528,RCN12382,1195-PF-TRAC2-DONDORP,Vietnam,Full,XGBoost,3,1,0.9955369234085083,1
4529,RCN12383,1195-PF-TRAC2-DONDORP,Vietnam,Full,XGBoost,3,1,0.9952392578125,1
4530,RCN12384,1195-PF-TRAC2-DONDORP,Vietnam,Full,XGBoost,3,0,0.2693028748035431,0
4531,RCN12385,1195-PF-TRAC2-DONDORP,Vietnam,Full,XGBoost,3,0,0.21191175282001495,0
4532,RCN12386,1195-PF-TRAC2-DONDORP,Vietnam,Full,XGBoost,3,1,0.9932953715324402,1
4533,RCN12387,1195-PF-TRAC2-DONDORP,Vietnam,Full,XGBoost,3,1,0.9959067106246948,1
4534,RCN12388,1195-PF-TRAC2-DONDORP,Vietnam,Full,XGBoost,3,1,0.9953365921974182,1
4535,RCN12389,1195-PF-TRAC2-DONDORP,Vietnam,Full,XGBoost,3,1,0.995927631855011,1
4536,RCN12390,1195-PF-TRAC2-DONDORP,Vietnam,Full,XGBoost,3,1,0.9932281374931335,1
4537,RCN12391,1195-PF-TRAC2-DONDORP,Vietnam,Full,XGBoost,3,1,0.9951832890510559,1
4538,RCN12393,1195-PF-TRAC2-DONDORP,Vietnam,Full,XGBoost,3,1,0.9944244623184204,1
4539,RCN12394,1195-PF-TRAC2-DONDORP,Vietnam,Full,XGBoost,3,0,0.2306421399116516,0
4540,RCN12397,1195-PF-TRAC2-DONDORP,Myanmar,Full,XGBoost,3,0,0.4779379367828369,0
4541,RCN12398,1195-PF-TRAC2-DONDORP,Myanmar,Full,XGBoost,3,0,0.41412153840065,0
4542,RCN12401,1195-PF-TRAC2-DONDORP,Myanmar,Full,XGBoost,3,1,0.35002756118774414,0
4543,RCN12402,1195-PF-TRAC2-DONDORP,Myanmar,Full,XGBoost,3,1,0.34522607922554016,0
4544,RCN12403,1195-PF-TRAC2-DONDORP,Myanmar,Full,XGBoost,3,1,0.3611440062522888,0
4545,RCN12404,1195-PF-TRAC2-DONDORP,Myanmar,Full,XGBoost,3,1,0.24956385791301727,0
4546,RCN12405,1195-PF-TRAC2-DONDORP,Myanmar,Full,XGBoost,3,0,0.15687140822410583,0
4547,RCN12406,1195-PF-TRAC2-DONDORP,Myanmar,Full,XGBoost,3,0,0.33162862062454224,0
4548,RCN12408,1195-PF-TRAC2-DONDORP,Myanmar,Full,XGBoost,3,0,0.7193745374679565,1
4549,RCN12409,1195-PF-TRAC2-DONDORP,Myanmar,Full,XGBoost,3,0,0.05352826043963432,0
4550,RCN12410,1195-PF-TRAC2-DONDORP,Myanmar,Full,XGBoost,3,0,0.03366679698228836,0
4551,RCN12411,1195-PF-TRAC2-DONDORP,Myanmar,Full,XGBoost,3,0,0.6744527816772461,1
4552,RCN12412,1195-PF-TRAC2-DONDORP,Myanmar,Full,XGBoost,3,0,0.6015730500221252,1
4553,RCN12415,1195-PF-TRAC2-DONDORP,Myanmar,Full,XGBoost,3,0,0.025012260302901268,0
4554,RCN12420,1195-PF-TRAC2-DONDORP,Myanmar,Full,XGBoost,3,0,0.2490592896938324,0
4555,RCN12423,1195-PF-TRAC2-DONDORP,Myanmar,Full,XGBoost,3,0,0.03850262612104416,0
4620,RCN12593,1195-PF-TRAC2-DONDORP,Thailand,Full,XGBoost,3,1,0.992796003818512,1
4621,RCN12596,1195-PF-TRAC2-DONDORP,Thailand,Full,XGBoost,3,1,0.9954236149787903,1
4622,RCN12597,1195-PF-TRAC2-DONDORP,Thailand,Full,XGBoost,3,1,0.9880999326705933,1
4623,RCN12599,1195-PF-TRAC2-DONDORP,Thailand,Full,XGBoost,3,1,0.9948660135269165,1
4624,RCN12600,1195-PF-TRAC2-DONDORP,Thailand,Full,XGBoost,3,1,0.9943943023681641,1
4625,RCN12601,1195-PF-TRAC2-DONDORP,Thailand,Full,XGBoost,3,1,0.9951611161231995,1
4626,RCN12602,1195-PF-TRAC2-DONDORP,Thailand,Full,XGBoost,3,1,0.9951553344726562,1
4627,RCN12603,1195-PF-TRAC2-DONDORP,Thailand,Full,XGBoost,3,1,0.9954839944839478,1
4628,RCN12604,1195-PF-TRAC2-DONDORP,Thailand,Full,XGBoost,3,1,0.9952616691589355,1
4629,RCN12606,1195-PF-TRAC2-DONDORP,Thailand,Full,XGBoost,3,1,0.9953180551528931,1
4630,RCN12607,1195-PF-TRAC2-DONDORP,Thailand,Full,XGBoost,3,1,0.990555465221405,1
4631,RCN12608,1195-PF-TRAC2-DONDORP,Thailand,Full,XGBoost,3,1,0.9951832890510559,1
4632,RCN12612,1195-PF-TRAC2-DONDORP,Thailand,Full,XGBoost,3,1,0.9948086738586426,1
4633,RCN12613,1195-PF-TRAC2-DONDORP,Thailand,Full,XGBoost,3,1,0.99403315782547,1
4634,RCN12614,1195-PF-TRAC2-DONDORP,Cambodia,Full,XGBoost,3,1,0.9952538013458252,1
4635,RCN12615,1195-PF-TRAC2-DONDORP,Cambodia,Full,XGBoost,3,1,0.9954681396484375,1
4636,RCN12616,1195-PF-TRAC2-DONDORP,Cambodia,Full,XGBoost,3,1,0.9943943023681641,1
4637,RCN12617,1195-PF-TRAC2-DONDORP,Cambodia,Full,XGBoost,3,1,0.9950114488601685,1
4638,RCN12618,1195-PF-TRAC2-DONDORP,Cambodia,Full,XGBoost,3,1,0.9919849038124084,1
4639,RCN12619,1195-PF-TRAC2-DONDORP,Cambodia,Full,XGBoost,3,0,0.9083187580108643,1
4640,RCN12620,1195-PF-TRAC2-DONDORP,Cambodia,Full,XGBoost,3,1,0.9958398342132568,1
4641,RCN12621,1195-PF-TRAC2-DONDORP,Cambodia,Full,XGBoost,3,1,0.9980841875076294,1
4642,RCN12622,1195-PF-TRAC2-DONDORP,Cambodia,Full,XGBoost,3,1,0.9951883554458618,1
4788,RCN12976,1195-PF-TRAC2-DONDORP,Cambodia,Full,XGBoost,3,1,0.7396191954612732,1
4789,RCN12978,1195-PF-TRAC2-DONDORP,Cambodia,Full,XGBoost,3,1,0.9920909404754639,1
4790,RCN12980,1195-PF-TRAC2-DONDORP,Cambodia,Full,XGBoost,3,1,0.9956529140472412,1
4791,RCN12982,1195-PF-TRAC2-DONDORP,Cambodia,Full,XGBoost,3,0,0.1322232484817505,0
4792,RCN12984,1195-PF-TRAC2-DONDORP,Cambodia,Full,XGBoost,3,1,0.9037117958068848,1
4793,RCN12986,1195-PF-TRAC2-DONDORP,Cambodia,Full,XGBoost,3,1,0.9945582151412964,1
4794,RCN12987,1195-PF-TRAC2-DONDORP,Cambodia,Full,XGBoost,3,1,0.8766924738883972,1
4795,RCN12988,1195-PF-TRAC2-DONDORP,Cambodia,Full,XGBoost,3,1,0.664111316204071,1
4796,RCN12990,1195-PF-TRAC2-DONDORP,Cambodia,Full,XGBoost,3,1,0.9016740322113037,1
4797,RCN12992,1195-PF-TRAC2-DONDORP,Cambodia,Full,XGBoost,3,1,0.9951062202453613,1
4798,RCN12993,1195-PF-TRAC2-DONDORP,Cambodia,Full,XGBoost,3,1,0.979184627532959,1
4799,RCN12994,1195-PF-TRAC2-DONDORP,Cambodia,Full,XGBoost,3,1,0.9932148456573486,1
4800,RCN12995,1195-PF-TRAC2-DONDORP,Cambodia,Full,XGBoost,3,1,0.9941900968551636,1
4801,RCN12996,1195-PF-TRAC2-DONDORP,Cambodia,Full,XGBoost,3,1,0.9949295520782471,1
4802,RCN12997,1195-PF-TRAC2-DONDORP,Cambodia,Full,XGBoost,3,1,0.9903021454811096,1
4803,RCN12999,1195-PF-TRAC2-DONDORP,Cambodia,Full,XGBoost,3,1,0.9922175407409668,1
4804,RCN13000,1195-PF-TRAC2-DONDORP,Cambodia,Full,XGBoost,3,1,0.8824008107185364,1
4805,RCN13003,1195-PF-TRAC2-DONDORP,Cambodia,Full,XGBoost,3,1,0.9957802295684814,1
4806,RCN13004,1195-PF-TRAC2-DONDORP,Cambodia,Full,XGBoost,3,1,0.527470588684082,1
4807,RCN13008,1195-PF-TRAC2-DONDORP,Cambodia,Full,XGBoost,3,1,0.9028671979904175,1
4808,RCN13009,1195-PF-TRAC2-DONDORP,Cambodia,Full,XGBoost,3,1,0.9948217868804932,1
4809,RCN13010,1195-PF-TRAC2-DONDORP,Cambodia,Full,XGBoost,3,1,0.8974369764328003,1
4810,RCN13012,1195-PF-TRAC2-DONDORP,Cambodia,Full,XGBoost,3,1,0.994862973690033,1
4811,RCN13013,1195-PF-TRAC2-DONDORP,Cambodia,Full,XGBoost,3,1,0.9893888831138611,1
4812,RCN13014,1195-PF-TRAC2-DONDORP,Cambodia,Full,XGBoost,3,1,0.995294988155365,1
4813,RCN13015,1195-PF-TRAC2-DONDORP,Cambodia,Full,XGBoost,3,1,0.9951026439666748,1
4814,RCN13016,1195-PF-TRAC2-DONDORP,Cambodia,Full,XGBoost,3,0,0.8658457398414612,1
4815,RCN13017,1195-PF-TRAC2-DONDORP,Cambodia,Full,XGBoost,3,1,0.9975717663764954,1
4816,RCN13018,1195-PF-TRAC2-DONDORP,Cambodia,Full,XGBoost,3,1,0.789677083492279,1
4817,RCN13019,1195-PF-TRAC2-DONDORP,Cambodia,Full,XGBoost,3,1,0.960425853729248,1
4818,RCN13020,1195-PF-TRAC2-DONDORP,Cambodia,Full,XGBoost,3,0,0.9922316074371338,1
4819,RCN13021,1195-PF-TRAC2-DONDORP,Cambodia,Full,XGBoost,3,1,0.47193092107772827,0
4820,RCN13023,1195-PF-TRAC2-DONDORP,Cambodia,Full,XGBoost,3,1,0.9924905896186829,1
4821,RCN13025,1195-PF-TRAC2-DONDORP,Cambodia,Full,XGBoost,3,1,0.8359686732292175,1
4822,RCN13028,1195-PF-TRAC2-DONDORP,Cambodia,Full,XGBoost,3,1,0.9246171116828918,1
4823,RCN13029,1195-PF-TRAC2-DONDORP,Cambodia,Full,XGBoost,3,1,0.9849938750267029,1
4824,RCN13031,1195-PF-TRAC2-DONDORP,Cambodia,Full,XGBoost,3,1,0.9874007105827332,1
4825,RCN13032,1195-PF-TRAC2-DONDORP,Cambodia,Full,XGBoost,3,1,0.9965806603431702,1
4826,RCN13034,1195-PF-TRAC2-DONDORP,Cambodia,Full,XGBoost,3,1,0.9918186664581299,1
4827,RCN13036,1195-PF-TRAC2-DONDORP,Cambodia,Full,XGBoost,3,1,0.9906032681465149,1
4828,RCN13037,1195-PF-TRAC2-DONDORP,Cambodia,Full,XGBoost,3,1,0.9952161312103271,1
4829,RCN13039,1195-PF-TRAC2-DONDORP,Cambodia,Full,XGBoost,3,1,0.9899146556854248,1
4830,RCN13041,1195-PF-TRAC2-DONDORP,Cambodia,Full,XGBoost,3,1,0.9903025031089783,1
4831,RCN13044,1195-PF-TRAC2-DONDORP,Cambodia,Full,XGBoost,3,1,0.9206565022468567,1
4832,RCN13045,1195-PF-TRAC2-DONDORP,Cambodia,Full,XGBoost,3,1,0.9977685213088989,1
4833,RCN13048,1195-PF-TRAC2-DONDORP,Cambodia,Full,XGBoost,3,1,0.9974145889282227,1
4834,RCN13049,1195-PF-TRAC2-DONDORP,Cambodia,Full,XGBoost,3,0,0.023686658591032028,0
4835,RCN13050,1195-PF-TRAC2-DONDORP,Cambodia,Full,XGBoost,3,1,0.995270311832428,1
4836,RCN13051,1195-PF-TRAC2-DONDORP,Cambodia,Full,XGBoost,3,1,0.9972513318061829,1
4837,RCN13052,1195-PF-TRAC2-DONDORP,Cambodia,Full,XGBoost,3,0,0.1129719689488411,0
4838,RCN13053,1195-PF-TRAC2-DONDORP,Cambodia,Full,XGBoost,3,1,0.9875360131263733,1
4839,RCN13054,1195-PF-TRAC2-DONDORP,Cambodia,Full,XGBoost,3,1,0.9943495392799377,1
4840,RCN13056,1195-PF-TRAC2-DONDORP,Cambodia,Full,XGBoost,3,1,0.9924436211585999,1
4841,RCN13057,1195-PF-TRAC2-DONDORP,Cambodia,Full,XGBoost,3,1,0.9734655022621155,1
4842,RCN13058,1195-PF-TRAC2-DONDORP,Cambodia,Full,XGBoost,3,1,0.9954246878623962,1
4843,RCN13059,1195-PF-TRAC2-DONDORP,Cambodia,Full,XGBoost,3,1,0.9974682331085205,1
4844,RCN13060,1195-PF-TRAC2-DONDORP,Cambodia,Full,XGBoost,3,1,0.9931229948997498,1
4845,RCN13061,1195-PF-TRAC2-DONDORP,Cambodia,Full,XGBoost,3,1,0.9948170781135559,1
4846,RCN13062,1195-PF-TRAC2-DONDORP,Cambodia,Full,XGBoost,3,1,0.9971876740455627,1
4847,RCN13063,1195-PF-TRAC2-DONDORP,Cambodia,Full,XGBoost,3,1,0.9922175407409668,1
4848,RCN13065,1195-PF-TRAC2-DONDORP,Cambodia,Full,XGBoost,3,1,0.9974682331085205,1
4849,RCN13066,1195-PF-TRAC2-DONDORP,Cambodia,Full,XGBoost,3,1,0.9951500296592712,1
4850,RCN13067,1195-PF-TRAC2-DONDORP,Cambodia,Full,XGBoost,3,0,0.14207524061203003,0
4851,RCN13068,1195-PF-TRAC2-DONDORP,Cambodia,Full,XGBoost,3,1,0.995860755443573,1
4852,RCN13069,1195-PF-TRAC2-DONDORP,Cambodia,Full,XGBoost,3,1,0.9954236149787903,1
4853,RCN13070,1195-PF-TRAC2-DONDORP,Cambodia,Full,XGBoost,3,1,0.9702639579772949,1
4854,RCN13071,1195-PF-TRAC2-DONDORP,Cambodia,Full,XGBoost,3,1,0.9917922019958496,1
4855,RCN13072,1195-PF-TRAC2-DONDORP,Cambodia,Full,XGBoost,3,0,0.06821969896554947,0
4856,RCN13073,1195-PF-TRAC2-DONDORP,Cambodia,Full,XGBoost,3,1,0.9940167665481567,1
4857,RCN13074,1195-PF-TRAC2-DONDORP,Cambodia,Full,XGBoost,3,1,0.9735369682312012,1
4858,RCN13075,1195-PF-TRAC2-DONDORP,Cambodia,Full,XGBoost,3,1,0.992988646030426,1
4859,RCN13076,1195-PF-TRAC2-DONDORP,Cambodia,Full,XGBoost,3,1,0.09764260798692703,0
4860,RCN13077,1195-PF-TRAC2-DONDORP,Cambodia,Full,XGBoost,3,1,0.9944097399711609,1
4861,RCN13078,1195-PF-TRAC2-DONDORP,Cambodia,Full,XGBoost,3,1,0.9971827268600464,1
4862,RCN13079,1195-PF-TRAC2-DONDORP,Cambodia,Full,XGBoost,3,1,0.9956894516944885,1
4863,RCN13080,1195-PF-TRAC2-DONDORP,Cambodia,Full,XGBoost,3,1,0.9629881381988525,1
4864,RCN13081,1195-PF-TRAC2-DONDORP,Cambodia,Full,XGBoost,3,1,0.9956894516944885,1
4865,RCN13082,1195-PF-TRAC2-DONDORP,Cambodia,Full,XGBoost,3,0,0.0103416433557868,0
4866,RCN13083,1195-PF-TRAC2-DONDORP,Cambodia,Full,XGBoost,3,1,0.9628140330314636,1
4867,RCN13084,1195-PF-TRAC2-DONDORP,Cambodia,Full,XGBoost,3,1,0.9951189756393433,1
4868,RCN13085,1195-PF-TRAC2-DONDORP,Cambodia,Full,XGBoost,3,0,0.053652312606573105,0
4869,RCN13086,1195-PF-TRAC2-DONDORP,Cambodia,Full,XGBoost,3,1,0.9960833787918091,1
4870,RCN13087,1195-PF-TRAC2-DONDORP,Cambodia,Full,XGBoost,3,1,0.9959820508956909,1
4871,RCN13088,1195-PF-TRAC2-DONDORP,Cambodia,Full,XGBoost,3,1,0.992988646030426,1
4872,RCN13089,1195-PF-TRAC2-DONDORP,Cambodia,Full,XGBoost,3,1,0.9872050285339355,1
4873,RCN13090,1195-PF-TRAC2-DONDORP,Cambodia,Full,XGBoost,3,1,0.9950959086418152,1
4874,RCN13093,1195-PF-TRAC2-DONDORP,Cambodia,Full,XGBoost,3,0,0.12002889066934586,0
4875,RCN13095,1195-PF-TRAC2-DONDORP,Cambodia,Full,XGBoost,3,1,0.9951500296592712,1
4876,RCN13096,1195-PF-TRAC2-DONDORP,Cambodia,Full,XGBoost,3,0,0.15163619816303253,0
4877,RCN13097,1195-PF-TRAC2-DONDORP,Cambodia,Full,XGBoost,3,1,0.9931614398956299,1
4878,RCN13098,1195-PF-TRAC2-DONDORP,Cambodia,Full,XGBoost,3,1,0.9932560920715332,1
4879,RCN13100,1195-PF-TRAC2-DONDORP,Cambodia,Full,XGBoost,3,1,0.9982818365097046,1
4880,RCN13101,1195-PF-TRAC2-DONDORP,Cambodia,Full,XGBoost,3,0,0.9180973768234253,1
4881,RCN13103,1195-PF-TRAC2-DONDORP,Cambodia,Full,XGBoost,3,1,0.9890733361244202,1
4882,RCN13104,1195-PF-TRAC2-DONDORP,Cambodia,Full,XGBoost,3,0,0.004718373995274305,0
6915,SPT24373,1224-PF-VN-ROSANAS-URGELL,Vietnam,Full,XGBoost,3,1,0.021795766428112984,0
6916,SPT24374,1224-PF-VN-ROSANAS-URGELL,Vietnam,Full,XGBoost,3,0,0.015304960310459137,0
6917,SPT24375,1224-PF-VN-ROSANAS-URGELL,Vietnam,Full,XGBoost,3,0,0.015119192190468311,0
6918,SPT24376,1224-PF-VN-ROSANAS-URGELL,Vietnam,Full,XGBoost,3,1,0.025712113827466965,0
6919,SPT24383,1224-PF-VN-ROSANAS-URGELL,Vietnam,Full,XGBoost,3,1,0.021795766428112984,0
6920,SPT24385,1224-PF-VN-ROSANAS-URGELL,Vietnam,Full,XGBoost,3,0,0.01573776639997959,0
6921,SPT24386,1224-PF-VN-ROSANAS-URGELL,Vietnam,Full,XGBoost,3,1,0.021795766428112984,0
6922,SPT24393,1224-PF-VN-ROSANAS-URGELL,Vietnam,Full,XGBoost,3,1,0.17374037206172943,0
6923,SPT24399,1224-PF-VN-ROSANAS-URGELL,Vietnam,Full,XGBoost,3,1,0.08491382002830505,0
6924,SPT24447,1224-PF-VN-ROSANAS-URGELL,Vietnam,Full,XGBoost,3,1,0.4449235498905182,0
6925,SPT24451,1224-PF-VN-ROSANAS-URGELL,Vietnam,Full,XGBoost,3,1,0.4781918525695801,0
6926,SPT24454,1224-PF-VN-ROSANAS-URGELL,Vietnam,Full,XGBoost,3,1,0.8527786731719971,1
6927,SPT24456,1224-PF-VN-ROSANAS-URGELL,Vietnam,Full,XGBoost,3,1,0.8399338126182556,1
6928,SPT24457,1224-PF-VN-ROSANAS-URGELL,Vietnam,Full,XGBoost,3,1,0.8828452825546265,1
6929,SPT24458,1224-PF-VN-ROSANAS-URGELL,Vietnam,Full,XGBoost,3,1,0.29545316100120544,0
6930,SPT24459,1224-PF-VN-ROSANAS-URGELL,Vietnam,Full,XGBoost,3,1,0.5119690895080566,1
6931,SPT24461,1224-PF-VN-ROSANAS-URGELL,Vietnam,Full,XGBoost,3,1,0.7209761738777161,1
6932,SPT24462,1224-PF-VN-ROSANAS-URGELL,Vietnam,Full,XGBoost,3,1,0.861685574054718,1
6933,SPT24463,1224-PF-VN-ROSANAS-URGELL,Vietnam,Full,XGBoost,3,1,0.3516222834587097,0
6934,SPT24481,1224-PF-VN-ROSANAS-URGELL,Vietnam,Full,XGBoost,3,0,0.04241720959544182,0
6935,SPT24486,1224-PF-VN-ROSANAS-URGELL,Vietnam,Full,XGBoost,3,0,0.0745912715792656,0
6936,SPT24491,1224-PF-VN-ROSANAS-URGELL,Vietnam,Full,XGBoost,3,0,0.016707373782992363,0
6937,SPT24497,1224-PF-VN-ROSANAS-URGELL,Vietnam,Full,XGBoost,3,1,0.7757381796836853,1
6938,SPT24501,1224-PF-VN-ROSANAS-URGELL,Vietnam,Full,XGBoost,3,0,0.02004401758313179,0
6939,SPT24520,1224-PF-VN-ROSANAS-URGELL,Vietnam,Full,XGBoost,3,1,0.6765260100364685,1
6940,SPT24521,1224-PF-VN-ROSANAS-URGELL,Vietnam,Full,XGBoost,3,1,0.6838598251342773,1
6941,SPT24522,1224-PF-VN-ROSANAS-URGELL,Vietnam,Full,XGBoost,3,1,0.6285952925682068,1
6942,SPT24525,1224-PF-VN-ROSANAS-URGELL,Vietnam,Full,XGBoost,3,1,0.6410852074623108,1
6943,SPT24526,1224-PF-VN-ROSANAS-URGELL,Vietnam,Full,XGBoost,3,1,0.6765260100364685,1
6944,SPT24527,1224-PF-VN-ROSANAS-URGELL,Vietnam,Full,XGBoost,3,1,0.6410852074623108,1
6945,SPT24530,1224-PF-VN-ROSANAS-URGELL,Vietnam,Full,XGBoost,3,1,0.6765260100364685,1
6946,SPT24532,1224-PF-VN-ROSANAS-URGELL,Vietnam,Full,XGBoost,3,1,0.6838598251342773,1
6947,SPT24533,1224-PF-VN-ROSANAS-URGELL,Vietnam,Full,XGBoost,3,1,0.6488053798675537,1
6948,SPT24535,1224-PF-VN-ROSANAS-URGELL,Vietnam,Full,XGBoost,3,1,0.39168938994407654,0
6949,SPT24538,1224-PF-VN-ROSANAS-URGELL,Vietnam,Full,XGBoost,3,1,0.6838598251342773,1
6950,SPT24539,1224-PF-VN-ROSANAS-URGELL,Vietnam,Full,XGBoost,3,1,0.6410852074623108,1
6951,SPT24540,1224-PF-VN-ROSANAS-URGELL,Vietnam,Full,XGBoost,3,1,0.6488053798675537,1
6952,SPT24541,1224-PF-VN-ROSANAS-URGELL,Vietnam,Full,XGBoost,3,1,0.6765260100364685,1
6953,SPT24543,1224-PF-VN-ROSANAS-URGELL,Vietnam,Full,XGBoost,3,1,0.6350703239440918,1
6954,SPT24547,1224-PF-VN-ROSANAS-URGELL,Vietnam,Full,XGBoost,3,1,0.7815359830856323,1
6955,SPT24554,1224-PF-VN-ROSANAS-URGELL,Vietnam,Full,XGBoost,3,0,0.020294755697250366,0
6956,SPT24557,1224-PF-VN-ROSANAS-URGELL,Vietnam,Full,XGBoost,3,0,0.027882227674126625,0
6957,SPT24558,1224-PF-VN-ROSANAS-URGELL,Vietnam,Full,XGBoost,3,0,0.04434860125184059,0
6958,SPT24559,1224-PF-VN-ROSANAS-URGELL,Vietnam,Full,XGBoost,3,0,0.049389518797397614,0
6959,SPT24561,1224-PF-VN-ROSANAS-URGELL,Vietnam,Full,XGBoost,3,0,0.04367617145180702,0
6960,SPT24562,1224-PF-VN-ROSANAS-URGELL,Vietnam,Full,XGBoost,3,0,0.025612903758883476,0
6961,SPT24568,1224-PF-VN-ROSANAS-URGELL,Vietnam,Full,XGBoost,3,0,0.0497952401638031,0
6962,SPT24583,1224-PF-VN-ROSANAS-URGELL,Vietnam,Full,XGBoost,3,1,0.6488053798675537,1
6963,SPT24585,1224-PF-VN-ROSANAS-URGELL,Vietnam,Full,XGBoost,3,1,0.6510991454124451,1
6964,SPT24587,1224-PF-VN-ROSANAS-URGELL,Vietnam,Full,XGBoost,3,1,0.6838598251342773,1
6965,SPT24589,1224-PF-VN-ROSANAS-URGELL,Vietnam,Full,XGBoost,3,1,0.5526435375213623,1
6966,SPT24590,1224-PF-VN-ROSANAS-URGELL,Vietnam,Full,XGBoost,3,1,0.6488053798675537,1
6967,SPT24591,1224-PF-VN-ROSANAS-URGELL,Vietnam,Full,XGBoost,3,1,0.6029428243637085,1
6968,SPT24593,1224-PF-VN-ROSANAS-URGELL,Vietnam,Full,XGBoost,3,1,0.6953670978546143,1
6969,SPT24601,1224-PF-VN-ROSANAS-URGELL,Vietnam,Full,XGBoost,3,1,0.6488053798675537,1
6970,SPT24602,1224-PF-VN-ROSANAS-URGELL,Vietnam,Full,XGBoost,3,1,0.6410852074623108,1
6971,SPT24603,1224-PF-VN-ROSANAS-URGELL,Vietnam,Full,XGBoost,3,1,0.6488053798675537,1
6972,SPT24604,1224-PF-VN-ROSANAS-URGELL,Vietnam,Full,XGBoost,3,1,0.6765260100364685,1
6973,SPT24607,1224-PF-VN-ROSANAS-URGELL,Vietnam,Full,XGBoost,3,1,0.6488053798675537,1
6974,SPT24608,1224-PF-VN-ROSANAS-URGELL,Vietnam,Full,XGBoost,3,1,0.6410852074623108,1
6975,SPT24610,1224-PF-VN-ROSANAS-URGELL,Vietnam,Full,XGBoost,3,1,0.6073220372200012,1
6976,SPT24613,1224-PF-VN-ROSANAS-URGELL,Vietnam,Full,XGBoost,3,1,0.6814679503440857,1
6977,SPT24616,1224-PF-VN-ROSANAS-URGELL,Vietnam,Full,XGBoost,3,1,0.6224943995475769,1
6978,SPT24617,1224-PF-VN-ROSANAS-URGELL,Vietnam,Full,XGBoost,3,1,0.6488053798675537,1
6979,SPT24618,1224-PF-VN-ROSANAS-URGELL,Vietnam,Full,XGBoost,3,1,0.6765260100364685,1
6980,SPT24620,1224-PF-VN-ROSANAS-URGELL,Vietnam,Full,XGBoost,3,1,0.6410852074623108,1
6981,SPT24621,1224-PF-VN-ROSANAS-URGELL,Vietnam,Full,XGBoost,3,1,0.4422553777694702,0
6982,SPT24624,1224-PF-VN-ROSANAS-URGELL,Vietnam,Full,XGBoost,3,1,0.6410852074623108,1
6983,SPT24625,1224-PF-VN-ROSANAS-URGELL,Vietnam,Full,XGBoost,3,1,0.8184784650802612,1
6984,SPT24626,1224-PF-VN-ROSANAS-URGELL,Vietnam,Full,XGBoost,3,1,0.6410852074623108,1
6985,SPT24627,1224-PF-VN-ROSANAS-URGELL,Vietnam,Full,XGBoost,3,1,0.5870391726493835,1
6986,SPT24630,1224-PF-VN-ROSANAS-URGELL,Vietnam,Full,XGBoost,3,1,0.6838598251342773,1
6987,SPT24634,1224-PF-VN-ROSANAS-URGELL,Vietnam,Full,XGBoost,3,1,0.6186752915382385,1
6988,SPT24635,1224-PF-VN-ROSANAS-URGELL,Vietnam,Full,XGBoost,3,1,0.6451592445373535,1
6989,SPT24636,1224-PF-VN-ROSANAS-URGELL,Vietnam,Full,XGBoost,3,1,0.6285952925682068,1
6990,SPT24638,1224-PF-VN-ROSANAS-URGELL,Vietnam,Full,XGBoost,3,1,0.18381407856941223,0
6991,SPT24639,1224-PF-VN-ROSANAS-URGELL,Vietnam,Full,XGBoost,3,1,0.6488053798675537,1
6992,SPT24641,1224-PF-VN-ROSANAS-URGELL,Vietnam,Full,XGBoost,3,1,0.6765260100364685,1
6993,SPT24642,1224-PF-VN-ROSANAS-URGELL,Vietnam,Full,XGBoost,3,1,0.6488053798675537,1
6994,SPT24643,1224-PF-VN-ROSANAS-URGELL,Vietnam,Full,XGBoost,3,1,0.6488053798675537,1
6995,SPT24644,1224-PF-VN-ROSANAS-URGELL,Vietnam,Full,XGBoost,3,1,0.6410852074623108,1
6996,SPT24645,1224-PF-VN-ROSANAS-URGELL,Vietnam,Full,XGBoost,3,1,0.6765260100364685,1
6997,SPT24646,1224-PF-VN-ROSANAS-URGELL,Vietnam,Full,XGBoost,3,1,0.6838598251342773,1
6998,SPT24647,1224-PF-VN-ROSANAS-URGELL,Vietnam,Full,XGBoost,3,1,0.6285952925682068,1
6999,SPT24648,1224-PF-VN-ROSANAS-URGELL,Vietnam,Full,XGBoost,3,1,0.6410852074623108,1
7000,SPT24649,1224-PF-VN-ROSANAS-URGELL,Vietnam,Full,XGBoost,3,1,0.6410852074623108,1
7001,SPT24650,1224-PF-VN-ROSANAS-URGELL,Vietnam,Full,XGBoost,3,1,0.6765260100364685,1
7002,SPT24653,1224-PF-VN-ROSANAS-URGELL,Vietnam,Full,XGBoost,3,1,0.5359688401222229,1
7003,SPT24654,1224-PF-VN-ROSANAS-URGELL,Vietnam,Full,XGBoost,3,1,0.6410852074623108,1
7004,SPT24708,1224-PF-VN-ROSANAS-URGELL,Vietnam,Full,XGBoost,3,0,0.012935886159539223,0
7005,SPT24709,1224-PF-VN-ROSANAS-URGELL,Vietnam,Full,XGBoost,3,0,0.011127563193440437,0
7006,SPT24716,1224-PF-VN-ROSANAS-URGELL,Vietnam,Full,XGBoost,3,0,0.036886028945446014,0
7007,SPT24719,1224-PF-VN-ROSANAS-URGELL,Vietnam,Full,XGBoost,3,0,0.008496141992509365,0
7008,SPT24724,1224-PF-VN-ROSANAS-URGELL,Vietnam,Full,XGBoost,3,0,0.015699477866292,0
7009,SPT24725,1224-PF-VN-ROSANAS-URGELL,Vietnam,Full,XGBoost,3,0,0.019787060096859932,0
7010,SPT24730,1224-PF-VN-ROSANAS-URGELL,Vietnam,Full,XGBoost,3,0,0.019787060096859932,0
7011,SPT24733,1224-PF-VN-ROSANAS-URGELL,Vietnam,Full,XGBoost,3,0,0.040432289242744446,0
7012,SPT24741,1224-PF-VN-ROSANAS-URGELL,Vietnam,Full,XGBoost,3,0,0.03661453723907471,0
7013,SPT24755,1224-PF-VN-ROSANAS-URGELL,Vietnam,Full,XGBoost,3,1,0.39311039447784424,0
7014,SPT24756,1224-PF-VN-ROSANAS-URGELL,Vietnam,Full,XGBoost,3,1,0.37230315804481506,0
7015,SPT24758,1224-PF-VN-ROSANAS-URGELL,Vietnam,Full,XGBoost,3,1,0.14609064161777496,0
7016,SPT24760,1224-PF-VN-ROSANAS-URGELL,Vietnam,Full,XGBoost,3,1,0.10233882814645767,0
7017,SPT24763,1224-PF-VN-ROSANAS-URGELL,Vietnam,Full,XGBoost,3,0,0.25719860196113586,0
7018,SPT24766,1224-PF-VN-ROSANAS-URGELL,Vietnam,Full,XGBoost,3,1,0.03720990568399429,0
7019,SPT24771,1224-PF-VN-ROSANAS-URGELL,Vietnam,Full,XGBoost,3,0,0.16331247985363007,0
7020,SPT24772,1224-PF-VN-ROSANAS-URGELL,Vietnam,Full,XGBoost,3,0,0.01749751903116703,0
7021,SPT24773,1224-PF-VN-ROSANAS-URGELL,Vietnam,Full,XGBoost,3,1,0.08804454654455185,0
7022,SPT24774,1224-PF-VN-ROSANAS-URGELL,Vietnam,Full,XGBoost,3,1,0.023103130981326103,0
7023,SPT24781,1224-PF-VN-ROSANAS-URGELL,Vietnam,Full,XGBoost,3,0,0.03439449518918991,0
7024,SPT24782,1224-PF-VN-ROSANAS-URGELL,Vietnam,Full,XGBoost,3,1,0.26363930106163025,0
7025,SPT24785,1224-PF-VN-ROSANAS-URGELL,Vietnam,Full,XGBoost,3,1,0.016414199024438858,0
7026,SPT24786,1224-PF-VN-ROSANAS-URGELL,Vietnam,Full,XGBoost,3,1,0.0884752944111824,0
7027,SPT24787,1224-PF-VN-ROSANAS-URGELL,Vietnam,Full,XGBoost,3,0,0.044091325253248215,0
7028,SPT24789,1224-PF-VN-ROSANAS-URGELL,Vietnam,Full,XGBoost,3,1,0.01965647004544735,0
7029,SPT24792,1224-PF-VN-ROSANAS-URGELL,Vietnam,Full,XGBoost,3,0,0.10292664170265198,0
7030,SPT24796,1224-PF-VN-ROSANAS-URGELL,Vietnam,Full,XGBoost,3,0,0.04029975086450577,0
7031,SPT24814,1224-PF-VN-ROSANAS-URGELL,Vietnam,Full,XGBoost,3,1,0.9756882786750793,1
7032,SPT24826,1224-PF-VN-ROSANAS-URGELL,Vietnam,Full,XGBoost,3,0,0.037042755633592606,0
7033,SPT24861,1224-PF-VN-ROSANAS-URGELL,Vietnam,Full,XGBoost,3,0,0.014083501882851124,0
7034,SPT24899,1224-PF-VN-ROSANAS-URGELL,Vietnam,Full,XGBoost,3,0,0.009833959862589836,0
7035,SPT25104,1224-PF-VN-ROSANAS-URGELL,Vietnam,Full,XGBoost,3,0,0.009887466207146645,0
7036,SPT25106,1224-PF-VN-ROSANAS-URGELL,Vietnam,Full,XGBoost,3,1,0.40136533975601196,0
7037,SPT25108,1224-PF-VN-ROSANAS-URGELL,Vietnam,Full,XGBoost,3,0,0.016620472073554993,0
7038,SPT25109,1224-PF-VN-ROSANAS-URGELL,Vietnam,Full,XGBoost,3,1,0.3231082260608673,0
7039,SPT25110,1224-PF-VN-ROSANAS-URGELL,Vietnam,Full,XGBoost,3,1,0.042272910475730896,0
7040,SPT25111,1224-PF-VN-ROSANAS-URGELL,Vietnam,Full,XGBoost,3,1,0.42863166332244873,0
7041,SPT25112,1224-PF-VN-ROSANAS-URGELL,Vietnam,Full,XGBoost,3,1,0.46093836426734924,0
7042,SPT25114,1224-PF-VN-ROSANAS-URGELL,Vietnam,Full,XGBoost,3,1,0.43332603573799133,0
7043,SPT25115,1224-PF-VN-ROSANAS-URGELL,Vietnam,Full,XGBoost,3,1,0.4551459848880768,0
7044,SPT25116,1224-PF-VN-ROSANAS-URGELL,Vietnam,Full,XGBoost,3,0,0.033733710646629333,0
7045,SPT25120,1224-PF-VN-ROSANAS-URGELL,Vietnam,Full,XGBoost,3,1,0.46559709310531616,0
7046,SPT25121,1224-PF-VN-ROSANAS-URGELL,Vietnam,Full,XGBoost,3,1,0.6760854125022888,1
7047,SPT25122,1224-PF-VN-ROSANAS-URGELL,Vietnam,Full,XGBoost,3,1,0.5433984398841858,1
7048,SPT25123,1224-PF-VN-ROSANAS-URGELL,Vietnam,Full,XGBoost,3,1,0.42129361629486084,0
7049,SPT25124,1224-PF-VN-ROSANAS-URGELL,Vietnam,Full,XGBoost,3,1,0.566328227519989,1
7050,SPT25125,1224-PF-VN-ROSANAS-URGELL,Vietnam,Full,XGBoost,3,1,0.5689452886581421,1
7051,SPT25126,1224-PF-VN-ROSANAS-URGELL,Vietnam,Full,XGBoost,3,1,0.04334947094321251,0
7052,SPT25127,1224-PF-VN-ROSANAS-URGELL,Vietnam,Full,XGBoost,3,1,0.5781846642494202,1
7053,SPT25128,1224-PF-VN-ROSANAS-URGELL,Vietnam,Full,XGBoost,3,1,0.6739985942840576,1
7054,SPT25129,1224-PF-VN-ROSANAS-URGELL,Vietnam,Full,XGBoost,3,1,0.7481705546379089,1
7055,SPT25130,1224-PF-VN-ROSANAS-URGELL,Vietnam,Full,XGBoost,3,1,0.6509817242622375,1
7056,SPT25132,1224-PF-VN-ROSANAS-URGELL,Vietnam,Full,XGBoost,3,1,0.43332603573799133,0
7057,SPT25133,1224-PF-VN-ROSANAS-URGELL,Vietnam,Full,XGBoost,3,1,0.46093836426734924,0
7058,SPT25135,1224-PF-VN-ROSANAS-URGELL,Vietnam,Full,XGBoost,3,1,0.49170321226119995,0
7059,SPT25138,1224-PF-VN-ROSANAS-URGELL,Vietnam,Full,XGBoost,3,1,0.048798516392707825,0
7060,SPT25139,1224-PF-VN-ROSANAS-URGELL,Vietnam,Full,XGBoost,3,0,0.46513864398002625,0
7061,SPT25144,1224-PF-VN-ROSANAS-URGELL,Vietnam,Full,XGBoost,3,1,0.10725358873605728,0
7062,SPT25145,1224-PF-VN-ROSANAS-URGELL,Vietnam,Full,XGBoost,3,1,0.4570806920528412,0
7063,SPT25147,1224-PF-VN-ROSANAS-URGELL,Vietnam,Full,XGBoost,3,0,0.4676703214645386,0
7064,SPT25151,1224-PF-VN-ROSANAS-URGELL,Vietnam,Full,XGBoost,3,0,0.5670072436332703,1
7065,SPT25157,1224-PF-VN-ROSANAS-URGELL,Vietnam,Full,XGBoost,3,1,0.4551459848880768,0
7066,SPT25158,1224-PF-VN-ROSANAS-URGELL,Vietnam,Full,XGBoost,3,1,0.28023138642311096,0
7067,SPT25159,1224-PF-VN-ROSANAS-URGELL,Vietnam,Full,XGBoost,3,0,0.01544105727225542,0
7068,SPT25160,1224-PF-VN-ROSANAS-URGELL,Vietnam,Full,XGBoost,3,1,0.46559709310531616,0
7069,SPT25162,1224-PF-VN-ROSANAS-URGELL,Vietnam,Full,XGBoost,3,1,0.11116378009319305,0
112,PD0459-Cx,1052-PF-TRAC-WHITE,Thailand,Full,XGBoost,4,1,0.7820322513580322,1
113,PD0460-C,1052-PF-TRAC-WHITE,Thailand,Full,XGBoost,4,0,0.28760161995887756,0
114,PD0461-C,1052-PF-TRAC-WHITE,Thailand,Full,XGBoost,4,0,0.12702754139900208,0
115,PD0462-C,1052-PF-TRAC-WHITE,Thailand,Full,XGBoost,4,1,0.6499975919723511,1
116,PD0467-C,1052-PF-TRAC-WHITE,Thailand,Full,XGBoost,4,0,0.683350682258606,1
117,PD0469-C,1052-PF-TRAC-WHITE,Thailand,Full,XGBoost,4,0,0.20016004145145416,0
118,PD0470-C,1052-PF-TRAC-WHITE,Thailand,Full,XGBoost,4,1,0.7781350016593933,1
119,PD0471-C,1052-PF-TRAC-WHITE,Thailand,Full,XGBoost,4,1,0.4227979779243469,0
120,PD0472-C,1052-PF-TRAC-WHITE,Thailand,Full,XGBoost,4,0,0.3176717758178711,0
121,PD0473-C,1052-PF-TRAC-WHITE,Thailand,Full,XGBoost,4,1,0.6175694465637207,1
122,PD0474-C,1052-PF-TRAC-WHITE,Thailand,Full,XGBoost,4,0,0.30073073506355286,0
123,PD0475-C,1052-PF-TRAC-WHITE,Thailand,Full,XGBoost,4,0,0.5483205318450928,1
124,PD0476-C,1052-PF-TRAC-WHITE,Thailand,Full,XGBoost,4,0,0.7054938673973083,1
125,PD0477-C,1052-PF-TRAC-WHITE,Thailand,Full,XGBoost,4,1,0.7080197334289551,1
126,PD0478-C,1052-PF-TRAC-WHITE,Thailand,Full,XGBoost,4,1,0.31237465143203735,0
127,PD0480-C,1052-PF-TRAC-WHITE,Thailand,Full,XGBoost,4,1,0.4057394564151764,0
128,PD0481-C,1052-PF-TRAC-WHITE,Thailand,Full,XGBoost,4,1,0.8216286897659302,1
129,PD0483-C,1052-PF-TRAC-WHITE,Thailand,Full,XGBoost,4,0,0.8281362652778625,1
130,PD0487-C,1052-PF-TRAC-WHITE,Thailand,Full,XGBoost,4,1,0.8197969198226929,1
131,PD0488-C,1052-PF-TRAC-WHITE,Thailand,Full,XGBoost,4,0,0.8194242119789124,1
132,PD0489-C,1052-PF-TRAC-WHITE,Thailand,Full,XGBoost,4,0,0.16792307794094086,0
133,PD0490-C,1052-PF-TRAC-WHITE,Thailand,Full,XGBoost,4,0,0.80007004737854,1
134,PD0491-C,1052-PF-TRAC-WHITE,Thailand,Full,XGBoost,4,1,0.36962518095970154,0
135,PD0493-C,1052-PF-TRAC-WHITE,Thailand,Full,XGBoost,4,0,0.344947874546051,0
136,PD0494-C,1052-PF-TRAC-WHITE,Thailand,Full,XGBoost,4,0,0.8330440521240234,1
137,PD0495-C,1052-PF-TRAC-WHITE,Thailand,Full,XGBoost,4,1,0.7302065491676331,1
138,PD0496-C,1052-PF-TRAC-WHITE,Thailand,Full,XGBoost,4,1,0.8451002836227417,1
139,PD0497-C,1052-PF-TRAC-WHITE,Thailand,Full,XGBoost,4,1,0.6821135878562927,1
140,PD0498-C,1052-PF-TRAC-WHITE,Thailand,Full,XGBoost,4,1,0.8406758904457092,1
141,PD0499-C,1052-PF-TRAC-WHITE,Thailand,Full,XGBoost,4,1,0.6171430945396423,1
142,PD0500-C,1052-PF-TRAC-WHITE,Thailand,Full,XGBoost,4,1,0.9858376383781433,1
143,PD0501-C,1052-PF-TRAC-WHITE,Thailand,Full,XGBoost,4,1,0.9855183362960815,1
144,PD0502-C,1052-PF-TRAC-WHITE,Thailand,Full,XGBoost,4,1,0.8406758904457092,1
145,PD0503-C,1052-PF-TRAC-WHITE,Thailand,Full,XGBoost,4,1,0.8124827146530151,1
146,PD0504-C,1052-PF-TRAC-WHITE,Thailand,Full,XGBoost,4,1,0.7761883735656738,1
147,PD0505-C,1052-PF-TRAC-WHITE,Thailand,Full,XGBoost,4,1,0.7761883735656738,1
148,PD0506-C,1052-PF-TRAC-WHITE,Thailand,Full,XGBoost,4,1,0.7761883735656738,1
149,PD0507-C,1052-PF-TRAC-WHITE,Thailand,Full,XGBoost,4,0,0.28753578662872314,0
150,PD0508-C,1052-PF-TRAC-WHITE,Thailand,Full,XGBoost,4,1,0.7761883735656738,1
151,PD0509-Cx2,1052-PF-TRAC-WHITE,Thailand,Full,XGBoost,4,1,0.778298556804657,1
152,PD0510-C,1052-PF-TRAC-WHITE,Thailand,Full,XGBoost,4,1,0.2250872105360031,0
153,PD0511-C,1052-PF-TRAC-WHITE,Thailand,Full,XGBoost,4,0,0.46612492203712463,0
154,PD0512-C,1052-PF-TRAC-WHITE,Thailand,Full,XGBoost,4,1,0.733611524105072,1
155,PD0513-C,1052-PF-TRAC-WHITE,Thailand,Full,XGBoost,4,1,0.6490989923477173,1
156,PD0514-C,1052-PF-TRAC-WHITE,Thailand,Full,XGBoost,4,1,0.7796396613121033,1
157,PD0515-C,1052-PF-TRAC-WHITE,Thailand,Full,XGBoost,4,1,0.4289536774158478,0
158,PD0516-C,1052-PF-TRAC-WHITE,Thailand,Full,XGBoost,4,1,0.8627318143844604,1
159,PD0518-C,1052-PF-TRAC-WHITE,Thailand,Full,XGBoost,4,1,0.8575143814086914,1
160,PD0520-C,1052-PF-TRAC-WHITE,Thailand,Full,XGBoost,4,1,0.8711569309234619,1
161,PD0521-C,1052-PF-TRAC-WHITE,Thailand,Full,XGBoost,4,1,0.210163876414299,0
162,PD0522-C,1052-PF-TRAC-WHITE,Thailand,Full,XGBoost,4,1,0.5849310755729675,1
163,PD0523-C,1052-PF-TRAC-WHITE,Thailand,Full,XGBoost,4,1,0.210163876414299,0
164,PD0524-C,1052-PF-TRAC-WHITE,Thailand,Full,XGBoost,4,0,0.700887143611908,1
165,PD0525-C,1052-PF-TRAC-WHITE,Thailand,Full,XGBoost,4,1,0.8757535219192505,1
166,PD0527-C,1052-PF-TRAC-WHITE,Thailand,Full,XGBoost,4,1,0.8679807782173157,1
167,PD0528-C,1052-PF-TRAC-WHITE,Thailand,Full,XGBoost,4,1,0.21284346282482147,0
168,PD0529-C,1052-PF-TRAC-WHITE,Thailand,Full,XGBoost,4,1,0.41076982021331787,0
169,PD0530-C,1052-PF-TRAC-WHITE,Thailand,Full,XGBoost,4,1,0.8259952068328857,1
170,PD0531-C,1052-PF-TRAC-WHITE,Thailand,Full,XGBoost,4,1,0.6660470366477966,1
171,PD0532-C,1052-PF-TRAC-WHITE,Thailand,Full,XGBoost,4,0,0.8568578958511353,1
172,PD0533-C,1052-PF-TRAC-WHITE,Thailand,Full,XGBoost,4,1,0.8627318143844604,1
173,PD0534-C,1052-PF-TRAC-WHITE,Thailand,Full,XGBoost,4,1,0.558496356010437,1
174,PD0535-C,1052-PF-TRAC-WHITE,Thailand,Full,XGBoost,4,1,0.8330440521240234,1
175,PD0536-C,1052-PF-TRAC-WHITE,Thailand,Full,XGBoost,4,0,0.6872513294219971,1
176,PD0537-C,1052-PF-TRAC-WHITE,Thailand,Full,XGBoost,4,1,0.5151140093803406,1
177,PD0538-C,1052-PF-TRAC-WHITE,Thailand,Full,XGBoost,4,1,0.6234504580497742,1
178,PD0539-C,1052-PF-TRAC-WHITE,Thailand,Full,XGBoost,4,1,0.3635880649089813,0
179,PD0540-C,1052-PF-TRAC-WHITE,Thailand,Full,XGBoost,4,1,0.6578539609909058,1
180,PD0541-C,1052-PF-TRAC-WHITE,Thailand,Full,XGBoost,4,0,0.18665124475955963,0
181,PD0543-C,1052-PF-TRAC-WHITE,Thailand,Full,XGBoost,4,0,0.8203566670417786,1
182,PD0544-C,1052-PF-TRAC-WHITE,Thailand,Full,XGBoost,4,0,0.8310198783874512,1
183,PD0545-C,1052-PF-TRAC-WHITE,Thailand,Full,XGBoost,4,1,0.6808379888534546,1
184,PD0546-C,1052-PF-TRAC-WHITE,Thailand,Full,XGBoost,4,1,0.8627318143844604,1
185,PD0547-C,1052-PF-TRAC-WHITE,Thailand,Full,XGBoost,4,1,0.8259952068328857,1
186,PD0548-C,1052-PF-TRAC-WHITE,Thailand,Full,XGBoost,4,1,0.7589805722236633,1
187,PD0549-C,1052-PF-TRAC-WHITE,Thailand,Full,XGBoost,4,1,0.8679807782173157,1
188,PD0550-C,1052-PF-TRAC-WHITE,Thailand,Full,XGBoost,4,0,0.6803579330444336,1
189,PD0552-C,1052-PF-TRAC-WHITE,Thailand,Full,XGBoost,4,1,0.6287611722946167,1
190,PD0553-C,1052-PF-TRAC-WHITE,Thailand,Full,XGBoost,4,1,0.8414857387542725,1
191,PD0554-C,1052-PF-TRAC-WHITE,Thailand,Full,XGBoost,4,1,0.5436704158782959,1
192,PD0556-C,1052-PF-TRAC-WHITE,Thailand,Full,XGBoost,4,1,0.8151836395263672,1
193,PD0557-C,1052-PF-TRAC-WHITE,Thailand,Full,XGBoost,4,1,0.7922433018684387,1
194,PD0558-C,1052-PF-TRAC-WHITE,Thailand,Full,XGBoost,4,1,0.5537717938423157,1
195,PD0559-C,1052-PF-TRAC-WHITE,Thailand,Full,XGBoost,4,1,0.7378306984901428,1
196,PD0561-C,1052-PF-TRAC-WHITE,Thailand,Full,XGBoost,4,0,0.5380508303642273,1
197,PD0562-C,1052-PF-TRAC-WHITE,Thailand,Full,XGBoost,4,1,0.6459444761276245,1
198,PD0563-C,1052-PF-TRAC-WHITE,Thailand,Full,XGBoost,4,1,0.8151836395263672,1
199,PD0564-C,1052-PF-TRAC-WHITE,Thailand,Full,XGBoost,4,1,0.8151836395263672,1
200,PD0565-C,1052-PF-TRAC-WHITE,Thailand,Full,XGBoost,4,1,0.8281362652778625,1
201,PD0567-C,1052-PF-TRAC-WHITE,Thailand,Full,XGBoost,4,0,0.7529125213623047,1
202,PD0569-C,1052-PF-TRAC-WHITE,Thailand,Full,XGBoost,4,1,0.868055522441864,1
203,PD0570-C,1052-PF-TRAC-WHITE,Thailand,Full,XGBoost,4,1,0.8757535219192505,1
204,PD0571-C,1052-PF-TRAC-WHITE,Thailand,Full,XGBoost,4,1,0.8404752016067505,1
205,PD0572-C,1052-PF-TRAC-WHITE,Thailand,Full,XGBoost,4,1,0.8124094009399414,1
206,PD0573-C,1052-PF-TRAC-WHITE,Thailand,Full,XGBoost,4,1,0.8679807782173157,1
207,PD0574-C,1052-PF-TRAC-WHITE,Thailand,Full,XGBoost,4,0,0.4837445318698883,0
208,PD0575-C,1052-PF-TRAC-WHITE,Thailand,Full,XGBoost,4,1,0.8989824056625366,1
209,PD0576-C,1052-PF-TRAC-WHITE,Thailand,Full,XGBoost,4,1,0.7913330793380737,1
210,PD0578-C,1052-PF-TRAC-WHITE,Thailand,Full,XGBoost,4,1,0.7904009819030762,1
211,PD0579-C,1052-PF-TRAC-WHITE,Thailand,Full,XGBoost,4,1,0.8727527856826782,1
212,PD0580-C,1052-PF-TRAC-WHITE,Thailand,Full,XGBoost,4,1,0.8989824056625366,1
213,PD0581-C,1052-PF-TRAC-WHITE,Thailand,Full,XGBoost,4,1,0.8688473105430603,1
214,PD0582-C,1052-PF-TRAC-WHITE,Thailand,Full,XGBoost,4,0,0.7923716902732849,1
215,PD0583-C,1052-PF-TRAC-WHITE,Thailand,Full,XGBoost,4,1,0.5144311189651489,1
216,PD0584-C,1052-PF-TRAC-WHITE,Thailand,Full,XGBoost,4,1,0.5144311189651489,1
217,PD0585-C,1052-PF-TRAC-WHITE,Thailand,Full,XGBoost,4,0,0.685924232006073,1
218,PD0586-C,1052-PF-TRAC-WHITE,Thailand,Full,XGBoost,4,0,0.7923716902732849,1
219,PD0587-C,1052-PF-TRAC-WHITE,Thailand,Full,XGBoost,4,1,0.5243380069732666,1
220,PD0589-C,1052-PF-TRAC-WHITE,Thailand,Full,XGBoost,4,0,0.044309794902801514,0
221,PD0590-C,1052-PF-TRAC-WHITE,Thailand,Full,XGBoost,4,1,0.8584384918212891,1
222,PD0591-C,1052-PF-TRAC-WHITE,Thailand,Full,XGBoost,4,1,0.7495602965354919,1
223,PD0626-C,1052-PF-TRAC-WHITE,Thailand,Full,XGBoost,4,0,0.3835652768611908,0
224,PD0627-C,1052-PF-TRAC-WHITE,Thailand,Full,XGBoost,4,1,0.4840954840183258,0
225,PD0629-C,1052-PF-TRAC-WHITE,Thailand,Full,XGBoost,4,1,0.7275407910346985,1
226,PD0630-C,1052-PF-TRAC-WHITE,Thailand,Full,XGBoost,4,0,0.6704173684120178,1
227,PD0632-C,1052-PF-TRAC-WHITE,Thailand,Full,XGBoost,4,0,0.8259952068328857,1
228,PD0635-C,1052-PF-TRAC-WHITE,Thailand,Full,XGBoost,4,1,0.8314797282218933,1
229,PD0636-C,1052-PF-TRAC-WHITE,Thailand,Full,XGBoost,4,1,0.8006303310394287,1
230,PD0637-C,1052-PF-TRAC-WHITE,Thailand,Full,XGBoost,4,0,0.2637174427509308,0
231,PD0638-C,1052-PF-TRAC-WHITE,Thailand,Full,XGBoost,4,0,0.6127356886863708,1
232,PD0648-C,1052-PF-TRAC-WHITE,Thailand,Full,XGBoost,4,1,0.7812360525131226,1
233,PD0651-C,1052-PF-TRAC-WHITE,Thailand,Full,XGBoost,4,1,0.9894095659255981,1
234,PD0658-C,1052-PF-TRAC-WHITE,Thailand,Full,XGBoost,4,1,0.8989824056625366,1
235,PD0659-C,1052-PF-TRAC-WHITE,Thailand,Full,XGBoost,4,1,0.8989824056625366,1
236,PD0662-C,1052-PF-TRAC-WHITE,Thailand,Full,XGBoost,4,1,0.86875319480896,1
237,PD0663-C,1052-PF-TRAC-WHITE,Thailand,Full,XGBoost,4,1,0.9021062254905701,1
238,PD0664-C,1052-PF-TRAC-WHITE,Thailand,Full,XGBoost,4,1,0.8728251457214355,1
239,PD0668-C,1052-PF-TRAC-WHITE,Thailand,Full,XGBoost,4,1,0.9046057462692261,1
240,PD0670-C,1052-PF-TRAC-WHITE,Thailand,Full,XGBoost,4,1,0.8755238056182861,1
852,PH0002-C,1011-PF-KH-SU,Cambodia,Full,XGBoost,4,1,0.07358478009700775,0
853,PH0003-C,1011-PF-KH-SU,Cambodia,Full,XGBoost,4,0,0.13962875306606293,0
854,PH0004-C,1011-PF-KH-SU,Cambodia,Full,XGBoost,4,0,0.08949796110391617,0
855,PH0005-C,1011-PF-KH-SU,Cambodia,Full,XGBoost,4,1,0.05187734216451645,0
856,PH0006-C,1011-PF-KH-SU,Cambodia,Full,XGBoost,4,1,0.08337132632732391,0
857,PH0007-C,1011-PF-KH-SU,Cambodia,Full,XGBoost,4,0,0.12929590046405792,0
858,PH0008-C,1011-PF-KH-SU,Cambodia,Full,XGBoost,4,1,0.08021320402622223,0
859,PH0010-C,1011-PF-KH-SU,Cambodia,Full,XGBoost,4,0,0.06412362307310104,0
860,PH0011-C,1011-PF-KH-SU,Cambodia,Full,XGBoost,4,1,0.11905883997678757,0
861,PH0012-C,1011-PF-KH-SU,Cambodia,Full,XGBoost,4,0,0.06455115228891373,0
862,PH0013-C,1011-PF-KH-SU,Cambodia,Full,XGBoost,4,0,0.19638821482658386,0
863,PH0014-C,1011-PF-KH-SU,Cambodia,Full,XGBoost,4,0,0.04809552803635597,0
864,PH0015-C,1011-PF-KH-SU,Cambodia,Full,XGBoost,4,0,0.059225380420684814,0
865,PH0016-C,1011-PF-KH-SU,Cambodia,Full,XGBoost,4,0,0.11843922734260559,0
866,PH0017-C,1011-PF-KH-SU,Cambodia,Full,XGBoost,4,0,0.14185582101345062,0
867,PH0018-C,1011-PF-KH-SU,Cambodia,Full,XGBoost,4,0,0.05956480652093887,0
868,PH0019-C,1011-PF-KH-SU,Cambodia,Full,XGBoost,4,0,0.02978677488863468,0
869,PH0020-C,1011-PF-KH-SU,Cambodia,Full,XGBoost,4,0,0.0507502555847168,0
870,PH0021-C,1012-PF-KH-WHITE,Cambodia,Full,XGBoost,4,0,0.05096143111586571,0
871,PH0022-C,1012-PF-KH-WHITE,Cambodia,Full,XGBoost,4,1,0.08661626279354095,0
872,PH0023-C,1011-PF-KH-SU,Cambodia,Full,XGBoost,4,0,0.13489212095737457,0
873,PH0024-C,1011-PF-KH-SU,Cambodia,Full,XGBoost,4,1,0.24901162087917328,0
874,PH0026-C,1011-PF-KH-SU,Cambodia,Full,XGBoost,4,1,0.0485522523522377,0
875,PH0027-Cx,1011-PF-KH-SU,Cambodia,Full,XGBoost,4,1,0.08083390444517136,0
876,PH0028-Cx,1011-PF-KH-SU,Cambodia,Full,XGBoost,4,1,0.05659804493188858,0
877,PH0031-Cx,1011-PF-KH-SU,Cambodia,Full,XGBoost,4,1,0.0650201216340065,0
878,PH0042-C,1011-PF-KH-SU,Cambodia,Full,XGBoost,4,0,0.10495946556329727,0
879,PH0043-C,1012-PF-KH-WHITE,Cambodia,Full,XGBoost,4,1,0.1575004905462265,0
1148,PH0502-C,1052-PF-TRAC-WHITE,Cambodia,Full,XGBoost,4,0,0.031078265979886055,0
1149,PH0503-C,1052-PF-TRAC-WHITE,Cambodia,Full,XGBoost,4,1,0.4763205051422119,0
1150,PH0505-C,1052-PF-TRAC-WHITE,Cambodia,Full,XGBoost,4,0,0.01691415160894394,0
1151,PH0506-C,1052-PF-TRAC-WHITE,Cambodia,Full,XGBoost,4,0,0.02392946369946003,0
1152,PH0507-C,1052-PF-TRAC-WHITE,Cambodia,Full,XGBoost,4,0,0.02659141644835472,0
1153,PH0508-C,1052-PF-TRAC-WHITE,Cambodia,Full,XGBoost,4,0,0.11951256543397903,0
1154,PH0510-C,1052-PF-TRAC-WHITE,Cambodia,Full,XGBoost,4,0,0.02611284889280796,0
1155,PH0511-C,1052-PF-TRAC-WHITE,Cambodia,Full,XGBoost,4,0,0.045734453946352005,0
1156,PH0513-C,1052-PF-TRAC-WHITE,Cambodia,Full,XGBoost,4,0,0.05914519727230072,0
1157,PH0514-C,1052-PF-TRAC-WHITE,Cambodia,Full,XGBoost,4,1,0.5504140853881836,1
1158,PH0515-C,1052-PF-TRAC-WHITE,Cambodia,Full,XGBoost,4,1,0.7250857353210449,1
1159,PH0516-C,1052-PF-TRAC-WHITE,Cambodia,Full,XGBoost,4,1,0.7979834675788879,1
1160,PH0517-C,1052-PF-TRAC-WHITE,Cambodia,Full,XGBoost,4,0,0.02340814098715782,0
1161,PH0518-C,1052-PF-TRAC-WHITE,Cambodia,Full,XGBoost,4,0,0.8244821429252625,1
1162,PH0519-C,1052-PF-TRAC-WHITE,Cambodia,Full,XGBoost,4,0,0.5121129751205444,1
1163,PH0520-C,1052-PF-TRAC-WHITE,Cambodia,Full,XGBoost,4,1,0.7909106016159058,1
1164,PH0521-C,1052-PF-TRAC-WHITE,Cambodia,Full,XGBoost,4,0,0.48124220967292786,0
1165,PH0522-C,1052-PF-TRAC-WHITE,Cambodia,Full,XGBoost,4,0,0.11935628205537796,0
1166,PH0523-C,1052-PF-TRAC-WHITE,Cambodia,Full,XGBoost,4,1,0.8631531000137329,1
1167,PH0524-C,1052-PF-TRAC-WHITE,Cambodia,Full,XGBoost,4,0,0.04068215936422348,0
1168,PH0525-C,1052-PF-TRAC-WHITE,Cambodia,Full,XGBoost,4,1,0.751845121383667,1
1169,PH0526-C,1052-PF-TRAC-WHITE,Cambodia,Full,XGBoost,4,0,0.9068828225135803,1
1170,PH0527-C,1052-PF-TRAC-WHITE,Cambodia,Full,XGBoost,4,1,0.9901870489120483,1
1171,PH0528-C,1052-PF-TRAC-WHITE,Cambodia,Full,XGBoost,4,1,0.7917842268943787,1
1172,PH0529-C,1052-PF-TRAC-WHITE,Cambodia,Full,XGBoost,4,1,0.8788540363311768,1
1173,PH0530-C,1052-PF-TRAC-WHITE,Cambodia,Full,XGBoost,4,1,0.8406758904457092,1
1174,PH0531-C,1052-PF-TRAC-WHITE,Cambodia,Full,XGBoost,4,1,0.8007240891456604,1
1175,PH0532-C,1052-PF-TRAC-WHITE,Cambodia,Full,XGBoost,4,1,0.8443911671638489,1
1176,PH0533-C,1052-PF-TRAC-WHITE,Cambodia,Full,XGBoost,4,1,0.9907295107841492,1
1177,PH0534-C,1052-PF-TRAC-WHITE,Cambodia,Full,XGBoost,4,1,0.8247862458229065,1
1178,PH0535-C,1052-PF-TRAC-WHITE,Cambodia,Full,XGBoost,4,1,0.8452924489974976,1
1179,PH0536-C,1052-PF-TRAC-WHITE,Cambodia,Full,XGBoost,4,1,0.9785007834434509,1
1180,PH0537-C,1052-PF-TRAC-WHITE,Cambodia,Full,XGBoost,4,1,0.8406758904457092,1
1181,PH0538-C,1052-PF-TRAC-WHITE,Cambodia,Full,XGBoost,4,1,0.6964931488037109,1
1182,PH0539-C,1052-PF-TRAC-WHITE,Cambodia,Full,XGBoost,4,1,0.9906274080276489,1
1183,PH0540-C,1052-PF-TRAC-WHITE,Cambodia,Full,XGBoost,4,1,0.9907295107841492,1
1184,PH0541-C,1052-PF-TRAC-WHITE,Cambodia,Full,XGBoost,4,1,0.975634753704071,1
1185,PH0542-C,1052-PF-TRAC-WHITE,Cambodia,Full,XGBoost,4,0,0.9295029640197754,1
1186,PH0543-C,1052-PF-TRAC-WHITE,Cambodia,Full,XGBoost,4,1,0.991698145866394,1
1187,PH0544-C,1052-PF-TRAC-WHITE,Cambodia,Full,XGBoost,4,1,0.8883081078529358,1
1188,PH0545-C,1052-PF-TRAC-WHITE,Cambodia,Full,XGBoost,4,0,0.8715706467628479,1
1189,PH0546-C,1052-PF-TRAC-WHITE,Cambodia,Full,XGBoost,4,0,0.8593186736106873,1
1190,PH0547-C,1052-PF-TRAC-WHITE,Cambodia,Full,XGBoost,4,1,0.9753654599189758,1
1191,PH0548-C,1052-PF-TRAC-WHITE,Cambodia,Full,XGBoost,4,1,0.6092617511749268,1
1192,PH0549-C,1052-PF-TRAC-WHITE,Cambodia,Full,XGBoost,4,1,0.46490374207496643,0
1193,PH0551-C,1052-PF-TRAC-WHITE,Cambodia,Full,XGBoost,4,1,0.9302248954772949,1
1194,PH0552-C,1052-PF-TRAC-WHITE,Cambodia,Full,XGBoost,4,1,0.9906274080276489,1
1195,PH0553-C,1052-PF-TRAC-WHITE,Cambodia,Full,XGBoost,4,1,0.8199531435966492,1
1196,PH0554-C,1052-PF-TRAC-WHITE,Cambodia,Full,XGBoost,4,1,0.8240504860877991,1
1197,PH0555-C,1052-PF-TRAC-WHITE,Cambodia,Full,XGBoost,4,0,0.972184419631958,1
1198,PH0556-C,1052-PF-TRAC-WHITE,Cambodia,Full,XGBoost,4,1,0.9757966995239258,1
1199,PH0557-C,1052-PF-TRAC-WHITE,Cambodia,Full,XGBoost,4,0,0.859200119972229,1
1200,PH0558-C,1052-PF-TRAC-WHITE,Cambodia,Full,XGBoost,4,1,0.9754964113235474,1
1201,PH0559-C,1052-PF-TRAC-WHITE,Cambodia,Full,XGBoost,4,1,0.8240504860877991,1
1202,PH0560-C,1052-PF-TRAC-WHITE,Cambodia,Full,XGBoost,4,1,0.8554123640060425,1
1203,PH0561-C,1052-PF-TRAC-WHITE,Cambodia,Full,XGBoost,4,1,0.9770763516426086,1
1204,PH0562-C,1052-PF-TRAC-WHITE,Cambodia,Full,XGBoost,4,1,0.9771026372909546,1
1205,PH0563-C,1052-PF-TRAC-WHITE,Cambodia,Full,XGBoost,4,1,0.9467188715934753,1
1206,PH0564-C,1052-PF-TRAC-WHITE,Cambodia,Full,XGBoost,4,0,0.7580165266990662,1
1207,PH0565-C,1052-PF-TRAC-WHITE,Cambodia,Full,XGBoost,4,1,0.9912363290786743,1
1208,PH0566-C,1052-PF-TRAC-WHITE,Cambodia,Full,XGBoost,4,1,0.9778498411178589,1
1209,PH0568-C,1052-PF-TRAC-WHITE,Cambodia,Full,XGBoost,4,1,0.8012436628341675,1
1210,PH0569-C,1052-PF-TRAC-WHITE,Cambodia,Full,XGBoost,4,0,0.4558325409889221,0
1211,PH0570-C,1052-PF-TRAC-WHITE,Cambodia,Full,XGBoost,4,1,0.992755115032196,1
1212,PH0571-C,1052-PF-TRAC-WHITE,Cambodia,Full,XGBoost,4,0,0.8279533386230469,1
1213,PH0572-C,1052-PF-TRAC-WHITE,Cambodia,Full,XGBoost,4,1,0.978968620300293,1
1214,PH0574-C,1052-PF-TRAC-WHITE,Cambodia,Full,XGBoost,4,0,0.27480608224868774,0
1215,PH0576-C,1052-PF-TRAC-WHITE,Cambodia,Full,XGBoost,4,1,0.7354228496551514,1
1216,PH0578-C,1052-PF-TRAC-WHITE,Cambodia,Full,XGBoost,4,1,0.9914770722389221,1
1217,PH0579-C,1052-PF-TRAC-WHITE,Cambodia,Full,XGBoost,4,1,0.719390869140625,1
1218,PH0582-C,1052-PF-TRAC-WHITE,Cambodia,Full,XGBoost,4,0,0.7767421007156372,1
1219,PH0583-C,1052-PF-TRAC-WHITE,Cambodia,Full,XGBoost,4,1,0.9132415056228638,1
1220,PH0584-C,1052-PF-TRAC-WHITE,Cambodia,Full,XGBoost,4,1,0.9912363290786743,1
1221,PH0585-C,1052-PF-TRAC-WHITE,Cambodia,Full,XGBoost,4,0,0.2796018421649933,0
1222,PH0586-C,1052-PF-TRAC-WHITE,Cambodia,Full,XGBoost,4,1,0.760155439376831,1
1223,PH0587-C,1052-PF-TRAC-WHITE,Cambodia,Full,XGBoost,4,1,0.760155439376831,1
1224,PH0588-C,1052-PF-TRAC-WHITE,Cambodia,Full,XGBoost,4,0,0.04016118496656418,0
1225,PH0589-C,1052-PF-TRAC-WHITE,Cambodia,Full,XGBoost,4,0,0.022770510986447334,0
1226,PH0590-C,1052-PF-TRAC-WHITE,Cambodia,Full,XGBoost,4,0,0.029074983671307564,0
1227,PH0592-C,1052-PF-TRAC-WHITE,Cambodia,Full,XGBoost,4,0,0.5002460479736328,1
1228,PH0593-C,1052-PF-TRAC-WHITE,Cambodia,Full,XGBoost,4,0,0.15431883931159973,0
1229,PH0594-C,1052-PF-TRAC-WHITE,Cambodia,Full,XGBoost,4,0,0.021335631608963013,0
1230,PH0596-C,1052-PF-TRAC-WHITE,Cambodia,Full,XGBoost,4,1,0.4386860728263855,0
1231,PH0597-C,1052-PF-TRAC-WHITE,Cambodia,Full,XGBoost,4,0,0.0563921295106411,0
1232,PH0598-C,1052-PF-TRAC-WHITE,Cambodia,Full,XGBoost,4,0,0.019822822883725166,0
1233,PH0599-C,1052-PF-TRAC-WHITE,Cambodia,Full,XGBoost,4,0,0.059973105788230896,0
1234,PH0600-C,1052-PF-TRAC-WHITE,Cambodia,Full,XGBoost,4,0,0.059973105788230896,0
1235,PH0601-C,1052-PF-TRAC-WHITE,Cambodia,Full,XGBoost,4,0,0.7687522768974304,1
1236,PH0602-C,1052-PF-TRAC-WHITE,Cambodia,Full,XGBoost,4,1,0.5504140853881836,1
1237,PH0603-C,1052-PF-TRAC-WHITE,Cambodia,Full,XGBoost,4,0,0.02605303004384041,0
1238,PH0604-C,1052-PF-TRAC-WHITE,Cambodia,Full,XGBoost,4,0,0.2796018421649933,0
1239,PH0605-C,1052-PF-TRAC-WHITE,Cambodia,Full,XGBoost,4,0,0.8244821429252625,1
1240,PH0608-C,1052-PF-TRAC-WHITE,Cambodia,Full,XGBoost,4,0,0.2153906524181366,0
1241,PH0609-C,1052-PF-TRAC-WHITE,Cambodia,Full,XGBoost,4,0,0.25319167971611023,0
1242,PH0610-C,1052-PF-TRAC-WHITE,Cambodia,Full,XGBoost,4,0,0.0609264001250267,0
1243,PH0611-C,1052-PF-TRAC-WHITE,Cambodia,Full,XGBoost,4,1,0.5193678140640259,1
1244,PH0612-C,1052-PF-TRAC-WHITE,Cambodia,Full,XGBoost,4,0,0.3449000120162964,0
1245,PH0613-C,1052-PF-TRAC-WHITE,Cambodia,Full,XGBoost,4,0,0.06642407923936844,0
1246,PH0614-C,1052-PF-TRAC-WHITE,Cambodia,Full,XGBoost,4,0,0.016968287527561188,0
1247,PH0617-C,1052-PF-TRAC-WHITE,Cambodia,Full,XGBoost,4,0,0.0331529900431633,0
1248,PH0619-C,1052-PF-TRAC-WHITE,Cambodia,Full,XGBoost,4,0,0.0395965501666069,0
1249,PH0621-C,1052-PF-TRAC-WHITE,Cambodia,Full,XGBoost,4,0,0.050123874098062515,0
1250,PH0623-C,1052-PF-TRAC-WHITE,Cambodia,Full,XGBoost,4,0,0.026586154475808144,0
1251,PH0624-C,1052-PF-TRAC-WHITE,Cambodia,Full,XGBoost,4,0,0.030225073918700218,0
1252,PH0625-C,1052-PF-TRAC-WHITE,Cambodia,Full,XGBoost,4,0,0.04469965025782585,0
1253,PH0626-C,1052-PF-TRAC-WHITE,Cambodia,Full,XGBoost,4,0,0.10229669511318207,0
1254,PH0627-C,1052-PF-TRAC-WHITE,Cambodia,Full,XGBoost,4,0,0.014890855178236961,0
1255,PH0628-C,1052-PF-TRAC-WHITE,Cambodia,Full,XGBoost,4,0,0.014890855178236961,0
1256,PH0629-C,1052-PF-TRAC-WHITE,Cambodia,Full,XGBoost,4,0,0.030445601791143417,0
1257,PH0630-C,1052-PF-TRAC-WHITE,Cambodia,Full,XGBoost,4,0,0.0331529900431633,0
1258,PH0631-C,1052-PF-TRAC-WHITE,Cambodia,Full,XGBoost,4,0,0.031503964215517044,0
1259,PH0632-C,1052-PF-TRAC-WHITE,Cambodia,Full,XGBoost,4,0,0.027378391474485397,0
1260,PH0633-C,1052-PF-TRAC-WHITE,Cambodia,Full,XGBoost,4,0,0.09038063883781433,0
1261,PH0634-C,1052-PF-TRAC-WHITE,Cambodia,Full,XGBoost,4,0,0.018570391461253166,0
1262,PH0635-C,1052-PF-TRAC-WHITE,Cambodia,Full,XGBoost,4,0,0.07027575373649597,0
1263,PH0636-C,1052-PF-TRAC-WHITE,Cambodia,Full,XGBoost,4,0,0.19418612122535706,0
1264,PH0637-C,1052-PF-TRAC-WHITE,Cambodia,Full,XGBoost,4,0,0.030595840886235237,0
1265,PH0639-C,1052-PF-TRAC-WHITE,Cambodia,Full,XGBoost,4,0,0.09038063883781433,0
1266,PH0640-C,1052-PF-TRAC-WHITE,Cambodia,Full,XGBoost,4,0,0.05256742984056473,0
1267,PH0641-C,1052-PF-TRAC-WHITE,Cambodia,Full,XGBoost,4,0,0.03849777206778526,0
1268,PH0642-C,1052-PF-TRAC-WHITE,Cambodia,Full,XGBoost,4,0,0.024098195135593414,0
1269,PH0643-C,1052-PF-TRAC-WHITE,Cambodia,Full,XGBoost,4,0,0.02463790588080883,0
1270,PH0644-C,1052-PF-TRAC-WHITE,Cambodia,Full,XGBoost,4,0,0.036224376410245895,0
1271,PH0645-C,1052-PF-TRAC-WHITE,Cambodia,Full,XGBoost,4,0,0.02031702920794487,0
1272,PH0646-C,1052-PF-TRAC-WHITE,Cambodia,Full,XGBoost,4,0,0.01691415160894394,0
1273,PH0647-C,1052-PF-TRAC-WHITE,Cambodia,Full,XGBoost,4,0,0.022770510986447334,0
1274,PH0648-C,1052-PF-TRAC-WHITE,Cambodia,Full,XGBoost,4,0,0.04038409888744354,0
1275,PH0650-C,1052-PF-TRAC-WHITE,Cambodia,Full,XGBoost,4,0,0.04974930360913277,0
1276,PH0651-C,1052-PF-TRAC-WHITE,Cambodia,Full,XGBoost,4,0,0.022458277642726898,0
1277,PH0676-C,1052-PF-TRAC-WHITE,Cambodia,Full,XGBoost,4,1,0.9912363290786743,1
1278,PH0677-C,1052-PF-TRAC-WHITE,Cambodia,Full,XGBoost,4,1,0.8851491212844849,1
1279,PH0678-C,1052-PF-TRAC-WHITE,Cambodia,Full,XGBoost,4,0,0.7107875943183899,1
1280,PH0679-C,1052-PF-TRAC-WHITE,Cambodia,Full,XGBoost,4,0,0.6465761065483093,1
1281,PH0680-C,1052-PF-TRAC-WHITE,Cambodia,Full,XGBoost,4,1,0.9869334697723389,1
1282,PH0681-C,1052-PF-TRAC-WHITE,Cambodia,Full,XGBoost,4,1,0.8686327338218689,1
1283,PH0682-C,1052-PF-TRAC-WHITE,Cambodia,Full,XGBoost,4,1,0.9906274080276489,1
1284,PH0683-C,1052-PF-TRAC-WHITE,Cambodia,Full,XGBoost,4,1,0.9462833404541016,1
1285,PH0684-C,1052-PF-TRAC-WHITE,Cambodia,Full,XGBoost,4,1,0.9842008948326111,1
1286,PH0685-C,1052-PF-TRAC-WHITE,Cambodia,Full,XGBoost,4,1,0.9084556698799133,1
1287,PH0686-C,1052-PF-TRAC-WHITE,Cambodia,Full,XGBoost,4,1,0.9897214770317078,1
1288,PH0687-C,1052-PF-TRAC-WHITE,Cambodia,Full,XGBoost,4,1,0.8443911671638489,1
1289,PH0692-C,1052-PF-TRAC-WHITE,Cambodia,Full,XGBoost,4,1,0.9908475875854492,1
1290,PH0694-C,1052-PF-TRAC-WHITE,Cambodia,Full,XGBoost,4,1,0.9906274080276489,1
1291,PH0695-C,1052-PF-TRAC-WHITE,Cambodia,Full,XGBoost,4,1,0.9815177321434021,1
1292,PH0696-C,1052-PF-TRAC-WHITE,Cambodia,Full,XGBoost,4,1,0.8452924489974976,1
1293,PH0697-C,1052-PF-TRAC-WHITE,Cambodia,Full,XGBoost,4,1,0.8870455622673035,1
1294,PH0698-C,1052-PF-TRAC-WHITE,Cambodia,Full,XGBoost,4,0,0.2468116581439972,0
1295,PH0700-C,1052-PF-TRAC-WHITE,Cambodia,Full,XGBoost,4,1,0.7878572940826416,1
1296,PH0701-C,1052-PF-TRAC-WHITE,Cambodia,Full,XGBoost,4,1,0.6691041588783264,1
1297,PH0702-C,1052-PF-TRAC-WHITE,Cambodia,Full,XGBoost,4,1,0.9597998261451721,1
1298,PH0703-C,1052-PF-TRAC-WHITE,Cambodia,Full,XGBoost,4,1,0.7158114910125732,1
1299,PH0704-C,1052-PF-TRAC-WHITE,Cambodia,Full,XGBoost,4,0,0.34940993785858154,0
1300,PH0706-C,1052-PF-TRAC-WHITE,Cambodia,Full,XGBoost,4,1,0.9680357575416565,1
1301,PH0707-C,1052-PF-TRAC-WHITE,Cambodia,Full,XGBoost,4,1,0.519049346446991,1
1302,PH0708-C,1052-PF-TRAC-WHITE,Cambodia,Full,XGBoost,4,1,0.8184081315994263,1
1303,PH0709-C,1052-PF-TRAC-WHITE,Cambodia,Full,XGBoost,4,0,0.8586323261260986,1
1304,PH0712-C,1052-PF-TRAC-WHITE,Cambodia,Full,XGBoost,4,1,0.9915701150894165,1
1305,PH0715-C,1052-PF-TRAC-WHITE,Cambodia,Full,XGBoost,4,1,0.9234532713890076,1
1306,PH0716-C,1052-PF-TRAC-WHITE,Cambodia,Full,XGBoost,4,1,0.992755115032196,1
1307,PH0717-C,1052-PF-TRAC-WHITE,Cambodia,Full,XGBoost,4,0,0.3077956736087799,0
1308,PH0718-C,1052-PF-TRAC-WHITE,Cambodia,Full,XGBoost,4,1,0.664350688457489,1
1309,PH0719-C,1052-PF-TRAC-WHITE,Cambodia,Full,XGBoost,4,1,0.8240504860877991,1
1310,PH0722-C,1052-PF-TRAC-WHITE,Cambodia,Full,XGBoost,4,1,0.8199531435966492,1
1311,PH0723-C,1052-PF-TRAC-WHITE,Cambodia,Full,XGBoost,4,1,0.9908475875854492,1
1312,PH0725-C,1052-PF-TRAC-WHITE,Cambodia,Full,XGBoost,4,0,0.2040330022573471,0
1313,PH0727-C,1052-PF-TRAC-WHITE,Cambodia,Full,XGBoost,4,0,0.0641179010272026,0
1314,PH0728-C,1052-PF-TRAC-WHITE,Cambodia,Full,XGBoost,4,1,0.7979834675788879,1
1315,PH0729-C,1052-PF-TRAC-WHITE,Cambodia,Full,XGBoost,4,0,0.3427715003490448,0
1316,PH0730-C,1052-PF-TRAC-WHITE,Cambodia,Full,XGBoost,4,0,0.2999672293663025,0
1317,PH0731-C,1052-PF-TRAC-WHITE,Cambodia,Full,XGBoost,4,1,0.8443911671638489,1
1318,PH0732-C,1052-PF-TRAC-WHITE,Cambodia,Full,XGBoost,4,0,0.2796018421649933,0
1319,PH0734-C,1052-PF-TRAC-WHITE,Cambodia,Full,XGBoost,4,0,0.027948807924985886,0
1320,PH0736-C,1052-PF-TRAC-WHITE,Cambodia,Full,XGBoost,4,0,0.02775467000901699,0
1321,PH0737-C,1052-PF-TRAC-WHITE,Cambodia,Full,XGBoost,4,0,0.02348083257675171,0
1322,PH0738-C,1052-PF-TRAC-WHITE,Cambodia,Full,XGBoost,4,1,0.8589805364608765,1
1323,PH0739-C,1052-PF-TRAC-WHITE,Cambodia,Full,XGBoost,4,0,0.36829695105552673,0
1324,PH0742-C,1052-PF-TRAC-WHITE,Cambodia,Full,XGBoost,4,0,0.8019372224807739,1
1325,PH0743-C,1052-PF-TRAC-WHITE,Cambodia,Full,XGBoost,4,0,0.772695779800415,1
1326,PH0744-C,1052-PF-TRAC-WHITE,Cambodia,Full,XGBoost,4,0,0.09363742172718048,0
1327,PH0745-C,1052-PF-TRAC-WHITE,Cambodia,Full,XGBoost,4,1,0.8426762819290161,1
1328,PH0746-C,1052-PF-TRAC-WHITE,Cambodia,Full,XGBoost,4,0,0.10782317072153091,0
1329,PH0747-Cx,1052-PF-TRAC-WHITE,Cambodia,Full,XGBoost,4,0,0.03817879036068916,0
1330,PH0749-C,1052-PF-TRAC-WHITE,Cambodia,Full,XGBoost,4,0,0.06528043001890182,0
1331,PH0750-Cx,1052-PF-TRAC-WHITE,Cambodia,Full,XGBoost,4,0,0.07571573555469513,0
1332,PH0752-C,1052-PF-TRAC-WHITE,Cambodia,Full,XGBoost,4,0,0.2750685214996338,0
1333,PH0753-Cx,1052-PF-TRAC-WHITE,Cambodia,Full,XGBoost,4,1,0.7171193361282349,1
1334,PH0754-C,1052-PF-TRAC-WHITE,Cambodia,Full,XGBoost,4,0,0.05997014790773392,0
1335,PH0755-C,1052-PF-TRAC-WHITE,Cambodia,Full,XGBoost,4,1,0.751845121383667,1
1336,PH0756-Cx,1052-PF-TRAC-WHITE,Cambodia,Full,XGBoost,4,0,0.1619362086057663,0
1337,PH0757-C,1052-PF-TRAC-WHITE,Cambodia,Full,XGBoost,4,1,0.7979834675788879,1
1338,PH0758-C,1052-PF-TRAC-WHITE,Cambodia,Full,XGBoost,4,0,0.5711807012557983,1
1339,PH0759-C,1052-PF-TRAC-WHITE,Cambodia,Full,XGBoost,4,0,0.38958123326301575,0
1340,PH0760-C,1052-PF-TRAC-WHITE,Cambodia,Full,XGBoost,4,0,0.021208610385656357,0
1341,PH0761-C,1052-PF-TRAC-WHITE,Cambodia,Full,XGBoost,4,0,0.0609264001250267,0
1342,PH0762-Cx,1052-PF-TRAC-WHITE,Cambodia,Full,XGBoost,4,0,0.6381285190582275,1
1343,PH0763-C,1052-PF-TRAC-WHITE,Cambodia,Full,XGBoost,4,0,0.533811628818512,1
1344,PH0764-C,1052-PF-TRAC-WHITE,Cambodia,Full,XGBoost,4,0,0.02238241210579872,0
1345,PH0765-C,1052-PF-TRAC-WHITE,Cambodia,Full,XGBoost,4,0,0.15803998708724976,0
1346,PH0766-Cx,1052-PF-TRAC-WHITE,Cambodia,Full,XGBoost,4,0,0.021363534033298492,0
1347,PH0767-C,1052-PF-TRAC-WHITE,Cambodia,Full,XGBoost,4,0,0.019130630418658257,0
1348,PH0768-C,1052-PF-TRAC-WHITE,Cambodia,Full,XGBoost,4,0,0.01551162637770176,0
1349,PH0769-C,1052-PF-TRAC-WHITE,Cambodia,Full,XGBoost,4,0,0.027486536651849747,0
1350,PH0770-C,1052-PF-TRAC-WHITE,Cambodia,Full,XGBoost,4,0,0.29833751916885376,0
1351,PH0772-C,1052-PF-TRAC-WHITE,Cambodia,Full,XGBoost,4,0,0.07034467160701752,0
1352,PH0773-Cx,1052-PF-TRAC-WHITE,Cambodia,Full,XGBoost,4,0,0.15803998708724976,0
1353,PH0774-C,1052-PF-TRAC-WHITE,Cambodia,Full,XGBoost,4,0,0.029521694406867027,0
1354,PH0775-Cx,1052-PF-TRAC-WHITE,Cambodia,Full,XGBoost,4,0,0.12195836007595062,0
1355,PH0776-C,1052-PF-TRAC-WHITE,Cambodia,Full,XGBoost,4,0,0.03807319700717926,0
1356,PH0777-C,1052-PF-TRAC-WHITE,Cambodia,Full,XGBoost,4,0,0.014268568716943264,0
1357,PH0778-C,1052-PF-TRAC-WHITE,Cambodia,Full,XGBoost,4,0,0.02876497060060501,0
1358,PH0779-Cx,1052-PF-TRAC-WHITE,Cambodia,Full,XGBoost,4,0,0.027589714154601097,0
1359,PH0780-C,1052-PF-TRAC-WHITE,Cambodia,Full,XGBoost,4,0,0.03194092959165573,0
1360,PH0782-C,1052-PF-TRAC-WHITE,Cambodia,Full,XGBoost,4,0,0.09232800453901291,0
1361,PH0783-C,1052-PF-TRAC-WHITE,Cambodia,Full,XGBoost,4,0,0.05397525057196617,0
1362,PH0784-C,1052-PF-TRAC-WHITE,Cambodia,Full,XGBoost,4,1,0.05542296543717384,0
1363,PH0785-Cx,1052-PF-TRAC-WHITE,Cambodia,Full,XGBoost,4,0,0.025864247232675552,0
1364,PH0786-Cx,1052-PF-TRAC-WHITE,Cambodia,Full,XGBoost,4,1,0.043298568576574326,0
1365,PH0788-C,1052-PF-TRAC-WHITE,Cambodia,Full,XGBoost,4,0,0.18466542661190033,0
1366,PH0789-C,1052-PF-TRAC-WHITE,Cambodia,Full,XGBoost,4,0,0.03959709405899048,0
1367,PH0790-C,1052-PF-TRAC-WHITE,Cambodia,Full,XGBoost,4,0,0.025502676144242287,0
1368,PH0793-C,1052-PF-TRAC-WHITE,Cambodia,Full,XGBoost,4,0,0.07797229290008545,0
1369,PH0794-C,1052-PF-TRAC-WHITE,Cambodia,Full,XGBoost,4,0,0.04155118390917778,0
1370,PH0795-C,1052-PF-TRAC-WHITE,Cambodia,Full,XGBoost,4,0,0.026887359097599983,0
1371,PH0797-C,1052-PF-TRAC-WHITE,Cambodia,Full,XGBoost,4,0,0.042699407786130905,0
1372,PH0800-C,1052-PF-TRAC-WHITE,Cambodia,Full,XGBoost,4,0,0.026040928438305855,0
1373,PH0801-C,1052-PF-TRAC-WHITE,Cambodia,Full,XGBoost,4,0,0.025864247232675552,0
1374,PH0802-C,1052-PF-TRAC-WHITE,Cambodia,Full,XGBoost,4,0,0.026529857888817787,0
1375,PH0805-C,1052-PF-TRAC-WHITE,Cambodia,Full,XGBoost,4,0,0.031029339879751205,0
1376,PH0807-C,1052-PF-TRAC-WHITE,Cambodia,Full,XGBoost,4,0,0.025737252086400986,0
1377,PH0810-C,1052-PF-TRAC-WHITE,Cambodia,Full,XGBoost,4,0,0.029466334730386734,0
1378,PH0811-C,1052-PF-TRAC-WHITE,Cambodia,Full,XGBoost,4,0,0.01789809949696064,0
1379,PH0813-C,1052-PF-TRAC-WHITE,Cambodia,Full,XGBoost,4,0,0.02340814098715782,0
1380,PH0814-Cx,1052-PF-TRAC-WHITE,Cambodia,Full,XGBoost,4,0,0.14737820625305176,0
1381,PH0815-C,1052-PF-TRAC-WHITE,Cambodia,Full,XGBoost,4,0,0.01985285058617592,0
1382,PH0817-C,1052-PF-TRAC-WHITE,Cambodia,Full,XGBoost,4,1,0.7448088526725769,1
1383,PH0818-C,1052-PF-TRAC-WHITE,Cambodia,Full,XGBoost,4,1,0.9860364198684692,1
1384,PH0819-C,1052-PF-TRAC-WHITE,Cambodia,Full,XGBoost,4,1,0.9527446627616882,1
1385,PH0820-C,1052-PF-TRAC-WHITE,Cambodia,Full,XGBoost,4,1,0.9527446627616882,1
1386,PH0821-C,1052-PF-TRAC-WHITE,Cambodia,Full,XGBoost,4,1,0.8809242248535156,1
1387,PH0822-C,1052-PF-TRAC-WHITE,Cambodia,Full,XGBoost,4,1,0.9914770722389221,1
1388,PH0823-C,1052-PF-TRAC-WHITE,Cambodia,Full,XGBoost,4,1,0.9527446627616882,1
1389,PH0824-C,1052-PF-TRAC-WHITE,Cambodia,Full,XGBoost,4,1,0.9881398677825928,1
1390,PH0825-C,1052-PF-TRAC-WHITE,Cambodia,Full,XGBoost,4,1,0.9922193288803101,1
1391,PH0826-C,1052-PF-TRAC-WHITE,Cambodia,Full,XGBoost,4,1,0.9858376383781433,1
1392,PH0828-C,1052-PF-TRAC-WHITE,Cambodia,Full,XGBoost,4,1,0.9537526965141296,1
1393,PH0829-C,1052-PF-TRAC-WHITE,Cambodia,Full,XGBoost,4,1,0.9910092353820801,1
1394,PH0830-C,1052-PF-TRAC-WHITE,Cambodia,Full,XGBoost,4,1,0.8639812469482422,1
1395,PH0831-C,1052-PF-TRAC-WHITE,Cambodia,Full,XGBoost,4,1,0.9913010001182556,1
1396,PH0832-C,1052-PF-TRAC-WHITE,Cambodia,Full,XGBoost,4,1,0.6516228318214417,1
1397,PH0833-C,1052-PF-TRAC-WHITE,Cambodia,Full,XGBoost,4,1,0.9858376383781433,1
1398,PH0834-C,1052-PF-TRAC-WHITE,Cambodia,Full,XGBoost,4,1,0.580342710018158,1
1399,PH0835-C,1052-PF-TRAC-WHITE,Cambodia,Full,XGBoost,4,1,0.9906274080276489,1
1400,PH0836-C,1052-PF-TRAC-WHITE,Cambodia,Full,XGBoost,4,1,0.7705940008163452,1
1401,PH0837-C,1052-PF-TRAC-WHITE,Cambodia,Full,XGBoost,4,1,0.9858376383781433,1
1402,PH0838-C,1052-PF-TRAC-WHITE,Cambodia,Full,XGBoost,4,1,0.9868436455726624,1
1403,PH0839-C,1052-PF-TRAC-WHITE,Cambodia,Full,XGBoost,4,1,0.9527446627616882,1
1404,PH0840-C,1052-PF-TRAC-WHITE,Cambodia,Full,XGBoost,4,1,0.9527446627616882,1
1405,PH0841-C,1052-PF-TRAC-WHITE,Cambodia,Full,XGBoost,4,1,0.9888939261436462,1
1406,PH0842-C,1052-PF-TRAC-WHITE,Cambodia,Full,XGBoost,4,1,0.907470166683197,1
1407,PH0843-C,1052-PF-TRAC-WHITE,Cambodia,Full,XGBoost,4,1,0.6828483939170837,1
1408,PH0844-C,1052-PF-TRAC-WHITE,Cambodia,Full,XGBoost,4,1,0.8999451994895935,1
1409,PH0845-C,1052-PF-TRAC-WHITE,Cambodia,Full,XGBoost,4,1,0.9894264936447144,1
1410,PH0846-C,1052-PF-TRAC-WHITE,Cambodia,Full,XGBoost,4,1,0.9906274080276489,1
1411,PH0847-C,1052-PF-TRAC-WHITE,Cambodia,Full,XGBoost,4,1,0.985941469669342,1
1412,PH0848-C,1052-PF-TRAC-WHITE,Cambodia,Full,XGBoost,4,0,0.024253472685813904,0
1413,PH0849-C,1052-PF-TRAC-WHITE,Cambodia,Full,XGBoost,4,0,0.03587296977639198,0
1414,PH0850-C,1052-PF-TRAC-WHITE,Cambodia,Full,XGBoost,4,1,0.9875325560569763,1
1415,PH0851-C,1052-PF-TRAC-WHITE,Cambodia,Full,XGBoost,4,1,0.9914770722389221,1
1416,PH0852-C,1052-PF-TRAC-WHITE,Cambodia,Full,XGBoost,4,1,0.8275434970855713,1
1417,PH0853-C,1052-PF-TRAC-WHITE,Cambodia,Full,XGBoost,4,1,0.8275434970855713,1
1418,PH0854-C,1052-PF-TRAC-WHITE,Cambodia,Full,XGBoost,4,1,0.9858376383781433,1
1419,PH0855-C,1052-PF-TRAC-WHITE,Cambodia,Full,XGBoost,4,1,0.9858376383781433,1
1420,PH0856-C,1052-PF-TRAC-WHITE,Cambodia,Full,XGBoost,4,1,0.18262086808681488,0
1421,PH0858-C,1052-PF-TRAC-WHITE,Cambodia,Full,XGBoost,4,1,0.9858376383781433,1
1422,PH0860-Cx,1052-PF-TRAC-WHITE,Cambodia,Full,XGBoost,4,1,0.9581559300422668,1
1423,PH0863-Cx,1052-PF-TRAC-WHITE,Cambodia,Full,XGBoost,4,0,0.8668349385261536,1
1424,PH0865-C,1052-PF-TRAC-WHITE,Cambodia,Full,XGBoost,4,0,0.06058547645807266,0
1425,PH0866-C,1052-PF-TRAC-WHITE,Cambodia,Full,XGBoost,4,0,0.05894671007990837,0
1426,PH0868-Cx,1052-PF-TRAC-WHITE,Cambodia,Full,XGBoost,4,1,0.9940189123153687,1
1427,PH0870-C,1052-PF-TRAC-WHITE,Cambodia,Full,XGBoost,4,1,0.9909018278121948,1
1428,PH0871-C,1052-PF-TRAC-WHITE,Cambodia,Full,XGBoost,4,0,0.8622865676879883,1
1429,PH0872-C,1052-PF-TRAC-WHITE,Cambodia,Full,XGBoost,4,0,0.2489992082118988,0
1430,PH0873-Cx,1052-PF-TRAC-WHITE,Cambodia,Full,XGBoost,4,0,0.9395111203193665,1
1431,PH0874-Cx,1052-PF-TRAC-WHITE,Cambodia,Full,XGBoost,4,1,0.9940189123153687,1
1432,PH0875-C,1052-PF-TRAC-WHITE,Cambodia,Full,XGBoost,4,0,0.24995256960391998,0
1433,PH0876-C,1052-PF-TRAC-WHITE,Cambodia,Full,XGBoost,4,0,0.040272098034620285,0
1434,PH0877-C,1052-PF-TRAC-WHITE,Cambodia,Full,XGBoost,4,0,0.1788073629140854,0
1435,PH0878-C,1052-PF-TRAC-WHITE,Cambodia,Full,XGBoost,4,0,0.1660996973514557,0
1436,PH0879-C,1052-PF-TRAC-WHITE,Cambodia,Full,XGBoost,4,0,0.08884323388338089,0
1437,PH0880-C,1052-PF-TRAC-WHITE,Cambodia,Full,XGBoost,4,0,0.0223047137260437,0
1438,PH0882-C,1052-PF-TRAC-WHITE,Cambodia,Full,XGBoost,4,0,0.023371506482362747,0
1439,PH0885-Cx,1052-PF-TRAC-WHITE,Cambodia,Full,XGBoost,4,0,0.18053370714187622,0
1440,PH0886-C,1052-PF-TRAC-WHITE,Cambodia,Full,XGBoost,4,1,0.9858376383781433,1
1441,PH0887-C,1052-PF-TRAC-WHITE,Cambodia,Full,XGBoost,4,1,0.8072900176048279,1
1442,PH0888-C,1052-PF-TRAC-WHITE,Cambodia,Full,XGBoost,4,1,0.9912363290786743,1
1443,PH0889-C,1052-PF-TRAC-WHITE,Cambodia,Full,XGBoost,4,1,0.9858376383781433,1
1444,PH0890-C,1052-PF-TRAC-WHITE,Cambodia,Full,XGBoost,4,1,0.9913010001182556,1
1445,PH0891-Cx,1052-PF-TRAC-WHITE,Cambodia,Full,XGBoost,4,1,0.9914398193359375,1
1446,PH0894-C,1052-PF-TRAC-WHITE,Cambodia,Full,XGBoost,4,1,0.884082019329071,1
1447,PH0895-C,1052-PF-TRAC-WHITE,Cambodia,Full,XGBoost,4,0,0.9386540055274963,1
1448,PH0896-C,1052-PF-TRAC-WHITE,Cambodia,Full,XGBoost,4,1,0.9894095659255981,1
1449,PH0898-C,1052-PF-TRAC-WHITE,Cambodia,Full,XGBoost,4,0,0.6024765968322754,1
1450,PH0899-C,1052-PF-TRAC-WHITE,Cambodia,Full,XGBoost,4,1,0.9926038384437561,1
1451,PH0900-C,1052-PF-TRAC-WHITE,Cambodia,Full,XGBoost,4,1,0.9926038384437561,1
1452,PH0901-C,1052-PF-TRAC-WHITE,Cambodia,Full,XGBoost,4,1,0.9909104704856873,1
1453,PH0902-C,1052-PF-TRAC-WHITE,Cambodia,Full,XGBoost,4,1,0.9639040231704712,1
1454,PH0903-C,1052-PF-TRAC-WHITE,Cambodia,Full,XGBoost,4,1,0.9710745215415955,1
1455,PH0904-C,1052-PF-TRAC-WHITE,Cambodia,Full,XGBoost,4,1,0.9926038384437561,1
1456,PH0905-C,1052-PF-TRAC-WHITE,Cambodia,Full,XGBoost,4,0,0.772193193435669,1
1457,PH0906-C,1052-PF-TRAC-WHITE,Cambodia,Full,XGBoost,4,1,0.9834239482879639,1
1458,PH0907-C,1052-PF-TRAC-WHITE,Cambodia,Full,XGBoost,4,1,0.9926038384437561,1
1459,PH0908-C,1052-PF-TRAC-WHITE,Cambodia,Full,XGBoost,4,1,0.9926038384437561,1
1460,PH0909-C,1052-PF-TRAC-WHITE,Cambodia,Full,XGBoost,4,1,0.9197256565093994,1
1461,PH0910-C,1052-PF-TRAC-WHITE,Cambodia,Full,XGBoost,4,1,0.9925939440727234,1
1462,PH0911-Cx,1052-PF-TRAC-WHITE,Cambodia,Full,XGBoost,4,1,0.9885154366493225,1
1463,PH0912-C,1052-PF-TRAC-WHITE,Cambodia,Full,XGBoost,4,1,0.9926038384437561,1
1464,PH0915-C,1052-PF-TRAC-WHITE,Cambodia,Full,XGBoost,4,1,0.9926038384437561,1
1465,PH0916-C,1052-PF-TRAC-WHITE,Cambodia,Full,XGBoost,4,1,0.9922043085098267,1
1466,PH0917-Cx,1052-PF-TRAC-WHITE,Cambodia,Full,XGBoost,4,0,0.5278297662734985,1
1467,PH0918-Cx,1052-PF-TRAC-WHITE,Cambodia,Full,XGBoost,4,0,0.6054873466491699,1
1468,PH0920-Cx,1052-PF-TRAC-WHITE,Cambodia,Full,XGBoost,4,1,0.8038806319236755,1
1469,PH0921-C,1052-PF-TRAC-WHITE,Cambodia,Full,XGBoost,4,0,0.6972141861915588,1
1470,PH0923-Cx,1052-PF-TRAC-WHITE,Cambodia,Full,XGBoost,4,0,0.26543307304382324,0
1471,PH0924-C,1052-PF-TRAC-WHITE,Cambodia,Full,XGBoost,4,0,0.24004162847995758,0
1472,PH0925-C,1052-PF-TRAC-WHITE,Cambodia,Full,XGBoost,4,0,0.2534698247909546,0
1473,PH0926-C,1052-PF-TRAC-WHITE,Cambodia,Full,XGBoost,4,0,0.17921508848667145,0
1474,PH0927-C,1052-PF-TRAC-WHITE,Cambodia,Full,XGBoost,4,0,0.02240143157541752,0
1475,PH0928-C,1052-PF-TRAC-WHITE,Cambodia,Full,XGBoost,4,0,0.07918757945299149,0
1476,PH0929-C,1052-PF-TRAC-WHITE,Cambodia,Full,XGBoost,4,0,0.2548300623893738,0
1477,PH0930-Cx,1052-PF-TRAC-WHITE,Cambodia,Full,XGBoost,4,0,0.05927600711584091,0
1478,PH0931-C,1052-PF-TRAC-WHITE,Cambodia,Full,XGBoost,4,0,0.17649558186531067,0
1479,PH0932-C,1052-PF-TRAC-WHITE,Cambodia,Full,XGBoost,4,0,0.025616269558668137,0
1480,PH0933-C,1052-PF-TRAC-WHITE,Cambodia,Full,XGBoost,4,0,0.07144999504089355,0
1481,PH0935-C,1052-PF-TRAC-WHITE,Cambodia,Full,XGBoost,4,0,0.023290595039725304,0
1482,PH0936-C,1052-PF-TRAC-WHITE,Cambodia,Full,XGBoost,4,0,0.0223047137260437,0
1483,PH0937-C,1052-PF-TRAC-WHITE,Cambodia,Full,XGBoost,4,0,0.02601613663136959,0
1484,PH0938-C,1052-PF-TRAC-WHITE,Cambodia,Full,XGBoost,4,0,0.014956356026232243,0
1485,PH0939-C,1052-PF-TRAC-WHITE,Cambodia,Full,XGBoost,4,0,0.02688748575747013,0
1486,PH0940-Cx,1052-PF-TRAC-WHITE,Cambodia,Full,XGBoost,4,0,0.03569544479250908,0
1487,PH0941-C,1052-PF-TRAC-WHITE,Cambodia,Full,XGBoost,4,0,0.01532378513365984,0
1488,PH0942-Cx,1052-PF-TRAC-WHITE,Cambodia,Full,XGBoost,4,0,0.03056967444717884,0
1501,PH0976-C,1052-PF-TRAC-WHITE,Cambodia,Full,XGBoost,4,0,0.11731219291687012,0
1502,PH0979-C,1052-PF-TRAC-WHITE,Cambodia,Full,XGBoost,4,0,0.21470700204372406,0
1503,PH0980-C,1052-PF-TRAC-WHITE,Cambodia,Full,XGBoost,4,0,0.037987176328897476,0
1504,PH0981-C,1052-PF-TRAC-WHITE,Cambodia,Full,XGBoost,4,0,0.18256650865077972,0
1505,PH0982-C,1052-PF-TRAC-WHITE,Cambodia,Full,XGBoost,4,0,0.8187180161476135,1
1506,PH0983-C,1052-PF-TRAC-WHITE,Cambodia,Full,XGBoost,4,0,0.24004162847995758,0
1507,PH0984-C,1052-PF-TRAC-WHITE,Cambodia,Full,XGBoost,4,0,0.44822221994400024,0
1508,PH0985-C,1052-PF-TRAC-WHITE,Cambodia,Full,XGBoost,4,0,0.8676025867462158,1
1509,PH0986-C,1052-PF-TRAC-WHITE,Cambodia,Full,XGBoost,4,1,0.8720056414604187,1
1510,PH0987-C,1052-PF-TRAC-WHITE,Cambodia,Full,XGBoost,4,1,0.8688473105430603,1
1511,PH0991-C,1052-PF-TRAC-WHITE,Cambodia,Full,XGBoost,4,1,0.9926038384437561,1
1512,PH0994-C,1052-PF-TRAC-WHITE,Cambodia,Full,XGBoost,4,1,0.992435872554779,1
1513,PH0996-C,1052-PF-TRAC-WHITE,Cambodia,Full,XGBoost,4,1,0.992435872554779,1
1514,PH0997-C,1052-PF-TRAC-WHITE,Cambodia,Full,XGBoost,4,1,0.9927946925163269,1
1515,PH0999-C,1052-PF-TRAC-WHITE,Cambodia,Full,XGBoost,4,1,0.9919440746307373,1
1516,PH1000-C,1052-PF-TRAC-WHITE,Cambodia,Full,XGBoost,4,0,0.18958134949207306,0
1517,PH1001-C,1052-PF-TRAC-WHITE,Cambodia,Full,XGBoost,4,1,0.9926584362983704,1
1518,PH1002-C,1052-PF-TRAC-WHITE,Cambodia,Full,XGBoost,4,1,0.9926038384437561,1
1519,PH1003-C,1052-PF-TRAC-WHITE,Cambodia,Full,XGBoost,4,1,0.9926753640174866,1
1520,PH1007-C,1052-PF-TRAC-WHITE,Cambodia,Full,XGBoost,4,0,0.12796878814697266,0
1543,PH1136-C,1052-PF-TRAC-WHITE,Cambodia,Full,XGBoost,4,1,0.9711360335350037,1
1544,PH1137-C,1052-PF-TRAC-WHITE,Cambodia,Full,XGBoost,4,0,0.9388371706008911,1
1545,PH1138-C,1052-PF-TRAC-WHITE,Cambodia,Full,XGBoost,4,0,0.8714308738708496,1
1875,PV0244-C,1052-PF-TRAC-WHITE,Vietnam,Full,XGBoost,4,1,0.6348862648010254,1
1876,PV0245-Cx2,1052-PF-TRAC-WHITE,Vietnam,Full,XGBoost,4,0,0.054419852793216705,0
1877,PV0246-C,1052-PF-TRAC-WHITE,Vietnam,Full,XGBoost,4,1,0.3519406020641327,0
1878,PV0247-Cx2,1052-PF-TRAC-WHITE,Vietnam,Full,XGBoost,4,0,0.09916730225086212,0
1879,PV0248-C,1052-PF-TRAC-WHITE,Vietnam,Full,XGBoost,4,0,0.04108838364481926,0
1880,PV0249-Cx,1052-PF-TRAC-WHITE,Vietnam,Full,XGBoost,4,0,0.06438736617565155,0
1881,PV0250-C,1052-PF-TRAC-WHITE,Vietnam,Full,XGBoost,4,0,0.06324752420186996,0
1882,PV0251-C,1052-PF-TRAC-WHITE,Vietnam,Full,XGBoost,4,1,0.5383801460266113,1
1883,PV0252-C,1052-PF-TRAC-WHITE,Vietnam,Full,XGBoost,4,0,0.028019433841109276,0
1884,PV0254-C,1052-PF-TRAC-WHITE,Vietnam,Full,XGBoost,4,0,0.09106545895338058,0
1885,PV0256-C,1052-PF-TRAC-WHITE,Vietnam,Full,XGBoost,4,0,0.013555006124079227,0
1886,PV0257-C,1052-PF-TRAC-WHITE,Vietnam,Full,XGBoost,4,0,0.023026050999760628,0
1887,PV0258-C,1052-PF-TRAC-WHITE,Vietnam,Full,XGBoost,4,0,0.08111774176359177,0
1888,PV0259-C,1052-PF-TRAC-WHITE,Vietnam,Full,XGBoost,4,1,0.5504140853881836,1
1889,PV0261-C,1052-PF-TRAC-WHITE,Vietnam,Full,XGBoost,4,0,0.15705682337284088,0
1890,PV0262-C,1052-PF-TRAC-WHITE,Vietnam,Full,XGBoost,4,1,0.8275434970855713,1
1891,PV0263-C,1052-PF-TRAC-WHITE,Vietnam,Full,XGBoost,4,0,0.06262582540512085,0
1892,PV0265-C,1052-PF-TRAC-WHITE,Vietnam,Full,XGBoost,4,0,0.08809088170528412,0
1893,PV0266-C,1052-PF-TRAC-WHITE,Vietnam,Full,XGBoost,4,1,0.7504281401634216,1
1894,PV0267-C,1052-PF-TRAC-WHITE,Vietnam,Full,XGBoost,4,1,0.32882848381996155,0
1895,PV0268-C,1052-PF-TRAC-WHITE,Vietnam,Full,XGBoost,4,0,0.06548575311899185,0
1896,PV0269-C,1052-PF-TRAC-WHITE,Vietnam,Full,XGBoost,4,1,0.27392303943634033,0
1897,PV0270-C,1052-PF-TRAC-WHITE,Vietnam,Full,XGBoost,4,0,0.0812993124127388,0
1898,PV0271-C,1052-PF-TRAC-WHITE,Vietnam,Full,XGBoost,4,0,0.019237348809838295,0
1899,PV0272-C,1052-PF-TRAC-WHITE,Vietnam,Full,XGBoost,4,0,0.06438736617565155,0
1900,PV0273-C,1052-PF-TRAC-WHITE,Vietnam,Full,XGBoost,4,0,0.37264636158943176,0
1901,PV0274-C,1052-PF-TRAC-WHITE,Vietnam,Full,XGBoost,4,0,0.044398121535778046,0
1902,PV0276-C,1052-PF-TRAC-WHITE,Vietnam,Full,XGBoost,4,0,0.023809675127267838,0
1903,PV0277-C,1052-PF-TRAC-WHITE,Vietnam,Full,XGBoost,4,1,0.8240504860877991,1
1904,PV0278-C,1052-PF-TRAC-WHITE,Vietnam,Full,XGBoost,4,1,0.7702265381813049,1
1905,PV0279-C,1052-PF-TRAC-WHITE,Vietnam,Full,XGBoost,4,0,0.02876497060060501,0
1906,PV0280-C,1052-PF-TRAC-WHITE,Vietnam,Full,XGBoost,4,0,0.06438736617565155,0
1907,PV0282-C,1052-PF-TRAC-WHITE,Vietnam,Full,XGBoost,4,0,0.07546915858983994,0
1908,PV0283-C,1052-PF-TRAC-WHITE,Vietnam,Full,XGBoost,4,1,0.8275434970855713,1
1909,PV0284-C,1052-PF-TRAC-WHITE,Vietnam,Full,XGBoost,4,0,0.12024286389350891,0
1910,PV0285-C,1052-PF-TRAC-WHITE,Vietnam,Full,XGBoost,4,1,0.7974861264228821,1
1911,PV0286-C,1052-PF-TRAC-WHITE,Vietnam,Full,XGBoost,4,1,0.7500540018081665,1
1912,PV0288-C,1052-PF-TRAC-WHITE,Vietnam,Full,XGBoost,4,1,0.5504140853881836,1
1913,PV0289-C,1052-PF-TRAC-WHITE,Vietnam,Full,XGBoost,4,0,0.07115687429904938,0
1914,PV0290-C,1052-PF-TRAC-WHITE,Vietnam,Full,XGBoost,4,1,0.36847561597824097,0
1915,PV0291-C,1052-PF-TRAC-WHITE,Vietnam,Full,XGBoost,4,0,0.08051694184541702,0
1916,PV0292-C,1052-PF-TRAC-WHITE,Vietnam,Full,XGBoost,4,1,0.8275434970855713,1
1917,PV0293-C,1052-PF-TRAC-WHITE,Vietnam,Full,XGBoost,4,0,0.01763223484158516,0
1918,PV0294-C,1052-PF-TRAC-WHITE,Vietnam,Full,XGBoost,4,0,0.01763223484158516,0
1919,PV0295-C,1052-PF-TRAC-WHITE,Vietnam,Full,XGBoost,4,0,0.028396131470799446,0
1920,PV0296-C,1052-PF-TRAC-WHITE,Vietnam,Full,XGBoost,4,0,0.08231474459171295,0
1921,PV0297-C,1052-PF-TRAC-WHITE,Vietnam,Full,XGBoost,4,0,0.33524808287620544,0
1922,PV0298-C,1052-PF-TRAC-WHITE,Vietnam,Full,XGBoost,4,0,0.04068215936422348,0
1923,PV0299-C,1052-PF-TRAC-WHITE,Vietnam,Full,XGBoost,4,1,0.8275434970855713,1
1924,PV0300-C,1052-PF-TRAC-WHITE,Vietnam,Full,XGBoost,4,1,0.8192203044891357,1
1925,PV0301-C,1052-PF-TRAC-WHITE,Vietnam,Full,XGBoost,4,0,0.09728320688009262,0
1926,PV0302-C,1052-PF-TRAC-WHITE,Vietnam,Full,XGBoost,4,0,0.054391078650951385,0
1927,PV0303-C,1052-PF-TRAC-WHITE,Vietnam,Full,XGBoost,4,0,0.1663568615913391,0
1928,PV0304-C,1052-PF-TRAC-WHITE,Vietnam,Full,XGBoost,4,0,0.10183941572904587,0
1929,PV0305-C,1052-PF-TRAC-WHITE,Vietnam,Full,XGBoost,4,0,0.09392698109149933,0
1930,PV0306-C,1052-PF-TRAC-WHITE,Vietnam,Full,XGBoost,4,1,0.2227429896593094,0
1931,PV0308-Cx,1052-PF-TRAC-WHITE,Vietnam,Full,XGBoost,4,0,0.2303684651851654,0
1932,PV0309-C,1052-PF-TRAC-WHITE,Vietnam,Full,XGBoost,4,0,0.12522673606872559,0
1933,PV0310-C,1052-PF-TRAC-WHITE,Vietnam,Full,XGBoost,4,0,0.1584068387746811,0
1934,PV0311-C,1052-PF-TRAC-WHITE,Vietnam,Full,XGBoost,4,0,0.28303736448287964,0
1935,PV0312-C,1052-PF-TRAC-WHITE,Vietnam,Full,XGBoost,4,1,0.8873114585876465,1
1936,PV0313-C,1052-PF-TRAC-WHITE,Vietnam,Full,XGBoost,4,0,0.03610535338521004,0
1937,PV0314-C,1052-PF-TRAC-WHITE,Vietnam,Full,XGBoost,4,0,0.08466113358736038,0
1938,PV0315-Cx,1052-PF-TRAC-WHITE,Vietnam,Full,XGBoost,4,0,0.08708994835615158,0
1939,PV0317-C,1052-PF-TRAC-WHITE,Vietnam,Full,XGBoost,4,0,0.28050699830055237,0
1940,PV0318-C,1052-PF-TRAC-WHITE,Vietnam,Full,XGBoost,4,1,0.8873114585876465,1
1941,PV0319-C,1052-PF-TRAC-WHITE,Vietnam,Full,XGBoost,4,0,0.27194666862487793,0
1942,PV0320-C,1052-PF-TRAC-WHITE,Vietnam,Full,XGBoost,4,1,0.8827272057533264,1
1943,PV0321-C,1052-PF-TRAC-WHITE,Vietnam,Full,XGBoost,4,0,0.16118256747722626,0
1944,PV0322-C,1052-PF-TRAC-WHITE,Vietnam,Full,XGBoost,4,1,0.8873114585876465,1
1945,PV0323-C,1052-PF-TRAC-WHITE,Vietnam,Full,XGBoost,4,0,0.14630694687366486,0
1946,PV0324-C,1052-PF-TRAC-WHITE,Vietnam,Full,XGBoost,4,1,0.8873114585876465,1
1947,PV0325-C,1052-PF-TRAC-WHITE,Vietnam,Full,XGBoost,4,0,0.03391209617257118,0
1948,PV0326-C,1052-PF-TRAC-WHITE,Vietnam,Full,XGBoost,4,0,0.08466113358736038,0
1949,PV0328-C,1052-PF-TRAC-WHITE,Vietnam,Full,XGBoost,4,0,0.025541260838508606,0
1950,PV0329-C,1052-PF-TRAC-WHITE,Vietnam,Full,XGBoost,4,0,0.31421715021133423,0
1951,PV0330-C,1052-PF-TRAC-WHITE,Vietnam,Full,XGBoost,4,0,0.08647113293409348,0
1952,PV0331-Cx,1052-PF-TRAC-WHITE,Vietnam,Full,XGBoost,4,0,0.08708994835615158,0
1953,PV0333-C,1052-PF-TRAC-WHITE,Vietnam,Full,XGBoost,4,1,0.5345766544342041,1
1954,PV0335-C,1052-PF-TRAC-WHITE,Vietnam,Full,XGBoost,4,0,0.061408303678035736,0
1955,PV0336-C,1052-PF-TRAC-WHITE,Vietnam,Full,XGBoost,4,0,0.061408303678035736,0
1956,PV0337-C,1052-PF-TRAC-WHITE,Vietnam,Full,XGBoost,4,0,0.0335049107670784,0
1957,PV0338-C,1052-PF-TRAC-WHITE,Vietnam,Full,XGBoost,4,0,0.03182010352611542,0
1958,PV0339-C,1052-PF-TRAC-WHITE,Vietnam,Full,XGBoost,4,1,0.43476107716560364,0
1959,PV0340-C,1052-PF-TRAC-WHITE,Vietnam,Full,XGBoost,4,1,0.5383801460266113,1
1960,PV0343-C,1052-PF-TRAC-WHITE,Vietnam,Full,XGBoost,4,1,0.5485934615135193,1
1961,PV0344-C,1052-PF-TRAC-WHITE,Vietnam,Full,XGBoost,4,1,0.8275434970855713,1
1962,PV0345-C,1052-PF-TRAC-WHITE,Vietnam,Full,XGBoost,4,1,0.8250452280044556,1
1963,PV0347-C,1052-PF-TRAC-WHITE,Vietnam,Full,XGBoost,4,0,0.033870138227939606,0
1964,PV0355-C,1052-PF-TRAC-WHITE,Vietnam,Full,XGBoost,4,1,0.8873114585876465,1
1965,PV0358-C,1052-PF-TRAC-WHITE,Vietnam,Full,XGBoost,4,0,0.061408303678035736,0
2052,QC0164-C,1052-PF-TRAC-WHITE,Myanmar,Full,XGBoost,4,0,0.279824823141098,0
2053,QC0165-C,1052-PF-TRAC-WHITE,Myanmar,Full,XGBoost,4,1,0.39841219782829285,0
2054,QC0166-C,1052-PF-TRAC-WHITE,Myanmar,Full,XGBoost,4,0,0.36870041489601135,0
2055,QC0167-C,1052-PF-TRAC-WHITE,Myanmar,Full,XGBoost,4,0,0.08462085574865341,0
2056,QC0168-C,1052-PF-TRAC-WHITE,Myanmar,Full,XGBoost,4,0,0.24455143511295319,0
2057,QC0169-C,1052-PF-TRAC-WHITE,Myanmar,Full,XGBoost,4,0,0.23942573368549347,0
2058,QC0170-C,1052-PF-TRAC-WHITE,Myanmar,Full,XGBoost,4,0,0.10824129730463028,0
2059,QC0171-C,1052-PF-TRAC-WHITE,Myanmar,Full,XGBoost,4,0,0.21090355515480042,0
2060,QC0172-C,1052-PF-TRAC-WHITE,Myanmar,Full,XGBoost,4,0,0.30400681495666504,0
2061,QC0173-C,1052-PF-TRAC-WHITE,Myanmar,Full,XGBoost,4,1,0.2849225401878357,0
2062,QC0174-C,1052-PF-TRAC-WHITE,Myanmar,Full,XGBoost,4,0,0.06916103512048721,0
2063,QC0175-C,1052-PF-TRAC-WHITE,Myanmar,Full,XGBoost,4,1,0.31260955333709717,0
2064,QC0176-C,1052-PF-TRAC-WHITE,Myanmar,Full,XGBoost,4,0,0.7040812373161316,1
2065,QC0177-C,1052-PF-TRAC-WHITE,Myanmar,Full,XGBoost,4,0,0.6756463050842285,1
2066,QC0178-C,1052-PF-TRAC-WHITE,Myanmar,Full,XGBoost,4,0,0.07962264120578766,0
2067,QC0179-C,1052-PF-TRAC-WHITE,Myanmar,Full,XGBoost,4,0,0.1463501751422882,0
2068,QC0180-C,1052-PF-TRAC-WHITE,Myanmar,Full,XGBoost,4,0,0.6253018379211426,1
2069,QC0181-Cx,1052-PF-TRAC-WHITE,Myanmar,Full,XGBoost,4,1,0.19668252766132355,0
2070,QC0182-C,1052-PF-TRAC-WHITE,Myanmar,Full,XGBoost,4,0,0.6536802649497986,1
2071,QC0184-C,1052-PF-TRAC-WHITE,Myanmar,Full,XGBoost,4,1,0.5312137603759766,1
2072,QC0185-C,1052-PF-TRAC-WHITE,Myanmar,Full,XGBoost,4,1,0.5312137603759766,1
2073,QC0187-C,1052-PF-TRAC-WHITE,Myanmar,Full,XGBoost,4,0,0.5580297112464905,1
2074,QC0188-C,1052-PF-TRAC-WHITE,Myanmar,Full,XGBoost,4,0,0.2783251404762268,0
2075,QC0189-C,1052-PF-TRAC-WHITE,Myanmar,Full,XGBoost,4,0,0.840307891368866,1
2076,QC0193-C,1052-PF-TRAC-WHITE,Myanmar,Full,XGBoost,4,0,0.8808912038803101,1
2077,QC0194-C,1052-PF-TRAC-WHITE,Myanmar,Full,XGBoost,4,0,0.3715645670890808,0
2078,QC0195-C,1052-PF-TRAC-WHITE,Myanmar,Full,XGBoost,4,0,0.874297559261322,1
2079,QC0196-C,1052-PF-TRAC-WHITE,Myanmar,Full,XGBoost,4,0,0.8587839603424072,1
2080,QC0198-C,1052-PF-TRAC-WHITE,Myanmar,Full,XGBoost,4,0,0.8259952068328857,1
2081,QC0200-C,1052-PF-TRAC-WHITE,Myanmar,Full,XGBoost,4,0,0.31083807349205017,0
2082,QC0204-C,1052-PF-TRAC-WHITE,Myanmar,Full,XGBoost,4,0,0.5580297112464905,1
2083,QC0205-C,1052-PF-TRAC-WHITE,Myanmar,Full,XGBoost,4,0,0.44223299622535706,0
2084,QC0206-C,1052-PF-TRAC-WHITE,Myanmar,Full,XGBoost,4,1,0.41790491342544556,0
2085,QC0207-C,1052-PF-TRAC-WHITE,Myanmar,Full,XGBoost,4,0,0.8745216727256775,1
2086,QC0209-C,1052-PF-TRAC-WHITE,Myanmar,Full,XGBoost,4,1,0.21062137186527252,0
2087,QC0210-C,1052-PF-TRAC-WHITE,Myanmar,Full,XGBoost,4,1,0.33312931656837463,0
2088,QC0211-C,1052-PF-TRAC-WHITE,Myanmar,Full,XGBoost,4,0,0.8398623466491699,1
2089,QC0212-C,1052-PF-TRAC-WHITE,Myanmar,Full,XGBoost,4,0,0.5169241428375244,1
2090,QC0213-C,1052-PF-TRAC-WHITE,Myanmar,Full,XGBoost,4,1,0.231431782245636,0
2091,QC0214-C,1052-PF-TRAC-WHITE,Myanmar,Full,XGBoost,4,1,0.5116842985153198,1
2092,QC0215-C,1052-PF-TRAC-WHITE,Myanmar,Full,XGBoost,4,0,0.6536802649497986,1
2093,QC0219-C,1052-PF-TRAC-WHITE,Myanmar,Full,XGBoost,4,1,0.8231824040412903,1
2094,QC0220-C,1052-PF-TRAC-WHITE,Myanmar,Full,XGBoost,4,0,0.3062630593776703,0
2095,QC0221-C,1052-PF-TRAC-WHITE,Myanmar,Full,XGBoost,4,0,0.25320395827293396,0
2096,QC0222-C,1052-PF-TRAC-WHITE,Myanmar,Full,XGBoost,4,0,0.3062630593776703,0
2097,QC0223-C,1052-PF-TRAC-WHITE,Myanmar,Full,XGBoost,4,1,0.3602152466773987,0
2098,QC0225-C,1052-PF-TRAC-WHITE,Myanmar,Full,XGBoost,4,0,0.17877566814422607,0
2099,QC0227-C,1052-PF-TRAC-WHITE,Myanmar,Full,XGBoost,4,0,0.7049917578697205,1
2100,QC0228-C,1052-PF-TRAC-WHITE,Myanmar,Full,XGBoost,4,0,0.7049917578697205,1
2101,QC0229-C,1052-PF-TRAC-WHITE,Myanmar,Full,XGBoost,4,0,0.4682551920413971,0
2102,QC0230-C,1052-PF-TRAC-WHITE,Myanmar,Full,XGBoost,4,0,0.2426150143146515,0
2103,QC0231-C,1052-PF-TRAC-WHITE,Myanmar,Full,XGBoost,4,1,0.7295281291007996,1
2104,QC0232-C,1052-PF-TRAC-WHITE,Myanmar,Full,XGBoost,4,0,0.650957465171814,1
2105,QC0233-C,1052-PF-TRAC-WHITE,Myanmar,Full,XGBoost,4,0,0.650957465171814,1
2106,QC0235-C,1052-PF-TRAC-WHITE,Myanmar,Full,XGBoost,4,0,0.8505098819732666,1
2107,QC0239-C,1052-PF-TRAC-WHITE,Myanmar,Full,XGBoost,4,0,0.7049917578697205,1
2108,QC0242-C,1052-PF-TRAC-WHITE,Myanmar,Full,XGBoost,4,0,0.11172645539045334,0
2109,QC0243-C,1052-PF-TRAC-WHITE,Myanmar,Full,XGBoost,4,0,0.25426486134529114,0
2110,QC0244-C,1052-PF-TRAC-WHITE,Myanmar,Full,XGBoost,4,0,0.16118839383125305,0
2111,QC0245-C,1052-PF-TRAC-WHITE,Myanmar,Full,XGBoost,4,0,0.17768824100494385,0
2112,QC0246-C,1052-PF-TRAC-WHITE,Myanmar,Full,XGBoost,4,0,0.876274049282074,1
2113,QC0248-C,1052-PF-TRAC-WHITE,Myanmar,Full,XGBoost,4,0,0.31854936480522156,0
2114,QC0250-C,1052-PF-TRAC-WHITE,Myanmar,Full,XGBoost,4,1,0.18001307547092438,0
2115,QC0251-C,1052-PF-TRAC-WHITE,Myanmar,Full,XGBoost,4,0,0.4249565303325653,0
2116,QC0253-C,1052-PF-TRAC-WHITE,Myanmar,Full,XGBoost,4,0,0.04944156855344772,0
2117,QC0254-C,1052-PF-TRAC-WHITE,Myanmar,Full,XGBoost,4,0,0.4249565303325653,0
2118,QC0255-C,1052-PF-TRAC-WHITE,Myanmar,Full,XGBoost,4,0,0.4249565303325653,0
2119,QC0256-C,1052-PF-TRAC-WHITE,Myanmar,Full,XGBoost,4,0,0.31854936480522156,0
2120,QC0257-C,1052-PF-TRAC-WHITE,Myanmar,Full,XGBoost,4,0,0.4249565303325653,0
2121,QC0258-C,1052-PF-TRAC-WHITE,Myanmar,Full,XGBoost,4,1,0.8035311698913574,1
2122,QC0259-C,1052-PF-TRAC-WHITE,Myanmar,Full,XGBoost,4,1,0.798919141292572,1
2123,QC0260-C,1052-PF-TRAC-WHITE,Myanmar,Full,XGBoost,4,1,0.7644950151443481,1
2124,QC0261-C,1052-PF-TRAC-WHITE,Myanmar,Full,XGBoost,4,1,0.7885771989822388,1
2125,QC0262-C,1052-PF-TRAC-WHITE,Myanmar,Full,XGBoost,4,1,0.798919141292572,1
2126,QC0263-C,1052-PF-TRAC-WHITE,Myanmar,Full,XGBoost,4,1,0.798919141292572,1
2127,QC0264-C,1052-PF-TRAC-WHITE,Myanmar,Full,XGBoost,4,1,0.7885771989822388,1
2128,QC0266-C,1052-PF-TRAC-WHITE,Myanmar,Full,XGBoost,4,1,0.7885771989822388,1
2129,QC0267-C,1052-PF-TRAC-WHITE,Myanmar,Full,XGBoost,4,0,0.4249565303325653,0
2130,QC0268-C,1052-PF-TRAC-WHITE,Myanmar,Full,XGBoost,4,1,0.7649520039558411,1
2131,QC0275-C,1052-PF-TRAC-WHITE,Myanmar,Full,XGBoost,4,1,0.49708396196365356,0
2132,QC0276-C,1052-PF-TRAC-WHITE,Myanmar,Full,XGBoost,4,1,0.16722619533538818,0
2133,QC0277-C,1052-PF-TRAC-WHITE,Myanmar,Full,XGBoost,4,1,0.7391432523727417,1
2134,QC0278-C,1052-PF-TRAC-WHITE,Myanmar,Full,XGBoost,4,1,0.37455278635025024,0
2135,QC0279-C,1052-PF-TRAC-WHITE,Myanmar,Full,XGBoost,4,0,0.14096228778362274,0
2136,QC0281-C,1052-PF-TRAC-WHITE,Myanmar,Full,XGBoost,4,1,0.637130081653595,1
2137,QC0282-C,1052-PF-TRAC-WHITE,Myanmar,Full,XGBoost,4,0,0.3828652501106262,0
2138,QC0283-C,1052-PF-TRAC-WHITE,Myanmar,Full,XGBoost,4,1,0.39061281085014343,0
2139,QC0285-C,1052-PF-TRAC-WHITE,Myanmar,Full,XGBoost,4,1,0.652903139591217,1
2140,QC0289-C,1052-PF-TRAC-WHITE,Myanmar,Full,XGBoost,4,1,0.09352231025695801,0
2141,QC0295-C,1052-PF-TRAC-WHITE,Myanmar,Full,XGBoost,4,0,0.03496658802032471,0
2142,QC0296-C,1052-PF-TRAC-WHITE,Myanmar,Full,XGBoost,4,1,0.39129844307899475,0
2143,QC0298-C,1052-PF-TRAC-WHITE,Myanmar,Full,XGBoost,4,0,0.436458557844162,0
2144,QC0299-C,1052-PF-TRAC-WHITE,Myanmar,Full,XGBoost,4,0,0.09239048510789871,0
2145,QC0300-C,1052-PF-TRAC-WHITE,Myanmar,Full,XGBoost,4,1,0.4720575511455536,0
2146,QC0302-C,1052-PF-TRAC-WHITE,Myanmar,Full,XGBoost,4,0,0.2410058081150055,0
2147,QC0305-C,1052-PF-TRAC-WHITE,Myanmar,Full,XGBoost,4,1,0.36024394631385803,0
2148,QC0306-C,1052-PF-TRAC-WHITE,Myanmar,Full,XGBoost,4,0,0.39648953080177307,0
2149,QC0307-C,1052-PF-TRAC-WHITE,Myanmar,Full,XGBoost,4,1,0.18618643283843994,0
2150,QC0308-C,1052-PF-TRAC-WHITE,Myanmar,Full,XGBoost,4,1,0.7597021460533142,1
2151,QC0309-C,1052-PF-TRAC-WHITE,Myanmar,Full,XGBoost,4,1,0.16275295615196228,0
2152,QC0313-C,1052-PF-TRAC-WHITE,Myanmar,Full,XGBoost,4,0,0.2186022847890854,0
2153,QC0314-C,1052-PF-TRAC-WHITE,Myanmar,Full,XGBoost,4,0,0.09548436105251312,0
2154,QC0318-C,1052-PF-TRAC-WHITE,Myanmar,Full,XGBoost,4,1,0.11142738908529282,0
2155,QC0319-C,1052-PF-TRAC-WHITE,Myanmar,Full,XGBoost,4,0,0.8028075695037842,1
2156,QC0320-C,1052-PF-TRAC-WHITE,Myanmar,Full,XGBoost,4,0,0.0934901162981987,0
2157,QC0321-C,1052-PF-TRAC-WHITE,Myanmar,Full,XGBoost,4,0,0.14286842942237854,0
2158,QC0322-C,1052-PF-TRAC-WHITE,Myanmar,Full,XGBoost,4,1,0.13832473754882812,0
2159,QC0323-C,1052-PF-TRAC-WHITE,Myanmar,Full,XGBoost,4,0,0.14286842942237854,0
2160,QC0325-C,1052-PF-TRAC-WHITE,Myanmar,Full,XGBoost,4,0,0.6430062055587769,1
2161,QC0326-C,1052-PF-TRAC-WHITE,Myanmar,Full,XGBoost,4,1,0.8194965720176697,1
2162,QC0327-C,1052-PF-TRAC-WHITE,Myanmar,Full,XGBoost,4,0,0.6217602491378784,1
2163,QC0328-C,1052-PF-TRAC-WHITE,Myanmar,Full,XGBoost,4,0,0.4949200749397278,0
2164,QC0329-C,1052-PF-TRAC-WHITE,Myanmar,Full,XGBoost,4,0,0.5928536653518677,1
2165,QC0330-C,1052-PF-TRAC-WHITE,Myanmar,Full,XGBoost,4,0,0.20619244873523712,0
2166,QC0331-C,1052-PF-TRAC-WHITE,Myanmar,Full,XGBoost,4,0,0.11929620802402496,0
2167,QC0332-C,1052-PF-TRAC-WHITE,Myanmar,Full,XGBoost,4,0,0.2406652271747589,0
2168,QC0333-C,1052-PF-TRAC-WHITE,Myanmar,Full,XGBoost,4,0,0.5878857970237732,1
2169,QC0334-C,1052-PF-TRAC-WHITE,Myanmar,Full,XGBoost,4,0,0.17365136742591858,0
2170,QC0336-C,1052-PF-TRAC-WHITE,Myanmar,Full,XGBoost,4,0,0.5973595380783081,1
2171,QC0338-C,1052-PF-TRAC-WHITE,Myanmar,Full,XGBoost,4,0,0.05974750593304634,0
2172,QC0339-C,1052-PF-TRAC-WHITE,Myanmar,Full,XGBoost,4,0,0.17722417414188385,0
2173,QC0340-C,1052-PF-TRAC-WHITE,Myanmar,Full,XGBoost,4,0,0.1476026326417923,0
2174,QC0341-C,1052-PF-TRAC-WHITE,Myanmar,Full,XGBoost,4,0,0.19641157984733582,0
2175,QC0342-C,1052-PF-TRAC-WHITE,Myanmar,Full,XGBoost,4,0,0.6286782026290894,1
2176,QC0343-C,1052-PF-TRAC-WHITE,Myanmar,Full,XGBoost,4,0,0.19641157984733582,0
2177,QC0344-C,1052-PF-TRAC-WHITE,Myanmar,Full,XGBoost,4,0,0.19641157984733582,0
2178,QC0345-C,1052-PF-TRAC-WHITE,Myanmar,Full,XGBoost,4,0,0.14286842942237854,0
2179,QC0346-C,1052-PF-TRAC-WHITE,Myanmar,Full,XGBoost,4,0,0.14286842942237854,0
2180,QC0347-C,1052-PF-TRAC-WHITE,Myanmar,Full,XGBoost,4,1,0.16505800187587738,0
2181,QC0348-C,1052-PF-TRAC-WHITE,Myanmar,Full,XGBoost,4,1,0.16722619533538818,0
2182,QC0349-C,1052-PF-TRAC-WHITE,Myanmar,Full,XGBoost,4,0,0.25421661138534546,0
2183,QC0350-C,1052-PF-TRAC-WHITE,Myanmar,Full,XGBoost,4,0,0.2186022847890854,0
2184,QC0351-C,1052-PF-TRAC-WHITE,Myanmar,Full,XGBoost,4,0,0.4949200749397278,0
2185,QC0353-C,1052-PF-TRAC-WHITE,Myanmar,Full,XGBoost,4,1,0.26330018043518066,0
2186,QC0354-C,1052-PF-TRAC-WHITE,Myanmar,Full,XGBoost,4,1,0.26330018043518066,0
2187,QC0357-C,1052-PF-TRAC-WHITE,Myanmar,Full,XGBoost,4,0,0.13464704155921936,0
2188,QC0358-C,1052-PF-TRAC-WHITE,Myanmar,Full,XGBoost,4,0,0.2058842033147812,0
2189,QC0359-C,1052-PF-TRAC-WHITE,Myanmar,Full,XGBoost,4,0,0.2131064087152481,0
2190,QC0362-C,1052-PF-TRAC-WHITE,Myanmar,Full,XGBoost,4,0,0.06672755628824234,0
2191,QC0363-C,1052-PF-TRAC-WHITE,Myanmar,Full,XGBoost,4,0,0.2131064087152481,0
2192,QC0364-C,1052-PF-TRAC-WHITE,Myanmar,Full,XGBoost,4,0,0.18929211795330048,0
2193,QC0365-C,1052-PF-TRAC-WHITE,Myanmar,Full,XGBoost,4,1,0.11718779802322388,0
2194,QC0366-C,1052-PF-TRAC-WHITE,Myanmar,Full,XGBoost,4,0,0.2131064087152481,0
2195,QC0367-C,1052-PF-TRAC-WHITE,Myanmar,Full,XGBoost,4,0,0.1995221972465515,0
2196,QC0368-C,1052-PF-TRAC-WHITE,Myanmar,Full,XGBoost,4,0,0.20405736565589905,0
2197,QC0369-C,1052-PF-TRAC-WHITE,Myanmar,Full,XGBoost,4,0,0.1518494188785553,0
2198,QC0370-C,1052-PF-TRAC-WHITE,Myanmar,Full,XGBoost,4,0,0.11592664569616318,0
2199,QC0372-C,1052-PF-TRAC-WHITE,Myanmar,Full,XGBoost,4,1,0.3657228946685791,0
2328,QE0392-C,1052-PF-TRAC-WHITE,Laos,Full,XGBoost,4,0,0.02329193614423275,0
2329,QE0393-Cx,1052-PF-TRAC-WHITE,Laos,Full,XGBoost,4,0,0.025864247232675552,0
2330,QE0395-C,1052-PF-TRAC-WHITE,Laos,Full,XGBoost,4,0,0.03255658969283104,0
2331,QE0396-C,1052-PF-TRAC-WHITE,Laos,Full,XGBoost,4,0,0.013164842501282692,0
2332,QE0397-C,1052-PF-TRAC-WHITE,Laos,Full,XGBoost,4,0,0.03562449291348457,0
2333,QE0398-C,1052-PF-TRAC-WHITE,Laos,Full,XGBoost,4,0,0.02715863473713398,0
2334,QE0399-C,1052-PF-TRAC-WHITE,Laos,Full,XGBoost,4,0,0.03356727212667465,0
2335,QE0400-C,1052-PF-TRAC-WHITE,Laos,Full,XGBoost,4,0,0.027378391474485397,0
2336,QE0401-C,1052-PF-TRAC-WHITE,Laos,Full,XGBoost,4,0,0.027001801878213882,0
2337,QE0402-C,1052-PF-TRAC-WHITE,Laos,Full,XGBoost,4,0,0.020090213045477867,0
2338,QE0403-Cx,1052-PF-TRAC-WHITE,Laos,Full,XGBoost,4,0,0.0323205441236496,0
2339,QE0404-C,1052-PF-TRAC-WHITE,Laos,Full,XGBoost,4,0,0.09600193798542023,0
2340,QE0405-Cx,1052-PF-TRAC-WHITE,Laos,Full,XGBoost,4,0,0.02392946369946003,0
2341,QE0407-C,1052-PF-TRAC-WHITE,Laos,Full,XGBoost,4,0,0.01474645547568798,0
2342,QE0408-C,1052-PF-TRAC-WHITE,Laos,Full,XGBoost,4,0,0.021695783361792564,0
2343,QE0409-C,1052-PF-TRAC-WHITE,Laos,Full,XGBoost,4,0,0.03356727212667465,0
2344,QE0410-C,1052-PF-TRAC-WHITE,Laos,Full,XGBoost,4,0,0.013350813649594784,0
2345,QE0411-C,1052-PF-TRAC-WHITE,Laos,Full,XGBoost,4,0,0.01547482330352068,0
2346,QE0412-C,1052-PF-TRAC-WHITE,Laos,Full,XGBoost,4,0,0.04317287355661392,0
2347,QE0413-C,1052-PF-TRAC-WHITE,Laos,Full,XGBoost,4,0,0.025289004668593407,0
2348,QE0414-C,1052-PF-TRAC-WHITE,Laos,Full,XGBoost,4,0,0.02508867345750332,0
2349,QE0415-C,1052-PF-TRAC-WHITE,Laos,Full,XGBoost,4,0,0.021310988813638687,0
2350,QE0416-C,1052-PF-TRAC-WHITE,Laos,Full,XGBoost,4,0,0.015235873870551586,0
2351,QE0417-C,1052-PF-TRAC-WHITE,Laos,Full,XGBoost,4,0,0.046314168721437454,0
2352,QE0418-C,1052-PF-TRAC-WHITE,Laos,Full,XGBoost,4,0,0.030646102502942085,0
2353,QE0419-C,1052-PF-TRAC-WHITE,Laos,Full,XGBoost,4,0,0.05356641858816147,0
2354,QE0420-C,1052-PF-TRAC-WHITE,Laos,Full,XGBoost,4,0,0.0146869458258152,0
2355,QE0421-C,1052-PF-TRAC-WHITE,Laos,Full,XGBoost,4,0,0.013541260734200478,0
2356,QE0422-C,1052-PF-TRAC-WHITE,Laos,Full,XGBoost,4,0,0.09877242147922516,0
2357,QE0423-C,1052-PF-TRAC-WHITE,Laos,Full,XGBoost,4,0,0.6001455783843994,1
2358,QE0424-C,1052-PF-TRAC-WHITE,Laos,Full,XGBoost,4,0,0.022789832204580307,0
2359,QE0425-C,1052-PF-TRAC-WHITE,Laos,Full,XGBoost,4,0,0.014905313029885292,0
2360,QE0426-C,1052-PF-TRAC-WHITE,Laos,Full,XGBoost,4,0,0.1370827555656433,0
2361,QE0427-C,1052-PF-TRAC-WHITE,Laos,Full,XGBoost,4,0,0.030951473861932755,0
2362,QE0428-C,1052-PF-TRAC-WHITE,Laos,Full,XGBoost,4,0,0.030951473861932755,0
2363,QE0429-C,1052-PF-TRAC-WHITE,Laos,Full,XGBoost,4,1,0.10456950962543488,0
2364,QE0430-C,1052-PF-TRAC-WHITE,Laos,Full,XGBoost,4,0,0.02876497060060501,0
2365,QE0431-C,1052-PF-TRAC-WHITE,Laos,Full,XGBoost,4,0,0.05183515325188637,0
2366,QE0432-C,1052-PF-TRAC-WHITE,Laos,Full,XGBoost,4,0,0.3151434063911438,0
2367,QE0433-C,1052-PF-TRAC-WHITE,Laos,Full,XGBoost,4,0,0.02715863473713398,0
2368,QE0434-C,1052-PF-TRAC-WHITE,Laos,Full,XGBoost,4,0,0.032624851912260056,0
2369,QE0435-C,1052-PF-TRAC-WHITE,Laos,Full,XGBoost,4,0,0.014451777562499046,0
2370,QE0436-C,1052-PF-TRAC-WHITE,Laos,Full,XGBoost,4,0,0.6001455783843994,1
2371,QE0437-C,1052-PF-TRAC-WHITE,Laos,Full,XGBoost,4,0,0.06283261626958847,0
2372,QE0438-C,1052-PF-TRAC-WHITE,Laos,Full,XGBoost,4,0,0.0500037856400013,0
2373,QE0439-C,1052-PF-TRAC-WHITE,Laos,Full,XGBoost,4,0,0.028866233304142952,0
2374,QE0440-C,1052-PF-TRAC-WHITE,Laos,Full,XGBoost,4,0,0.02508867345750332,0
2375,QE0441-C,1052-PF-TRAC-WHITE,Laos,Full,XGBoost,4,0,0.02130376547574997,0
2376,QE0442-C,1052-PF-TRAC-WHITE,Laos,Full,XGBoost,4,0,0.020269930362701416,0
2377,QE0443-C,1052-PF-TRAC-WHITE,Laos,Full,XGBoost,4,0,0.0334409736096859,0
2378,QE0444-C,1052-PF-TRAC-WHITE,Laos,Full,XGBoost,4,0,0.10037490725517273,0
2379,QE0445-C,1052-PF-TRAC-WHITE,Laos,Full,XGBoost,4,0,0.10535424947738647,0
2380,QE0446-C,1052-PF-TRAC-WHITE,Laos,Full,XGBoost,4,0,0.022467292845249176,0
2381,QE0447-C,1052-PF-TRAC-WHITE,Laos,Full,XGBoost,4,0,0.026907769963145256,0
2382,QE0448-C,1052-PF-TRAC-WHITE,Laos,Full,XGBoost,4,0,0.037404440343379974,0
2383,QE0449-C,1052-PF-TRAC-WHITE,Laos,Full,XGBoost,4,0,0.032624851912260056,0
2384,QE0451-C,1052-PF-TRAC-WHITE,Laos,Full,XGBoost,4,0,0.09554563462734222,0
2385,QE0452-C,1052-PF-TRAC-WHITE,Laos,Full,XGBoost,4,0,0.018885131925344467,0
2386,QE0453-C,1052-PF-TRAC-WHITE,Laos,Full,XGBoost,4,0,0.25357940793037415,0
2387,QE0454-C,1052-PF-TRAC-WHITE,Laos,Full,XGBoost,4,0,0.06029314920306206,0
2388,QE0455-C,1052-PF-TRAC-WHITE,Laos,Full,XGBoost,4,0,0.03553728759288788,0
2389,QE0456-C,1052-PF-TRAC-WHITE,Laos,Full,XGBoost,4,1,0.8326277732849121,1
2390,QE0457-C,1052-PF-TRAC-WHITE,Laos,Full,XGBoost,4,0,0.030234461650252342,0
2391,QE0458-C,1052-PF-TRAC-WHITE,Laos,Full,XGBoost,4,0,0.6053674221038818,1
2392,QE0459-C,1052-PF-TRAC-WHITE,Laos,Full,XGBoost,4,0,0.06574759632349014,0
2393,QE0460-C,1052-PF-TRAC-WHITE,Laos,Full,XGBoost,4,0,0.6053674221038818,1
2394,QE0461-C,1052-PF-TRAC-WHITE,Laos,Full,XGBoost,4,0,0.02169647254049778,0
2395,QE0463-C,1052-PF-TRAC-WHITE,Laos,Full,XGBoost,4,0,0.6053674221038818,1
2396,QE0464-C,1052-PF-TRAC-WHITE,Laos,Full,XGBoost,4,0,0.10411377251148224,0
2397,QE0465-C,1052-PF-TRAC-WHITE,Laos,Full,XGBoost,4,0,0.03623487427830696,0
2398,QE0466-C,1052-PF-TRAC-WHITE,Laos,Full,XGBoost,4,0,0.028075160458683968,0
2399,QE0467-C,1052-PF-TRAC-WHITE,Laos,Full,XGBoost,4,0,0.019368086010217667,0
2400,QE0468-C,1052-PF-TRAC-WHITE,Laos,Full,XGBoost,4,0,0.5058473348617554,1
2401,QE0469-C,1052-PF-TRAC-WHITE,Laos,Full,XGBoost,4,0,0.24912112951278687,0
2402,QE0470-C,1052-PF-TRAC-WHITE,Laos,Full,XGBoost,4,0,0.04447707533836365,0
2403,QE0471-C,1052-PF-TRAC-WHITE,Laos,Full,XGBoost,4,0,0.10058967024087906,0
2404,QE0472-C,1052-PF-TRAC-WHITE,Laos,Full,XGBoost,4,0,0.02979726530611515,0
2405,QE0474-C,1052-PF-TRAC-WHITE,Laos,Full,XGBoost,4,0,0.039777763187885284,0
2406,QE0475-C,1052-PF-TRAC-WHITE,Laos,Full,XGBoost,4,0,0.5026103258132935,1
2407,QE0476-C,1052-PF-TRAC-WHITE,Laos,Full,XGBoost,4,0,0.02111903950572014,0
2408,QE0478-C,1052-PF-TRAC-WHITE,Laos,Full,XGBoost,4,0,0.02474529668688774,0
2409,QE0479-C,1052-PF-TRAC-WHITE,Laos,Full,XGBoost,4,0,0.021450378000736237,0
2410,QE0481-C,1052-PF-TRAC-WHITE,Laos,Full,XGBoost,4,0,0.02750404179096222,0
2411,QE0483-C,1052-PF-TRAC-WHITE,Laos,Full,XGBoost,4,0,0.02125386893749237,0
6151,RCN22378,1239-PF-KH-MSF-GENRE,Cambodia,Full,XGBoost,4,1,0.996915340423584,1
6152,RCN22386,1239-PF-KH-MSF-GENRE,Cambodia,Full,XGBoost,4,1,0.9971484541893005,1
6153,RCN22480,1239-PF-KH-MSF-GENRE,Cambodia,Full,XGBoost,4,1,0.9935008883476257,1
6154,RCN22500,1239-PF-KH-MSF-GENRE,Cambodia,Full,XGBoost,4,1,0.9962146878242493,1
6155,RCN22505,1239-PF-KH-MSF-GENRE,Cambodia,Full,XGBoost,4,1,0.9960953593254089,1
6156,RCN22509,1239-PF-KH-MSF-GENRE,Cambodia,Full,XGBoost,4,1,0.9961473941802979,1
6157,RCN22510,1239-PF-KH-MSF-GENRE,Cambodia,Full,XGBoost,4,1,0.9961243271827698,1
6158,RCN22513,1239-PF-KH-MSF-GENRE,Cambodia,Full,XGBoost,4,1,0.9201054573059082,1
6159,RCN22514,1239-PF-KH-MSF-GENRE,Cambodia,Full,XGBoost,4,1,0.9927462935447693,1
6160,RCN22520,1239-PF-KH-MSF-GENRE,Cambodia,Full,XGBoost,4,1,0.996264636516571,1
6161,RCN22529,1239-PF-KH-MSF-GENRE,Cambodia,Full,XGBoost,4,1,0.997512936592102,1
6162,RCN22532,1239-PF-KH-MSF-GENRE,Cambodia,Full,XGBoost,4,1,0.9963517189025879,1
6163,RCN22535,1239-PF-KH-MSF-GENRE,Cambodia,Full,XGBoost,4,1,0.9899410605430603,1
6164,RCN22536,1239-PF-KH-MSF-GENRE,Cambodia,Full,XGBoost,4,1,0.9915947318077087,1
6165,RCN22542,1239-PF-KH-MSF-GENRE,Cambodia,Full,XGBoost,4,1,0.9960894584655762,1
6166,RCN22545,1239-PF-KH-MSF-GENRE,Cambodia,Full,XGBoost,4,0,0.061725471168756485,0
6167,RCN22550,1239-PF-KH-MSF-GENRE,Cambodia,Full,XGBoost,4,1,0.9978690147399902,1
6168,RCN22552,1239-PF-KH-MSF-GENRE,Cambodia,Full,XGBoost,4,1,0.9950854182243347,1
6169,RCN22554,1239-PF-KH-MSF-GENRE,Cambodia,Full,XGBoost,4,1,0.9973829388618469,1
6170,RCN22555,1239-PF-KH-MSF-GENRE,Cambodia,Full,XGBoost,4,1,0.9977040886878967,1
6171,RCN22556,1239-PF-KH-MSF-GENRE,Cambodia,Full,XGBoost,4,1,0.9977697134017944,1
6172,RCN22558,1239-PF-KH-MSF-GENRE,Cambodia,Full,XGBoost,4,1,0.9967427849769592,1
6173,RCN22561,1239-PF-KH-MSF-GENRE,Cambodia,Full,XGBoost,4,1,0.9940299987792969,1
6174,RCN22562,1239-PF-KH-MSF-GENRE,Cambodia,Full,XGBoost,4,1,0.9789047837257385,1
6175,RCN22564,1239-PF-KH-MSF-GENRE,Cambodia,Full,XGBoost,4,1,0.9977254271507263,1
6176,RCN22565,1239-PF-KH-MSF-GENRE,Cambodia,Full,XGBoost,4,1,0.9146250486373901,1
6177,RCN22571,1239-PF-KH-MSF-GENRE,Cambodia,Full,XGBoost,4,1,0.9973829388618469,1
6178,RCN22572,1239-PF-KH-MSF-GENRE,Cambodia,Full,XGBoost,4,1,0.9944761395454407,1
6179,RCN22575,1239-PF-KH-MSF-GENRE,Cambodia,Full,XGBoost,4,1,0.9961193799972534,1
6180,RCN22579,1239-PF-KH-MSF-GENRE,Cambodia,Full,XGBoost,4,1,0.9166709184646606,1
6181,RCN22580,1239-PF-KH-MSF-GENRE,Cambodia,Full,XGBoost,4,1,0.995492696762085,1
6182,RCN22581,1239-PF-KH-MSF-GENRE,Cambodia,Full,XGBoost,4,1,0.9973993301391602,1
6183,RCN22584,1239-PF-KH-MSF-GENRE,Cambodia,Full,XGBoost,4,1,0.9962607026100159,1
6184,RCN22585,1239-PF-KH-MSF-GENRE,Cambodia,Full,XGBoost,4,1,0.9977577328681946,1
6185,RCN22587,1239-PF-KH-MSF-GENRE,Cambodia,Full,XGBoost,4,1,0.991678774356842,1
6186,RCN22589,1239-PF-KH-MSF-GENRE,Cambodia,Full,XGBoost,4,1,0.9957253932952881,1
6187,RCN22590,1239-PF-KH-MSF-GENRE,Cambodia,Full,XGBoost,4,1,0.994968593120575,1
6188,RCN22595,1239-PF-KH-MSF-GENRE,Cambodia,Full,XGBoost,4,1,0.9595186114311218,1
6189,RCN22597,1239-PF-KH-MSF-GENRE,Cambodia,Full,XGBoost,4,1,0.9947174191474915,1
6190,RCN22598,1239-PF-KH-MSF-GENRE,Cambodia,Full,XGBoost,4,1,0.9977040886878967,1
6191,RCN22602,1239-PF-KH-MSF-GENRE,Cambodia,Full,XGBoost,4,1,0.9451861381530762,1
6192,RCN22604,1239-PF-KH-MSF-GENRE,Cambodia,Full,XGBoost,4,1,0.9977020621299744,1
6193,RCN22613,1239-PF-KH-MSF-GENRE,Cambodia,Full,XGBoost,4,1,0.9977849125862122,1
6194,RCN22614,1239-PF-KH-MSF-GENRE,Cambodia,Full,XGBoost,4,1,0.8737376928329468,1
6195,RCN22636,1239-PF-KH-MSF-GENRE,Cambodia,Full,XGBoost,4,1,0.9967296123504639,1
6196,RCN22637,1239-PF-KH-MSF-GENRE,Cambodia,Full,XGBoost,4,1,0.9925245642662048,1
6197,RCN22641,1239-PF-KH-MSF-GENRE,Cambodia,Full,XGBoost,4,1,0.9751589894294739,1
6198,RCN22643,1239-PF-KH-MSF-GENRE,Cambodia,Full,XGBoost,4,1,0.9930047392845154,1
6199,RCN22644,1239-PF-KH-MSF-GENRE,Cambodia,Full,XGBoost,4,1,0.9974625110626221,1
6200,RCN22645,1239-PF-KH-MSF-GENRE,Cambodia,Full,XGBoost,4,1,0.9977040886878967,1
6201,RCN22647,1239-PF-KH-MSF-GENRE,Cambodia,Full,XGBoost,4,1,0.9487385749816895,1
6202,RCN22651,1239-PF-KH-MSF-GENRE,Cambodia,Full,XGBoost,4,1,0.908979058265686,1
6203,RCN22653,1239-PF-KH-MSF-GENRE,Cambodia,Full,XGBoost,4,0,0.10758496820926666,0
6204,RCN22654,1239-PF-KH-MSF-GENRE,Cambodia,Full,XGBoost,4,1,0.9978055357933044,1
6205,RCN22655,1239-PF-KH-MSF-GENRE,Cambodia,Full,XGBoost,4,1,0.9976709485054016,1
6206,RCN22657,1239-PF-KH-MSF-GENRE,Cambodia,Full,XGBoost,4,1,0.9966995120048523,1
6207,RCN22659,1239-PF-KH-MSF-GENRE,Cambodia,Full,XGBoost,4,1,0.9750990867614746,1
6208,RCN22660,1239-PF-KH-MSF-GENRE,Cambodia,Full,XGBoost,4,1,0.9961193799972534,1
6209,RCN22663,1239-PF-KH-MSF-GENRE,Cambodia,Full,XGBoost,4,1,0.967414379119873,1
6210,RCN22668,1239-PF-KH-MSF-GENRE,Cambodia,Full,XGBoost,4,1,0.9977577328681946,1
6211,RCN22669,1239-PF-KH-MSF-GENRE,Cambodia,Full,XGBoost,4,1,0.9941111207008362,1
6212,RCN22671,1239-PF-KH-MSF-GENRE,Cambodia,Full,XGBoost,4,1,0.9976709485054016,1
6213,RCN22672,1239-PF-KH-MSF-GENRE,Cambodia,Full,XGBoost,4,1,0.9941384792327881,1
6214,RCN22675,1239-PF-KH-MSF-GENRE,Cambodia,Full,XGBoost,4,1,0.9939448237419128,1
6215,RCN22678,1239-PF-KH-MSF-GENRE,Cambodia,Full,XGBoost,4,1,0.9977040886878967,1
6216,RCN22679,1239-PF-KH-MSF-GENRE,Cambodia,Full,XGBoost,4,1,0.9933274984359741,1
6217,RCN22684,1239-PF-KH-MSF-GENRE,Cambodia,Full,XGBoost,4,0,0.04362562671303749,0
6218,RCN22685,1239-PF-KH-MSF-GENRE,Cambodia,Full,XGBoost,4,1,0.9962098598480225,1
6219,RCN22686,1239-PF-KH-MSF-GENRE,Cambodia,Full,XGBoost,4,1,0.9942527413368225,1
6220,RCN22687,1239-PF-KH-MSF-GENRE,Cambodia,Full,XGBoost,4,1,0.9953036308288574,1
6221,RCN22688,1239-PF-KH-MSF-GENRE,Cambodia,Full,XGBoost,4,1,0.9971997737884521,1
6222,RCN22689,1239-PF-KH-MSF-GENRE,Cambodia,Full,XGBoost,4,1,0.9979175925254822,1
6223,RCN22690,1239-PF-KH-MSF-GENRE,Cambodia,Full,XGBoost,4,1,0.9977879524230957,1
6224,RCN22699,1239-PF-KH-MSF-GENRE,Cambodia,Full,XGBoost,4,1,0.9884312152862549,1
6225,RCN22720,1239-PF-KH-MSF-GENRE,Cambodia,Full,XGBoost,4,1,0.9977580904960632,1
6226,RCN22736,1239-PF-KH-MSF-GENRE,Cambodia,Full,XGBoost,4,1,0.983482837677002,1
6227,RCN22748,1239-PF-KH-MSF-GENRE,Cambodia,Full,XGBoost,4,1,0.9688273668289185,1
6228,RCN22749,1239-PF-KH-MSF-GENRE,Cambodia,Full,XGBoost,4,1,0.9126026630401611,1
6229,RCN22753,1239-PF-KH-MSF-GENRE,Cambodia,Full,XGBoost,4,1,0.9729284048080444,1
6230,RCN22768,1239-PF-KH-MSF-GENRE,Cambodia,Full,XGBoost,4,1,0.9978677034378052,1
6231,RCN22770,1239-PF-KH-MSF-GENRE,Cambodia,Full,XGBoost,4,1,0.9974609613418579,1
6232,RCN22772,1239-PF-KH-MSF-GENRE,Cambodia,Full,XGBoost,4,1,0.9980103373527527,1
6233,RCN22781,1239-PF-KH-MSF-GENRE,Cambodia,Full,XGBoost,4,1,0.997841477394104,1
6234,RCN22787,1239-PF-KH-MSF-GENRE,Cambodia,Full,XGBoost,4,1,0.9617652893066406,1
6235,RCN22788,1239-PF-KH-MSF-GENRE,Cambodia,Full,XGBoost,4,1,0.979690432548523,1
6236,RCN22789,1239-PF-KH-MSF-GENRE,Cambodia,Full,XGBoost,4,1,0.9971997737884521,1
6237,RCN22790,1239-PF-KH-MSF-GENRE,Cambodia,Full,XGBoost,4,1,0.9972652196884155,1
6238,RCN22791,1239-PF-KH-MSF-GENRE,Cambodia,Full,XGBoost,4,1,0.9522532224655151,1
6239,RCN22792,1239-PF-KH-MSF-GENRE,Cambodia,Full,XGBoost,4,1,0.9441892504692078,1
6240,RCN22795,1239-PF-KH-MSF-GENRE,Cambodia,Full,XGBoost,4,1,0.05549084022641182,0
6241,RCN22798,1239-PF-KH-MSF-GENRE,Cambodia,Full,XGBoost,4,0,0.09319291263818741,0
6242,RCN22799,1239-PF-KH-MSF-GENRE,Cambodia,Full,XGBoost,4,1,0.9473484754562378,1
6243,RCN22800,1239-PF-KH-MSF-GENRE,Cambodia,Full,XGBoost,4,0,0.08853013068437576,0
6244,RCN22802,1239-PF-KH-MSF-GENRE,Cambodia,Full,XGBoost,4,1,0.9977580904960632,1
6245,RCN22803,1239-PF-KH-MSF-GENRE,Cambodia,Full,XGBoost,4,1,0.9962641596794128,1
6246,RCN22804,1239-PF-KH-MSF-GENRE,Cambodia,Full,XGBoost,4,1,0.9962641596794128,1
6247,RCN22805,1239-PF-KH-MSF-GENRE,Cambodia,Full,XGBoost,4,1,0.9483965039253235,1
6248,RCN22806,1239-PF-KH-MSF-GENRE,Cambodia,Full,XGBoost,4,1,0.9977879524230957,1
6249,RCN22808,1239-PF-KH-MSF-GENRE,Cambodia,Full,XGBoost,4,1,0.9977746605873108,1
6250,RCN22809,1239-PF-KH-MSF-GENRE,Cambodia,Full,XGBoost,4,1,0.997810423374176,1
6251,RCN22810,1239-PF-KH-MSF-GENRE,Cambodia,Full,XGBoost,4,1,0.9962641596794128,1
6252,RCN22811,1239-PF-KH-MSF-GENRE,Cambodia,Full,XGBoost,4,1,0.9924325942993164,1
6253,RCN22815,1239-PF-KH-MSF-GENRE,Cambodia,Full,XGBoost,4,1,0.9968442916870117,1
6254,RCN22817,1239-PF-KH-MSF-GENRE,Cambodia,Full,XGBoost,4,1,0.9553759694099426,1
6255,RCN22818,1239-PF-KH-MSF-GENRE,Cambodia,Full,XGBoost,4,1,0.9977879524230957,1
6256,RCN22819,1239-PF-KH-MSF-GENRE,Cambodia,Full,XGBoost,4,0,0.11347446590662003,0
6257,RCN22820,1239-PF-KH-MSF-GENRE,Cambodia,Full,XGBoost,4,1,0.9974808096885681,1
6258,RCN22821,1239-PF-KH-MSF-GENRE,Cambodia,Full,XGBoost,4,0,0.03831767663359642,0
6259,RCN22822,1239-PF-KH-MSF-GENRE,Cambodia,Full,XGBoost,4,1,0.9441892504692078,1
6260,RCN22824,1239-PF-KH-MSF-GENRE,Cambodia,Full,XGBoost,4,1,0.991738498210907,1
6261,RCN22826,1239-PF-KH-MSF-GENRE,Cambodia,Full,XGBoost,4,1,0.5151934027671814,1
6262,RCN22827,1239-PF-KH-MSF-GENRE,Cambodia,Full,XGBoost,4,1,0.9783763885498047,1
6263,RCN22828,1239-PF-KH-MSF-GENRE,Cambodia,Full,XGBoost,4,1,0.9962641596794128,1
6264,RCN22829,1239-PF-KH-MSF-GENRE,Cambodia,Full,XGBoost,4,1,0.9962641596794128,1
6265,RCN22831,1239-PF-KH-MSF-GENRE,Cambodia,Full,XGBoost,4,1,0.9934654831886292,1
6266,RCN22832,1239-PF-KH-MSF-GENRE,Cambodia,Full,XGBoost,4,0,0.10286150127649307,0
6267,RCN22833,1239-PF-KH-MSF-GENRE,Cambodia,Full,XGBoost,4,1,0.9977580904960632,1
6268,RCN22834,1239-PF-KH-MSF-GENRE,Cambodia,Full,XGBoost,4,1,0.937750518321991,1
6269,RCN22835,1239-PF-KH-MSF-GENRE,Cambodia,Full,XGBoost,4,0,0.07297530025243759,0
6270,RCN22836,1239-PF-KH-MSF-GENRE,Cambodia,Full,XGBoost,4,1,0.9977580904960632,1
6271,RCN22837,1239-PF-KH-MSF-GENRE,Cambodia,Full,XGBoost,4,1,0.9574683308601379,1
6272,RCN22838,1239-PF-KH-MSF-GENRE,Cambodia,Full,XGBoost,4,1,0.9873347282409668,1
6273,RCN22839,1239-PF-KH-MSF-GENRE,Cambodia,Full,XGBoost,4,0,0.11291471123695374,0
6274,RCN22840,1239-PF-KH-MSF-GENRE,Cambodia,Full,XGBoost,4,1,0.9977898597717285,1
6275,RCN22842,1239-PF-KH-MSF-GENRE,Cambodia,Full,XGBoost,4,1,0.8822339177131653,1
6276,RCN22843,1239-PF-KH-MSF-GENRE,Cambodia,Full,XGBoost,4,0,0.06728702038526535,0
6277,RCN22845,1239-PF-KH-MSF-GENRE,Cambodia,Full,XGBoost,4,0,0.6441414952278137,1
6278,RCN22846,1239-PF-KH-MSF-GENRE,Cambodia,Full,XGBoost,4,1,0.9824677109718323,1
6279,RCN22847,1239-PF-KH-MSF-GENRE,Cambodia,Full,XGBoost,4,1,0.9826352596282959,1
6280,RCN22848,1239-PF-KH-MSF-GENRE,Cambodia,Full,XGBoost,4,1,0.9783425331115723,1
6281,RCN22850,1239-PF-KH-MSF-GENRE,Cambodia,Full,XGBoost,4,1,0.9977898597717285,1
6282,RCN22851,1239-PF-KH-MSF-GENRE,Cambodia,Full,XGBoost,4,1,0.99284428358078,1
6283,RCN22852,1239-PF-KH-MSF-GENRE,Cambodia,Full,XGBoost,4,1,0.9833300709724426,1
6284,RCN22853,1239-PF-KH-MSF-GENRE,Cambodia,Full,XGBoost,4,1,0.9929611086845398,1
6285,RCN22854,1239-PF-KH-MSF-GENRE,Cambodia,Full,XGBoost,4,1,0.9574300050735474,1
6286,RCN22855,1239-PF-KH-MSF-GENRE,Cambodia,Full,XGBoost,4,1,0.9939663410186768,1
6287,RCN22857,1239-PF-KH-MSF-GENRE,Cambodia,Full,XGBoost,4,1,0.979021430015564,1
6288,RCN22858,1239-PF-KH-MSF-GENRE,Cambodia,Full,XGBoost,4,1,0.9968386888504028,1
6289,RCN22859,1239-PF-KH-MSF-GENRE,Cambodia,Full,XGBoost,4,1,0.9968386888504028,1
6290,RCN22860,1239-PF-KH-MSF-GENRE,Cambodia,Full,XGBoost,4,1,0.996864378452301,1
6291,RCN22861,1239-PF-KH-MSF-GENRE,Cambodia,Full,XGBoost,4,1,0.9574300050735474,1
6292,RCN22862,1239-PF-KH-MSF-GENRE,Cambodia,Full,XGBoost,4,1,0.9968065023422241,1
6293,RCN22863,1239-PF-KH-MSF-GENRE,Cambodia,Full,XGBoost,4,1,0.9969383478164673,1
6294,RCN22864,1239-PF-KH-MSF-GENRE,Cambodia,Full,XGBoost,4,1,0.97166508436203,1
6295,RCN22865,1239-PF-KH-MSF-GENRE,Cambodia,Full,XGBoost,4,0,0.8956503868103027,1
6296,RCN22866,1239-PF-KH-MSF-GENRE,Cambodia,Full,XGBoost,4,1,0.9964956641197205,1
6297,RCN22867,1239-PF-KH-MSF-GENRE,Cambodia,Full,XGBoost,4,1,0.9975572824478149,1
6298,RCN22868,1239-PF-KH-MSF-GENRE,Cambodia,Full,XGBoost,4,1,0.9977898597717285,1
6299,RCN22869,1239-PF-KH-MSF-GENRE,Cambodia,Full,XGBoost,4,1,0.9606792330741882,1
6300,RCN22870,1239-PF-KH-MSF-GENRE,Cambodia,Full,XGBoost,4,1,0.9951738715171814,1
6301,RCN22872,1239-PF-KH-MSF-GENRE,Cambodia,Full,XGBoost,4,1,0.9727144837379456,1
6302,RCN22873,1239-PF-KH-MSF-GENRE,Cambodia,Full,XGBoost,4,1,0.9730923771858215,1
6303,RCN22874,1239-PF-KH-MSF-GENRE,Cambodia,Full,XGBoost,4,1,0.9730923771858215,1
6304,RCN22875,1239-PF-KH-MSF-GENRE,Cambodia,Full,XGBoost,4,1,0.9729117751121521,1
6305,RCN22876,1239-PF-KH-MSF-GENRE,Cambodia,Full,XGBoost,4,1,0.9766058921813965,1
6306,RCN22877,1239-PF-KH-MSF-GENRE,Cambodia,Full,XGBoost,4,1,0.9556896686553955,1
6307,RCN22878,1239-PF-KH-MSF-GENRE,Cambodia,Full,XGBoost,4,1,0.9674298167228699,1
6308,RCN22879,1239-PF-KH-MSF-GENRE,Cambodia,Full,XGBoost,4,1,0.9685436487197876,1
6309,RCN22880,1239-PF-KH-MSF-GENRE,Cambodia,Full,XGBoost,4,1,0.9928348064422607,1
6310,RCN22881,1239-PF-KH-MSF-GENRE,Cambodia,Full,XGBoost,4,0,0.03298955038189888,0
6311,RCN22882,1239-PF-KH-MSF-GENRE,Cambodia,Full,XGBoost,4,1,0.9968301653862,1
6312,RCN22887,1239-PF-KH-MSF-GENRE,Cambodia,Full,XGBoost,4,0,0.9406518340110779,1
6313,RCN22888,1239-PF-KH-MSF-GENRE,Cambodia,Full,XGBoost,4,1,0.9729521870613098,1
6314,RCN22889,1239-PF-KH-MSF-GENRE,Cambodia,Full,XGBoost,4,0,0.962873637676239,1
6315,RCN22890,1239-PF-KH-MSF-GENRE,Cambodia,Full,XGBoost,4,0,0.9205150008201599,1
6316,RCN22891,1239-PF-KH-MSF-GENRE,Cambodia,Full,XGBoost,4,0,0.9425694346427917,1
6317,RCN22892,1239-PF-KH-MSF-GENRE,Cambodia,Full,XGBoost,4,1,0.9663837552070618,1
6318,RCN22894,1239-PF-KH-MSF-GENRE,Cambodia,Full,XGBoost,4,1,0.9590433239936829,1
6319,RCN22895,1239-PF-KH-MSF-GENRE,Cambodia,Full,XGBoost,4,0,0.9223080277442932,1
6320,RCN22896,1239-PF-KH-MSF-GENRE,Cambodia,Full,XGBoost,4,1,0.9962641596794128,1
6321,RCN22897,1239-PF-KH-MSF-GENRE,Cambodia,Full,XGBoost,4,1,0.9542510509490967,1
6322,RCN22898,1239-PF-KH-MSF-GENRE,Cambodia,Full,XGBoost,4,0,0.01996041275560856,0
6323,RCN22899,1239-PF-KH-MSF-GENRE,Cambodia,Full,XGBoost,4,0,0.019299419596791267,0
6324,RCN22900,1239-PF-KH-MSF-GENRE,Cambodia,Full,XGBoost,4,0,0.02160750888288021,0
6325,RCN22902,1239-PF-KH-MSF-GENRE,Cambodia,Full,XGBoost,4,0,0.9421960711479187,1
6326,RCN22903,1239-PF-KH-MSF-GENRE,Cambodia,Full,XGBoost,4,1,0.9690935015678406,1
6327,RCN22904,1239-PF-KH-MSF-GENRE,Cambodia,Full,XGBoost,4,0,0.9425694346427917,1
6328,RCN22905,1239-PF-KH-MSF-GENRE,Cambodia,Full,XGBoost,4,1,0.8299261331558228,1
6329,RCN22908,1239-PF-KH-MSF-GENRE,Cambodia,Full,XGBoost,4,1,0.9622179865837097,1
6330,RCN22909,1239-PF-KH-MSF-GENRE,Cambodia,Full,XGBoost,4,1,0.9469524621963501,1
6331,RCN22911,1239-PF-KH-MSF-GENRE,Cambodia,Full,XGBoost,4,1,0.9902847409248352,1
6332,RCN22931,1239-PF-KH-MSF-GENRE,Cambodia,Full,XGBoost,4,1,0.9661867022514343,1
6333,RCN22934,1239-PF-KH-MSF-GENRE,Cambodia,Full,XGBoost,4,1,0.9978677034378052,1
6334,RCN22939,1239-PF-KH-MSF-GENRE,Cambodia,Full,XGBoost,4,1,0.9607754349708557,1
6335,RCN22940,1239-PF-KH-MSF-GENRE,Cambodia,Full,XGBoost,4,1,0.9974848031997681,1
6336,RCN22947,1239-PF-KH-MSF-GENRE,Cambodia,Full,XGBoost,4,1,0.9977898597717285,1
6337,RCN22954,1239-PF-KH-MSF-GENRE,Cambodia,Full,XGBoost,4,1,0.9034591913223267,1
6338,RCN22955,1239-PF-KH-MSF-GENRE,Cambodia,Full,XGBoost,4,1,0.837213933467865,1
6339,RCN22957,1239-PF-KH-MSF-GENRE,Cambodia,Full,XGBoost,4,1,0.9052057862281799,1
6340,RCN22959,1239-PF-KH-MSF-GENRE,Cambodia,Full,XGBoost,4,1,0.9605666995048523,1
6341,RCN22967,1239-PF-KH-MSF-GENRE,Cambodia,Full,XGBoost,4,1,0.9925206899642944,1
6342,RCN22970,1239-PF-KH-MSF-GENRE,Cambodia,Full,XGBoost,4,1,0.9968969821929932,1
6343,RCN22971,1239-PF-KH-MSF-GENRE,Cambodia,Full,XGBoost,4,1,0.988620936870575,1
6344,RCN22972,1239-PF-KH-MSF-GENRE,Cambodia,Full,XGBoost,4,1,0.9977879524230957,1
6345,RCN22974,1239-PF-KH-MSF-GENRE,Cambodia,Full,XGBoost,4,1,0.9977580904960632,1
6346,RCN22975,1239-PF-KH-MSF-GENRE,Cambodia,Full,XGBoost,4,1,0.9977879524230957,1
6347,RCN22976,1239-PF-KH-MSF-GENRE,Cambodia,Full,XGBoost,4,1,0.9408355355262756,1
6348,RCN22977,1239-PF-KH-MSF-GENRE,Cambodia,Full,XGBoost,4,1,0.946896493434906,1
6349,RCN22979,1239-PF-KH-MSF-GENRE,Cambodia,Full,XGBoost,4,1,0.9968386888504028,1
6350,RCN22982,1239-PF-KH-MSF-GENRE,Cambodia,Full,XGBoost,4,1,0.9736562967300415,1
6351,RCN22984,1239-PF-KH-MSF-GENRE,Cambodia,Full,XGBoost,4,1,0.997841477394104,1
6352,RCN22988,1239-PF-KH-MSF-GENRE,Cambodia,Full,XGBoost,4,1,0.9977879524230957,1
6353,RCN22989,1239-PF-KH-MSF-GENRE,Cambodia,Full,XGBoost,4,1,0.9963956475257874,1
6354,RCN22990,1239-PF-KH-MSF-GENRE,Cambodia,Full,XGBoost,4,1,0.9865950345993042,1
6355,RCN22995,1239-PF-KH-MSF-GENRE,Cambodia,Full,XGBoost,4,1,0.9963074922561646,1
6356,RCN22999,1239-PF-KH-MSF-GENRE,Cambodia,Full,XGBoost,4,1,0.9977580904960632,1
6357,RCN23000,1239-PF-KH-MSF-GENRE,Cambodia,Full,XGBoost,4,1,0.9968563318252563,1
6358,RCN23001,1239-PF-KH-MSF-GENRE,Cambodia,Full,XGBoost,4,1,0.9968225955963135,1
6359,RCN23002,1239-PF-KH-MSF-GENRE,Cambodia,Full,XGBoost,4,1,0.9975748658180237,1
6360,RCN23003,1239-PF-KH-MSF-GENRE,Cambodia,Full,XGBoost,4,1,0.9977898597717285,1
6361,RCN23004,1239-PF-KH-MSF-GENRE,Cambodia,Full,XGBoost,4,1,0.9974609613418579,1
6362,RCN23020,1239-PF-KH-MSF-GENRE,Cambodia,Full,XGBoost,4,1,0.9977898597717285,1
6363,RCN23022,1239-PF-KH-MSF-GENRE,Cambodia,Full,XGBoost,4,1,0.997841477394104,1
6364,RCN23024,1239-PF-KH-MSF-GENRE,Cambodia,Full,XGBoost,4,1,0.9977580904960632,1
6365,RCN23025,1239-PF-KH-MSF-GENRE,Cambodia,Full,XGBoost,4,1,0.997343122959137,1
6366,RCN23026,1239-PF-KH-MSF-GENRE,Cambodia,Full,XGBoost,4,1,0.9928632378578186,1
6367,RCN23028,1239-PF-KH-MSF-GENRE,Cambodia,Full,XGBoost,4,1,0.9977580904960632,1
6368,RCN23029,1239-PF-KH-MSF-GENRE,Cambodia,Full,XGBoost,4,1,0.997841477394104,1
6369,RCN23030,1239-PF-KH-MSF-GENRE,Cambodia,Full,XGBoost,4,1,0.9977580904960632,1
6370,RCN23032,1239-PF-KH-MSF-GENRE,Cambodia,Full,XGBoost,4,1,0.9975396394729614,1
6371,RCN23035,1239-PF-KH-MSF-GENRE,Cambodia,Full,XGBoost,4,1,0.9962641596794128,1
6372,RCN23036,1239-PF-KH-MSF-GENRE,Cambodia,Full,XGBoost,4,1,0.9977580904960632,1
6373,RCN23038,1239-PF-KH-MSF-GENRE,Cambodia,Full,XGBoost,4,1,0.9972357153892517,1
6374,RCN23041,1239-PF-KH-MSF-GENRE,Cambodia,Full,XGBoost,4,0,0.05071263015270233,0
6375,RCN23042,1239-PF-KH-MSF-GENRE,Cambodia,Full,XGBoost,4,1,0.9033583402633667,1
6376,RCN23044,1239-PF-KH-MSF-GENRE,Cambodia,Full,XGBoost,4,0,0.03831767663359642,0
6377,RCN23046,1239-PF-KH-MSF-GENRE,Cambodia,Full,XGBoost,4,0,0.03831767663359642,0
6378,RCN23048,1239-PF-KH-MSF-GENRE,Cambodia,Full,XGBoost,4,0,0.03831767663359642,0
6379,RCN23059,1239-PF-KH-MSF-GENRE,Cambodia,Full,XGBoost,4,1,0.997536301612854,1
6380,RCN23060,1239-PF-KH-MSF-GENRE,Cambodia,Full,XGBoost,4,1,0.9969186782836914,1
6381,RCN23072,1239-PF-KH-MSF-GENRE,Cambodia,Full,XGBoost,4,1,0.9965208768844604,1
6382,RCN23080,1239-PF-KH-MSF-GENRE,Cambodia,Full,XGBoost,4,1,0.9709544777870178,1
6383,RCN23082,1239-PF-KH-MSF-GENRE,Cambodia,Full,XGBoost,4,1,0.9661900401115417,1
6384,RCN23098,1239-PF-KH-MSF-GENRE,Cambodia,Full,XGBoost,4,1,0.9945747256278992,1
6385,RCN23099,1239-PF-KH-MSF-GENRE,Cambodia,Full,XGBoost,4,1,0.9977879524230957,1
6386,RCN23103,1239-PF-KH-MSF-GENRE,Cambodia,Full,XGBoost,4,1,0.9966387748718262,1
6387,RCN23105,1239-PF-KH-MSF-GENRE,Cambodia,Full,XGBoost,4,1,0.9940595626831055,1
6388,RCN23106,1239-PF-KH-MSF-GENRE,Cambodia,Full,XGBoost,4,1,0.9975572824478149,1
6389,RCN23112,1239-PF-KH-MSF-GENRE,Cambodia,Full,XGBoost,4,1,0.9968885779380798,1
6390,RCN23114,1239-PF-KH-MSF-GENRE,Cambodia,Full,XGBoost,4,1,0.9848374724388123,1
6391,RCN23121,1239-PF-KH-MSF-GENRE,Cambodia,Full,XGBoost,4,1,0.9090754985809326,1
6392,RCN23122,1239-PF-KH-MSF-GENRE,Cambodia,Full,XGBoost,4,1,0.9958178400993347,1
6393,RCN23128,1239-PF-KH-MSF-GENRE,Cambodia,Full,XGBoost,4,1,0.9941825270652771,1
6394,RCN23138,1239-PF-KH-MSF-GENRE,Cambodia,Full,XGBoost,4,1,0.9974808096885681,1
6395,RCN23139,1239-PF-KH-MSF-GENRE,Cambodia,Full,XGBoost,4,1,0.9814873933792114,1
6396,RCN23145,1239-PF-KH-MSF-GENRE,Cambodia,Full,XGBoost,4,1,0.9033583402633667,1
6397,RCN23146,1239-PF-KH-MSF-GENRE,Cambodia,Full,XGBoost,4,1,0.9137116074562073,1
6398,RCN23151,1239-PF-KH-MSF-GENRE,Cambodia,Full,XGBoost,4,1,0.9052057862281799,1
6399,RCN23162,1239-PF-KH-MSF-GENRE,Cambodia,Full,XGBoost,4,1,0.9686716198921204,1
6400,RCN23163,1239-PF-KH-MSF-GENRE,Cambodia,Full,XGBoost,4,0,0.04270598292350769,0
6401,RCN23164,1239-PF-KH-MSF-GENRE,Cambodia,Full,XGBoost,4,1,0.9971808195114136,1
6402,RCN23166,1239-PF-KH-MSF-GENRE,Cambodia,Full,XGBoost,4,1,0.9977580904960632,1
6403,RCN23167,1239-PF-KH-MSF-GENRE,Cambodia,Full,XGBoost,4,0,0.16355518996715546,0
6404,RCN23168,1239-PF-KH-MSF-GENRE,Cambodia,Full,XGBoost,4,1,0.979690432548523,1
6405,RCN23174,1239-PF-KH-MSF-GENRE,Cambodia,Full,XGBoost,4,1,0.9973723888397217,1
6406,RCN23175,1239-PF-KH-MSF-GENRE,Cambodia,Full,XGBoost,4,1,0.9923427700996399,1
6407,RCN23178,1239-PF-KH-MSF-GENRE,Cambodia,Full,XGBoost,4,1,0.9258861541748047,1
6408,RCN23191,1239-PF-KH-MSF-GENRE,Cambodia,Full,XGBoost,4,1,0.9963489770889282,1
6409,RCN23198,1239-PF-KH-MSF-GENRE,Cambodia,Full,XGBoost,4,1,0.9894521236419678,1
6410,RCN23208,1239-PF-KH-MSF-GENRE,Cambodia,Full,XGBoost,4,1,0.987183690071106,1
6411,RCN23216,1239-PF-KH-MSF-GENRE,Cambodia,Full,XGBoost,4,1,0.9737788438796997,1
6412,RCN23223,1239-PF-KH-MSF-GENRE,Cambodia,Full,XGBoost,4,1,0.9842031002044678,1
6413,RCN23227,1239-PF-KH-MSF-GENRE,Cambodia,Full,XGBoost,4,1,0.9837207794189453,1
6414,RCN23230,1239-PF-KH-MSF-GENRE,Cambodia,Full,XGBoost,4,1,0.9842031002044678,1
6415,RCN23232,1239-PF-KH-MSF-GENRE,Cambodia,Full,XGBoost,4,1,0.9808602333068848,1
6416,RCN23233,1239-PF-KH-MSF-GENRE,Cambodia,Full,XGBoost,4,1,0.9891077280044556,1
6417,RCN23234,1239-PF-KH-MSF-GENRE,Cambodia,Full,XGBoost,4,1,0.9838305115699768,1
77,PD0109-C,1031-PF-SEA-PLOWE,Thailand,Full,XGBoost,5,0,0.2691935896873474,0
78,PD0110-C,1031-PF-SEA-PLOWE,Thailand,Full,XGBoost,5,1,0.5286063551902771,1
111,PD0145-C,1031-PF-SEA-PLOWE,Thailand,Full,XGBoost,5,0,0.22755812108516693,0
241,PD0716-C,1125-PF-TH-NOSTEN,Thailand,Full,XGBoost,5,0,0.29019173979759216,0
242,PD0717-C,1125-PF-TH-NOSTEN,Thailand,Full,XGBoost,5,0,0.50069659948349,1
243,PD0718-C,1125-PF-TH-NOSTEN,Thailand,Full,XGBoost,5,0,0.27608156204223633,0
244,PD0720-C,1125-PF-TH-NOSTEN,Thailand,Full,XGBoost,5,1,0.6869655847549438,1
245,PD0721-C,1125-PF-TH-NOSTEN,Thailand,Full,XGBoost,5,0,0.3808191418647766,0
246,PD0722-C,1125-PF-TH-NOSTEN,Thailand,Full,XGBoost,5,0,0.700272262096405,1
247,PD0724-C,1125-PF-TH-NOSTEN,Thailand,Full,XGBoost,5,0,0.36631450057029724,0
248,PD0725-C,1125-PF-TH-NOSTEN,Thailand,Full,XGBoost,5,1,0.6869655847549438,1
249,PD0726-C,1125-PF-TH-NOSTEN,Thailand,Full,XGBoost,5,0,0.7831971645355225,1
250,PD0727-C,1125-PF-TH-NOSTEN,Thailand,Full,XGBoost,5,0,0.31525012850761414,0
251,PD0728-C,1125-PF-TH-NOSTEN,Thailand,Full,XGBoost,5,0,0.10518828779459,0
252,PD0729-C,1125-PF-TH-NOSTEN,Thailand,Full,XGBoost,5,0,0.6466867923736572,1
253,PD0730-C,1125-PF-TH-NOSTEN,Thailand,Full,XGBoost,5,0,0.6578556299209595,1
254,PD0731-C,1125-PF-TH-NOSTEN,Thailand,Full,XGBoost,5,1,0.7387297749519348,1
255,PD0733-C,1125-PF-TH-NOSTEN,Thailand,Full,XGBoost,5,0,0.1048756092786789,0
256,PD0734-C,1125-PF-TH-NOSTEN,Thailand,Full,XGBoost,5,1,0.5089688897132874,1
257,PD0735-C,1125-PF-TH-NOSTEN,Thailand,Full,XGBoost,5,0,0.50069659948349,1
258,PD0740-C,1125-PF-TH-NOSTEN,Thailand,Full,XGBoost,5,0,0.2027425765991211,0
259,PD0741-C,1125-PF-TH-NOSTEN,Thailand,Full,XGBoost,5,0,0.2396184355020523,0
260,PD0742-C,1125-PF-TH-NOSTEN,Thailand,Full,XGBoost,5,0,0.599454402923584,1
261,PD0744-C,1125-PF-TH-NOSTEN,Thailand,Full,XGBoost,5,0,0.7467869520187378,1
262,PD0746-C,1125-PF-TH-NOSTEN,Thailand,Full,XGBoost,5,1,0.7485973834991455,1
263,PD0747-C,1125-PF-TH-NOSTEN,Thailand,Full,XGBoost,5,0,0.4089076519012451,0
264,PD0748-C,1125-PF-TH-NOSTEN,Thailand,Full,XGBoost,5,0,0.3649425804615021,0
265,PD0749-C,1125-PF-TH-NOSTEN,Thailand,Full,XGBoost,5,0,0.7267648577690125,1
266,PD0750-C,1125-PF-TH-NOSTEN,Thailand,Full,XGBoost,5,0,0.5337329506874084,1
267,PD0751-C,1125-PF-TH-NOSTEN,Thailand,Full,XGBoost,5,1,0.6508272886276245,1
268,PD0754-C,1125-PF-TH-NOSTEN,Thailand,Full,XGBoost,5,0,0.39357784390449524,0
269,PD0755-C,1125-PF-TH-NOSTEN,Thailand,Full,XGBoost,5,0,0.5483176708221436,1
270,PD0758-C,1125-PF-TH-NOSTEN,Thailand,Full,XGBoost,5,0,0.806303858757019,1
271,PD0760-C,1125-PF-TH-NOSTEN,Thailand,Full,XGBoost,5,0,0.739729642868042,1
272,PD0761-C,1125-PF-TH-NOSTEN,Thailand,Full,XGBoost,5,0,0.44497036933898926,0
273,PD0762-C,1125-PF-TH-NOSTEN,Thailand,Full,XGBoost,5,0,0.3256555199623108,0
274,PD0765-C,1125-PF-TH-NOSTEN,Thailand,Full,XGBoost,5,0,0.24976609647274017,0
275,PD0766-C,1125-PF-TH-NOSTEN,Thailand,Full,XGBoost,5,0,0.6702035665512085,1
276,PD0767-C,1125-PF-TH-NOSTEN,Thailand,Full,XGBoost,5,0,0.631315290927887,1
277,PD0771-C,1125-PF-TH-NOSTEN,Thailand,Full,XGBoost,5,0,0.3315538167953491,0
278,PD0772-C,1125-PF-TH-NOSTEN,Thailand,Full,XGBoost,5,0,0.5859030485153198,1
279,PD0774-C,1125-PF-TH-NOSTEN,Thailand,Full,XGBoost,5,0,0.17549310624599457,0
280,PD0775-C,1125-PF-TH-NOSTEN,Thailand,Full,XGBoost,5,0,0.31734129786491394,0
281,PD0776-C,1125-PF-TH-NOSTEN,Thailand,Full,XGBoost,5,0,0.3862018287181854,0
282,PD0777-C,1125-PF-TH-NOSTEN,Thailand,Full,XGBoost,5,0,0.6370499134063721,1
283,PD0781-C,1125-PF-TH-NOSTEN,Thailand,Full,XGBoost,5,0,0.17998097836971283,0
284,PD0782-C,1125-PF-TH-NOSTEN,Thailand,Full,XGBoost,5,0,0.6616387367248535,1
285,PD0785-C,1125-PF-TH-NOSTEN,Thailand,Full,XGBoost,5,0,0.29164206981658936,0
286,PD0786-C,1125-PF-TH-NOSTEN,Thailand,Full,XGBoost,5,0,0.2400437742471695,0
287,PD0787-C,1125-PF-TH-NOSTEN,Thailand,Full,XGBoost,5,0,0.7244173288345337,1
288,PD0789-C,1125-PF-TH-NOSTEN,Thailand,Full,XGBoost,5,0,0.6664584875106812,1
289,PD0790-C,1125-PF-TH-NOSTEN,Thailand,Full,XGBoost,5,0,0.2820224463939667,0
290,PD0791-C,1125-PF-TH-NOSTEN,Thailand,Full,XGBoost,5,1,0.7538674473762512,1
291,PD0792-C,1125-PF-TH-NOSTEN,Thailand,Full,XGBoost,5,0,0.728240966796875,1
292,PD0794-C,1125-PF-TH-NOSTEN,Thailand,Full,XGBoost,5,0,0.6875014901161194,1
293,PD0795-C,1125-PF-TH-NOSTEN,Thailand,Full,XGBoost,5,0,0.8200460076332092,1
294,PD0796-C,1125-PF-TH-NOSTEN,Thailand,Full,XGBoost,5,0,0.6821820139884949,1
295,PD0799-C,1125-PF-TH-NOSTEN,Thailand,Full,XGBoost,5,1,0.736082136631012,1
296,PD0800-C,1125-PF-TH-NOSTEN,Thailand,Full,XGBoost,5,1,0.7944324016571045,1
297,PD0801-C,1125-PF-TH-NOSTEN,Thailand,Full,XGBoost,5,1,0.19777627289295197,0
298,PD0802-C,1125-PF-TH-NOSTEN,Thailand,Full,XGBoost,5,1,0.18288463354110718,0
299,PD0803-C,1125-PF-TH-NOSTEN,Thailand,Full,XGBoost,5,1,0.4572537839412689,0
300,PD0804-C,1125-PF-TH-NOSTEN,Thailand,Full,XGBoost,5,1,0.736082136631012,1
301,PD0806-C,1125-PF-TH-NOSTEN,Thailand,Full,XGBoost,5,1,0.8497854471206665,1
302,PD0808-C,1125-PF-TH-NOSTEN,Thailand,Full,XGBoost,5,1,0.7630207538604736,1
303,PD0809-C,1125-PF-TH-NOSTEN,Thailand,Full,XGBoost,5,1,0.704666256904602,1
304,PD0810-C,1125-PF-TH-NOSTEN,Thailand,Full,XGBoost,5,1,0.6938000917434692,1
305,PD0813-C,1125-PF-TH-NOSTEN,Thailand,Full,XGBoost,5,0,0.05855836719274521,0
306,PD0814-C,1125-PF-TH-NOSTEN,Thailand,Full,XGBoost,5,1,0.8497854471206665,1
307,PD0816-C,1125-PF-TH-NOSTEN,Thailand,Full,XGBoost,5,1,0.8122795224189758,1
308,PD0817-C,1125-PF-TH-NOSTEN,Thailand,Full,XGBoost,5,0,0.7248932123184204,1
309,PD0818-C,1125-PF-TH-NOSTEN,Thailand,Full,XGBoost,5,1,0.8122795224189758,1
310,PD0819-C,1125-PF-TH-NOSTEN,Thailand,Full,XGBoost,5,1,0.8122795224189758,1
311,PD0820-C,1125-PF-TH-NOSTEN,Thailand,Full,XGBoost,5,1,0.8200460076332092,1
312,PD0822-C,1125-PF-TH-NOSTEN,Thailand,Full,XGBoost,5,1,0.8122795224189758,1
313,PD0823-C,1125-PF-TH-NOSTEN,Thailand,Full,XGBoost,5,1,0.7944324016571045,1
314,PD0824-C,1125-PF-TH-NOSTEN,Thailand,Full,XGBoost,5,1,0.7944324016571045,1
315,PD0825-C,1125-PF-TH-NOSTEN,Thailand,Full,XGBoost,5,1,0.8497854471206665,1
316,PD0826-C,1125-PF-TH-NOSTEN,Thailand,Full,XGBoost,5,1,0.8122795224189758,1
317,PD0827-C,1125-PF-TH-NOSTEN,Thailand,Full,XGBoost,5,1,0.8122795224189758,1
318,PD0828-C,1125-PF-TH-NOSTEN,Thailand,Full,XGBoost,5,1,0.8122795224189758,1
319,PD0829-C,1125-PF-TH-NOSTEN,Thailand,Full,XGBoost,5,1,0.8122795224189758,1
320,PD0830-C,1125-PF-TH-NOSTEN,Thailand,Full,XGBoost,5,1,0.7082667350769043,1
321,PD0831-C,1125-PF-TH-NOSTEN,Thailand,Full,XGBoost,5,1,0.4120559096336365,0
322,PD0832-C,1125-PF-TH-NOSTEN,Thailand,Full,XGBoost,5,1,0.8122795224189758,1
323,PD0833-C,1125-PF-TH-NOSTEN,Thailand,Full,XGBoost,5,0,0.5758625864982605,1
324,PD0834-C,1125-PF-TH-NOSTEN,Thailand,Full,XGBoost,5,0,0.6753723621368408,1
325,PD0835-C,1125-PF-TH-NOSTEN,Thailand,Full,XGBoost,5,0,0.3249094486236572,0
326,PD0836-C,1125-PF-TH-NOSTEN,Thailand,Full,XGBoost,5,0,0.2557922899723053,0
327,PD0837-C,1125-PF-TH-NOSTEN,Thailand,Full,XGBoost,5,0,0.23429834842681885,0
328,PD0838-C,1125-PF-TH-NOSTEN,Thailand,Full,XGBoost,5,0,0.6517251133918762,1
329,PD0839-C,1125-PF-TH-NOSTEN,Thailand,Full,XGBoost,5,0,0.6761215925216675,1
330,PD0840-C,1125-PF-TH-NOSTEN,Thailand,Full,XGBoost,5,0,0.34998059272766113,0
331,PD0841-C,1125-PF-TH-NOSTEN,Thailand,Full,XGBoost,5,0,0.34176549315452576,0
332,PD0842-C,1125-PF-TH-NOSTEN,Thailand,Full,XGBoost,5,0,0.3249094486236572,0
333,PD0843-C,1125-PF-TH-NOSTEN,Thailand,Full,XGBoost,5,0,0.1557697355747223,0
334,PD0846-C,1125-PF-TH-NOSTEN,Thailand,Full,XGBoost,5,0,0.4310745894908905,0
335,PD0847-C,1125-PF-TH-NOSTEN,Thailand,Full,XGBoost,5,0,0.44486135244369507,0
336,PD0848-C,1125-PF-TH-NOSTEN,Thailand,Full,XGBoost,5,0,0.30359745025634766,0
337,PD0849-C,1125-PF-TH-NOSTEN,Thailand,Full,XGBoost,5,0,0.33785995841026306,0
338,PD0851-C,1125-PF-TH-NOSTEN,Thailand,Full,XGBoost,5,0,0.3727082908153534,0
339,PD0852-C,1125-PF-TH-NOSTEN,Thailand,Full,XGBoost,5,0,0.5685858726501465,1
340,PD0853-C,1125-PF-TH-NOSTEN,Thailand,Full,XGBoost,5,0,0.50069659948349,1
341,PD0854-C,1125-PF-TH-NOSTEN,Thailand,Full,XGBoost,5,0,0.3305617868900299,0
342,PD0855-C,1125-PF-TH-NOSTEN,Thailand,Full,XGBoost,5,0,0.2675859332084656,0
343,PD0856-C,1125-PF-TH-NOSTEN,Thailand,Full,XGBoost,5,0,0.23827630281448364,0
344,PD0857-C,1125-PF-TH-NOSTEN,Thailand,Full,XGBoost,5,0,0.49323341250419617,0
345,PD0858-C,1125-PF-TH-NOSTEN,Thailand,Full,XGBoost,5,0,0.08666738867759705,0
346,PD0859-C,1125-PF-TH-NOSTEN,Thailand,Full,XGBoost,5,0,0.17568311095237732,0
347,PD0860-C,1125-PF-TH-NOSTEN,Thailand,Full,XGBoost,5,0,0.7591113448143005,1
348,PD0861-C,1125-PF-TH-NOSTEN,Thailand,Full,XGBoost,5,0,0.14248114824295044,0
349,PD0862-C,1125-PF-TH-NOSTEN,Thailand,Full,XGBoost,5,0,0.7994999885559082,1
350,PD0863-C,1125-PF-TH-NOSTEN,Thailand,Full,XGBoost,5,0,0.41297775506973267,0
351,PD0864-C,1125-PF-TH-NOSTEN,Thailand,Full,XGBoost,5,0,0.49122339487075806,0
352,PD0867-C,1125-PF-TH-NOSTEN,Thailand,Full,XGBoost,5,1,0.36757564544677734,0
353,PD0869-C,1125-PF-TH-NOSTEN,Thailand,Full,XGBoost,5,0,0.5685858726501465,1
354,PD0870-C,1125-PF-TH-NOSTEN,Thailand,Full,XGBoost,5,1,0.7082667350769043,1
355,PD0871-C,1125-PF-TH-NOSTEN,Thailand,Full,XGBoost,5,0,0.4472070634365082,0
356,PD0872-C,1125-PF-TH-NOSTEN,Thailand,Full,XGBoost,5,1,0.468993216753006,0
357,PD0873-C,1125-PF-TH-NOSTEN,Thailand,Full,XGBoost,5,1,0.736082136631012,1
358,PD0874-C,1125-PF-TH-NOSTEN,Thailand,Full,XGBoost,5,1,0.736082136631012,1
359,PD0875-C,1125-PF-TH-NOSTEN,Thailand,Full,XGBoost,5,1,0.4367411136627197,0
360,PD0876-C,1125-PF-TH-NOSTEN,Thailand,Full,XGBoost,5,1,0.8206003904342651,1
361,PD0877-C,1125-PF-TH-NOSTEN,Thailand,Full,XGBoost,5,1,0.0711110308766365,0
362,PD0878-C,1125-PF-TH-NOSTEN,Thailand,Full,XGBoost,5,1,0.7270537614822388,1
363,PD0879-C,1125-PF-TH-NOSTEN,Thailand,Full,XGBoost,5,1,0.7270537614822388,1
364,PD0881-C,1125-PF-TH-NOSTEN,Thailand,Full,XGBoost,5,0,0.47711682319641113,0
365,PD0882-C,1125-PF-TH-NOSTEN,Thailand,Full,XGBoost,5,0,0.22380982339382172,0
366,PD0883-C,1125-PF-TH-NOSTEN,Thailand,Full,XGBoost,5,0,0.5563808083534241,1
367,PD0884-C,1125-PF-TH-NOSTEN,Thailand,Full,XGBoost,5,0,0.34985461831092834,0
368,PD0885-C,1125-PF-TH-NOSTEN,Thailand,Full,XGBoost,5,0,0.8332552313804626,1
369,PD0886-C,1125-PF-TH-NOSTEN,Thailand,Full,XGBoost,5,0,0.6163812279701233,1
370,PD0887-C,1125-PF-TH-NOSTEN,Thailand,Full,XGBoost,5,1,0.6869655847549438,1
371,PD0889-C,1125-PF-TH-NOSTEN,Thailand,Full,XGBoost,5,0,0.4452042579650879,0
372,PD0890-C,1125-PF-TH-NOSTEN,Thailand,Full,XGBoost,5,0,0.4044465720653534,0
373,PD0891-C,1125-PF-TH-NOSTEN,Thailand,Full,XGBoost,5,0,0.15090838074684143,0
374,PD0892-C,1125-PF-TH-NOSTEN,Thailand,Full,XGBoost,5,0,0.5866079926490784,1
375,PD0894-C,1125-PF-TH-NOSTEN,Thailand,Full,XGBoost,5,0,0.22697575390338898,0
376,PD0895-C,1125-PF-TH-NOSTEN,Thailand,Full,XGBoost,5,0,0.6411837339401245,1
377,PD0898-C,1125-PF-TH-NOSTEN,Thailand,Full,XGBoost,5,1,0.28549644351005554,0
378,PD0901-C,1125-PF-TH-NOSTEN,Thailand,Full,XGBoost,5,0,0.4085731506347656,0
379,PD0904-C,1125-PF-TH-NOSTEN,Thailand,Full,XGBoost,5,0,0.6569653153419495,1
380,PD0905-C,1125-PF-TH-NOSTEN,Thailand,Full,XGBoost,5,0,0.3929492235183716,0
381,PD0906-C,1125-PF-TH-NOSTEN,Thailand,Full,XGBoost,5,0,0.4165392816066742,0
382,PD0907-C,1125-PF-TH-NOSTEN,Thailand,Full,XGBoost,5,0,0.35437896847724915,0
383,PD0908-C,1125-PF-TH-NOSTEN,Thailand,Full,XGBoost,5,0,0.48314061760902405,0
384,PD0909-C,1125-PF-TH-NOSTEN,Thailand,Full,XGBoost,5,0,0.7382850050926208,1
385,PD0910-C,1125-PF-TH-NOSTEN,Thailand,Full,XGBoost,5,0,0.5866079926490784,1
386,PD0913-C,1125-PF-TH-NOSTEN,Thailand,Full,XGBoost,5,1,0.6869655847549438,1
387,PD0914-C,1125-PF-TH-NOSTEN,Thailand,Full,XGBoost,5,0,0.5804203152656555,1
388,PD0915-C,1125-PF-TH-NOSTEN,Thailand,Full,XGBoost,5,0,0.16021130979061127,0
389,PD0916-C,1125-PF-TH-NOSTEN,Thailand,Full,XGBoost,5,0,0.6619161367416382,1
390,PD0918-C,1125-PF-TH-NOSTEN,Thailand,Full,XGBoost,5,0,0.7467869520187378,1
391,PD0919-C,1125-PF-TH-NOSTEN,Thailand,Full,XGBoost,5,0,0.6799999475479126,1
392,PD0920-C,1125-PF-TH-NOSTEN,Thailand,Full,XGBoost,5,0,0.29891759157180786,0
393,PD0921-C,1125-PF-TH-NOSTEN,Thailand,Full,XGBoost,5,0,0.3563840687274933,0
394,PD0923-C,1125-PF-TH-NOSTEN,Thailand,Full,XGBoost,5,0,0.811104953289032,1
395,PD0924-C,1125-PF-TH-NOSTEN,Thailand,Full,XGBoost,5,1,0.6090379357337952,1
396,PD0925-C,1125-PF-TH-NOSTEN,Thailand,Full,XGBoost,5,0,0.3509666621685028,0
397,PD0926-C,1125-PF-TH-NOSTEN,Thailand,Full,XGBoost,5,0,0.7002800107002258,1
398,PD0927-C,1125-PF-TH-NOSTEN,Thailand,Full,XGBoost,5,1,0.7732522487640381,1
399,PD0928-C,1125-PF-TH-NOSTEN,Thailand,Full,XGBoost,5,1,0.8512362241744995,1
400,PD0929-C,1125-PF-TH-NOSTEN,Thailand,Full,XGBoost,5,1,0.7465887665748596,1
401,PD0930-C,1125-PF-TH-NOSTEN,Thailand,Full,XGBoost,5,0,0.42389973998069763,0
402,PD0931-C,1125-PF-TH-NOSTEN,Thailand,Full,XGBoost,5,1,0.6316550970077515,1
403,PD0932-C,1125-PF-TH-NOSTEN,Thailand,Full,XGBoost,5,1,0.6316550970077515,1
404,PD0933-C,1125-PF-TH-NOSTEN,Thailand,Full,XGBoost,5,1,0.7732522487640381,1
405,PD0934-C,1125-PF-TH-NOSTEN,Thailand,Full,XGBoost,5,0,0.8088500499725342,1
406,PD0935-C,1125-PF-TH-NOSTEN,Thailand,Full,XGBoost,5,0,0.4472392797470093,0
407,PD0936-C,1125-PF-TH-NOSTEN,Thailand,Full,XGBoost,5,0,0.8150227069854736,1
408,PD0937-C,1125-PF-TH-NOSTEN,Thailand,Full,XGBoost,5,0,0.7467869520187378,1
409,PD0938-C,1125-PF-TH-NOSTEN,Thailand,Full,XGBoost,5,0,0.6157901883125305,1
410,PD0939-C,1125-PF-TH-NOSTEN,Thailand,Full,XGBoost,5,0,0.7831971645355225,1
411,PD0941-C,1125-PF-TH-NOSTEN,Thailand,Full,XGBoost,5,0,0.63369220495224,1
412,PD0942-C,1125-PF-TH-NOSTEN,Thailand,Full,XGBoost,5,0,0.3488154411315918,0
413,PD0944-C,1125-PF-TH-NOSTEN,Thailand,Full,XGBoost,5,0,0.50069659948349,1
414,PD0948-C,1125-PF-TH-NOSTEN,Thailand,Full,XGBoost,5,0,0.6200826168060303,1
415,PD0949-C,1125-PF-TH-NOSTEN,Thailand,Full,XGBoost,5,0,0.4009816646575928,0
416,PD0950-C,1125-PF-TH-NOSTEN,Thailand,Full,XGBoost,5,0,0.7940605878829956,1
417,PD0951-C,1125-PF-TH-NOSTEN,Thailand,Full,XGBoost,5,0,0.7467869520187378,1
418,PD0952-C,1125-PF-TH-NOSTEN,Thailand,Full,XGBoost,5,0,0.4190601706504822,0
419,PD0953-C,1125-PF-TH-NOSTEN,Thailand,Full,XGBoost,5,0,0.7312612533569336,1
420,PD0954-C,1125-PF-TH-NOSTEN,Thailand,Full,XGBoost,5,0,0.7564506530761719,1
421,PD0955-C,1125-PF-TH-NOSTEN,Thailand,Full,XGBoost,5,0,0.8566228747367859,1
422,PD0956-C,1125-PF-TH-NOSTEN,Thailand,Full,XGBoost,5,0,0.7453311085700989,1
423,PD0957-C,1125-PF-TH-NOSTEN,Thailand,Full,XGBoost,5,0,0.5967575907707214,1
424,PD0958-C,1125-PF-TH-NOSTEN,Thailand,Full,XGBoost,5,0,0.722703218460083,1
425,PD0959-C,1125-PF-TH-NOSTEN,Thailand,Full,XGBoost,5,0,0.7124519348144531,1
426,PD0961-C,1125-PF-TH-NOSTEN,Thailand,Full,XGBoost,5,0,0.6829500794410706,1
427,PD0962-C,1125-PF-TH-NOSTEN,Thailand,Full,XGBoost,5,0,0.19988296926021576,0
428,PD0963-C,1125-PF-TH-NOSTEN,Thailand,Full,XGBoost,5,0,0.7940605878829956,1
429,PD0964-C,1125-PF-TH-NOSTEN,Thailand,Full,XGBoost,5,0,0.17997562885284424,0
430,PD0966-C,1125-PF-TH-NOSTEN,Thailand,Full,XGBoost,5,0,0.43171337246894836,0
431,PD0967-C,1125-PF-TH-NOSTEN,Thailand,Full,XGBoost,5,0,0.5630552172660828,1
432,PD0968-C,1125-PF-TH-NOSTEN,Thailand,Full,XGBoost,5,0,0.4723384380340576,0
433,PD0969-C,1125-PF-TH-NOSTEN,Thailand,Full,XGBoost,5,0,0.4723384380340576,0
434,PD0971-C,1125-PF-TH-NOSTEN,Thailand,Full,XGBoost,5,0,0.36695703864097595,0
435,PD0972-C,1125-PF-TH-NOSTEN,Thailand,Full,XGBoost,5,0,0.2882765829563141,0
436,PD0973-C,1125-PF-TH-NOSTEN,Thailand,Full,XGBoost,5,0,0.5350775122642517,1
437,PD0974-C,1125-PF-TH-NOSTEN,Thailand,Full,XGBoost,5,0,0.3579227030277252,0
438,PD0976-C,1125-PF-TH-NOSTEN,Thailand,Full,XGBoost,5,0,0.6780620813369751,1
439,PD0978-C,1125-PF-TH-NOSTEN,Thailand,Full,XGBoost,5,0,0.7340793609619141,1
440,PD0979-C,1125-PF-TH-NOSTEN,Thailand,Full,XGBoost,5,0,0.5866079926490784,1
441,PD0980-C,1125-PF-TH-NOSTEN,Thailand,Full,XGBoost,5,0,0.6765824556350708,1
442,PD0982-C,1125-PF-TH-NOSTEN,Thailand,Full,XGBoost,5,1,0.43171337246894836,0
443,PD0983-C,1125-PF-TH-NOSTEN,Thailand,Full,XGBoost,5,0,0.6400672197341919,1
444,PD0984-C,1125-PF-TH-NOSTEN,Thailand,Full,XGBoost,5,0,0.3702201545238495,0
445,PD0985-C,1125-PF-TH-NOSTEN,Thailand,Full,XGBoost,5,0,0.648303747177124,1
446,PD0986-C,1125-PF-TH-NOSTEN,Thailand,Full,XGBoost,5,0,0.4169886112213135,0
447,PD0987-C,1125-PF-TH-NOSTEN,Thailand,Full,XGBoost,5,0,0.30359745025634766,0
448,PD0988-C,1125-PF-TH-NOSTEN,Thailand,Full,XGBoost,5,0,0.24373053014278412,0
449,PD0989-C,1125-PF-TH-NOSTEN,Thailand,Full,XGBoost,5,1,0.1401597410440445,0
450,PD0990-C,1125-PF-TH-NOSTEN,Thailand,Full,XGBoost,5,1,0.5938671231269836,1
451,PD0992-C,1125-PF-TH-NOSTEN,Thailand,Full,XGBoost,5,0,0.2636403739452362,0
452,PD0994-C,1125-PF-TH-NOSTEN,Thailand,Full,XGBoost,5,0,0.4010660946369171,0
453,PD0995-C,1125-PF-TH-NOSTEN,Thailand,Full,XGBoost,5,0,0.40082046389579773,0
454,PD0996-C,1125-PF-TH-NOSTEN,Thailand,Full,XGBoost,5,0,0.45087558031082153,0
455,PD0997-C,1125-PF-TH-NOSTEN,Thailand,Full,XGBoost,5,0,0.7940605878829956,1
456,PD0998-C,1125-PF-TH-NOSTEN,Thailand,Full,XGBoost,5,0,0.5848552584648132,1
457,PD1000-C,1125-PF-TH-NOSTEN,Thailand,Full,XGBoost,5,0,0.7702829837799072,1
458,PD1001-C,1125-PF-TH-NOSTEN,Thailand,Full,XGBoost,5,1,0.07699815928936005,0
459,PD1004-C,1125-PF-TH-NOSTEN,Thailand,Full,XGBoost,5,0,0.28327375650405884,0
460,PD1005-C,1125-PF-TH-NOSTEN,Thailand,Full,XGBoost,5,1,0.29878678917884827,0
461,PD1006-C,1125-PF-TH-NOSTEN,Thailand,Full,XGBoost,5,0,0.4549654722213745,0
462,PD1007-C,1125-PF-TH-NOSTEN,Thailand,Full,XGBoost,5,0,0.6869655847549438,1
463,PD1008-C,1125-PF-TH-NOSTEN,Thailand,Full,XGBoost,5,0,0.7820324301719666,1
464,PD1009-C,1125-PF-TH-NOSTEN,Thailand,Full,XGBoost,5,0,0.29061582684516907,0
465,PD1010-C,1125-PF-TH-NOSTEN,Thailand,Full,XGBoost,5,0,0.49792781472206116,0
466,PD1011-C,1125-PF-TH-NOSTEN,Thailand,Full,XGBoost,5,0,0.4068868160247803,0
467,PD1012-C,1125-PF-TH-NOSTEN,Thailand,Full,XGBoost,5,0,0.27730703353881836,0
468,PD1013-C,1125-PF-TH-NOSTEN,Thailand,Full,XGBoost,5,0,0.6919606924057007,1
469,PD1014-C,1125-PF-TH-NOSTEN,Thailand,Full,XGBoost,5,1,0.3580975830554962,0
470,PD1015-C,1125-PF-TH-NOSTEN,Thailand,Full,XGBoost,5,0,0.7467869520187378,1
471,PD1016-C,1125-PF-TH-NOSTEN,Thailand,Full,XGBoost,5,0,0.502236008644104,1
472,PD1017-C,1125-PF-TH-NOSTEN,Thailand,Full,XGBoost,5,0,0.5866079926490784,1
473,PD1018-C,1125-PF-TH-NOSTEN,Thailand,Full,XGBoost,5,0,0.5866079926490784,1
474,PD1019-C,1125-PF-TH-NOSTEN,Thailand,Full,XGBoost,5,0,0.2664856016635895,0
475,PD1020-C,1125-PF-TH-NOSTEN,Thailand,Full,XGBoost,5,0,0.6624979972839355,1
476,PD1021-C,1125-PF-TH-NOSTEN,Thailand,Full,XGBoost,5,0,0.7831971645355225,1
477,PD1023-C,1125-PF-TH-NOSTEN,Thailand,Full,XGBoost,5,0,0.6766823530197144,1
478,PD1024-C,1125-PF-TH-NOSTEN,Thailand,Full,XGBoost,5,0,0.7564506530761719,1
479,PD1026-C,1125-PF-TH-NOSTEN,Thailand,Full,XGBoost,5,0,0.7864817380905151,1
480,PD1027-C,1125-PF-TH-NOSTEN,Thailand,Full,XGBoost,5,0,0.453365296125412,0
481,PD1028-C,1125-PF-TH-NOSTEN,Thailand,Full,XGBoost,5,0,0.7831971645355225,1
482,PD1029-C,1125-PF-TH-NOSTEN,Thailand,Full,XGBoost,5,0,0.6139495968818665,1
483,PD1030-C,1125-PF-TH-NOSTEN,Thailand,Full,XGBoost,5,0,0.6869655847549438,1
484,PD1031-C,1125-PF-TH-NOSTEN,Thailand,Full,XGBoost,5,1,0.30734705924987793,0
485,PD1032-C,1125-PF-TH-NOSTEN,Thailand,Full,XGBoost,5,0,0.40859121084213257,0
486,PD1033-C,1125-PF-TH-NOSTEN,Thailand,Full,XGBoost,5,0,0.7467869520187378,1
487,PD1034-C,1125-PF-TH-NOSTEN,Thailand,Full,XGBoost,5,0,0.6869655847549438,1
488,PD1036-C,1125-PF-TH-NOSTEN,Thailand,Full,XGBoost,5,0,0.1393434703350067,0
489,PD1037-C,1125-PF-TH-NOSTEN,Thailand,Full,XGBoost,5,0,0.5966873168945312,1
490,PD1038-C,1125-PF-TH-NOSTEN,Thailand,Full,XGBoost,5,0,0.7778019905090332,1
491,PD1039-C,1125-PF-TH-NOSTEN,Thailand,Full,XGBoost,5,0,0.7387297749519348,1
492,PD1040-C,1125-PF-TH-NOSTEN,Thailand,Full,XGBoost,5,0,0.6766823530197144,1
493,PD1042-C,1125-PF-TH-NOSTEN,Thailand,Full,XGBoost,5,0,0.7635895013809204,1
494,PD1043-C,1125-PF-TH-NOSTEN,Thailand,Full,XGBoost,5,0,0.6511433124542236,1
495,PD1044-C,1125-PF-TH-NOSTEN,Thailand,Full,XGBoost,5,0,0.2618165910243988,0
496,PD1045-C,1125-PF-TH-NOSTEN,Thailand,Full,XGBoost,5,0,0.34853553771972656,0
497,PD1046-C,1125-PF-TH-NOSTEN,Thailand,Full,XGBoost,5,0,0.27730703353881836,0
498,PD1047-C,1125-PF-TH-NOSTEN,Thailand,Full,XGBoost,5,0,0.21129488945007324,0
499,PD1048-C,1125-PF-TH-NOSTEN,Thailand,Full,XGBoost,5,0,0.46004369854927063,0
500,PD1049-C,1125-PF-TH-NOSTEN,Thailand,Full,XGBoost,5,1,0.3733467757701874,0
501,PD1050-C,1125-PF-TH-NOSTEN,Thailand,Full,XGBoost,5,0,0.7729322910308838,1
502,PD1051-C,1125-PF-TH-NOSTEN,Thailand,Full,XGBoost,5,0,0.8566228747367859,1
503,PD1052-C,1125-PF-TH-NOSTEN,Thailand,Full,XGBoost,5,0,0.6508272886276245,1
504,PD1053-C,1125-PF-TH-NOSTEN,Thailand,Full,XGBoost,5,0,0.8111954927444458,1
505,PD1054-C,1125-PF-TH-NOSTEN,Thailand,Full,XGBoost,5,0,0.7074317932128906,1
506,PD1056-C,1125-PF-TH-NOSTEN,Thailand,Full,XGBoost,5,0,0.35509398579597473,0
507,PD1059-C,1125-PF-TH-NOSTEN,Thailand,Full,XGBoost,5,1,0.19306297600269318,0
508,PD1060-C,1125-PF-TH-NOSTEN,Thailand,Full,XGBoost,5,1,0.6674081683158875,1
509,PD1061-C,1125-PF-TH-NOSTEN,Thailand,Full,XGBoost,5,0,0.7244173884391785,1
510,PD1062-C,1125-PF-TH-NOSTEN,Thailand,Full,XGBoost,5,0,0.5243831276893616,1
511,PD1064-C,1125-PF-TH-NOSTEN,Thailand,Full,XGBoost,5,0,0.6761309504508972,1
512,PD1065-C,1125-PF-TH-NOSTEN,Thailand,Full,XGBoost,5,0,0.20309458673000336,0
513,PD1066-C,1125-PF-TH-NOSTEN,Thailand,Full,XGBoost,5,0,0.5302500128746033,1
514,PD1068-C,1125-PF-TH-NOSTEN,Thailand,Full,XGBoost,5,0,0.21232600510120392,0
515,PD1069-C,1125-PF-TH-NOSTEN,Thailand,Full,XGBoost,5,0,0.4684452414512634,0
516,PD1072-C,1125-PF-TH-NOSTEN,Thailand,Full,XGBoost,5,0,0.6551682353019714,1
517,PD1073-C,1125-PF-TH-NOSTEN,Thailand,Full,XGBoost,5,0,0.727615237236023,1
518,PD1074-C,1125-PF-TH-NOSTEN,Thailand,Full,XGBoost,5,0,0.12079539149999619,0
519,PD1075-C,1125-PF-TH-NOSTEN,Thailand,Full,XGBoost,5,0,0.6357104778289795,1
520,PD1076-C,1125-PF-TH-NOSTEN,Thailand,Full,XGBoost,5,0,0.27824538946151733,0
521,PD1077-C,1125-PF-TH-NOSTEN,Thailand,Full,XGBoost,5,0,0.6869655847549438,1
522,PD1078-C,1125-PF-TH-NOSTEN,Thailand,Full,XGBoost,5,0,0.35769033432006836,0
523,PD1079-C,1125-PF-TH-NOSTEN,Thailand,Full,XGBoost,5,0,0.4068868160247803,0
524,PD1081-C,1125-PF-TH-NOSTEN,Thailand,Full,XGBoost,5,0,0.47397908568382263,0
525,PD1082-C,1125-PF-TH-NOSTEN,Thailand,Full,XGBoost,5,0,0.7467869520187378,1
526,PD1083-C,1125-PF-TH-NOSTEN,Thailand,Full,XGBoost,5,0,0.35359135270118713,0
527,PD1084-C,1125-PF-TH-NOSTEN,Thailand,Full,XGBoost,5,0,0.6492942571640015,1
528,PD1086-C,1125-PF-TH-NOSTEN,Thailand,Full,XGBoost,5,0,0.771049439907074,1
529,PD1087-C,1125-PF-TH-NOSTEN,Thailand,Full,XGBoost,5,0,0.2174966186285019,0
530,PD1088-C,1125-PF-TH-NOSTEN,Thailand,Full,XGBoost,5,0,0.7467869520187378,1
531,PD1090-C,1125-PF-TH-NOSTEN,Thailand,Full,XGBoost,5,0,0.11125697940587997,0
532,PD1091-C,1125-PF-TH-NOSTEN,Thailand,Full,XGBoost,5,1,0.7564506530761719,1
533,PD1092-C,1125-PF-TH-NOSTEN,Thailand,Full,XGBoost,5,0,0.7083141207695007,1
534,PD1093-C,1125-PF-TH-NOSTEN,Thailand,Full,XGBoost,5,0,0.6761215925216675,1
535,PD1095-C,1125-PF-TH-NOSTEN,Thailand,Full,XGBoost,5,1,0.48523709177970886,0
536,PD1096-C,1125-PF-TH-NOSTEN,Thailand,Full,XGBoost,5,1,0.7453311085700989,1
537,PD1097-C,1125-PF-TH-NOSTEN,Thailand,Full,XGBoost,5,0,0.1209181398153305,0
538,PD1099-C,1125-PF-TH-NOSTEN,Thailand,Full,XGBoost,5,0,0.5083968639373779,1
539,PD1100-C,1125-PF-TH-NOSTEN,Thailand,Full,XGBoost,5,0,0.7467869520187378,1
540,PD1101-C,1125-PF-TH-NOSTEN,Thailand,Full,XGBoost,5,0,0.727615237236023,1
541,PD1102-C,1125-PF-TH-NOSTEN,Thailand,Full,XGBoost,5,0,0.44328752160072327,0
542,PD1103-C,1125-PF-TH-NOSTEN,Thailand,Full,XGBoost,5,0,0.7250422835350037,1
543,PD1104-C,1125-PF-TH-NOSTEN,Thailand,Full,XGBoost,5,0,0.574445903301239,1
544,PD1105-C,1125-PF-TH-NOSTEN,Thailand,Full,XGBoost,5,0,0.34610483050346375,0
545,PD1106-C,1125-PF-TH-NOSTEN,Thailand,Full,XGBoost,5,0,0.6869655847549438,1
546,PD1107-C,1125-PF-TH-NOSTEN,Thailand,Full,XGBoost,5,0,0.5877661108970642,1
547,PD1108-C,1125-PF-TH-NOSTEN,Thailand,Full,XGBoost,5,0,0.6793997287750244,1
548,PD1109-C,1125-PF-TH-NOSTEN,Thailand,Full,XGBoost,5,0,0.6799999475479126,1
549,PD1110-C,1125-PF-TH-NOSTEN,Thailand,Full,XGBoost,5,0,0.6495789289474487,1
550,PD1111-C,1125-PF-TH-NOSTEN,Thailand,Full,XGBoost,5,0,0.7389605641365051,1
551,PD1112-C,1125-PF-TH-NOSTEN,Thailand,Full,XGBoost,5,1,0.29878678917884827,0
552,PD1113-C,1125-PF-TH-NOSTEN,Thailand,Full,XGBoost,5,0,0.4686046540737152,0
553,PD1114-C,1125-PF-TH-NOSTEN,Thailand,Full,XGBoost,5,1,0.7716370224952698,1
554,PD1116-C,1125-PF-TH-NOSTEN,Thailand,Full,XGBoost,5,0,0.6357104778289795,1
555,PD1117-C,1125-PF-TH-NOSTEN,Thailand,Full,XGBoost,5,0,0.30074936151504517,0
556,PD1118-C,1125-PF-TH-NOSTEN,Thailand,Full,XGBoost,5,0,0.3219175636768341,0
557,PD1119-C,1125-PF-TH-NOSTEN,Thailand,Full,XGBoost,5,0,0.4452042579650879,0
558,PD1120-C,1125-PF-TH-NOSTEN,Thailand,Full,XGBoost,5,0,0.26227718591690063,0
559,PD1121-C,1125-PF-TH-NOSTEN,Thailand,Full,XGBoost,5,0,0.4595070779323578,0
560,PD1122-C,1125-PF-TH-NOSTEN,Thailand,Full,XGBoost,5,0,0.8987430334091187,1
561,PD1124-C,1125-PF-TH-NOSTEN,Thailand,Full,XGBoost,5,0,0.7331362962722778,1
562,PD1125-C,1125-PF-TH-NOSTEN,Thailand,Full,XGBoost,5,0,0.7564506530761719,1
563,PD1127-C,1125-PF-TH-NOSTEN,Thailand,Full,XGBoost,5,1,0.33261698484420776,0
564,PD1128-C,1125-PF-TH-NOSTEN,Thailand,Full,XGBoost,5,0,0.5045173764228821,1
565,PD1129-C,1125-PF-TH-NOSTEN,Thailand,Full,XGBoost,5,0,0.16447535157203674,0
566,PD1130-C,1125-PF-TH-NOSTEN,Thailand,Full,XGBoost,5,0,0.7564506530761719,1
567,PD1131-C,1125-PF-TH-NOSTEN,Thailand,Full,XGBoost,5,0,0.7372760772705078,1
568,PD1133-C,1125-PF-TH-NOSTEN,Thailand,Full,XGBoost,5,0,0.514785885810852,1
569,PD1134-C,1125-PF-TH-NOSTEN,Thailand,Full,XGBoost,5,0,0.8386572599411011,1
570,PD1135-C,1125-PF-TH-NOSTEN,Thailand,Full,XGBoost,5,0,0.1521504819393158,0
571,PD1136-C,1125-PF-TH-NOSTEN,Thailand,Full,XGBoost,5,0,0.3234565854072571,0
572,PD1137-C,1125-PF-TH-NOSTEN,Thailand,Full,XGBoost,5,0,0.8122795224189758,1
573,PD1138-C,1125-PF-TH-NOSTEN,Thailand,Full,XGBoost,5,0,0.7512305974960327,1
574,PD1139-C,1125-PF-TH-NOSTEN,Thailand,Full,XGBoost,5,0,0.2382514625787735,0
575,PD1140-C,1125-PF-TH-NOSTEN,Thailand,Full,XGBoost,5,0,0.6686977744102478,1
576,PD1141-C,1125-PF-TH-NOSTEN,Thailand,Full,XGBoost,5,0,0.8163801431655884,1
577,PD1142-C,1125-PF-TH-NOSTEN,Thailand,Full,XGBoost,5,0,0.2761844992637634,0
578,PD1143-C,1125-PF-TH-NOSTEN,Thailand,Full,XGBoost,5,0,0.8729957938194275,1
579,PD1144-C,1125-PF-TH-NOSTEN,Thailand,Full,XGBoost,5,0,0.29665762186050415,0
580,PD1145-C,1125-PF-TH-NOSTEN,Thailand,Full,XGBoost,5,1,0.29315975308418274,0
581,PD1146-C,1125-PF-TH-NOSTEN,Thailand,Full,XGBoost,5,0,0.31459125876426697,0
582,PD1147-C,1125-PF-TH-NOSTEN,Thailand,Full,XGBoost,5,0,0.6112192869186401,1
583,PD1148-C,1125-PF-TH-NOSTEN,Thailand,Full,XGBoost,5,0,0.7059414982795715,1
584,PD1149-C,1125-PF-TH-NOSTEN,Thailand,Full,XGBoost,5,0,0.8200460076332092,1
585,PD1150-C,1125-PF-TH-NOSTEN,Thailand,Full,XGBoost,5,0,0.6112192869186401,1
586,PD1151-C,1125-PF-TH-NOSTEN,Thailand,Full,XGBoost,5,0,0.6979315280914307,1
587,PD1153-C,1125-PF-TH-NOSTEN,Thailand,Full,XGBoost,5,0,0.837955117225647,1
588,PD1155-C,1125-PF-TH-NOSTEN,Thailand,Full,XGBoost,5,1,0.6971117854118347,1
589,PD1156-C,1125-PF-TH-NOSTEN,Thailand,Full,XGBoost,5,0,0.5744031071662903,1
590,PD1157-C,1125-PF-TH-NOSTEN,Thailand,Full,XGBoost,5,0,0.8497854471206665,1
591,PD1158-C,1125-PF-TH-NOSTEN,Thailand,Full,XGBoost,5,0,0.808156430721283,1
592,PD1159-C,1125-PF-TH-NOSTEN,Thailand,Full,XGBoost,5,0,0.6447371244430542,1
593,PD1160-C,1125-PF-TH-NOSTEN,Thailand,Full,XGBoost,5,1,0.8642584085464478,1
594,PD1161-C,1125-PF-TH-NOSTEN,Thailand,Full,XGBoost,5,0,0.765528678894043,1
595,PD1162-C,1125-PF-TH-NOSTEN,Thailand,Full,XGBoost,5,0,0.8122795224189758,1
596,PD1163-C,1125-PF-TH-NOSTEN,Thailand,Full,XGBoost,5,0,0.4534969925880432,0
597,PD1164-C,1125-PF-TH-NOSTEN,Thailand,Full,XGBoost,5,1,0.7191270589828491,1
598,PD1165-C,1125-PF-TH-NOSTEN,Thailand,Full,XGBoost,5,1,0.8751035928726196,1
599,PD1166-C,1125-PF-TH-NOSTEN,Thailand,Full,XGBoost,5,0,0.18859809637069702,0
600,PD1167-C,1125-PF-TH-NOSTEN,Thailand,Full,XGBoost,5,1,0.6330990791320801,1
601,PD1168-C,1125-PF-TH-NOSTEN,Thailand,Full,XGBoost,5,0,0.6939963698387146,1
602,PD1169-C,1125-PF-TH-NOSTEN,Thailand,Full,XGBoost,5,0,0.6078978776931763,1
603,PD1170-C,1125-PF-TH-NOSTEN,Thailand,Full,XGBoost,5,0,0.1578822284936905,0
604,PD1171-C,1125-PF-TH-NOSTEN,Thailand,Full,XGBoost,5,0,0.8236801028251648,1
605,PD1173-C,1125-PF-TH-NOSTEN,Thailand,Full,XGBoost,5,1,0.724371612071991,1
606,PD1174-C,1125-PF-TH-NOSTEN,Thailand,Full,XGBoost,5,1,0.6939963698387146,1
607,PD1175-C,1125-PF-TH-NOSTEN,Thailand,Full,XGBoost,5,0,0.15665550529956818,0
608,PD1176-C,1125-PF-TH-NOSTEN,Thailand,Full,XGBoost,5,0,0.4763895273208618,0
609,PD1177-C,1125-PF-TH-NOSTEN,Thailand,Full,XGBoost,5,0,0.3086497187614441,0
610,PD1178-C,1125-PF-TH-NOSTEN,Thailand,Full,XGBoost,5,1,0.5779366493225098,1
611,PD1179-C,1125-PF-TH-NOSTEN,Thailand,Full,XGBoost,5,0,0.40644726157188416,0
612,PD1180-C,1125-PF-TH-NOSTEN,Thailand,Full,XGBoost,5,0,0.44466105103492737,0
613,PD1181-C,1125-PF-TH-NOSTEN,Thailand,Full,XGBoost,5,0,0.19407206773757935,0
614,PD1182-C,1125-PF-TH-NOSTEN,Thailand,Full,XGBoost,5,1,0.468993216753006,0
615,PD1183-C,1125-PF-TH-NOSTEN,Thailand,Full,XGBoost,5,0,0.3867374360561371,0
616,PD1184-C,1125-PF-TH-NOSTEN,Thailand,Full,XGBoost,5,0,0.4760062098503113,0
617,PD1185-C,1125-PF-TH-NOSTEN,Thailand,Full,XGBoost,5,1,0.5062180757522583,1
618,PD1187-C,1125-PF-TH-NOSTEN,Thailand,Full,XGBoost,5,1,0.5796201229095459,1
619,PD1188-C,1125-PF-TH-NOSTEN,Thailand,Full,XGBoost,5,1,0.8019871115684509,1
620,PD1189-C,1125-PF-TH-NOSTEN,Thailand,Full,XGBoost,5,0,0.19271060824394226,0
621,PD1190-C,1125-PF-TH-NOSTEN,Thailand,Full,XGBoost,5,1,0.7465887665748596,1
622,PD1191-C,1125-PF-TH-NOSTEN,Thailand,Full,XGBoost,5,1,0.210431769490242,0
623,PD1192-C,1125-PF-TH-NOSTEN,Thailand,Full,XGBoost,5,0,0.3867374360561371,0
624,PD1193-C,1125-PF-TH-NOSTEN,Thailand,Full,XGBoost,5,1,0.7630207538604736,1
625,PD1194-C,1125-PF-TH-NOSTEN,Thailand,Full,XGBoost,5,1,0.9018363952636719,1
626,PD1195-C,1125-PF-TH-NOSTEN,Thailand,Full,XGBoost,5,1,0.7502524852752686,1
627,PD1197-C,1125-PF-TH-NOSTEN,Thailand,Full,XGBoost,5,1,0.8057641983032227,1
628,PD1198-C,1125-PF-TH-NOSTEN,Thailand,Full,XGBoost,5,1,0.5853915214538574,1
629,PD1199-C,1125-PF-TH-NOSTEN,Thailand,Full,XGBoost,5,1,0.7465887665748596,1
630,PD1200-C,1125-PF-TH-NOSTEN,Thailand,Full,XGBoost,5,1,0.7465887665748596,1
631,PD1202-C,1125-PF-TH-NOSTEN,Thailand,Full,XGBoost,5,1,0.8412740230560303,1
632,PD1203-C,1125-PF-TH-NOSTEN,Thailand,Full,XGBoost,5,1,0.7465887665748596,1
633,PD1204-C,1125-PF-TH-NOSTEN,Thailand,Full,XGBoost,5,1,0.21569974720478058,0
634,PD1205-C,1125-PF-TH-NOSTEN,Thailand,Full,XGBoost,5,1,0.7431052327156067,1
635,PD1206-C,1125-PF-TH-NOSTEN,Thailand,Full,XGBoost,5,1,0.7465887665748596,1
636,PD1208-C,1125-PF-TH-NOSTEN,Thailand,Full,XGBoost,5,1,0.5759543180465698,1
637,PD1209-C,1125-PF-TH-NOSTEN,Thailand,Full,XGBoost,5,0,0.1578822284936905,0
638,PD1210-C,1125-PF-TH-NOSTEN,Thailand,Full,XGBoost,5,1,0.8200460076332092,1
639,PD1211-C,1125-PF-TH-NOSTEN,Thailand,Full,XGBoost,5,1,0.736082136631012,1
640,PD1212-C,1125-PF-TH-NOSTEN,Thailand,Full,XGBoost,5,1,0.7693978548049927,1
641,PD1213-C,1125-PF-TH-NOSTEN,Thailand,Full,XGBoost,5,1,0.509376585483551,1
642,PD1214-C,1125-PF-TH-NOSTEN,Thailand,Full,XGBoost,5,1,0.8708586096763611,1
643,PD1215-C,1125-PF-TH-NOSTEN,Thailand,Full,XGBoost,5,1,0.7693978548049927,1
644,PD1216-C,1125-PF-TH-NOSTEN,Thailand,Full,XGBoost,5,0,0.19254618883132935,0
645,PD1217-C,1125-PF-TH-NOSTEN,Thailand,Full,XGBoost,5,1,0.6316550970077515,1
646,PD1218-C,1125-PF-TH-NOSTEN,Thailand,Full,XGBoost,5,1,0.5413357019424438,1
647,PD1219-C,1125-PF-TH-NOSTEN,Thailand,Full,XGBoost,5,1,0.5413357019424438,1
648,PD1220-C,1125-PF-TH-NOSTEN,Thailand,Full,XGBoost,5,0,0.48362377285957336,0
649,PD1221-C,1125-PF-TH-NOSTEN,Thailand,Full,XGBoost,5,1,0.7693978548049927,1
650,PD1222-C,1125-PF-TH-NOSTEN,Thailand,Full,XGBoost,5,1,0.7693978548049927,1
651,PD1223-C,1125-PF-TH-NOSTEN,Thailand,Full,XGBoost,5,1,0.21569974720478058,0
652,PD1224-C,1125-PF-TH-NOSTEN,Thailand,Full,XGBoost,5,1,0.7465887665748596,1
653,PD1225-C,1125-PF-TH-NOSTEN,Thailand,Full,XGBoost,5,1,0.7465887665748596,1
654,PD1226-C,1125-PF-TH-NOSTEN,Thailand,Full,XGBoost,5,1,0.736082136631012,1
655,PD1227-C,1125-PF-TH-NOSTEN,Thailand,Full,XGBoost,5,1,0.88436359167099,1
656,PD1228-C,1125-PF-TH-NOSTEN,Thailand,Full,XGBoost,5,1,0.8512362241744995,1
657,PD1229-C,1125-PF-TH-NOSTEN,Thailand,Full,XGBoost,5,1,0.7693978548049927,1
658,PD1230-C,1125-PF-TH-NOSTEN,Thailand,Full,XGBoost,5,1,0.88436359167099,1
659,PD1231-C,1125-PF-TH-NOSTEN,Thailand,Full,XGBoost,5,1,0.7693978548049927,1
660,PD1232-C,1125-PF-TH-NOSTEN,Thailand,Full,XGBoost,5,1,0.7693978548049927,1
661,PD1233-C,1125-PF-TH-NOSTEN,Thailand,Full,XGBoost,5,1,0.7693978548049927,1
662,PD1234-C,1125-PF-TH-NOSTEN,Thailand,Full,XGBoost,5,1,0.7693978548049927,1
663,PD1236-C,1125-PF-TH-NOSTEN,Thailand,Full,XGBoost,5,1,0.7630207538604736,1
664,PD1239-C,1125-PF-TH-NOSTEN,Thailand,Full,XGBoost,5,1,0.7270537614822388,1
665,PD1240-C,1125-PF-TH-NOSTEN,Thailand,Full,XGBoost,5,1,0.8751035928726196,1
666,PD1241-C,1125-PF-TH-NOSTEN,Thailand,Full,XGBoost,5,1,0.6316550970077515,1
667,PD1243-C,1125-PF-TH-NOSTEN,Thailand,Full,XGBoost,5,1,0.8751035928726196,1
668,PD1244-C,1125-PF-TH-NOSTEN,Thailand,Full,XGBoost,5,1,0.6316550970077515,1
669,PD1246-C,1125-PF-TH-NOSTEN,Thailand,Full,XGBoost,5,1,0.8331731557846069,1
670,PD1247-C,1125-PF-TH-NOSTEN,Thailand,Full,XGBoost,5,1,0.736082136631012,1
671,PD1249-C,1125-PF-TH-NOSTEN,Thailand,Full,XGBoost,5,1,0.5413357019424438,1
672,PD1250-C,1125-PF-TH-NOSTEN,Thailand,Full,XGBoost,5,1,0.736082136631012,1
673,PD1251-C,1125-PF-TH-NOSTEN,Thailand,Full,XGBoost,5,1,0.8751035928726196,1
674,PD1252-C,1125-PF-TH-NOSTEN,Thailand,Full,XGBoost,5,0,0.10181143879890442,0
675,PD1253-C,1125-PF-TH-NOSTEN,Thailand,Full,XGBoost,5,0,0.03432236611843109,0
676,PD1254-C,1125-PF-TH-NOSTEN,Thailand,Full,XGBoost,5,0,0.05522521585226059,0
677,PD1255-C,1125-PF-TH-NOSTEN,Thailand,Full,XGBoost,5,0,0.303790807723999,0
678,PD1256-C,1125-PF-TH-NOSTEN,Thailand,Full,XGBoost,5,0,0.09512665122747421,0
679,PD1257-C,1125-PF-TH-NOSTEN,Thailand,Full,XGBoost,5,0,0.046301163733005524,0
680,PD1258-C,1125-PF-TH-NOSTEN,Thailand,Full,XGBoost,5,0,0.07049673795700073,0
681,PD1260-C,1125-PF-TH-NOSTEN,Thailand,Full,XGBoost,5,0,0.01096835732460022,0
682,PD1261-C,1125-PF-TH-NOSTEN,Thailand,Full,XGBoost,5,0,0.1092972531914711,0
683,PD1262-C,1125-PF-TH-NOSTEN,Thailand,Full,XGBoost,5,0,0.11932249367237091,0
684,PD1263-C,1125-PF-TH-NOSTEN,Thailand,Full,XGBoost,5,0,0.0958133190870285,0
685,PD1264-C,1125-PF-TH-NOSTEN,Thailand,Full,XGBoost,5,0,0.15500348806381226,0
686,PD1265-C,1125-PF-TH-NOSTEN,Thailand,Full,XGBoost,5,0,0.04813481494784355,0
687,PD1266-C,1125-PF-TH-NOSTEN,Thailand,Full,XGBoost,5,0,0.1372992992401123,0
688,PD1267-C,1125-PF-TH-NOSTEN,Thailand,Full,XGBoost,5,0,0.04948113113641739,0
689,PD1269-C,1125-PF-TH-NOSTEN,Thailand,Full,XGBoost,5,0,0.011014967225492,0
690,PD1270-C,1125-PF-TH-NOSTEN,Thailand,Full,XGBoost,5,0,0.01703008823096752,0
691,PD1271-C,1125-PF-TH-NOSTEN,Thailand,Full,XGBoost,5,0,0.03766398876905441,0
692,PD1273-C,1125-PF-TH-NOSTEN,Thailand,Full,XGBoost,5,0,0.022402647882699966,0
693,PD1274-C,1125-PF-TH-NOSTEN,Thailand,Full,XGBoost,5,0,0.031989023089408875,0
694,PD1276-C,1125-PF-TH-NOSTEN,Thailand,Full,XGBoost,5,0,0.027139529585838318,0
695,PD1277-C,1125-PF-TH-NOSTEN,Thailand,Full,XGBoost,5,0,0.03867623582482338,0
696,PD1278-C,1125-PF-TH-NOSTEN,Thailand,Full,XGBoost,5,0,0.05329339951276779,0
697,PD1279-C,1125-PF-TH-NOSTEN,Thailand,Full,XGBoost,5,0,0.056695371866226196,0
698,PD1280-C,1125-PF-TH-NOSTEN,Thailand,Full,XGBoost,5,0,0.1412869095802307,0
699,PD1281-C,1125-PF-TH-NOSTEN,Thailand,Full,XGBoost,5,0,0.022196855396032333,0
700,PD1282-C,1125-PF-TH-NOSTEN,Thailand,Full,XGBoost,5,0,0.02112223021686077,0
701,PD1283-C,1125-PF-TH-NOSTEN,Thailand,Full,XGBoost,5,0,0.020751789212226868,0
702,PD1284-C,1125-PF-TH-NOSTEN,Thailand,Full,XGBoost,5,0,0.06576458364725113,0
703,PD1285-C,1125-PF-TH-NOSTEN,Thailand,Full,XGBoost,5,0,0.1898232251405716,0
704,PD1286-C,1125-PF-TH-NOSTEN,Thailand,Full,XGBoost,5,0,0.08112785220146179,0
705,PD1288-C,1125-PF-TH-NOSTEN,Thailand,Full,XGBoost,5,0,0.011727942153811455,0
706,PD1289-C,1125-PF-TH-NOSTEN,Thailand,Full,XGBoost,5,0,0.03476840630173683,0
707,PD1290-C,1125-PF-TH-NOSTEN,Thailand,Full,XGBoost,5,0,0.03181994706392288,0
708,PD1291-C,1125-PF-TH-NOSTEN,Thailand,Full,XGBoost,5,0,0.10211093723773956,0
709,PD1292-C,1125-PF-TH-NOSTEN,Thailand,Full,XGBoost,5,0,0.02335650660097599,0
710,PD1293-C,1125-PF-TH-NOSTEN,Thailand,Full,XGBoost,5,0,0.035677991807460785,0
711,PD1294-C,1125-PF-TH-NOSTEN,Thailand,Full,XGBoost,5,0,0.05203169956803322,0
712,PD1295-C,1125-PF-TH-NOSTEN,Thailand,Full,XGBoost,5,0,0.025617139413952827,0
713,PD1296-C,1125-PF-TH-NOSTEN,Thailand,Full,XGBoost,5,0,0.09545092284679413,0
714,PD1297-C,1125-PF-TH-NOSTEN,Thailand,Full,XGBoost,5,0,0.04431730881333351,0
715,PD1299-C,1125-PF-TH-NOSTEN,Thailand,Full,XGBoost,5,0,0.06661921739578247,0
716,PD1300-C,1125-PF-TH-NOSTEN,Thailand,Full,XGBoost,5,0,0.028148945420980453,0
717,PD1301-C,1125-PF-TH-NOSTEN,Thailand,Full,XGBoost,5,0,0.09287676960229874,0
718,PD1302-C,1125-PF-TH-NOSTEN,Thailand,Full,XGBoost,5,0,0.0328582227230072,0
719,PD1304-C,1125-PF-TH-NOSTEN,Thailand,Full,XGBoost,5,0,0.11171983182430267,0
720,PD1305-C,1125-PF-TH-NOSTEN,Thailand,Full,XGBoost,5,0,0.14009863138198853,0
721,PD1306-C,1125-PF-TH-NOSTEN,Thailand,Full,XGBoost,5,0,0.18998435139656067,0
722,PD1307-C,1125-PF-TH-NOSTEN,Thailand,Full,XGBoost,5,0,0.029119281098246574,0
723,PD1308-C,1125-PF-TH-NOSTEN,Thailand,Full,XGBoost,5,0,0.1430048942565918,0
724,PD1309-C,1125-PF-TH-NOSTEN,Thailand,Full,XGBoost,5,0,0.01695184037089348,0
725,PD1310-C,1125-PF-TH-NOSTEN,Thailand,Full,XGBoost,5,0,0.11251334846019745,0
726,PD1311-C,1125-PF-TH-NOSTEN,Thailand,Full,XGBoost,5,0,0.06309592723846436,0
727,PD1312-C,1125-PF-TH-NOSTEN,Thailand,Full,XGBoost,5,0,0.017873506993055344,0
728,PD1313-C,1125-PF-TH-NOSTEN,Thailand,Full,XGBoost,5,0,0.1092972531914711,0
729,PD1314-C,1125-PF-TH-NOSTEN,Thailand,Full,XGBoost,5,0,0.026737697422504425,0
730,PD1318-C,1125-PF-TH-NOSTEN,Thailand,Full,XGBoost,5,0,0.06348389387130737,0
731,PD1319-C,1125-PF-TH-NOSTEN,Thailand,Full,XGBoost,5,0,0.1881466656923294,0
732,PD1322-C,1125-PF-TH-NOSTEN,Thailand,Full,XGBoost,5,0,0.03263509273529053,0
733,PD1326-C,1125-PF-TH-NOSTEN,Thailand,Full,XGBoost,5,0,0.11251334846019745,0
734,PD1328-C,1125-PF-TH-NOSTEN,Thailand,Full,XGBoost,5,0,0.13448654115200043,0
735,PD1329-C,1125-PF-TH-NOSTEN,Thailand,Full,XGBoost,5,0,0.026783514767885208,0
736,PD1330-C,1125-PF-TH-NOSTEN,Thailand,Full,XGBoost,5,0,0.029119281098246574,0
737,PD1331-C,1125-PF-TH-NOSTEN,Thailand,Full,XGBoost,5,0,0.0958133190870285,0
738,PD1332-C,1125-PF-TH-NOSTEN,Thailand,Full,XGBoost,5,0,0.09886717796325684,0
739,PD1333-C,1125-PF-TH-NOSTEN,Thailand,Full,XGBoost,5,0,0.09162969887256622,0
740,PD1335-C,1125-PF-TH-NOSTEN,Thailand,Full,XGBoost,5,0,0.08070588856935501,0
741,PD1337-C,1125-PF-TH-NOSTEN,Thailand,Full,XGBoost,5,0,0.06082329526543617,0
742,PD1338-C,1125-PF-TH-NOSTEN,Thailand,Full,XGBoost,5,0,0.029119281098246574,0
743,PD1339-C,1125-PF-TH-NOSTEN,Thailand,Full,XGBoost,5,0,0.047819510102272034,0
744,PD1340-C,1125-PF-TH-NOSTEN,Thailand,Full,XGBoost,5,0,0.2149188369512558,0
745,PD1341-C,1125-PF-TH-NOSTEN,Thailand,Full,XGBoost,5,0,0.05996863171458244,0
746,PD1343-C,1125-PF-TH-NOSTEN,Thailand,Full,XGBoost,5,0,0.0579034686088562,0
747,PD1345-C,1125-PF-TH-NOSTEN,Thailand,Full,XGBoost,5,0,0.18877489864826202,0
748,PD1347-C,1125-PF-TH-NOSTEN,Thailand,Full,XGBoost,5,0,0.07606373727321625,0
749,PD1348-C,1125-PF-TH-NOSTEN,Thailand,Full,XGBoost,5,0,0.022103866562247276,0
750,PD1350-C,1125-PF-TH-NOSTEN,Thailand,Full,XGBoost,5,0,0.01733323372900486,0
751,PD1353-C,1125-PF-TH-NOSTEN,Thailand,Full,XGBoost,5,0,0.07395289093255997,0
752,PD1354-C,1125-PF-TH-NOSTEN,Thailand,Full,XGBoost,5,0,0.010295367799699306,0
753,PD1355-C,1125-PF-TH-NOSTEN,Thailand,Full,XGBoost,5,0,0.008844887837767601,0
754,PD1357-C,1125-PF-TH-NOSTEN,Thailand,Full,XGBoost,5,0,0.020751789212226868,0
755,PD1358-C,1125-PF-TH-NOSTEN,Thailand,Full,XGBoost,5,0,0.1881466656923294,0
756,PD1360-C,1125-PF-TH-NOSTEN,Thailand,Full,XGBoost,5,0,0.02742760255932808,0
757,PD1361-C,1125-PF-TH-NOSTEN,Thailand,Full,XGBoost,5,0,0.1733168363571167,0
758,PD1364-C,1125-PF-TH-NOSTEN,Thailand,Full,XGBoost,5,0,0.041748445481061935,0
759,PD1365-C,1125-PF-TH-NOSTEN,Thailand,Full,XGBoost,5,0,0.06847614794969559,0
760,PD1366-C,1125-PF-TH-NOSTEN,Thailand,Full,XGBoost,5,0,0.11251334846019745,0
761,PD1368-C,1125-PF-TH-NOSTEN,Thailand,Full,XGBoost,5,0,0.013650843873620033,0
762,PD1373-C,1125-PF-TH-NOSTEN,Thailand,Full,XGBoost,5,0,0.02320018783211708,0
763,PD1376-C,1125-PF-TH-NOSTEN,Thailand,Full,XGBoost,5,0,0.08948231488466263,0
764,PD1379-C,1125-PF-TH-NOSTEN,Thailand,Full,XGBoost,5,0,0.05213319510221481,0
765,PD1380-C,1125-PF-TH-NOSTEN,Thailand,Full,XGBoost,5,0,0.029693162068724632,0
766,PD1382-C,1125-PF-TH-NOSTEN,Thailand,Full,XGBoost,5,0,0.1898232251405716,0
767,PD1387-C,1125-PF-TH-NOSTEN,Thailand,Full,XGBoost,5,0,0.03453943133354187,0
768,PD1388-C,1125-PF-TH-NOSTEN,Thailand,Full,XGBoost,5,0,0.01537033449858427,0
769,PD1390-C,1125-PF-TH-NOSTEN,Thailand,Full,XGBoost,5,0,0.08791796863079071,0
770,PD1391-C,1125-PF-TH-NOSTEN,Thailand,Full,XGBoost,5,0,0.11251334846019745,0
771,PD1392-C,1125-PF-TH-NOSTEN,Thailand,Full,XGBoost,5,0,0.022547058761119843,0
772,PD1394-C,1125-PF-TH-NOSTEN,Thailand,Full,XGBoost,5,0,0.023503843694925308,0
773,PD1397-C,1125-PF-TH-NOSTEN,Thailand,Full,XGBoost,5,0,0.025411250069737434,0
774,PD1399-C,1125-PF-TH-NOSTEN,Thailand,Full,XGBoost,5,0,0.1881466656923294,0
775,PD1400-C,1125-PF-TH-NOSTEN,Thailand,Full,XGBoost,5,0,0.0883861556649208,0
776,PD1402-C,1125-PF-TH-NOSTEN,Thailand,Full,XGBoost,5,0,0.08199376612901688,0
777,PD1403-C,1125-PF-TH-NOSTEN,Thailand,Full,XGBoost,5,0,0.03572532907128334,0
778,PD1404-C,1125-PF-TH-NOSTEN,Thailand,Full,XGBoost,5,0,0.09894908964633942,0
779,PD1405-C,1125-PF-TH-NOSTEN,Thailand,Full,XGBoost,5,0,0.08192728459835052,0
780,PD1406-C,1125-PF-TH-NOSTEN,Thailand,Full,XGBoost,5,0,0.059599731117486954,0
781,PD1407-C,1125-PF-TH-NOSTEN,Thailand,Full,XGBoost,5,0,0.18811358511447906,0
782,PD1409-C,1125-PF-TH-NOSTEN,Thailand,Full,XGBoost,5,0,0.030002398416399956,0
783,PD1411-C,1125-PF-TH-NOSTEN,Thailand,Full,XGBoost,5,0,0.10483255237340927,0
784,PD1412-C,1125-PF-TH-NOSTEN,Thailand,Full,XGBoost,5,0,0.13449175655841827,0
785,PD1413-C,1125-PF-TH-NOSTEN,Thailand,Full,XGBoost,5,0,0.11379335820674896,0
786,PD1414-C,1125-PF-TH-NOSTEN,Thailand,Full,XGBoost,5,0,0.07331068813800812,0
787,PD1415-C,1125-PF-TH-NOSTEN,Thailand,Full,XGBoost,5,0,0.07331068813800812,0
788,PD1418-C,1125-PF-TH-NOSTEN,Thailand,Full,XGBoost,5,0,0.0793084055185318,0
789,PD1419-C,1125-PF-TH-NOSTEN,Thailand,Full,XGBoost,5,0,0.12984338402748108,0
790,PD1420-C,1125-PF-TH-NOSTEN,Thailand,Full,XGBoost,5,0,0.022703517228364944,0
791,PD1421-C,1125-PF-TH-NOSTEN,Thailand,Full,XGBoost,5,0,0.024459103122353554,0
792,PD1422-C,1125-PF-TH-NOSTEN,Thailand,Full,XGBoost,5,0,0.029329704120755196,0
793,PD1426-C,1125-PF-TH-NOSTEN,Thailand,Full,XGBoost,5,0,0.11251334846019745,0
794,PD1427-C,1125-PF-TH-NOSTEN,Thailand,Full,XGBoost,5,0,0.10895039886236191,0
795,PD1428-C,1125-PF-TH-NOSTEN,Thailand,Full,XGBoost,5,0,0.10895039886236191,0
796,PD1430-C,1125-PF-TH-NOSTEN,Thailand,Full,XGBoost,5,0,0.11697590351104736,0
797,PD1434-C,1125-PF-TH-NOSTEN,Thailand,Full,XGBoost,5,0,0.044217951595783234,0
798,PD1436-C,1125-PF-TH-NOSTEN,Thailand,Full,XGBoost,5,0,0.019680676981806755,0
799,PD1437-C,1125-PF-TH-NOSTEN,Thailand,Full,XGBoost,5,0,0.02252029813826084,0
800,PD1440-C,1125-PF-TH-NOSTEN,Thailand,Full,XGBoost,5,0,0.022196855396032333,0
801,PD1443-C,1125-PF-TH-NOSTEN,Thailand,Full,XGBoost,5,0,0.0600707083940506,0
802,PD1451-C,1125-PF-TH-NOSTEN,Thailand,Full,XGBoost,5,0,0.011660998687148094,0
803,PD1457-C,1125-PF-TH-NOSTEN,Thailand,Full,XGBoost,5,0,0.0237302053719759,0
804,PD1462-C,1125-PF-TH-NOSTEN,Thailand,Full,XGBoost,5,0,0.19070687890052795,0
805,PD1464-C,1125-PF-TH-NOSTEN,Thailand,Full,XGBoost,5,0,0.026789862662553787,0
806,PD1465-C,1125-PF-TH-NOSTEN,Thailand,Full,XGBoost,5,0,0.22693225741386414,0
807,PD1466-C,1125-PF-TH-NOSTEN,Thailand,Full,XGBoost,5,0,0.025815358385443687,0
808,PD1470-C,1125-PF-TH-NOSTEN,Thailand,Full,XGBoost,5,0,0.03303688019514084,0
809,PD1472-C,1125-PF-TH-NOSTEN,Thailand,Full,XGBoost,5,0,0.022278955206274986,0
810,PD1474-C,1125-PF-TH-NOSTEN,Thailand,Full,XGBoost,5,0,0.08070588856935501,0
811,PD1475-C,1125-PF-TH-NOSTEN,Thailand,Full,XGBoost,5,0,0.012946465983986855,0
812,PD1476-C,1125-PF-TH-NOSTEN,Thailand,Full,XGBoost,5,0,0.025148505344986916,0
813,PD1478-C,1125-PF-TH-NOSTEN,Thailand,Full,XGBoost,5,0,0.06961572170257568,0
814,PD1479-C,1125-PF-TH-NOSTEN,Thailand,Full,XGBoost,5,0,0.04219520837068558,0
815,PD1480-C,1125-PF-TH-NOSTEN,Thailand,Full,XGBoost,5,0,0.025765495374798775,0
816,PD1482-C,1125-PF-TH-NOSTEN,Thailand,Full,XGBoost,5,0,0.021547067910432816,0
817,PD1483-C,1125-PF-TH-NOSTEN,Thailand,Full,XGBoost,5,0,0.10881844162940979,0
818,PD1484-C,1125-PF-TH-NOSTEN,Thailand,Full,XGBoost,5,0,0.02531627006828785,0
819,PD1485-C,1125-PF-TH-NOSTEN,Thailand,Full,XGBoost,5,0,0.20171819627285004,0
820,PD1486-C,1125-PF-TH-NOSTEN,Thailand,Full,XGBoost,5,0,0.06629671901464462,0
821,PD1487-C,1125-PF-TH-NOSTEN,Thailand,Full,XGBoost,5,0,0.025973964482545853,0
822,PD1489-C,1125-PF-TH-NOSTEN,Thailand,Full,XGBoost,5,0,0.023706527426838875,0
823,PD1490-C,1125-PF-TH-NOSTEN,Thailand,Full,XGBoost,5,0,0.07331068813800812,0
824,PD1491-C,1125-PF-TH-NOSTEN,Thailand,Full,XGBoost,5,0,0.04125906527042389,0
825,PD1493-C,1125-PF-TH-NOSTEN,Thailand,Full,XGBoost,5,0,0.02124914713203907,0
826,PD1494-C,1125-PF-TH-NOSTEN,Thailand,Full,XGBoost,5,0,0.023369373753666878,0
827,PD1496-C,1125-PF-TH-NOSTEN,Thailand,Full,XGBoost,5,0,0.022196855396032333,0
828,PD1497-C,1125-PF-TH-NOSTEN,Thailand,Full,XGBoost,5,0,0.07331068813800812,0
829,PD1498-C,1125-PF-TH-NOSTEN,Thailand,Full,XGBoost,5,0,0.021276209503412247,0
830,PD1499-C,1125-PF-TH-NOSTEN,Thailand,Full,XGBoost,5,0,0.02097504399716854,0
831,PD1501-C,1125-PF-TH-NOSTEN,Thailand,Full,XGBoost,5,0,0.1286119967699051,0
832,PD1502-C,1125-PF-TH-NOSTEN,Thailand,Full,XGBoost,5,0,0.05768561363220215,0
833,PD1503-C,1125-PF-TH-NOSTEN,Thailand,Full,XGBoost,5,0,0.016521822661161423,0
834,PD1504-C,1125-PF-TH-NOSTEN,Thailand,Full,XGBoost,5,0,0.0179408211261034,0
835,PD1505-C,1125-PF-TH-NOSTEN,Thailand,Full,XGBoost,5,0,0.053626663982868195,0
836,PD1507-C,1125-PF-TH-NOSTEN,Thailand,Full,XGBoost,5,0,0.14487722516059875,0
837,PD1508-C,1125-PF-TH-NOSTEN,Thailand,Full,XGBoost,5,0,0.18289580941200256,0
838,PD1510-C,1125-PF-TH-NOSTEN,Thailand,Full,XGBoost,5,0,0.08837244659662247,0
839,PD1511-C,1125-PF-TH-NOSTEN,Thailand,Full,XGBoost,5,0,0.12984338402748108,0
840,PD1512-C,1125-PF-TH-NOSTEN,Thailand,Full,XGBoost,5,0,0.059924978762865067,0
841,PD1513-C,1125-PF-TH-NOSTEN,Thailand,Full,XGBoost,5,0,0.09692764282226562,0
842,PD1515-C,1125-PF-TH-NOSTEN,Thailand,Full,XGBoost,5,0,0.05051090195775032,0
843,PD1516-C,1125-PF-TH-NOSTEN,Thailand,Full,XGBoost,5,0,0.015270926989614964,0
844,PD1518-C,1125-PF-TH-NOSTEN,Thailand,Full,XGBoost,5,0,0.39269664883613586,0
880,PH0044-C,1031-PF-SEA-PLOWE,Cambodia,Full,XGBoost,5,1,0.9876838326454163,1
881,PH0045-C,1031-PF-SEA-PLOWE,Cambodia,Full,XGBoost,5,1,0.9879706501960754,1
882,PH0046-C,1031-PF-SEA-PLOWE,Cambodia,Full,XGBoost,5,0,0.03396060690283775,0
893,PH0105-C,1031-PF-SEA-PLOWE,Cambodia,Full,XGBoost,5,1,0.9830884337425232,1
894,PH0109-C,1031-PF-SEA-PLOWE,Cambodia,Full,XGBoost,5,1,0.8452619910240173,1
895,PH0110-C,1031-PF-SEA-PLOWE,Cambodia,Full,XGBoost,5,1,0.833971381187439,1
896,PH0111-C,1031-PF-SEA-PLOWE,Cambodia,Full,XGBoost,5,1,0.9270024299621582,1
897,PH0112-C,1031-PF-SEA-PLOWE,Cambodia,Full,XGBoost,5,1,0.8452619910240173,1
898,PH0114-C,1031-PF-SEA-PLOWE,Cambodia,Full,XGBoost,5,1,0.8062235713005066,1
899,PH0116-C,1031-PF-SEA-PLOWE,Cambodia,Full,XGBoost,5,1,0.833971381187439,1
900,PH0117-C,1031-PF-SEA-PLOWE,Cambodia,Full,XGBoost,5,1,0.8452619910240173,1
901,PH0118-C,1031-PF-SEA-PLOWE,Cambodia,Full,XGBoost,5,1,0.8452619910240173,1
902,PH0121-CW,1031-PF-SEA-PLOWE,Cambodia,Full,XGBoost,5,1,0.9860239028930664,1
903,PH0122-CW,1031-PF-SEA-PLOWE,Cambodia,Full,XGBoost,5,1,0.9876838326454163,1
904,PH0123-CW,1031-PF-SEA-PLOWE,Cambodia,Full,XGBoost,5,1,0.29219090938568115,0
905,PH0124-CW,1031-PF-SEA-PLOWE,Cambodia,Full,XGBoost,5,1,0.31014809012413025,0
906,PH0125-CW,1031-PF-SEA-PLOWE,Cambodia,Full,XGBoost,5,1,0.6918818354606628,1
907,PH0126-CW,1031-PF-SEA-PLOWE,Cambodia,Full,XGBoost,5,1,0.9807377457618713,1
908,PH0128-CW,1031-PF-SEA-PLOWE,Cambodia,Full,XGBoost,5,1,0.40291011333465576,0
909,PH0130-CW,1031-PF-SEA-PLOWE,Cambodia,Full,XGBoost,5,1,0.796132504940033,1
910,PH0131-CW,1031-PF-SEA-PLOWE,Cambodia,Full,XGBoost,5,1,0.9879706501960754,1
911,PH0132-CW,1031-PF-SEA-PLOWE,Cambodia,Full,XGBoost,5,1,0.872597873210907,1
912,PH0133-CW,1031-PF-SEA-PLOWE,Cambodia,Full,XGBoost,5,1,0.5325201749801636,1
913,PH0134-C,1031-PF-SEA-PLOWE,Cambodia,Full,XGBoost,5,1,0.9811832904815674,1
914,PH0136-C,1031-PF-SEA-PLOWE,Cambodia,Full,XGBoost,5,1,0.8052560091018677,1
915,PH0137-C,1031-PF-SEA-PLOWE,Cambodia,Full,XGBoost,5,1,0.801247775554657,1
916,PH0138-CW,1031-PF-SEA-PLOWE,Cambodia,Full,XGBoost,5,0,0.9644350409507751,1
917,PH0139-CW,1031-PF-SEA-PLOWE,Cambodia,Full,XGBoost,5,1,0.7714648842811584,1
918,PH0140-CW,1031-PF-SEA-PLOWE,Cambodia,Full,XGBoost,5,1,0.8298865556716919,1
919,PH0141-CW,1031-PF-SEA-PLOWE,Cambodia,Full,XGBoost,5,0,0.5902113914489746,1
920,PH0142-CW,1031-PF-SEA-PLOWE,Cambodia,Full,XGBoost,5,0,0.7714648842811584,1
921,PH0143-CW,1031-PF-SEA-PLOWE,Cambodia,Full,XGBoost,5,1,0.9240111112594604,1
922,PH0144-CW,1031-PF-SEA-PLOWE,Cambodia,Full,XGBoost,5,1,0.7512305974960327,1
923,PH0145-CW,1031-PF-SEA-PLOWE,Cambodia,Full,XGBoost,5,1,0.9033150672912598,1
924,PH0146-CW,1031-PF-SEA-PLOWE,Cambodia,Full,XGBoost,5,0,0.35572290420532227,0
925,PH0147-CW,1031-PF-SEA-PLOWE,Cambodia,Full,XGBoost,5,1,0.9830884337425232,1
926,PH0148-CW,1031-PF-SEA-PLOWE,Cambodia,Full,XGBoost,5,0,0.7976804375648499,1
927,PH0149-CW,1031-PF-SEA-PLOWE,Cambodia,Full,XGBoost,5,1,0.8302469253540039,1
928,PH0151-CW,1031-PF-SEA-PLOWE,Cambodia,Full,XGBoost,5,1,0.9876838326454163,1
929,PH0152-CW,1031-PF-SEA-PLOWE,Cambodia,Full,XGBoost,5,1,0.8006942868232727,1
930,PH0153-CW,1031-PF-SEA-PLOWE,Cambodia,Full,XGBoost,5,1,0.8302469253540039,1
931,PH0155-C,1031-PF-SEA-PLOWE,Cambodia,Full,XGBoost,5,1,0.8180965185165405,1
932,PH0156-C,1031-PF-SEA-PLOWE,Cambodia,Full,XGBoost,5,1,0.8197187185287476,1
959,PH0217-C,1031-PF-SEA-PLOWE,Cambodia,Full,XGBoost,5,1,0.9865207672119141,1
960,PH0218-C,1031-PF-SEA-PLOWE,Cambodia,Full,XGBoost,5,1,0.9781004190444946,1
961,PH0221-C,1031-PF-SEA-PLOWE,Cambodia,Full,XGBoost,5,1,0.9626300930976868,1
962,PH0222-C,1031-PF-SEA-PLOWE,Cambodia,Full,XGBoost,5,1,0.9303972721099854,1
963,PH0223-CW,1031-PF-SEA-PLOWE,Cambodia,Full,XGBoost,5,1,0.97708660364151,1
964,PH0224-C,1031-PF-SEA-PLOWE,Cambodia,Full,XGBoost,5,1,0.9865207672119141,1
965,PH0225-C,1031-PF-SEA-PLOWE,Cambodia,Full,XGBoost,5,1,0.9865207672119141,1
966,PH0227-C,1031-PF-SEA-PLOWE,Cambodia,Full,XGBoost,5,1,0.9865207672119141,1
967,PH0228-C,1031-PF-SEA-PLOWE,Cambodia,Full,XGBoost,5,1,0.9865207672119141,1
968,PH0229-C,1031-PF-SEA-PLOWE,Cambodia,Full,XGBoost,5,1,0.9672434329986572,1
969,PH0234-C,1031-PF-SEA-PLOWE,Cambodia,Full,XGBoost,5,1,0.8218404054641724,1
970,PH0236-C,1031-PF-SEA-PLOWE,Cambodia,Full,XGBoost,5,1,0.9811832904815674,1
1066,PH0386-C,1031-PF-SEA-PLOWE,Cambodia,Full,XGBoost,5,1,0.8646515607833862,1
1067,PH0387-C,1031-PF-SEA-PLOWE,Cambodia,Full,XGBoost,5,1,0.8180965185165405,1
1068,PH0388-C,1031-PF-SEA-PLOWE,Cambodia,Full,XGBoost,5,1,0.47210487723350525,0
1069,PH0389-C,1031-PF-SEA-PLOWE,Cambodia,Full,XGBoost,5,1,0.9830884337425232,1
1070,PH0390-C,1031-PF-SEA-PLOWE,Cambodia,Full,XGBoost,5,1,0.9744998812675476,1
1071,PH0391-C,1031-PF-SEA-PLOWE,Cambodia,Full,XGBoost,5,0,0.6055203080177307,1
1072,PH0392-C,1031-PF-SEA-PLOWE,Cambodia,Full,XGBoost,5,1,0.5849993228912354,1
1073,PH0393-C,1031-PF-SEA-PLOWE,Cambodia,Full,XGBoost,5,1,0.9891961812973022,1
1074,PH0394-C,1031-PF-SEA-PLOWE,Cambodia,Full,XGBoost,5,0,0.6448901295661926,1
1075,PH0395-C,1031-PF-SEA-PLOWE,Cambodia,Full,XGBoost,5,1,0.6810928583145142,1
1076,PH0396-C,1031-PF-SEA-PLOWE,Cambodia,Full,XGBoost,5,1,0.9830884337425232,1
1077,PH0397-C,1031-PF-SEA-PLOWE,Cambodia,Full,XGBoost,5,1,0.9083818197250366,1
1078,PH0398-C,1031-PF-SEA-PLOWE,Cambodia,Full,XGBoost,5,1,0.9797884821891785,1
1079,PH0400-C,1031-PF-SEA-PLOWE,Cambodia,Full,XGBoost,5,1,0.9830884337425232,1
1080,PH0404-C,1031-PF-SEA-PLOWE,Cambodia,Full,XGBoost,5,1,0.24655665457248688,0
1081,PH0407-C,1031-PF-SEA-PLOWE,Cambodia,Full,XGBoost,5,1,0.9826870560646057,1
1082,PH0408-C,1031-PF-SEA-PLOWE,Cambodia,Full,XGBoost,5,0,0.32630687952041626,0
1083,PH0409-CW,1031-PF-SEA-PLOWE,Cambodia,Full,XGBoost,5,1,0.981107771396637,1
1084,PH0410-C,1031-PF-SEA-PLOWE,Cambodia,Full,XGBoost,5,1,0.9129791855812073,1
1085,PH0411-C,1031-PF-SEA-PLOWE,Cambodia,Full,XGBoost,5,1,0.8505831956863403,1
1086,PH0412-C,1031-PF-SEA-PLOWE,Cambodia,Full,XGBoost,5,1,0.8302469253540039,1
1087,PH0413-C,1031-PF-SEA-PLOWE,Cambodia,Full,XGBoost,5,1,0.7004930377006531,1
1088,PH0414-C,1031-PF-SEA-PLOWE,Cambodia,Full,XGBoost,5,0,0.9422557353973389,1
1089,PH0415-C,1031-PF-SEA-PLOWE,Cambodia,Full,XGBoost,5,0,0.5178512930870056,1
1090,PH0416-C,1031-PF-SEA-PLOWE,Cambodia,Full,XGBoost,5,1,0.6928815245628357,1
1091,PH0418-C,1031-PF-SEA-PLOWE,Cambodia,Full,XGBoost,5,1,0.9270024299621582,1
1092,PH0420-CW,1031-PF-SEA-PLOWE,Cambodia,Full,XGBoost,5,0,0.02291916124522686,0
1093,PH0421-C,1031-PF-SEA-PLOWE,Cambodia,Full,XGBoost,5,1,0.4243612289428711,0
1094,PH0422-CW,1031-PF-SEA-PLOWE,Cambodia,Full,XGBoost,5,1,0.9807377457618713,1
1095,PH0424-C,1031-PF-SEA-PLOWE,Cambodia,Full,XGBoost,5,1,0.9531212449073792,1
1096,PH0425-C,1031-PF-SEA-PLOWE,Cambodia,Full,XGBoost,5,1,0.34174492955207825,0
1097,PH0431-CW,1031-PF-SEA-PLOWE,Cambodia,Full,XGBoost,5,1,0.9241825342178345,1
1098,PH0437-C,1031-PF-SEA-PLOWE,Cambodia,Full,XGBoost,5,1,0.8259527087211609,1
1099,PH0438-C,1031-PF-SEA-PLOWE,Cambodia,Full,XGBoost,5,1,0.6424685120582581,1
1100,PH0444-C,1031-PF-SEA-PLOWE,Cambodia,Full,XGBoost,5,1,0.3465293049812317,0
1101,PH0445-C,1031-PF-SEA-PLOWE,Cambodia,Full,XGBoost,5,1,0.5072917938232422,1
1102,PH0447-C,1031-PF-SEA-PLOWE,Cambodia,Full,XGBoost,5,1,0.2651432752609253,0
1103,PH0451-C,1031-PF-SEA-PLOWE,Cambodia,Full,XGBoost,5,1,0.9449422955513,1
2451,RCN03169,1125-PF-TH-NOSTEN,Thailand,Full,XGBoost,5,1,0.9133446216583252,1
2452,RCN03171,1125-PF-TH-NOSTEN,Thailand,Full,XGBoost,5,0,0.2848305404186249,0
2453,RCN03172,1125-PF-TH-NOSTEN,Thailand,Full,XGBoost,5,0,0.6886687278747559,1
2454,RCN03173,1125-PF-TH-NOSTEN,Thailand,Full,XGBoost,5,0,0.4710719585418701,0
2455,RCN03174,1125-PF-TH-NOSTEN,Thailand,Full,XGBoost,5,1,0.9301848411560059,1
2456,RCN03177,1125-PF-TH-NOSTEN,Thailand,Full,XGBoost,5,0,0.40939247608184814,0
2457,RCN03178,1125-PF-TH-NOSTEN,Thailand,Full,XGBoost,5,1,0.9289279580116272,1
2458,RCN03181,1125-PF-TH-NOSTEN,Thailand,Full,XGBoost,5,0,0.8899254202842712,1
2459,RCN03182,1125-PF-TH-NOSTEN,Thailand,Full,XGBoost,5,1,0.6724282503128052,1
2460,RCN03186,1125-PF-TH-NOSTEN,Thailand,Full,XGBoost,5,1,0.6724282503128052,1
2461,RCN03187,1125-PF-TH-NOSTEN,Thailand,Full,XGBoost,5,1,0.8807786703109741,1
2462,RCN03188,1125-PF-TH-NOSTEN,Thailand,Full,XGBoost,5,0,0.758604109287262,1
2463,RCN03189,1125-PF-TH-NOSTEN,Thailand,Full,XGBoost,5,1,0.3771701455116272,0
2464,RCN03191,1125-PF-TH-NOSTEN,Thailand,Full,XGBoost,5,1,0.7795266509056091,1
2465,RCN03192,1125-PF-TH-NOSTEN,Thailand,Full,XGBoost,5,0,0.8834877014160156,1
2466,RCN03194,1125-PF-TH-NOSTEN,Thailand,Full,XGBoost,5,1,0.8456876873970032,1
2467,RCN03195,1125-PF-TH-NOSTEN,Thailand,Full,XGBoost,5,1,0.7356186509132385,1
2468,RCN03196,1125-PF-TH-NOSTEN,Thailand,Full,XGBoost,5,1,0.6619862914085388,1
2469,RCN03197,1125-PF-TH-NOSTEN,Thailand,Full,XGBoost,5,1,0.702532172203064,1
2470,RCN03272,1198-PF-METF-NOSTEN,Myanmar,Full,XGBoost,5,1,0.8132149577140808,1
2471,RCN03283,1198-PF-METF-NOSTEN,Myanmar,Full,XGBoost,5,1,0.39584264159202576,0
2472,RCN03285,1198-PF-METF-NOSTEN,Myanmar,Full,XGBoost,5,0,0.7092419266700745,1
2473,RCN03292,1198-PF-METF-NOSTEN,Myanmar,Full,XGBoost,5,1,0.8731629252433777,1
2474,RCN03299,1198-PF-METF-NOSTEN,Myanmar,Full,XGBoost,5,0,0.2920086979866028,0
2475,RCN03300,1198-PF-METF-NOSTEN,Myanmar,Full,XGBoost,5,0,0.3685501515865326,0
2476,RCN03303,1198-PF-METF-NOSTEN,Myanmar,Full,XGBoost,5,0,0.28693950176239014,0
2477,RCN03306,1198-PF-METF-NOSTEN,Myanmar,Full,XGBoost,5,1,0.1836952269077301,0
2478,RCN03307,1198-PF-METF-NOSTEN,Myanmar,Full,XGBoost,5,1,0.5860701203346252,1
2479,RCN03311,1198-PF-METF-NOSTEN,Myanmar,Full,XGBoost,5,0,0.6886361837387085,1
2480,RCN03312,1198-PF-METF-NOSTEN,Myanmar,Full,XGBoost,5,0,0.8684143424034119,1
2481,RCN03313,1198-PF-METF-NOSTEN,Myanmar,Full,XGBoost,5,1,0.6551633477210999,1
2482,RCN03315,1198-PF-METF-NOSTEN,Myanmar,Full,XGBoost,5,0,0.4388565719127655,0
2483,RCN03316,1198-PF-METF-NOSTEN,Myanmar,Full,XGBoost,5,0,0.2920086979866028,0
2484,RCN03317,1198-PF-METF-NOSTEN,Myanmar,Full,XGBoost,5,1,0.1836952269077301,0
2485,RCN03318,1198-PF-METF-NOSTEN,Myanmar,Full,XGBoost,5,0,0.2920086979866028,0
2486,RCN03319,1198-PF-METF-NOSTEN,Myanmar,Full,XGBoost,5,1,0.38602766394615173,0
2487,RCN03320,1198-PF-METF-NOSTEN,Myanmar,Full,XGBoost,5,0,0.18285633623600006,0
2488,RCN03323,1198-PF-METF-NOSTEN,Myanmar,Full,XGBoost,5,0,0.1553652137517929,0
2489,RCN03326,1198-PF-METF-NOSTEN,Myanmar,Full,XGBoost,5,1,0.15084955096244812,0
2490,RCN03328,1198-PF-METF-NOSTEN,Myanmar,Full,XGBoost,5,1,0.3767712414264679,0
2491,RCN03334,1198-PF-METF-NOSTEN,Myanmar,Full,XGBoost,5,1,0.3428478240966797,0
2492,RCN03335,1198-PF-METF-NOSTEN,Myanmar,Full,XGBoost,5,0,0.2965620756149292,0
2493,RCN03336,1198-PF-METF-NOSTEN,Myanmar,Full,XGBoost,5,0,0.3466361165046692,0
2494,RCN03337,1198-PF-METF-NOSTEN,Myanmar,Full,XGBoost,5,1,0.3301262855529785,0
2495,RCN03338,1198-PF-METF-NOSTEN,Myanmar,Full,XGBoost,5,1,0.6047071814537048,1
2496,RCN03339,1198-PF-METF-NOSTEN,Myanmar,Full,XGBoost,5,1,0.675798773765564,1
2497,RCN03340,1198-PF-METF-NOSTEN,Myanmar,Full,XGBoost,5,1,0.5800786018371582,1
2498,RCN03341,1198-PF-METF-NOSTEN,Myanmar,Full,XGBoost,5,0,0.2920086979866028,0
2499,RCN03342,1198-PF-METF-NOSTEN,Myanmar,Full,XGBoost,5,0,0.34051045775413513,0
2500,RCN03344,1198-PF-METF-NOSTEN,Myanmar,Full,XGBoost,5,0,0.34051045775413513,0
2501,RCN03347,1198-PF-METF-NOSTEN,Myanmar,Full,XGBoost,5,0,0.2920086979866028,0
2502,RCN03348,1198-PF-METF-NOSTEN,Myanmar,Full,XGBoost,5,1,0.38602766394615173,0
2503,RCN03349,1198-PF-METF-NOSTEN,Myanmar,Full,XGBoost,5,1,0.6047071814537048,1
2504,RCN03352,1198-PF-METF-NOSTEN,Myanmar,Full,XGBoost,5,0,0.18535052239894867,0
2505,RCN03353,1198-PF-METF-NOSTEN,Myanmar,Full,XGBoost,5,1,0.4983218312263489,0
2506,RCN03354,1198-PF-METF-NOSTEN,Myanmar,Full,XGBoost,5,1,0.5800786018371582,1
2507,RCN03357,1198-PF-METF-NOSTEN,Myanmar,Full,XGBoost,5,1,0.6047071814537048,1
2508,RCN03358,1198-PF-METF-NOSTEN,Myanmar,Full,XGBoost,5,1,0.7712742686271667,1
2509,RCN03361,1198-PF-METF-NOSTEN,Myanmar,Full,XGBoost,5,0,0.2920086979866028,0
2510,RCN03363,1198-PF-METF-NOSTEN,Myanmar,Full,XGBoost,5,0,0.2489747852087021,0
2511,RCN03365,1198-PF-METF-NOSTEN,Myanmar,Full,XGBoost,5,1,0.8129675984382629,1
2512,RCN03367,1198-PF-METF-NOSTEN,Myanmar,Full,XGBoost,5,1,0.1836952269077301,0
2513,RCN03369,1198-PF-METF-NOSTEN,Myanmar,Full,XGBoost,5,0,0.2920086979866028,0
2514,RCN03375,1198-PF-METF-NOSTEN,Myanmar,Full,XGBoost,5,0,0.28693950176239014,0
2515,RCN03376,1198-PF-METF-NOSTEN,Myanmar,Full,XGBoost,5,1,0.1836952269077301,0
2516,RCN03377,1198-PF-METF-NOSTEN,Myanmar,Full,XGBoost,5,0,0.3425753116607666,0
2517,RCN03380,1198-PF-METF-NOSTEN,Myanmar,Full,XGBoost,5,0,0.3900880515575409,0
2518,RCN03382,1198-PF-METF-NOSTEN,Myanmar,Full,XGBoost,5,0,0.22046686708927155,0
2519,RCN03383,1198-PF-METF-NOSTEN,Myanmar,Full,XGBoost,5,0,0.34051045775413513,0
2520,RCN03384,1198-PF-METF-NOSTEN,Myanmar,Full,XGBoost,5,0,0.3316607177257538,0
2521,RCN03386,1198-PF-METF-NOSTEN,Myanmar,Full,XGBoost,5,0,0.3280496895313263,0
2522,RCN03388,1198-PF-METF-NOSTEN,Myanmar,Full,XGBoost,5,1,0.6870362162590027,1
2523,RCN03389,1198-PF-METF-NOSTEN,Myanmar,Full,XGBoost,5,0,0.3302684426307678,0
2524,RCN03390,1198-PF-METF-NOSTEN,Myanmar,Full,XGBoost,5,0,0.36178913712501526,0
2525,RCN03391,1198-PF-METF-NOSTEN,Myanmar,Full,XGBoost,5,0,0.1862712949514389,0
2526,RCN03392,1198-PF-METF-NOSTEN,Myanmar,Full,XGBoost,5,0,0.2920086979866028,0
2527,RCN03394,1198-PF-METF-NOSTEN,Myanmar,Full,XGBoost,5,1,0.5800786018371582,1
2528,RCN03396,1198-PF-METF-NOSTEN,Myanmar,Full,XGBoost,5,1,0.27202868461608887,0
2529,RCN03398,1198-PF-METF-NOSTEN,Myanmar,Full,XGBoost,5,1,0.31894946098327637,0
2530,RCN03399,1198-PF-METF-NOSTEN,Myanmar,Full,XGBoost,5,0,0.4170529842376709,0
2531,RCN03400,1198-PF-METF-NOSTEN,Myanmar,Full,XGBoost,5,0,0.19089753925800323,0
2532,RCN03401,1198-PF-METF-NOSTEN,Myanmar,Full,XGBoost,5,1,0.7092419266700745,1
2533,RCN03402,1198-PF-METF-NOSTEN,Myanmar,Full,XGBoost,5,0,0.34051045775413513,0
2534,RCN03403,1198-PF-METF-NOSTEN,Myanmar,Full,XGBoost,5,1,0.5800786018371582,1
2535,RCN03405,1198-PF-METF-NOSTEN,Myanmar,Full,XGBoost,5,0,0.2920086979866028,0
2536,RCN03406,1198-PF-METF-NOSTEN,Myanmar,Full,XGBoost,5,0,0.2920086979866028,0
2537,RCN03408,1198-PF-METF-NOSTEN,Myanmar,Full,XGBoost,5,0,0.3316607177257538,0
2538,RCN03409,1198-PF-METF-NOSTEN,Myanmar,Full,XGBoost,5,1,0.1836952269077301,0
2539,RCN03410,1198-PF-METF-NOSTEN,Myanmar,Full,XGBoost,5,1,0.28693950176239014,0
2540,RCN03415,1198-PF-METF-NOSTEN,Myanmar,Full,XGBoost,5,1,0.5353713631629944,1
2541,RCN03419,1198-PF-METF-NOSTEN,Myanmar,Full,XGBoost,5,0,0.27889326214790344,0
2542,RCN03420,1198-PF-METF-NOSTEN,Myanmar,Full,XGBoost,5,1,0.5800786018371582,1
2543,RCN03421,1198-PF-METF-NOSTEN,Myanmar,Full,XGBoost,5,1,0.28693950176239014,0
2544,RCN03422,1198-PF-METF-NOSTEN,Myanmar,Full,XGBoost,5,1,0.22997517883777618,0
2545,RCN03423,1198-PF-METF-NOSTEN,Myanmar,Full,XGBoost,5,1,0.1836952269077301,0
2546,RCN03424,1198-PF-METF-NOSTEN,Myanmar,Full,XGBoost,5,1,0.2920086979866028,0
2547,RCN03425,1198-PF-METF-NOSTEN,Myanmar,Full,XGBoost,5,1,0.1836952269077301,0
2548,RCN03426,1198-PF-METF-NOSTEN,Myanmar,Full,XGBoost,5,1,0.17782214283943176,0
2549,RCN03428,1198-PF-METF-NOSTEN,Myanmar,Full,XGBoost,5,0,0.31039634346961975,0
2550,RCN03429,1198-PF-METF-NOSTEN,Myanmar,Full,XGBoost,5,0,0.25741884112358093,0
2551,RCN03430,1198-PF-METF-NOSTEN,Myanmar,Full,XGBoost,5,0,0.21223607659339905,0
2552,RCN03431,1198-PF-METF-NOSTEN,Myanmar,Full,XGBoost,5,1,0.55867999792099,1
2553,RCN03433,1198-PF-METF-NOSTEN,Myanmar,Full,XGBoost,5,1,0.34341171383857727,0
2554,RCN03435,1198-PF-METF-NOSTEN,Myanmar,Full,XGBoost,5,0,0.2382543534040451,0
2555,RCN03436,1198-PF-METF-NOSTEN,Myanmar,Full,XGBoost,5,1,0.5800786018371582,1
2556,RCN03439,1198-PF-METF-NOSTEN,Myanmar,Full,XGBoost,5,1,0.5898179411888123,1
2557,RCN03440,1198-PF-METF-NOSTEN,Myanmar,Full,XGBoost,5,1,0.5988007187843323,1
2558,RCN03441,1198-PF-METF-NOSTEN,Myanmar,Full,XGBoost,5,1,0.8401210904121399,1
2559,RCN03442,1198-PF-METF-NOSTEN,Myanmar,Full,XGBoost,5,1,0.2920086979866028,0
2560,RCN03444,1198-PF-METF-NOSTEN,Myanmar,Full,XGBoost,5,0,0.34051045775413513,0
2561,RCN03448,1198-PF-METF-NOSTEN,Myanmar,Full,XGBoost,5,1,0.5838422179222107,1
2562,RCN03450,1198-PF-METF-NOSTEN,Myanmar,Full,XGBoost,5,1,0.7485149502754211,1
2563,RCN03451,1198-PF-METF-NOSTEN,Myanmar,Full,XGBoost,5,0,0.33596083521842957,0
2564,RCN03452,1198-PF-METF-NOSTEN,Myanmar,Full,XGBoost,5,0,0.23553374409675598,0
2565,RCN03453,1198-PF-METF-NOSTEN,Myanmar,Full,XGBoost,5,0,0.18816451728343964,0
2566,RCN03458,1198-PF-METF-NOSTEN,Myanmar,Full,XGBoost,5,1,0.6047071814537048,1
2567,RCN03459,1198-PF-METF-NOSTEN,Myanmar,Full,XGBoost,5,0,0.38580238819122314,0
2568,RCN03460,1198-PF-METF-NOSTEN,Myanmar,Full,XGBoost,5,1,0.7142981886863708,1
2569,RCN03461,1198-PF-METF-NOSTEN,Myanmar,Full,XGBoost,5,0,0.8571357727050781,1
2570,RCN03462,1198-PF-METF-NOSTEN,Myanmar,Full,XGBoost,5,0,0.2382543534040451,0
2571,RCN03463,1198-PF-METF-NOSTEN,Myanmar,Full,XGBoost,5,0,0.8261992931365967,1
2572,RCN03464,1198-PF-METF-NOSTEN,Myanmar,Full,XGBoost,5,0,0.8401210904121399,1
2573,RCN03467,1198-PF-METF-NOSTEN,Myanmar,Full,XGBoost,5,0,0.36178913712501526,0
2574,RCN03468,1198-PF-METF-NOSTEN,Myanmar,Full,XGBoost,5,0,0.44201070070266724,0
2575,RCN03469,1198-PF-METF-NOSTEN,Myanmar,Full,XGBoost,5,0,0.36178913712501526,0
2576,RCN03470,1198-PF-METF-NOSTEN,Myanmar,Full,XGBoost,5,0,0.34051045775413513,0
2577,RCN03471,1198-PF-METF-NOSTEN,Myanmar,Full,XGBoost,5,0,0.34051045775413513,0
2578,RCN03472,1198-PF-METF-NOSTEN,Myanmar,Full,XGBoost,5,0,0.34051045775413513,0
2579,RCN03474,1198-PF-METF-NOSTEN,Myanmar,Full,XGBoost,5,1,0.1921686977148056,0
2580,RCN03475,1198-PF-METF-NOSTEN,Myanmar,Full,XGBoost,5,0,0.36178913712501526,0
2581,RCN03476,1198-PF-METF-NOSTEN,Myanmar,Full,XGBoost,5,0,0.34051045775413513,0
2582,RCN03477,1198-PF-METF-NOSTEN,Myanmar,Full,XGBoost,5,0,0.46686261892318726,0
2583,RCN03478,1198-PF-METF-NOSTEN,Myanmar,Full,XGBoost,5,0,0.36178913712501526,0
2584,RCN03479,1198-PF-METF-NOSTEN,Myanmar,Full,XGBoost,5,0,0.34051045775413513,0
2585,RCN03480,1198-PF-METF-NOSTEN,Myanmar,Full,XGBoost,5,0,0.3316607177257538,0
2586,RCN03484,1198-PF-METF-NOSTEN,Myanmar,Full,XGBoost,5,0,0.31039634346961975,0
2587,RCN03485,1198-PF-METF-NOSTEN,Myanmar,Full,XGBoost,5,1,0.1836952269077301,0
2588,RCN03486,1198-PF-METF-NOSTEN,Myanmar,Full,XGBoost,5,0,0.8261992931365967,1
2589,RCN03487,1198-PF-METF-NOSTEN,Myanmar,Full,XGBoost,5,1,0.8473056554794312,1
2590,RCN03488,1198-PF-METF-NOSTEN,Myanmar,Full,XGBoost,5,0,0.9024027585983276,1
2591,RCN03489,1198-PF-METF-NOSTEN,Myanmar,Full,XGBoost,5,1,0.6870362162590027,1
2592,RCN03490,1198-PF-METF-NOSTEN,Myanmar,Full,XGBoost,5,1,0.6870362162590027,1
2593,RCN03492,1198-PF-METF-NOSTEN,Myanmar,Full,XGBoost,5,0,0.8261992931365967,1
2594,RCN03493,1198-PF-METF-NOSTEN,Myanmar,Full,XGBoost,5,0,0.29917749762535095,0
2595,RCN03494,1198-PF-METF-NOSTEN,Myanmar,Full,XGBoost,5,0,0.2489747852087021,0
2596,RCN03495,1198-PF-METF-NOSTEN,Myanmar,Full,XGBoost,5,0,0.3077685832977295,0
2597,RCN03496,1198-PF-METF-NOSTEN,Myanmar,Full,XGBoost,5,1,0.1836952269077301,0
2598,RCN03497,1198-PF-METF-NOSTEN,Myanmar,Full,XGBoost,5,0,0.3184286653995514,0
2599,RCN03501,1198-PF-METF-NOSTEN,Myanmar,Full,XGBoost,5,1,0.348422110080719,0
2600,RCN03502,1198-PF-METF-NOSTEN,Myanmar,Full,XGBoost,5,1,0.6817125678062439,1
2601,RCN03504,1198-PF-METF-NOSTEN,Myanmar,Full,XGBoost,5,1,0.1836952269077301,0
2602,RCN03505,1198-PF-METF-NOSTEN,Myanmar,Full,XGBoost,5,0,0.44239553809165955,0
2603,RCN03508,1198-PF-METF-NOSTEN,Myanmar,Full,XGBoost,5,1,0.5860701203346252,1
2604,RCN03509,1198-PF-METF-NOSTEN,Myanmar,Full,XGBoost,5,0,0.4299319088459015,0
2605,RCN03510,1198-PF-METF-NOSTEN,Myanmar,Full,XGBoost,5,1,0.39567700028419495,0
2606,RCN03511,1198-PF-METF-NOSTEN,Myanmar,Full,XGBoost,5,1,0.1836952269077301,0
2607,RCN03512,1198-PF-METF-NOSTEN,Myanmar,Full,XGBoost,5,1,0.348422110080719,0
2608,RCN03513,1198-PF-METF-NOSTEN,Myanmar,Full,XGBoost,5,1,0.5800786018371582,1
2609,RCN03514,1198-PF-METF-NOSTEN,Myanmar,Full,XGBoost,5,0,0.21223607659339905,0
2610,RCN03515,1198-PF-METF-NOSTEN,Myanmar,Full,XGBoost,5,1,0.1836952269077301,0
2611,RCN03519,1198-PF-METF-NOSTEN,Myanmar,Full,XGBoost,5,1,0.348422110080719,0
2612,RCN03521,1198-PF-METF-NOSTEN,Myanmar,Full,XGBoost,5,0,0.7930001616477966,1
2613,RCN03522,1198-PF-METF-NOSTEN,Myanmar,Full,XGBoost,5,0,0.35156306624412537,0
2614,RCN03523,1198-PF-METF-NOSTEN,Myanmar,Full,XGBoost,5,1,0.7336380481719971,1
2615,RCN03527,1198-PF-METF-NOSTEN,Myanmar,Full,XGBoost,5,1,0.28693950176239014,0
2616,RCN03529,1198-PF-METF-NOSTEN,Myanmar,Full,XGBoost,5,1,0.7208837866783142,1
2617,RCN03530,1198-PF-METF-NOSTEN,Myanmar,Full,XGBoost,5,0,0.5144075751304626,1
2618,RCN03531,1198-PF-METF-NOSTEN,Myanmar,Full,XGBoost,5,0,0.8401210904121399,1
2619,RCN03534,1198-PF-METF-NOSTEN,Myanmar,Full,XGBoost,5,0,0.35156306624412537,0
2620,RCN03535,1198-PF-METF-NOSTEN,Myanmar,Full,XGBoost,5,1,0.3077685832977295,0
2621,RCN03536,1198-PF-METF-NOSTEN,Myanmar,Full,XGBoost,5,1,0.4570624530315399,0
2769,RCN08621,1207-PF-KH-CNM-GENRE,Cambodia,Full,XGBoost,5,1,0.988085150718689,1
2770,RCN08623,1207-PF-KH-CNM-GENRE,Cambodia,Full,XGBoost,5,1,0.9973178505897522,1
2771,RCN08629,1207-PF-KH-CNM-GENRE,Cambodia,Full,XGBoost,5,1,0.9529193639755249,1
2772,RCN08633,1207-PF-KH-CNM-GENRE,Cambodia,Full,XGBoost,5,0,0.2672949433326721,0
2773,RCN08634,1207-PF-KH-CNM-GENRE,Cambodia,Full,XGBoost,5,1,0.9371157884597778,1
2774,RCN08635,1207-PF-KH-CNM-GENRE,Cambodia,Full,XGBoost,5,1,0.9520347118377686,1
2775,RCN08636,1207-PF-KH-CNM-GENRE,Cambodia,Full,XGBoost,5,1,0.9972217082977295,1
2776,RCN08637,1207-PF-KH-CNM-GENRE,Cambodia,Full,XGBoost,5,1,0.9872612953186035,1
2777,RCN08638,1207-PF-KH-CNM-GENRE,Cambodia,Full,XGBoost,5,1,0.9898682832717896,1
2778,RCN08639,1207-PF-KH-CNM-GENRE,Cambodia,Full,XGBoost,5,1,0.9963668584823608,1
2779,RCN08640,1207-PF-KH-CNM-GENRE,Cambodia,Full,XGBoost,5,0,0.041792646050453186,0
2780,RCN08641,1207-PF-KH-CNM-GENRE,Cambodia,Full,XGBoost,5,1,0.9901126027107239,1
2781,RCN08642,1207-PF-KH-CNM-GENRE,Cambodia,Full,XGBoost,5,1,0.9285258650779724,1
2782,RCN08643,1207-PF-KH-CNM-GENRE,Cambodia,Full,XGBoost,5,1,0.9522261023521423,1
2783,RCN08644,1207-PF-KH-CNM-GENRE,Cambodia,Full,XGBoost,5,1,0.9947579503059387,1
2784,RCN08645,1207-PF-KH-CNM-GENRE,Cambodia,Full,XGBoost,5,1,0.9542871713638306,1
2785,RCN08646,1207-PF-KH-CNM-GENRE,Cambodia,Full,XGBoost,5,0,0.04688176512718201,0
2786,RCN08647,1207-PF-KH-CNM-GENRE,Cambodia,Full,XGBoost,5,1,0.9728031754493713,1
2787,RCN08648,1207-PF-KH-CNM-GENRE,Cambodia,Full,XGBoost,5,1,0.9947579503059387,1
2788,RCN08650,1207-PF-KH-CNM-GENRE,Cambodia,Full,XGBoost,5,0,0.09139889478683472,0
2789,RCN08651,1207-PF-KH-CNM-GENRE,Cambodia,Full,XGBoost,5,1,0.9238858222961426,1
2790,RCN08652,1207-PF-KH-CNM-GENRE,Cambodia,Full,XGBoost,5,1,0.9861881136894226,1
2791,RCN08653,1207-PF-KH-CNM-GENRE,Cambodia,Full,XGBoost,5,1,0.9971563816070557,1
2792,RCN08654,1207-PF-KH-CNM-GENRE,Cambodia,Full,XGBoost,5,0,0.08496495336294174,0
2793,RCN08655,1207-PF-KH-CNM-GENRE,Cambodia,Full,XGBoost,5,0,0.041792646050453186,0
2794,RCN08656,1207-PF-KH-CNM-GENRE,Cambodia,Full,XGBoost,5,1,0.99715256690979,1
2795,RCN08657,1207-PF-KH-CNM-GENRE,Cambodia,Full,XGBoost,5,1,0.05916332080960274,0
2796,RCN08659,1207-PF-KH-CNM-GENRE,Cambodia,Full,XGBoost,5,0,0.041792646050453186,0
2797,RCN08661,1207-PF-KH-CNM-GENRE,Cambodia,Full,XGBoost,5,0,0.08758413046598434,0
2798,RCN08662,1207-PF-KH-CNM-GENRE,Cambodia,Full,XGBoost,5,0,0.06491811573505402,0
2799,RCN08663,1207-PF-KH-CNM-GENRE,Cambodia,Full,XGBoost,5,1,0.9503769874572754,1
2800,RCN08664,1207-PF-KH-CNM-GENRE,Cambodia,Full,XGBoost,5,1,0.9238858222961426,1
2801,RCN08665,1207-PF-KH-CNM-GENRE,Cambodia,Full,XGBoost,5,1,0.992599606513977,1
2802,RCN08666,1207-PF-KH-CNM-GENRE,Cambodia,Full,XGBoost,5,1,0.9895619750022888,1
2803,RCN08667,1207-PF-KH-CNM-GENRE,Cambodia,Full,XGBoost,5,0,0.08177343010902405,0
2804,RCN08668,1207-PF-KH-CNM-GENRE,Cambodia,Full,XGBoost,5,1,0.9894486665725708,1
2805,RCN08669,1207-PF-KH-CNM-GENRE,Cambodia,Full,XGBoost,5,1,0.9756001234054565,1
2806,RCN08670,1207-PF-KH-CNM-GENRE,Cambodia,Full,XGBoost,5,1,0.9968903660774231,1
2807,RCN08671,1207-PF-KH-CNM-GENRE,Cambodia,Full,XGBoost,5,1,0.9963775277137756,1
2808,RCN08672,1207-PF-KH-CNM-GENRE,Cambodia,Full,XGBoost,5,1,0.9238858222961426,1
2809,RCN08673,1207-PF-KH-CNM-GENRE,Cambodia,Full,XGBoost,5,1,0.8643097877502441,1
2810,RCN08674,1207-PF-KH-CNM-GENRE,Cambodia,Full,XGBoost,5,1,0.8720787763595581,1
2811,RCN08676,1207-PF-KH-CNM-GENRE,Cambodia,Full,XGBoost,5,0,0.051279738545417786,0
2812,RCN08677,1207-PF-KH-CNM-GENRE,Cambodia,Full,XGBoost,5,1,0.9972217082977295,1
2813,RCN08678,1207-PF-KH-CNM-GENRE,Cambodia,Full,XGBoost,5,0,0.09718532115221024,0
2814,RCN08679,1207-PF-KH-CNM-GENRE,Cambodia,Full,XGBoost,5,0,0.08309891074895859,0
2815,RCN08680,1207-PF-KH-CNM-GENRE,Cambodia,Full,XGBoost,5,0,0.09785792976617813,0
2816,RCN08681,1207-PF-KH-CNM-GENRE,Cambodia,Full,XGBoost,5,1,0.9968903660774231,1
2817,RCN08682,1207-PF-KH-CNM-GENRE,Cambodia,Full,XGBoost,5,0,0.595548689365387,1
2818,RCN08683,1207-PF-KH-CNM-GENRE,Cambodia,Full,XGBoost,5,0,0.13338905572891235,0
2819,RCN08684,1207-PF-KH-CNM-GENRE,Cambodia,Full,XGBoost,5,1,0.9771859645843506,1
2820,RCN08685,1207-PF-KH-CNM-GENRE,Cambodia,Full,XGBoost,5,1,0.9916161894798279,1
2821,RCN08686,1207-PF-KH-CNM-GENRE,Cambodia,Full,XGBoost,5,1,0.9968903660774231,1
2822,RCN08687,1207-PF-KH-CNM-GENRE,Cambodia,Full,XGBoost,5,1,0.9975245594978333,1
2823,RCN08688,1207-PF-KH-CNM-GENRE,Cambodia,Full,XGBoost,5,1,0.9893127083778381,1
2824,RCN08689,1207-PF-KH-CNM-GENRE,Cambodia,Full,XGBoost,5,1,0.06668001413345337,0
2825,RCN08690,1207-PF-KH-CNM-GENRE,Cambodia,Full,XGBoost,5,1,0.06628945469856262,0
2826,RCN08692,1207-PF-KH-CNM-GENRE,Cambodia,Full,XGBoost,5,1,0.995318591594696,1
2827,RCN08693,1207-PF-KH-CNM-GENRE,Cambodia,Full,XGBoost,5,1,0.9956836700439453,1
2828,RCN08694,1207-PF-KH-CNM-GENRE,Cambodia,Full,XGBoost,5,1,0.9940707087516785,1
2829,RCN08695,1207-PF-KH-CNM-GENRE,Cambodia,Full,XGBoost,5,1,0.995318591594696,1
2830,RCN08696,1207-PF-KH-CNM-GENRE,Cambodia,Full,XGBoost,5,1,0.9955293536186218,1
2831,RCN08699,1207-PF-KH-CNM-GENRE,Cambodia,Full,XGBoost,5,1,0.9731393456459045,1
2832,RCN08700,1207-PF-KH-CNM-GENRE,Cambodia,Full,XGBoost,5,1,0.972385585308075,1
2833,RCN08701,1207-PF-KH-CNM-GENRE,Cambodia,Full,XGBoost,5,1,0.9779441356658936,1
2834,RCN08702,1207-PF-KH-CNM-GENRE,Cambodia,Full,XGBoost,5,1,0.9959404468536377,1
2835,RCN08703,1207-PF-KH-CNM-GENRE,Cambodia,Full,XGBoost,5,1,0.9977222084999084,1
2836,RCN08705,1207-PF-KH-CNM-GENRE,Cambodia,Full,XGBoost,5,1,0.9867346286773682,1
2837,RCN08706,1207-PF-KH-CNM-GENRE,Cambodia,Full,XGBoost,5,1,0.8518701195716858,1
2838,RCN08707,1207-PF-KH-CNM-GENRE,Cambodia,Full,XGBoost,5,1,0.8749394416809082,1
2839,RCN08709,1207-PF-KH-CNM-GENRE,Cambodia,Full,XGBoost,5,1,0.9461149573326111,1
2840,RCN08710,1207-PF-KH-CNM-GENRE,Cambodia,Full,XGBoost,5,1,0.9063947200775146,1
2841,RCN08713,1207-PF-KH-CNM-GENRE,Cambodia,Full,XGBoost,5,1,0.9443235397338867,1
2842,RCN08714,1207-PF-KH-CNM-GENRE,Cambodia,Full,XGBoost,5,1,0.8518701195716858,1
2843,RCN08715,1207-PF-KH-CNM-GENRE,Cambodia,Full,XGBoost,5,1,0.8518701195716858,1
2844,RCN08719,1207-PF-KH-CNM-GENRE,Cambodia,Full,XGBoost,5,1,0.9140248894691467,1
2845,RCN08720,1207-PF-KH-CNM-GENRE,Cambodia,Full,XGBoost,5,1,0.9140248894691467,1
2846,RCN08722,1207-PF-KH-CNM-GENRE,Cambodia,Full,XGBoost,5,1,0.9951795339584351,1
2847,RCN08723,1207-PF-KH-CNM-GENRE,Cambodia,Full,XGBoost,5,1,0.9971696734428406,1
2848,RCN08724,1207-PF-KH-CNM-GENRE,Cambodia,Full,XGBoost,5,0,0.4878996014595032,0
2849,RCN08725,1207-PF-KH-CNM-GENRE,Cambodia,Full,XGBoost,5,0,0.05807182565331459,0
2850,RCN08726,1207-PF-KH-CNM-GENRE,Cambodia,Full,XGBoost,5,1,0.9976059198379517,1
2851,RCN08727,1207-PF-KH-CNM-GENRE,Cambodia,Full,XGBoost,5,1,0.9958618879318237,1
2852,RCN08728,1207-PF-KH-CNM-GENRE,Cambodia,Full,XGBoost,5,1,0.9914118051528931,1
2853,RCN08730,1207-PF-KH-CNM-GENRE,Cambodia,Full,XGBoost,5,1,0.9955170750617981,1
2854,RCN08731,1207-PF-KH-CNM-GENRE,Cambodia,Full,XGBoost,5,0,0.19730915129184723,0
2855,RCN08732,1207-PF-KH-CNM-GENRE,Cambodia,Full,XGBoost,5,1,0.992599606513977,1
2856,RCN08734,1207-PF-KH-CNM-GENRE,Cambodia,Full,XGBoost,5,1,0.9956766963005066,1
2857,RCN08736,1207-PF-KH-CNM-GENRE,Cambodia,Full,XGBoost,5,1,0.9941055774688721,1
2858,RCN08737,1207-PF-KH-CNM-GENRE,Cambodia,Full,XGBoost,5,1,0.9939170479774475,1
2859,RCN08738,1207-PF-KH-CNM-GENRE,Cambodia,Full,XGBoost,5,1,0.9503467082977295,1
2860,RCN08739,1207-PF-KH-CNM-GENRE,Cambodia,Full,XGBoost,5,1,0.9858850240707397,1
2861,RCN08740,1207-PF-KH-CNM-GENRE,Cambodia,Full,XGBoost,5,1,0.9937649965286255,1
2862,RCN08741,1207-PF-KH-CNM-GENRE,Cambodia,Full,XGBoost,5,1,0.9976609945297241,1
2863,RCN08742,1207-PF-KH-CNM-GENRE,Cambodia,Full,XGBoost,5,1,0.9976609945297241,1
2864,RCN08743,1207-PF-KH-CNM-GENRE,Cambodia,Full,XGBoost,5,1,0.9936129450798035,1
2865,RCN08744,1207-PF-KH-CNM-GENRE,Cambodia,Full,XGBoost,5,1,0.9939170479774475,1
2866,RCN08745,1207-PF-KH-CNM-GENRE,Cambodia,Full,XGBoost,5,1,0.9956662654876709,1
2867,RCN08746,1207-PF-KH-CNM-GENRE,Cambodia,Full,XGBoost,5,1,0.994621753692627,1
2868,RCN08747,1207-PF-KH-CNM-GENRE,Cambodia,Full,XGBoost,5,1,0.986445963382721,1
2869,RCN08748,1207-PF-KH-CNM-GENRE,Cambodia,Full,XGBoost,5,1,0.9895619750022888,1
2870,RCN08749,1207-PF-KH-CNM-GENRE,Cambodia,Full,XGBoost,5,1,0.9920440912246704,1
2871,RCN08750,1207-PF-KH-CNM-GENRE,Cambodia,Full,XGBoost,5,1,0.9955744743347168,1
2872,RCN08751,1207-PF-KH-CNM-GENRE,Cambodia,Full,XGBoost,5,1,0.9971563816070557,1
2873,RCN08752,1207-PF-KH-CNM-GENRE,Cambodia,Full,XGBoost,5,1,0.9958963394165039,1
2874,RCN08753,1207-PF-KH-CNM-GENRE,Cambodia,Full,XGBoost,5,1,0.995918333530426,1
2875,RCN08754,1207-PF-KH-CNM-GENRE,Cambodia,Full,XGBoost,5,1,0.9972217082977295,1
2876,RCN08756,1207-PF-KH-CNM-GENRE,Cambodia,Full,XGBoost,5,1,0.9916663765907288,1
2877,RCN08757,1207-PF-KH-CNM-GENRE,Cambodia,Full,XGBoost,5,1,0.9916663765907288,1
2878,RCN08758,1207-PF-KH-CNM-GENRE,Cambodia,Full,XGBoost,5,1,0.9911177754402161,1
2879,RCN08759,1207-PF-KH-CNM-GENRE,Cambodia,Full,XGBoost,5,1,0.9918612241744995,1
2880,RCN08761,1207-PF-KH-CNM-GENRE,Cambodia,Full,XGBoost,5,1,0.9936155080795288,1
2881,RCN08762,1207-PF-KH-CNM-GENRE,Cambodia,Full,XGBoost,5,1,0.9952261447906494,1
2882,RCN08763,1207-PF-KH-CNM-GENRE,Cambodia,Full,XGBoost,5,1,0.9937649965286255,1
2883,RCN08764,1207-PF-KH-CNM-GENRE,Cambodia,Full,XGBoost,5,1,0.9916663765907288,1
2884,RCN08765,1207-PF-KH-CNM-GENRE,Cambodia,Full,XGBoost,5,1,0.9916663765907288,1
2885,RCN08766,1207-PF-KH-CNM-GENRE,Cambodia,Full,XGBoost,5,1,0.99591463804245,1
2886,RCN08767,1207-PF-KH-CNM-GENRE,Cambodia,Full,XGBoost,5,1,0.9976059198379517,1
2887,RCN08768,1207-PF-KH-CNM-GENRE,Cambodia,Full,XGBoost,5,1,0.9923046231269836,1
2888,RCN08769,1207-PF-KH-CNM-GENRE,Cambodia,Full,XGBoost,5,1,0.994952917098999,1
2889,RCN08770,1207-PF-KH-CNM-GENRE,Cambodia,Full,XGBoost,5,1,0.973595380783081,1
2890,RCN08771,1207-PF-KH-CNM-GENRE,Cambodia,Full,XGBoost,5,1,0.990665853023529,1
2891,RCN08772,1207-PF-KH-CNM-GENRE,Cambodia,Full,XGBoost,5,0,0.04665045440196991,0
2892,RCN08773,1207-PF-KH-CNM-GENRE,Cambodia,Full,XGBoost,5,0,0.6521555781364441,1
2893,RCN08774,1207-PF-KH-CNM-GENRE,Cambodia,Full,XGBoost,5,0,0.11790692806243896,0
2894,RCN08775,1207-PF-KH-CNM-GENRE,Cambodia,Full,XGBoost,5,1,0.9976027607917786,1
2895,RCN08776,1207-PF-KH-CNM-GENRE,Cambodia,Full,XGBoost,5,1,0.9893127083778381,1
2896,RCN08777,1207-PF-KH-CNM-GENRE,Cambodia,Full,XGBoost,5,1,0.9701176285743713,1
2897,RCN08778,1207-PF-KH-CNM-GENRE,Cambodia,Full,XGBoost,5,1,0.9902989864349365,1
2898,RCN08779,1207-PF-KH-CNM-GENRE,Cambodia,Full,XGBoost,5,1,0.9972764849662781,1
2899,RCN08780,1207-PF-KH-CNM-GENRE,Cambodia,Full,XGBoost,5,1,0.9936155080795288,1
2900,RCN08781,1207-PF-KH-CNM-GENRE,Cambodia,Full,XGBoost,5,1,0.9803901314735413,1
2901,RCN08782,1207-PF-KH-CNM-GENRE,Cambodia,Full,XGBoost,5,0,0.15201200544834137,0
2902,RCN08783,1207-PF-KH-CNM-GENRE,Cambodia,Full,XGBoost,5,1,0.9799264073371887,1
2903,RCN08784,1207-PF-KH-CNM-GENRE,Cambodia,Full,XGBoost,5,1,0.9952512979507446,1
3161,RCN09292,1198-PF-METF-NOSTEN,Myanmar,Full,XGBoost,5,0,0.3664895296096802,0
3162,RCN09293,1198-PF-METF-NOSTEN,Myanmar,Full,XGBoost,5,1,0.2920086979866028,0
3163,RCN09295,1198-PF-METF-NOSTEN,Myanmar,Full,XGBoost,5,0,0.2920086979866028,0
3164,RCN09296,1198-PF-METF-NOSTEN,Myanmar,Full,XGBoost,5,1,0.4732067584991455,0
3165,RCN09299,1198-PF-METF-NOSTEN,Myanmar,Full,XGBoost,5,0,0.21223607659339905,0
3166,RCN09301,1198-PF-METF-NOSTEN,Myanmar,Full,XGBoost,5,1,0.2897489070892334,0
3167,RCN09302,1198-PF-METF-NOSTEN,Myanmar,Full,XGBoost,5,1,0.2841992974281311,0
3168,RCN09303,1198-PF-METF-NOSTEN,Myanmar,Full,XGBoost,5,0,0.4260604977607727,0
3169,RCN09305,1198-PF-METF-NOSTEN,Myanmar,Full,XGBoost,5,0,0.7522820830345154,1
3170,RCN09306,1198-PF-METF-NOSTEN,Myanmar,Full,XGBoost,5,1,0.348422110080719,0
3171,RCN09308,1198-PF-METF-NOSTEN,Myanmar,Full,XGBoost,5,0,0.3627910017967224,0
3172,RCN09309,1198-PF-METF-NOSTEN,Myanmar,Full,XGBoost,5,0,0.5493023991584778,1
3173,RCN09310,1198-PF-METF-NOSTEN,Myanmar,Full,XGBoost,5,0,0.5144075751304626,1
3174,RCN09312,1198-PF-METF-NOSTEN,Myanmar,Full,XGBoost,5,1,0.32194992899894714,0
3175,RCN09313,1198-PF-METF-NOSTEN,Myanmar,Full,XGBoost,5,1,0.3633582592010498,0
3176,RCN09314,1198-PF-METF-NOSTEN,Myanmar,Full,XGBoost,5,1,0.5150761008262634,1
3177,RCN09315,1198-PF-METF-NOSTEN,Myanmar,Full,XGBoost,5,0,0.5144075751304626,1
3178,RCN09316,1198-PF-METF-NOSTEN,Myanmar,Full,XGBoost,5,1,0.2841992974281311,0
3179,RCN09317,1198-PF-METF-NOSTEN,Myanmar,Full,XGBoost,5,1,0.2841992974281311,0
3180,RCN09318,1198-PF-METF-NOSTEN,Myanmar,Full,XGBoost,5,0,0.5423548817634583,1
3181,RCN09319,1198-PF-METF-NOSTEN,Myanmar,Full,XGBoost,5,1,0.3285015821456909,0
3182,RCN09320,1198-PF-METF-NOSTEN,Myanmar,Full,XGBoost,5,0,0.5353211164474487,1
3183,RCN09322,1198-PF-METF-NOSTEN,Myanmar,Full,XGBoost,5,0,0.5144075751304626,1
3184,RCN09324,1198-PF-METF-NOSTEN,Myanmar,Full,XGBoost,5,0,0.5144075751304626,1
3185,RCN09326,1198-PF-METF-NOSTEN,Myanmar,Full,XGBoost,5,1,0.2956298887729645,0
3186,RCN09329,1198-PF-METF-NOSTEN,Myanmar,Full,XGBoost,5,1,0.38602766394615173,0
3187,RCN09330,1198-PF-METF-NOSTEN,Myanmar,Full,XGBoost,5,1,0.3428478240966797,0
3188,RCN09331,1198-PF-METF-NOSTEN,Myanmar,Full,XGBoost,5,0,0.3873879313468933,0
3189,RCN09332,1198-PF-METF-NOSTEN,Myanmar,Full,XGBoost,5,0,0.45743900537490845,0
3190,RCN09333,1198-PF-METF-NOSTEN,Myanmar,Full,XGBoost,5,0,0.11201938986778259,0
3191,RCN09334,1198-PF-METF-NOSTEN,Myanmar,Full,XGBoost,5,1,0.19202136993408203,0
3192,RCN09337,1198-PF-METF-NOSTEN,Myanmar,Full,XGBoost,5,1,0.590618371963501,1
3193,RCN09338,1198-PF-METF-NOSTEN,Myanmar,Full,XGBoost,5,0,0.36613646149635315,0
3194,RCN09339,1198-PF-METF-NOSTEN,Myanmar,Full,XGBoost,5,1,0.7488150000572205,1
3195,RCN09340,1198-PF-METF-NOSTEN,Myanmar,Full,XGBoost,5,1,0.35741204023361206,0
3196,RCN09341,1198-PF-METF-NOSTEN,Myanmar,Full,XGBoost,5,0,0.34461405873298645,0
3197,RCN09342,1198-PF-METF-NOSTEN,Myanmar,Full,XGBoost,5,1,0.675798773765564,1
3198,RCN09344,1198-PF-METF-NOSTEN,Myanmar,Full,XGBoost,5,0,0.45743900537490845,0
3199,RCN09347,1198-PF-METF-NOSTEN,Myanmar,Full,XGBoost,5,1,0.5860701203346252,1
3200,RCN09348,1198-PF-METF-NOSTEN,Myanmar,Full,XGBoost,5,1,0.39584264159202576,0
3201,RCN09350,1198-PF-METF-NOSTEN,Myanmar,Full,XGBoost,5,0,0.7485149502754211,1
3202,RCN09360,1198-PF-METF-NOSTEN,Myanmar,Full,XGBoost,5,1,0.6258025765419006,1
3203,RCN09362,1198-PF-METF-NOSTEN,Myanmar,Full,XGBoost,5,1,0.3130871057510376,0
3204,RCN09363,1198-PF-METF-NOSTEN,Myanmar,Full,XGBoost,5,1,0.348422110080719,0
3205,RCN09364,1198-PF-METF-NOSTEN,Myanmar,Full,XGBoost,5,1,0.36113253235816956,0
3206,RCN09365,1198-PF-METF-NOSTEN,Myanmar,Full,XGBoost,5,0,0.21223607659339905,0
3207,RCN09368,1198-PF-METF-NOSTEN,Myanmar,Full,XGBoost,5,0,0.36952880024909973,0
3208,RCN09369,1198-PF-METF-NOSTEN,Myanmar,Full,XGBoost,5,1,0.6037164330482483,1
3209,RCN09370,1198-PF-METF-NOSTEN,Myanmar,Full,XGBoost,5,1,0.4570624530315399,0
3210,RCN09375,1198-PF-METF-NOSTEN,Myanmar,Full,XGBoost,5,0,0.675798773765564,1
3211,RCN09378,1198-PF-METF-NOSTEN,Myanmar,Full,XGBoost,5,1,0.7287940979003906,1
3212,RCN09382,1198-PF-METF-NOSTEN,Myanmar,Full,XGBoost,5,1,0.6444620490074158,1
3213,RCN09385,1198-PF-METF-NOSTEN,Myanmar,Full,XGBoost,5,1,0.6258025765419006,1
3214,RCN09386,1198-PF-METF-NOSTEN,Myanmar,Full,XGBoost,5,1,0.6551633477210999,1
3215,RCN09387,1198-PF-METF-NOSTEN,Myanmar,Full,XGBoost,5,0,0.4154289960861206,0
3216,RCN09388,1198-PF-METF-NOSTEN,Myanmar,Full,XGBoost,5,1,0.5414965748786926,1
3217,RCN09390,1198-PF-METF-NOSTEN,Myanmar,Full,XGBoost,5,0,0.5757482051849365,1
3218,RCN09391,1198-PF-METF-NOSTEN,Myanmar,Full,XGBoost,5,0,0.28611406683921814,0
3219,RCN09394,1198-PF-METF-NOSTEN,Myanmar,Full,XGBoost,5,1,0.6551633477210999,1
3220,RCN09399,1198-PF-METF-NOSTEN,Myanmar,Full,XGBoost,5,1,0.29484719038009644,0
3221,RCN09400,1198-PF-METF-NOSTEN,Myanmar,Full,XGBoost,5,0,0.8162667155265808,1
3222,RCN09401,1198-PF-METF-NOSTEN,Myanmar,Full,XGBoost,5,0,0.898008406162262,1
3223,RCN09402,1198-PF-METF-NOSTEN,Myanmar,Full,XGBoost,5,1,0.38602766394615173,0
3224,RCN09403,1198-PF-METF-NOSTEN,Myanmar,Full,XGBoost,5,0,0.3627910017967224,0
3225,RCN09412,1198-PF-METF-NOSTEN,Myanmar,Full,XGBoost,5,0,0.3275824785232544,0
3226,RCN09413,1198-PF-METF-NOSTEN,Myanmar,Full,XGBoost,5,0,0.45568928122520447,0
3227,RCN09415,1198-PF-METF-NOSTEN,Myanmar,Full,XGBoost,5,0,0.3303194046020508,0
3228,RCN09416,1198-PF-METF-NOSTEN,Myanmar,Full,XGBoost,5,1,0.8346062898635864,1
3229,RCN09418,1198-PF-METF-NOSTEN,Myanmar,Full,XGBoost,5,1,0.48500603437423706,0
3230,RCN09419,1198-PF-METF-NOSTEN,Myanmar,Full,XGBoost,5,1,0.4570624530315399,0
3231,RCN09420,1198-PF-METF-NOSTEN,Myanmar,Full,XGBoost,5,0,0.5480654239654541,1
3232,RCN09421,1198-PF-METF-NOSTEN,Myanmar,Full,XGBoost,5,0,0.46719422936439514,0
3233,RCN09423,1198-PF-METF-NOSTEN,Myanmar,Full,XGBoost,5,0,0.36178913712501526,0
3234,RCN09424,1198-PF-METF-NOSTEN,Myanmar,Full,XGBoost,5,0,0.43899795413017273,0
3235,RCN09425,1198-PF-METF-NOSTEN,Myanmar,Full,XGBoost,5,0,0.36178913712501526,0
3236,RCN09426,1198-PF-METF-NOSTEN,Myanmar,Full,XGBoost,5,0,0.37470677495002747,0
3237,RCN09427,1198-PF-METF-NOSTEN,Myanmar,Full,XGBoost,5,0,0.3316607177257538,0
3238,RCN09428,1198-PF-METF-NOSTEN,Myanmar,Full,XGBoost,5,0,0.36178913712501526,0
3239,RCN09433,1198-PF-METF-NOSTEN,Myanmar,Full,XGBoost,5,0,0.292179137468338,0
3240,RCN09435,1198-PF-METF-NOSTEN,Myanmar,Full,XGBoost,5,1,0.7336380481719971,1
3241,RCN09436,1198-PF-METF-NOSTEN,Myanmar,Full,XGBoost,5,1,0.31894946098327637,0
3242,RCN09439,1198-PF-METF-NOSTEN,Myanmar,Full,XGBoost,5,1,0.477939248085022,0
3243,RCN09440,1198-PF-METF-NOSTEN,Myanmar,Full,XGBoost,5,0,0.45743900537490845,0
3244,RCN09441,1198-PF-METF-NOSTEN,Myanmar,Full,XGBoost,5,0,0.6770961284637451,1
3245,RCN09443,1198-PF-METF-NOSTEN,Myanmar,Full,XGBoost,5,0,0.3316607177257538,0
3246,RCN09446,1198-PF-METF-NOSTEN,Myanmar,Full,XGBoost,5,0,0.45743900537490845,0
3247,RCN09451,1198-PF-METF-NOSTEN,Myanmar,Full,XGBoost,5,0,0.21223607659339905,0
3248,RCN09454,1198-PF-METF-NOSTEN,Myanmar,Full,XGBoost,5,1,0.6047071814537048,1
3249,RCN09458,1198-PF-METF-NOSTEN,Myanmar,Full,XGBoost,5,0,0.5144075751304626,1
3250,RCN09460,1198-PF-METF-NOSTEN,Myanmar,Full,XGBoost,5,0,0.21378633379936218,0
3251,RCN09462,1198-PF-METF-NOSTEN,Myanmar,Full,XGBoost,5,0,0.45743900537490845,0
3252,RCN09463,1198-PF-METF-NOSTEN,Myanmar,Full,XGBoost,5,0,0.36178913712501526,0
3253,RCN09464,1198-PF-METF-NOSTEN,Myanmar,Full,XGBoost,5,0,0.29590630531311035,0
3254,RCN09466,1198-PF-METF-NOSTEN,Myanmar,Full,XGBoost,5,1,0.3760761320590973,0
3255,RCN09467,1198-PF-METF-NOSTEN,Myanmar,Full,XGBoost,5,1,0.5860701203346252,1
3256,RCN09472,1198-PF-METF-NOSTEN,Myanmar,Full,XGBoost,5,1,0.48500603437423706,0
3257,RCN09475,1198-PF-METF-NOSTEN,Myanmar,Full,XGBoost,5,0,0.2920086979866028,0
3258,RCN09477,1198-PF-METF-NOSTEN,Myanmar,Full,XGBoost,5,1,0.8801138401031494,1
3259,RCN09481,1198-PF-METF-NOSTEN,Myanmar,Full,XGBoost,5,0,0.3627910017967224,0
3260,RCN09483,1198-PF-METF-NOSTEN,Myanmar,Full,XGBoost,5,0,0.36178913712501526,0
3261,RCN09486,1198-PF-METF-NOSTEN,Myanmar,Full,XGBoost,5,1,0.38602766394615173,0
3262,RCN09487,1198-PF-METF-NOSTEN,Myanmar,Full,XGBoost,5,0,0.46719422936439514,0
3263,RCN09489,1198-PF-METF-NOSTEN,Myanmar,Full,XGBoost,5,1,0.5506080985069275,1
3264,RCN09490,1198-PF-METF-NOSTEN,Myanmar,Full,XGBoost,5,0,0.36178913712501526,0
3265,RCN09491,1198-PF-METF-NOSTEN,Myanmar,Full,XGBoost,5,0,0.4785953164100647,0
3266,RCN09492,1198-PF-METF-NOSTEN,Myanmar,Full,XGBoost,5,0,0.36178913712501526,0
3267,RCN09493,1198-PF-METF-NOSTEN,Myanmar,Full,XGBoost,5,1,0.1836952269077301,0
3268,RCN09494,1198-PF-METF-NOSTEN,Myanmar,Full,XGBoost,5,1,0.6444620490074158,1
3269,RCN09495,1198-PF-METF-NOSTEN,Myanmar,Full,XGBoost,5,1,0.6812925934791565,1
3270,RCN09501,1198-PF-METF-NOSTEN,Myanmar,Full,XGBoost,5,1,0.5509138107299805,1
3271,RCN09503,1198-PF-METF-NOSTEN,Myanmar,Full,XGBoost,5,1,0.35403528809547424,0
3272,RCN09504,1198-PF-METF-NOSTEN,Myanmar,Full,XGBoost,5,1,0.32432693243026733,0
3273,RCN09505,1198-PF-METF-NOSTEN,Myanmar,Full,XGBoost,5,1,0.32432693243026733,0
3274,RCN09506,1198-PF-METF-NOSTEN,Myanmar,Full,XGBoost,5,1,0.348422110080719,0
3275,RCN09507,1198-PF-METF-NOSTEN,Myanmar,Full,XGBoost,5,1,0.46681657433509827,0
3276,RCN09509,1198-PF-METF-NOSTEN,Myanmar,Full,XGBoost,5,1,0.5853632688522339,1
3277,RCN09512,1198-PF-METF-NOSTEN,Myanmar,Full,XGBoost,5,0,0.34051045775413513,0
3278,RCN09515,1198-PF-METF-NOSTEN,Myanmar,Full,XGBoost,5,0,0.36178913712501526,0
3279,RCN09518,1198-PF-METF-NOSTEN,Myanmar,Full,XGBoost,5,0,0.25741884112358093,0
3280,RCN09519,1198-PF-METF-NOSTEN,Myanmar,Full,XGBoost,5,0,0.170135498046875,0
3281,RCN09520,1198-PF-METF-NOSTEN,Myanmar,Full,XGBoost,5,0,0.45743900537490845,0
3282,RCN09522,1198-PF-METF-NOSTEN,Myanmar,Full,XGBoost,5,0,0.3316607177257538,0
3283,RCN09524,1198-PF-METF-NOSTEN,Myanmar,Full,XGBoost,5,0,0.2920086979866028,0
3284,RCN09525,1198-PF-METF-NOSTEN,Myanmar,Full,XGBoost,5,1,0.7336380481719971,1
3285,RCN09526,1198-PF-METF-NOSTEN,Myanmar,Full,XGBoost,5,0,0.4546690583229065,0
3286,RCN09527,1198-PF-METF-NOSTEN,Myanmar,Full,XGBoost,5,1,0.1836952269077301,0
3287,RCN09532,1198-PF-METF-NOSTEN,Myanmar,Full,XGBoost,5,0,0.21708175539970398,0
3288,RCN09533,1198-PF-METF-NOSTEN,Myanmar,Full,XGBoost,5,0,0.36178913712501526,0
3289,RCN09534,1198-PF-METF-NOSTEN,Myanmar,Full,XGBoost,5,1,0.8761457204818726,1
3290,RCN09535,1198-PF-METF-NOSTEN,Myanmar,Full,XGBoost,5,1,0.6812925934791565,1
3291,RCN09536,1198-PF-METF-NOSTEN,Myanmar,Full,XGBoost,5,1,0.5860701203346252,1
3292,RCN09537,1198-PF-METF-NOSTEN,Myanmar,Full,XGBoost,5,1,0.5860701203346252,1
3293,RCN09539,1198-PF-METF-NOSTEN,Myanmar,Full,XGBoost,5,0,0.45132869482040405,0
3294,RCN09540,1198-PF-METF-NOSTEN,Myanmar,Full,XGBoost,5,1,0.7287940979003906,1
3295,RCN09541,1198-PF-METF-NOSTEN,Myanmar,Full,XGBoost,5,0,0.21708175539970398,0
3296,RCN09542,1198-PF-METF-NOSTEN,Myanmar,Full,XGBoost,5,1,0.17782214283943176,0
3297,RCN09544,1198-PF-METF-NOSTEN,Myanmar,Full,XGBoost,5,1,0.29484719038009644,0
3298,RCN09547,1198-PF-METF-NOSTEN,Myanmar,Full,XGBoost,5,1,0.6724282503128052,1
3299,RCN09549,1198-PF-METF-NOSTEN,Myanmar,Full,XGBoost,5,1,0.7336380481719971,1
3300,RCN09550,1198-PF-METF-NOSTEN,Myanmar,Full,XGBoost,5,1,0.7336380481719971,1
3301,RCN09552,1198-PF-METF-NOSTEN,Myanmar,Full,XGBoost,5,0,0.3048422634601593,0
3302,RCN09554,1198-PF-METF-NOSTEN,Myanmar,Full,XGBoost,5,1,0.19202136993408203,0
3303,RCN09555,1198-PF-METF-NOSTEN,Myanmar,Full,XGBoost,5,1,0.7520335912704468,1
3304,RCN09559,1198-PF-METF-NOSTEN,Myanmar,Full,XGBoost,5,0,0.36613646149635315,0
3305,RCN09560,1198-PF-METF-NOSTEN,Myanmar,Full,XGBoost,5,0,0.7441669702529907,1
3306,RCN09561,1198-PF-METF-NOSTEN,Myanmar,Full,XGBoost,5,1,0.6079807877540588,1
3307,RCN09562,1198-PF-METF-NOSTEN,Myanmar,Full,XGBoost,5,0,0.32494351267814636,0
3308,RCN09565,1198-PF-METF-NOSTEN,Myanmar,Full,XGBoost,5,1,0.7520335912704468,1
3309,RCN09566,1198-PF-METF-NOSTEN,Myanmar,Full,XGBoost,5,0,0.698650598526001,1
3310,RCN09567,1198-PF-METF-NOSTEN,Myanmar,Full,XGBoost,5,1,0.19202136993408203,0
3311,RCN09568,1198-PF-METF-NOSTEN,Myanmar,Full,XGBoost,5,1,0.590618371963501,1
3312,RCN09569,1198-PF-METF-NOSTEN,Myanmar,Full,XGBoost,5,1,0.33640050888061523,0
3313,RCN09570,1198-PF-METF-NOSTEN,Myanmar,Full,XGBoost,5,1,0.7520335912704468,1
3314,RCN09571,1198-PF-METF-NOSTEN,Myanmar,Full,XGBoost,5,1,0.48226043581962585,0
3315,RCN09572,1198-PF-METF-NOSTEN,Myanmar,Full,XGBoost,5,1,0.19202136993408203,0
3316,RCN09574,1198-PF-METF-NOSTEN,Myanmar,Full,XGBoost,5,1,0.7287940979003906,1
3317,RCN09575,1198-PF-METF-NOSTEN,Myanmar,Full,XGBoost,5,1,0.39920774102211,0
3318,RCN09577,1198-PF-METF-NOSTEN,Myanmar,Full,XGBoost,5,1,0.19202136993408203,0
3319,RCN09578,1198-PF-METF-NOSTEN,Myanmar,Full,XGBoost,5,1,0.5597543120384216,1
3320,RCN09580,1198-PF-METF-NOSTEN,Myanmar,Full,XGBoost,5,1,0.3991817533969879,0
3321,RCN09581,1198-PF-METF-NOSTEN,Myanmar,Full,XGBoost,5,1,0.39920774102211,0
3322,RCN09582,1198-PF-METF-NOSTEN,Myanmar,Full,XGBoost,5,1,0.19202136993408203,0
3323,RCN09584,1198-PF-METF-NOSTEN,Myanmar,Full,XGBoost,5,1,0.19202136993408203,0
3324,RCN09585,1198-PF-METF-NOSTEN,Myanmar,Full,XGBoost,5,1,0.6041718125343323,1
3325,RCN09586,1198-PF-METF-NOSTEN,Myanmar,Full,XGBoost,5,0,0.33640050888061523,0
3326,RCN09587,1198-PF-METF-NOSTEN,Myanmar,Full,XGBoost,5,1,0.1836952269077301,0
3327,RCN09588,1198-PF-METF-NOSTEN,Myanmar,Full,XGBoost,5,0,0.485385000705719,0
3328,RCN09589,1198-PF-METF-NOSTEN,Myanmar,Full,XGBoost,5,1,0.1836952269077301,0
3329,RCN09590,1198-PF-METF-NOSTEN,Myanmar,Full,XGBoost,5,1,0.1836952269077301,0
3330,RCN09592,1198-PF-METF-NOSTEN,Myanmar,Full,XGBoost,5,1,0.3129381537437439,0
3331,RCN09594,1198-PF-METF-NOSTEN,Myanmar,Full,XGBoost,5,1,0.3130871057510376,0
3332,RCN09596,1198-PF-METF-NOSTEN,Myanmar,Full,XGBoost,5,0,0.34051045775413513,0
3333,RCN09597,1198-PF-METF-NOSTEN,Myanmar,Full,XGBoost,5,0,0.34051045775413513,0
3334,RCN09599,1198-PF-METF-NOSTEN,Myanmar,Full,XGBoost,5,0,0.5305406451225281,1
3335,RCN09600,1198-PF-METF-NOSTEN,Myanmar,Full,XGBoost,5,0,0.2920086979866028,0
3336,RCN09602,1198-PF-METF-NOSTEN,Myanmar,Full,XGBoost,5,1,0.2841992974281311,0
3337,RCN09607,1198-PF-METF-NOSTEN,Myanmar,Full,XGBoost,5,1,0.433262437582016,0
3338,RCN09610,1198-PF-METF-NOSTEN,Myanmar,Full,XGBoost,5,1,0.7287940979003906,1
3339,RCN09611,1198-PF-METF-NOSTEN,Myanmar,Full,XGBoost,5,1,0.1836952269077301,0
3340,RCN09613,1198-PF-METF-NOSTEN,Myanmar,Full,XGBoost,5,0,0.45743900537490845,0
3341,RCN09614,1198-PF-METF-NOSTEN,Myanmar,Full,XGBoost,5,0,0.45132869482040405,0
3342,RCN09615,1198-PF-METF-NOSTEN,Myanmar,Full,XGBoost,5,1,0.3130871057510376,0
3343,RCN09616,1198-PF-METF-NOSTEN,Myanmar,Full,XGBoost,5,1,0.3593551516532898,0
3344,RCN09617,1198-PF-METF-NOSTEN,Myanmar,Full,XGBoost,5,1,0.6330562233924866,1
3345,RCN09619,1198-PF-METF-NOSTEN,Myanmar,Full,XGBoost,5,1,0.22502659261226654,0
3346,RCN09621,1198-PF-METF-NOSTEN,Myanmar,Full,XGBoost,5,0,0.36178913712501526,0
3347,RCN09622,1198-PF-METF-NOSTEN,Myanmar,Full,XGBoost,5,0,0.42246657609939575,0
3348,RCN09624,1198-PF-METF-NOSTEN,Myanmar,Full,XGBoost,5,1,0.49755045771598816,0
3349,RCN09625,1198-PF-METF-NOSTEN,Myanmar,Full,XGBoost,5,1,0.1836952269077301,0
3350,RCN09628,1198-PF-METF-NOSTEN,Myanmar,Full,XGBoost,5,1,0.32432693243026733,0
3351,RCN09630,1198-PF-METF-NOSTEN,Myanmar,Full,XGBoost,5,1,0.661219596862793,1
3352,RCN09631,1198-PF-METF-NOSTEN,Myanmar,Full,XGBoost,5,0,0.36178913712501526,0
3353,RCN09633,1198-PF-METF-NOSTEN,Myanmar,Full,XGBoost,5,0,0.8031848669052124,1
3354,RCN09636,1198-PF-METF-NOSTEN,Myanmar,Full,XGBoost,5,1,0.1836952269077301,0
3355,RCN09637,1198-PF-METF-NOSTEN,Myanmar,Full,XGBoost,5,0,0.3070889413356781,0
3356,RCN09638,1198-PF-METF-NOSTEN,Myanmar,Full,XGBoost,5,1,0.3184286653995514,0
3357,RCN09639,1198-PF-METF-NOSTEN,Myanmar,Full,XGBoost,5,0,0.7032376527786255,1
3358,RCN09640,1198-PF-METF-NOSTEN,Myanmar,Full,XGBoost,5,0,0.36178913712501526,0
3359,RCN09641,1198-PF-METF-NOSTEN,Myanmar,Full,XGBoost,5,0,0.36178913712501526,0
3360,RCN09644,1198-PF-METF-NOSTEN,Myanmar,Full,XGBoost,5,1,0.3130871057510376,0
3361,RCN09647,1198-PF-METF-NOSTEN,Myanmar,Full,XGBoost,5,0,0.1836952269077301,0
3362,RCN09649,1198-PF-METF-NOSTEN,Myanmar,Full,XGBoost,5,0,0.5305406451225281,1
3363,RCN09652,1198-PF-METF-NOSTEN,Myanmar,Full,XGBoost,5,1,0.4374336004257202,0
3364,RCN09653,1198-PF-METF-NOSTEN,Myanmar,Full,XGBoost,5,1,0.38619178533554077,0
3365,RCN09654,1198-PF-METF-NOSTEN,Myanmar,Full,XGBoost,5,1,0.3130871057510376,0
3366,RCN09655,1198-PF-METF-NOSTEN,Myanmar,Full,XGBoost,5,1,0.5532302260398865,1
3367,RCN09656,1198-PF-METF-NOSTEN,Myanmar,Full,XGBoost,5,1,0.19202136993408203,0
3368,RCN09657,1198-PF-METF-NOSTEN,Myanmar,Full,XGBoost,5,1,0.32850226759910583,0
3369,RCN09658,1198-PF-METF-NOSTEN,Myanmar,Full,XGBoost,5,1,0.3760761320590973,0
3370,RCN09662,1198-PF-METF-NOSTEN,Myanmar,Full,XGBoost,5,0,0.4801175594329834,0
3371,RCN09663,1198-PF-METF-NOSTEN,Myanmar,Full,XGBoost,5,0,0.4157920479774475,0
3372,RCN09664,1198-PF-METF-NOSTEN,Myanmar,Full,XGBoost,5,0,0.37661033868789673,0
3373,RCN09666,1198-PF-METF-NOSTEN,Myanmar,Full,XGBoost,5,0,0.4027332365512848,0
3374,RCN09667,1198-PF-METF-NOSTEN,Myanmar,Full,XGBoost,5,1,0.590618371963501,1
3375,RCN09668,1198-PF-METF-NOSTEN,Myanmar,Full,XGBoost,5,1,0.33640050888061523,0
3376,RCN09669,1198-PF-METF-NOSTEN,Myanmar,Full,XGBoost,5,0,0.3076053857803345,0
3377,RCN09670,1198-PF-METF-NOSTEN,Myanmar,Full,XGBoost,5,0,0.29590630531311035,0
3378,RCN09671,1198-PF-METF-NOSTEN,Myanmar,Full,XGBoost,5,1,0.33092090487480164,0
3379,RCN09673,1198-PF-METF-NOSTEN,Myanmar,Full,XGBoost,5,0,0.32219862937927246,0
3380,RCN09677,1198-PF-METF-NOSTEN,Myanmar,Full,XGBoost,5,1,0.36661478877067566,0
3381,RCN09678,1198-PF-METF-NOSTEN,Myanmar,Full,XGBoost,5,1,0.581570029258728,1
3382,RCN09680,1198-PF-METF-NOSTEN,Myanmar,Full,XGBoost,5,0,0.32219862937927246,0
3383,RCN09681,1198-PF-METF-NOSTEN,Myanmar,Full,XGBoost,5,0,0.29590630531311035,0
3384,RCN09683,1198-PF-METF-NOSTEN,Myanmar,Full,XGBoost,5,0,0.446861207485199,0
3385,RCN09684,1198-PF-METF-NOSTEN,Myanmar,Full,XGBoost,5,0,0.29590630531311035,0
3386,RCN09685,1198-PF-METF-NOSTEN,Myanmar,Full,XGBoost,5,0,0.1609123796224594,0
3387,RCN09687,1198-PF-METF-NOSTEN,Myanmar,Full,XGBoost,5,1,0.19202136993408203,0
3388,RCN09689,1198-PF-METF-NOSTEN,Myanmar,Full,XGBoost,5,1,0.33092090487480164,0
3389,RCN09690,1198-PF-METF-NOSTEN,Myanmar,Full,XGBoost,5,0,0.31039634346961975,0
3390,RCN09694,1198-PF-METF-NOSTEN,Myanmar,Full,XGBoost,5,1,0.36231526732444763,0
3391,RCN09695,1198-PF-METF-NOSTEN,Myanmar,Full,XGBoost,5,0,0.7470960021018982,1
3392,RCN09696,1198-PF-METF-NOSTEN,Myanmar,Full,XGBoost,5,1,0.8564381003379822,1
3393,RCN09699,1198-PF-METF-NOSTEN,Myanmar,Full,XGBoost,5,0,0.4157920479774475,0
3394,RCN09700,1198-PF-METF-NOSTEN,Myanmar,Full,XGBoost,5,1,0.7520335912704468,1
3395,RCN09701,1198-PF-METF-NOSTEN,Myanmar,Full,XGBoost,5,0,0.29590630531311035,0
3396,RCN09702,1198-PF-METF-NOSTEN,Myanmar,Full,XGBoost,5,0,0.34162387251853943,0
3397,RCN09703,1198-PF-METF-NOSTEN,Myanmar,Full,XGBoost,5,1,0.5016202330589294,1
3398,RCN09704,1198-PF-METF-NOSTEN,Myanmar,Full,XGBoost,5,1,0.6223246455192566,1
3399,RCN09705,1198-PF-METF-NOSTEN,Myanmar,Full,XGBoost,5,0,0.6934362649917603,1
3400,RCN09708,1198-PF-METF-NOSTEN,Myanmar,Full,XGBoost,5,0,0.23893193900585175,0
3401,RCN09709,1198-PF-METF-NOSTEN,Myanmar,Full,XGBoost,5,1,0.19202136993408203,0
3402,RCN09710,1198-PF-METF-NOSTEN,Myanmar,Full,XGBoost,5,1,0.6132901906967163,1
3403,RCN09711,1198-PF-METF-NOSTEN,Myanmar,Full,XGBoost,5,0,0.36613646149635315,0
3404,RCN09712,1198-PF-METF-NOSTEN,Myanmar,Full,XGBoost,5,1,0.33092090487480164,0
3405,RCN09713,1198-PF-METF-NOSTEN,Myanmar,Full,XGBoost,5,0,0.29590630531311035,0
3406,RCN09714,1198-PF-METF-NOSTEN,Myanmar,Full,XGBoost,5,0,0.12267530709505081,0
3407,RCN09715,1198-PF-METF-NOSTEN,Myanmar,Full,XGBoost,5,1,0.7520335912704468,1
3408,RCN09716,1198-PF-METF-NOSTEN,Myanmar,Full,XGBoost,5,1,0.909010112285614,1
3409,RCN09717,1198-PF-METF-NOSTEN,Myanmar,Full,XGBoost,5,0,0.19146513938903809,0
3410,RCN09718,1198-PF-METF-NOSTEN,Myanmar,Full,XGBoost,5,1,0.6091872453689575,1
3411,RCN09719,1198-PF-METF-NOSTEN,Myanmar,Full,XGBoost,5,0,0.33092090487480164,0
3412,RCN09720,1198-PF-METF-NOSTEN,Myanmar,Full,XGBoost,5,1,0.33092090487480164,0
3413,RCN09721,1198-PF-METF-NOSTEN,Myanmar,Full,XGBoost,5,0,0.46823227405548096,0
3414,RCN09722,1198-PF-METF-NOSTEN,Myanmar,Full,XGBoost,5,0,0.3894512355327606,0
3415,RCN09723,1198-PF-METF-NOSTEN,Myanmar,Full,XGBoost,5,0,0.44077742099761963,0
3416,RCN09725,1198-PF-METF-NOSTEN,Myanmar,Full,XGBoost,5,0,0.44077742099761963,0
3417,RCN09726,1198-PF-METF-NOSTEN,Myanmar,Full,XGBoost,5,1,0.590618371963501,1
3418,RCN09728,1198-PF-METF-NOSTEN,Myanmar,Full,XGBoost,5,1,0.7520335912704468,1
3419,RCN09729,1198-PF-METF-NOSTEN,Myanmar,Full,XGBoost,5,1,0.19202136993408203,0
3420,RCN09734,1198-PF-METF-NOSTEN,Myanmar,Full,XGBoost,5,0,0.4783356189727783,0
3421,RCN09735,1198-PF-METF-NOSTEN,Myanmar,Full,XGBoost,5,1,0.19202136993408203,0
3422,RCN09736,1198-PF-METF-NOSTEN,Myanmar,Full,XGBoost,5,1,0.19202136993408203,0
3423,RCN09737,1198-PF-METF-NOSTEN,Myanmar,Full,XGBoost,5,0,0.29590630531311035,0
3424,RCN09738,1198-PF-METF-NOSTEN,Myanmar,Full,XGBoost,5,1,0.7520335912704468,1
3425,RCN09740,1198-PF-METF-NOSTEN,Myanmar,Full,XGBoost,5,1,0.20068451762199402,0
3426,RCN09743,1198-PF-METF-NOSTEN,Myanmar,Full,XGBoost,5,0,0.698650598526001,1
3427,RCN09744,1198-PF-METF-NOSTEN,Myanmar,Full,XGBoost,5,1,0.19202136993408203,0
3428,RCN09745,1198-PF-METF-NOSTEN,Myanmar,Full,XGBoost,5,1,0.590618371963501,1
3429,RCN09746,1198-PF-METF-NOSTEN,Myanmar,Full,XGBoost,5,0,0.4152599573135376,0
3430,RCN09748,1198-PF-METF-NOSTEN,Myanmar,Full,XGBoost,5,0,0.29590630531311035,0
3431,RCN09749,1198-PF-METF-NOSTEN,Myanmar,Full,XGBoost,5,0,0.3791171610355377,0
3432,RCN09751,1198-PF-METF-NOSTEN,Myanmar,Full,XGBoost,5,1,0.29590630531311035,0
3433,RCN09753,1198-PF-METF-NOSTEN,Myanmar,Full,XGBoost,5,1,0.33092090487480164,0
3434,RCN09756,1198-PF-METF-NOSTEN,Myanmar,Full,XGBoost,5,1,0.19202136993408203,0
3435,RCN09757,1198-PF-METF-NOSTEN,Myanmar,Full,XGBoost,5,0,0.32219862937927246,0
3436,RCN09759,1198-PF-METF-NOSTEN,Myanmar,Full,XGBoost,5,0,0.7300469279289246,1
3437,RCN09760,1198-PF-METF-NOSTEN,Myanmar,Full,XGBoost,5,1,0.26166650652885437,0
3438,RCN09761,1198-PF-METF-NOSTEN,Myanmar,Full,XGBoost,5,0,0.3317323923110962,0
3439,RCN09763,1198-PF-METF-NOSTEN,Myanmar,Full,XGBoost,5,0,0.3076053857803345,0
3440,RCN09764,1198-PF-METF-NOSTEN,Myanmar,Full,XGBoost,5,0,0.3317323923110962,0
3441,RCN09765,1198-PF-METF-NOSTEN,Myanmar,Full,XGBoost,5,0,0.32219862937927246,0
3442,RCN09767,1198-PF-METF-NOSTEN,Myanmar,Full,XGBoost,5,0,0.4551771879196167,0
3443,RCN09768,1198-PF-METF-NOSTEN,Myanmar,Full,XGBoost,5,0,0.3312203586101532,0
3444,RCN09771,1198-PF-METF-NOSTEN,Myanmar,Full,XGBoost,5,0,0.33640050888061523,0
3445,RCN09772,1198-PF-METF-NOSTEN,Myanmar,Full,XGBoost,5,0,0.26102495193481445,0
3446,RCN09773,1198-PF-METF-NOSTEN,Myanmar,Full,XGBoost,5,0,0.36410418152809143,0
3447,RCN09774,1198-PF-METF-NOSTEN,Myanmar,Full,XGBoost,5,1,0.34982070326805115,0
3448,RCN09776,1198-PF-METF-NOSTEN,Myanmar,Full,XGBoost,5,1,0.3508823812007904,0
3449,RCN09777,1198-PF-METF-NOSTEN,Myanmar,Full,XGBoost,5,0,0.5460026860237122,1
3450,RCN09780,1198-PF-METF-NOSTEN,Myanmar,Full,XGBoost,5,1,0.19202136993408203,0
3451,RCN09782,1198-PF-METF-NOSTEN,Myanmar,Full,XGBoost,5,0,0.25931984186172485,0
3452,RCN09783,1198-PF-METF-NOSTEN,Myanmar,Full,XGBoost,5,1,0.7394465208053589,1
3453,RCN09784,1198-PF-METF-NOSTEN,Myanmar,Full,XGBoost,5,0,0.25931984186172485,0
3454,RCN09785,1198-PF-METF-NOSTEN,Myanmar,Full,XGBoost,5,0,0.32219862937927246,0
3455,RCN09786,1198-PF-METF-NOSTEN,Myanmar,Full,XGBoost,5,0,0.32219862937927246,0
3456,RCN09787,1198-PF-METF-NOSTEN,Myanmar,Full,XGBoost,5,1,0.6091872453689575,1
3457,RCN09788,1198-PF-METF-NOSTEN,Myanmar,Full,XGBoost,5,1,0.7520335912704468,1
3458,RCN09791,1198-PF-METF-NOSTEN,Myanmar,Full,XGBoost,5,0,0.698650598526001,1
3459,RCN09792,1198-PF-METF-NOSTEN,Myanmar,Full,XGBoost,5,1,0.77456134557724,1
3460,RCN09793,1198-PF-METF-NOSTEN,Myanmar,Full,XGBoost,5,0,0.5081514716148376,1
3461,RCN09794,1198-PF-METF-NOSTEN,Myanmar,Full,XGBoost,5,0,0.879222571849823,1
3462,RCN09796,1198-PF-METF-NOSTEN,Myanmar,Full,XGBoost,5,0,0.367143452167511,0
3463,RCN09798,1198-PF-METF-NOSTEN,Myanmar,Full,XGBoost,5,1,0.6091872453689575,1
3464,RCN09800,1198-PF-METF-NOSTEN,Myanmar,Full,XGBoost,5,1,0.4399789571762085,0
3465,RCN09805,1198-PF-METF-NOSTEN,Myanmar,Full,XGBoost,5,0,0.2464839518070221,0
3466,RCN09809,1198-PF-METF-NOSTEN,Myanmar,Full,XGBoost,5,1,0.33092090487480164,0
3467,RCN09811,1198-PF-METF-NOSTEN,Myanmar,Full,XGBoost,5,1,0.29590630531311035,0
3468,RCN09812,1198-PF-METF-NOSTEN,Myanmar,Full,XGBoost,5,1,0.6876405477523804,1
3469,RCN09813,1198-PF-METF-NOSTEN,Myanmar,Full,XGBoost,5,0,0.676551342010498,1
3470,RCN09816,1198-PF-METF-NOSTEN,Myanmar,Full,XGBoost,5,1,0.36091354489326477,0
3471,RCN09818,1198-PF-METF-NOSTEN,Myanmar,Full,XGBoost,5,1,0.19901001453399658,0
3472,RCN09819,1198-PF-METF-NOSTEN,Myanmar,Full,XGBoost,5,0,0.3358365297317505,0
3473,RCN09820,1198-PF-METF-NOSTEN,Myanmar,Full,XGBoost,5,0,0.29590630531311035,0
3474,RCN09823,1198-PF-METF-NOSTEN,Myanmar,Full,XGBoost,5,1,0.7520335912704468,1
3475,RCN09825,1198-PF-METF-NOSTEN,Myanmar,Full,XGBoost,5,0,0.446861207485199,0
3476,RCN09826,1198-PF-METF-NOSTEN,Myanmar,Full,XGBoost,5,1,0.590618371963501,1
3477,RCN09827,1198-PF-METF-NOSTEN,Myanmar,Full,XGBoost,5,0,0.6110000014305115,1
3478,RCN09828,1198-PF-METF-NOSTEN,Myanmar,Full,XGBoost,5,1,0.39904162287712097,0
3479,RCN09829,1198-PF-METF-NOSTEN,Myanmar,Full,XGBoost,5,1,0.6091872453689575,1
3480,RCN09832,1198-PF-METF-NOSTEN,Myanmar,Full,XGBoost,5,1,0.39904162287712097,0
3481,RCN09834,1198-PF-METF-NOSTEN,Myanmar,Full,XGBoost,5,0,0.3358365297317505,0
3482,RCN09835,1198-PF-METF-NOSTEN,Myanmar,Full,XGBoost,5,1,0.19202136993408203,0
3483,RCN09836,1198-PF-METF-NOSTEN,Myanmar,Full,XGBoost,5,1,0.39920774102211,0
3484,RCN09837,1198-PF-METF-NOSTEN,Myanmar,Full,XGBoost,5,1,0.509645402431488,1
3485,RCN09839,1198-PF-METF-NOSTEN,Myanmar,Full,XGBoost,5,1,0.29590630531311035,0
3486,RCN09842,1198-PF-METF-NOSTEN,Myanmar,Full,XGBoost,5,1,0.19202136993408203,0
3487,RCN09845,1198-PF-METF-NOSTEN,Myanmar,Full,XGBoost,5,1,0.3493031859397888,0
3488,RCN09847,1198-PF-METF-NOSTEN,Myanmar,Full,XGBoost,5,1,0.46813684701919556,0
3489,RCN09850,1198-PF-METF-NOSTEN,Myanmar,Full,XGBoost,5,1,0.29590630531311035,0
3490,RCN09851,1198-PF-METF-NOSTEN,Myanmar,Full,XGBoost,5,0,0.39920774102211,0
3491,RCN09852,1198-PF-METF-NOSTEN,Myanmar,Full,XGBoost,5,1,0.19202136993408203,0
3492,RCN09853,1198-PF-METF-NOSTEN,Myanmar,Full,XGBoost,5,0,0.4739689528942108,0
3493,RCN09854,1198-PF-METF-NOSTEN,Myanmar,Full,XGBoost,5,1,0.5749833583831787,1
3494,RCN09855,1198-PF-METF-NOSTEN,Myanmar,Full,XGBoost,5,1,0.19202136993408203,0
3495,RCN09856,1198-PF-METF-NOSTEN,Myanmar,Full,XGBoost,5,0,0.32219862937927246,0
3496,RCN09857,1198-PF-METF-NOSTEN,Myanmar,Full,XGBoost,5,1,0.6501685976982117,1
3497,RCN09863,1198-PF-METF-NOSTEN,Myanmar,Full,XGBoost,5,0,0.5265884399414062,1
3498,RCN09864,1198-PF-METF-NOSTEN,Myanmar,Full,XGBoost,5,1,0.5664531588554382,1
3499,RCN09865,1198-PF-METF-NOSTEN,Myanmar,Full,XGBoost,5,1,0.2920086979866028,0
3500,RCN09868,1198-PF-METF-NOSTEN,Myanmar,Full,XGBoost,5,1,0.8333950638771057,1
3501,RCN09874,1198-PF-METF-NOSTEN,Myanmar,Full,XGBoost,5,0,0.7625106573104858,1
3502,RCN09878,1198-PF-METF-NOSTEN,Myanmar,Full,XGBoost,5,0,0.33092090487480164,0
3503,RCN09880,1198-PF-METF-NOSTEN,Myanmar,Full,XGBoost,5,0,0.39904162287712097,0
3504,RCN09881,1198-PF-METF-NOSTEN,Myanmar,Full,XGBoost,5,1,0.19202136993408203,0
3505,RCN09884,1198-PF-METF-NOSTEN,Myanmar,Full,XGBoost,5,1,0.8810828328132629,1
3506,RCN09888,1198-PF-METF-NOSTEN,Myanmar,Full,XGBoost,5,0,0.4739689528942108,0
3507,RCN09889,1198-PF-METF-NOSTEN,Myanmar,Full,XGBoost,5,0,0.29590630531311035,0
3508,RCN09890,1198-PF-METF-NOSTEN,Myanmar,Full,XGBoost,5,1,0.3508823812007904,0
3509,RCN09892,1198-PF-METF-NOSTEN,Myanmar,Full,XGBoost,5,0,0.3076053857803345,0
3510,RCN09893,1198-PF-METF-NOSTEN,Myanmar,Full,XGBoost,5,1,0.5846461057662964,1
3511,RCN09894,1198-PF-METF-NOSTEN,Myanmar,Full,XGBoost,5,1,0.8715928792953491,1
3512,RCN09895,1198-PF-METF-NOSTEN,Myanmar,Full,XGBoost,5,1,0.20046913623809814,0
3513,RCN09898,1198-PF-METF-NOSTEN,Myanmar,Full,XGBoost,5,1,0.33640050888061523,0
3514,RCN09899,1198-PF-METF-NOSTEN,Myanmar,Full,XGBoost,5,0,0.32494351267814636,0
3515,RCN09900,1198-PF-METF-NOSTEN,Myanmar,Full,XGBoost,5,1,0.863008975982666,1
3516,RCN09901,1198-PF-METF-NOSTEN,Myanmar,Full,XGBoost,5,1,0.863008975982666,1
3517,RCN09902,1198-PF-METF-NOSTEN,Myanmar,Full,XGBoost,5,1,0.863008975982666,1
3518,RCN09904,1198-PF-METF-NOSTEN,Myanmar,Full,XGBoost,5,1,0.4333640933036804,0
3519,RCN09905,1198-PF-METF-NOSTEN,Myanmar,Full,XGBoost,5,1,0.3508823812007904,0
3520,RCN09906,1198-PF-METF-NOSTEN,Myanmar,Full,XGBoost,5,0,0.33640050888061523,0
3521,RCN09907,1198-PF-METF-NOSTEN,Myanmar,Full,XGBoost,5,0,0.32219862937927246,0
3522,RCN09908,1198-PF-METF-NOSTEN,Myanmar,Full,XGBoost,5,1,0.7520335912704468,1
3523,RCN09910,1198-PF-METF-NOSTEN,Myanmar,Full,XGBoost,5,0,0.33092090487480164,0
3524,RCN09911,1198-PF-METF-NOSTEN,Myanmar,Full,XGBoost,5,1,0.4433422386646271,0
3525,RCN09912,1198-PF-METF-NOSTEN,Myanmar,Full,XGBoost,5,0,0.32219862937927246,0
3526,RCN09913,1198-PF-METF-NOSTEN,Myanmar,Full,XGBoost,5,1,0.19202136993408203,0
3527,RCN09914,1198-PF-METF-NOSTEN,Myanmar,Full,XGBoost,5,0,0.32219862937927246,0
3528,RCN09915,1198-PF-METF-NOSTEN,Myanmar,Full,XGBoost,5,1,0.2113686352968216,0
3529,RCN09916,1198-PF-METF-NOSTEN,Myanmar,Full,XGBoost,5,1,0.19202136993408203,0
3530,RCN09919,1198-PF-METF-NOSTEN,Myanmar,Full,XGBoost,5,1,0.7470960021018982,1
3531,RCN09920,1198-PF-METF-NOSTEN,Myanmar,Full,XGBoost,5,1,0.35651639103889465,0
3532,RCN09921,1198-PF-METF-NOSTEN,Myanmar,Full,XGBoost,5,1,0.20078442990779877,0
3533,RCN09922,1198-PF-METF-NOSTEN,Myanmar,Full,XGBoost,5,0,0.32494351267814636,0
3534,RCN09923,1198-PF-METF-NOSTEN,Myanmar,Full,XGBoost,5,1,0.6172420978546143,1
3535,RCN09924,1198-PF-METF-NOSTEN,Myanmar,Full,XGBoost,5,1,0.19202136993408203,0
3536,RCN09925,1198-PF-METF-NOSTEN,Myanmar,Full,XGBoost,5,0,0.36613646149635315,0
3537,RCN09926,1198-PF-METF-NOSTEN,Myanmar,Full,XGBoost,5,1,0.20078442990779877,0
3538,RCN09927,1198-PF-METF-NOSTEN,Myanmar,Full,XGBoost,5,1,0.19202136993408203,0
3539,RCN09928,1198-PF-METF-NOSTEN,Myanmar,Full,XGBoost,5,1,0.7520335912704468,1
3540,RCN09929,1198-PF-METF-NOSTEN,Myanmar,Full,XGBoost,5,0,0.5580719113349915,1
3541,RCN09930,1198-PF-METF-NOSTEN,Myanmar,Full,XGBoost,5,0,0.40896713733673096,0
3542,RCN09931,1198-PF-METF-NOSTEN,Myanmar,Full,XGBoost,5,0,0.33092090487480164,0
3543,RCN09932,1198-PF-METF-NOSTEN,Myanmar,Full,XGBoost,5,0,0.4830806851387024,0
3544,RCN09933,1198-PF-METF-NOSTEN,Myanmar,Full,XGBoost,5,0,0.12997734546661377,0
3545,RCN09934,1198-PF-METF-NOSTEN,Myanmar,Full,XGBoost,5,1,0.35651639103889465,0
3546,RCN09935,1198-PF-METF-NOSTEN,Myanmar,Full,XGBoost,5,1,0.6876405477523804,1
3547,RCN09936,1198-PF-METF-NOSTEN,Myanmar,Full,XGBoost,5,1,0.48868003487586975,0
3548,RCN09939,1198-PF-METF-NOSTEN,Myanmar,Full,XGBoost,5,1,0.19202136993408203,0
3549,RCN09940,1198-PF-METF-NOSTEN,Myanmar,Full,XGBoost,5,0,0.36613646149635315,0
3550,RCN09941,1198-PF-METF-NOSTEN,Myanmar,Full,XGBoost,5,1,0.8050320148468018,1
3551,RCN09942,1198-PF-METF-NOSTEN,Myanmar,Full,XGBoost,5,0,0.33092090487480164,0
3552,RCN09943,1198-PF-METF-NOSTEN,Myanmar,Full,XGBoost,5,1,0.20078442990779877,0
3553,RCN09944,1198-PF-METF-NOSTEN,Myanmar,Full,XGBoost,5,1,0.29079723358154297,0
3554,RCN09945,1198-PF-METF-NOSTEN,Myanmar,Full,XGBoost,5,0,0.25457456707954407,0
3555,RCN09946,1198-PF-METF-NOSTEN,Myanmar,Full,XGBoost,5,0,0.39904162287712097,0
3556,RCN09948,1198-PF-METF-NOSTEN,Myanmar,Full,XGBoost,5,1,0.3508823812007904,0
3557,RCN09950,1198-PF-METF-NOSTEN,Myanmar,Full,XGBoost,5,0,0.6434707045555115,1
3558,RCN09951,1198-PF-METF-NOSTEN,Myanmar,Full,XGBoost,5,1,0.5025606155395508,1
3559,RCN09952,1198-PF-METF-NOSTEN,Myanmar,Full,XGBoost,5,1,0.5167170166969299,1
3560,RCN09953,1198-PF-METF-NOSTEN,Myanmar,Full,XGBoost,5,1,0.4563014805316925,0
3561,RCN09954,1198-PF-METF-NOSTEN,Myanmar,Full,XGBoost,5,1,0.3063209056854248,0
3562,RCN09955,1198-PF-METF-NOSTEN,Myanmar,Full,XGBoost,5,0,0.21828341484069824,0
3563,RCN09956,1198-PF-METF-NOSTEN,Myanmar,Full,XGBoost,5,1,0.41429656744003296,0
3564,RCN09958,1198-PF-METF-NOSTEN,Myanmar,Full,XGBoost,5,0,0.4939899444580078,0
3565,RCN09959,1198-PF-METF-NOSTEN,Myanmar,Full,XGBoost,5,1,0.19202136993408203,0
3566,RCN09960,1198-PF-METF-NOSTEN,Myanmar,Full,XGBoost,5,1,0.19202136993408203,0
3567,RCN09961,1198-PF-METF-NOSTEN,Myanmar,Full,XGBoost,5,1,0.19202136993408203,0
3568,RCN09962,1198-PF-METF-NOSTEN,Myanmar,Full,XGBoost,5,1,0.48868003487586975,0
3569,RCN09963,1198-PF-METF-NOSTEN,Myanmar,Full,XGBoost,5,1,0.6934362649917603,1
3570,RCN09964,1198-PF-METF-NOSTEN,Myanmar,Full,XGBoost,5,1,0.6876405477523804,1
3571,RCN09965,1198-PF-METF-NOSTEN,Myanmar,Full,XGBoost,5,1,0.20078442990779877,0
3572,RCN09967,1198-PF-METF-NOSTEN,Myanmar,Full,XGBoost,5,1,0.19202136993408203,0
3573,RCN09969,1198-PF-METF-NOSTEN,Myanmar,Full,XGBoost,5,1,0.8715928792953491,1
3574,RCN09970,1198-PF-METF-NOSTEN,Myanmar,Full,XGBoost,5,1,0.477939248085022,0
3575,RCN09973,1198-PF-METF-NOSTEN,Myanmar,Full,XGBoost,5,1,0.590618371963501,1
3576,RCN09974,1198-PF-METF-NOSTEN,Myanmar,Full,XGBoost,5,1,0.509645402431488,1
3577,RCN09978,1198-PF-METF-NOSTEN,Myanmar,Full,XGBoost,5,1,0.48868003487586975,0
3578,RCN09979,1198-PF-METF-NOSTEN,Myanmar,Full,XGBoost,5,1,0.2954322397708893,0
3579,RCN09986,1198-PF-METF-NOSTEN,Myanmar,Full,XGBoost,5,1,0.5724694728851318,1
3580,RCN09987,1198-PF-METF-NOSTEN,Myanmar,Full,XGBoost,5,1,0.32494351267814636,0
3581,RCN09988,1198-PF-METF-NOSTEN,Myanmar,Full,XGBoost,5,0,0.44483286142349243,0
3582,RCN09990,1198-PF-METF-NOSTEN,Myanmar,Full,XGBoost,5,1,0.25931984186172485,0
3583,RCN09992,1198-PF-METF-NOSTEN,Myanmar,Full,XGBoost,5,0,0.29590630531311035,0
3584,RCN09994,1198-PF-METF-NOSTEN,Myanmar,Full,XGBoost,5,0,0.6876405477523804,1
3585,RCN10000,1198-PF-METF-NOSTEN,Myanmar,Full,XGBoost,5,1,0.2920086979866028,0
3586,RCN10002,1198-PF-METF-NOSTEN,Myanmar,Full,XGBoost,5,1,0.38602766394615173,0
3587,RCN10003,1198-PF-METF-NOSTEN,Myanmar,Full,XGBoost,5,1,0.6551633477210999,1
3588,RCN10004,1198-PF-METF-NOSTEN,Myanmar,Full,XGBoost,5,1,0.7485149502754211,1
3589,RCN10006,1198-PF-METF-NOSTEN,Myanmar,Full,XGBoost,5,1,0.1836952269077301,0
3590,RCN10007,1198-PF-METF-NOSTEN,Myanmar,Full,XGBoost,5,1,0.38602766394615173,0
3591,RCN10008,1198-PF-METF-NOSTEN,Myanmar,Full,XGBoost,5,1,0.2954322397708893,0
3592,RCN10009,1198-PF-METF-NOSTEN,Myanmar,Full,XGBoost,5,1,0.44733259081840515,0
3593,RCN10010,1198-PF-METF-NOSTEN,Myanmar,Full,XGBoost,5,0,0.36178913712501526,0
3594,RCN10011,1198-PF-METF-NOSTEN,Myanmar,Full,XGBoost,5,0,0.21828341484069824,0
3595,RCN10012,1198-PF-METF-NOSTEN,Myanmar,Full,XGBoost,5,1,0.33640050888061523,0
3596,RCN10014,1198-PF-METF-NOSTEN,Myanmar,Full,XGBoost,5,0,0.548180878162384,1
3597,RCN10015,1198-PF-METF-NOSTEN,Myanmar,Full,XGBoost,5,0,0.36178913712501526,0
3598,RCN10016,1198-PF-METF-NOSTEN,Myanmar,Full,XGBoost,5,0,0.44343534111976624,0
3599,RCN10019,1198-PF-METF-NOSTEN,Myanmar,Full,XGBoost,5,1,0.3063209056854248,0
3600,RCN10021,1198-PF-METF-NOSTEN,Thailand,Full,XGBoost,5,1,0.04081667587161064,0
4556,RCN12435,1238-PF-VN-NIMPE-GENRE,Vietnam,Full,XGBoost,5,1,0.9931043982505798,1
4557,RCN12437,1238-PF-VN-NIMPE-GENRE,Vietnam,Full,XGBoost,5,0,0.6173030734062195,1
4558,RCN12438,1238-PF-VN-NIMPE-GENRE,Vietnam,Full,XGBoost,5,1,0.9973834156990051,1
4559,RCN12453,1238-PF-VN-NIMPE-GENRE,Vietnam,Full,XGBoost,5,1,0.9966413974761963,1
4560,RCN12454,1238-PF-VN-NIMPE-GENRE,Vietnam,Full,XGBoost,5,1,0.997546374797821,1
4561,RCN12456,1238-PF-VN-NIMPE-GENRE,Vietnam,Full,XGBoost,5,1,0.9965254664421082,1
4562,RCN12458,1238-PF-VN-NIMPE-GENRE,Vietnam,Full,XGBoost,5,1,0.9975519776344299,1
4563,RCN12459,1238-PF-VN-NIMPE-GENRE,Vietnam,Full,XGBoost,5,1,0.9896895885467529,1
4564,RCN12461,1238-PF-VN-NIMPE-GENRE,Vietnam,Full,XGBoost,5,1,0.9947608113288879,1
4565,RCN12462,1238-PF-VN-NIMPE-GENRE,Vietnam,Full,XGBoost,5,1,0.9878635406494141,1
4566,RCN12466,1238-PF-VN-NIMPE-GENRE,Vietnam,Full,XGBoost,5,1,0.9934720993041992,1
4567,RCN12468,1238-PF-VN-NIMPE-GENRE,Vietnam,Full,XGBoost,5,1,0.9966921806335449,1
4568,RCN12469,1238-PF-VN-NIMPE-GENRE,Vietnam,Full,XGBoost,5,1,0.9931043982505798,1
4569,RCN12476,1238-PF-VN-NIMPE-GENRE,Vietnam,Full,XGBoost,5,1,0.9934720993041992,1
4570,RCN12478,1238-PF-VN-NIMPE-GENRE,Vietnam,Full,XGBoost,5,1,0.997546374797821,1
4571,RCN12479,1238-PF-VN-NIMPE-GENRE,Vietnam,Full,XGBoost,5,1,0.9902899861335754,1
4572,RCN12480,1238-PF-VN-NIMPE-GENRE,Vietnam,Full,XGBoost,5,1,0.9626554846763611,1
4573,RCN12481,1238-PF-VN-NIMPE-GENRE,Vietnam,Full,XGBoost,5,1,0.9854024648666382,1
4574,RCN12482,1238-PF-VN-NIMPE-GENRE,Vietnam,Full,XGBoost,5,1,0.997546374797821,1
4575,RCN12483,1238-PF-VN-NIMPE-GENRE,Vietnam,Full,XGBoost,5,1,0.9902899861335754,1
4576,RCN12484,1238-PF-VN-NIMPE-GENRE,Vietnam,Full,XGBoost,5,1,0.8866278529167175,1
4577,RCN12485,1238-PF-VN-NIMPE-GENRE,Vietnam,Full,XGBoost,5,1,0.9965254664421082,1
4578,RCN12486,1238-PF-VN-NIMPE-GENRE,Vietnam,Full,XGBoost,5,1,0.9880692362785339,1
4579,RCN12489,1238-PF-VN-NIMPE-GENRE,Vietnam,Full,XGBoost,5,1,0.997546374797821,1
4580,RCN12490,1238-PF-VN-NIMPE-GENRE,Vietnam,Full,XGBoost,5,1,0.9934720993041992,1
4581,RCN12493,1238-PF-VN-NIMPE-GENRE,Vietnam,Full,XGBoost,5,1,0.9888840913772583,1
4582,RCN12494,1238-PF-VN-NIMPE-GENRE,Vietnam,Full,XGBoost,5,1,0.9931043982505798,1
4583,RCN12495,1238-PF-VN-NIMPE-GENRE,Vietnam,Full,XGBoost,5,1,0.9965254664421082,1
4584,RCN12496,1238-PF-VN-NIMPE-GENRE,Vietnam,Full,XGBoost,5,1,0.9601351618766785,1
4585,RCN12497,1238-PF-VN-NIMPE-GENRE,Vietnam,Full,XGBoost,5,1,0.9933103322982788,1
4586,RCN12501,1238-PF-VN-NIMPE-GENRE,Vietnam,Full,XGBoost,5,0,0.2368600219488144,0
4587,RCN12504,1238-PF-VN-NIMPE-GENRE,Vietnam,Full,XGBoost,5,1,0.9934720993041992,1
4588,RCN12505,1238-PF-VN-NIMPE-GENRE,Vietnam,Full,XGBoost,5,1,0.9934720993041992,1
4589,RCN12506,1238-PF-VN-NIMPE-GENRE,Vietnam,Full,XGBoost,5,1,0.9975487589836121,1
4590,RCN12510,1238-PF-VN-NIMPE-GENRE,Vietnam,Full,XGBoost,5,1,0.9956890940666199,1
4591,RCN12511,1238-PF-VN-NIMPE-GENRE,Vietnam,Full,XGBoost,5,1,0.9973157048225403,1
4592,RCN12512,1238-PF-VN-NIMPE-GENRE,Vietnam,Full,XGBoost,5,1,0.9915456175804138,1
4593,RCN12514,1238-PF-VN-NIMPE-GENRE,Vietnam,Full,XGBoost,5,1,0.9926812052726746,1
4594,RCN12520,1238-PF-VN-NIMPE-GENRE,Vietnam,Full,XGBoost,5,1,0.9979180693626404,1
4595,RCN12522,1238-PF-VN-NIMPE-GENRE,Vietnam,Full,XGBoost,5,1,0.8481365442276001,1
4596,RCN12528,1238-PF-VN-NIMPE-GENRE,Vietnam,Full,XGBoost,5,1,0.9979180693626404,1
4597,RCN12547,1238-PF-VN-NIMPE-GENRE,Vietnam,Full,XGBoost,5,1,0.9948394894599915,1
4598,RCN12548,1238-PF-VN-NIMPE-GENRE,Vietnam,Full,XGBoost,5,1,0.9956890940666199,1
4599,RCN12550,1238-PF-VN-NIMPE-GENRE,Vietnam,Full,XGBoost,5,1,0.9958490133285522,1
4600,RCN12553,1238-PF-VN-NIMPE-GENRE,Vietnam,Full,XGBoost,5,1,0.9952847361564636,1
4601,RCN12558,1238-PF-VN-NIMPE-GENRE,Vietnam,Full,XGBoost,5,1,0.991336464881897,1
4602,RCN12560,1238-PF-VN-NIMPE-GENRE,Vietnam,Full,XGBoost,5,1,0.7978043556213379,1
4603,RCN12562,1238-PF-VN-NIMPE-GENRE,Vietnam,Full,XGBoost,5,0,0.49348509311676025,0
4604,RCN12563,1238-PF-VN-NIMPE-GENRE,Vietnam,Full,XGBoost,5,1,0.9915456175804138,1
4605,RCN12566,1238-PF-VN-NIMPE-GENRE,Vietnam,Full,XGBoost,5,1,0.997546374797821,1
4606,RCN12567,1238-PF-VN-NIMPE-GENRE,Vietnam,Full,XGBoost,5,1,0.9936602711677551,1
4607,RCN12569,1238-PF-VN-NIMPE-GENRE,Vietnam,Full,XGBoost,5,1,0.9964388608932495,1
4608,RCN12570,1238-PF-VN-NIMPE-GENRE,Vietnam,Full,XGBoost,5,1,0.9973183274269104,1
4609,RCN12571,1238-PF-VN-NIMPE-GENRE,Vietnam,Full,XGBoost,5,1,0.991336464881897,1
4610,RCN12574,1238-PF-VN-NIMPE-GENRE,Vietnam,Full,XGBoost,5,0,0.3283598721027374,0
4611,RCN12575,1238-PF-VN-NIMPE-GENRE,Vietnam,Full,XGBoost,5,1,0.9928172826766968,1
4612,RCN12576,1238-PF-VN-NIMPE-GENRE,Vietnam,Full,XGBoost,5,1,0.9878438711166382,1
4613,RCN12577,1238-PF-VN-NIMPE-GENRE,Vietnam,Full,XGBoost,5,1,0.9949010610580444,1
4614,RCN12584,1238-PF-VN-NIMPE-GENRE,Vietnam,Full,XGBoost,5,1,0.9889845848083496,1
4615,RCN12586,1238-PF-VN-NIMPE-GENRE,Vietnam,Full,XGBoost,5,1,0.9956627488136292,1
4616,RCN12587,1238-PF-VN-NIMPE-GENRE,Vietnam,Full,XGBoost,5,1,0.9952847361564636,1
4617,RCN12590,1238-PF-VN-NIMPE-GENRE,Vietnam,Full,XGBoost,5,1,0.9939693212509155,1
4618,RCN12591,1238-PF-VN-NIMPE-GENRE,Vietnam,Full,XGBoost,5,1,0.7703505158424377,1
4619,RCN12592,1238-PF-VN-NIMPE-GENRE,Vietnam,Full,XGBoost,5,1,0.9976083040237427,1
4682,RCN12770,1238-PF-VN-NIMPE-GENRE,Vietnam,Full,XGBoost,5,1,0.8867257237434387,1
4683,RCN12772,1238-PF-VN-NIMPE-GENRE,Vietnam,Full,XGBoost,5,1,0.9952847361564636,1
4684,RCN12773,1238-PF-VN-NIMPE-GENRE,Vietnam,Full,XGBoost,5,1,0.9958618879318237,1
4685,RCN12774,1238-PF-VN-NIMPE-GENRE,Vietnam,Full,XGBoost,5,1,0.9928581714630127,1
4686,RCN12775,1238-PF-VN-NIMPE-GENRE,Vietnam,Full,XGBoost,5,1,0.9914736747741699,1
4687,RCN12776,1238-PF-VN-NIMPE-GENRE,Vietnam,Full,XGBoost,5,1,0.9914118051528931,1
4688,RCN12780,1238-PF-VN-NIMPE-GENRE,Vietnam,Full,XGBoost,5,1,0.9976327419281006,1
4689,RCN12781,1238-PF-VN-NIMPE-GENRE,Vietnam,Full,XGBoost,5,1,0.9976105690002441,1
4690,RCN12784,1238-PF-VN-NIMPE-GENRE,Vietnam,Full,XGBoost,5,1,0.985524594783783,1
4691,RCN12785,1238-PF-VN-NIMPE-GENRE,Vietnam,Full,XGBoost,5,1,0.9933050274848938,1
4692,RCN12786,1238-PF-VN-NIMPE-GENRE,Vietnam,Full,XGBoost,5,1,0.9051461219787598,1
4693,RCN12787,1238-PF-VN-NIMPE-GENRE,Vietnam,Full,XGBoost,5,1,0.9883562922477722,1
4694,RCN12788,1238-PF-VN-NIMPE-GENRE,Vietnam,Full,XGBoost,5,1,0.9870920181274414,1
4695,RCN12789,1238-PF-VN-NIMPE-GENRE,Vietnam,Full,XGBoost,5,1,0.8338284492492676,1
4696,RCN12791,1238-PF-VN-NIMPE-GENRE,Vietnam,Full,XGBoost,5,1,0.9938980937004089,1
4697,RCN12792,1238-PF-VN-NIMPE-GENRE,Vietnam,Full,XGBoost,5,1,0.9976083040237427,1
4698,RCN12793,1238-PF-VN-NIMPE-GENRE,Vietnam,Full,XGBoost,5,1,0.9934720993041992,1
4699,RCN12794,1238-PF-VN-NIMPE-GENRE,Vietnam,Full,XGBoost,5,1,0.9936250448226929,1
4700,RCN12795,1238-PF-VN-NIMPE-GENRE,Vietnam,Full,XGBoost,5,1,0.9940429329872131,1
4701,RCN12796,1238-PF-VN-NIMPE-GENRE,Vietnam,Full,XGBoost,5,1,0.9882404804229736,1
4702,RCN12797,1238-PF-VN-NIMPE-GENRE,Vietnam,Full,XGBoost,5,1,0.9926812052726746,1
4703,RCN12798,1238-PF-VN-NIMPE-GENRE,Vietnam,Full,XGBoost,5,1,0.9879081845283508,1
4704,RCN12799,1238-PF-VN-NIMPE-GENRE,Vietnam,Full,XGBoost,5,1,0.997546374797821,1
4705,RCN12800,1238-PF-VN-NIMPE-GENRE,Vietnam,Full,XGBoost,5,1,0.9333747029304504,1
4706,RCN12801,1238-PF-VN-NIMPE-GENRE,Vietnam,Full,XGBoost,5,1,0.9976083040237427,1
4707,RCN12802,1238-PF-VN-NIMPE-GENRE,Vietnam,Full,XGBoost,5,1,0.9904659986495972,1
4708,RCN12803,1238-PF-VN-NIMPE-GENRE,Vietnam,Full,XGBoost,5,1,0.9141647815704346,1
4709,RCN12804,1238-PF-VN-NIMPE-GENRE,Vietnam,Full,XGBoost,5,1,0.8891777992248535,1
4710,RCN12806,1238-PF-VN-NIMPE-GENRE,Vietnam,Full,XGBoost,5,1,0.990880012512207,1
4711,RCN12807,1238-PF-VN-NIMPE-GENRE,Vietnam,Full,XGBoost,5,1,0.8136220574378967,1
4712,RCN12808,1238-PF-VN-NIMPE-GENRE,Vietnam,Full,XGBoost,5,1,0.9934720993041992,1
4713,RCN12809,1238-PF-VN-NIMPE-GENRE,Vietnam,Full,XGBoost,5,1,0.9914118051528931,1
4714,RCN12810,1238-PF-VN-NIMPE-GENRE,Vietnam,Full,XGBoost,5,1,0.997546374797821,1
4715,RCN12811,1238-PF-VN-NIMPE-GENRE,Vietnam,Full,XGBoost,5,1,0.9975487589836121,1
4716,RCN12813,1238-PF-VN-NIMPE-GENRE,Vietnam,Full,XGBoost,5,1,0.997546374797821,1
4717,RCN12815,1238-PF-VN-NIMPE-GENRE,Vietnam,Full,XGBoost,5,1,0.9926812052726746,1
4718,RCN12816,1238-PF-VN-NIMPE-GENRE,Vietnam,Full,XGBoost,5,1,0.9881132245063782,1
4719,RCN12817,1238-PF-VN-NIMPE-GENRE,Vietnam,Full,XGBoost,5,1,0.997546374797821,1
4720,RCN12818,1238-PF-VN-NIMPE-GENRE,Vietnam,Full,XGBoost,5,1,0.8891777992248535,1
4721,RCN12819,1238-PF-VN-NIMPE-GENRE,Vietnam,Full,XGBoost,5,1,0.9919711351394653,1
4722,RCN12820,1238-PF-VN-NIMPE-GENRE,Vietnam,Full,XGBoost,5,1,0.9854946136474609,1
4723,RCN12821,1238-PF-VN-NIMPE-GENRE,Vietnam,Full,XGBoost,5,1,0.6683337688446045,1
4724,RCN12822,1238-PF-VN-NIMPE-GENRE,Vietnam,Full,XGBoost,5,1,0.997546374797821,1
4725,RCN12823,1238-PF-VN-NIMPE-GENRE,Vietnam,Full,XGBoost,5,1,0.8867257237434387,1
4726,RCN12824,1238-PF-VN-NIMPE-GENRE,Vietnam,Full,XGBoost,5,1,0.9585323333740234,1
4727,RCN12826,1238-PF-VN-NIMPE-GENRE,Vietnam,Full,XGBoost,5,1,0.9901748895645142,1
4728,RCN12827,1238-PF-VN-NIMPE-GENRE,Vietnam,Full,XGBoost,5,1,0.9928473830223083,1
4729,RCN12828,1238-PF-VN-NIMPE-GENRE,Vietnam,Full,XGBoost,5,1,0.9946082830429077,1
4730,RCN12829,1238-PF-VN-NIMPE-GENRE,Vietnam,Full,XGBoost,5,1,0.9907466173171997,1
4731,RCN12830,1238-PF-VN-NIMPE-GENRE,Vietnam,Full,XGBoost,5,1,0.9931942224502563,1
4732,RCN12831,1238-PF-VN-NIMPE-GENRE,Vietnam,Full,XGBoost,5,1,0.4297897517681122,0
4733,RCN12832,1238-PF-VN-NIMPE-GENRE,Vietnam,Full,XGBoost,5,1,0.9976083040237427,1
4734,RCN12834,1238-PF-VN-NIMPE-GENRE,Vietnam,Full,XGBoost,5,1,0.9934720993041992,1
4735,RCN12835,1238-PF-VN-NIMPE-GENRE,Vietnam,Full,XGBoost,5,1,0.9952847361564636,1
4736,RCN12836,1238-PF-VN-NIMPE-GENRE,Vietnam,Full,XGBoost,5,1,0.9954847097396851,1
4737,RCN12837,1238-PF-VN-NIMPE-GENRE,Vietnam,Full,XGBoost,5,1,0.9925543665885925,1
4738,RCN12838,1238-PF-VN-NIMPE-GENRE,Vietnam,Full,XGBoost,5,1,0.9975487589836121,1
4739,RCN12839,1238-PF-VN-NIMPE-GENRE,Vietnam,Full,XGBoost,5,1,0.9946082830429077,1
4740,RCN12840,1238-PF-VN-NIMPE-GENRE,Vietnam,Full,XGBoost,5,1,0.9970645308494568,1
4741,RCN12841,1238-PF-VN-NIMPE-GENRE,Vietnam,Full,XGBoost,5,1,0.9956890940666199,1
4742,RCN12842,1238-PF-VN-NIMPE-GENRE,Vietnam,Full,XGBoost,5,1,0.9934720993041992,1
4743,RCN12843,1238-PF-VN-NIMPE-GENRE,Vietnam,Full,XGBoost,5,1,0.997546374797821,1
4744,RCN12844,1238-PF-VN-NIMPE-GENRE,Vietnam,Full,XGBoost,5,1,0.568021833896637,1
4745,RCN12845,1238-PF-VN-NIMPE-GENRE,Vietnam,Full,XGBoost,5,1,0.9888805150985718,1
4746,RCN12846,1238-PF-VN-NIMPE-GENRE,Vietnam,Full,XGBoost,5,1,0.9958618879318237,1
4747,RCN12847,1238-PF-VN-NIMPE-GENRE,Vietnam,Full,XGBoost,5,1,0.9975487589836121,1
4748,RCN12848,1238-PF-VN-NIMPE-GENRE,Vietnam,Full,XGBoost,5,1,0.9965288043022156,1
4749,RCN12849,1238-PF-VN-NIMPE-GENRE,Vietnam,Full,XGBoost,5,1,0.9893923997879028,1
4750,RCN12850,1238-PF-VN-NIMPE-GENRE,Vietnam,Full,XGBoost,5,1,0.8891777992248535,1
4751,RCN12851,1238-PF-VN-NIMPE-GENRE,Vietnam,Full,XGBoost,5,1,0.9965795874595642,1
4752,RCN12852,1238-PF-VN-NIMPE-GENRE,Vietnam,Full,XGBoost,5,0,0.8710442185401917,1
4753,RCN12853,1238-PF-VN-NIMPE-GENRE,Vietnam,Full,XGBoost,5,1,0.997546374797821,1
4754,RCN12854,1238-PF-VN-NIMPE-GENRE,Vietnam,Full,XGBoost,5,1,0.8963663578033447,1
4755,RCN12856,1238-PF-VN-NIMPE-GENRE,Vietnam,Full,XGBoost,5,1,0.997546374797821,1
4756,RCN12857,1238-PF-VN-NIMPE-GENRE,Vietnam,Full,XGBoost,5,1,0.8588719367980957,1
4757,RCN12858,1238-PF-VN-NIMPE-GENRE,Vietnam,Full,XGBoost,5,1,0.9836896061897278,1
4758,RCN12859,1238-PF-VN-NIMPE-GENRE,Vietnam,Full,XGBoost,5,1,0.9960383176803589,1
4759,RCN12860,1238-PF-VN-NIMPE-GENRE,Vietnam,Full,XGBoost,5,1,0.9919711351394653,1
4760,RCN12862,1238-PF-VN-NIMPE-GENRE,Vietnam,Full,XGBoost,5,1,0.3703460097312927,0
4761,RCN12865,1238-PF-VN-NIMPE-GENRE,Vietnam,Full,XGBoost,5,1,0.8832172751426697,1
4762,RCN12867,1238-PF-VN-NIMPE-GENRE,Vietnam,Full,XGBoost,5,1,0.9975519776344299,1
4763,RCN12868,1238-PF-VN-NIMPE-GENRE,Vietnam,Full,XGBoost,5,1,0.9893923997879028,1
4764,RCN12869,1238-PF-VN-NIMPE-GENRE,Vietnam,Full,XGBoost,5,1,0.990331768989563,1
4765,RCN12870,1238-PF-VN-NIMPE-GENRE,Vietnam,Full,XGBoost,5,1,0.9880692362785339,1
4766,RCN12871,1238-PF-VN-NIMPE-GENRE,Vietnam,Full,XGBoost,5,1,0.997546374797821,1
4767,RCN12872,1238-PF-VN-NIMPE-GENRE,Vietnam,Full,XGBoost,5,1,0.493996262550354,0
4768,RCN12873,1238-PF-VN-NIMPE-GENRE,Vietnam,Full,XGBoost,5,1,0.3177173435688019,0
4769,RCN12877,1238-PF-VN-NIMPE-GENRE,Vietnam,Full,XGBoost,5,1,0.9218718409538269,1
4770,RCN12878,1238-PF-VN-NIMPE-GENRE,Vietnam,Full,XGBoost,5,1,0.997546374797821,1
4771,RCN12879,1238-PF-VN-NIMPE-GENRE,Vietnam,Full,XGBoost,5,1,0.9946308135986328,1
4772,RCN12880,1238-PF-VN-NIMPE-GENRE,Vietnam,Full,XGBoost,5,1,0.996613085269928,1
4773,RCN12881,1238-PF-VN-NIMPE-GENRE,Vietnam,Full,XGBoost,5,0,0.008432376198470592,0
4774,RCN12883,1238-PF-VN-NIMPE-GENRE,Vietnam,Full,XGBoost,5,1,0.9947608113288879,1
4775,RCN12884,1238-PF-VN-NIMPE-GENRE,Vietnam,Full,XGBoost,5,1,0.528825581073761,1
4776,RCN12886,1238-PF-VN-NIMPE-GENRE,Vietnam,Full,XGBoost,5,0,0.008776934817433357,0
4777,RCN12888,1238-PF-VN-NIMPE-GENRE,Vietnam,Full,XGBoost,5,0,0.7989057898521423,1
4778,RCN12889,1238-PF-VN-NIMPE-GENRE,Vietnam,Full,XGBoost,5,1,0.9906620383262634,1
4779,RCN12890,1238-PF-VN-NIMPE-GENRE,Vietnam,Full,XGBoost,5,1,0.9954805374145508,1
4780,RCN12891,1238-PF-VN-NIMPE-GENRE,Vietnam,Full,XGBoost,5,1,0.996613085269928,1
4781,RCN12892,1238-PF-VN-NIMPE-GENRE,Vietnam,Full,XGBoost,5,1,0.9973834156990051,1
4782,RCN12893,1238-PF-VN-NIMPE-GENRE,Vietnam,Full,XGBoost,5,1,0.9975487589836121,1
4783,RCN12894,1238-PF-VN-NIMPE-GENRE,Vietnam,Full,XGBoost,5,0,0.008432376198470592,0
4784,RCN12895,1238-PF-VN-NIMPE-GENRE,Vietnam,Full,XGBoost,5,1,0.994981586933136,1
4785,RCN12897,1238-PF-VN-NIMPE-GENRE,Vietnam,Full,XGBoost,5,1,0.9978690147399902,1
4786,RCN12900,1238-PF-VN-NIMPE-GENRE,Vietnam,Full,XGBoost,5,1,0.9893923997879028,1
4787,RCN12901,1238-PF-VN-NIMPE-GENRE,Vietnam,Full,XGBoost,5,1,0.9952847361564636,1
