Row,Sample,Study,Country,Set,Model,Fold,y_true,prob,pred
0,PD0003-C,1016-PF-TH-NOSTEN,Thailand,Full,RandomForest,1,0,0.22298494415506567,0
1,PD0004-03,1016-PF-TH-NOSTEN,Thailand,Full,RandomForest,1,0,0.22990801751926643,0
2,PD0004-C,1016-PF-TH-NOSTEN,Thailand,Full,RandomForest,1,0,0.2421836188003142,0
3,PD0005-01,1016-PF-TH-NOSTEN,Thailand,Full,RandomForest,1,0,0.32219897310762036,0
4,PD0005-C,1016-PF-TH-NOSTEN,Thailand,Full,RandomForest,1,0,0.26714197109938687,0
5,PD0006-01,1016-PF-TH-NOSTEN,Thailand,Full,RandomForest,1,0,0.11797695890357048,0
6,PD0007-01,1016-PF-TH-NOSTEN,Thailand,Full,RandomForest,1,0,0.19028360516284912,0
7,PD0008-02,1016-PF-TH-NOSTEN,Thailand,Full,RandomForest,1,0,0.20918394099867044,0
8,PD0009-01,1016-PF-TH-NOSTEN,Thailand,Full,RandomForest,1,0,0.18227572303100037,0
9,PD0011-01,1016-PF-TH-NOSTEN,Thailand,Full,RandomForest,1,0,0.19296786931477608,0
10,PD0015-02,1016-PF-TH-NOSTEN,Thailand,Full,RandomForest,1,0,0.26608858165700605,0
11,PD0016-C,1016-PF-TH-NOSTEN,Thailand,Full,RandomForest,1,0,0.24411211532094967,0
12,PD0017-C,1016-PF-TH-NOSTEN,Thailand,Full,RandomForest,1,0,0.25587382664897523,0
13,PD0018-C,1016-PF-TH-NOSTEN,Thailand,Full,RandomForest,1,0,0.13312349914833535,0
14,PD0019-C,1016-PF-TH-NOSTEN,Thailand,Full,RandomForest,1,0,0.14475064882636823,0
15,PD0020-C,1016-PF-TH-NOSTEN,Thailand,Full,RandomForest,1,0,0.10511083418343097,0
16,PD0021-C,1016-PF-TH-NOSTEN,Thailand,Full,RandomForest,1,0,0.1604251782776197,0
17,PD0022-C,1016-PF-TH-NOSTEN,Thailand,Full,RandomForest,1,0,0.24823680171129367,0
18,PD0023-C,1016-PF-TH-NOSTEN,Thailand,Full,RandomForest,1,0,0.14418938827571998,0
847,PG0607-C,1185-PF-KH-KYLE,Cambodia,Full,RandomForest,1,0,0.3796346592935499,0
848,PG0608-C,1185-PF-KH-KYLE,Cambodia,Full,RandomForest,1,0,0.4500971663294006,0
849,PG0609-C,1185-PF-KH-KYLE,Cambodia,Full,RandomForest,1,0,0.608319727124376,1
850,PG0610-C,1185-PF-KH-KYLE,Cambodia,Full,RandomForest,1,0,0.4891612512609236,0
851,PG0611-C,1185-PF-KH-KYLE,Cambodia,Full,RandomForest,1,0,0.5837661286134956,1
1756,PV0002-C,1020-PF-VN-BONI,Vietnam,Full,RandomForest,1,1,0.026781301571729345,0
1757,PV0004-C,1020-PF-VN-BONI,Vietnam,Full,RandomForest,1,0,0.0834555212555086,0
1758,PV0006-C,1020-PF-VN-BONI,Vietnam,Full,RandomForest,1,0,0.004274407779909647,0
1759,PV0008-C,1020-PF-VN-BONI,Vietnam,Full,RandomForest,1,1,0.7255064354204132,1
1760,PV0014-C,1020-PF-VN-BONI,Vietnam,Full,RandomForest,1,0,0.04630118092915134,0
1761,PV0015-C,1020-PF-VN-BONI,Vietnam,Full,RandomForest,1,0,0.1243035796543222,0
1762,PV0017-C,1020-PF-VN-BONI,Vietnam,Full,RandomForest,1,0,0.041059497385872105,0
1763,PV0018-C,1020-PF-VN-BONI,Vietnam,Full,RandomForest,1,0,0.1035292710196165,0
1764,PV0020-C,1020-PF-VN-BONI,Vietnam,Full,RandomForest,1,0,0.06384433054967052,0
1765,PV0023-C,1020-PF-VN-BONI,Vietnam,Full,RandomForest,1,0,0.03658177595594661,0
1766,PV0028-C,1020-PF-VN-BONI,Vietnam,Full,RandomForest,1,1,0.9559422181771255,1
1767,PV0030-C,1020-PF-VN-BONI,Vietnam,Full,RandomForest,1,0,0.08946280181661168,0
1768,PV0031-C,1020-PF-VN-BONI,Vietnam,Full,RandomForest,1,1,0.13488498158124032,0
1769,PV0035-C,1020-PF-VN-BONI,Vietnam,Full,RandomForest,1,0,0.2481144580770028,0
1770,PV0037-C,1020-PF-VN-BONI,Vietnam,Full,RandomForest,1,0,0.21385719382101062,0
1771,PV0039-C,1020-PF-VN-BONI,Vietnam,Full,RandomForest,1,1,0.006371952022640022,0
1772,PV0041-C,1020-PF-VN-BONI,Vietnam,Full,RandomForest,1,0,0.050924628889408866,0
1773,PV0046-C,1020-PF-VN-BONI,Vietnam,Full,RandomForest,1,0,0.17773597871624858,0
1774,PV0048-C,1020-PF-VN-BONI,Vietnam,Full,RandomForest,1,0,0.14191877747658224,0
2200,QC0392-CW,1149-PF-MM-RINGWALD,Myanmar,Full,RandomForest,1,1,0.29292484670585905,0
2201,QC0396-CW,1149-PF-MM-RINGWALD,Myanmar,Full,RandomForest,1,0,0.2800344557046185,0
2202,QC0399-CW,1149-PF-MM-RINGWALD,Myanmar,Full,RandomForest,1,0,0.19588455696709228,0
2203,QC0402-CW,1149-PF-MM-RINGWALD,Myanmar,Full,RandomForest,1,1,0.13430970642786325,0
2204,QC0404-CW,1149-PF-MM-RINGWALD,Myanmar,Full,RandomForest,1,0,0.35915584749663176,0
2205,QC0409-CW,1149-PF-MM-RINGWALD,Myanmar,Full,RandomForest,1,0,0.19506530790464108,0
2206,QC0417-CW,1149-PF-MM-RINGWALD,Myanmar,Full,RandomForest,1,0,0.19764598724485555,0
2207,QC0420-CW,1149-PF-MM-RINGWALD,Myanmar,Full,RandomForest,1,1,0.44315271515959914,0
2208,QC0421-CW,1149-PF-MM-RINGWALD,Myanmar,Full,RandomForest,1,0,0.24065757697416842,0
2209,QC0424-CW,1149-PF-MM-RINGWALD,Myanmar,Full,RandomForest,1,0,0.4168536533782591,0
2210,QC0428-CW,1149-PF-MM-RINGWALD,Myanmar,Full,RandomForest,1,0,0.298250893016427,0
2211,QC0436-CW,1149-PF-MM-RINGWALD,Myanmar,Full,RandomForest,1,0,0.16065662808168327,0
2212,QC0438-CW,1149-PF-MM-RINGWALD,Myanmar,Full,RandomForest,1,1,0.27891845989129843,0
2213,QC0439-CW,1149-PF-MM-RINGWALD,Myanmar,Full,RandomForest,1,1,0.2399468165477677,0
2214,QC0442-CW,1149-PF-MM-RINGWALD,Myanmar,Full,RandomForest,1,0,0.3487883048219125,0
2215,QC0443-CW,1149-PF-MM-RINGWALD,Myanmar,Full,RandomForest,1,0,0.2154511082005538,0
2216,QC0444-CW,1149-PF-MM-RINGWALD,Myanmar,Full,RandomForest,1,0,0.27344498837214953,0
2217,QC0445-CW,1149-PF-MM-RINGWALD,Myanmar,Full,RandomForest,1,1,0.13269984950440727,0
2218,QC0446-CW,1149-PF-MM-RINGWALD,Myanmar,Full,RandomForest,1,0,0.5185986249665104,1
2219,QC0448-CW,1149-PF-MM-RINGWALD,Myanmar,Full,RandomForest,1,1,0.2206741652677903,0
2220,QC0462-C,1149-PF-MM-RINGWALD,Myanmar,Full,RandomForest,1,0,0.1940976996360688,0
2221,QC0471-CW,1149-PF-MM-RINGWALD,Myanmar,Full,RandomForest,1,1,0.19645220285325013,0
2222,QC0477-CW,1149-PF-MM-RINGWALD,Myanmar,Full,RandomForest,1,0,0.8073617589665656,1
2223,QC0479-CW,1149-PF-MM-RINGWALD,Myanmar,Full,RandomForest,1,1,0.29292484670585905,0
2224,QC0481-CW,1149-PF-MM-RINGWALD,Myanmar,Full,RandomForest,1,1,0.2995818765204457,0
2225,QC0485-CW,1149-PF-MM-RINGWALD,Myanmar,Full,RandomForest,1,0,0.2099017621089976,0
2226,QC0487-CW,1149-PF-MM-RINGWALD,Myanmar,Full,RandomForest,1,0,0.21404144400336506,0
2227,QC0488-CW,1149-PF-MM-RINGWALD,Myanmar,Full,RandomForest,1,0,0.22868347853208704,0
2228,QC0490-CW,1149-PF-MM-RINGWALD,Myanmar,Full,RandomForest,1,0,0.5094054594101824,1
2229,QC0491-CW,1149-PF-MM-RINGWALD,Myanmar,Full,RandomForest,1,0,0.40208567865884914,0
2230,QC0494-CW,1149-PF-MM-RINGWALD,Myanmar,Full,RandomForest,1,1,0.3068062265644633,0
2231,QC0497-CW,1149-PF-MM-RINGWALD,Myanmar,Full,RandomForest,1,0,0.3487883048219125,0
2232,QC0504-CW,1149-PF-MM-RINGWALD,Myanmar,Full,RandomForest,1,1,0.2511232782970189,0
2233,QC0505-CW,1149-PF-MM-RINGWALD,Myanmar,Full,RandomForest,1,1,0.2770126793124765,0
2234,QC0506-CW,1149-PF-MM-RINGWALD,Myanmar,Full,RandomForest,1,0,0.23584005036333988,0
2235,QC0507-CW,1149-PF-MM-RINGWALD,Myanmar,Full,RandomForest,1,0,0.2997196665225825,0
2236,QC0523-CW,1149-PF-MM-RINGWALD,Myanmar,Full,RandomForest,1,0,0.21388395863966145,0
2237,QC0524-CW,1149-PF-MM-RINGWALD,Myanmar,Full,RandomForest,1,0,0.2294072704670589,0
2238,QC0530-CW,1149-PF-MM-RINGWALD,Myanmar,Full,RandomForest,1,0,0.3071606013506039,0
2239,QC0534-C,1149-PF-MM-RINGWALD,Myanmar,Full,RandomForest,1,0,0.22529353005458788,0
2240,QC0535-CW,1149-PF-MM-RINGWALD,Myanmar,Full,RandomForest,1,0,0.6191490503964134,1
2241,QC0536-CW,1149-PF-MM-RINGWALD,Myanmar,Full,RandomForest,1,0,0.22161096084780676,0
2242,QC0537-CW,1149-PF-MM-RINGWALD,Myanmar,Full,RandomForest,1,0,0.31036451315790503,0
2243,QC0542-CW,1149-PF-MM-RINGWALD,Myanmar,Full,RandomForest,1,0,0.2965527208884973,0
2244,QC0544-CW,1149-PF-MM-RINGWALD,Myanmar,Full,RandomForest,1,1,0.20930485825431114,0
2245,QC0547-CW,1149-PF-MM-RINGWALD,Myanmar,Full,RandomForest,1,0,0.3788662092649342,0
2246,QC0548-CW,1149-PF-MM-RINGWALD,Myanmar,Full,RandomForest,1,0,0.2880157996651401,0
2247,QC0551-CW,1149-PF-MM-RINGWALD,Myanmar,Full,RandomForest,1,1,0.55950967923305,1
2248,QC0552-C,1149-PF-MM-RINGWALD,Myanmar,Full,RandomForest,1,0,0.1602735453717244,0
2249,QC0554-CW,1149-PF-MM-RINGWALD,Myanmar,Full,RandomForest,1,1,0.20243073150200044,0
2250,QC0557-CW,1149-PF-MM-RINGWALD,Myanmar,Full,RandomForest,1,0,0.573601797716994,1
2251,QC0558-CW,1149-PF-MM-RINGWALD,Myanmar,Full,RandomForest,1,0,0.18219067486217902,0
2252,QC0564-CW,1149-PF-MM-RINGWALD,Myanmar,Full,RandomForest,1,0,0.15522031347982568,0
2253,QC0572-CW,1149-PF-MM-RINGWALD,Myanmar,Full,RandomForest,1,0,0.34753996821258837,0
2254,QC0573-CW,1149-PF-MM-RINGWALD,Myanmar,Full,RandomForest,1,0,0.5885357596531068,1
2255,QC0574-CW,1149-PF-MM-RINGWALD,Myanmar,Full,RandomForest,1,0,0.2330894374898318,0
2256,QC0576-CW,1149-PF-MM-RINGWALD,Myanmar,Full,RandomForest,1,0,0.6050876720691335,1
2257,QC0581-CW,1149-PF-MM-RINGWALD,Myanmar,Full,RandomForest,1,0,0.43166630849213516,0
2258,QC0599-CW,1149-PF-MM-RINGWALD,Myanmar,Full,RandomForest,1,1,0.2760340082667284,0
2259,QC0603-CW,1149-PF-MM-RINGWALD,Myanmar,Full,RandomForest,1,0,0.3075656048538673,0
2260,QC0604-CW,1149-PF-MM-RINGWALD,Myanmar,Full,RandomForest,1,0,0.35357984069455994,0
2261,QC0606-CW,1149-PF-MM-RINGWALD,Myanmar,Full,RandomForest,1,1,0.2363538505971234,0
2262,QC0607-CW,1149-PF-MM-RINGWALD,Myanmar,Full,RandomForest,1,0,0.35431926877969616,0
2263,QC0608-CW,1149-PF-MM-RINGWALD,Myanmar,Full,RandomForest,1,1,0.2188341663776749,0
2264,QC0609-C,1149-PF-MM-RINGWALD,Myanmar,Full,RandomForest,1,0,0.13321290674485872,0
2904,RCN08807,1209-PF-VN-IMPEQN-GENRE,Vietnam,Full,RandomForest,1,1,0.9988127230175465,1
2905,RCN08808,1209-PF-VN-IMPEQN-GENRE,Vietnam,Full,RandomForest,1,1,0.9590763068205029,1
2906,RCN08809,1209-PF-VN-IMPEQN-GENRE,Vietnam,Full,RandomForest,1,1,0.9942114946578529,1
2907,RCN08810,1209-PF-VN-IMPEQN-GENRE,Vietnam,Full,RandomForest,1,1,0.9983637527184412,1
2908,RCN08811,1209-PF-VN-IMPEQN-GENRE,Vietnam,Full,RandomForest,1,0,0.02961187718536442,0
2909,RCN08812,1209-PF-VN-IMPEQN-GENRE,Vietnam,Full,RandomForest,1,1,0.8750456243325071,1
2910,RCN08813,1209-PF-VN-IMPEQN-GENRE,Vietnam,Full,RandomForest,1,1,0.9984406683378559,1
2911,RCN08814,1209-PF-VN-IMPEQN-GENRE,Vietnam,Full,RandomForest,1,1,0.9984406683378559,1
2912,RCN08815,1209-PF-VN-IMPEQN-GENRE,Vietnam,Full,RandomForest,1,1,0.8786426595368481,1
2913,RCN08816,1209-PF-VN-IMPEQN-GENRE,Vietnam,Full,RandomForest,1,1,0.9998211051874155,1
2914,RCN08817,1209-PF-VN-IMPEQN-GENRE,Vietnam,Full,RandomForest,1,1,0.9995650934414919,1
2915,RCN08818,1209-PF-VN-IMPEQN-GENRE,Vietnam,Full,RandomForest,1,1,0.9995650934414919,1
2916,RCN08819,1209-PF-VN-IMPEQN-GENRE,Vietnam,Full,RandomForest,1,1,0.9995650934414919,1
2917,RCN08820,1209-PF-VN-IMPEQN-GENRE,Vietnam,Full,RandomForest,1,1,0.9984406683378559,1
2918,RCN08821,1209-PF-VN-IMPEQN-GENRE,Vietnam,Full,RandomForest,1,0,0.005562657444325953,0
2919,RCN08822,1209-PF-VN-IMPEQN-GENRE,Vietnam,Full,RandomForest,1,0,0.005562657444325953,0
2920,RCN08824,1209-PF-VN-IMPEQN-GENRE,Vietnam,Full,RandomForest,1,0,0.05015870428136557,0
2921,RCN08827,1209-PF-VN-IMPEQN-GENRE,Vietnam,Full,RandomForest,1,1,0.13810077614292976,0
2922,RCN08828,1209-PF-VN-IMPEQN-GENRE,Vietnam,Full,RandomForest,1,0,0.20822112692712785,0
2923,RCN08829,1209-PF-VN-IMPEQN-GENRE,Vietnam,Full,RandomForest,1,1,0.18146781712706184,0
2924,RCN08830,1209-PF-VN-IMPEQN-GENRE,Vietnam,Full,RandomForest,1,0,0.1895096847978775,0
2925,RCN08831,1209-PF-VN-IMPEQN-GENRE,Vietnam,Full,RandomForest,1,0,0.2455635633627124,0
2926,RCN08833,1209-PF-VN-IMPEQN-GENRE,Vietnam,Full,RandomForest,1,0,0.05213667163042179,0
2927,RCN08834,1209-PF-VN-IMPEQN-GENRE,Vietnam,Full,RandomForest,1,0,0.02193438578145478,0
2928,RCN08878,1209-PF-VN-IMPEQN-GENRE,Vietnam,Full,RandomForest,1,0,0.03944632418625562,0
2929,RCN08883,1209-PF-VN-IMPEQN-GENRE,Vietnam,Full,RandomForest,1,0,0.011985871958949233,0
2930,RCN08884,1209-PF-VN-IMPEQN-GENRE,Vietnam,Full,RandomForest,1,0,0.05247847426405073,0
2931,RCN08887,1209-PF-VN-IMPEQN-GENRE,Vietnam,Full,RandomForest,1,0,0.032908648524779004,0
2932,RCN08888,1209-PF-VN-IMPEQN-GENRE,Vietnam,Full,RandomForest,1,0,0.13813913219385104,0
2933,RCN08889,1209-PF-VN-IMPEQN-GENRE,Vietnam,Full,RandomForest,1,0,0.08820613561553707,0
2934,RCN08890,1209-PF-VN-IMPEQN-GENRE,Vietnam,Full,RandomForest,1,0,0.09906985193663298,0
2935,RCN08891,1209-PF-VN-IMPEQN-GENRE,Vietnam,Full,RandomForest,1,0,0.09906985193663298,0
3123,RCN09220,1209-PF-VN-IMPEQN-GENRE,Vietnam,Full,RandomForest,1,0,0.10039552610463812,0
3124,RCN09225,1209-PF-VN-IMPEQN-GENRE,Vietnam,Full,RandomForest,1,1,0.2539042101906022,0
3125,RCN09226,1209-PF-VN-IMPEQN-GENRE,Vietnam,Full,RandomForest,1,1,0.24887873770937718,0
3126,RCN09229,1209-PF-VN-IMPEQN-GENRE,Vietnam,Full,RandomForest,1,1,0.15945693005900222,0
3127,RCN09230,1209-PF-VN-IMPEQN-GENRE,Vietnam,Full,RandomForest,1,1,0.17189785718546624,0
3128,RCN09234,1209-PF-VN-IMPEQN-GENRE,Vietnam,Full,RandomForest,1,1,0.9625245709066745,1
3129,RCN09235,1209-PF-VN-IMPEQN-GENRE,Vietnam,Full,RandomForest,1,1,0.9995650934414919,1
3130,RCN09236,1209-PF-VN-IMPEQN-GENRE,Vietnam,Full,RandomForest,1,1,0.9994441125932282,1
3131,RCN09238,1209-PF-VN-IMPEQN-GENRE,Vietnam,Full,RandomForest,1,1,0.9995650934414919,1
3132,RCN09239,1209-PF-VN-IMPEQN-GENRE,Vietnam,Full,RandomForest,1,0,0.028569864010054808,0
3133,RCN09240,1209-PF-VN-IMPEQN-GENRE,Vietnam,Full,RandomForest,1,1,0.999529366564684,1
3134,RCN09241,1209-PF-VN-IMPEQN-GENRE,Vietnam,Full,RandomForest,1,1,0.959410535907731,1
3135,RCN09245,1209-PF-VN-IMPEQN-GENRE,Vietnam,Full,RandomForest,1,1,0.9930019926213142,1
3136,RCN09250,1209-PF-VN-IMPEQN-GENRE,Vietnam,Full,RandomForest,1,1,0.9881702449300288,1
3137,RCN09251,1209-PF-VN-IMPEQN-GENRE,Vietnam,Full,RandomForest,1,1,0.9995650934414919,1
3138,RCN09254,1209-PF-VN-IMPEQN-GENRE,Vietnam,Full,RandomForest,1,1,0.9559163601947992,1
3139,RCN09258,1209-PF-VN-IMPEQN-GENRE,Vietnam,Full,RandomForest,1,1,0.9967065289448727,1
3140,RCN09259,1209-PF-VN-IMPEQN-GENRE,Vietnam,Full,RandomForest,1,1,0.9977286733566975,1
3141,RCN09260,1209-PF-VN-IMPEQN-GENRE,Vietnam,Full,RandomForest,1,1,0.9977286733566975,1
3142,RCN09261,1209-PF-VN-IMPEQN-GENRE,Vietnam,Full,RandomForest,1,1,0.9952234103973807,1
3143,RCN09262,1209-PF-VN-IMPEQN-GENRE,Vietnam,Full,RandomForest,1,1,0.9994441125932282,1
3144,RCN09264,1209-PF-VN-IMPEQN-GENRE,Vietnam,Full,RandomForest,1,1,0.9966784079578994,1
3145,RCN09265,1209-PF-VN-IMPEQN-GENRE,Vietnam,Full,RandomForest,1,1,0.9980617716166088,1
3146,RCN09266,1209-PF-VN-IMPEQN-GENRE,Vietnam,Full,RandomForest,1,1,0.9928281660572713,1
3147,RCN09268,1209-PF-VN-IMPEQN-GENRE,Vietnam,Full,RandomForest,1,1,0.9994441125932282,1
3148,RCN09269,1209-PF-VN-IMPEQN-GENRE,Vietnam,Full,RandomForest,1,1,0.958004870418235,1
3149,RCN09270,1209-PF-VN-IMPEQN-GENRE,Vietnam,Full,RandomForest,1,1,0.9771403185378585,1
3150,RCN09271,1209-PF-VN-IMPEQN-GENRE,Vietnam,Full,RandomForest,1,1,0.9930019926213142,1
3151,RCN09272,1209-PF-VN-IMPEQN-GENRE,Vietnam,Full,RandomForest,1,1,0.9854058516065882,1
3152,RCN09273,1209-PF-VN-IMPEQN-GENRE,Vietnam,Full,RandomForest,1,1,0.9963236349777049,1
3153,RCN09274,1209-PF-VN-IMPEQN-GENRE,Vietnam,Full,RandomForest,1,1,0.9962234131603358,1
3154,RCN09276,1209-PF-VN-IMPEQN-GENRE,Vietnam,Full,RandomForest,1,0,0.48645163512164963,0
3155,RCN09278,1209-PF-VN-IMPEQN-GENRE,Vietnam,Full,RandomForest,1,1,0.996625078586968,1
3156,RCN09282,1209-PF-VN-IMPEQN-GENRE,Vietnam,Full,RandomForest,1,0,0.35633051776859703,0
3157,RCN09283,1209-PF-VN-IMPEQN-GENRE,Vietnam,Full,RandomForest,1,1,0.9838318155365505,1
3158,RCN09284,1209-PF-VN-IMPEQN-GENRE,Vietnam,Full,RandomForest,1,1,0.999256459225219,1
3159,RCN09285,1209-PF-VN-IMPEQN-GENRE,Vietnam,Full,RandomForest,1,1,0.29781458177149495,0
3160,RCN09286,1209-PF-VN-IMPEQN-GENRE,Vietnam,Full,RandomForest,1,0,0.03684247002705896,0
3601,RCN10143,1209-PF-VN-IMPEQN-GENRE,Vietnam,Full,RandomForest,1,0,0.1382113598557512,0
3602,RCN10145,1209-PF-VN-IMPEQN-GENRE,Vietnam,Full,RandomForest,1,0,0.40735250448959887,0
3603,RCN10151,1209-PF-VN-IMPEQN-GENRE,Vietnam,Full,RandomForest,1,1,0.9979860397042408,1
3604,RCN10159,1209-PF-VN-IMPEQN-GENRE,Vietnam,Full,RandomForest,1,1,0.9995650934414919,1
3605,RCN10162,1209-PF-VN-IMPEQN-GENRE,Vietnam,Full,RandomForest,1,0,0.6428880545827552,1
3606,RCN10167,1209-PF-VN-IMPEQN-GENRE,Vietnam,Full,RandomForest,1,1,0.88980934565409,1
3607,RCN10168,1209-PF-VN-IMPEQN-GENRE,Vietnam,Full,RandomForest,1,1,0.9753099684652736,1
3608,RCN10169,1209-PF-VN-IMPEQN-GENRE,Vietnam,Full,RandomForest,1,1,0.9801500663694579,1
3609,RCN10170,1209-PF-VN-IMPEQN-GENRE,Vietnam,Full,RandomForest,1,0,0.40160139197681166,0
3618,RCN10238,1209-PF-VN-IMPEQN-GENRE,Vietnam,Full,RandomForest,1,1,0.9840393272557771,1
3619,RCN10244,1209-PF-VN-IMPEQN-GENRE,Vietnam,Full,RandomForest,1,0,0.39999857116859494,0
3620,RCN10246,1209-PF-VN-IMPEQN-GENRE,Vietnam,Full,RandomForest,1,1,0.9820171092066662,1
3621,RCN10247,1209-PF-VN-IMPEQN-GENRE,Vietnam,Full,RandomForest,1,1,0.9977286733566975,1
3622,RCN10250,1209-PF-VN-IMPEQN-GENRE,Vietnam,Full,RandomForest,1,1,0.9955358468539229,1
3623,RCN10252,1209-PF-VN-IMPEQN-GENRE,Vietnam,Full,RandomForest,1,1,0.9752912299757207,1
3624,RCN10254,1209-PF-VN-IMPEQN-GENRE,Vietnam,Full,RandomForest,1,1,0.9840393272557771,1
3625,RCN10256,1209-PF-VN-IMPEQN-GENRE,Vietnam,Full,RandomForest,1,1,0.9581904669311051,1
3626,RCN10268,1209-PF-VN-IMPEQN-GENRE,Vietnam,Full,RandomForest,1,1,0.9796045471827791,1
3627,RCN10286,1209-PF-VN-IMPEQN-GENRE,Vietnam,Full,RandomForest,1,1,0.813465245475522,1
3628,RCN10290,1209-PF-VN-IMPEQN-GENRE,Vietnam,Full,RandomForest,1,1,0.9995650934414919,1
3629,RCN10291,1209-PF-VN-IMPEQN-GENRE,Vietnam,Full,RandomForest,1,1,0.9975419198509691,1
3630,RCN10292,1209-PF-VN-IMPEQN-GENRE,Vietnam,Full,RandomForest,1,1,0.9903257585381947,1
3631,RCN10293,1209-PF-VN-IMPEQN-GENRE,Vietnam,Full,RandomForest,1,1,0.9970433135444648,1
3632,RCN10296,1209-PF-VN-IMPEQN-GENRE,Vietnam,Full,RandomForest,1,1,0.9956662256834784,1
3633,RCN10297,1209-PF-VN-IMPEQN-GENRE,Vietnam,Full,RandomForest,1,1,0.9976434193852416,1
3634,RCN10298,1209-PF-VN-IMPEQN-GENRE,Vietnam,Full,RandomForest,1,1,0.9994441125932282,1
3635,RCN10299,1209-PF-VN-IMPEQN-GENRE,Vietnam,Full,RandomForest,1,1,0.44764008807610844,0
3636,RCN10300,1209-PF-VN-IMPEQN-GENRE,Vietnam,Full,RandomForest,1,1,0.9980617716166088,1
3637,RCN10305,1209-PF-VN-IMPEQN-GENRE,Vietnam,Full,RandomForest,1,1,0.9968820539780413,1
3638,RCN10306,1209-PF-VN-IMPEQN-GENRE,Vietnam,Full,RandomForest,1,1,0.9976434193852416,1
3639,RCN10307,1209-PF-VN-IMPEQN-GENRE,Vietnam,Full,RandomForest,1,1,0.9966069841268815,1
3640,RCN10308,1209-PF-VN-IMPEQN-GENRE,Vietnam,Full,RandomForest,1,1,0.9808298546363765,1
3641,RCN10309,1209-PF-VN-IMPEQN-GENRE,Vietnam,Full,RandomForest,1,1,0.9995650934414919,1
3642,RCN10311,1209-PF-VN-IMPEQN-GENRE,Vietnam,Full,RandomForest,1,1,0.998953526368945,1
3643,RCN10312,1209-PF-VN-IMPEQN-GENRE,Vietnam,Full,RandomForest,1,1,0.9854398646049447,1
3644,RCN10313,1209-PF-VN-IMPEQN-GENRE,Vietnam,Full,RandomForest,1,1,0.9995650934414919,1
3645,RCN10315,1209-PF-VN-IMPEQN-GENRE,Vietnam,Full,RandomForest,1,1,0.9896510212651148,1
3646,RCN10316,1209-PF-VN-IMPEQN-GENRE,Vietnam,Full,RandomForest,1,1,0.9931138323762694,1
3647,RCN10317,1209-PF-VN-IMPEQN-GENRE,Vietnam,Full,RandomForest,1,1,0.9983637527184412,1
3648,RCN10318,1209-PF-VN-IMPEQN-GENRE,Vietnam,Full,RandomForest,1,1,0.9976434193852416,1
3649,RCN10319,1209-PF-VN-IMPEQN-GENRE,Vietnam,Full,RandomForest,1,1,0.8648289074621335,1
3650,RCN10320,1209-PF-VN-IMPEQN-GENRE,Vietnam,Full,RandomForest,1,1,0.9976434193852416,1
3651,RCN10321,1209-PF-VN-IMPEQN-GENRE,Vietnam,Full,RandomForest,1,1,0.9984406683378559,1
3652,RCN10322,1209-PF-VN-IMPEQN-GENRE,Vietnam,Full,RandomForest,1,1,0.9995650934414919,1
3653,RCN10323,1209-PF-VN-IMPEQN-GENRE,Vietnam,Full,RandomForest,1,1,0.9995650934414919,1
3654,RCN10324,1209-PF-VN-IMPEQN-GENRE,Vietnam,Full,RandomForest,1,1,0.9995650934414919,1
3655,RCN10325,1209-PF-VN-IMPEQN-GENRE,Vietnam,Full,RandomForest,1,1,0.9837712767726426,1
3656,RCN10330,1209-PF-VN-IMPEQN-GENRE,Vietnam,Full,RandomForest,1,1,0.9956662256834784,1
3657,RCN10332,1209-PF-VN-IMPEQN-GENRE,Vietnam,Full,RandomForest,1,0,0.3207969785021797,0
3658,RCN10333,1209-PF-VN-IMPEQN-GENRE,Vietnam,Full,RandomForest,1,1,0.981107881849796,1
3659,RCN10337,1209-PF-VN-IMPEQN-GENRE,Vietnam,Full,RandomForest,1,1,0.9995650934414919,1
3660,RCN10338,1209-PF-VN-IMPEQN-GENRE,Vietnam,Full,RandomForest,1,1,0.20010774468210882,0
3661,RCN10339,1209-PF-VN-IMPEQN-GENRE,Vietnam,Full,RandomForest,1,0,0.003401375781047913,0
3662,RCN10340,1209-PF-VN-IMPEQN-GENRE,Vietnam,Full,RandomForest,1,0,0.003401375781047913,0
3663,RCN10341,1209-PF-VN-IMPEQN-GENRE,Vietnam,Full,RandomForest,1,0,0.003636636755768236,0
3664,RCN10345,1209-PF-VN-IMPEQN-GENRE,Vietnam,Full,RandomForest,1,1,0.9995650934414919,1
3665,RCN10346,1209-PF-VN-IMPEQN-GENRE,Vietnam,Full,RandomForest,1,1,0.9995650934414919,1
3666,RCN10347,1209-PF-VN-IMPEQN-GENRE,Vietnam,Full,RandomForest,1,0,0.3964735993047831,0
3667,RCN10348,1209-PF-VN-IMPEQN-GENRE,Vietnam,Full,RandomForest,1,1,0.9730149750889323,1
3668,RCN10349,1209-PF-VN-IMPEQN-GENRE,Vietnam,Full,RandomForest,1,0,0.17971881945188206,0
3669,RCN10350,1209-PF-VN-IMPEQN-GENRE,Vietnam,Full,RandomForest,1,1,0.9994441125932282,1
3670,RCN10351,1209-PF-VN-IMPEQN-GENRE,Vietnam,Full,RandomForest,1,1,0.9793727808393266,1
3671,RCN10352,1209-PF-VN-IMPEQN-GENRE,Vietnam,Full,RandomForest,1,1,0.9730149750889323,1
3672,RCN10353,1209-PF-VN-IMPEQN-GENRE,Vietnam,Full,RandomForest,1,1,0.999529366564684,1
3673,RCN10354,1209-PF-VN-IMPEQN-GENRE,Vietnam,Full,RandomForest,1,1,0.9983637527184412,1
3674,RCN10356,1209-PF-VN-IMPEQN-GENRE,Vietnam,Full,RandomForest,1,0,0.4079197310268298,0
3675,RCN10357,1209-PF-VN-IMPEQN-GENRE,Vietnam,Full,RandomForest,1,0,0.519867437797037,1
3676,RCN10362,1209-PF-VN-IMPEQN-GENRE,Vietnam,Full,RandomForest,1,1,0.48235416435213424,0
3677,RCN10363,1209-PF-VN-IMPEQN-GENRE,Vietnam,Full,RandomForest,1,1,0.9930019926213142,1
3678,RCN10364,1209-PF-VN-IMPEQN-GENRE,Vietnam,Full,RandomForest,1,1,0.9930019926213142,1
3679,RCN10365,1209-PF-VN-IMPEQN-GENRE,Vietnam,Full,RandomForest,1,1,0.9930019926213142,1
3680,RCN10370,1209-PF-VN-IMPEQN-GENRE,Vietnam,Full,RandomForest,1,1,0.9976434193852416,1
3681,RCN10372,1209-PF-VN-IMPEQN-GENRE,Vietnam,Full,RandomForest,1,0,0.4945394741864282,0
3682,RCN10373,1209-PF-VN-IMPEQN-GENRE,Vietnam,Full,RandomForest,1,1,0.8359048083884631,1
3683,RCN10377,1209-PF-VN-IMPEQN-GENRE,Vietnam,Full,RandomForest,1,1,0.9976434193852416,1
3684,RCN10379,1209-PF-VN-IMPEQN-GENRE,Vietnam,Full,RandomForest,1,1,0.9976434193852416,1
3685,RCN10380,1209-PF-VN-IMPEQN-GENRE,Vietnam,Full,RandomForest,1,0,0.20156317226775378,0
3686,RCN10381,1209-PF-VN-IMPEQN-GENRE,Vietnam,Full,RandomForest,1,1,0.9976434193852416,1
3687,RCN10382,1209-PF-VN-IMPEQN-GENRE,Vietnam,Full,RandomForest,1,1,0.9976434193852416,1
3688,RCN10384,1209-PF-VN-IMPEQN-GENRE,Vietnam,Full,RandomForest,1,1,0.9994441125932282,1
3689,RCN10385,1209-PF-VN-IMPEQN-GENRE,Vietnam,Full,RandomForest,1,0,0.008352550946008274,0
3690,RCN10386,1209-PF-VN-IMPEQN-GENRE,Vietnam,Full,RandomForest,1,1,0.9514890836764383,1
3691,RCN10387,1209-PF-VN-IMPEQN-GENRE,Vietnam,Full,RandomForest,1,1,0.9532981882219829,1
3692,RCN10388,1209-PF-VN-IMPEQN-GENRE,Vietnam,Full,RandomForest,1,0,0.8169580248290573,1
3693,RCN10390,1209-PF-VN-IMPEQN-GENRE,Vietnam,Full,RandomForest,1,0,0.7474309619616519,1
3694,RCN10391,1209-PF-VN-IMPEQN-GENRE,Vietnam,Full,RandomForest,1,1,0.9995650934414919,1
3695,RCN10392,1209-PF-VN-IMPEQN-GENRE,Vietnam,Full,RandomForest,1,0,0.008949508675716231,0
3696,RCN10393,1209-PF-VN-IMPEQN-GENRE,Vietnam,Full,RandomForest,1,0,0.008949508675716231,0
3697,RCN10396,1209-PF-VN-IMPEQN-GENRE,Vietnam,Full,RandomForest,1,1,0.9976434193852416,1
3698,RCN10397,1209-PF-VN-IMPEQN-GENRE,Vietnam,Full,RandomForest,1,1,0.9975419198509691,1
3699,RCN10398,1209-PF-VN-IMPEQN-GENRE,Vietnam,Full,RandomForest,1,1,0.9840305786854864,1
3700,RCN10399,1209-PF-VN-IMPEQN-GENRE,Vietnam,Full,RandomForest,1,0,0.008949508675716231,0
3701,RCN10400,1209-PF-VN-IMPEQN-GENRE,Vietnam,Full,RandomForest,1,0,0.009215099303747863,0
3702,RCN10401,1209-PF-VN-IMPEQN-GENRE,Vietnam,Full,RandomForest,1,0,0.404895671985706,0
3703,RCN10402,1209-PF-VN-IMPEQN-GENRE,Vietnam,Full,RandomForest,1,0,0.008949508675716231,0
3704,RCN10405,1209-PF-VN-IMPEQN-GENRE,Vietnam,Full,RandomForest,1,1,0.025973073178197244,0
3705,RCN10406,1209-PF-VN-IMPEQN-GENRE,Vietnam,Full,RandomForest,1,0,0.8928457376214481,1
3706,RCN10689,1209-PF-VN-IMPEQN-GENRE,Vietnam,Full,RandomForest,1,1,0.999529366564684,1
3707,RCN10690,1209-PF-VN-IMPEQN-GENRE,Vietnam,Full,RandomForest,1,1,0.9995650934414919,1
3708,RCN10691,1209-PF-VN-IMPEQN-GENRE,Vietnam,Full,RandomForest,1,0,0.03496015502507193,0
3709,RCN10692,1209-PF-VN-IMPEQN-GENRE,Vietnam,Full,RandomForest,1,1,0.9976434193852416,1
3710,RCN10693,1209-PF-VN-IMPEQN-GENRE,Vietnam,Full,RandomForest,1,1,0.9387389388026547,1
3711,RCN10694,1209-PF-VN-IMPEQN-GENRE,Vietnam,Full,RandomForest,1,1,0.9387389388026547,1
3712,RCN10695,1209-PF-VN-IMPEQN-GENRE,Vietnam,Full,RandomForest,1,1,0.9698413587641468,1
3713,RCN10696,1209-PF-VN-IMPEQN-GENRE,Vietnam,Full,RandomForest,1,1,0.9086178201265568,1
3714,RCN10697,1209-PF-VN-IMPEQN-GENRE,Vietnam,Full,RandomForest,1,1,0.9976434193852416,1
3715,RCN10699,1209-PF-VN-IMPEQN-GENRE,Vietnam,Full,RandomForest,1,1,0.9387389388026547,1
3716,RCN10703,1209-PF-VN-IMPEQN-GENRE,Vietnam,Full,RandomForest,1,1,0.9995650934414919,1
3717,RCN10706,1209-PF-VN-IMPEQN-GENRE,Vietnam,Full,RandomForest,1,1,0.9976434193852416,1
3718,RCN10709,1209-PF-VN-IMPEQN-GENRE,Vietnam,Full,RandomForest,1,1,0.7108766427452157,1
3719,RCN10710,1209-PF-VN-IMPEQN-GENRE,Vietnam,Full,RandomForest,1,1,0.9660000308341407,1
3720,RCN10712,1209-PF-VN-IMPEQN-GENRE,Vietnam,Full,RandomForest,1,1,0.9156560236788198,1
3721,RCN10715,1209-PF-VN-IMPEQN-GENRE,Vietnam,Full,RandomForest,1,0,0.40160139197681166,0
3722,RCN10716,1209-PF-VN-IMPEQN-GENRE,Vietnam,Full,RandomForest,1,0,0.5823618281059703,1
3723,RCN10717,1209-PF-VN-IMPEQN-GENRE,Vietnam,Full,RandomForest,1,0,0.6490919443837432,1
3724,RCN10718,1209-PF-VN-IMPEQN-GENRE,Vietnam,Full,RandomForest,1,0,0.546939057569341,1
3725,RCN10719,1209-PF-VN-IMPEQN-GENRE,Vietnam,Full,RandomForest,1,0,0.5183714999872682,1
3726,RCN10720,1209-PF-VN-IMPEQN-GENRE,Vietnam,Full,RandomForest,1,0,0.5183714999872682,1
3727,RCN10721,1209-PF-VN-IMPEQN-GENRE,Vietnam,Full,RandomForest,1,0,0.5183714999872682,1
3728,RCN10722,1209-PF-VN-IMPEQN-GENRE,Vietnam,Full,RandomForest,1,1,0.9160056625024157,1
3729,RCN10723,1209-PF-VN-IMPEQN-GENRE,Vietnam,Full,RandomForest,1,1,0.9319246763287914,1
3730,RCN10724,1209-PF-VN-IMPEQN-GENRE,Vietnam,Full,RandomForest,1,1,0.9475940677970786,1
3731,RCN10725,1209-PF-VN-IMPEQN-GENRE,Vietnam,Full,RandomForest,1,1,0.9903260125725539,1
3732,RCN10726,1209-PF-VN-IMPEQN-GENRE,Vietnam,Full,RandomForest,1,1,0.9876302267802032,1
3733,RCN10727,1209-PF-VN-IMPEQN-GENRE,Vietnam,Full,RandomForest,1,1,0.9903260125725539,1
3734,RCN10728,1209-PF-VN-IMPEQN-GENRE,Vietnam,Full,RandomForest,1,1,0.9521955117573433,1
3735,RCN10729,1209-PF-VN-IMPEQN-GENRE,Vietnam,Full,RandomForest,1,1,0.9142560865715906,1
3736,RCN10730,1209-PF-VN-IMPEQN-GENRE,Vietnam,Full,RandomForest,1,1,0.9988127230175465,1
3737,RCN10731,1209-PF-VN-IMPEQN-GENRE,Vietnam,Full,RandomForest,1,0,0.39999857116859494,0
3738,RCN10732,1209-PF-VN-IMPEQN-GENRE,Vietnam,Full,RandomForest,1,0,0.39999857116859494,0
3739,RCN10733,1209-PF-VN-IMPEQN-GENRE,Vietnam,Full,RandomForest,1,1,0.9698413587641468,1
3740,RCN10734,1209-PF-VN-IMPEQN-GENRE,Vietnam,Full,RandomForest,1,1,0.9446337538975272,1
3741,RCN10735,1209-PF-VN-IMPEQN-GENRE,Vietnam,Full,RandomForest,1,1,0.999529366564684,1
3742,RCN10736,1209-PF-VN-IMPEQN-GENRE,Vietnam,Full,RandomForest,1,1,0.9976434193852416,1
3743,RCN10737,1209-PF-VN-IMPEQN-GENRE,Vietnam,Full,RandomForest,1,1,0.9387389388026547,1
3744,RCN10738,1209-PF-VN-IMPEQN-GENRE,Vietnam,Full,RandomForest,1,1,0.9931609321351863,1
3745,RCN10741,1209-PF-VN-IMPEQN-GENRE,Vietnam,Full,RandomForest,1,1,0.9994441125932282,1
3746,RCN10742,1209-PF-VN-IMPEQN-GENRE,Vietnam,Full,RandomForest,1,1,0.999529366564684,1
3747,RCN10743,1209-PF-VN-IMPEQN-GENRE,Vietnam,Full,RandomForest,1,1,0.9801500663694579,1
3748,RCN10744,1209-PF-VN-IMPEQN-GENRE,Vietnam,Full,RandomForest,1,1,0.9979860397042408,1
3749,RCN10745,1209-PF-VN-IMPEQN-GENRE,Vietnam,Full,RandomForest,1,1,0.9994441125932282,1
3750,RCN10746,1209-PF-VN-IMPEQN-GENRE,Vietnam,Full,RandomForest,1,1,0.788868147335473,1
3751,RCN10752,1209-PF-VN-IMPEQN-GENRE,Vietnam,Full,RandomForest,1,1,0.8107012168937092,1
3752,RCN10761,1209-PF-VN-IMPEQN-GENRE,Vietnam,Full,RandomForest,1,1,0.9975419198509691,1
3753,RCN10762,1209-PF-VN-IMPEQN-GENRE,Vietnam,Full,RandomForest,1,1,0.999529366564684,1
3754,RCN10764,1209-PF-VN-IMPEQN-GENRE,Vietnam,Full,RandomForest,1,1,0.9988127230175465,1
3755,RCN10766,1209-PF-VN-IMPEQN-GENRE,Vietnam,Full,RandomForest,1,0,0.003949086378143838,0
3756,RCN10768,1209-PF-VN-IMPEQN-GENRE,Vietnam,Full,RandomForest,1,0,0.0037171579906837256,0
3757,RCN10769,1209-PF-VN-IMPEQN-GENRE,Vietnam,Full,RandomForest,1,0,0.009000856079677766,0
3758,RCN10770,1209-PF-VN-IMPEQN-GENRE,Vietnam,Full,RandomForest,1,1,0.816411048097537,1
3759,RCN10772,1209-PF-VN-IMPEQN-GENRE,Vietnam,Full,RandomForest,1,0,0.0048364214289935235,0
3760,RCN10773,1209-PF-VN-IMPEQN-GENRE,Vietnam,Full,RandomForest,1,1,0.7980382472766858,1
3761,RCN10774,1209-PF-VN-IMPEQN-GENRE,Vietnam,Full,RandomForest,1,1,0.7175301933668866,1
3762,RCN10776,1209-PF-VN-IMPEQN-GENRE,Vietnam,Full,RandomForest,1,0,0.01324629470189444,0
3763,RCN10777,1209-PF-VN-IMPEQN-GENRE,Vietnam,Full,RandomForest,1,0,0.02536624787761582,0
3764,RCN10779,1209-PF-VN-IMPEQN-GENRE,Vietnam,Full,RandomForest,1,0,0.012308316629767448,0
3765,RCN10780,1209-PF-VN-IMPEQN-GENRE,Vietnam,Full,RandomForest,1,0,0.026627373051603818,0
3766,RCN10782,1209-PF-VN-IMPEQN-GENRE,Vietnam,Full,RandomForest,1,0,0.0057243343675454075,0
3767,RCN10785,1209-PF-VN-IMPEQN-GENRE,Vietnam,Full,RandomForest,1,1,0.7980382472766858,1
3768,RCN10786,1209-PF-VN-IMPEQN-GENRE,Vietnam,Full,RandomForest,1,1,0.8012589467095781,1
3769,RCN10788,1209-PF-VN-IMPEQN-GENRE,Vietnam,Full,RandomForest,1,0,0.009000856079677766,0
3770,RCN10789,1209-PF-VN-IMPEQN-GENRE,Vietnam,Full,RandomForest,1,0,0.0033721918133534606,0
3771,RCN10790,1209-PF-VN-IMPEQN-GENRE,Vietnam,Full,RandomForest,1,0,0.14136893615748106,0
3772,RCN10792,1209-PF-VN-IMPEQN-GENRE,Vietnam,Full,RandomForest,1,0,0.002448527538138068,0
3773,RCN10794,1209-PF-VN-IMPEQN-GENRE,Vietnam,Full,RandomForest,1,1,0.8012589467095781,1
3774,RCN11011,1209-PF-VN-IMPEQN-GENRE,Vietnam,Full,RandomForest,1,0,0.34020163626137717,0
3775,RCN11012,1209-PF-VN-IMPEQN-GENRE,Vietnam,Full,RandomForest,1,1,0.9975419198509691,1
3776,RCN11013,1209-PF-VN-IMPEQN-GENRE,Vietnam,Full,RandomForest,1,0,0.34020163626137717,0
3777,RCN11014,1209-PF-VN-IMPEQN-GENRE,Vietnam,Full,RandomForest,1,1,0.999529366564684,1
3778,RCN11015,1209-PF-VN-IMPEQN-GENRE,Vietnam,Full,RandomForest,1,1,0.9975419198509691,1
3779,RCN11016,1209-PF-VN-IMPEQN-GENRE,Vietnam,Full,RandomForest,1,1,0.999529366564684,1
3780,RCN11017,1209-PF-VN-IMPEQN-GENRE,Vietnam,Full,RandomForest,1,1,0.8459752910489928,1
3781,RCN11018,1209-PF-VN-IMPEQN-GENRE,Vietnam,Full,RandomForest,1,1,0.9979860397042408,1
3782,RCN11019,1209-PF-VN-IMPEQN-GENRE,Vietnam,Full,RandomForest,1,1,0.9963236349777049,1
3783,RCN11020,1209-PF-VN-IMPEQN-GENRE,Vietnam,Full,RandomForest,1,1,0.9977286733566975,1
3784,RCN11021,1209-PF-VN-IMPEQN-GENRE,Vietnam,Full,RandomForest,1,1,0.999529366564684,1
3785,RCN11022,1209-PF-VN-IMPEQN-GENRE,Vietnam,Full,RandomForest,1,1,0.8768393093484711,1
3786,RCN11023,1209-PF-VN-IMPEQN-GENRE,Vietnam,Full,RandomForest,1,1,0.9717355703278046,1
3787,RCN11024,1209-PF-VN-IMPEQN-GENRE,Vietnam,Full,RandomForest,1,1,0.8515514588304093,1
3788,RCN11025,1209-PF-VN-IMPEQN-GENRE,Vietnam,Full,RandomForest,1,0,0.3374094015797112,0
3789,RCN11026,1209-PF-VN-IMPEQN-GENRE,Vietnam,Full,RandomForest,1,1,0.9976434193852416,1
3790,RCN11027,1209-PF-VN-IMPEQN-GENRE,Vietnam,Full,RandomForest,1,1,0.859013934481854,1
3791,RCN11029,1209-PF-VN-IMPEQN-GENRE,Vietnam,Full,RandomForest,1,1,0.8637034204478283,1
3792,RCN11030,1209-PF-VN-IMPEQN-GENRE,Vietnam,Full,RandomForest,1,1,0.9994441125932282,1
3793,RCN11032,1209-PF-VN-IMPEQN-GENRE,Vietnam,Full,RandomForest,1,1,0.9930019926213142,1
3794,RCN11034,1209-PF-VN-IMPEQN-GENRE,Vietnam,Full,RandomForest,1,1,0.754155988071692,1
3795,RCN11036,1209-PF-VN-IMPEQN-GENRE,Vietnam,Full,RandomForest,1,1,0.9981115178320529,1
3796,RCN11038,1209-PF-VN-IMPEQN-GENRE,Vietnam,Full,RandomForest,1,0,0.8668869906111821,1
3797,RCN11040,1209-PF-VN-IMPEQN-GENRE,Vietnam,Full,RandomForest,1,1,0.9976434193852416,1
3798,RCN11042,1209-PF-VN-IMPEQN-GENRE,Vietnam,Full,RandomForest,1,1,0.9994441125932282,1
3799,RCN11043,1209-PF-VN-IMPEQN-GENRE,Vietnam,Full,RandomForest,1,1,0.9762356745218246,1
3800,RCN11045,1209-PF-VN-IMPEQN-GENRE,Vietnam,Full,RandomForest,1,1,0.9975419198509691,1
3801,RCN11048,1209-PF-VN-IMPEQN-GENRE,Vietnam,Full,RandomForest,1,1,0.999529366564684,1
3802,RCN11049,1209-PF-VN-IMPEQN-GENRE,Vietnam,Full,RandomForest,1,1,0.9319246763287914,1
3803,RCN11050,1209-PF-VN-IMPEQN-GENRE,Vietnam,Full,RandomForest,1,1,0.9702734112418352,1
3804,RCN11054,1209-PF-VN-IMPEQN-GENRE,Vietnam,Full,RandomForest,1,1,0.9997198292303541,1
3805,RCN11056,1209-PF-VN-IMPEQN-GENRE,Vietnam,Full,RandomForest,1,1,0.9997198292303541,1
3806,RCN11058,1209-PF-VN-IMPEQN-GENRE,Vietnam,Full,RandomForest,1,1,0.9995988483820903,1
3807,RCN11062,1209-PF-VN-IMPEQN-GENRE,Vietnam,Full,RandomForest,1,1,0.9981115178320529,1
3808,RCN11063,1209-PF-VN-IMPEQN-GENRE,Vietnam,Full,RandomForest,1,1,0.9981115178320529,1
3809,RCN11067,1209-PF-VN-IMPEQN-GENRE,Vietnam,Full,RandomForest,1,1,0.9921936430774274,1
3810,RCN11070,1209-PF-VN-IMPEQN-GENRE,Vietnam,Full,RandomForest,1,1,0.9955649167712695,1
3811,RCN11071,1209-PF-VN-IMPEQN-GENRE,Vietnam,Full,RandomForest,1,1,0.9976902614166713,1
3812,RCN11072,1209-PF-VN-IMPEQN-GENRE,Vietnam,Full,RandomForest,1,1,0.8808235238249563,1
3813,RCN11075,1209-PF-VN-IMPEQN-GENRE,Vietnam,Full,RandomForest,1,1,0.999529366564684,1
3814,RCN11077,1209-PF-VN-IMPEQN-GENRE,Vietnam,Full,RandomForest,1,1,0.998979363664291,1
3815,RCN11080,1209-PF-VN-IMPEQN-GENRE,Vietnam,Full,RandomForest,1,1,0.996539824615512,1
3816,RCN11081,1209-PF-VN-IMPEQN-GENRE,Vietnam,Full,RandomForest,1,1,0.9994441125932282,1
3817,RCN11085,1209-PF-VN-IMPEQN-GENRE,Vietnam,Full,RandomForest,1,1,0.9360882721270459,1
3818,RCN11086,1209-PF-VN-IMPEQN-GENRE,Vietnam,Full,RandomForest,1,1,0.9954826428137298,1
3819,RCN11088,1209-PF-VN-IMPEQN-GENRE,Vietnam,Full,RandomForest,1,0,0.3258291552614797,0
3820,RCN11089,1209-PF-VN-IMPEQN-GENRE,Vietnam,Full,RandomForest,1,1,0.8313956449715046,1
3821,RCN11094,1209-PF-VN-IMPEQN-GENRE,Vietnam,Full,RandomForest,1,1,0.9998835480766692,1
3822,RCN11096,1209-PF-VN-IMPEQN-GENRE,Vietnam,Full,RandomForest,1,1,0.9941369466004685,1
3823,RCN11104,1209-PF-VN-IMPEQN-GENRE,Vietnam,Full,RandomForest,1,1,0.9997198292303541,1
3824,RCN11105,1209-PF-VN-IMPEQN-GENRE,Vietnam,Full,RandomForest,1,1,0.996917361021119,1
3825,RCN11106,1209-PF-VN-IMPEQN-GENRE,Vietnam,Full,RandomForest,1,1,0.9702734112418352,1
3826,RCN11107,1209-PF-VN-IMPEQN-GENRE,Vietnam,Full,RandomForest,1,1,0.999609725090953,1
3827,RCN11108,1209-PF-VN-IMPEQN-GENRE,Vietnam,Full,RandomForest,1,1,0.9988869248323055,1
3828,RCN11109,1209-PF-VN-IMPEQN-GENRE,Vietnam,Full,RandomForest,1,1,0.20131866837719353,0
3829,RCN11110,1209-PF-VN-IMPEQN-GENRE,Vietnam,Full,RandomForest,1,1,0.9994441125932282,1
3830,RCN11111,1209-PF-VN-IMPEQN-GENRE,Vietnam,Full,RandomForest,1,1,0.9989628225992321,1
3831,RCN11112,1209-PF-VN-IMPEQN-GENRE,Vietnam,Full,RandomForest,1,1,0.9387389388026547,1
3832,RCN11114,1209-PF-VN-IMPEQN-GENRE,Vietnam,Full,RandomForest,1,1,0.6747024978291774,1
3833,RCN11115,1209-PF-VN-IMPEQN-GENRE,Vietnam,Full,RandomForest,1,1,0.6103219276788784,1
3834,RCN11118,1209-PF-VN-IMPEQN-GENRE,Vietnam,Full,RandomForest,1,0,0.4120355678567689,0
3835,RCN11119,1209-PF-VN-IMPEQN-GENRE,Vietnam,Full,RandomForest,1,1,0.9812215979615828,1
3836,RCN11121,1209-PF-VN-IMPEQN-GENRE,Vietnam,Full,RandomForest,1,1,0.9976434193852416,1
3837,RCN11122,1209-PF-VN-IMPEQN-GENRE,Vietnam,Full,RandomForest,1,1,0.9903260125725539,1
3838,RCN11123,1209-PF-VN-IMPEQN-GENRE,Vietnam,Full,RandomForest,1,0,0.609627366134364,1
3839,RCN11124,1209-PF-VN-IMPEQN-GENRE,Vietnam,Full,RandomForest,1,1,0.9994441125932282,1
3840,RCN11125,1209-PF-VN-IMPEQN-GENRE,Vietnam,Full,RandomForest,1,1,0.9975419198509691,1
3841,RCN11126,1209-PF-VN-IMPEQN-GENRE,Vietnam,Full,RandomForest,1,1,0.9985954041267181,1
3842,RCN11127,1209-PF-VN-IMPEQN-GENRE,Vietnam,Full,RandomForest,1,1,0.935524734388754,1
3843,RCN11128,1209-PF-VN-IMPEQN-GENRE,Vietnam,Full,RandomForest,1,1,0.9981115178320529,1
3844,RCN11129,1209-PF-VN-IMPEQN-GENRE,Vietnam,Full,RandomForest,1,1,0.93260176143379,1
3845,RCN11131,1209-PF-VN-IMPEQN-GENRE,Vietnam,Full,RandomForest,1,1,0.9867632609425318,1
3846,RCN11133,1209-PF-VN-IMPEQN-GENRE,Vietnam,Full,RandomForest,1,1,0.999529366564684,1
3847,RCN11134,1209-PF-VN-IMPEQN-GENRE,Vietnam,Full,RandomForest,1,1,0.975442093711133,1
3848,RCN11135,1209-PF-VN-IMPEQN-GENRE,Vietnam,Full,RandomForest,1,1,0.9962234131603358,1
3849,RCN11136,1209-PF-VN-IMPEQN-GENRE,Vietnam,Full,RandomForest,1,1,0.999529366564684,1
3850,RCN11137,1209-PF-VN-IMPEQN-GENRE,Vietnam,Full,RandomForest,1,1,0.9994441125932282,1
3851,RCN11138,1209-PF-VN-IMPEQN-GENRE,Vietnam,Full,RandomForest,1,1,0.975442093711133,1
3852,RCN11139,1209-PF-VN-IMPEQN-GENRE,Vietnam,Full,RandomForest,1,1,0.9976434193852416,1
3853,RCN11141,1209-PF-VN-IMPEQN-GENRE,Vietnam,Full,RandomForest,1,1,0.999609725090953,1
3854,RCN11143,1209-PF-VN-IMPEQN-GENRE,Vietnam,Full,RandomForest,1,1,0.9995988483820903,1
3855,RCN11144,1209-PF-VN-IMPEQN-GENRE,Vietnam,Full,RandomForest,1,1,0.9981967718035087,1
3856,RCN11145,1209-PF-VN-IMPEQN-GENRE,Vietnam,Full,RandomForest,1,1,0.7342307455122747,1
3857,RCN11146,1209-PF-VN-IMPEQN-GENRE,Vietnam,Full,RandomForest,1,1,0.9837712767726426,1
3858,RCN11147,1209-PF-VN-IMPEQN-GENRE,Vietnam,Full,RandomForest,1,1,0.9975419198509691,1
3859,RCN11150,1209-PF-VN-IMPEQN-GENRE,Vietnam,Full,RandomForest,1,1,0.9983637527184412,1
3860,RCN11151,1209-PF-VN-IMPEQN-GENRE,Vietnam,Full,RandomForest,1,1,0.9994441125932282,1
3861,RCN11152,1209-PF-VN-IMPEQN-GENRE,Vietnam,Full,RandomForest,1,1,0.9994441125932282,1
3862,RCN11153,1209-PF-VN-IMPEQN-GENRE,Vietnam,Full,RandomForest,1,1,0.999529366564684,1
3863,RCN11154,1209-PF-VN-IMPEQN-GENRE,Vietnam,Full,RandomForest,1,1,0.9976434193852416,1
3864,RCN11155,1209-PF-VN-IMPEQN-GENRE,Vietnam,Full,RandomForest,1,1,0.9994441125932282,1
3865,RCN11156,1209-PF-VN-IMPEQN-GENRE,Vietnam,Full,RandomForest,1,1,0.9824535185945317,1
3866,RCN11158,1209-PF-VN-IMPEQN-GENRE,Vietnam,Full,RandomForest,1,1,0.9976434193852416,1
3867,RCN11159,1209-PF-VN-IMPEQN-GENRE,Vietnam,Full,RandomForest,1,1,0.9994441125932282,1
3868,RCN11160,1209-PF-VN-IMPEQN-GENRE,Vietnam,Full,RandomForest,1,1,0.9976434193852416,1
3869,RCN11161,1209-PF-VN-IMPEQN-GENRE,Vietnam,Full,RandomForest,1,1,0.9976434193852416,1
3870,RCN11162,1209-PF-VN-IMPEQN-GENRE,Vietnam,Full,RandomForest,1,1,0.9983637527184412,1
3871,RCN11163,1209-PF-VN-IMPEQN-GENRE,Vietnam,Full,RandomForest,1,1,0.8582768103584201,1
3872,RCN11164,1209-PF-VN-IMPEQN-GENRE,Vietnam,Full,RandomForest,1,1,0.9994441125932282,1
3873,RCN11165,1209-PF-VN-IMPEQN-GENRE,Vietnam,Full,RandomForest,1,1,0.9977286733566975,1
3874,RCN11166,1209-PF-VN-IMPEQN-GENRE,Vietnam,Full,RandomForest,1,1,0.999529366564684,1
3875,RCN11167,1209-PF-VN-IMPEQN-GENRE,Vietnam,Full,RandomForest,1,1,0.9976434193852416,1
3876,RCN11168,1209-PF-VN-IMPEQN-GENRE,Vietnam,Full,RandomForest,1,1,0.9838318155365505,1
3877,RCN11169,1209-PF-VN-IMPEQN-GENRE,Vietnam,Full,RandomForest,1,1,0.9994441125932282,1
3878,RCN11170,1209-PF-VN-IMPEQN-GENRE,Vietnam,Full,RandomForest,1,1,0.9606028487324824,1
3879,RCN11171,1209-PF-VN-IMPEQN-GENRE,Vietnam,Full,RandomForest,1,1,0.9860641398212106,1
3880,RCN11172,1209-PF-VN-IMPEQN-GENRE,Vietnam,Full,RandomForest,1,1,0.9976434193852416,1
3881,RCN11173,1209-PF-VN-IMPEQN-GENRE,Vietnam,Full,RandomForest,1,1,0.9995988483820903,1
3882,RCN11175,1209-PF-VN-IMPEQN-GENRE,Vietnam,Full,RandomForest,1,1,0.9977936597569906,1
3883,RCN11176,1209-PF-VN-IMPEQN-GENRE,Vietnam,Full,RandomForest,1,1,0.996275687879335,1
3884,RCN11177,1209-PF-VN-IMPEQN-GENRE,Vietnam,Full,RandomForest,1,1,0.9926811247212531,1
3885,RCN11178,1209-PF-VN-IMPEQN-GENRE,Vietnam,Full,RandomForest,1,1,0.9975419198509691,1
3886,RCN11179,1209-PF-VN-IMPEQN-GENRE,Vietnam,Full,RandomForest,1,1,0.9823181880910969,1
3887,RCN11181,1209-PF-VN-IMPEQN-GENRE,Vietnam,Full,RandomForest,1,1,0.9976434193852416,1
3888,RCN11182,1209-PF-VN-IMPEQN-GENRE,Vietnam,Full,RandomForest,1,1,0.9995988483820903,1
3889,RCN11183,1209-PF-VN-IMPEQN-GENRE,Vietnam,Full,RandomForest,1,1,0.9840305786854864,1
3890,RCN11184,1209-PF-VN-IMPEQN-GENRE,Vietnam,Full,RandomForest,1,1,0.9825680599291945,1
3891,RCN11185,1209-PF-VN-IMPEQN-GENRE,Vietnam,Full,RandomForest,1,1,0.9840305786854864,1
3892,RCN11186,1209-PF-VN-IMPEQN-GENRE,Vietnam,Full,RandomForest,1,1,0.9840305786854864,1
3893,RCN11187,1209-PF-VN-IMPEQN-GENRE,Vietnam,Full,RandomForest,1,1,0.9860641398212106,1
3894,RCN11189,1209-PF-VN-IMPEQN-GENRE,Vietnam,Full,RandomForest,1,1,0.8788127379852108,1
3895,RCN11190,1209-PF-VN-IMPEQN-GENRE,Vietnam,Full,RandomForest,1,1,0.9752912299757207,1
3896,RCN11191,1209-PF-VN-IMPEQN-GENRE,Vietnam,Full,RandomForest,1,0,0.6138444315739205,1
3897,RCN11192,1209-PF-VN-IMPEQN-GENRE,Vietnam,Full,RandomForest,1,1,0.98616114393837,1
3898,RCN11193,1209-PF-VN-IMPEQN-GENRE,Vietnam,Full,RandomForest,1,0,0.22632677374277965,0
3899,RCN11194,1209-PF-VN-IMPEQN-GENRE,Vietnam,Full,RandomForest,1,1,0.489757079170637,0
3900,RCN11195,1209-PF-VN-IMPEQN-GENRE,Vietnam,Full,RandomForest,1,1,0.13810077614292976,0
3901,RCN11196,1209-PF-VN-IMPEQN-GENRE,Vietnam,Full,RandomForest,1,1,0.13810077614292976,0
3902,RCN11197,1209-PF-VN-IMPEQN-GENRE,Vietnam,Full,RandomForest,1,0,0.14323153391839957,0
3903,RCN11208,1209-PF-VN-IMPEQN-GENRE,Vietnam,Full,RandomForest,1,0,0.165248638201705,0
3904,RCN11217,1209-PF-VN-IMPEQN-GENRE,Vietnam,Full,RandomForest,1,0,0.165248638201705,0
3905,RCN11221,1209-PF-VN-IMPEQN-GENRE,Vietnam,Full,RandomForest,1,0,0.30985195887447725,0
3906,RCN11222,1209-PF-VN-IMPEQN-GENRE,Vietnam,Full,RandomForest,1,1,0.9975419198509691,1
3907,RCN11223,1209-PF-VN-IMPEQN-GENRE,Vietnam,Full,RandomForest,1,1,0.9977286733566975,1
3908,RCN11224,1209-PF-VN-IMPEQN-GENRE,Vietnam,Full,RandomForest,1,1,0.9976434193852416,1
3909,RCN11225,1209-PF-VN-IMPEQN-GENRE,Vietnam,Full,RandomForest,1,1,0.9977286733566975,1
3910,RCN11228,1209-PF-VN-IMPEQN-GENRE,Vietnam,Full,RandomForest,1,1,0.9995650934414919,1
3911,RCN11229,1209-PF-VN-IMPEQN-GENRE,Vietnam,Full,RandomForest,1,1,0.9892108373218236,1
3912,RCN11230,1209-PF-VN-IMPEQN-GENRE,Vietnam,Full,RandomForest,1,1,0.8312014354644434,1
3913,RCN11231,1209-PF-VN-IMPEQN-GENRE,Vietnam,Full,RandomForest,1,1,0.9602301024918201,1
3914,RCN11232,1209-PF-VN-IMPEQN-GENRE,Vietnam,Full,RandomForest,1,1,0.9991569144072279,1
3915,RCN11233,1209-PF-VN-IMPEQN-GENRE,Vietnam,Full,RandomForest,1,1,0.9981115178320529,1
3916,RCN11234,1209-PF-VN-IMPEQN-GENRE,Vietnam,Full,RandomForest,1,1,0.9981115178320529,1
3917,RCN11235,1209-PF-VN-IMPEQN-GENRE,Vietnam,Full,RandomForest,1,0,0.7698941998815684,1
3918,RCN11236,1209-PF-VN-IMPEQN-GENRE,Vietnam,Full,RandomForest,1,0,0.018457478610076468,0
3919,RCN11237,1209-PF-VN-IMPEQN-GENRE,Vietnam,Full,RandomForest,1,0,0.008949508675716231,0
3920,RCN11238,1209-PF-VN-IMPEQN-GENRE,Vietnam,Full,RandomForest,1,0,0.008949508675716231,0
3921,RCN11239,1209-PF-VN-IMPEQN-GENRE,Vietnam,Full,RandomForest,1,0,0.008949508675716231,0
3922,RCN11240,1209-PF-VN-IMPEQN-GENRE,Vietnam,Full,RandomForest,1,0,0.7370913992480013,1
3923,RCN11241,1209-PF-VN-IMPEQN-GENRE,Vietnam,Full,RandomForest,1,0,0.7370913992480013,1
3924,RCN11242,1209-PF-VN-IMPEQN-GENRE,Vietnam,Full,RandomForest,1,0,0.7496650822173507,1
3925,RCN11243,1209-PF-VN-IMPEQN-GENRE,Vietnam,Full,RandomForest,1,0,0.8089135562446562,1
3926,RCN11244,1209-PF-VN-IMPEQN-GENRE,Vietnam,Full,RandomForest,1,0,0.7403120986808935,1
3927,RCN11245,1209-PF-VN-IMPEQN-GENRE,Vietnam,Full,RandomForest,1,0,0.008949508675716231,0
3928,RCN11246,1209-PF-VN-IMPEQN-GENRE,Vietnam,Full,RandomForest,1,1,0.9860641398212106,1
3929,RCN11247,1209-PF-VN-IMPEQN-GENRE,Vietnam,Full,RandomForest,1,0,0.012909261340188983,0
3930,RCN11248,1209-PF-VN-IMPEQN-GENRE,Vietnam,Full,RandomForest,1,0,0.728058206878817,1
3931,RCN11249,1209-PF-VN-IMPEQN-GENRE,Vietnam,Full,RandomForest,1,0,0.7188556440060947,1
3932,RCN11250,1209-PF-VN-IMPEQN-GENRE,Vietnam,Full,RandomForest,1,0,0.012261907317714722,0
3933,RCN11251,1209-PF-VN-IMPEQN-GENRE,Vietnam,Full,RandomForest,1,0,0.7607763371508175,1
3934,RCN11252,1209-PF-VN-IMPEQN-GENRE,Vietnam,Full,RandomForest,1,0,0.013735968341175755,0
3935,RCN11253,1209-PF-VN-IMPEQN-GENRE,Vietnam,Full,RandomForest,1,0,0.8777294754635041,1
3936,RCN11254,1209-PF-VN-IMPEQN-GENRE,Vietnam,Full,RandomForest,1,0,0.005473869005029488,0
3937,RCN11255,1209-PF-VN-IMPEQN-GENRE,Vietnam,Full,RandomForest,1,1,0.9995988483820903,1
3938,RCN11256,1209-PF-VN-IMPEQN-GENRE,Vietnam,Full,RandomForest,1,1,0.9995988483820903,1
3939,RCN11257,1209-PF-VN-IMPEQN-GENRE,Vietnam,Full,RandomForest,1,1,0.9360525452502381,1
3940,RCN11258,1209-PF-VN-IMPEQN-GENRE,Vietnam,Full,RandomForest,1,1,0.9995988483820903,1
3941,RCN11259,1209-PF-VN-IMPEQN-GENRE,Vietnam,Full,RandomForest,1,1,0.8068628913045831,1
3942,RCN11260,1209-PF-VN-IMPEQN-GENRE,Vietnam,Full,RandomForest,1,1,0.9977936597569906,1
3943,RCN11261,1209-PF-VN-IMPEQN-GENRE,Vietnam,Full,RandomForest,1,1,0.9930358120311245,1
3944,RCN11262,1209-PF-VN-IMPEQN-GENRE,Vietnam,Full,RandomForest,1,1,0.9663843614719599,1
3945,RCN11265,1209-PF-VN-IMPEQN-GENRE,Vietnam,Full,RandomForest,1,1,0.8909221558560246,1
3946,RCN11266,1209-PF-VN-IMPEQN-GENRE,Vietnam,Full,RandomForest,1,1,0.9997198292303541,1
3947,RCN11267,1209-PF-VN-IMPEQN-GENRE,Vietnam,Full,RandomForest,1,1,0.9876399777391051,1
3948,RCN11268,1209-PF-VN-IMPEQN-GENRE,Vietnam,Full,RandomForest,1,1,0.9548589986756774,1
3949,RCN11269,1209-PF-VN-IMPEQN-GENRE,Vietnam,Full,RandomForest,1,1,0.9995988483820903,1
3950,RCN11270,1209-PF-VN-IMPEQN-GENRE,Vietnam,Full,RandomForest,1,1,0.9842229323913818,1
3951,RCN11271,1209-PF-VN-IMPEQN-GENRE,Vietnam,Full,RandomForest,1,1,0.9637908592667407,1
3952,RCN11273,1209-PF-VN-IMPEQN-GENRE,Vietnam,Full,RandomForest,1,1,0.9954826428137298,1
3953,RCN11274,1209-PF-VN-IMPEQN-GENRE,Vietnam,Full,RandomForest,1,1,0.996917361021119,1
3954,RCN11275,1209-PF-VN-IMPEQN-GENRE,Vietnam,Full,RandomForest,1,1,0.9497757589538673,1
3955,RCN11276,1209-PF-VN-IMPEQN-GENRE,Vietnam,Full,RandomForest,1,1,0.8633189320332738,1
3956,RCN11277,1209-PF-VN-IMPEQN-GENRE,Vietnam,Full,RandomForest,1,1,0.6351859040468686,1
3957,RCN11278,1209-PF-VN-IMPEQN-GENRE,Vietnam,Full,RandomForest,1,1,0.9997198292303541,1
3958,RCN11282,1209-PF-VN-IMPEQN-GENRE,Vietnam,Full,RandomForest,1,0,0.39413975555210556,0
3959,RCN11283,1209-PF-VN-IMPEQN-GENRE,Vietnam,Full,RandomForest,1,1,0.9945426853860851,1
3960,RCN11284,1209-PF-VN-IMPEQN-GENRE,Vietnam,Full,RandomForest,1,1,0.9907318056020898,1
3961,RCN11285,1209-PF-VN-IMPEQN-GENRE,Vietnam,Full,RandomForest,1,1,0.9981872424165271,1
3962,RCN11286,1209-PF-VN-IMPEQN-GENRE,Vietnam,Full,RandomForest,1,1,0.8401772716027095,1
3963,RCN11287,1209-PF-VN-IMPEQN-GENRE,Vietnam,Full,RandomForest,1,1,0.9977936597569906,1
3964,RCN11288,1209-PF-VN-IMPEQN-GENRE,Vietnam,Full,RandomForest,1,1,0.9369138671090498,1
3965,RCN11289,1209-PF-VN-IMPEQN-GENRE,Vietnam,Full,RandomForest,1,1,0.9997198292303541,1
3966,RCN11290,1209-PF-VN-IMPEQN-GENRE,Vietnam,Full,RandomForest,1,1,0.6263402330399496,1
3967,RCN11292,1209-PF-VN-IMPEQN-GENRE,Vietnam,Full,RandomForest,1,1,0.9977936597569906,1
3968,RCN11293,1209-PF-VN-IMPEQN-GENRE,Vietnam,Full,RandomForest,1,1,0.9977936597569906,1
3969,RCN11294,1209-PF-VN-IMPEQN-GENRE,Vietnam,Full,RandomForest,1,1,0.8457992581030278,1
3970,RCN11295,1209-PF-VN-IMPEQN-GENRE,Vietnam,Full,RandomForest,1,1,0.9930358120311245,1
3971,RCN11298,1209-PF-VN-IMPEQN-GENRE,Vietnam,Full,RandomForest,1,1,0.9987899731907843,1
3972,RCN11299,1209-PF-VN-IMPEQN-GENRE,Vietnam,Full,RandomForest,1,1,0.9977936597569906,1
3973,RCN11300,1209-PF-VN-IMPEQN-GENRE,Vietnam,Full,RandomForest,1,1,0.9994441125932282,1
3974,RCN11301,1209-PF-VN-IMPEQN-GENRE,Vietnam,Full,RandomForest,1,1,0.9930019926213142,1
3975,RCN11302,1209-PF-VN-IMPEQN-GENRE,Vietnam,Full,RandomForest,1,1,0.9995650934414919,1
3976,RCN11303,1209-PF-VN-IMPEQN-GENRE,Vietnam,Full,RandomForest,1,1,0.9698413587641468,1
3977,RCN11304,1209-PF-VN-IMPEQN-GENRE,Vietnam,Full,RandomForest,1,0,0.8000257182940538,1
3978,RCN11305,1209-PF-VN-IMPEQN-GENRE,Vietnam,Full,RandomForest,1,1,0.9698413587641468,1
3979,RCN11306,1209-PF-VN-IMPEQN-GENRE,Vietnam,Full,RandomForest,1,1,0.9981115178320529,1
3980,RCN11307,1209-PF-VN-IMPEQN-GENRE,Vietnam,Full,RandomForest,1,1,0.9930358120311245,1
3981,RCN11308,1209-PF-VN-IMPEQN-GENRE,Vietnam,Full,RandomForest,1,1,0.9930358120311245,1
3982,RCN11309,1209-PF-VN-IMPEQN-GENRE,Vietnam,Full,RandomForest,1,1,0.9996841023535462,1
3983,RCN11310,1209-PF-VN-IMPEQN-GENRE,Vietnam,Full,RandomForest,1,0,0.005739459633061118,0
3984,RCN11312,1209-PF-VN-IMPEQN-GENRE,Vietnam,Full,RandomForest,1,1,0.9981115178320529,1
3985,RCN11313,1209-PF-VN-IMPEQN-GENRE,Vietnam,Full,RandomForest,1,1,0.9981115178320529,1
3986,RCN11314,1209-PF-VN-IMPEQN-GENRE,Vietnam,Full,RandomForest,1,1,0.9981115178320529,1
3987,RCN11315,1209-PF-VN-IMPEQN-GENRE,Vietnam,Full,RandomForest,1,1,0.8169629748627238,1
3988,RCN11316,1209-PF-VN-IMPEQN-GENRE,Vietnam,Full,RandomForest,1,1,0.8480918511147914,1
3989,RCN11317,1209-PF-VN-IMPEQN-GENRE,Vietnam,Full,RandomForest,1,1,0.9357377975542882,1
3990,RCN11318,1209-PF-VN-IMPEQN-GENRE,Vietnam,Full,RandomForest,1,1,0.9995988483820903,1
3991,RCN11319,1209-PF-VN-IMPEQN-GENRE,Vietnam,Full,RandomForest,1,1,0.8374780580874172,1
3992,RCN11320,1209-PF-VN-IMPEQN-GENRE,Vietnam,Full,RandomForest,1,1,0.9997198292303541,1
3993,RCN11321,1209-PF-VN-IMPEQN-GENRE,Vietnam,Full,RandomForest,1,1,0.94248913690692,1
3994,RCN11322,1209-PF-VN-IMPEQN-GENRE,Vietnam,Full,RandomForest,1,1,0.8480918511147914,1
3995,RCN11324,1209-PF-VN-IMPEQN-GENRE,Vietnam,Full,RandomForest,1,1,0.987475980977256,1
3996,RCN11325,1209-PF-VN-IMPEQN-GENRE,Vietnam,Full,RandomForest,1,1,0.9946686745149756,1
3997,RCN11326,1209-PF-VN-IMPEQN-GENRE,Vietnam,Full,RandomForest,1,1,0.9998835480766692,1
3998,RCN11327,1209-PF-VN-IMPEQN-GENRE,Vietnam,Full,RandomForest,1,1,0.5495655669765344,1
3999,RCN11328,1209-PF-VN-IMPEQN-GENRE,Vietnam,Full,RandomForest,1,1,0.9995988483820903,1
4000,RCN11331,1209-PF-VN-IMPEQN-GENRE,Vietnam,Full,RandomForest,1,1,0.996917361021119,1
4001,RCN11332,1209-PF-VN-IMPEQN-GENRE,Vietnam,Full,RandomForest,1,1,0.9981115178320529,1
4002,RCN11334,1209-PF-VN-IMPEQN-GENRE,Vietnam,Full,RandomForest,1,1,0.9975419198509691,1
4003,RCN11335,1209-PF-VN-IMPEQN-GENRE,Vietnam,Full,RandomForest,1,1,0.9996841023535462,1
4004,RCN11336,1209-PF-VN-IMPEQN-GENRE,Vietnam,Full,RandomForest,1,1,0.9903260125725539,1
4005,RCN11337,1209-PF-VN-IMPEQN-GENRE,Vietnam,Full,RandomForest,1,1,0.9464462969520714,1
4006,RCN11339,1209-PF-VN-IMPEQN-GENRE,Vietnam,Full,RandomForest,1,1,0.9995988483820903,1
4007,RCN11341,1209-PF-VN-IMPEQN-GENRE,Vietnam,Full,RandomForest,1,1,0.9464462969520714,1
4453,RCN12025,1209-PF-VN-IMPEQN-GENRE,Vietnam,Full,RandomForest,1,1,0.9930358120311245,1
4454,RCN12026,1209-PF-VN-IMPEQN-GENRE,Vietnam,Full,RandomForest,1,1,0.9997198292303541,1
4455,RCN12027,1209-PF-VN-IMPEQN-GENRE,Vietnam,Full,RandomForest,1,1,0.9984898650278601,1
4456,RCN12028,1209-PF-VN-IMPEQN-GENRE,Vietnam,Full,RandomForest,1,1,0.9997198292303541,1
4457,RCN12031,1209-PF-VN-IMPEQN-GENRE,Vietnam,Full,RandomForest,1,1,0.9995650934414919,1
4458,RCN12032,1209-PF-VN-IMPEQN-GENRE,Vietnam,Full,RandomForest,1,1,0.8556540901857064,1
4459,RCN12033,1209-PF-VN-IMPEQN-GENRE,Vietnam,Full,RandomForest,1,1,0.9876939287930045,1
4460,RCN12034,1209-PF-VN-IMPEQN-GENRE,Vietnam,Full,RandomForest,1,1,0.9996841023535462,1
4461,RCN12035,1209-PF-VN-IMPEQN-GENRE,Vietnam,Full,RandomForest,1,1,0.9995988483820903,1
4462,RCN12036,1209-PF-VN-IMPEQN-GENRE,Vietnam,Full,RandomForest,1,1,0.9984541381510522,1
4463,RCN12040,1209-PF-VN-IMPEQN-GENRE,Vietnam,Full,RandomForest,1,1,0.9981967718035087,1
4464,RCN12041,1209-PF-VN-IMPEQN-GENRE,Vietnam,Full,RandomForest,1,1,0.9977936597569906,1
4465,RCN12042,1209-PF-VN-IMPEQN-GENRE,Vietnam,Full,RandomForest,1,1,0.9996721679802067,1
4466,RCN12043,1209-PF-VN-IMPEQN-GENRE,Vietnam,Full,RandomForest,1,1,0.9860641398212106,1
4467,RCN12044,1209-PF-VN-IMPEQN-GENRE,Vietnam,Full,RandomForest,1,1,0.9841275828026457,1
4468,RCN12048,1209-PF-VN-IMPEQN-GENRE,Vietnam,Full,RandomForest,1,0,0.3421637773348712,0
4469,RCN12050,1209-PF-VN-IMPEQN-GENRE,Vietnam,Full,RandomForest,1,0,0.31274728911692334,0
4470,RCN12051,1209-PF-VN-IMPEQN-GENRE,Vietnam,Full,RandomForest,1,0,0.47128088638932863,0
4471,RCN12052,1209-PF-VN-IMPEQN-GENRE,Vietnam,Full,RandomForest,1,0,0.4402158393506573,0
4472,RCN12057,1209-PF-VN-IMPEQN-GENRE,Vietnam,Full,RandomForest,1,1,0.8767182817965831,1
4473,RCN12058,1209-PF-VN-IMPEQN-GENRE,Vietnam,Full,RandomForest,1,1,0.9995988483820903,1
4474,RCN12059,1209-PF-VN-IMPEQN-GENRE,Vietnam,Full,RandomForest,1,1,0.9981115178320529,1
4475,RCN12060,1209-PF-VN-IMPEQN-GENRE,Vietnam,Full,RandomForest,1,0,0.005739459633061118,0
4476,RCN12063,1209-PF-VN-IMPEQN-GENRE,Vietnam,Full,RandomForest,1,0,0.007748845120159856,0
4477,RCN12064,1209-PF-VN-IMPEQN-GENRE,Vietnam,Full,RandomForest,1,1,0.9975419198509691,1
4478,RCN12066,1209-PF-VN-IMPEQN-GENRE,Vietnam,Full,RandomForest,1,0,0.35936884213529524,0
4479,RCN12068,1209-PF-VN-IMPEQN-GENRE,Vietnam,Full,RandomForest,1,1,0.9394842250071391,1
4480,RCN12070,1209-PF-VN-IMPEQN-GENRE,Vietnam,Full,RandomForest,1,0,0.3216745335754526,0
4481,RCN12071,1209-PF-VN-IMPEQN-GENRE,Vietnam,Full,RandomForest,1,1,0.9995988483820903,1
4482,RCN12072,1209-PF-VN-IMPEQN-GENRE,Vietnam,Full,RandomForest,1,1,0.9838656349463608,1
4483,RCN12074,1209-PF-VN-IMPEQN-GENRE,Vietnam,Full,RandomForest,1,1,0.9922005372871425,1
4484,RCN12075,1209-PF-VN-IMPEQN-GENRE,Vietnam,Full,RandomForest,1,0,0.8786426595368481,1
4485,RCN12076,1209-PF-VN-IMPEQN-GENRE,Vietnam,Full,RandomForest,1,0,0.012261907317714722,0
4486,RCN12077,1209-PF-VN-IMPEQN-GENRE,Vietnam,Full,RandomForest,1,0,0.7545925999132064,1
4487,RCN12079,1209-PF-VN-IMPEQN-GENRE,Vietnam,Full,RandomForest,1,0,0.7045889446713964,1
4488,RCN12080,1209-PF-VN-IMPEQN-GENRE,Vietnam,Full,RandomForest,1,0,0.8817282847001658,1
4489,RCN12081,1209-PF-VN-IMPEQN-GENRE,Vietnam,Full,RandomForest,1,0,0.009477359380287893,0
4490,RCN12082,1209-PF-VN-IMPEQN-GENRE,Vietnam,Full,RandomForest,1,0,0.005739459633061118,0
4491,RCN12083,1209-PF-VN-IMPEQN-GENRE,Vietnam,Full,RandomForest,1,1,0.9977936597569906,1
4492,RCN12084,1209-PF-VN-IMPEQN-GENRE,Vietnam,Full,RandomForest,1,1,0.9975419198509691,1
4493,RCN12087,1209-PF-VN-IMPEQN-GENRE,Vietnam,Full,RandomForest,1,1,0.9845124457912411,1
4494,RCN12088,1209-PF-VN-IMPEQN-GENRE,Vietnam,Full,RandomForest,1,1,0.987578942679117,1
4495,RCN12091,1209-PF-VN-IMPEQN-GENRE,Vietnam,Full,RandomForest,1,1,0.9930358120311245,1
4496,RCN12096,1209-PF-VN-IMPEQN-GENRE,Vietnam,Full,RandomForest,1,1,0.9992902786350293,1
4497,RCN12100,1209-PF-VN-IMPEQN-GENRE,Vietnam,Full,RandomForest,1,1,0.9981115178320529,1
4498,RCN12103,1209-PF-VN-IMPEQN-GENRE,Vietnam,Full,RandomForest,1,1,0.9825197750339215,1
4499,RCN12106,1209-PF-VN-IMPEQN-GENRE,Vietnam,Full,RandomForest,1,1,0.9930358120311245,1
4500,RCN12107,1209-PF-VN-IMPEQN-GENRE,Vietnam,Full,RandomForest,1,1,0.9437678853035191,1
4501,RCN12111,1209-PF-VN-IMPEQN-GENRE,Vietnam,Full,RandomForest,1,1,0.9996841023535462,1
4502,RCN12112,1209-PF-VN-IMPEQN-GENRE,Vietnam,Full,RandomForest,1,1,0.9829242040605678,1
4503,RCN12113,1209-PF-VN-IMPEQN-GENRE,Vietnam,Full,RandomForest,1,1,0.9434215798453077,1
4504,RCN12115,1209-PF-VN-IMPEQN-GENRE,Vietnam,Full,RandomForest,1,1,0.9977936597569906,1
4505,RCN12116,1209-PF-VN-IMPEQN-GENRE,Vietnam,Full,RandomForest,1,1,0.9981115178320529,1
4643,RCN12676,1209-PF-VN-IMPEQN-GENRE,Vietnam,Full,RandomForest,1,1,0.990793856985006,1
4644,RCN12680,1209-PF-VN-IMPEQN-GENRE,Vietnam,Full,RandomForest,1,1,0.9938487308776653,1
4645,RCN12681,1209-PF-VN-IMPEQN-GENRE,Vietnam,Full,RandomForest,1,1,0.9801662973619771,1
4646,RCN12685,1209-PF-VN-IMPEQN-GENRE,Vietnam,Full,RandomForest,1,0,0.46917897631248023,0
4647,RCN12688,1209-PF-VN-IMPEQN-GENRE,Vietnam,Full,RandomForest,1,0,0.2739937588147395,0
4648,RCN12689,1209-PF-VN-IMPEQN-GENRE,Vietnam,Full,RandomForest,1,0,0.2739937588147395,0
4649,RCN12693,1209-PF-VN-IMPEQN-GENRE,Vietnam,Full,RandomForest,1,0,0.2739937588147395,0
4650,RCN12694,1209-PF-VN-IMPEQN-GENRE,Vietnam,Full,RandomForest,1,0,0.2739937588147395,0
4651,RCN12696,1209-PF-VN-IMPEQN-GENRE,Vietnam,Full,RandomForest,1,0,0.2739937588147395,0
4652,RCN12698,1209-PF-VN-IMPEQN-GENRE,Vietnam,Full,RandomForest,1,0,0.2739937588147395,0
4653,RCN12700,1209-PF-VN-IMPEQN-GENRE,Vietnam,Full,RandomForest,1,0,0.2839937588147395,0
4654,RCN12704,1209-PF-VN-IMPEQN-GENRE,Vietnam,Full,RandomForest,1,0,0.2739937588147395,0
4655,RCN12708,1209-PF-VN-IMPEQN-GENRE,Vietnam,Full,RandomForest,1,0,0.306158496398809,0
4656,RCN12710,1209-PF-VN-IMPEQN-GENRE,Vietnam,Full,RandomForest,1,1,0.5099952625962603,1
4657,RCN12712,1209-PF-VN-IMPEQN-GENRE,Vietnam,Full,RandomForest,1,1,0.99031187834437,1
4658,RCN12713,1209-PF-VN-IMPEQN-GENRE,Vietnam,Full,RandomForest,1,1,0.994448937283046,1
4659,RCN12716,1209-PF-VN-IMPEQN-GENRE,Vietnam,Full,RandomForest,1,1,0.98616114393837,1
4660,RCN12720,1209-PF-VN-IMPEQN-GENRE,Vietnam,Full,RandomForest,1,1,0.9997198292303541,1
4661,RCN12722,1209-PF-VN-IMPEQN-GENRE,Vietnam,Full,RandomForest,1,1,0.9981115178320529,1
4662,RCN12724,1209-PF-VN-IMPEQN-GENRE,Vietnam,Full,RandomForest,1,1,0.9995988483820903,1
4663,RCN12725,1209-PF-VN-IMPEQN-GENRE,Vietnam,Full,RandomForest,1,1,0.9876939287930045,1
4664,RCN12726,1209-PF-VN-IMPEQN-GENRE,Vietnam,Full,RandomForest,1,1,0.9995988483820903,1
4665,RCN12729,1209-PF-VN-IMPEQN-GENRE,Vietnam,Full,RandomForest,1,1,0.43255286985103325,0
4666,RCN12732,1209-PF-VN-IMPEQN-GENRE,Vietnam,Full,RandomForest,1,1,0.9981967718035087,1
4667,RCN12733,1209-PF-VN-IMPEQN-GENRE,Vietnam,Full,RandomForest,1,1,0.9981967718035087,1
4668,RCN12734,1209-PF-VN-IMPEQN-GENRE,Vietnam,Full,RandomForest,1,1,0.9981115178320529,1
4669,RCN12736,1209-PF-VN-IMPEQN-GENRE,Vietnam,Full,RandomForest,1,1,0.9995988483820903,1
4670,RCN12737,1209-PF-VN-IMPEQN-GENRE,Vietnam,Full,RandomForest,1,1,0.9930358120311245,1
4671,RCN12738,1209-PF-VN-IMPEQN-GENRE,Vietnam,Full,RandomForest,1,1,0.9930358120311245,1
4672,RCN12740,1209-PF-VN-IMPEQN-GENRE,Vietnam,Full,RandomForest,1,1,0.9981115178320529,1
4673,RCN12741,1209-PF-VN-IMPEQN-GENRE,Vietnam,Full,RandomForest,1,1,0.9981115178320529,1
4674,RCN12742,1209-PF-VN-IMPEQN-GENRE,Vietnam,Full,RandomForest,1,1,0.9981115178320529,1
4675,RCN12744,1209-PF-VN-IMPEQN-GENRE,Vietnam,Full,RandomForest,1,1,0.9981115178320529,1
4676,RCN12745,1209-PF-VN-IMPEQN-GENRE,Vietnam,Full,RandomForest,1,1,0.9981115178320529,1
4677,RCN12746,1209-PF-VN-IMPEQN-GENRE,Vietnam,Full,RandomForest,1,1,0.9981115178320529,1
4678,RCN12749,1209-PF-VN-IMPEQN-GENRE,Vietnam,Full,RandomForest,1,1,0.9977936597569906,1
4679,RCN12750,1209-PF-VN-IMPEQN-GENRE,Vietnam,Full,RandomForest,1,0,0.2739937588147395,0
4680,RCN12751,1209-PF-VN-IMPEQN-GENRE,Vietnam,Full,RandomForest,1,0,0.2739937588147395,0
4681,RCN12752,1209-PF-VN-IMPEQN-GENRE,Vietnam,Full,RandomForest,1,0,0.2739937588147395,0
5173,RCN14185,1209-PF-VN-IMPEQN-GENRE,Vietnam,Full,RandomForest,1,1,0.9981115178320529,1
5174,RCN14197,1209-PF-VN-IMPEQN-GENRE,Vietnam,Full,RandomForest,1,1,0.9981115178320529,1
5175,RCN14210,1209-PF-VN-IMPEQN-GENRE,Vietnam,Full,RandomForest,1,1,0.9811417012596063,1
5176,RCN14217,1209-PF-VN-IMPEQN-GENRE,Vietnam,Full,RandomForest,1,0,0.3242377842371676,0
5177,RCN14220,1209-PF-VN-IMPEQN-GENRE,Vietnam,Full,RandomForest,1,1,0.9111920184152049,1
5178,RCN14222,1209-PF-VN-IMPEQN-GENRE,Vietnam,Full,RandomForest,1,1,0.9997198292303541,1
5179,RCN14223,1209-PF-VN-IMPEQN-GENRE,Vietnam,Full,RandomForest,1,1,0.9996841023535462,1
5180,RCN14225,1209-PF-VN-IMPEQN-GENRE,Vietnam,Full,RandomForest,1,1,0.9586636698926473,1
5181,RCN14226,1209-PF-VN-IMPEQN-GENRE,Vietnam,Full,RandomForest,1,1,0.9997198292303541,1
5182,RCN14233,1209-PF-VN-IMPEQN-GENRE,Vietnam,Full,RandomForest,1,1,0.977178721288505,1
5183,RCN14234,1209-PF-VN-IMPEQN-GENRE,Vietnam,Full,RandomForest,1,0,0.2739937588147395,0
5184,RCN14238,1209-PF-VN-IMPEQN-GENRE,Vietnam,Full,RandomForest,1,0,0.40176905065450863,0
5185,RCN14239,1209-PF-VN-IMPEQN-GENRE,Vietnam,Full,RandomForest,1,0,0.005739459633061118,0
5186,RCN14241,1209-PF-VN-IMPEQN-GENRE,Vietnam,Full,RandomForest,1,1,0.9984898650278601,1
5187,RCN14243,1209-PF-VN-IMPEQN-GENRE,Vietnam,Full,RandomForest,1,0,0.21847344695234902,0
5188,RCN14251,1209-PF-VN-IMPEQN-GENRE,Vietnam,Full,RandomForest,1,0,0.0037028021378372866,0
5189,RCN14255,1209-PF-VN-IMPEQN-GENRE,Vietnam,Full,RandomForest,1,0,0.000952459605366452,0
5190,RCN14262,1209-PF-VN-IMPEQN-GENRE,Vietnam,Full,RandomForest,1,1,0.9995988483820903,1
5191,RCN14263,1209-PF-VN-IMPEQN-GENRE,Vietnam,Full,RandomForest,1,1,0.9981115178320529,1
5192,RCN14264,1209-PF-VN-IMPEQN-GENRE,Vietnam,Full,RandomForest,1,1,0.9984898650278601,1
5193,RCN14265,1209-PF-VN-IMPEQN-GENRE,Vietnam,Full,RandomForest,1,1,0.9984898650278601,1
5194,RCN14269,1209-PF-VN-IMPEQN-GENRE,Vietnam,Full,RandomForest,1,1,0.9981115178320529,1
5195,RCN14270,1209-PF-VN-IMPEQN-GENRE,Vietnam,Full,RandomForest,1,1,0.9984898650278601,1
5196,RCN14271,1209-PF-VN-IMPEQN-GENRE,Vietnam,Full,RandomForest,1,1,0.9935819308230808,1
5197,RCN14272,1209-PF-VN-IMPEQN-GENRE,Vietnam,Full,RandomForest,1,1,0.9981115178320529,1
5198,RCN14273,1209-PF-VN-IMPEQN-GENRE,Vietnam,Full,RandomForest,1,1,0.9981115178320529,1
5199,RCN14276,1209-PF-VN-IMPEQN-GENRE,Vietnam,Full,RandomForest,1,1,0.9995988483820903,1
5200,RCN14277,1209-PF-VN-IMPEQN-GENRE,Vietnam,Full,RandomForest,1,1,0.9981115178320529,1
5201,RCN14278,1209-PF-VN-IMPEQN-GENRE,Vietnam,Full,RandomForest,1,1,0.9981115178320529,1
5202,RCN14279,1209-PF-VN-IMPEQN-GENRE,Vietnam,Full,RandomForest,1,1,0.9981115178320529,1
5203,RCN14280,1209-PF-VN-IMPEQN-GENRE,Vietnam,Full,RandomForest,1,1,0.9981115178320529,1
5204,RCN14281,1209-PF-VN-IMPEQN-GENRE,Vietnam,Full,RandomForest,1,1,0.9981115178320529,1
5205,RCN14284,1209-PF-VN-IMPEQN-GENRE,Vietnam,Full,RandomForest,1,1,0.9981115178320529,1
5206,RCN14285,1209-PF-VN-IMPEQN-GENRE,Vietnam,Full,RandomForest,1,1,0.9981115178320529,1
5207,RCN14286,1209-PF-VN-IMPEQN-GENRE,Vietnam,Full,RandomForest,1,1,0.9981115178320529,1
5208,RCN14287,1209-PF-VN-IMPEQN-GENRE,Vietnam,Full,RandomForest,1,1,0.9981115178320529,1
5209,RCN14288,1209-PF-VN-IMPEQN-GENRE,Vietnam,Full,RandomForest,1,1,0.9984898650278601,1
5210,RCN14289,1209-PF-VN-IMPEQN-GENRE,Vietnam,Full,RandomForest,1,1,0.9995988483820903,1
5211,RCN14291,1209-PF-VN-IMPEQN-GENRE,Vietnam,Full,RandomForest,1,1,0.9984541381510522,1
5212,RCN14292,1209-PF-VN-IMPEQN-GENRE,Vietnam,Full,RandomForest,1,1,0.9981967718035087,1
5213,RCN14293,1209-PF-VN-IMPEQN-GENRE,Vietnam,Full,RandomForest,1,1,0.9984898650278601,1
5214,RCN14294,1209-PF-VN-IMPEQN-GENRE,Vietnam,Full,RandomForest,1,1,0.9981115178320529,1
5215,RCN14295,1209-PF-VN-IMPEQN-GENRE,Vietnam,Full,RandomForest,1,1,0.996740348354683,1
5216,RCN14296,1209-PF-VN-IMPEQN-GENRE,Vietnam,Full,RandomForest,1,1,0.9981115178320529,1
5217,RCN14297,1209-PF-VN-IMPEQN-GENRE,Vietnam,Full,RandomForest,1,1,0.8313956449715046,1
5218,RCN14300,1209-PF-VN-IMPEQN-GENRE,Vietnam,Full,RandomForest,1,1,0.996740348354683,1
5219,RCN14301,1209-PF-VN-IMPEQN-GENRE,Vietnam,Full,RandomForest,1,1,0.9838656349463608,1
5220,RCN14302,1209-PF-VN-IMPEQN-GENRE,Vietnam,Full,RandomForest,1,1,0.9984898650278601,1
5221,RCN14303,1209-PF-VN-IMPEQN-GENRE,Vietnam,Full,RandomForest,1,1,0.9981115178320529,1
5222,RCN14304,1209-PF-VN-IMPEQN-GENRE,Vietnam,Full,RandomForest,1,1,0.9981967718035087,1
5223,RCN14305,1209-PF-VN-IMPEQN-GENRE,Vietnam,Full,RandomForest,1,1,0.9981115178320529,1
5224,RCN14309,1209-PF-VN-IMPEQN-GENRE,Vietnam,Full,RandomForest,1,1,0.9981115178320529,1
5225,RCN14310,1209-PF-VN-IMPEQN-GENRE,Vietnam,Full,RandomForest,1,1,0.9981115178320529,1
5226,RCN14311,1209-PF-VN-IMPEQN-GENRE,Vietnam,Full,RandomForest,1,1,0.9820509286164765,1
5227,RCN14312,1209-PF-VN-IMPEQN-GENRE,Vietnam,Full,RandomForest,1,1,0.9981115178320529,1
5228,RCN14313,1209-PF-VN-IMPEQN-GENRE,Vietnam,Full,RandomForest,1,0,0.004203961550468437,0
5229,RCN14316,1209-PF-VN-IMPEQN-GENRE,Vietnam,Full,RandomForest,1,1,0.9853401261984075,1
5230,RCN14317,1209-PF-VN-IMPEQN-GENRE,Vietnam,Full,RandomForest,1,1,0.9981115178320529,1
5231,RCN14318,1209-PF-VN-IMPEQN-GENRE,Vietnam,Full,RandomForest,1,1,0.9984898650278601,1
5232,RCN14319,1209-PF-VN-IMPEQN-GENRE,Vietnam,Full,RandomForest,1,1,0.9995988483820903,1
5233,RCN14320,1209-PF-VN-IMPEQN-GENRE,Vietnam,Full,RandomForest,1,1,0.9981115178320529,1
5234,RCN14321,1209-PF-VN-IMPEQN-GENRE,Vietnam,Full,RandomForest,1,1,0.9984898650278601,1
5235,RCN14324,1209-PF-VN-IMPEQN-GENRE,Vietnam,Full,RandomForest,1,1,0.9981115178320529,1
5236,RCN14325,1209-PF-VN-IMPEQN-GENRE,Vietnam,Full,RandomForest,1,1,0.9930358120311245,1
5237,RCN14572,1209-PF-VN-IMPEQN-GENRE,Vietnam,Full,RandomForest,1,0,0.0384424137733911,0
5238,RCN14573,1209-PF-VN-IMPEQN-GENRE,Vietnam,Full,RandomForest,1,0,0.012308316629767448,0
5239,RCN14574,1209-PF-VN-IMPEQN-GENRE,Vietnam,Full,RandomForest,1,0,0.012308316629767448,0
5240,RCN14575,1209-PF-VN-IMPEQN-GENRE,Vietnam,Full,RandomForest,1,1,0.9997198292303541,1
5241,RCN14576,1209-PF-VN-IMPEQN-GENRE,Vietnam,Full,RandomForest,1,1,0.9995988483820903,1
5242,RCN14577,1209-PF-VN-IMPEQN-GENRE,Vietnam,Full,RandomForest,1,1,0.9984898650278601,1
5243,RCN14578,1209-PF-VN-IMPEQN-GENRE,Vietnam,Full,RandomForest,1,1,0.9875891374153842,1
5244,RCN14580,1209-PF-VN-IMPEQN-GENRE,Vietnam,Full,RandomForest,1,1,0.6804710820032102,1
5245,RCN14581,1209-PF-VN-IMPEQN-GENRE,Vietnam,Full,RandomForest,1,1,0.9984898650278601,1
5246,RCN14582,1209-PF-VN-IMPEQN-GENRE,Vietnam,Full,RandomForest,1,1,0.9930358120311245,1
5247,RCN14584,1209-PF-VN-IMPEQN-GENRE,Vietnam,Full,RandomForest,1,0,0.061578389345504275,0
5248,RCN14585,1209-PF-VN-IMPEQN-GENRE,Vietnam,Full,RandomForest,1,1,0.9930358120311245,1
5249,RCN14586,1209-PF-VN-IMPEQN-GENRE,Vietnam,Full,RandomForest,1,1,0.9838656349463608,1
5250,RCN14587,1209-PF-VN-IMPEQN-GENRE,Vietnam,Full,RandomForest,1,1,0.9984898650278601,1
5251,RCN14588,1209-PF-VN-IMPEQN-GENRE,Vietnam,Full,RandomForest,1,1,0.9995988483820903,1
5252,RCN14589,1209-PF-VN-IMPEQN-GENRE,Vietnam,Full,RandomForest,1,1,0.9981115178320529,1
5253,RCN14590,1209-PF-VN-IMPEQN-GENRE,Vietnam,Full,RandomForest,1,1,0.9981115178320529,1
5254,RCN14591,1209-PF-VN-IMPEQN-GENRE,Vietnam,Full,RandomForest,1,1,0.9997198292303541,1
5255,RCN14592,1209-PF-VN-IMPEQN-GENRE,Vietnam,Full,RandomForest,1,1,0.9981115178320529,1
5256,RCN14593,1209-PF-VN-IMPEQN-GENRE,Vietnam,Full,RandomForest,1,1,0.9984898650278601,1
5257,RCN14594,1209-PF-VN-IMPEQN-GENRE,Vietnam,Full,RandomForest,1,1,0.9984898650278601,1
5258,RCN14595,1209-PF-VN-IMPEQN-GENRE,Vietnam,Full,RandomForest,1,1,0.9984898650278601,1
5259,RCN14596,1209-PF-VN-IMPEQN-GENRE,Vietnam,Full,RandomForest,1,1,0.9984898650278601,1
5260,RCN14597,1209-PF-VN-IMPEQN-GENRE,Vietnam,Full,RandomForest,1,1,0.9930358120311245,1
5261,RCN14598,1209-PF-VN-IMPEQN-GENRE,Vietnam,Full,RandomForest,1,1,0.9984898650278601,1
5262,RCN14599,1209-PF-VN-IMPEQN-GENRE,Vietnam,Full,RandomForest,1,1,0.996740348354683,1
5263,RCN14600,1209-PF-VN-IMPEQN-GENRE,Vietnam,Full,RandomForest,1,1,0.9981115178320529,1
5264,RCN14601,1209-PF-VN-IMPEQN-GENRE,Vietnam,Full,RandomForest,1,1,0.9930358120311245,1
5265,RCN14602,1209-PF-VN-IMPEQN-GENRE,Vietnam,Full,RandomForest,1,1,0.9981967718035087,1
5266,RCN14603,1209-PF-VN-IMPEQN-GENRE,Vietnam,Full,RandomForest,1,1,0.9981115178320529,1
5267,RCN14604,1209-PF-VN-IMPEQN-GENRE,Vietnam,Full,RandomForest,1,1,0.9984898650278601,1
5268,RCN14605,1209-PF-VN-IMPEQN-GENRE,Vietnam,Full,RandomForest,1,1,0.98616114393837,1
5269,RCN14606,1209-PF-VN-IMPEQN-GENRE,Vietnam,Full,RandomForest,1,1,0.9984898650278601,1
5270,RCN14607,1209-PF-VN-IMPEQN-GENRE,Vietnam,Full,RandomForest,1,1,0.9988465424273568,1
5271,RCN14608,1209-PF-VN-IMPEQN-GENRE,Vietnam,Full,RandomForest,1,1,0.9984898650278601,1
5272,RCN14609,1209-PF-VN-IMPEQN-GENRE,Vietnam,Full,RandomForest,1,1,0.9984898650278601,1
5273,RCN14610,1209-PF-VN-IMPEQN-GENRE,Vietnam,Full,RandomForest,1,1,0.9981115178320529,1
5274,RCN14611,1209-PF-VN-IMPEQN-GENRE,Vietnam,Full,RandomForest,1,1,0.9984898650278601,1
5275,RCN14612,1209-PF-VN-IMPEQN-GENRE,Vietnam,Full,RandomForest,1,1,0.9981967718035087,1
5276,RCN14613,1209-PF-VN-IMPEQN-GENRE,Vietnam,Full,RandomForest,1,1,0.9984541381510522,1
5277,RCN14614,1209-PF-VN-IMPEQN-GENRE,Vietnam,Full,RandomForest,1,1,0.9981115178320529,1
5278,RCN14615,1209-PF-VN-IMPEQN-GENRE,Vietnam,Full,RandomForest,1,1,0.9930358120311245,1
5279,RCN14616,1209-PF-VN-IMPEQN-GENRE,Vietnam,Full,RandomForest,1,1,0.9981115178320529,1
5280,RCN14617,1209-PF-VN-IMPEQN-GENRE,Vietnam,Full,RandomForest,1,1,0.9838656349463608,1
5281,RCN14618,1209-PF-VN-IMPEQN-GENRE,Vietnam,Full,RandomForest,1,1,0.9984898650278601,1
5282,RCN14620,1209-PF-VN-IMPEQN-GENRE,Vietnam,Full,RandomForest,1,1,0.9782460871829654,1
5283,RCN14621,1209-PF-VN-IMPEQN-GENRE,Vietnam,Full,RandomForest,1,1,0.9935819308230808,1
5284,RCN14622,1209-PF-VN-IMPEQN-GENRE,Vietnam,Full,RandomForest,1,1,0.9981115178320529,1
5285,RCN14623,1209-PF-VN-IMPEQN-GENRE,Vietnam,Full,RandomForest,1,1,0.9984898650278601,1
5286,RCN14624,1209-PF-VN-IMPEQN-GENRE,Vietnam,Full,RandomForest,1,1,0.9984898650278601,1
5287,RCN14625,1209-PF-VN-IMPEQN-GENRE,Vietnam,Full,RandomForest,1,1,0.9981115178320529,1
5288,RCN14626,1209-PF-VN-IMPEQN-GENRE,Vietnam,Full,RandomForest,1,1,0.8768735699887624,1
5289,RCN14627,1209-PF-VN-IMPEQN-GENRE,Vietnam,Full,RandomForest,1,1,0.9984541381510522,1
5290,RCN14628,1209-PF-VN-IMPEQN-GENRE,Vietnam,Full,RandomForest,1,1,0.9984898650278601,1
5291,RCN14629,1209-PF-VN-IMPEQN-GENRE,Vietnam,Full,RandomForest,1,1,0.9984898650278601,1
5292,RCN14630,1209-PF-VN-IMPEQN-GENRE,Vietnam,Full,RandomForest,1,0,0.5243434078154288,1
5293,RCN14631,1209-PF-VN-IMPEQN-GENRE,Vietnam,Full,RandomForest,1,1,0.9981967718035087,1
5294,RCN14632,1209-PF-VN-IMPEQN-GENRE,Vietnam,Full,RandomForest,1,1,0.9980955910264191,1
5295,RCN14633,1209-PF-VN-IMPEQN-GENRE,Vietnam,Full,RandomForest,1,1,0.858770213152684,1
5296,RCN14634,1209-PF-VN-IMPEQN-GENRE,Vietnam,Full,RandomForest,1,1,0.9966408035366918,1
5297,RCN14635,1209-PF-VN-IMPEQN-GENRE,Vietnam,Full,RandomForest,1,1,0.9981115178320529,1
5298,RCN14636,1209-PF-VN-IMPEQN-GENRE,Vietnam,Full,RandomForest,1,1,0.9984898650278601,1
5299,RCN14638,1209-PF-VN-IMPEQN-GENRE,Vietnam,Full,RandomForest,1,1,0.9461311527290672,1
5300,RCN14639,1209-PF-VN-IMPEQN-GENRE,Vietnam,Full,RandomForest,1,1,0.990793856985006,1
5301,RCN14640,1209-PF-VN-IMPEQN-GENRE,Vietnam,Full,RandomForest,1,1,0.9997198292303541,1
5302,RCN14641,1209-PF-VN-IMPEQN-GENRE,Vietnam,Full,RandomForest,1,1,0.9981115178320529,1
5303,RCN14642,1209-PF-VN-IMPEQN-GENRE,Vietnam,Full,RandomForest,1,1,0.7886310720889541,1
5304,RCN14643,1209-PF-VN-IMPEQN-GENRE,Vietnam,Full,RandomForest,1,1,0.9984898650278601,1
5305,RCN14644,1209-PF-VN-IMPEQN-GENRE,Vietnam,Full,RandomForest,1,1,0.9981115178320529,1
5306,RCN14645,1209-PF-VN-IMPEQN-GENRE,Vietnam,Full,RandomForest,1,1,0.9984898650278601,1
5307,RCN14646,1209-PF-VN-IMPEQN-GENRE,Vietnam,Full,RandomForest,1,1,0.9981115178320529,1
5308,RCN14647,1209-PF-VN-IMPEQN-GENRE,Vietnam,Full,RandomForest,1,1,0.9980955910264191,1
5309,RCN14648,1209-PF-VN-IMPEQN-GENRE,Vietnam,Full,RandomForest,1,1,0.990793856985006,1
5310,RCN14649,1209-PF-VN-IMPEQN-GENRE,Vietnam,Full,RandomForest,1,1,0.990793856985006,1
5311,RCN14650,1209-PF-VN-IMPEQN-GENRE,Vietnam,Full,RandomForest,1,1,0.9997198292303541,1
5312,RCN14651,1209-PF-VN-IMPEQN-GENRE,Vietnam,Full,RandomForest,1,1,0.98616114393837,1
5313,RCN14652,1209-PF-VN-IMPEQN-GENRE,Vietnam,Full,RandomForest,1,1,0.9981115178320529,1
5314,RCN14653,1209-PF-VN-IMPEQN-GENRE,Vietnam,Full,RandomForest,1,1,0.9984898650278601,1
5315,RCN14654,1209-PF-VN-IMPEQN-GENRE,Vietnam,Full,RandomForest,1,1,0.9981967718035087,1
5316,RCN14655,1209-PF-VN-IMPEQN-GENRE,Vietnam,Full,RandomForest,1,1,0.9984541381510522,1
5317,RCN14656,1209-PF-VN-IMPEQN-GENRE,Vietnam,Full,RandomForest,1,1,0.9981115178320529,1
5318,RCN14657,1209-PF-VN-IMPEQN-GENRE,Vietnam,Full,RandomForest,1,1,0.9981115178320529,1
5319,RCN14658,1209-PF-VN-IMPEQN-GENRE,Vietnam,Full,RandomForest,1,1,0.9984541381510522,1
5320,RCN14659,1209-PF-VN-IMPEQN-GENRE,Vietnam,Full,RandomForest,1,1,0.9810421564416152,1
5321,RCN14660,1209-PF-VN-IMPEQN-GENRE,Vietnam,Full,RandomForest,1,1,0.9995988483820903,1
5322,RCN14661,1209-PF-VN-IMPEQN-GENRE,Vietnam,Full,RandomForest,1,1,0.9981115178320529,1
5323,RCN14662,1209-PF-VN-IMPEQN-GENRE,Vietnam,Full,RandomForest,1,1,0.9984898650278601,1
5324,RCN14663,1209-PF-VN-IMPEQN-GENRE,Vietnam,Full,RandomForest,1,1,0.9997198292303541,1
5325,RCN14664,1209-PF-VN-IMPEQN-GENRE,Vietnam,Full,RandomForest,1,1,0.9984898650278601,1
5326,RCN14665,1209-PF-VN-IMPEQN-GENRE,Vietnam,Full,RandomForest,1,1,0.9995988483820903,1
5327,RCN14666,1209-PF-VN-IMPEQN-GENRE,Vietnam,Full,RandomForest,1,0,0.1821239121890149,0
5328,RCN14667,1209-PF-VN-IMPEQN-GENRE,Vietnam,Full,RandomForest,1,1,0.8953008503552072,1
5329,RCN14672,1209-PF-VN-IMPEQN-GENRE,Vietnam,Full,RandomForest,1,0,0.8018107185564256,1
5330,RCN14673,1209-PF-VN-IMPEQN-GENRE,Vietnam,Full,RandomForest,1,0,0.8763023237166461,1
5331,RCN14674,1209-PF-VN-IMPEQN-GENRE,Vietnam,Full,RandomForest,1,1,0.9984898650278601,1
5332,RCN14675,1209-PF-VN-IMPEQN-GENRE,Vietnam,Full,RandomForest,1,1,0.9791013945196251,1
5333,RCN14676,1209-PF-VN-IMPEQN-GENRE,Vietnam,Full,RandomForest,1,1,0.9981115178320529,1
5334,RCN14677,1209-PF-VN-IMPEQN-GENRE,Vietnam,Full,RandomForest,1,0,0.8018107185564256,1
5335,RCN14680,1209-PF-VN-IMPEQN-GENRE,Vietnam,Full,RandomForest,1,0,0.41601633751548234,0
5336,RCN14681,1209-PF-VN-IMPEQN-GENRE,Vietnam,Full,RandomForest,1,1,0.986797080352342,1
5337,RCN14682,1209-PF-VN-IMPEQN-GENRE,Vietnam,Full,RandomForest,1,1,0.986797080352342,1
5338,RCN14683,1209-PF-VN-IMPEQN-GENRE,Vietnam,Full,RandomForest,1,1,0.986797080352342,1
5339,RCN14684,1209-PF-VN-IMPEQN-GENRE,Vietnam,Full,RandomForest,1,1,0.9912406857132237,1
5340,RCN14685,1209-PF-VN-IMPEQN-GENRE,Vietnam,Full,RandomForest,1,1,0.9840731466655877,1
5341,RCN14688,1209-PF-VN-IMPEQN-GENRE,Vietnam,Full,RandomForest,1,1,0.9930358120311245,1
5342,RCN14689,1209-PF-VN-IMPEQN-GENRE,Vietnam,Full,RandomForest,1,0,0.0028182291152400985,0
5343,RCN14691,1209-PF-VN-IMPEQN-GENRE,Vietnam,Full,RandomForest,1,0,0.012489507367462453,0
5344,RCN14693,1209-PF-VN-IMPEQN-GENRE,Vietnam,Full,RandomForest,1,0,0.0025365132669332158,0
5345,RCN14696,1209-PF-VN-IMPEQN-GENRE,Vietnam,Full,RandomForest,1,0,0.09983171363430227,0
5346,RCN14697,1209-PF-VN-IMPEQN-GENRE,Vietnam,Full,RandomForest,1,0,0.2053630259701897,0
5347,RCN14698,1209-PF-VN-IMPEQN-GENRE,Vietnam,Full,RandomForest,1,1,0.9820509286164765,1
5348,RCN14699,1209-PF-VN-IMPEQN-GENRE,Vietnam,Full,RandomForest,1,1,0.9995988483820903,1
5349,RCN14700,1209-PF-VN-IMPEQN-GENRE,Vietnam,Full,RandomForest,1,1,0.9997198292303541,1
5350,RCN14701,1209-PF-VN-IMPEQN-GENRE,Vietnam,Full,RandomForest,1,1,0.9981115178320529,1
5351,RCN14705,1209-PF-VN-IMPEQN-GENRE,Vietnam,Full,RandomForest,1,1,0.9987899731907843,1
5352,RCN14706,1209-PF-VN-IMPEQN-GENRE,Vietnam,Full,RandomForest,1,1,0.9997198292303541,1
5353,RCN14707,1209-PF-VN-IMPEQN-GENRE,Vietnam,Full,RandomForest,1,1,0.9981115178320529,1
5354,RCN14708,1209-PF-VN-IMPEQN-GENRE,Vietnam,Full,RandomForest,1,1,0.9995988483820903,1
5355,RCN14709,1209-PF-VN-IMPEQN-GENRE,Vietnam,Full,RandomForest,1,1,0.9995988483820903,1
5356,RCN14712,1209-PF-VN-IMPEQN-GENRE,Vietnam,Full,RandomForest,1,1,0.986797080352342,1
5357,RCN14713,1209-PF-VN-IMPEQN-GENRE,Vietnam,Full,RandomForest,1,1,0.9948118950255749,1
5358,RCN14714,1209-PF-VN-IMPEQN-GENRE,Vietnam,Full,RandomForest,1,1,0.9996841023535462,1
5359,RCN14715,1209-PF-VN-IMPEQN-GENRE,Vietnam,Full,RandomForest,1,1,0.9997198292303541,1
5360,RCN14717,1209-PF-VN-IMPEQN-GENRE,Vietnam,Full,RandomForest,1,1,0.9984898650278601,1
5361,RCN14719,1209-PF-VN-IMPEQN-GENRE,Vietnam,Full,RandomForest,1,1,0.7578624152660456,1
5362,RCN14720,1209-PF-VN-IMPEQN-GENRE,Vietnam,Full,RandomForest,1,1,0.996740348354683,1
5363,RCN14721,1209-PF-VN-IMPEQN-GENRE,Vietnam,Full,RandomForest,1,1,0.9995988483820903,1
5364,RCN14722,1209-PF-VN-IMPEQN-GENRE,Vietnam,Full,RandomForest,1,1,0.6733214951361859,1
5365,RCN14723,1209-PF-VN-IMPEQN-GENRE,Vietnam,Full,RandomForest,1,1,0.9930358120311245,1
5366,RCN14724,1209-PF-VN-IMPEQN-GENRE,Vietnam,Full,RandomForest,1,0,0.2839937588147395,0
5367,RCN14725,1209-PF-VN-IMPEQN-GENRE,Vietnam,Full,RandomForest,1,0,0.2739937588147395,0
5368,RCN14727,1209-PF-VN-IMPEQN-GENRE,Vietnam,Full,RandomForest,1,0,0.2739937588147395,0
5369,RCN14728,1209-PF-VN-IMPEQN-GENRE,Vietnam,Full,RandomForest,1,0,0.2882357798104516,0
5370,RCN14729,1209-PF-VN-IMPEQN-GENRE,Vietnam,Full,RandomForest,1,0,0.3019594870776301,0
5371,RCN14730,1209-PF-VN-IMPEQN-GENRE,Vietnam,Full,RandomForest,1,0,0.2882357798104516,0
5372,RCN14731,1209-PF-VN-IMPEQN-GENRE,Vietnam,Full,RandomForest,1,0,0.2739937588147395,0
5373,RCN14732,1209-PF-VN-IMPEQN-GENRE,Vietnam,Full,RandomForest,1,0,0.2882357798104516,0
5374,RCN14733,1209-PF-VN-IMPEQN-GENRE,Vietnam,Full,RandomForest,1,0,0.2739937588147395,0
5375,RCN14738,1209-PF-VN-IMPEQN-GENRE,Vietnam,Full,RandomForest,1,1,0.9995988483820903,1
5376,RCN14739,1209-PF-VN-IMPEQN-GENRE,Vietnam,Full,RandomForest,1,0,0.4325367273295452,0
5377,RCN14740,1209-PF-VN-IMPEQN-GENRE,Vietnam,Full,RandomForest,1,0,0.44367722149269007,0
5378,RCN14741,1209-PF-VN-IMPEQN-GENRE,Vietnam,Full,RandomForest,1,0,0.8392164053824115,1
5379,RCN14744,1209-PF-VN-IMPEQN-GENRE,Vietnam,Full,RandomForest,1,1,0.9838656349463608,1
5380,RCN14746,1209-PF-VN-IMPEQN-GENRE,Vietnam,Full,RandomForest,1,1,0.9984898650278601,1
5381,RCN14748,1209-PF-VN-IMPEQN-GENRE,Vietnam,Full,RandomForest,1,1,0.9981115178320529,1
5382,RCN14752,1209-PF-VN-IMPEQN-GENRE,Vietnam,Full,RandomForest,1,1,0.9981115178320529,1
5383,RCN14753,1209-PF-VN-IMPEQN-GENRE,Vietnam,Full,RandomForest,1,1,0.9981115178320529,1
5384,RCN14754,1209-PF-VN-IMPEQN-GENRE,Vietnam,Full,RandomForest,1,1,0.9984898650278601,1
5385,RCN14755,1209-PF-VN-IMPEQN-GENRE,Vietnam,Full,RandomForest,1,1,0.996740348354683,1
5386,RCN14756,1209-PF-VN-IMPEQN-GENRE,Vietnam,Full,RandomForest,1,1,0.8313956449715046,1
5387,RCN14757,1209-PF-VN-IMPEQN-GENRE,Vietnam,Full,RandomForest,1,1,0.9984898650278601,1
5388,RCN14760,1209-PF-VN-IMPEQN-GENRE,Vietnam,Full,RandomForest,1,1,0.9981115178320529,1
5389,RCN14762,1209-PF-VN-IMPEQN-GENRE,Vietnam,Full,RandomForest,1,1,0.9996841023535462,1
5390,RCN14763,1209-PF-VN-IMPEQN-GENRE,Vietnam,Full,RandomForest,1,1,0.9981967718035087,1
5391,RCN14766,1209-PF-VN-IMPEQN-GENRE,Vietnam,Full,RandomForest,1,1,0.9981115178320529,1
5392,RCN14770,1209-PF-VN-IMPEQN-GENRE,Vietnam,Full,RandomForest,1,1,0.9981115178320529,1
5393,RCN14771,1209-PF-VN-IMPEQN-GENRE,Vietnam,Full,RandomForest,1,1,0.8289902801078319,1
5394,RCN14776,1209-PF-VN-IMPEQN-GENRE,Vietnam,Full,RandomForest,1,1,0.9984898650278601,1
5395,RCN14777,1209-PF-VN-IMPEQN-GENRE,Vietnam,Full,RandomForest,1,1,0.8239635326393873,1
5396,RCN14787,1209-PF-VN-IMPEQN-GENRE,Vietnam,Full,RandomForest,1,1,0.9981115178320529,1
5397,RCN14794,1209-PF-VN-IMPEQN-GENRE,Vietnam,Full,RandomForest,1,1,0.9981115178320529,1
5398,RCN14795,1209-PF-VN-IMPEQN-GENRE,Vietnam,Full,RandomForest,1,1,0.8372723336751551,1
5399,RCN14799,1209-PF-VN-IMPEQN-GENRE,Vietnam,Full,RandomForest,1,1,0.8457992581030278,1
5400,RCN14800,1209-PF-VN-IMPEQN-GENRE,Vietnam,Full,RandomForest,1,1,0.8383593793427825,1
5401,RCN14802,1209-PF-VN-IMPEQN-GENRE,Vietnam,Full,RandomForest,1,1,0.9984541381510522,1
5402,RCN14803,1209-PF-VN-IMPEQN-GENRE,Vietnam,Full,RandomForest,1,1,0.9984898650278601,1
5403,RCN14807,1209-PF-VN-IMPEQN-GENRE,Vietnam,Full,RandomForest,1,1,0.9981115178320529,1
5404,RCN14809,1209-PF-VN-IMPEQN-GENRE,Vietnam,Full,RandomForest,1,1,0.986797080352342,1
5405,RCN14810,1209-PF-VN-IMPEQN-GENRE,Vietnam,Full,RandomForest,1,1,0.9981115178320529,1
5406,RCN14811,1209-PF-VN-IMPEQN-GENRE,Vietnam,Full,RandomForest,1,1,0.8313956449715046,1
5407,RCN14814,1209-PF-VN-IMPEQN-GENRE,Vietnam,Full,RandomForest,1,1,0.9981115178320529,1
5408,RCN14815,1209-PF-VN-IMPEQN-GENRE,Vietnam,Full,RandomForest,1,1,0.9988465424273568,1
5409,RCN14816,1209-PF-VN-IMPEQN-GENRE,Vietnam,Full,RandomForest,1,1,0.9981967718035087,1
5410,RCN14818,1209-PF-VN-IMPEQN-GENRE,Vietnam,Full,RandomForest,1,1,0.9981115178320529,1
5411,RCN14819,1209-PF-VN-IMPEQN-GENRE,Vietnam,Full,RandomForest,1,1,0.990793856985006,1
5412,RCN14827,1209-PF-VN-IMPEQN-GENRE,Vietnam,Full,RandomForest,1,1,0.9981115178320529,1
5413,RCN14834,1209-PF-VN-IMPEQN-GENRE,Vietnam,Full,RandomForest,1,1,0.9984898650278601,1
5414,RCN14835,1209-PF-VN-IMPEQN-GENRE,Vietnam,Full,RandomForest,1,1,0.9981115178320529,1
5415,RCN14839,1209-PF-VN-IMPEQN-GENRE,Vietnam,Full,RandomForest,1,1,0.9981115178320529,1
5416,RCN14840,1209-PF-VN-IMPEQN-GENRE,Vietnam,Full,RandomForest,1,1,0.9981115178320529,1
5417,RCN14841,1209-PF-VN-IMPEQN-GENRE,Vietnam,Full,RandomForest,1,1,0.9822791811596348,1
5418,RCN14843,1209-PF-VN-IMPEQN-GENRE,Vietnam,Full,RandomForest,1,1,0.9981115178320529,1
5419,RCN14847,1209-PF-VN-IMPEQN-GENRE,Vietnam,Full,RandomForest,1,1,0.9981967718035087,1
5420,RCN14848,1209-PF-VN-IMPEQN-GENRE,Vietnam,Full,RandomForest,1,1,0.8313956449715046,1
5421,RCN14849,1209-PF-VN-IMPEQN-GENRE,Vietnam,Full,RandomForest,1,1,0.990793856985006,1
5422,RCN14850,1209-PF-VN-IMPEQN-GENRE,Vietnam,Full,RandomForest,1,1,0.9984541381510522,1
5423,RCN14851,1209-PF-VN-IMPEQN-GENRE,Vietnam,Full,RandomForest,1,1,0.996740348354683,1
5819,RCN15829,1209-PF-VN-IMPEQN-GENRE,Vietnam,Full,RandomForest,1,1,0.9867902326355654,1
5820,RCN15837,1209-PF-VN-IMPEQN-GENRE,Vietnam,Full,RandomForest,1,1,0.9995988483820903,1
5821,RCN15845,1209-PF-VN-IMPEQN-GENRE,Vietnam,Full,RandomForest,1,1,0.9930358120311245,1
5822,RCN15851,1209-PF-VN-IMPEQN-GENRE,Vietnam,Full,RandomForest,1,0,0.10747283937400418,0
5823,RCN15853,1209-PF-VN-IMPEQN-GENRE,Vietnam,Full,RandomForest,1,0,0.04425546933546751,0
5824,RCN15861,1209-PF-VN-IMPEQN-GENRE,Vietnam,Full,RandomForest,1,0,0.017570216400370667,0
5825,RCN15869,1209-PF-VN-IMPEQN-GENRE,Vietnam,Full,RandomForest,1,1,0.9977936597569906,1
5826,RCN15872,1209-PF-VN-IMPEQN-GENRE,Vietnam,Full,RandomForest,1,1,0.8875106098002123,1
5827,RCN15876,1209-PF-VN-IMPEQN-GENRE,Vietnam,Full,RandomForest,1,1,0.9977936597569906,1
5828,RCN15877,1209-PF-VN-IMPEQN-GENRE,Vietnam,Full,RandomForest,1,0,0.000952459605366452,0
5829,RCN15878,1209-PF-VN-IMPEQN-GENRE,Vietnam,Full,RandomForest,1,1,0.9686632333806314,1
5830,RCN15879,1209-PF-VN-IMPEQN-GENRE,Vietnam,Full,RandomForest,1,1,0.969458333278546,1
5831,RCN15885,1209-PF-VN-IMPEQN-GENRE,Vietnam,Full,RandomForest,1,1,0.9995988483820903,1
5832,RCN15887,1209-PF-VN-IMPEQN-GENRE,Vietnam,Full,RandomForest,1,1,0.8401772716027095,1
5833,RCN15888,1209-PF-VN-IMPEQN-GENRE,Vietnam,Full,RandomForest,1,1,0.9995988483820903,1
5834,RCN15889,1209-PF-VN-IMPEQN-GENRE,Vietnam,Full,RandomForest,1,1,0.8171788191515529,1
5835,RCN15893,1209-PF-VN-IMPEQN-GENRE,Vietnam,Full,RandomForest,1,1,0.9464462969520714,1
5836,RCN15894,1209-PF-VN-IMPEQN-GENRE,Vietnam,Full,RandomForest,1,1,0.9977936597569906,1
5837,RCN15895,1209-PF-VN-IMPEQN-GENRE,Vietnam,Full,RandomForest,1,1,0.9397879186059426,1
5838,RCN15896,1209-PF-VN-IMPEQN-GENRE,Vietnam,Full,RandomForest,1,1,0.9551107312765271,1
5839,RCN15897,1209-PF-VN-IMPEQN-GENRE,Vietnam,Full,RandomForest,1,1,0.6267041184745499,1
5840,RCN15899,1209-PF-VN-IMPEQN-GENRE,Vietnam,Full,RandomForest,1,1,0.9107955532505986,1
5841,RCN15903,1209-PF-VN-IMPEQN-GENRE,Vietnam,Full,RandomForest,1,1,0.9984898650278601,1
5842,RCN15904,1209-PF-VN-IMPEQN-GENRE,Vietnam,Full,RandomForest,1,0,0.006071361344286046,0
5843,RCN15905,1209-PF-VN-IMPEQN-GENRE,Vietnam,Full,RandomForest,1,1,0.8362507989854698,1
5844,RCN15908,1209-PF-VN-IMPEQN-GENRE,Vietnam,Full,RandomForest,1,1,0.9981115178320529,1
5845,RCN15911,1209-PF-VN-IMPEQN-GENRE,Vietnam,Full,RandomForest,1,1,0.9997198292303541,1
5846,RCN15912,1209-PF-VN-IMPEQN-GENRE,Vietnam,Full,RandomForest,1,1,0.9996841023535462,1
5847,RCN15913,1209-PF-VN-IMPEQN-GENRE,Vietnam,Full,RandomForest,1,1,0.9984898650278601,1
5848,RCN15917,1209-PF-VN-IMPEQN-GENRE,Vietnam,Full,RandomForest,1,1,0.9988465424273568,1
5849,RCN15920,1209-PF-VN-IMPEQN-GENRE,Vietnam,Full,RandomForest,1,1,0.8270065276163322,1
5850,RCN15921,1209-PF-VN-IMPEQN-GENRE,Vietnam,Full,RandomForest,1,1,0.9984541381510522,1
5851,RCN15926,1209-PF-VN-IMPEQN-GENRE,Vietnam,Full,RandomForest,1,1,0.9984898650278601,1
5852,RCN15927,1209-PF-VN-IMPEQN-GENRE,Vietnam,Full,RandomForest,1,1,0.8313956449715046,1
5853,RCN15928,1209-PF-VN-IMPEQN-GENRE,Vietnam,Full,RandomForest,1,1,0.9981115178320529,1
5854,RCN15930,1209-PF-VN-IMPEQN-GENRE,Vietnam,Full,RandomForest,1,1,0.9995988483820903,1
5855,RCN15932,1209-PF-VN-IMPEQN-GENRE,Vietnam,Full,RandomForest,1,1,0.858770213152684,1
5856,RCN15934,1209-PF-VN-IMPEQN-GENRE,Vietnam,Full,RandomForest,1,1,0.9838656349463608,1
5857,RCN15936,1209-PF-VN-IMPEQN-GENRE,Vietnam,Full,RandomForest,1,1,0.9997198292303541,1
5858,RCN15937,1209-PF-VN-IMPEQN-GENRE,Vietnam,Full,RandomForest,1,1,0.8239635326393873,1
5859,RCN15942,1209-PF-VN-IMPEQN-GENRE,Vietnam,Full,RandomForest,1,1,0.9981115178320529,1
5860,RCN15943,1209-PF-VN-IMPEQN-GENRE,Vietnam,Full,RandomForest,1,1,0.8736629442963917,1
5861,RCN15944,1209-PF-VN-IMPEQN-GENRE,Vietnam,Full,RandomForest,1,1,0.9935819308230808,1
5862,RCN15946,1209-PF-VN-IMPEQN-GENRE,Vietnam,Full,RandomForest,1,1,0.9981967718035087,1
5863,RCN15948,1209-PF-VN-IMPEQN-GENRE,Vietnam,Full,RandomForest,1,1,0.879047477160977,1
5864,RCN15949,1209-PF-VN-IMPEQN-GENRE,Vietnam,Full,RandomForest,1,1,0.9995988483820903,1
5865,RCN15950,1209-PF-VN-IMPEQN-GENRE,Vietnam,Full,RandomForest,1,1,0.9997198292303541,1
5866,RCN15958,1209-PF-VN-IMPEQN-GENRE,Vietnam,Full,RandomForest,1,1,0.9984898650278601,1
5867,RCN15959,1209-PF-VN-IMPEQN-GENRE,Vietnam,Full,RandomForest,1,1,0.8706397102917611,1
5868,RCN15960,1209-PF-VN-IMPEQN-GENRE,Vietnam,Full,RandomForest,1,1,0.9989207442421157,1
5869,RCN15961,1209-PF-VN-IMPEQN-GENRE,Vietnam,Full,RandomForest,1,1,0.9995988483820903,1
5870,RCN15966,1209-PF-VN-IMPEQN-GENRE,Vietnam,Full,RandomForest,1,1,0.9981115178320529,1
5871,RCN15967,1209-PF-VN-IMPEQN-GENRE,Vietnam,Full,RandomForest,1,1,0.8362507989854698,1
5872,RCN15968,1209-PF-VN-IMPEQN-GENRE,Vietnam,Full,RandomForest,1,1,0.9996841023535462,1
5873,RCN15969,1209-PF-VN-IMPEQN-GENRE,Vietnam,Full,RandomForest,1,1,0.8495215613220988,1
5874,RCN15972,1209-PF-VN-IMPEQN-GENRE,Vietnam,Full,RandomForest,1,1,0.9996841023535462,1
5875,RCN15973,1209-PF-VN-IMPEQN-GENRE,Vietnam,Full,RandomForest,1,1,0.9989207442421157,1
5876,RCN15974,1209-PF-VN-IMPEQN-GENRE,Vietnam,Full,RandomForest,1,1,0.9984898650278601,1
5877,RCN15975,1209-PF-VN-IMPEQN-GENRE,Vietnam,Full,RandomForest,1,1,0.8372723336751551,1
5878,RCN15978,1209-PF-VN-IMPEQN-GENRE,Vietnam,Full,RandomForest,1,1,0.8313956449715046,1
5879,RCN15979,1209-PF-VN-IMPEQN-GENRE,Vietnam,Full,RandomForest,1,1,0.9981115178320529,1
5880,RCN15980,1209-PF-VN-IMPEQN-GENRE,Vietnam,Full,RandomForest,1,1,0.9981967718035087,1
5881,RCN15982,1209-PF-VN-IMPEQN-GENRE,Vietnam,Full,RandomForest,1,1,0.9997198292303541,1
5882,RCN15983,1209-PF-VN-IMPEQN-GENRE,Vietnam,Full,RandomForest,1,1,0.9981115178320529,1
5883,RCN15986,1209-PF-VN-IMPEQN-GENRE,Vietnam,Full,RandomForest,1,1,0.9967899778177616,1
5884,RCN15987,1209-PF-VN-IMPEQN-GENRE,Vietnam,Full,RandomForest,1,1,0.9984898650278601,1
5885,RCN15988,1209-PF-VN-IMPEQN-GENRE,Vietnam,Full,RandomForest,1,1,0.9984541381510522,1
5886,RCN15989,1209-PF-VN-IMPEQN-GENRE,Vietnam,Full,RandomForest,1,1,0.9981115178320529,1
5887,RCN15990,1209-PF-VN-IMPEQN-GENRE,Vietnam,Full,RandomForest,1,1,0.9989631411809131,1
5888,RCN15991,1209-PF-VN-IMPEQN-GENRE,Vietnam,Full,RandomForest,1,1,0.8239635326393873,1
5889,RCN15994,1209-PF-VN-IMPEQN-GENRE,Vietnam,Full,RandomForest,1,1,0.996740348354683,1
5890,RCN15995,1209-PF-VN-IMPEQN-GENRE,Vietnam,Full,RandomForest,1,1,0.9984898650278601,1
5891,RCN15996,1209-PF-VN-IMPEQN-GENRE,Vietnam,Full,RandomForest,1,1,0.9997198292303541,1
5892,RCN15997,1209-PF-VN-IMPEQN-GENRE,Vietnam,Full,RandomForest,1,1,0.990793856985006,1
5893,RCN15998,1209-PF-VN-IMPEQN-GENRE,Vietnam,Full,RandomForest,1,1,0.9988465424273568,1
5894,RCN15999,1209-PF-VN-IMPEQN-GENRE,Vietnam,Full,RandomForest,1,1,0.8372723336751551,1
5895,RCN16002,1209-PF-VN-IMPEQN-GENRE,Vietnam,Full,RandomForest,1,1,0.984811650548086,1
5896,RCN16003,1209-PF-VN-IMPEQN-GENRE,Vietnam,Full,RandomForest,1,1,0.8270065276163322,1
5897,RCN16004,1209-PF-VN-IMPEQN-GENRE,Vietnam,Full,RandomForest,1,1,0.9981115178320529,1
5898,RCN16005,1209-PF-VN-IMPEQN-GENRE,Vietnam,Full,RandomForest,1,1,0.9984898650278601,1
5899,RCN16006,1209-PF-VN-IMPEQN-GENRE,Vietnam,Full,RandomForest,1,1,0.9981115178320529,1
5900,RCN16007,1209-PF-VN-IMPEQN-GENRE,Vietnam,Full,RandomForest,1,0,0.013735968341175755,0
5901,RCN16010,1209-PF-VN-IMPEQN-GENRE,Vietnam,Full,RandomForest,1,1,0.9471839758934333,1
5902,RCN16011,1209-PF-VN-IMPEQN-GENRE,Vietnam,Full,RandomForest,1,1,0.9712533122010916,1
5903,RCN16012,1209-PF-VN-IMPEQN-GENRE,Vietnam,Full,RandomForest,1,1,0.8324885070154144,1
5904,RCN16014,1209-PF-VN-IMPEQN-GENRE,Vietnam,Full,RandomForest,1,0,0.3100682981399709,0
5905,RCN16015,1209-PF-VN-IMPEQN-GENRE,Vietnam,Full,RandomForest,1,0,0.2863075035309536,0
5906,RCN16019,1209-PF-VN-IMPEQN-GENRE,Vietnam,Full,RandomForest,1,1,0.8566648222427332,1
5907,RCN16020,1209-PF-VN-IMPEQN-GENRE,Vietnam,Full,RandomForest,1,0,0.8140999059908897,1
5908,RCN16022,1209-PF-VN-IMPEQN-GENRE,Vietnam,Full,RandomForest,1,1,0.8313956449715046,1
5909,RCN16023,1209-PF-VN-IMPEQN-GENRE,Vietnam,Full,RandomForest,1,0,0.8685626990469489,1
5910,RCN16026,1209-PF-VN-IMPEQN-GENRE,Vietnam,Full,RandomForest,1,1,0.8498568518162825,1
5911,RCN16027,1209-PF-VN-IMPEQN-GENRE,Vietnam,Full,RandomForest,1,1,0.8313956449715046,1
5912,RCN16029,1209-PF-VN-IMPEQN-GENRE,Vietnam,Full,RandomForest,1,1,0.9907086030135501,1
5913,RCN16031,1209-PF-VN-IMPEQN-GENRE,Vietnam,Full,RandomForest,1,0,0.8676013387310775,1
5914,RCN16036,1209-PF-VN-IMPEQN-GENRE,Vietnam,Full,RandomForest,1,1,0.9848848244782121,1
5915,RCN16037,1209-PF-VN-IMPEQN-GENRE,Vietnam,Full,RandomForest,1,0,0.8276647293073591,1
5916,RCN16038,1209-PF-VN-IMPEQN-GENRE,Vietnam,Full,RandomForest,1,0,0.8685626990469489,1
5917,RCN16039,1209-PF-VN-IMPEQN-GENRE,Vietnam,Full,RandomForest,1,0,0.8212187692716484,1
5918,RCN16042,1209-PF-VN-IMPEQN-GENRE,Vietnam,Full,RandomForest,1,0,0.8276647293073591,1
5919,RCN16043,1209-PF-VN-IMPEQN-GENRE,Vietnam,Full,RandomForest,1,0,0.8206155010895082,1
5920,RCN16045,1209-PF-VN-IMPEQN-GENRE,Vietnam,Full,RandomForest,1,1,0.9981115178320529,1
5921,RCN16046,1209-PF-VN-IMPEQN-GENRE,Vietnam,Full,RandomForest,1,1,0.8313956449715046,1
5922,RCN16047,1209-PF-VN-IMPEQN-GENRE,Vietnam,Full,RandomForest,1,1,0.9984898650278601,1
5923,RCN16048,1209-PF-VN-IMPEQN-GENRE,Vietnam,Full,RandomForest,1,1,0.7887971259976081,1
5924,RCN16049,1209-PF-VN-IMPEQN-GENRE,Vietnam,Full,RandomForest,1,1,0.9981115178320529,1
5925,RCN16050,1209-PF-VN-IMPEQN-GENRE,Vietnam,Full,RandomForest,1,1,0.8457992581030278,1
5974,RCN18470,1209-PF-VN-IMPEQN-GENRE,Vietnam,Full,RandomForest,1,1,0.9981115178320529,1
5975,RCN18472,1209-PF-VN-IMPEQN-GENRE,Vietnam,Full,RandomForest,1,1,0.8576427104650662,1
5976,RCN18475,1209-PF-VN-IMPEQN-GENRE,Vietnam,Full,RandomForest,1,1,0.9989207442421157,1
5977,RCN18477,1209-PF-VN-IMPEQN-GENRE,Vietnam,Full,RandomForest,1,1,0.9989703737051944,1
5978,RCN18478,1209-PF-VN-IMPEQN-GENRE,Vietnam,Full,RandomForest,1,1,0.9984898650278601,1
5979,RCN18481,1209-PF-VN-IMPEQN-GENRE,Vietnam,Full,RandomForest,1,1,0.9984898650278601,1
5980,RCN18485,1209-PF-VN-IMPEQN-GENRE,Vietnam,Full,RandomForest,1,1,0.9981967718035087,1
5981,RCN18488,1209-PF-VN-IMPEQN-GENRE,Vietnam,Full,RandomForest,1,1,0.9984541381510522,1
5982,RCN18489,1209-PF-VN-IMPEQN-GENRE,Vietnam,Full,RandomForest,1,1,0.9995988483820903,1
5983,RCN18492,1209-PF-VN-IMPEQN-GENRE,Vietnam,Full,RandomForest,1,1,0.9903260125725539,1
5984,RCN18493,1209-PF-VN-IMPEQN-GENRE,Vietnam,Full,RandomForest,1,1,0.9981115178320529,1
5985,RCN18494,1209-PF-VN-IMPEQN-GENRE,Vietnam,Full,RandomForest,1,1,0.9981115178320529,1
5986,RCN18495,1209-PF-VN-IMPEQN-GENRE,Vietnam,Full,RandomForest,1,1,0.9319698485549138,1
5987,RCN18496,1209-PF-VN-IMPEQN-GENRE,Vietnam,Full,RandomForest,1,1,0.9984898650278601,1
5988,RCN18497,1209-PF-VN-IMPEQN-GENRE,Vietnam,Full,RandomForest,1,1,0.9346417243678049,1
5989,RCN18500,1209-PF-VN-IMPEQN-GENRE,Vietnam,Full,RandomForest,1,1,0.9984898650278601,1
5990,RCN18502,1209-PF-VN-IMPEQN-GENRE,Vietnam,Full,RandomForest,1,1,0.991349615080419,1
5991,RCN18503,1209-PF-VN-IMPEQN-GENRE,Vietnam,Full,RandomForest,1,1,0.9984898650278601,1
5992,RCN18504,1209-PF-VN-IMPEQN-GENRE,Vietnam,Full,RandomForest,1,1,0.8239635326393873,1
5993,RCN18505,1209-PF-VN-IMPEQN-GENRE,Vietnam,Full,RandomForest,1,1,0.996740348354683,1
5994,RCN18508,1209-PF-VN-IMPEQN-GENRE,Vietnam,Full,RandomForest,1,1,0.9984898650278601,1
5995,RCN18509,1209-PF-VN-IMPEQN-GENRE,Vietnam,Full,RandomForest,1,1,0.9984898650278601,1
5996,RCN18510,1209-PF-VN-IMPEQN-GENRE,Vietnam,Full,RandomForest,1,1,0.9995988483820903,1
5997,RCN18511,1209-PF-VN-IMPEQN-GENRE,Vietnam,Full,RandomForest,1,1,0.9981115178320529,1
5998,RCN18512,1209-PF-VN-IMPEQN-GENRE,Vietnam,Full,RandomForest,1,1,0.9997198292303541,1
5999,RCN18513,1209-PF-VN-IMPEQN-GENRE,Vietnam,Full,RandomForest,1,1,0.9984898650278601,1
6000,RCN18518,1209-PF-VN-IMPEQN-GENRE,Vietnam,Full,RandomForest,1,1,0.9984898650278601,1
6001,RCN18519,1209-PF-VN-IMPEQN-GENRE,Vietnam,Full,RandomForest,1,1,0.9903260125725539,1
6002,RCN18520,1209-PF-VN-IMPEQN-GENRE,Vietnam,Full,RandomForest,1,1,0.9987469976093657,1
6003,RCN18521,1209-PF-VN-IMPEQN-GENRE,Vietnam,Full,RandomForest,1,1,0.9202939619839383,1
6004,RCN18524,1209-PF-VN-IMPEQN-GENRE,Vietnam,Full,RandomForest,1,1,0.9984898650278601,1
6005,RCN18525,1209-PF-VN-IMPEQN-GENRE,Vietnam,Full,RandomForest,1,1,0.9821122087273754,1
6006,RCN18527,1209-PF-VN-IMPEQN-GENRE,Vietnam,Full,RandomForest,1,1,0.9983883842806485,1
6007,RCN18528,1209-PF-VN-IMPEQN-GENRE,Vietnam,Full,RandomForest,1,1,0.9948706495665017,1
6008,RCN18529,1209-PF-VN-IMPEQN-GENRE,Vietnam,Full,RandomForest,1,1,0.9981115178320529,1
6009,RCN18534,1209-PF-VN-IMPEQN-GENRE,Vietnam,Full,RandomForest,1,1,0.9985954041267181,1
6010,RCN18536,1209-PF-VN-IMPEQN-GENRE,Vietnam,Full,RandomForest,1,1,0.9981967718035087,1
6011,RCN18540,1209-PF-VN-IMPEQN-GENRE,Vietnam,Full,RandomForest,1,1,0.9981115178320529,1
6012,RCN18542,1209-PF-VN-IMPEQN-GENRE,Vietnam,Full,RandomForest,1,1,0.9981967718035087,1
6013,RCN18543,1209-PF-VN-IMPEQN-GENRE,Vietnam,Full,RandomForest,1,1,0.9997198292303541,1
6014,RCN18544,1209-PF-VN-IMPEQN-GENRE,Vietnam,Full,RandomForest,1,1,0.9993157833598046,1
6015,RCN18545,1209-PF-VN-IMPEQN-GENRE,Vietnam,Full,RandomForest,1,1,0.9160483897004619,1
6016,RCN18549,1209-PF-VN-IMPEQN-GENRE,Vietnam,Full,RandomForest,1,1,0.9907086030135501,1
6017,RCN18550,1209-PF-VN-IMPEQN-GENRE,Vietnam,Full,RandomForest,1,1,0.990793856985006,1
6018,RCN18551,1209-PF-VN-IMPEQN-GENRE,Vietnam,Full,RandomForest,1,1,0.9981115178320529,1
6019,RCN18552,1209-PF-VN-IMPEQN-GENRE,Vietnam,Full,RandomForest,1,1,0.9998835480766692,1
6020,RCN18553,1209-PF-VN-IMPEQN-GENRE,Vietnam,Full,RandomForest,1,1,0.9988465424273568,1
6021,RCN18560,1209-PF-VN-IMPEQN-GENRE,Vietnam,Full,RandomForest,1,1,0.9984898650278601,1
6022,RCN18564,1209-PF-VN-IMPEQN-GENRE,Vietnam,Full,RandomForest,1,1,0.6327491065523337,1
6023,RCN18565,1209-PF-VN-IMPEQN-GENRE,Vietnam,Full,RandomForest,1,1,0.986797080352342,1
6024,RCN18566,1209-PF-VN-IMPEQN-GENRE,Vietnam,Full,RandomForest,1,1,0.9930358120311245,1
6025,RCN18567,1209-PF-VN-IMPEQN-GENRE,Vietnam,Full,RandomForest,1,1,0.987704908739684,1
6026,RCN18572,1209-PF-VN-IMPEQN-GENRE,Vietnam,Full,RandomForest,1,1,0.9977936597569906,1
6027,RCN18573,1209-PF-VN-IMPEQN-GENRE,Vietnam,Full,RandomForest,1,1,0.9995988483820903,1
6028,RCN18574,1209-PF-VN-IMPEQN-GENRE,Vietnam,Full,RandomForest,1,1,0.9930358120311245,1
6029,RCN18575,1209-PF-VN-IMPEQN-GENRE,Vietnam,Full,RandomForest,1,1,0.9930358120311245,1
6030,RCN18578,1209-PF-VN-IMPEQN-GENRE,Vietnam,Full,RandomForest,1,0,0.3822981152937651,0
6031,RCN18581,1209-PF-VN-IMPEQN-GENRE,Vietnam,Full,RandomForest,1,0,0.2907151630881847,0
6032,RCN18582,1209-PF-VN-IMPEQN-GENRE,Vietnam,Full,RandomForest,1,0,0.005975693296962352,0
6033,RCN18583,1209-PF-VN-IMPEQN-GENRE,Vietnam,Full,RandomForest,1,1,0.9820081934770496,1
6034,RCN18586,1209-PF-VN-IMPEQN-GENRE,Vietnam,Full,RandomForest,1,1,0.9981115178320529,1
6035,RCN18587,1209-PF-VN-IMPEQN-GENRE,Vietnam,Full,RandomForest,1,1,0.9984898650278601,1
6036,RCN18588,1209-PF-VN-IMPEQN-GENRE,Vietnam,Full,RandomForest,1,1,0.9981115178320529,1
6037,RCN18589,1209-PF-VN-IMPEQN-GENRE,Vietnam,Full,RandomForest,1,1,0.9981115178320529,1
6038,RCN18590,1209-PF-VN-IMPEQN-GENRE,Vietnam,Full,RandomForest,1,1,0.7350071773090464,1
6039,RCN18591,1209-PF-VN-IMPEQN-GENRE,Vietnam,Full,RandomForest,1,1,0.7304982526558463,1
6040,RCN18593,1209-PF-VN-IMPEQN-GENRE,Vietnam,Full,RandomForest,1,1,0.9835924956310096,1
6041,RCN18594,1209-PF-VN-IMPEQN-GENRE,Vietnam,Full,RandomForest,1,1,0.9816235205712863,1
6042,RCN18603,1209-PF-VN-IMPEQN-GENRE,Vietnam,Full,RandomForest,1,1,0.9984898650278601,1
6043,RCN18605,1209-PF-VN-IMPEQN-GENRE,Vietnam,Full,RandomForest,1,1,0.9980955910264191,1
6044,RCN18607,1209-PF-VN-IMPEQN-GENRE,Vietnam,Full,RandomForest,1,1,0.9981967718035087,1
6045,RCN18609,1209-PF-VN-IMPEQN-GENRE,Vietnam,Full,RandomForest,1,1,0.9985565756689959,1
6046,RCN18611,1209-PF-VN-IMPEQN-GENRE,Vietnam,Full,RandomForest,1,1,0.9995988483820903,1
6047,RCN18612,1209-PF-VN-IMPEQN-GENRE,Vietnam,Full,RandomForest,1,1,0.9984898650278601,1
6048,RCN18613,1209-PF-VN-IMPEQN-GENRE,Vietnam,Full,RandomForest,1,1,0.8768735699887624,1
6049,RCN18614,1209-PF-VN-IMPEQN-GENRE,Vietnam,Full,RandomForest,1,1,0.8453627862700595,1
6050,RCN18615,1209-PF-VN-IMPEQN-GENRE,Vietnam,Full,RandomForest,1,1,0.9984898650278601,1
6051,RCN18618,1209-PF-VN-IMPEQN-GENRE,Vietnam,Full,RandomForest,1,1,0.8944775478914191,1
6052,RCN18619,1209-PF-VN-IMPEQN-GENRE,Vietnam,Full,RandomForest,1,1,0.8906605421564189,1
6053,RCN18620,1209-PF-VN-IMPEQN-GENRE,Vietnam,Full,RandomForest,1,1,0.8313956449715046,1
6054,RCN18621,1209-PF-VN-IMPEQN-GENRE,Vietnam,Full,RandomForest,1,1,0.8457992581030278,1
6055,RCN18622,1209-PF-VN-IMPEQN-GENRE,Vietnam,Full,RandomForest,1,1,0.8313956449715046,1
6056,RCN18623,1209-PF-VN-IMPEQN-GENRE,Vietnam,Full,RandomForest,1,1,0.8768735699887624,1
6057,RCN18627,1209-PF-VN-IMPEQN-GENRE,Vietnam,Full,RandomForest,1,1,0.9997198292303541,1
6058,RCN18628,1209-PF-VN-IMPEQN-GENRE,Vietnam,Full,RandomForest,1,1,0.8778513575652491,1
6059,RCN18630,1209-PF-VN-IMPEQN-GENRE,Vietnam,Full,RandomForest,1,1,0.9997198292303541,1
6060,RCN18631,1209-PF-VN-IMPEQN-GENRE,Vietnam,Full,RandomForest,1,1,0.8313956449715046,1
6061,RCN18633,1209-PF-VN-IMPEQN-GENRE,Vietnam,Full,RandomForest,1,1,0.9981115178320529,1
6062,RCN18634,1209-PF-VN-IMPEQN-GENRE,Vietnam,Full,RandomForest,1,1,0.9948118950255749,1
6063,RCN18635,1209-PF-VN-IMPEQN-GENRE,Vietnam,Full,RandomForest,1,1,0.9995988483820903,1
6064,RCN18636,1209-PF-VN-IMPEQN-GENRE,Vietnam,Full,RandomForest,1,1,0.9981115178320529,1
6065,RCN18637,1209-PF-VN-IMPEQN-GENRE,Vietnam,Full,RandomForest,1,1,0.9996841023535462,1
6066,RCN18638,1209-PF-VN-IMPEQN-GENRE,Vietnam,Full,RandomForest,1,1,0.9984898650278601,1
6067,RCN18639,1209-PF-VN-IMPEQN-GENRE,Vietnam,Full,RandomForest,1,1,0.9981115178320529,1
6068,RCN18641,1209-PF-VN-IMPEQN-GENRE,Vietnam,Full,RandomForest,1,1,0.9984541381510522,1
6069,RCN18644,1209-PF-VN-IMPEQN-GENRE,Vietnam,Full,RandomForest,1,1,0.9984898650278601,1
6070,RCN18646,1209-PF-VN-IMPEQN-GENRE,Vietnam,Full,RandomForest,1,1,0.990793856985006,1
6071,RCN18647,1209-PF-VN-IMPEQN-GENRE,Vietnam,Full,RandomForest,1,1,0.9981115178320529,1
6072,RCN18649,1209-PF-VN-IMPEQN-GENRE,Vietnam,Full,RandomForest,1,1,0.9991907338170382,1
6073,RCN18651,1209-PF-VN-IMPEQN-GENRE,Vietnam,Full,RandomForest,1,1,0.9984541381510522,1
6074,RCN18654,1209-PF-VN-IMPEQN-GENRE,Vietnam,Full,RandomForest,1,1,0.9995988483820903,1
6075,RCN18655,1209-PF-VN-IMPEQN-GENRE,Vietnam,Full,RandomForest,1,1,0.9997198292303541,1
6076,RCN18658,1209-PF-VN-IMPEQN-GENRE,Vietnam,Full,RandomForest,1,1,0.9984898650278601,1
6077,RCN18659,1209-PF-VN-IMPEQN-GENRE,Vietnam,Full,RandomForest,1,1,0.9984898650278601,1
6078,RCN18660,1209-PF-VN-IMPEQN-GENRE,Vietnam,Full,RandomForest,1,1,0.9984898650278601,1
6079,RCN18662,1209-PF-VN-IMPEQN-GENRE,Vietnam,Full,RandomForest,1,1,0.9996841023535462,1
6080,RCN18664,1209-PF-VN-IMPEQN-GENRE,Vietnam,Full,RandomForest,1,1,0.9997198292303541,1
6081,RCN18665,1209-PF-VN-IMPEQN-GENRE,Vietnam,Full,RandomForest,1,1,0.9981115178320529,1
6082,RCN18666,1209-PF-VN-IMPEQN-GENRE,Vietnam,Full,RandomForest,1,1,0.9995988483820903,1
6083,RCN18667,1209-PF-VN-IMPEQN-GENRE,Vietnam,Full,RandomForest,1,1,0.9997198292303541,1
6084,RCN18668,1209-PF-VN-IMPEQN-GENRE,Vietnam,Full,RandomForest,1,1,0.9987469976093657,1
6085,RCN18669,1209-PF-VN-IMPEQN-GENRE,Vietnam,Full,RandomForest,1,1,0.9995988483820903,1
6086,RCN18671,1209-PF-VN-IMPEQN-GENRE,Vietnam,Full,RandomForest,1,1,0.9995988483820903,1
6087,RCN18672,1209-PF-VN-IMPEQN-GENRE,Vietnam,Full,RandomForest,1,1,0.9995988483820903,1
6088,RCN18673,1209-PF-VN-IMPEQN-GENRE,Vietnam,Full,RandomForest,1,1,0.9995988483820903,1
6089,RCN18675,1209-PF-VN-IMPEQN-GENRE,Vietnam,Full,RandomForest,1,1,0.9987899731907843,1
6090,RCN18676,1209-PF-VN-IMPEQN-GENRE,Vietnam,Full,RandomForest,1,1,0.9995988483820903,1
6091,RCN18677,1209-PF-VN-IMPEQN-GENRE,Vietnam,Full,RandomForest,1,1,0.9981115178320529,1
6092,RCN18680,1209-PF-VN-IMPEQN-GENRE,Vietnam,Full,RandomForest,1,1,0.9930358120311245,1
6093,RCN18681,1209-PF-VN-IMPEQN-GENRE,Vietnam,Full,RandomForest,1,1,0.9987899731907843,1
6094,RCN18682,1209-PF-VN-IMPEQN-GENRE,Vietnam,Full,RandomForest,1,1,0.9997198292303541,1
6095,RCN18683,1209-PF-VN-IMPEQN-GENRE,Vietnam,Full,RandomForest,1,1,0.9996841023535462,1
6096,RCN18684,1209-PF-VN-IMPEQN-GENRE,Vietnam,Full,RandomForest,1,1,0.9995988483820903,1
6097,RCN18685,1209-PF-VN-IMPEQN-GENRE,Vietnam,Full,RandomForest,1,1,0.9997198292303541,1
6098,RCN18687,1209-PF-VN-IMPEQN-GENRE,Vietnam,Full,RandomForest,1,1,0.9991907338170382,1
6099,RCN18688,1209-PF-VN-IMPEQN-GENRE,Vietnam,Full,RandomForest,1,1,0.9984541381510522,1
6100,RCN18689,1209-PF-VN-IMPEQN-GENRE,Vietnam,Full,RandomForest,1,1,0.9997198292303541,1
6101,RCN18690,1209-PF-VN-IMPEQN-GENRE,Vietnam,Full,RandomForest,1,1,0.9980955910264191,1
6102,RCN18691,1209-PF-VN-IMPEQN-GENRE,Vietnam,Full,RandomForest,1,1,0.9995988483820903,1
6103,RCN18692,1209-PF-VN-IMPEQN-GENRE,Vietnam,Full,RandomForest,1,1,0.9997198292303541,1
6104,RCN18693,1209-PF-VN-IMPEQN-GENRE,Vietnam,Full,RandomForest,1,1,0.9987899731907843,1
6105,RCN18695,1209-PF-VN-IMPEQN-GENRE,Vietnam,Full,RandomForest,1,1,0.9997198292303541,1
6106,RCN18696,1209-PF-VN-IMPEQN-GENRE,Vietnam,Full,RandomForest,1,1,0.9981115178320529,1
6107,RCN18697,1209-PF-VN-IMPEQN-GENRE,Vietnam,Full,RandomForest,1,1,0.9984898650278601,1
6108,RCN18698,1209-PF-VN-IMPEQN-GENRE,Vietnam,Full,RandomForest,1,1,0.9996841023535462,1
6109,RCN18699,1209-PF-VN-IMPEQN-GENRE,Vietnam,Full,RandomForest,1,1,0.9995988483820903,1
6110,RCN18700,1209-PF-VN-IMPEQN-GENRE,Vietnam,Full,RandomForest,1,1,0.9984898650278601,1
6111,RCN18701,1209-PF-VN-IMPEQN-GENRE,Vietnam,Full,RandomForest,1,1,0.9997198292303541,1
6112,RCN18704,1209-PF-VN-IMPEQN-GENRE,Vietnam,Full,RandomForest,1,1,0.9981115178320529,1
6113,RCN18705,1209-PF-VN-IMPEQN-GENRE,Vietnam,Full,RandomForest,1,1,0.9984898650278601,1
6114,RCN18706,1209-PF-VN-IMPEQN-GENRE,Vietnam,Full,RandomForest,1,1,0.9995988483820903,1
6115,RCN18707,1209-PF-VN-IMPEQN-GENRE,Vietnam,Full,RandomForest,1,1,0.9997198292303541,1
6116,RCN18708,1209-PF-VN-IMPEQN-GENRE,Vietnam,Full,RandomForest,1,1,0.9984898650278601,1
6117,RCN18709,1209-PF-VN-IMPEQN-GENRE,Vietnam,Full,RandomForest,1,1,0.9984898650278601,1
6118,RCN18712,1209-PF-VN-IMPEQN-GENRE,Vietnam,Full,RandomForest,1,1,0.9997198292303541,1
6119,RCN18713,1209-PF-VN-IMPEQN-GENRE,Vietnam,Full,RandomForest,1,1,0.9984898650278601,1
6120,RCN18714,1209-PF-VN-IMPEQN-GENRE,Vietnam,Full,RandomForest,1,0,0.1329763141637333,0
6121,RCN18715,1209-PF-VN-IMPEQN-GENRE,Vietnam,Full,RandomForest,1,0,0.15103473875968,0
6122,RCN18716,1209-PF-VN-IMPEQN-GENRE,Vietnam,Full,RandomForest,1,0,0.0942909565225751,0
6123,RCN18717,1209-PF-VN-IMPEQN-GENRE,Vietnam,Full,RandomForest,1,0,0.06596614269785672,0
6124,RCN18718,1209-PF-VN-IMPEQN-GENRE,Vietnam,Full,RandomForest,1,0,0.13108041674937257,0
6125,RCN18719,1209-PF-VN-IMPEQN-GENRE,Vietnam,Full,RandomForest,1,0,0.1578078108692889,0
6126,RCN18720,1209-PF-VN-IMPEQN-GENRE,Vietnam,Full,RandomForest,1,0,0.06284686298787846,0
6127,RCN18722,1209-PF-VN-IMPEQN-GENRE,Vietnam,Full,RandomForest,1,0,0.13414541737407104,0
6128,RCN18723,1209-PF-VN-IMPEQN-GENRE,Vietnam,Full,RandomForest,1,0,0.8724923671350507,1
6129,RCN18724,1209-PF-VN-IMPEQN-GENRE,Vietnam,Full,RandomForest,1,0,0.8724923671350507,1
6130,RCN18725,1209-PF-VN-IMPEQN-GENRE,Vietnam,Full,RandomForest,1,1,0.9977936597569906,1
6131,RCN18728,1209-PF-VN-IMPEQN-GENRE,Vietnam,Full,RandomForest,1,1,0.9903260125725539,1
6132,RCN18729,1209-PF-VN-IMPEQN-GENRE,Vietnam,Full,RandomForest,1,1,0.8313956449715046,1
6133,RCN18730,1209-PF-VN-IMPEQN-GENRE,Vietnam,Full,RandomForest,1,1,0.8372723336751551,1
6134,RCN18731,1209-PF-VN-IMPEQN-GENRE,Vietnam,Full,RandomForest,1,1,0.8457992581030278,1
6135,RCN18732,1209-PF-VN-IMPEQN-GENRE,Vietnam,Full,RandomForest,1,1,0.8239635326393873,1
6136,RCN18733,1209-PF-VN-IMPEQN-GENRE,Vietnam,Full,RandomForest,1,1,0.8962209047807486,1
6137,RCN18734,1209-PF-VN-IMPEQN-GENRE,Vietnam,Full,RandomForest,1,1,0.8313956449715046,1
6138,RCN18735,1209-PF-VN-IMPEQN-GENRE,Vietnam,Full,RandomForest,1,1,0.8313956449715046,1
6139,RCN18736,1209-PF-VN-IMPEQN-GENRE,Vietnam,Full,RandomForest,1,1,0.8313956449715046,1
6140,RCN18737,1209-PF-VN-IMPEQN-GENRE,Vietnam,Full,RandomForest,1,1,0.8457992581030278,1
6141,RCN18738,1209-PF-VN-IMPEQN-GENRE,Vietnam,Full,RandomForest,1,1,0.8457992581030278,1
6142,RCN18739,1209-PF-VN-IMPEQN-GENRE,Vietnam,Full,RandomForest,1,0,0.006077756249649755,0
6143,RCN18740,1209-PF-VN-IMPEQN-GENRE,Vietnam,Full,RandomForest,1,1,0.9810421564416152,1
6144,RCN18741,1209-PF-VN-IMPEQN-GENRE,Vietnam,Full,RandomForest,1,1,0.9820509286164765,1
6145,RCN18743,1209-PF-VN-IMPEQN-GENRE,Vietnam,Full,RandomForest,1,1,0.9971741370714343,1
6146,RCN18744,1209-PF-VN-IMPEQN-GENRE,Vietnam,Full,RandomForest,1,1,0.9838656349463608,1
6147,RCN18745,1209-PF-VN-IMPEQN-GENRE,Vietnam,Full,RandomForest,1,1,0.9838656349463608,1
6148,RCN18747,1209-PF-VN-IMPEQN-GENRE,Vietnam,Full,RandomForest,1,1,0.9807908908273462,1
6149,RCN18748,1209-PF-VN-IMPEQN-GENRE,Vietnam,Full,RandomForest,1,1,0.9810421564416152,1
6150,RCN18749,1209-PF-VN-IMPEQN-GENRE,Vietnam,Full,RandomForest,1,1,0.9930358120311245,1
6418,RCN24787,1209-PF-VN-IMPEQN-GENRE,Vietnam,Full,RandomForest,1,1,0.9995988483820903,1
6419,RCN24788,1209-PF-VN-IMPEQN-GENRE,Vietnam,Full,RandomForest,1,1,0.9981115178320529,1
6420,RCN24789,1209-PF-VN-IMPEQN-GENRE,Vietnam,Full,RandomForest,1,0,0.8822576153667808,1
6421,RCN24790,1209-PF-VN-IMPEQN-GENRE,Vietnam,Full,RandomForest,1,1,0.9930358120311245,1
6422,RCN24791,1209-PF-VN-IMPEQN-GENRE,Vietnam,Full,RandomForest,1,0,0.04402021763757068,0
6423,RCN24792,1209-PF-VN-IMPEQN-GENRE,Vietnam,Full,RandomForest,1,1,0.9995988483820903,1
6424,RCN24793,1209-PF-VN-IMPEQN-GENRE,Vietnam,Full,RandomForest,1,1,0.9977936597569906,1
6425,RCN24794,1209-PF-VN-IMPEQN-GENRE,Vietnam,Full,RandomForest,1,0,0.3976154646758259,0
6426,RCN24795,1209-PF-VN-IMPEQN-GENRE,Vietnam,Full,RandomForest,1,1,0.990793856985006,1
6427,RCN24796,1209-PF-VN-IMPEQN-GENRE,Vietnam,Full,RandomForest,1,1,0.9984541381510522,1
6428,RCN24797,1209-PF-VN-IMPEQN-GENRE,Vietnam,Full,RandomForest,1,1,0.9997198292303541,1
6429,RCN24798,1209-PF-VN-IMPEQN-GENRE,Vietnam,Full,RandomForest,1,1,0.986797080352342,1
6430,RCN24799,1209-PF-VN-IMPEQN-GENRE,Vietnam,Full,RandomForest,1,1,0.9981115178320529,1
6431,RCN24800,1209-PF-VN-IMPEQN-GENRE,Vietnam,Full,RandomForest,1,1,0.986797080352342,1
6432,RCN24801,1209-PF-VN-IMPEQN-GENRE,Vietnam,Full,RandomForest,1,1,0.9981967718035087,1
6433,RCN24802,1209-PF-VN-IMPEQN-GENRE,Vietnam,Full,RandomForest,1,1,0.9984898650278601,1
6434,RCN24803,1209-PF-VN-IMPEQN-GENRE,Vietnam,Full,RandomForest,1,1,0.9981115178320529,1
6435,RCN24804,1209-PF-VN-IMPEQN-GENRE,Vietnam,Full,RandomForest,1,1,0.9996841023535462,1
6436,RCN24805,1209-PF-VN-IMPEQN-GENRE,Vietnam,Full,RandomForest,1,1,0.9988465424273568,1
6437,RCN24806,1209-PF-VN-IMPEQN-GENRE,Vietnam,Full,RandomForest,1,1,0.9995988483820903,1
6438,RCN24807,1209-PF-VN-IMPEQN-GENRE,Vietnam,Full,RandomForest,1,1,0.9984541381510522,1
6439,RCN24808,1209-PF-VN-IMPEQN-GENRE,Vietnam,Full,RandomForest,1,1,0.9984898650278601,1
6440,RCN24809,1209-PF-VN-IMPEQN-GENRE,Vietnam,Full,RandomForest,1,1,0.9981115178320529,1
6441,RCN24810,1209-PF-VN-IMPEQN-GENRE,Vietnam,Full,RandomForest,1,1,0.9997198292303541,1
6442,RCN24811,1209-PF-VN-IMPEQN-GENRE,Vietnam,Full,RandomForest,1,1,0.9981115178320529,1
6443,RCN24812,1209-PF-VN-IMPEQN-GENRE,Vietnam,Full,RandomForest,1,1,0.9995988483820903,1
6444,RCN24813,1209-PF-VN-IMPEQN-GENRE,Vietnam,Full,RandomForest,1,1,0.9995988483820903,1
6445,RCN24814,1209-PF-VN-IMPEQN-GENRE,Vietnam,Full,RandomForest,1,1,0.9984898650278601,1
6446,RCN24815,1209-PF-VN-IMPEQN-GENRE,Vietnam,Full,RandomForest,1,1,0.9984898650278601,1
6447,RCN24816,1209-PF-VN-IMPEQN-GENRE,Vietnam,Full,RandomForest,1,1,0.9984898650278601,1
6448,RCN24817,1209-PF-VN-IMPEQN-GENRE,Vietnam,Full,RandomForest,1,1,0.9977936597569906,1
6449,RCN24818,1209-PF-VN-IMPEQN-GENRE,Vietnam,Full,RandomForest,1,1,0.9984898650278601,1
6450,RCN24819,1209-PF-VN-IMPEQN-GENRE,Vietnam,Full,RandomForest,1,1,0.9997198292303541,1
6451,RCN24820,1209-PF-VN-IMPEQN-GENRE,Vietnam,Full,RandomForest,1,1,0.9997198292303541,1
6452,RCN24821,1209-PF-VN-IMPEQN-GENRE,Vietnam,Full,RandomForest,1,1,0.9995988483820903,1
6453,RCN24822,1209-PF-VN-IMPEQN-GENRE,Vietnam,Full,RandomForest,1,1,0.7077410254401432,1
6454,RCN24823,1209-PF-VN-IMPEQN-GENRE,Vietnam,Full,RandomForest,1,1,0.9977936597569906,1
6455,RCN24824,1209-PF-VN-IMPEQN-GENRE,Vietnam,Full,RandomForest,1,1,0.9997198292303541,1
6456,RCN24825,1209-PF-VN-IMPEQN-GENRE,Vietnam,Full,RandomForest,1,1,0.9997198292303541,1
6457,RCN24826,1209-PF-VN-IMPEQN-GENRE,Vietnam,Full,RandomForest,1,1,0.9984898650278601,1
6458,RCN24827,1209-PF-VN-IMPEQN-GENRE,Vietnam,Full,RandomForest,1,1,0.9996841023535462,1
6459,RCN24828,1209-PF-VN-IMPEQN-GENRE,Vietnam,Full,RandomForest,1,1,0.9984898650278601,1
6460,RCN24829,1209-PF-VN-IMPEQN-GENRE,Vietnam,Full,RandomForest,1,1,0.9996841023535462,1
6461,RCN24831,1209-PF-VN-IMPEQN-GENRE,Vietnam,Full,RandomForest,1,1,0.9996841023535462,1
6462,RCN24832,1209-PF-VN-IMPEQN-GENRE,Vietnam,Full,RandomForest,1,1,0.9984898650278601,1
6463,RCN24833,1209-PF-VN-IMPEQN-GENRE,Vietnam,Full,RandomForest,1,0,0.04295581061892264,0
6464,RCN24834,1209-PF-VN-IMPEQN-GENRE,Vietnam,Full,RandomForest,1,1,0.9987899731907843,1
6465,RCN24835,1209-PF-VN-IMPEQN-GENRE,Vietnam,Full,RandomForest,1,1,0.9995988483820903,1
6466,RCN24836,1209-PF-VN-IMPEQN-GENRE,Vietnam,Full,RandomForest,1,1,0.9995988483820903,1
6467,RCN24837,1209-PF-VN-IMPEQN-GENRE,Vietnam,Full,RandomForest,1,1,0.9997198292303541,1
6468,RCN24838,1209-PF-VN-IMPEQN-GENRE,Vietnam,Full,RandomForest,1,1,0.9981115178320529,1
6469,RCN24839,1209-PF-VN-IMPEQN-GENRE,Vietnam,Full,RandomForest,1,1,0.996463402920654,1
6470,RCN24840,1209-PF-VN-IMPEQN-GENRE,Vietnam,Full,RandomForest,1,1,0.9996841023535462,1
6471,RCN24841,1209-PF-VN-IMPEQN-GENRE,Vietnam,Full,RandomForest,1,1,0.886542997509523,1
6472,RCN24842,1209-PF-VN-IMPEQN-GENRE,Vietnam,Full,RandomForest,1,1,0.9996841023535462,1
6473,RCN24844,1209-PF-VN-IMPEQN-GENRE,Vietnam,Full,RandomForest,1,1,0.9991907338170382,1
6474,RCN24845,1209-PF-VN-IMPEQN-GENRE,Vietnam,Full,RandomForest,1,1,0.9989207442421157,1
6475,RCN24848,1209-PF-VN-IMPEQN-GENRE,Vietnam,Full,RandomForest,1,1,0.9984898650278601,1
6476,RCN24849,1209-PF-VN-IMPEQN-GENRE,Vietnam,Full,RandomForest,1,1,0.9956666703808926,1
6477,RCN24850,1209-PF-VN-IMPEQN-GENRE,Vietnam,Full,RandomForest,1,1,0.9980955910264191,1
6478,RCN24851,1209-PF-VN-IMPEQN-GENRE,Vietnam,Full,RandomForest,1,1,0.9996841023535462,1
6479,RCN24853,1209-PF-VN-IMPEQN-GENRE,Vietnam,Full,RandomForest,1,1,0.9995988483820903,1
6480,RCN24854,1209-PF-VN-IMPEQN-GENRE,Vietnam,Full,RandomForest,1,1,0.9977072503594784,1
6481,RCN24855,1209-PF-VN-IMPEQN-GENRE,Vietnam,Full,RandomForest,1,0,0.8611597842284462,1
6482,RCN24856,1209-PF-VN-IMPEQN-GENRE,Vietnam,Full,RandomForest,1,1,0.9981115178320529,1
6483,RCN24857,1209-PF-VN-IMPEQN-GENRE,Vietnam,Full,RandomForest,1,1,0.9984898650278601,1
6484,RCN24859,1209-PF-VN-IMPEQN-GENRE,Vietnam,Full,RandomForest,1,1,0.9984898650278601,1
6485,RCN24860,1209-PF-VN-IMPEQN-GENRE,Vietnam,Full,RandomForest,1,1,0.9981967718035087,1
6486,RCN24861,1209-PF-VN-IMPEQN-GENRE,Vietnam,Full,RandomForest,1,1,0.9989207442421157,1
6487,RCN24862,1209-PF-VN-IMPEQN-GENRE,Vietnam,Full,RandomForest,1,1,0.9997198292303541,1
6488,RCN24863,1209-PF-VN-IMPEQN-GENRE,Vietnam,Full,RandomForest,1,1,0.9992902786350293,1
6489,RCN24864,1209-PF-VN-IMPEQN-GENRE,Vietnam,Full,RandomForest,1,1,0.9984898650278601,1
6490,RCN24865,1209-PF-VN-IMPEQN-GENRE,Vietnam,Full,RandomForest,1,1,0.9981967718035087,1
6491,RCN24866,1209-PF-VN-IMPEQN-GENRE,Vietnam,Full,RandomForest,1,1,0.998851835110194,1
6492,RCN24867,1209-PF-VN-IMPEQN-GENRE,Vietnam,Full,RandomForest,1,1,0.9981115178320529,1
6493,RCN24868,1209-PF-VN-IMPEQN-GENRE,Vietnam,Full,RandomForest,1,1,0.9992902786350293,1
6494,RCN24869,1209-PF-VN-IMPEQN-GENRE,Vietnam,Full,RandomForest,1,1,0.996275687879335,1
6495,RCN24870,1209-PF-VN-IMPEQN-GENRE,Vietnam,Full,RandomForest,1,1,0.9984898650278601,1
6496,RCN24871,1209-PF-VN-IMPEQN-GENRE,Vietnam,Full,RandomForest,1,1,0.9981115178320529,1
6497,RCN24872,1209-PF-VN-IMPEQN-GENRE,Vietnam,Full,RandomForest,1,1,0.9997528860928173,1
6498,RCN24873,1209-PF-VN-IMPEQN-GENRE,Vietnam,Full,RandomForest,1,1,0.9997198292303541,1
6499,RCN24874,1209-PF-VN-IMPEQN-GENRE,Vietnam,Full,RandomForest,1,1,0.8453627862700595,1
6500,RCN24875,1209-PF-VN-IMPEQN-GENRE,Vietnam,Full,RandomForest,1,1,0.9926869185012097,1
6501,RCN24876,1209-PF-VN-IMPEQN-GENRE,Vietnam,Full,RandomForest,1,1,0.8453627862700595,1
6502,RCN24877,1209-PF-VN-IMPEQN-GENRE,Vietnam,Full,RandomForest,1,1,0.7283384026629637,1
6503,RCN24878,1209-PF-VN-IMPEQN-GENRE,Vietnam,Full,RandomForest,1,1,0.8372723336751551,1
6504,RCN24879,1209-PF-VN-IMPEQN-GENRE,Vietnam,Full,RandomForest,1,1,0.8773745174792242,1
6505,RCN24880,1209-PF-VN-IMPEQN-GENRE,Vietnam,Full,RandomForest,1,1,0.9935819308230808,1
6506,RCN24883,1209-PF-VN-IMPEQN-GENRE,Vietnam,Full,RandomForest,1,1,0.8372723336751551,1
6507,RCN24884,1209-PF-VN-IMPEQN-GENRE,Vietnam,Full,RandomForest,1,1,0.9995988483820903,1
6508,RCN24885,1209-PF-VN-IMPEQN-GENRE,Vietnam,Full,RandomForest,1,1,0.8453627862700595,1
6509,RCN24886,1209-PF-VN-IMPEQN-GENRE,Vietnam,Full,RandomForest,1,1,0.996740348354683,1
6510,RCN24887,1209-PF-VN-IMPEQN-GENRE,Vietnam,Full,RandomForest,1,1,0.996275687879335,1
6511,RCN24888,1209-PF-VN-IMPEQN-GENRE,Vietnam,Full,RandomForest,1,0,0.835067644125862,1
6512,RCN24889,1209-PF-VN-IMPEQN-GENRE,Vietnam,Full,RandomForest,1,1,0.9981967718035087,1
6513,RCN24890,1209-PF-VN-IMPEQN-GENRE,Vietnam,Full,RandomForest,1,1,0.9981115178320529,1
6514,RCN24891,1209-PF-VN-IMPEQN-GENRE,Vietnam,Full,RandomForest,1,1,0.9884837468712543,1
6515,RCN24892,1209-PF-VN-IMPEQN-GENRE,Vietnam,Full,RandomForest,1,1,0.9981115178320529,1
6516,RCN24893,1209-PF-VN-IMPEQN-GENRE,Vietnam,Full,RandomForest,1,1,0.996740348354683,1
6517,RCN24894,1209-PF-VN-IMPEQN-GENRE,Vietnam,Full,RandomForest,1,1,0.9981967718035087,1
6518,RCN24895,1209-PF-VN-IMPEQN-GENRE,Vietnam,Full,RandomForest,1,1,0.986797080352342,1
6519,RCN24896,1209-PF-VN-IMPEQN-GENRE,Vietnam,Full,RandomForest,1,1,0.9981115178320529,1
6520,RCN24897,1209-PF-VN-IMPEQN-GENRE,Vietnam,Full,RandomForest,1,1,0.9988465424273568,1
6521,RCN24898,1209-PF-VN-IMPEQN-GENRE,Vietnam,Full,RandomForest,1,1,0.8313956449715046,1
6522,RCN24900,1209-PF-VN-IMPEQN-GENRE,Vietnam,Full,RandomForest,1,1,0.9977936597569906,1
6523,RCN24903,1209-PF-VN-IMPEQN-GENRE,Vietnam,Full,RandomForest,1,0,0.9179735147161207,1
6524,RCN24904,1209-PF-VN-IMPEQN-GENRE,Vietnam,Full,RandomForest,1,1,0.8313956449715046,1
6525,RCN24905,1209-PF-VN-IMPEQN-GENRE,Vietnam,Full,RandomForest,1,1,0.9980955910264191,1
6526,RCN24906,1209-PF-VN-IMPEQN-GENRE,Vietnam,Full,RandomForest,1,0,0.8822576153667808,1
6527,RCN24907,1209-PF-VN-IMPEQN-GENRE,Vietnam,Full,RandomForest,1,1,0.8903898781260599,1
6528,RCN24909,1209-PF-VN-IMPEQN-GENRE,Vietnam,Full,RandomForest,1,0,0.8611597842284462,1
6529,RCN24910,1209-PF-VN-IMPEQN-GENRE,Vietnam,Full,RandomForest,1,0,0.8276647293073591,1
6530,RCN24911,1209-PF-VN-IMPEQN-GENRE,Vietnam,Full,RandomForest,1,0,0.8611597842284462,1
6531,RCN24912,1209-PF-VN-IMPEQN-GENRE,Vietnam,Full,RandomForest,1,1,0.8457992581030278,1
6532,RCN24913,1209-PF-VN-IMPEQN-GENRE,Vietnam,Full,RandomForest,1,0,0.8611597842284462,1
6533,RCN24914,1209-PF-VN-IMPEQN-GENRE,Vietnam,Full,RandomForest,1,0,0.8108792065579975,1
6534,RCN24915,1209-PF-VN-IMPEQN-GENRE,Vietnam,Full,RandomForest,1,1,0.7134380961774026,1
6535,RCN24916,1209-PF-VN-IMPEQN-GENRE,Vietnam,Full,RandomForest,1,1,0.8372723336751551,1
6536,RCN24917,1209-PF-VN-IMPEQN-GENRE,Vietnam,Full,RandomForest,1,1,0.8313956449715046,1
6537,RCN24918,1209-PF-VN-IMPEQN-GENRE,Vietnam,Full,RandomForest,1,0,0.04544610798309998,0
6538,RCN24919,1209-PF-VN-IMPEQN-GENRE,Vietnam,Full,RandomForest,1,1,0.995697504392457,1
6539,RCN24921,1209-PF-VN-IMPEQN-GENRE,Vietnam,Full,RandomForest,1,1,0.9995988483820903,1
6540,RCN24922,1209-PF-VN-IMPEQN-GENRE,Vietnam,Full,RandomForest,1,1,0.9907086030135501,1
6541,RCN24923,1209-PF-VN-IMPEQN-GENRE,Vietnam,Full,RandomForest,1,1,0.9981115178320529,1
6542,RCN24925,1209-PF-VN-IMPEQN-GENRE,Vietnam,Full,RandomForest,1,1,0.986797080352342,1
6543,RCN24926,1209-PF-VN-IMPEQN-GENRE,Vietnam,Full,RandomForest,1,1,0.986797080352342,1
6544,RCN24927,1209-PF-VN-IMPEQN-GENRE,Vietnam,Full,RandomForest,1,1,0.9984541381510522,1
6545,RCN24928,1209-PF-VN-IMPEQN-GENRE,Vietnam,Full,RandomForest,1,1,0.9995988483820903,1
6546,RCN24929,1209-PF-VN-IMPEQN-GENRE,Vietnam,Full,RandomForest,1,1,0.9992902786350293,1
6547,RCN24930,1209-PF-VN-IMPEQN-GENRE,Vietnam,Full,RandomForest,1,1,0.9995988483820903,1
6548,RCN24931,1209-PF-VN-IMPEQN-GENRE,Vietnam,Full,RandomForest,1,1,0.9995988483820903,1
6549,RCN24932,1209-PF-VN-IMPEQN-GENRE,Vietnam,Full,RandomForest,1,1,0.9996841023535462,1
6550,RCN24933,1209-PF-VN-IMPEQN-GENRE,Vietnam,Full,RandomForest,1,1,0.9996841023535462,1
6551,RCN24934,1209-PF-VN-IMPEQN-GENRE,Vietnam,Full,RandomForest,1,1,0.9997198292303541,1
6552,RCN24935,1209-PF-VN-IMPEQN-GENRE,Vietnam,Full,RandomForest,1,1,0.9981115178320529,1
6553,RCN24936,1209-PF-VN-IMPEQN-GENRE,Vietnam,Full,RandomForest,1,1,0.986797080352342,1
6554,RCN24937,1209-PF-VN-IMPEQN-GENRE,Vietnam,Full,RandomForest,1,1,0.9995988483820903,1
6555,RCN24938,1209-PF-VN-IMPEQN-GENRE,Vietnam,Full,RandomForest,1,1,0.8372723336751551,1
6556,RCN24939,1209-PF-VN-IMPEQN-GENRE,Vietnam,Full,RandomForest,1,1,0.8457992581030278,1
6557,RCN24940,1209-PF-VN-IMPEQN-GENRE,Vietnam,Full,RandomForest,1,1,0.8313956449715046,1
6558,RCN24941,1209-PF-VN-IMPEQN-GENRE,Vietnam,Full,RandomForest,1,1,0.9984898650278601,1
6559,RCN24942,1209-PF-VN-IMPEQN-GENRE,Vietnam,Full,RandomForest,1,1,0.8889347766618809,1
6560,RCN24943,1209-PF-VN-IMPEQN-GENRE,Vietnam,Full,RandomForest,1,1,0.8372723336751551,1
6561,RCN24944,1209-PF-VN-IMPEQN-GENRE,Vietnam,Full,RandomForest,1,1,0.8457992581030278,1
6562,RCN24945,1209-PF-VN-IMPEQN-GENRE,Vietnam,Full,RandomForest,1,1,0.8383593793427825,1
6563,RCN24946,1209-PF-VN-IMPEQN-GENRE,Vietnam,Full,RandomForest,1,1,0.8313956449715046,1
6564,RCN24947,1209-PF-VN-IMPEQN-GENRE,Vietnam,Full,RandomForest,1,1,0.8313956449715046,1
6565,RCN24948,1209-PF-VN-IMPEQN-GENRE,Vietnam,Full,RandomForest,1,1,0.9989207442421157,1
6566,RCN24949,1209-PF-VN-IMPEQN-GENRE,Vietnam,Full,RandomForest,1,1,0.9988465424273568,1
6567,RCN24951,1209-PF-VN-IMPEQN-GENRE,Vietnam,Full,RandomForest,1,1,0.9984898650278601,1
6568,RCN24953,1209-PF-VN-IMPEQN-GENRE,Vietnam,Full,RandomForest,1,1,0.9995988483820903,1
6569,RCN24954,1209-PF-VN-IMPEQN-GENRE,Vietnam,Full,RandomForest,1,1,0.9997198292303541,1
6570,RCN24955,1209-PF-VN-IMPEQN-GENRE,Vietnam,Full,RandomForest,1,1,0.9997198292303541,1
6571,RCN24956,1209-PF-VN-IMPEQN-GENRE,Vietnam,Full,RandomForest,1,1,0.9998835480766692,1
6572,RCN24957,1209-PF-VN-IMPEQN-GENRE,Vietnam,Full,RandomForest,1,1,0.9694607259577243,1
6573,RCN24958,1209-PF-VN-IMPEQN-GENRE,Vietnam,Full,RandomForest,1,1,0.9792009393376162,1
6574,RCN24959,1209-PF-VN-IMPEQN-GENRE,Vietnam,Full,RandomForest,1,1,0.9981115178320529,1
6575,RCN24960,1209-PF-VN-IMPEQN-GENRE,Vietnam,Full,RandomForest,1,1,0.9995988483820903,1
6576,RCN24961,1209-PF-VN-IMPEQN-GENRE,Vietnam,Full,RandomForest,1,1,0.9995988483820903,1
6577,RCN24963,1209-PF-VN-IMPEQN-GENRE,Vietnam,Full,RandomForest,1,1,0.9984898650278601,1
6578,RCN24964,1209-PF-VN-IMPEQN-GENRE,Vietnam,Full,RandomForest,1,1,0.9981115178320529,1
6579,RCN24965,1209-PF-VN-IMPEQN-GENRE,Vietnam,Full,RandomForest,1,1,0.9995988483820903,1
6580,RCN24966,1209-PF-VN-IMPEQN-GENRE,Vietnam,Full,RandomForest,1,1,0.9995988483820903,1
6581,RCN24967,1209-PF-VN-IMPEQN-GENRE,Vietnam,Full,RandomForest,1,1,0.9996841023535462,1
6582,RCN24968,1209-PF-VN-IMPEQN-GENRE,Vietnam,Full,RandomForest,1,1,0.9995988483820903,1
6583,RCN24969,1209-PF-VN-IMPEQN-GENRE,Vietnam,Full,RandomForest,1,1,0.9997198292303541,1
6584,RCN24970,1209-PF-VN-IMPEQN-GENRE,Vietnam,Full,RandomForest,1,1,0.9998835480766692,1
6585,RCN24971,1209-PF-VN-IMPEQN-GENRE,Vietnam,Full,RandomForest,1,1,0.9995988483820903,1
6586,RCN24972,1209-PF-VN-IMPEQN-GENRE,Vietnam,Full,RandomForest,1,1,0.9995988483820903,1
6587,RCN24974,1209-PF-VN-IMPEQN-GENRE,Vietnam,Full,RandomForest,1,1,0.9977936597569906,1
6588,RCN24975,1209-PF-VN-IMPEQN-GENRE,Vietnam,Full,RandomForest,1,1,0.9820509286164765,1
6589,RCN24978,1209-PF-VN-IMPEQN-GENRE,Vietnam,Full,RandomForest,1,1,0.9977936597569906,1
6590,RCN24979,1209-PF-VN-IMPEQN-GENRE,Vietnam,Full,RandomForest,1,1,0.9977936597569906,1
6591,RCN24980,1209-PF-VN-IMPEQN-GENRE,Vietnam,Full,RandomForest,1,1,0.9977936597569906,1
6592,RCN24981,1209-PF-VN-IMPEQN-GENRE,Vietnam,Full,RandomForest,1,1,0.9977936597569906,1
6593,RCN24982,1209-PF-VN-IMPEQN-GENRE,Vietnam,Full,RandomForest,1,1,0.9977936597569906,1
6594,RCN24983,1209-PF-VN-IMPEQN-GENRE,Vietnam,Full,RandomForest,1,1,0.9977936597569906,1
6595,RCN24985,1209-PF-VN-IMPEQN-GENRE,Vietnam,Full,RandomForest,1,1,0.9977936597569906,1
6596,RCN24986,1209-PF-VN-IMPEQN-GENRE,Vietnam,Full,RandomForest,1,1,0.9810421564416152,1
6597,RCN24987,1209-PF-VN-IMPEQN-GENRE,Vietnam,Full,RandomForest,1,1,0.9838656349463608,1
6598,RCN24988,1209-PF-VN-IMPEQN-GENRE,Vietnam,Full,RandomForest,1,1,0.9977936597569906,1
6599,RCN24989,1209-PF-VN-IMPEQN-GENRE,Vietnam,Full,RandomForest,1,1,0.9977936597569906,1
6600,RCN24991,1209-PF-VN-IMPEQN-GENRE,Vietnam,Full,RandomForest,1,1,0.9977936597569906,1
6601,RCN24992,1209-PF-VN-IMPEQN-GENRE,Vietnam,Full,RandomForest,1,1,0.9977936597569906,1
6602,RCN24994,1209-PF-VN-IMPEQN-GENRE,Vietnam,Full,RandomForest,1,1,0.9811417012596063,1
6603,RCN24995,1209-PF-VN-IMPEQN-GENRE,Vietnam,Full,RandomForest,1,1,0.9811417012596063,1
6604,RCN24996,1209-PF-VN-IMPEQN-GENRE,Vietnam,Full,RandomForest,1,1,0.9977936597569906,1
6605,RCN24997,1209-PF-VN-IMPEQN-GENRE,Vietnam,Full,RandomForest,1,1,0.9977936597569906,1
6606,RCN24998,1209-PF-VN-IMPEQN-GENRE,Vietnam,Full,RandomForest,1,1,0.9977936597569906,1
6607,RCN25000,1209-PF-VN-IMPEQN-GENRE,Vietnam,Full,RandomForest,1,1,0.9995988483820903,1
6608,RCN25003,1209-PF-VN-IMPEQN-GENRE,Vietnam,Full,RandomForest,1,1,0.9997198292303541,1
6609,RCN25004,1209-PF-VN-IMPEQN-GENRE,Vietnam,Full,RandomForest,1,1,0.8962326994347546,1
6610,RCN25005,1209-PF-VN-IMPEQN-GENRE,Vietnam,Full,RandomForest,1,1,0.9995988483820903,1
6611,RCN25006,1209-PF-VN-IMPEQN-GENRE,Vietnam,Full,RandomForest,1,1,0.8754387453557422,1
6612,RCN25007,1209-PF-VN-IMPEQN-GENRE,Vietnam,Full,RandomForest,1,1,0.8313956449715046,1
6613,RCN25008,1209-PF-VN-IMPEQN-GENRE,Vietnam,Full,RandomForest,1,1,0.8239635326393873,1
6614,RCN25009,1209-PF-VN-IMPEQN-GENRE,Vietnam,Full,RandomForest,1,1,0.858770213152684,1
6615,RCN25010,1209-PF-VN-IMPEQN-GENRE,Vietnam,Full,RandomForest,1,1,0.8372723336751551,1
6616,RCN25011,1209-PF-VN-IMPEQN-GENRE,Vietnam,Full,RandomForest,1,1,0.8457992581030278,1
6617,RCN25012,1209-PF-VN-IMPEQN-GENRE,Vietnam,Full,RandomForest,1,1,0.8383593793427825,1
6618,RCN25013,1209-PF-VN-IMPEQN-GENRE,Vietnam,Full,RandomForest,1,1,0.8372723336751551,1
6619,RCN25014,1209-PF-VN-IMPEQN-GENRE,Vietnam,Full,RandomForest,1,1,0.8313956449715046,1
6620,RCN25015,1209-PF-VN-IMPEQN-GENRE,Vietnam,Full,RandomForest,1,1,0.8239635326393873,1
6621,RCN25016,1209-PF-VN-IMPEQN-GENRE,Vietnam,Full,RandomForest,1,1,0.8457992581030278,1
6622,RCN25017,1209-PF-VN-IMPEQN-GENRE,Vietnam,Full,RandomForest,1,1,0.8498568518162825,1
6623,RCN25018,1209-PF-VN-IMPEQN-GENRE,Vietnam,Full,RandomForest,1,1,0.8313956449715046,1
6624,RCN25019,1209-PF-VN-IMPEQN-GENRE,Vietnam,Full,RandomForest,1,1,0.8313956449715046,1
6625,RCN25020,1209-PF-VN-IMPEQN-GENRE,Vietnam,Full,RandomForest,1,1,0.8313956449715046,1
6626,RCN25021,1209-PF-VN-IMPEQN-GENRE,Vietnam,Full,RandomForest,1,1,0.8457992581030278,1
6627,RCN25022,1209-PF-VN-IMPEQN-GENRE,Vietnam,Full,RandomForest,1,1,0.8453627862700595,1
6628,RCN25023,1209-PF-VN-IMPEQN-GENRE,Vietnam,Full,RandomForest,1,1,0.8457992581030278,1
6629,RCN25024,1209-PF-VN-IMPEQN-GENRE,Vietnam,Full,RandomForest,1,1,0.7077410254401432,1
6630,RCN25025,1209-PF-VN-IMPEQN-GENRE,Vietnam,Full,RandomForest,1,1,0.8457992581030278,1
6631,RCN25026,1209-PF-VN-IMPEQN-GENRE,Vietnam,Full,RandomForest,1,1,0.8457992581030278,1
6632,RCN25027,1209-PF-VN-IMPEQN-GENRE,Vietnam,Full,RandomForest,1,1,0.9997198292303541,1
6633,RCN25028,1209-PF-VN-IMPEQN-GENRE,Vietnam,Full,RandomForest,1,1,0.8313956449715046,1
6634,RCN25029,1209-PF-VN-IMPEQN-GENRE,Vietnam,Full,RandomForest,1,1,0.8372723336751551,1
6635,RCN25030,1209-PF-VN-IMPEQN-GENRE,Vietnam,Full,RandomForest,1,1,0.8372723336751551,1
6636,RCN25036,1209-PF-VN-IMPEQN-GENRE,Vietnam,Full,RandomForest,1,1,0.9991907338170382,1
6637,RCN25047,1209-PF-VN-IMPEQN-GENRE,Vietnam,Full,RandomForest,1,1,0.9996721679802067,1
6638,RCN25053,1209-PF-VN-IMPEQN-GENRE,Vietnam,Full,RandomForest,1,1,0.9988465424273568,1
6639,RCN25061,1209-PF-VN-IMPEQN-GENRE,Vietnam,Full,RandomForest,1,1,0.9871661726619905,1
6640,RCN25063,1209-PF-VN-IMPEQN-GENRE,Vietnam,Full,RandomForest,1,1,0.9956666703808926,1
6641,RCN25064,1209-PF-VN-IMPEQN-GENRE,Vietnam,Full,RandomForest,1,1,0.9977936597569906,1
6642,RCN25065,1209-PF-VN-IMPEQN-GENRE,Vietnam,Full,RandomForest,1,1,0.851914883373773,1
6643,RCN25068,1209-PF-VN-IMPEQN-GENRE,Vietnam,Full,RandomForest,1,1,0.9981115178320529,1
6644,RCN25076,1209-PF-VN-IMPEQN-GENRE,Vietnam,Full,RandomForest,1,1,0.9941035468997694,1
6645,RCN25079,1209-PF-VN-IMPEQN-GENRE,Vietnam,Full,RandomForest,1,0,0.8685626990469489,1
6646,RCN25080,1209-PF-VN-IMPEQN-GENRE,Vietnam,Full,RandomForest,1,1,0.9995988483820903,1
6647,RCN25081,1209-PF-VN-IMPEQN-GENRE,Vietnam,Full,RandomForest,1,1,0.8313956449715046,1
6648,RCN25083,1209-PF-VN-IMPEQN-GENRE,Vietnam,Full,RandomForest,1,1,0.7134380961774026,1
6649,RCN25084,1209-PF-VN-IMPEQN-GENRE,Vietnam,Full,RandomForest,1,1,0.8457992581030278,1
6650,RCN25085,1209-PF-VN-IMPEQN-GENRE,Vietnam,Full,RandomForest,1,1,0.7077410254401432,1
6651,RCN25088,1209-PF-VN-IMPEQN-GENRE,Vietnam,Full,RandomForest,1,1,0.8270065276163322,1
6652,RCN25089,1209-PF-VN-IMPEQN-GENRE,Vietnam,Full,RandomForest,1,1,0.9998835480766692,1
6653,RCN25090,1209-PF-VN-IMPEQN-GENRE,Vietnam,Full,RandomForest,1,1,0.7942008430033676,1
6654,RCN25091,1209-PF-VN-IMPEQN-GENRE,Vietnam,Full,RandomForest,1,1,0.9944023430460124,1
6655,RCN25093,1209-PF-VN-IMPEQN-GENRE,Vietnam,Full,RandomForest,1,1,0.8313956449715046,1
6656,RCN25095,1209-PF-VN-IMPEQN-GENRE,Vietnam,Full,RandomForest,1,1,0.9996721679802067,1
6657,RCN25097,1209-PF-VN-IMPEQN-GENRE,Vietnam,Full,RandomForest,1,1,0.9995988483820903,1
6658,RCN25099,1209-PF-VN-IMPEQN-GENRE,Vietnam,Full,RandomForest,1,1,0.9996841023535462,1
6659,RCN25102,1209-PF-VN-IMPEQN-GENRE,Vietnam,Full,RandomForest,1,1,0.9995988483820903,1
6660,RCN25103,1209-PF-VN-IMPEQN-GENRE,Vietnam,Full,RandomForest,1,1,0.9995988483820903,1
6661,RCN25104,1209-PF-VN-IMPEQN-GENRE,Vietnam,Full,RandomForest,1,1,0.8239635326393873,1
6662,RCN25105,1209-PF-VN-IMPEQN-GENRE,Vietnam,Full,RandomForest,1,1,0.9984898650278601,1
6663,RCN25107,1209-PF-VN-IMPEQN-GENRE,Vietnam,Full,RandomForest,1,1,0.9995988483820903,1
6664,RCN25108,1209-PF-VN-IMPEQN-GENRE,Vietnam,Full,RandomForest,1,1,0.8372723336751551,1
6665,RCN25112,1209-PF-VN-IMPEQN-GENRE,Vietnam,Full,RandomForest,1,1,0.8969271113561094,1
6666,RCN25116,1209-PF-VN-IMPEQN-GENRE,Vietnam,Full,RandomForest,1,1,0.9845124457912411,1
6667,RCN25118,1209-PF-VN-IMPEQN-GENRE,Vietnam,Full,RandomForest,1,1,0.9995988483820903,1
6668,RCN25119,1209-PF-VN-IMPEQN-GENRE,Vietnam,Full,RandomForest,1,1,0.9996841023535462,1
6669,RCN25120,1209-PF-VN-IMPEQN-GENRE,Vietnam,Full,RandomForest,1,1,0.9995988483820903,1
6670,RCN25124,1209-PF-VN-IMPEQN-GENRE,Vietnam,Full,RandomForest,1,1,0.8773745174792242,1
6671,RCN25125,1209-PF-VN-IMPEQN-GENRE,Vietnam,Full,RandomForest,1,1,0.9997198292303541,1
6672,RCN25129,1209-PF-VN-IMPEQN-GENRE,Vietnam,Full,RandomForest,1,1,0.9911439270805851,1
6673,RCN25130,1209-PF-VN-IMPEQN-GENRE,Vietnam,Full,RandomForest,1,1,0.8372723336751551,1
6674,RCN25134,1209-PF-VN-IMPEQN-GENRE,Vietnam,Full,RandomForest,1,1,0.9913709347419989,1
6675,RCN25137,1209-PF-VN-IMPEQN-GENRE,Vietnam,Full,RandomForest,1,1,0.9995988483820903,1
6676,RCN25142,1209-PF-VN-IMPEQN-GENRE,Vietnam,Full,RandomForest,1,1,0.8699424051471069,1
6677,RCN25143,1209-PF-VN-IMPEQN-GENRE,Vietnam,Full,RandomForest,1,1,0.9944937126774446,1
6678,RCN25145,1209-PF-VN-IMPEQN-GENRE,Vietnam,Full,RandomForest,1,1,0.9981115178320529,1
6679,RCN25151,1209-PF-VN-IMPEQN-GENRE,Vietnam,Full,RandomForest,1,1,0.9953542339243502,1
6680,RCN25153,1209-PF-VN-IMPEQN-GENRE,Vietnam,Full,RandomForest,1,0,0.3976154646758259,0
6681,RCN25154,1209-PF-VN-IMPEQN-GENRE,Vietnam,Full,RandomForest,1,1,0.8313956449715046,1
6682,RCN25158,1209-PF-VN-IMPEQN-GENRE,Vietnam,Full,RandomForest,1,1,0.9981115178320529,1
6683,RCN25162,1209-PF-VN-IMPEQN-GENRE,Vietnam,Full,RandomForest,1,1,0.9981967718035087,1
6684,RCN25166,1209-PF-VN-IMPEQN-GENRE,Vietnam,Full,RandomForest,1,1,0.9998835480766692,1
6685,RCN25170,1209-PF-VN-IMPEQN-GENRE,Vietnam,Full,RandomForest,1,1,0.9995988483820903,1
6686,RCN25177,1209-PF-VN-IMPEQN-GENRE,Vietnam,Full,RandomForest,1,1,0.9984898650278601,1
6687,RCN25178,1209-PF-VN-IMPEQN-GENRE,Vietnam,Full,RandomForest,1,1,0.9996841023535462,1
6688,RCN25179,1209-PF-VN-IMPEQN-GENRE,Vietnam,Full,RandomForest,1,1,0.9944937126774446,1
2622,RCN06881,1180-PF-TRAC2-DONDORP,Thailand,Full,RandomForest,2,1,0.8465582686287216,1
2623,RCN06893,1180-PF-TRAC2-DONDORP,Thailand,Full,RandomForest,2,1,0.9678264175496644,1
2936,RCN08922,1208-PF-LA-CMPE-GENRE,Laos,Full,RandomForest,2,0,0.047965432624062714,0
2937,RCN08923,1208-PF-LA-CMPE-GENRE,Laos,Full,RandomForest,2,0,0.03309327282142676,0
2938,RCN08925,1208-PF-LA-CMPE-GENRE,Laos,Full,RandomForest,2,0,0.035509026717763285,0
2939,RCN08926,1208-PF-LA-CMPE-GENRE,Laos,Full,RandomForest,2,1,0.9620757588569459,1
2940,RCN08927,1208-PF-LA-CMPE-GENRE,Laos,Full,RandomForest,2,0,0.035509026717763285,0
2941,RCN08929,1208-PF-LA-CMPE-GENRE,Laos,Full,RandomForest,2,1,0.998566100759112,1
2942,RCN08930,1208-PF-LA-CMPE-GENRE,Laos,Full,RandomForest,2,0,0.035509026717763285,0
2943,RCN08931,1208-PF-LA-CMPE-GENRE,Laos,Full,RandomForest,2,1,0.9984092732494508,1
2944,RCN08933,1208-PF-LA-CMPE-GENRE,Laos,Full,RandomForest,2,0,0.035509026717763285,0
2945,RCN08934,1208-PF-LA-CMPE-GENRE,Laos,Full,RandomForest,2,0,0.23543988526664617,0
2946,RCN08935,1208-PF-LA-CMPE-GENRE,Laos,Full,RandomForest,2,0,0.036050392625592266,0
2947,RCN08936,1208-PF-LA-CMPE-GENRE,Laos,Full,RandomForest,2,0,0.035509026717763285,0
2948,RCN08937,1208-PF-LA-CMPE-GENRE,Laos,Full,RandomForest,2,0,0.04810341023888325,0
2949,RCN08938,1208-PF-LA-CMPE-GENRE,Laos,Full,RandomForest,2,0,0.03428212424792434,0
2950,RCN08939,1208-PF-LA-CMPE-GENRE,Laos,Full,RandomForest,2,0,0.05353903272799931,0
2951,RCN08941,1208-PF-LA-CMPE-GENRE,Laos,Full,RandomForest,2,0,0.04810341023888325,0
2952,RCN08942,1208-PF-LA-CMPE-GENRE,Laos,Full,RandomForest,2,1,0.9942374272769534,1
2953,RCN08943,1208-PF-LA-CMPE-GENRE,Laos,Full,RandomForest,2,0,0.057402505350477695,0
2954,RCN08945,1208-PF-LA-CMPE-GENRE,Laos,Full,RandomForest,2,0,0.05675058530338628,0
2955,RCN08946,1208-PF-LA-CMPE-GENRE,Laos,Full,RandomForest,2,0,0.043185270612865506,0
2956,RCN08947,1208-PF-LA-CMPE-GENRE,Laos,Full,RandomForest,2,0,0.036050392625592266,0
2957,RCN08949,1208-PF-LA-CMPE-GENRE,Laos,Full,RandomForest,2,0,0.23543988526664617,0
2958,RCN08950,1208-PF-LA-CMPE-GENRE,Laos,Full,RandomForest,2,0,0.035509026717763285,0
2959,RCN08951,1208-PF-LA-CMPE-GENRE,Laos,Full,RandomForest,2,0,0.035509026717763285,0
2960,RCN08952,1208-PF-LA-CMPE-GENRE,Laos,Full,RandomForest,2,0,0.035509026717763285,0
2961,RCN08953,1208-PF-LA-CMPE-GENRE,Laos,Full,RandomForest,2,0,0.035509026717763285,0
2962,RCN08954,1208-PF-LA-CMPE-GENRE,Laos,Full,RandomForest,2,0,0.22245833189284558,0
2963,RCN08955,1208-PF-LA-CMPE-GENRE,Laos,Full,RandomForest,2,0,0.4368190030423953,0
2964,RCN08957,1208-PF-LA-CMPE-GENRE,Laos,Full,RandomForest,2,0,0.047965432624062714,0
2965,RCN08958,1208-PF-LA-CMPE-GENRE,Laos,Full,RandomForest,2,1,0.9960641549106236,1
2966,RCN08959,1208-PF-LA-CMPE-GENRE,Laos,Full,RandomForest,2,1,0.9935981812467809,1
2967,RCN08960,1208-PF-LA-CMPE-GENRE,Laos,Full,RandomForest,2,1,0.9965142282066419,1
2968,RCN08961,1208-PF-LA-CMPE-GENRE,Laos,Full,RandomForest,2,1,0.30252115031416815,0
2969,RCN08962,1208-PF-LA-CMPE-GENRE,Laos,Full,RandomForest,2,0,0.7446740732741379,1
2970,RCN08963,1208-PF-LA-CMPE-GENRE,Laos,Full,RandomForest,2,1,0.9893858953874592,1
2971,RCN08966,1208-PF-LA-CMPE-GENRE,Laos,Full,RandomForest,2,1,0.9942374272769534,1
2972,RCN08971,1208-PF-LA-CMPE-GENRE,Laos,Full,RandomForest,2,1,0.9942374272769534,1
2973,RCN08973,1208-PF-LA-CMPE-GENRE,Laos,Full,RandomForest,2,0,0.23543988526664617,0
2974,RCN08974,1208-PF-LA-CMPE-GENRE,Laos,Full,RandomForest,2,0,0.220274952567479,0
2975,RCN08975,1208-PF-LA-CMPE-GENRE,Laos,Full,RandomForest,2,1,0.9478558531527221,1
2976,RCN08976,1208-PF-LA-CMPE-GENRE,Laos,Full,RandomForest,2,1,0.7794530261999588,1
2977,RCN08977,1208-PF-LA-CMPE-GENRE,Laos,Full,RandomForest,2,1,0.9965142282066419,1
2978,RCN08978,1208-PF-LA-CMPE-GENRE,Laos,Full,RandomForest,2,0,0.23252095715303167,0
2979,RCN08979,1208-PF-LA-CMPE-GENRE,Laos,Full,RandomForest,2,0,0.2247940119080749,0
2980,RCN08981,1208-PF-LA-CMPE-GENRE,Laos,Full,RandomForest,2,1,0.7232220393712322,1
2981,RCN08982,1208-PF-LA-CMPE-GENRE,Laos,Full,RandomForest,2,1,0.7144844835842307,1
2982,RCN08984,1208-PF-LA-CMPE-GENRE,Laos,Full,RandomForest,2,1,0.9228888462074538,1
2983,RCN08985,1208-PF-LA-CMPE-GENRE,Laos,Full,RandomForest,2,1,0.9965142282066419,1
2984,RCN08987,1208-PF-LA-CMPE-GENRE,Laos,Full,RandomForest,2,1,0.9965142282066419,1
2985,RCN08989,1208-PF-LA-CMPE-GENRE,Laos,Full,RandomForest,2,1,0.9720398363850591,1
2986,RCN08990,1208-PF-LA-CMPE-GENRE,Laos,Full,RandomForest,2,1,0.9566254306831027,1
2987,RCN08991,1208-PF-LA-CMPE-GENRE,Laos,Full,RandomForest,2,1,0.9620757588569459,1
2988,RCN08992,1208-PF-LA-CMPE-GENRE,Laos,Full,RandomForest,2,1,0.9909783048878361,1
2989,RCN08993,1208-PF-LA-CMPE-GENRE,Laos,Full,RandomForest,2,1,0.9975289231148703,1
2990,RCN08994,1208-PF-LA-CMPE-GENRE,Laos,Full,RandomForest,2,1,0.9942374272769534,1
2991,RCN08995,1208-PF-LA-CMPE-GENRE,Laos,Full,RandomForest,2,1,0.9942374272769534,1
2992,RCN08998,1208-PF-LA-CMPE-GENRE,Laos,Full,RandomForest,2,1,0.9942374272769534,1
2993,RCN08999,1208-PF-LA-CMPE-GENRE,Laos,Full,RandomForest,2,1,0.9912832732835315,1
2994,RCN09000,1208-PF-LA-CMPE-GENRE,Laos,Full,RandomForest,2,1,0.9636537289061721,1
2995,RCN09001,1208-PF-LA-CMPE-GENRE,Laos,Full,RandomForest,2,1,0.9893858953874592,1
2996,RCN09002,1208-PF-LA-CMPE-GENRE,Laos,Full,RandomForest,2,1,0.9676527311998646,1
2997,RCN09003,1208-PF-LA-CMPE-GENRE,Laos,Full,RandomForest,2,1,0.9947999233740705,1
2998,RCN09006,1208-PF-LA-CMPE-GENRE,Laos,Full,RandomForest,2,1,0.9911874335192761,1
2999,RCN09007,1208-PF-LA-CMPE-GENRE,Laos,Full,RandomForest,2,1,0.9912832732835315,1
3000,RCN09010,1208-PF-LA-CMPE-GENRE,Laos,Full,RandomForest,2,1,0.7284813408619856,1
3001,RCN09012,1208-PF-LA-CMPE-GENRE,Laos,Full,RandomForest,2,1,0.9893858953874592,1
3002,RCN09014,1208-PF-LA-CMPE-GENRE,Laos,Full,RandomForest,2,0,0.23543988526664617,0
3003,RCN09016,1208-PF-LA-CMPE-GENRE,Laos,Full,RandomForest,2,1,0.9965142282066419,1
3004,RCN09018,1208-PF-LA-CMPE-GENRE,Laos,Full,RandomForest,2,1,0.9965142282066419,1
3005,RCN09019,1208-PF-LA-CMPE-GENRE,Laos,Full,RandomForest,2,1,0.9965142282066419,1
3006,RCN09020,1208-PF-LA-CMPE-GENRE,Laos,Full,RandomForest,2,1,0.9927406355436517,1
3007,RCN09021,1208-PF-LA-CMPE-GENRE,Laos,Full,RandomForest,2,1,0.9931085491967901,1
3008,RCN09022,1208-PF-LA-CMPE-GENRE,Laos,Full,RandomForest,2,1,0.9951883271259662,1
3009,RCN09023,1208-PF-LA-CMPE-GENRE,Laos,Full,RandomForest,2,1,0.9960641549106236,1
3010,RCN09024,1208-PF-LA-CMPE-GENRE,Laos,Full,RandomForest,2,1,0.9942374272769534,1
3011,RCN09025,1208-PF-LA-CMPE-GENRE,Laos,Full,RandomForest,2,1,0.9965142282066419,1
3012,RCN09027,1208-PF-LA-CMPE-GENRE,Laos,Full,RandomForest,2,1,0.5328559352169084,1
3013,RCN09029,1208-PF-LA-CMPE-GENRE,Laos,Full,RandomForest,2,0,0.019414367164348304,0
3014,RCN09031,1208-PF-LA-CMPE-GENRE,Laos,Full,RandomForest,2,0,0.010971277209040613,0
3015,RCN09032,1208-PF-LA-CMPE-GENRE,Laos,Full,RandomForest,2,0,0.010971277209040613,0
3016,RCN09033,1208-PF-LA-CMPE-GENRE,Laos,Full,RandomForest,2,0,0.004836493547396025,0
3017,RCN09034,1208-PF-LA-CMPE-GENRE,Laos,Full,RandomForest,2,1,0.9936153039154817,1
3018,RCN09035,1208-PF-LA-CMPE-GENRE,Laos,Full,RandomForest,2,0,0.01087554650008934,0
3019,RCN09036,1208-PF-LA-CMPE-GENRE,Laos,Full,RandomForest,2,0,0.01087554650008934,0
3020,RCN09037,1208-PF-LA-CMPE-GENRE,Laos,Full,RandomForest,2,1,0.5358013606853088,1
3021,RCN09038,1208-PF-LA-CMPE-GENRE,Laos,Full,RandomForest,2,1,0.01253327639762508,0
3022,RCN09039,1208-PF-LA-CMPE-GENRE,Laos,Full,RandomForest,2,1,0.01253327639762508,0
3023,RCN09040,1208-PF-LA-CMPE-GENRE,Laos,Full,RandomForest,2,1,0.5404414898495449,1
3024,RCN09041,1208-PF-LA-CMPE-GENRE,Laos,Full,RandomForest,2,0,0.01087554650008934,0
3025,RCN09042,1208-PF-LA-CMPE-GENRE,Laos,Full,RandomForest,2,0,0.012560810799308335,0
3026,RCN09043,1208-PF-LA-CMPE-GENRE,Laos,Full,RandomForest,2,0,0.01253327639762508,0
3027,RCN09044,1208-PF-LA-CMPE-GENRE,Laos,Full,RandomForest,2,0,0.020030072358666537,0
3028,RCN09046,1208-PF-LA-CMPE-GENRE,Laos,Full,RandomForest,2,1,0.5478547729956759,1
3029,RCN09047,1208-PF-LA-CMPE-GENRE,Laos,Full,RandomForest,2,0,0.010042933449775497,0
3030,RCN09048,1208-PF-LA-CMPE-GENRE,Laos,Full,RandomForest,2,0,0.004836826059095665,0
3031,RCN09049,1208-PF-LA-CMPE-GENRE,Laos,Full,RandomForest,2,0,0.035006369990436444,0
3032,RCN09050,1208-PF-LA-CMPE-GENRE,Laos,Full,RandomForest,2,0,0.035006369990436444,0
3033,RCN09052,1208-PF-LA-CMPE-GENRE,Laos,Full,RandomForest,2,0,0.458950729590445,0
3034,RCN09053,1208-PF-LA-CMPE-GENRE,Laos,Full,RandomForest,2,1,0.5726501966921355,1
3035,RCN09054,1208-PF-LA-CMPE-GENRE,Laos,Full,RandomForest,2,1,0.6347277190276356,1
3036,RCN09055,1208-PF-LA-CMPE-GENRE,Laos,Full,RandomForest,2,1,0.5478547729956759,1
3037,RCN09056,1208-PF-LA-CMPE-GENRE,Laos,Full,RandomForest,2,1,0.5567553958240052,1
3038,RCN09057,1208-PF-LA-CMPE-GENRE,Laos,Full,RandomForest,2,1,0.5679540384000858,1
3039,RCN09058,1208-PF-LA-CMPE-GENRE,Laos,Full,RandomForest,2,1,0.5478547729956759,1
3040,RCN09059,1208-PF-LA-CMPE-GENRE,Laos,Full,RandomForest,2,1,0.5387377377769349,1
3041,RCN09060,1208-PF-LA-CMPE-GENRE,Laos,Full,RandomForest,2,1,0.5358013606853088,1
3042,RCN09061,1208-PF-LA-CMPE-GENRE,Laos,Full,RandomForest,2,0,0.46306850029001384,0
3043,RCN09062,1208-PF-LA-CMPE-GENRE,Laos,Full,RandomForest,2,1,0.5478547729956759,1
3044,RCN09063,1208-PF-LA-CMPE-GENRE,Laos,Full,RandomForest,2,0,0.03791470646260148,0
3045,RCN09064,1208-PF-LA-CMPE-GENRE,Laos,Full,RandomForest,2,0,0.005458021642503515,0
3046,RCN09065,1208-PF-LA-CMPE-GENRE,Laos,Full,RandomForest,2,0,0.005618236955950397,0
3047,RCN09066,1208-PF-LA-CMPE-GENRE,Laos,Full,RandomForest,2,0,0.12572107090812185,0
3048,RCN09069,1208-PF-LA-CMPE-GENRE,Laos,Full,RandomForest,2,0,0.014263099991930728,0
3049,RCN09070,1208-PF-LA-CMPE-GENRE,Laos,Full,RandomForest,2,0,0.1263133669180625,0
3050,RCN09071,1208-PF-LA-CMPE-GENRE,Laos,Full,RandomForest,2,0,0.008752443744396949,0
3051,RCN09072,1208-PF-LA-CMPE-GENRE,Laos,Full,RandomForest,2,0,0.07114293590220072,0
3052,RCN09073,1208-PF-LA-CMPE-GENRE,Laos,Full,RandomForest,2,0,0.00488897112191856,0
3053,RCN09074,1208-PF-LA-CMPE-GENRE,Laos,Full,RandomForest,2,0,0.016512481146707923,0
3054,RCN09075,1208-PF-LA-CMPE-GENRE,Laos,Full,RandomForest,2,0,0.1263133669180625,0
3055,RCN09076,1208-PF-LA-CMPE-GENRE,Laos,Full,RandomForest,2,0,0.005618236955950397,0
3056,RCN09077,1208-PF-LA-CMPE-GENRE,Laos,Full,RandomForest,2,0,0.00785226207112278,0
3057,RCN09079,1208-PF-LA-CMPE-GENRE,Laos,Full,RandomForest,2,0,0.1263133669180625,0
3058,RCN09080,1208-PF-LA-CMPE-GENRE,Laos,Full,RandomForest,2,0,0.004836826059095665,0
3059,RCN09081,1208-PF-LA-CMPE-GENRE,Laos,Full,RandomForest,2,0,0.02690097894325529,0
3060,RCN09082,1208-PF-LA-CMPE-GENRE,Laos,Full,RandomForest,2,0,0.0076252992492924195,0
3061,RCN09083,1208-PF-LA-CMPE-GENRE,Laos,Full,RandomForest,2,0,0.010971277209040613,0
3062,RCN09084,1208-PF-LA-CMPE-GENRE,Laos,Full,RandomForest,2,0,0.005239642960504116,0
3063,RCN09088,1208-PF-LA-CMPE-GENRE,Laos,Full,RandomForest,2,0,0.007756716648775158,0
3064,RCN09093,1208-PF-LA-CMPE-GENRE,Laos,Full,RandomForest,2,0,0.016154095559235207,0
3065,RCN09095,1208-PF-LA-CMPE-GENRE,Laos,Full,RandomForest,2,0,0.016154095559235207,0
3066,RCN09096,1208-PF-LA-CMPE-GENRE,Laos,Full,RandomForest,2,0,0.009979367423310227,0
3067,RCN09098,1208-PF-LA-CMPE-GENRE,Laos,Full,RandomForest,2,0,0.00488897112191856,0
3068,RCN09105,1208-PF-LA-CMPE-GENRE,Laos,Full,RandomForest,2,0,0.006599561809169557,0
3069,RCN09106,1208-PF-LA-CMPE-GENRE,Laos,Full,RandomForest,2,0,0.004836826059095665,0
3070,RCN09110,1208-PF-LA-CMPE-GENRE,Laos,Full,RandomForest,2,0,0.02740088430571648,0
3071,RCN09111,1208-PF-LA-CMPE-GENRE,Laos,Full,RandomForest,2,0,0.021143171254618832,0
3072,RCN09112,1208-PF-LA-CMPE-GENRE,Laos,Full,RandomForest,2,0,0.07663232770913306,0
3073,RCN09113,1208-PF-LA-CMPE-GENRE,Laos,Full,RandomForest,2,0,0.01087554650008934,0
3074,RCN09114,1208-PF-LA-CMPE-GENRE,Laos,Full,RandomForest,2,0,0.07721870499332405,0
3075,RCN09115,1208-PF-LA-CMPE-GENRE,Laos,Full,RandomForest,2,0,0.01087554650008934,0
3076,RCN09116,1208-PF-LA-CMPE-GENRE,Laos,Full,RandomForest,2,0,0.01087554650008934,0
3077,RCN09117,1208-PF-LA-CMPE-GENRE,Laos,Full,RandomForest,2,0,0.01607275217353448,0
3078,RCN09118,1208-PF-LA-CMPE-GENRE,Laos,Full,RandomForest,2,0,0.005618236955950397,0
3079,RCN09119,1208-PF-LA-CMPE-GENRE,Laos,Full,RandomForest,2,0,0.044582637899851285,0
3080,RCN09120,1208-PF-LA-CMPE-GENRE,Laos,Full,RandomForest,2,0,0.03162113015140588,0
3081,RCN09121,1208-PF-LA-CMPE-GENRE,Laos,Full,RandomForest,2,0,0.01087554650008934,0
3082,RCN09122,1208-PF-LA-CMPE-GENRE,Laos,Full,RandomForest,2,0,0.06585553448507384,0
3083,RCN09126,1208-PF-LA-CMPE-GENRE,Laos,Full,RandomForest,2,0,0.01087554650008934,0
3084,RCN09127,1208-PF-LA-CMPE-GENRE,Laos,Full,RandomForest,2,0,0.0768617626812962,0
3085,RCN09128,1208-PF-LA-CMPE-GENRE,Laos,Full,RandomForest,2,0,0.07663232770913306,0
3086,RCN09129,1208-PF-LA-CMPE-GENRE,Laos,Full,RandomForest,2,0,0.016154095559235207,0
3087,RCN09130,1208-PF-LA-CMPE-GENRE,Laos,Full,RandomForest,2,1,0.38697276984371193,0
3088,RCN09131,1208-PF-LA-CMPE-GENRE,Laos,Full,RandomForest,2,0,0.05676018825700046,0
3089,RCN09132,1208-PF-LA-CMPE-GENRE,Laos,Full,RandomForest,2,0,0.07196642670020993,0
3090,RCN09133,1208-PF-LA-CMPE-GENRE,Laos,Full,RandomForest,2,0,0.08936121032275719,0
3091,RCN09134,1208-PF-LA-CMPE-GENRE,Laos,Full,RandomForest,2,1,0.5181440971978698,1
3092,RCN09135,1208-PF-LA-CMPE-GENRE,Laos,Full,RandomForest,2,1,0.5726501966921355,1
3093,RCN09136,1208-PF-LA-CMPE-GENRE,Laos,Full,RandomForest,2,1,0.5870507548719833,1
3094,RCN09137,1208-PF-LA-CMPE-GENRE,Laos,Full,RandomForest,2,0,0.004836826059095665,0
3095,RCN09138,1208-PF-LA-CMPE-GENRE,Laos,Full,RandomForest,2,0,0.03089256743282021,0
3096,RCN09139,1208-PF-LA-CMPE-GENRE,Laos,Full,RandomForest,2,0,0.06585553448507384,0
3097,RCN09140,1208-PF-LA-CMPE-GENRE,Laos,Full,RandomForest,2,0,0.006599561809169557,0
3098,RCN09141,1208-PF-LA-CMPE-GENRE,Laos,Full,RandomForest,2,0,0.047780471322209694,0
3099,RCN09143,1208-PF-LA-CMPE-GENRE,Laos,Full,RandomForest,2,0,0.014691595005026007,0
3100,RCN09144,1208-PF-LA-CMPE-GENRE,Laos,Full,RandomForest,2,0,0.012137946464925529,0
3101,RCN09145,1208-PF-LA-CMPE-GENRE,Laos,Full,RandomForest,2,0,0.02270131989651047,0
3102,RCN09146,1208-PF-LA-CMPE-GENRE,Laos,Full,RandomForest,2,0,0.004836826059095665,0
3103,RCN09147,1208-PF-LA-CMPE-GENRE,Laos,Full,RandomForest,2,0,0.07614915184065524,0
3104,RCN09148,1208-PF-LA-CMPE-GENRE,Laos,Full,RandomForest,2,0,0.005618236955950397,0
3105,RCN09149,1208-PF-LA-CMPE-GENRE,Laos,Full,RandomForest,2,0,0.025864012476080077,0
3106,RCN09150,1208-PF-LA-CMPE-GENRE,Laos,Full,RandomForest,2,0,0.028650984523588652,0
3107,RCN09151,1208-PF-LA-CMPE-GENRE,Laos,Full,RandomForest,2,0,0.01087554650008934,0
3108,RCN09155,1208-PF-LA-CMPE-GENRE,Laos,Full,RandomForest,2,0,0.011814322587543754,0
3109,RCN09156,1208-PF-LA-CMPE-GENRE,Laos,Full,RandomForest,2,0,0.01087554650008934,0
3110,RCN09157,1208-PF-LA-CMPE-GENRE,Laos,Full,RandomForest,2,0,0.00719368226219227,0
3111,RCN09158,1208-PF-LA-CMPE-GENRE,Laos,Full,RandomForest,2,0,0.021327378839318678,0
3112,RCN09159,1208-PF-LA-CMPE-GENRE,Laos,Full,RandomForest,2,0,0.01087554650008934,0
3113,RCN09160,1208-PF-LA-CMPE-GENRE,Laos,Full,RandomForest,2,0,0.01087554650008934,0
3114,RCN09161,1208-PF-LA-CMPE-GENRE,Laos,Full,RandomForest,2,0,0.012560810799308335,0
3115,RCN09162,1208-PF-LA-CMPE-GENRE,Laos,Full,RandomForest,2,0,0.01087554650008934,0
3116,RCN09163,1208-PF-LA-CMPE-GENRE,Laos,Full,RandomForest,2,0,0.02141911568074866,0
3117,RCN09164,1208-PF-LA-CMPE-GENRE,Laos,Full,RandomForest,2,0,0.01087554650008934,0
3118,RCN09165,1208-PF-LA-CMPE-GENRE,Laos,Full,RandomForest,2,0,0.02980505442316918,0
3119,RCN09166,1208-PF-LA-CMPE-GENRE,Laos,Full,RandomForest,2,0,0.060206062156781724,0
3120,RCN09167,1208-PF-LA-CMPE-GENRE,Laos,Full,RandomForest,2,0,0.01029578600496196,0
3121,RCN09168,1208-PF-LA-CMPE-GENRE,Laos,Full,RandomForest,2,1,0.991136694151557,1
3122,RCN09170,1208-PF-LA-CMPE-GENRE,Laos,Full,RandomForest,2,0,0.5270755308969737,1
4083,RCN11492,1208-PF-LA-CMPE-GENRE,Laos,Full,RandomForest,2,0,0.07165176188919462,0
4084,RCN11493,1208-PF-LA-CMPE-GENRE,Laos,Full,RandomForest,2,0,0.06156598100544716,0
4085,RCN11494,1208-PF-LA-CMPE-GENRE,Laos,Full,RandomForest,2,0,0.0768617626812962,0
4086,RCN11495,1208-PF-LA-CMPE-GENRE,Laos,Full,RandomForest,2,0,0.06190193477043632,0
4087,RCN11497,1208-PF-LA-CMPE-GENRE,Laos,Full,RandomForest,2,0,0.04175242001431969,0
4088,RCN11498,1208-PF-LA-CMPE-GENRE,Laos,Full,RandomForest,2,0,0.052900597751260686,0
4089,RCN11499,1208-PF-LA-CMPE-GENRE,Laos,Full,RandomForest,2,0,0.025250688537177077,0
4090,RCN11500,1208-PF-LA-CMPE-GENRE,Laos,Full,RandomForest,2,0,0.04459091659996023,0
4091,RCN11501,1208-PF-LA-CMPE-GENRE,Laos,Full,RandomForest,2,0,0.004836826059095665,0
4092,RCN11504,1208-PF-LA-CMPE-GENRE,Laos,Full,RandomForest,2,0,0.06838838980210918,0
4093,RCN11505,1208-PF-LA-CMPE-GENRE,Laos,Full,RandomForest,2,0,0.14081447583734463,0
4094,RCN11506,1208-PF-LA-CMPE-GENRE,Laos,Full,RandomForest,2,0,0.13384574735772112,0
4095,RCN11507,1208-PF-LA-CMPE-GENRE,Laos,Full,RandomForest,2,0,0.00488897112191856,0
4096,RCN11508,1208-PF-LA-CMPE-GENRE,Laos,Full,RandomForest,2,0,0.022103731518057765,0
4097,RCN11510,1208-PF-LA-CMPE-GENRE,Laos,Full,RandomForest,2,0,0.020203391756977048,0
4098,RCN11511,1208-PF-LA-CMPE-GENRE,Laos,Full,RandomForest,2,1,0.5375277260123539,1
4099,RCN11512,1208-PF-LA-CMPE-GENRE,Laos,Full,RandomForest,2,0,0.00488897112191856,0
4100,RCN11513,1208-PF-LA-CMPE-GENRE,Laos,Full,RandomForest,2,0,0.016307866792787146,0
4101,RCN11514,1208-PF-LA-CMPE-GENRE,Laos,Full,RandomForest,2,0,0.07829971778179017,0
4102,RCN11515,1208-PF-LA-CMPE-GENRE,Laos,Full,RandomForest,2,0,0.027357386979442993,0
4103,RCN11516,1208-PF-LA-CMPE-GENRE,Laos,Full,RandomForest,2,0,0.006931557602715027,0
4104,RCN11517,1208-PF-LA-CMPE-GENRE,Laos,Full,RandomForest,2,0,0.00488897112191856,0
4105,RCN11518,1208-PF-LA-CMPE-GENRE,Laos,Full,RandomForest,2,0,0.020672257859652814,0
4106,RCN11519,1208-PF-LA-CMPE-GENRE,Laos,Full,RandomForest,2,0,0.004800773396997349,0
4107,RCN11520,1208-PF-LA-CMPE-GENRE,Laos,Full,RandomForest,2,0,0.01004178691074895,0
4108,RCN11521,1208-PF-LA-CMPE-GENRE,Laos,Full,RandomForest,2,0,0.01087554650008934,0
4109,RCN11522,1208-PF-LA-CMPE-GENRE,Laos,Full,RandomForest,2,0,0.008079061463010136,0
4110,RCN11523,1208-PF-LA-CMPE-GENRE,Laos,Full,RandomForest,2,0,0.012904491432363031,0
4111,RCN11524,1208-PF-LA-CMPE-GENRE,Laos,Full,RandomForest,2,0,0.01087554650008934,0
4112,RCN11525,1208-PF-LA-CMPE-GENRE,Laos,Full,RandomForest,2,0,0.012235465348754778,0
4113,RCN11526,1208-PF-LA-CMPE-GENRE,Laos,Full,RandomForest,2,0,0.012560810799308335,0
4114,RCN11527,1208-PF-LA-CMPE-GENRE,Laos,Full,RandomForest,2,0,0.010516949587939625,0
4115,RCN11528,1208-PF-LA-CMPE-GENRE,Laos,Full,RandomForest,2,0,0.05167297587384536,0
4116,RCN11529,1208-PF-LA-CMPE-GENRE,Laos,Full,RandomForest,2,0,0.16996526963670783,0
4117,RCN11530,1208-PF-LA-CMPE-GENRE,Laos,Full,RandomForest,2,0,0.08552681555210928,0
4118,RCN11531,1208-PF-LA-CMPE-GENRE,Laos,Full,RandomForest,2,0,0.05649957887228465,0
4119,RCN11532,1208-PF-LA-CMPE-GENRE,Laos,Full,RandomForest,2,0,0.004829559015548603,0
4120,RCN11533,1208-PF-LA-CMPE-GENRE,Laos,Full,RandomForest,2,0,0.01087554650008934,0
4121,RCN11534,1208-PF-LA-CMPE-GENRE,Laos,Full,RandomForest,2,0,0.0555540025764612,0
4122,RCN11535,1208-PF-LA-CMPE-GENRE,Laos,Full,RandomForest,2,0,0.04624564830416967,0
4123,RCN11537,1208-PF-LA-CMPE-GENRE,Laos,Full,RandomForest,2,0,0.018153139785719842,0
4124,RCN11538,1208-PF-LA-CMPE-GENRE,Laos,Full,RandomForest,2,0,0.012649008524229543,0
4125,RCN11539,1208-PF-LA-CMPE-GENRE,Laos,Full,RandomForest,2,0,0.010057293218278132,0
4126,RCN11540,1208-PF-LA-CMPE-GENRE,Laos,Full,RandomForest,2,0,0.004800773396997349,0
4127,RCN11541,1208-PF-LA-CMPE-GENRE,Laos,Full,RandomForest,2,0,0.01087554650008934,0
4128,RCN11542,1208-PF-LA-CMPE-GENRE,Laos,Full,RandomForest,2,0,0.01087554650008934,0
4129,RCN11543,1208-PF-LA-CMPE-GENRE,Laos,Full,RandomForest,2,0,0.008752443744396949,0
4130,RCN11544,1208-PF-LA-CMPE-GENRE,Laos,Full,RandomForest,2,0,0.01087554650008934,0
4131,RCN11545,1208-PF-LA-CMPE-GENRE,Laos,Full,RandomForest,2,0,0.0403618556191289,0
4132,RCN11546,1208-PF-LA-CMPE-GENRE,Laos,Full,RandomForest,2,1,0.571835335661777,1
4133,RCN11547,1208-PF-LA-CMPE-GENRE,Laos,Full,RandomForest,2,0,0.01087554650008934,0
4134,RCN11548,1208-PF-LA-CMPE-GENRE,Laos,Full,RandomForest,2,0,0.004836826059095665,0
4135,RCN11550,1208-PF-LA-CMPE-GENRE,Laos,Full,RandomForest,2,0,0.03126435692819487,0
4136,RCN11551,1208-PF-LA-CMPE-GENRE,Laos,Full,RandomForest,2,0,0.04624564830416967,0
4137,RCN11552,1208-PF-LA-CMPE-GENRE,Laos,Full,RandomForest,2,0,0.021327378839318678,0
4138,RCN11553,1208-PF-LA-CMPE-GENRE,Laos,Full,RandomForest,2,0,0.009413783998614178,0
4139,RCN11554,1208-PF-LA-CMPE-GENRE,Laos,Full,RandomForest,2,0,0.06264813778468008,0
4140,RCN11555,1208-PF-LA-CMPE-GENRE,Laos,Full,RandomForest,2,0,0.004836826059095665,0
4141,RCN11556,1208-PF-LA-CMPE-GENRE,Laos,Full,RandomForest,2,0,0.0033220530605513306,0
4142,RCN11557,1208-PF-LA-CMPE-GENRE,Laos,Full,RandomForest,2,0,0.004836826059095665,0
4143,RCN11558,1208-PF-LA-CMPE-GENRE,Laos,Full,RandomForest,2,0,0.1735195630091348,0
4144,RCN11559,1208-PF-LA-CMPE-GENRE,Laos,Full,RandomForest,2,0,0.011603579547118319,0
4145,RCN11560,1208-PF-LA-CMPE-GENRE,Laos,Full,RandomForest,2,0,0.010516949587939625,0
4146,RCN11561,1208-PF-LA-CMPE-GENRE,Laos,Full,RandomForest,2,1,0.571835335661777,1
4147,RCN11562,1208-PF-LA-CMPE-GENRE,Laos,Full,RandomForest,2,1,0.571835335661777,1
4148,RCN11564,1208-PF-LA-CMPE-GENRE,Laos,Full,RandomForest,2,0,0.004800773396997349,0
4149,RCN11565,1208-PF-LA-CMPE-GENRE,Laos,Full,RandomForest,2,0,0.004836826059095665,0
4150,RCN11566,1208-PF-LA-CMPE-GENRE,Laos,Full,RandomForest,2,0,0.005239642960504116,0
4151,RCN11567,1208-PF-LA-CMPE-GENRE,Laos,Full,RandomForest,2,0,0.004836826059095665,0
4152,RCN11568,1208-PF-LA-CMPE-GENRE,Laos,Full,RandomForest,2,0,0.06820315144853105,0
4153,RCN11569,1208-PF-LA-CMPE-GENRE,Laos,Full,RandomForest,2,0,0.06445128764930134,0
4154,RCN11570,1208-PF-LA-CMPE-GENRE,Laos,Full,RandomForest,2,0,0.025332493015664,0
4155,RCN11571,1208-PF-LA-CMPE-GENRE,Laos,Full,RandomForest,2,0,0.05122923977376116,0
4156,RCN11572,1208-PF-LA-CMPE-GENRE,Laos,Full,RandomForest,2,0,0.0758587861446586,0
4157,RCN11573,1208-PF-LA-CMPE-GENRE,Laos,Full,RandomForest,2,0,0.02414375416874992,0
4158,RCN11574,1208-PF-LA-CMPE-GENRE,Laos,Full,RandomForest,2,0,0.004836826059095665,0
4159,RCN11575,1208-PF-LA-CMPE-GENRE,Laos,Full,RandomForest,2,0,0.008752443744396949,0
4160,RCN11576,1208-PF-LA-CMPE-GENRE,Laos,Full,RandomForest,2,0,0.08381872354814109,0
4161,RCN11577,1208-PF-LA-CMPE-GENRE,Laos,Full,RandomForest,2,0,0.08381872354814109,0
4162,RCN11578,1208-PF-LA-CMPE-GENRE,Laos,Full,RandomForest,2,0,0.08381872354814109,0
4163,RCN11579,1208-PF-LA-CMPE-GENRE,Laos,Full,RandomForest,2,0,0.08381872354814109,0
4164,RCN11580,1208-PF-LA-CMPE-GENRE,Laos,Full,RandomForest,2,0,0.08381872354814109,0
4165,RCN11581,1208-PF-LA-CMPE-GENRE,Laos,Full,RandomForest,2,0,0.08381872354814109,0
4166,RCN11582,1208-PF-LA-CMPE-GENRE,Laos,Full,RandomForest,2,0,0.08381872354814109,0
4167,RCN11593,1208-PF-LA-CMPE-GENRE,Laos,Full,RandomForest,2,0,0.08528217969465482,0
4168,RCN11594,1208-PF-LA-CMPE-GENRE,Laos,Full,RandomForest,2,0,0.08381872354814109,0
4169,RCN11595,1208-PF-LA-CMPE-GENRE,Laos,Full,RandomForest,2,0,0.08381872354814109,0
4170,RCN11596,1208-PF-LA-CMPE-GENRE,Laos,Full,RandomForest,2,0,0.07366087041514882,0
4171,RCN11597,1208-PF-LA-CMPE-GENRE,Laos,Full,RandomForest,2,0,0.08381872354814109,0
4172,RCN11598,1208-PF-LA-CMPE-GENRE,Laos,Full,RandomForest,2,0,0.08381872354814109,0
4173,RCN11599,1208-PF-LA-CMPE-GENRE,Laos,Full,RandomForest,2,0,0.021143171254618832,0
4174,RCN11600,1208-PF-LA-CMPE-GENRE,Laos,Full,RandomForest,2,0,0.007756716648775158,0
4175,RCN11601,1208-PF-LA-CMPE-GENRE,Laos,Full,RandomForest,2,0,0.020891993241089698,0
4176,RCN11602,1208-PF-LA-CMPE-GENRE,Laos,Full,RandomForest,2,0,0.00875476608681764,0
4177,RCN11603,1208-PF-LA-CMPE-GENRE,Laos,Full,RandomForest,2,0,0.005618236955950397,0
4178,RCN11604,1208-PF-LA-CMPE-GENRE,Laos,Full,RandomForest,2,0,0.004836826059095665,0
4179,RCN11605,1208-PF-LA-CMPE-GENRE,Laos,Full,RandomForest,2,0,0.194733501818871,0
4180,RCN11606,1208-PF-LA-CMPE-GENRE,Laos,Full,RandomForest,2,0,0.07542843484156689,0
4181,RCN11607,1208-PF-LA-CMPE-GENRE,Laos,Full,RandomForest,2,0,0.005618236955950397,0
4182,RCN11608,1208-PF-LA-CMPE-GENRE,Laos,Full,RandomForest,2,0,0.006311783128880319,0
4183,RCN11610,1208-PF-LA-CMPE-GENRE,Laos,Full,RandomForest,2,0,0.00792315110821788,0
4184,RCN11611,1208-PF-LA-CMPE-GENRE,Laos,Full,RandomForest,2,0,0.10032345745878046,0
4185,RCN11612,1208-PF-LA-CMPE-GENRE,Laos,Full,RandomForest,2,0,0.04329564652087733,0
4186,RCN11613,1208-PF-LA-CMPE-GENRE,Laos,Full,RandomForest,2,0,0.008293401385025613,0
4187,RCN11614,1208-PF-LA-CMPE-GENRE,Laos,Full,RandomForest,2,0,0.02061139130798344,0
4188,RCN11615,1208-PF-LA-CMPE-GENRE,Laos,Full,RandomForest,2,0,0.005239642960504116,0
4189,RCN11616,1208-PF-LA-CMPE-GENRE,Laos,Full,RandomForest,2,0,0.08032345745878045,0
4190,RCN11617,1208-PF-LA-CMPE-GENRE,Laos,Full,RandomForest,2,0,0.041465395600030715,0
4191,RCN11618,1208-PF-LA-CMPE-GENRE,Laos,Full,RandomForest,2,0,0.03089279984076286,0
4192,RCN11619,1208-PF-LA-CMPE-GENRE,Laos,Full,RandomForest,2,0,0.010057293218278132,0
4193,RCN11620,1208-PF-LA-CMPE-GENRE,Laos,Full,RandomForest,2,0,0.004836826059095665,0
4194,RCN11621,1208-PF-LA-CMPE-GENRE,Laos,Full,RandomForest,2,0,0.01087554650008934,0
4195,RCN11622,1208-PF-LA-CMPE-GENRE,Laos,Full,RandomForest,2,0,0.005458021642503515,0
4196,RCN11623,1208-PF-LA-CMPE-GENRE,Laos,Full,RandomForest,2,0,0.27404007643446743,0
4197,RCN11624,1208-PF-LA-CMPE-GENRE,Laos,Full,RandomForest,2,0,0.0744308718363765,0
4198,RCN11625,1208-PF-LA-CMPE-GENRE,Laos,Full,RandomForest,2,0,0.02061139130798344,0
4199,RCN11626,1208-PF-LA-CMPE-GENRE,Laos,Full,RandomForest,2,0,0.003687790548356461,0
4200,RCN11627,1208-PF-LA-CMPE-GENRE,Laos,Full,RandomForest,2,0,0.004836826059095665,0
4201,RCN11628,1208-PF-LA-CMPE-GENRE,Laos,Full,RandomForest,2,0,0.005618236955950397,0
4202,RCN11629,1208-PF-LA-CMPE-GENRE,Laos,Full,RandomForest,2,0,0.060206062156781724,0
4203,RCN11630,1208-PF-LA-CMPE-GENRE,Laos,Full,RandomForest,2,0,0.01087554650008934,0
4204,RCN11631,1208-PF-LA-CMPE-GENRE,Laos,Full,RandomForest,2,0,0.007756716648775158,0
4205,RCN11632,1208-PF-LA-CMPE-GENRE,Laos,Full,RandomForest,2,0,0.03984383339016001,0
4206,RCN11633,1208-PF-LA-CMPE-GENRE,Laos,Full,RandomForest,2,0,0.048892409086527915,0
4207,RCN11634,1208-PF-LA-CMPE-GENRE,Laos,Full,RandomForest,2,0,0.048892409086527915,0
4208,RCN11635,1208-PF-LA-CMPE-GENRE,Laos,Full,RandomForest,2,0,0.042666234923162724,0
4209,RCN11636,1208-PF-LA-CMPE-GENRE,Laos,Full,RandomForest,2,0,0.02690097894325529,0
4210,RCN11637,1208-PF-LA-CMPE-GENRE,Laos,Full,RandomForest,2,0,0.004533312116432309,0
4211,RCN11638,1208-PF-LA-CMPE-GENRE,Laos,Full,RandomForest,2,0,0.004836826059095665,0
4212,RCN11639,1208-PF-LA-CMPE-GENRE,Laos,Full,RandomForest,2,0,0.02386414971415264,0
4213,RCN11640,1208-PF-LA-CMPE-GENRE,Laos,Full,RandomForest,2,0,0.04287208062252937,0
4214,RCN11641,1208-PF-LA-CMPE-GENRE,Laos,Full,RandomForest,2,0,0.03285737540138409,0
4215,RCN11642,1208-PF-LA-CMPE-GENRE,Laos,Full,RandomForest,2,0,0.07072523530377459,0
4216,RCN11643,1208-PF-LA-CMPE-GENRE,Laos,Full,RandomForest,2,0,0.03285737540138409,0
4217,RCN11644,1208-PF-LA-CMPE-GENRE,Laos,Full,RandomForest,2,0,0.00719368226219227,0
4218,RCN11645,1208-PF-LA-CMPE-GENRE,Laos,Full,RandomForest,2,0,0.01087554650008934,0
4219,RCN11646,1208-PF-LA-CMPE-GENRE,Laos,Full,RandomForest,2,0,0.04585908356499047,0
4220,RCN11647,1208-PF-LA-CMPE-GENRE,Laos,Full,RandomForest,2,0,0.004836826059095665,0
4221,RCN11648,1208-PF-LA-CMPE-GENRE,Laos,Full,RandomForest,2,0,0.01087554650008934,0
4222,RCN11649,1208-PF-LA-CMPE-GENRE,Laos,Full,RandomForest,2,0,0.01087554650008934,0
4223,RCN11650,1208-PF-LA-CMPE-GENRE,Laos,Full,RandomForest,2,0,0.01087554650008934,0
4224,RCN11651,1208-PF-LA-CMPE-GENRE,Laos,Full,RandomForest,2,0,0.004836826059095665,0
4225,RCN11652,1208-PF-LA-CMPE-GENRE,Laos,Full,RandomForest,2,0,0.006599561809169557,0
4226,RCN11653,1208-PF-LA-CMPE-GENRE,Laos,Full,RandomForest,2,0,0.004553823126316465,0
4227,RCN11654,1208-PF-LA-CMPE-GENRE,Laos,Full,RandomForest,2,0,0.012235465348754778,0
4228,RCN11655,1208-PF-LA-CMPE-GENRE,Laos,Full,RandomForest,2,0,0.004836826059095665,0
4229,RCN11658,1208-PF-LA-CMPE-GENRE,Laos,Full,RandomForest,2,0,0.031679622873366425,0
4230,RCN11660,1208-PF-LA-CMPE-GENRE,Laos,Full,RandomForest,2,0,0.031679622873366425,0
4231,RCN11661,1208-PF-LA-CMPE-GENRE,Laos,Full,RandomForest,2,0,0.060206062156781724,0
4232,RCN11662,1208-PF-LA-CMPE-GENRE,Laos,Full,RandomForest,2,0,0.059306866325083536,0
4233,RCN11663,1208-PF-LA-CMPE-GENRE,Laos,Full,RandomForest,2,0,0.007756716648775158,0
4234,RCN11664,1208-PF-LA-CMPE-GENRE,Laos,Full,RandomForest,2,0,0.007756716648775158,0
4235,RCN11665,1208-PF-LA-CMPE-GENRE,Laos,Full,RandomForest,2,0,0.01087554650008934,0
4236,RCN11666,1208-PF-LA-CMPE-GENRE,Laos,Full,RandomForest,2,0,0.01087554650008934,0
4237,RCN11667,1208-PF-LA-CMPE-GENRE,Laos,Full,RandomForest,2,0,0.007975932329728848,0
4238,RCN11668,1208-PF-LA-CMPE-GENRE,Laos,Full,RandomForest,2,0,0.03131703018954212,0
4239,RCN11669,1208-PF-LA-CMPE-GENRE,Laos,Full,RandomForest,2,0,0.051508065548535396,0
4240,RCN11670,1208-PF-LA-CMPE-GENRE,Laos,Full,RandomForest,2,0,0.004836826059095665,0
4241,RCN11671,1208-PF-LA-CMPE-GENRE,Laos,Full,RandomForest,2,0,0.02565521758077115,0
4242,RCN11672,1208-PF-LA-CMPE-GENRE,Laos,Full,RandomForest,2,0,0.006599561809169557,0
4243,RCN11673,1208-PF-LA-CMPE-GENRE,Laos,Full,RandomForest,2,0,0.007975932329728848,0
4244,RCN11674,1208-PF-LA-CMPE-GENRE,Laos,Full,RandomForest,2,0,0.0403618556191289,0
4245,RCN11675,1208-PF-LA-CMPE-GENRE,Laos,Full,RandomForest,2,0,0.009952647758090362,0
4246,RCN11676,1208-PF-LA-CMPE-GENRE,Laos,Full,RandomForest,2,0,0.01087554650008934,0
4247,RCN11677,1208-PF-LA-CMPE-GENRE,Laos,Full,RandomForest,2,0,0.004836826059095665,0
4248,RCN11678,1208-PF-LA-CMPE-GENRE,Laos,Full,RandomForest,2,0,0.048892409086527915,0
4249,RCN11679,1208-PF-LA-CMPE-GENRE,Laos,Full,RandomForest,2,0,0.048892409086527915,0
4250,RCN11680,1208-PF-LA-CMPE-GENRE,Laos,Full,RandomForest,2,0,0.004836826059095665,0
4251,RCN11681,1208-PF-LA-CMPE-GENRE,Laos,Full,RandomForest,2,0,0.021097772540406155,0
4252,RCN11682,1208-PF-LA-CMPE-GENRE,Laos,Full,RandomForest,2,0,0.004836826059095665,0
4253,RCN11684,1208-PF-LA-CMPE-GENRE,Laos,Full,RandomForest,2,0,0.04377497575829902,0
4254,RCN11685,1208-PF-LA-CMPE-GENRE,Laos,Full,RandomForest,2,0,0.021097772540406155,0
4255,RCN11687,1208-PF-LA-CMPE-GENRE,Laos,Full,RandomForest,2,0,0.00724426966561191,0
4256,RCN11688,1208-PF-LA-CMPE-GENRE,Laos,Full,RandomForest,2,0,0.021097772540406155,0
4257,RCN11689,1208-PF-LA-CMPE-GENRE,Laos,Full,RandomForest,2,0,0.013448487853059011,0
4258,RCN11691,1208-PF-LA-CMPE-GENRE,Laos,Full,RandomForest,2,0,0.021097772540406155,0
4259,RCN11692,1208-PF-LA-CMPE-GENRE,Laos,Full,RandomForest,2,0,0.01087554650008934,0
4260,RCN11693,1208-PF-LA-CMPE-GENRE,Laos,Full,RandomForest,2,0,0.00430378656545296,0
4261,RCN11694,1208-PF-LA-CMPE-GENRE,Laos,Full,RandomForest,2,0,0.04377497575829902,0
4262,RCN11695,1208-PF-LA-CMPE-GENRE,Laos,Full,RandomForest,2,0,0.03891257632053152,0
4263,RCN11696,1208-PF-LA-CMPE-GENRE,Laos,Full,RandomForest,2,0,0.005520689287858458,0
4264,RCN11699,1208-PF-LA-CMPE-GENRE,Laos,Full,RandomForest,2,0,0.004836826059095665,0
4265,RCN11700,1208-PF-LA-CMPE-GENRE,Laos,Full,RandomForest,2,0,0.01904453828267182,0
4266,RCN11701,1208-PF-LA-CMPE-GENRE,Laos,Full,RandomForest,2,0,0.006599561809169557,0
4267,RCN11702,1208-PF-LA-CMPE-GENRE,Laos,Full,RandomForest,2,0,0.004836826059095665,0
4268,RCN11703,1208-PF-LA-CMPE-GENRE,Laos,Full,RandomForest,2,0,0.01087554650008934,0
4269,RCN11704,1208-PF-LA-CMPE-GENRE,Laos,Full,RandomForest,2,0,0.004836826059095665,0
4270,RCN11706,1208-PF-LA-CMPE-GENRE,Laos,Full,RandomForest,2,0,0.004836826059095665,0
4271,RCN11707,1208-PF-LA-CMPE-GENRE,Laos,Full,RandomForest,2,0,0.048892409086527915,0
4272,RCN11708,1208-PF-LA-CMPE-GENRE,Laos,Full,RandomForest,2,0,0.032676949038207566,0
4273,RCN11709,1208-PF-LA-CMPE-GENRE,Laos,Full,RandomForest,2,0,0.004210817745149786,0
4274,RCN11710,1208-PF-LA-CMPE-GENRE,Laos,Full,RandomForest,2,0,0.01087554650008934,0
4275,RCN11711,1208-PF-LA-CMPE-GENRE,Laos,Full,RandomForest,2,0,0.04377497575829902,0
4276,RCN11712,1208-PF-LA-CMPE-GENRE,Laos,Full,RandomForest,2,0,0.008752443744396949,0
4277,RCN11713,1208-PF-LA-CMPE-GENRE,Laos,Full,RandomForest,2,0,0.004210817745149786,0
4278,RCN11714,1208-PF-LA-CMPE-GENRE,Laos,Full,RandomForest,2,0,0.01087554650008934,0
4279,RCN11715,1208-PF-LA-CMPE-GENRE,Laos,Full,RandomForest,2,0,0.03131703018954212,0
4280,RCN11716,1208-PF-LA-CMPE-GENRE,Laos,Full,RandomForest,2,0,0.00488897112191856,0
4281,RCN11722,1208-PF-LA-CMPE-GENRE,Laos,Full,RandomForest,2,0,0.019829750081197826,0
4282,RCN11723,1208-PF-LA-CMPE-GENRE,Laos,Full,RandomForest,2,0,0.019829750081197826,0
4283,RCN11725,1208-PF-LA-CMPE-GENRE,Laos,Full,RandomForest,2,0,0.008293401385025613,0
4284,RCN11726,1208-PF-LA-CMPE-GENRE,Laos,Full,RandomForest,2,0,0.014739019122567722,0
4285,RCN11727,1208-PF-LA-CMPE-GENRE,Laos,Full,RandomForest,2,0,0.01087554650008934,0
4286,RCN11730,1208-PF-LA-CMPE-GENRE,Laos,Full,RandomForest,2,0,0.01087554650008934,0
4287,RCN11731,1208-PF-LA-CMPE-GENRE,Laos,Full,RandomForest,2,0,0.01087554650008934,0
4288,RCN11732,1208-PF-LA-CMPE-GENRE,Laos,Full,RandomForest,2,0,0.01087554650008934,0
4289,RCN11740,1208-PF-LA-CMPE-GENRE,Laos,Full,RandomForest,2,0,0.01762130557554745,0
4290,RCN11741,1208-PF-LA-CMPE-GENRE,Laos,Full,RandomForest,2,0,0.008293401385025613,0
4291,RCN11742,1208-PF-LA-CMPE-GENRE,Laos,Full,RandomForest,2,0,0.004836826059095665,0
4292,RCN11743,1208-PF-LA-CMPE-GENRE,Laos,Full,RandomForest,2,0,0.016512481146707923,0
4293,RCN11747,1208-PF-LA-CMPE-GENRE,Laos,Full,RandomForest,2,1,0.5962000137754504,1
4294,RCN11748,1208-PF-LA-CMPE-GENRE,Laos,Full,RandomForest,2,1,0.5962000137754504,1
4295,RCN11749,1208-PF-LA-CMPE-GENRE,Laos,Full,RandomForest,2,1,0.5931688715269849,1
4296,RCN11751,1208-PF-LA-CMPE-GENRE,Laos,Full,RandomForest,2,1,0.5889831400154147,1
4297,RCN11752,1208-PF-LA-CMPE-GENRE,Laos,Full,RandomForest,2,1,0.597413570561858,1
4298,RCN11754,1208-PF-LA-CMPE-GENRE,Laos,Full,RandomForest,2,0,0.01087554650008934,0
4299,RCN11755,1208-PF-LA-CMPE-GENRE,Laos,Full,RandomForest,2,0,0.010516949587939625,0
4300,RCN11756,1208-PF-LA-CMPE-GENRE,Laos,Full,RandomForest,2,0,0.012235465348754778,0
4301,RCN11758,1208-PF-LA-CMPE-GENRE,Laos,Full,RandomForest,2,0,0.01087554650008934,0
4302,RCN11759,1208-PF-LA-CMPE-GENRE,Laos,Full,RandomForest,2,0,0.012235465348754778,0
4303,RCN11760,1208-PF-LA-CMPE-GENRE,Laos,Full,RandomForest,2,0,0.02270131989651047,0
4304,RCN11761,1208-PF-LA-CMPE-GENRE,Laos,Full,RandomForest,2,0,0.09242280949675377,0
4305,RCN11762,1208-PF-LA-CMPE-GENRE,Laos,Full,RandomForest,2,0,0.01087554650008934,0
4306,RCN11764,1208-PF-LA-CMPE-GENRE,Laos,Full,RandomForest,2,0,0.1367390395789846,0
4307,RCN11765,1208-PF-LA-CMPE-GENRE,Laos,Full,RandomForest,2,1,0.6959785141795458,1
4308,RCN11766,1208-PF-LA-CMPE-GENRE,Laos,Full,RandomForest,2,1,0.5358013606853088,1
4309,RCN11767,1208-PF-LA-CMPE-GENRE,Laos,Full,RandomForest,2,0,0.10240756526547191,0
4310,RCN11768,1208-PF-LA-CMPE-GENRE,Laos,Full,RandomForest,2,0,0.009413783998614178,0
4311,RCN11769,1208-PF-LA-CMPE-GENRE,Laos,Full,RandomForest,2,1,0.5358013606853088,1
4312,RCN11770,1208-PF-LA-CMPE-GENRE,Laos,Full,RandomForest,2,1,0.5404414898495449,1
4313,RCN11771,1208-PF-LA-CMPE-GENRE,Laos,Full,RandomForest,2,1,0.5358013606853088,1
4314,RCN11772,1208-PF-LA-CMPE-GENRE,Laos,Full,RandomForest,2,1,0.6697187283919329,1
4315,RCN11773,1208-PF-LA-CMPE-GENRE,Laos,Full,RandomForest,2,1,0.5859723004237766,1
4316,RCN11774,1208-PF-LA-CMPE-GENRE,Laos,Full,RandomForest,2,1,0.5894074104758442,1
4317,RCN11776,1208-PF-LA-CMPE-GENRE,Laos,Full,RandomForest,2,1,0.5962000137754504,1
4318,RCN11777,1208-PF-LA-CMPE-GENRE,Laos,Full,RandomForest,2,0,0.01087554650008934,0
4319,RCN11778,1208-PF-LA-CMPE-GENRE,Laos,Full,RandomForest,2,0,0.026366562725762654,0
4320,RCN11779,1208-PF-LA-CMPE-GENRE,Laos,Full,RandomForest,2,0,0.09242280949675377,0
4321,RCN11780,1208-PF-LA-CMPE-GENRE,Laos,Full,RandomForest,2,0,0.0880537214029665,0
4322,RCN11781,1208-PF-LA-CMPE-GENRE,Laos,Full,RandomForest,2,0,0.019353979108851848,0
4323,RCN11782,1208-PF-LA-CMPE-GENRE,Laos,Full,RandomForest,2,0,0.1367390395789846,0
4324,RCN11783,1208-PF-LA-CMPE-GENRE,Laos,Full,RandomForest,2,0,0.018153139785719842,0
4325,RCN11784,1208-PF-LA-CMPE-GENRE,Laos,Full,RandomForest,2,1,0.012649008524229543,0
4326,RCN11786,1208-PF-LA-CMPE-GENRE,Laos,Full,RandomForest,2,0,0.01087554650008934,0
4327,RCN11787,1208-PF-LA-CMPE-GENRE,Laos,Full,RandomForest,2,0,0.02099294180208807,0
4328,RCN11789,1208-PF-LA-CMPE-GENRE,Laos,Full,RandomForest,2,0,0.004210817745149786,0
4329,RCN11790,1208-PF-LA-CMPE-GENRE,Laos,Full,RandomForest,2,0,0.01087554650008934,0
4330,RCN11792,1208-PF-LA-CMPE-GENRE,Laos,Full,RandomForest,2,0,0.1444011148135811,0
4331,RCN11793,1208-PF-LA-CMPE-GENRE,Laos,Full,RandomForest,2,0,0.005618236955950397,0
4332,RCN11795,1208-PF-LA-CMPE-GENRE,Laos,Full,RandomForest,2,0,0.005618236955950397,0
4333,RCN11796,1208-PF-LA-CMPE-GENRE,Laos,Full,RandomForest,2,1,0.01253327639762508,0
4334,RCN11797,1208-PF-LA-CMPE-GENRE,Laos,Full,RandomForest,2,0,0.004836826059095665,0
4335,RCN11798,1208-PF-LA-CMPE-GENRE,Laos,Full,RandomForest,2,0,0.01087554650008934,0
4336,RCN11799,1208-PF-LA-CMPE-GENRE,Laos,Full,RandomForest,2,1,0.01253327639762508,0
4337,RCN11800,1208-PF-LA-CMPE-GENRE,Laos,Full,RandomForest,2,0,0.1020569307218741,0
4338,RCN11801,1208-PF-LA-CMPE-GENRE,Laos,Full,RandomForest,2,0,0.1263133669180625,0
4339,RCN11802,1208-PF-LA-CMPE-GENRE,Laos,Full,RandomForest,2,0,0.14277182296346647,0
4340,RCN11803,1208-PF-LA-CMPE-GENRE,Laos,Full,RandomForest,2,1,0.01253327639762508,0
4341,RCN11804,1208-PF-LA-CMPE-GENRE,Laos,Full,RandomForest,2,1,0.0058314261965492055,0
4342,RCN11805,1208-PF-LA-CMPE-GENRE,Laos,Full,RandomForest,2,0,0.025551521436869753,0
4343,RCN11806,1208-PF-LA-CMPE-GENRE,Laos,Full,RandomForest,2,0,0.006295806284880581,0
4344,RCN11807,1208-PF-LA-CMPE-GENRE,Laos,Full,RandomForest,2,0,0.006599561809169557,0
4345,RCN11808,1208-PF-LA-CMPE-GENRE,Laos,Full,RandomForest,2,0,0.010516949587939625,0
4346,RCN11809,1208-PF-LA-CMPE-GENRE,Laos,Full,RandomForest,2,0,0.006799032687944244,0
4347,RCN11810,1208-PF-LA-CMPE-GENRE,Laos,Full,RandomForest,2,0,0.005618236955950397,0
4348,RCN11811,1208-PF-LA-CMPE-GENRE,Laos,Full,RandomForest,2,0,0.012560810799308335,0
4349,RCN11812,1208-PF-LA-CMPE-GENRE,Laos,Full,RandomForest,2,0,0.004836826059095665,0
4350,RCN11813,1208-PF-LA-CMPE-GENRE,Laos,Full,RandomForest,2,1,0.5004160433197334,1
4351,RCN11816,1208-PF-LA-CMPE-GENRE,Laos,Full,RandomForest,2,1,0.4996778258903195,0
4352,RCN11817,1208-PF-LA-CMPE-GENRE,Laos,Full,RandomForest,2,1,0.49672144797012097,0
4353,RCN11819,1208-PF-LA-CMPE-GENRE,Laos,Full,RandomForest,2,0,0.009846624554086547,0
4354,RCN11820,1208-PF-LA-CMPE-GENRE,Laos,Full,RandomForest,2,0,0.0069982702615070105,0
4355,RCN11822,1208-PF-LA-CMPE-GENRE,Laos,Full,RandomForest,2,1,0.4989098672308986,0
4356,RCN11823,1208-PF-LA-CMPE-GENRE,Laos,Full,RandomForest,2,1,0.49199047895826487,0
4357,RCN11824,1208-PF-LA-CMPE-GENRE,Laos,Full,RandomForest,2,1,0.49919902951100875,0
4358,RCN11827,1208-PF-LA-CMPE-GENRE,Laos,Full,RandomForest,2,1,0.49687090704884335,0
4359,RCN11828,1208-PF-LA-CMPE-GENRE,Laos,Full,RandomForest,2,1,0.48909882762483703,0
4360,RCN11829,1208-PF-LA-CMPE-GENRE,Laos,Full,RandomForest,2,0,0.04561461030889401,0
4361,RCN11830,1208-PF-LA-CMPE-GENRE,Laos,Full,RandomForest,2,1,0.9983322021764391,1
4362,RCN11831,1208-PF-LA-CMPE-GENRE,Laos,Full,RandomForest,2,1,0.9983890031037997,1
4363,RCN11833,1208-PF-LA-CMPE-GENRE,Laos,Full,RandomForest,2,0,0.8532807117841851,1
4364,RCN11834,1208-PF-LA-CMPE-GENRE,Laos,Full,RandomForest,2,1,0.27419199136248457,0
4365,RCN11835,1208-PF-LA-CMPE-GENRE,Laos,Full,RandomForest,2,0,0.04486027391596805,0
4366,RCN11836,1208-PF-LA-CMPE-GENRE,Laos,Full,RandomForest,2,1,0.617064434807536,1
4367,RCN11837,1208-PF-LA-CMPE-GENRE,Laos,Full,RandomForest,2,1,0.6141190093391358,1
4368,RCN11839,1208-PF-LA-CMPE-GENRE,Laos,Full,RandomForest,2,1,0.9359230884117622,1
4369,RCN11840,1208-PF-LA-CMPE-GENRE,Laos,Full,RandomForest,2,1,0.9516008946628238,1
4370,RCN11841,1208-PF-LA-CMPE-GENRE,Laos,Full,RandomForest,2,1,0.600611566232521,1
4371,RCN11843,1208-PF-LA-CMPE-GENRE,Laos,Full,RandomForest,2,0,0.3102097995960314,0
4372,RCN11844,1208-PF-LA-CMPE-GENRE,Laos,Full,RandomForest,2,0,0.25339341393617576,0
4373,RCN11845,1208-PF-LA-CMPE-GENRE,Laos,Full,RandomForest,2,1,0.9965142282066419,1
4374,RCN11847,1208-PF-LA-CMPE-GENRE,Laos,Full,RandomForest,2,1,0.3846464381880759,0
4375,RCN11848,1208-PF-LA-CMPE-GENRE,Laos,Full,RandomForest,2,0,0.17199217374831616,0
4376,RCN11849,1208-PF-LA-CMPE-GENRE,Laos,Full,RandomForest,2,0,0.28703993761532026,0
4377,RCN11850,1208-PF-LA-CMPE-GENRE,Laos,Full,RandomForest,2,1,0.9811716700862189,1
4378,RCN11852,1208-PF-LA-CMPE-GENRE,Laos,Full,RandomForest,2,1,0.7068312440605814,1
4379,RCN11854,1208-PF-LA-CMPE-GENRE,Laos,Full,RandomForest,2,1,0.9965142282066419,1
4380,RCN11855,1208-PF-LA-CMPE-GENRE,Laos,Full,RandomForest,2,1,0.9287420400687401,1
4381,RCN11856,1208-PF-LA-CMPE-GENRE,Laos,Full,RandomForest,2,1,0.9928525635507955,1
4382,RCN11859,1208-PF-LA-CMPE-GENRE,Laos,Full,RandomForest,2,1,0.9942374272769534,1
4383,RCN11862,1208-PF-LA-CMPE-GENRE,Laos,Full,RandomForest,2,1,0.9922727458719293,1
4384,RCN11863,1208-PF-LA-CMPE-GENRE,Laos,Full,RandomForest,2,1,0.9942374272769534,1
4385,RCN11864,1208-PF-LA-CMPE-GENRE,Laos,Full,RandomForest,2,1,0.9942374272769534,1
4386,RCN11865,1208-PF-LA-CMPE-GENRE,Laos,Full,RandomForest,2,1,0.9935981812467809,1
4387,RCN11866,1208-PF-LA-CMPE-GENRE,Laos,Full,RandomForest,2,1,0.9965142282066419,1
4388,RCN11868,1208-PF-LA-CMPE-GENRE,Laos,Full,RandomForest,2,0,0.4122982323252233,0
4389,RCN11869,1208-PF-LA-CMPE-GENRE,Laos,Full,RandomForest,2,1,0.9964147031328501,1
4390,RCN11870,1208-PF-LA-CMPE-GENRE,Laos,Full,RandomForest,2,1,0.9960641549106236,1
4391,RCN11871,1208-PF-LA-CMPE-GENRE,Laos,Full,RandomForest,2,1,0.9983890031037997,1
4392,RCN11872,1208-PF-LA-CMPE-GENRE,Laos,Full,RandomForest,2,1,0.9965142282066419,1
4393,RCN11873,1208-PF-LA-CMPE-GENRE,Laos,Full,RandomForest,2,1,0.9942374272769534,1
4394,RCN11874,1208-PF-LA-CMPE-GENRE,Laos,Full,RandomForest,2,1,0.9893858953874592,1
4395,RCN11875,1208-PF-LA-CMPE-GENRE,Laos,Full,RandomForest,2,1,0.9984240977987013,1
4396,RCN11876,1208-PF-LA-CMPE-GENRE,Laos,Full,RandomForest,2,1,0.9763052882441231,1
4397,RCN11877,1208-PF-LA-CMPE-GENRE,Laos,Full,RandomForest,2,1,0.9905408950523263,1
4398,RCN11878,1208-PF-LA-CMPE-GENRE,Laos,Full,RandomForest,2,1,0.9983322021764391,1
4399,RCN11879,1208-PF-LA-CMPE-GENRE,Laos,Full,RandomForest,2,0,0.8270597320765627,1
4400,RCN11880,1208-PF-LA-CMPE-GENRE,Laos,Full,RandomForest,2,1,0.5455446805744671,1
4401,RCN11881,1208-PF-LA-CMPE-GENRE,Laos,Full,RandomForest,2,0,0.03465192879466747,0
4402,RCN11882,1208-PF-LA-CMPE-GENRE,Laos,Full,RandomForest,2,1,0.9900959514081269,1
4403,RCN11883,1208-PF-LA-CMPE-GENRE,Laos,Full,RandomForest,2,1,0.9965142282066419,1
4404,RCN11884,1208-PF-LA-CMPE-GENRE,Laos,Full,RandomForest,2,0,0.2386537214114164,0
4405,RCN11885,1208-PF-LA-CMPE-GENRE,Laos,Full,RandomForest,2,1,0.9516008946628238,1
4406,RCN11886,1208-PF-LA-CMPE-GENRE,Laos,Full,RandomForest,2,0,0.3074670701776137,0
4407,RCN11887,1208-PF-LA-CMPE-GENRE,Laos,Full,RandomForest,2,0,0.1670855694816242,0
4408,RCN11888,1208-PF-LA-CMPE-GENRE,Laos,Full,RandomForest,2,1,0.7984629426337264,1
4409,RCN11889,1208-PF-LA-CMPE-GENRE,Laos,Full,RandomForest,2,0,0.07380734070995096,0
4410,RCN11890,1208-PF-LA-CMPE-GENRE,Laos,Full,RandomForest,2,1,0.9834849900357571,1
4411,RCN11891,1208-PF-LA-CMPE-GENRE,Laos,Full,RandomForest,2,1,0.9984240977987013,1
4412,RCN11892,1208-PF-LA-CMPE-GENRE,Laos,Full,RandomForest,2,1,0.9973875967433763,1
4413,RCN11893,1208-PF-LA-CMPE-GENRE,Laos,Full,RandomForest,2,1,0.7209535261741684,1
4414,RCN11895,1208-PF-LA-CMPE-GENRE,Laos,Full,RandomForest,2,1,0.9986011954540137,1
4415,RCN11896,1208-PF-LA-CMPE-GENRE,Laos,Full,RandomForest,2,1,0.7983365569370295,1
4416,RCN11897,1208-PF-LA-CMPE-GENRE,Laos,Full,RandomForest,2,0,0.03428212424792434,0
4417,RCN11898,1208-PF-LA-CMPE-GENRE,Laos,Full,RandomForest,2,0,0.042755488989195456,0
4418,RCN11899,1208-PF-LA-CMPE-GENRE,Laos,Full,RandomForest,2,0,0.043494143907529904,0
4419,RCN11900,1208-PF-LA-CMPE-GENRE,Laos,Full,RandomForest,2,1,0.7237147164885007,1
4420,RCN11901,1208-PF-LA-CMPE-GENRE,Laos,Full,RandomForest,2,0,0.035371049102942746,0
4421,RCN11903,1208-PF-LA-CMPE-GENRE,Laos,Full,RandomForest,2,1,0.9942374272769534,1
4422,RCN11904,1208-PF-LA-CMPE-GENRE,Laos,Full,RandomForest,2,0,0.035509026717763285,0
4423,RCN11905,1208-PF-LA-CMPE-GENRE,Laos,Full,RandomForest,2,0,0.16323438946089353,0
4424,RCN11906,1208-PF-LA-CMPE-GENRE,Laos,Full,RandomForest,2,1,0.7983365569370295,1
4425,RCN11907,1208-PF-LA-CMPE-GENRE,Laos,Full,RandomForest,2,0,0.0200795050425965,0
4426,RCN11908,1208-PF-LA-CMPE-GENRE,Laos,Full,RandomForest,2,0,0.0200795050425965,0
4427,RCN11909,1208-PF-LA-CMPE-GENRE,Laos,Full,RandomForest,2,1,0.7983365569370295,1
4428,RCN11910,1208-PF-LA-CMPE-GENRE,Laos,Full,RandomForest,2,0,0.0200795050425965,0
4429,RCN11913,1208-PF-LA-CMPE-GENRE,Laos,Full,RandomForest,2,1,0.2041898055397347,0
4430,RCN11914,1208-PF-LA-CMPE-GENRE,Laos,Full,RandomForest,2,0,0.041810334090826455,0
4431,RCN11915,1208-PF-LA-CMPE-GENRE,Laos,Full,RandomForest,2,1,0.9984092732494508,1
4432,RCN11916,1208-PF-LA-CMPE-GENRE,Laos,Full,RandomForest,2,1,0.9983322021764391,1
4433,RCN11917,1208-PF-LA-CMPE-GENRE,Laos,Full,RandomForest,2,0,0.04810341023888325,0
4434,RCN11918,1208-PF-LA-CMPE-GENRE,Laos,Full,RandomForest,2,1,0.9942374272769534,1
4435,RCN11919,1208-PF-LA-CMPE-GENRE,Laos,Full,RandomForest,2,1,0.9951883271259662,1
4436,RCN11920,1208-PF-LA-CMPE-GENRE,Laos,Full,RandomForest,2,0,0.03428212424792434,0
4437,RCN11921,1208-PF-LA-CMPE-GENRE,Laos,Full,RandomForest,2,0,0.04756726555168196,0
4438,RCN11922,1208-PF-LA-CMPE-GENRE,Laos,Full,RandomForest,2,1,0.9969232492175827,1
4439,RCN11923,1208-PF-LA-CMPE-GENRE,Laos,Full,RandomForest,2,0,0.14028890695971521,0
4440,RCN11924,1208-PF-LA-CMPE-GENRE,Laos,Full,RandomForest,2,1,0.9840359968412785,1
4441,RCN11925,1208-PF-LA-CMPE-GENRE,Laos,Full,RandomForest,2,0,0.05965433980055021,0
4442,RCN11926,1208-PF-LA-CMPE-GENRE,Laos,Full,RandomForest,2,1,0.7983365569370295,1
4443,RCN11927,1208-PF-LA-CMPE-GENRE,Laos,Full,RandomForest,2,0,0.32456775248560293,0
4444,RCN11928,1208-PF-LA-CMPE-GENRE,Laos,Full,RandomForest,2,1,0.9942374272769534,1
4445,RCN11929,1208-PF-LA-CMPE-GENRE,Laos,Full,RandomForest,2,1,0.9860110182246163,1
4446,RCN11930,1208-PF-LA-CMPE-GENRE,Laos,Full,RandomForest,2,0,0.8362506826486156,1
4447,RCN11931,1208-PF-LA-CMPE-GENRE,Laos,Full,RandomForest,2,0,0.8362506826486156,1
4448,RCN11933,1208-PF-LA-CMPE-GENRE,Laos,Full,RandomForest,2,1,0.9964147031328501,1
4449,RCN11936,1208-PF-LA-CMPE-GENRE,Laos,Full,RandomForest,2,1,0.9759849821341453,1
4450,RCN11937,1208-PF-LA-CMPE-GENRE,Laos,Full,RandomForest,2,0,0.05908393254492458,0
4451,RCN11939,1208-PF-LA-CMPE-GENRE,Laos,Full,RandomForest,2,1,0.9763052882441231,1
4452,RCN11940,1208-PF-LA-CMPE-GENRE,Laos,Full,RandomForest,2,1,0.9983322021764391,1
4883,RCN13263,1208-PF-LA-CMPE-GENRE,Laos,Full,RandomForest,2,0,0.0026802815517338895,0
4884,RCN13264,1208-PF-LA-CMPE-GENRE,Laos,Full,RandomForest,2,0,0.004332064999134728,0
4885,RCN13265,1208-PF-LA-CMPE-GENRE,Laos,Full,RandomForest,2,0,0.03178346325582279,0
4886,RCN13266,1208-PF-LA-CMPE-GENRE,Laos,Full,RandomForest,2,0,0.030277777712159226,0
4887,RCN13267,1208-PF-LA-CMPE-GENRE,Laos,Full,RandomForest,2,0,0.02902736250240854,0
4888,RCN13268,1208-PF-LA-CMPE-GENRE,Laos,Full,RandomForest,2,0,0.32693103562867165,0
4889,RCN13269,1208-PF-LA-CMPE-GENRE,Laos,Full,RandomForest,2,0,0.02902736250240854,0
4890,RCN13270,1208-PF-LA-CMPE-GENRE,Laos,Full,RandomForest,2,0,0.004332064999134728,0
4891,RCN13271,1208-PF-LA-CMPE-GENRE,Laos,Full,RandomForest,2,0,0.03989993924195641,0
4892,RCN13272,1208-PF-LA-CMPE-GENRE,Laos,Full,RandomForest,2,0,0.03989993924195641,0
4893,RCN13273,1208-PF-LA-CMPE-GENRE,Laos,Full,RandomForest,2,0,0.046438244464472166,0
4894,RCN13274,1208-PF-LA-CMPE-GENRE,Laos,Full,RandomForest,2,0,0.010516949587939625,0
4895,RCN13275,1208-PF-LA-CMPE-GENRE,Laos,Full,RandomForest,2,0,0.03989993924195641,0
4896,RCN13276,1208-PF-LA-CMPE-GENRE,Laos,Full,RandomForest,2,0,0.010516949587939625,0
4897,RCN13277,1208-PF-LA-CMPE-GENRE,Laos,Full,RandomForest,2,0,0.03989993924195641,0
4898,RCN13278,1208-PF-LA-CMPE-GENRE,Laos,Full,RandomForest,2,0,0.03989993924195641,0
4899,RCN13279,1208-PF-LA-CMPE-GENRE,Laos,Full,RandomForest,2,0,0.010516949587939625,0
4900,RCN13280,1208-PF-LA-CMPE-GENRE,Laos,Full,RandomForest,2,0,0.03989993924195641,0
4901,RCN13281,1208-PF-LA-CMPE-GENRE,Laos,Full,RandomForest,2,0,0.03989993924195641,0
4902,RCN13282,1208-PF-LA-CMPE-GENRE,Laos,Full,RandomForest,2,0,0.010516949587939625,0
4903,RCN13283,1208-PF-LA-CMPE-GENRE,Laos,Full,RandomForest,2,0,0.026682144365118128,0
4904,RCN13284,1208-PF-LA-CMPE-GENRE,Laos,Full,RandomForest,2,0,0.004800773396997349,0
4905,RCN13285,1208-PF-LA-CMPE-GENRE,Laos,Full,RandomForest,2,0,0.02902736250240854,0
4906,RCN13286,1208-PF-LA-CMPE-GENRE,Laos,Full,RandomForest,2,0,0.03989993924195641,0
4907,RCN13287,1208-PF-LA-CMPE-GENRE,Laos,Full,RandomForest,2,0,0.004836826059095665,0
4908,RCN13288,1208-PF-LA-CMPE-GENRE,Laos,Full,RandomForest,2,0,0.03989993924195641,0
4909,RCN13289,1208-PF-LA-CMPE-GENRE,Laos,Full,RandomForest,2,0,0.010516949587939625,0
4910,RCN13290,1208-PF-LA-CMPE-GENRE,Laos,Full,RandomForest,2,0,0.03989993924195641,0
4911,RCN13291,1208-PF-LA-CMPE-GENRE,Laos,Full,RandomForest,2,0,0.05655563976647089,0
4912,RCN13292,1208-PF-LA-CMPE-GENRE,Laos,Full,RandomForest,2,0,0.004836826059095665,0
4913,RCN13293,1208-PF-LA-CMPE-GENRE,Laos,Full,RandomForest,2,0,0.006835085350042559,0
4914,RCN13294,1208-PF-LA-CMPE-GENRE,Laos,Full,RandomForest,2,0,0.006835085350042559,0
4915,RCN13295,1208-PF-LA-CMPE-GENRE,Laos,Full,RandomForest,2,0,0.007136617258655197,0
4916,RCN13296,1208-PF-LA-CMPE-GENRE,Laos,Full,RandomForest,2,0,0.010516949587939625,0
4917,RCN13297,1208-PF-LA-CMPE-GENRE,Laos,Full,RandomForest,2,0,0.007136617258655197,0
4918,RCN13298,1208-PF-LA-CMPE-GENRE,Laos,Full,RandomForest,2,0,0.006835085350042559,0
4919,RCN13299,1208-PF-LA-CMPE-GENRE,Laos,Full,RandomForest,2,0,0.008195004198708002,0
4920,RCN13300,1208-PF-LA-CMPE-GENRE,Laos,Full,RandomForest,2,0,0.006835085350042559,0
4921,RCN13301,1208-PF-LA-CMPE-GENRE,Laos,Full,RandomForest,2,0,0.07072523530377459,0
4922,RCN13302,1208-PF-LA-CMPE-GENRE,Laos,Full,RandomForest,2,0,0.010516949587939625,0
4923,RCN13303,1208-PF-LA-CMPE-GENRE,Laos,Full,RandomForest,2,0,0.010516949587939625,0
4924,RCN13304,1208-PF-LA-CMPE-GENRE,Laos,Full,RandomForest,2,0,0.010516949587939625,0
4925,RCN13305,1208-PF-LA-CMPE-GENRE,Laos,Full,RandomForest,2,0,0.010516949587939625,0
4926,RCN13306,1208-PF-LA-CMPE-GENRE,Laos,Full,RandomForest,2,0,0.010516949587939625,0
4927,RCN13307,1208-PF-LA-CMPE-GENRE,Laos,Full,RandomForest,2,0,0.02096878192716897,0
4928,RCN13308,1208-PF-LA-CMPE-GENRE,Laos,Full,RandomForest,2,0,0.011876868436605065,0
4929,RCN13309,1208-PF-LA-CMPE-GENRE,Laos,Full,RandomForest,2,0,0.010516949587939625,0
4930,RCN13310,1208-PF-LA-CMPE-GENRE,Laos,Full,RandomForest,2,0,0.010516949587939625,0
4931,RCN13311,1208-PF-LA-CMPE-GENRE,Laos,Full,RandomForest,2,0,0.0067748707930052185,0
4932,RCN13312,1208-PF-LA-CMPE-GENRE,Laos,Full,RandomForest,2,0,0.02641430508968084,0
4933,RCN13313,1208-PF-LA-CMPE-GENRE,Laos,Full,RandomForest,2,0,0.005239642960504116,0
4934,RCN13316,1208-PF-LA-CMPE-GENRE,Laos,Full,RandomForest,2,0,0.00697815580461584,0
4935,RCN13319,1208-PF-LA-CMPE-GENRE,Laos,Full,RandomForest,2,0,0.07985385408722726,0
4936,RCN13320,1208-PF-LA-CMPE-GENRE,Laos,Full,RandomForest,2,0,0.011876868436605065,0
4937,RCN13321,1208-PF-LA-CMPE-GENRE,Laos,Full,RandomForest,2,0,0.002661924239788983,0
4938,RCN13322,1208-PF-LA-CMPE-GENRE,Laos,Full,RandomForest,2,0,0.01616189132619307,0
4939,RCN13323,1208-PF-LA-CMPE-GENRE,Laos,Full,RandomForest,2,0,0.005618236955950397,0
4940,RCN13324,1208-PF-LA-CMPE-GENRE,Laos,Full,RandomForest,2,0,0.012649008524229543,0
4941,RCN13329,1208-PF-LA-CMPE-GENRE,Laos,Full,RandomForest,2,1,0.5906209672622517,1
4942,RCN13330,1208-PF-LA-CMPE-GENRE,Laos,Full,RandomForest,2,1,0.4031807964778567,0
4943,RCN13331,1208-PF-LA-CMPE-GENRE,Laos,Full,RandomForest,2,1,0.5906209672622517,1
4944,RCN13332,1208-PF-LA-CMPE-GENRE,Laos,Full,RandomForest,2,1,0.597413570561858,1
4945,RCN13333,1208-PF-LA-CMPE-GENRE,Laos,Full,RandomForest,2,1,0.5667663850219231,1
4946,RCN13336,1208-PF-LA-CMPE-GENRE,Laos,Full,RandomForest,2,0,0.006018073356475524,0
4947,RCN13337,1208-PF-LA-CMPE-GENRE,Laos,Full,RandomForest,2,0,0.021092246054123118,0
4948,RCN13338,1208-PF-LA-CMPE-GENRE,Laos,Full,RandomForest,2,0,0.004836826059095665,0
4949,RCN13339,1208-PF-LA-CMPE-GENRE,Laos,Full,RandomForest,2,0,0.004836826059095665,0
4950,RCN13340,1208-PF-LA-CMPE-GENRE,Laos,Full,RandomForest,2,0,0.010516949587939625,0
4951,RCN13341,1208-PF-LA-CMPE-GENRE,Laos,Full,RandomForest,2,0,0.012649008524229543,0
4952,RCN13342,1208-PF-LA-CMPE-GENRE,Laos,Full,RandomForest,2,0,0.021043791430064226,0
4953,RCN13343,1208-PF-LA-CMPE-GENRE,Laos,Full,RandomForest,2,0,0.008293401385025613,0
4954,RCN13344,1208-PF-LA-CMPE-GENRE,Laos,Full,RandomForest,2,0,0.008293401385025613,0
4955,RCN13345,1208-PF-LA-CMPE-GENRE,Laos,Full,RandomForest,2,0,0.03989993924195641,0
4956,RCN13346,1208-PF-LA-CMPE-GENRE,Laos,Full,RandomForest,2,0,0.012560810799308335,0
4957,RCN13347,1208-PF-LA-CMPE-GENRE,Laos,Full,RandomForest,2,0,0.005618236955950397,0
4958,RCN13348,1208-PF-LA-CMPE-GENRE,Laos,Full,RandomForest,2,0,0.004836826059095665,0
4959,RCN13349,1208-PF-LA-CMPE-GENRE,Laos,Full,RandomForest,2,0,0.03485638791517819,0
4960,RCN13350,1208-PF-LA-CMPE-GENRE,Laos,Full,RandomForest,2,0,0.016898433409325734,0
4961,RCN13351,1208-PF-LA-CMPE-GENRE,Laos,Full,RandomForest,2,0,0.06234046607302608,0
4962,RCN13352,1208-PF-LA-CMPE-GENRE,Laos,Full,RandomForest,2,0,0.0531611462388091,0
4963,RCN13353,1208-PF-LA-CMPE-GENRE,Laos,Full,RandomForest,2,0,0.007136617258655197,0
4964,RCN13354,1208-PF-LA-CMPE-GENRE,Laos,Full,RandomForest,2,0,0.007136617258655197,0
4965,RCN13355,1208-PF-LA-CMPE-GENRE,Laos,Full,RandomForest,2,0,0.02270131989651047,0
4966,RCN13356,1208-PF-LA-CMPE-GENRE,Laos,Full,RandomForest,2,0,0.010516949587939625,0
4967,RCN13357,1208-PF-LA-CMPE-GENRE,Laos,Full,RandomForest,2,0,0.012227085617584121,0
4968,RCN13358,1208-PF-LA-CMPE-GENRE,Laos,Full,RandomForest,2,1,0.5478547729956759,1
4969,RCN13359,1208-PF-LA-CMPE-GENRE,Laos,Full,RandomForest,2,0,0.01792861578427225,0
4970,RCN13360,1208-PF-LA-CMPE-GENRE,Laos,Full,RandomForest,2,0,0.01792861578427225,0
4971,RCN13361,1208-PF-LA-CMPE-GENRE,Laos,Full,RandomForest,2,1,0.5478547729956759,1
4972,RCN13362,1208-PF-LA-CMPE-GENRE,Laos,Full,RandomForest,2,1,0.5404414898495449,1
4973,RCN13363,1208-PF-LA-CMPE-GENRE,Laos,Full,RandomForest,2,1,0.5478547729956759,1
4974,RCN13364,1208-PF-LA-CMPE-GENRE,Laos,Full,RandomForest,2,0,0.23652227722541624,0
4975,RCN13365,1208-PF-LA-CMPE-GENRE,Laos,Full,RandomForest,2,0,0.011876868436605065,0
4976,RCN13366,1208-PF-LA-CMPE-GENRE,Laos,Full,RandomForest,2,0,0.012560810799308335,0
4977,RCN13367,1208-PF-LA-CMPE-GENRE,Laos,Full,RandomForest,2,0,0.2972620192178497,0
4978,RCN13368,1208-PF-LA-CMPE-GENRE,Laos,Full,RandomForest,2,1,0.5816064265305545,1
4979,RCN13369,1208-PF-LA-CMPE-GENRE,Laos,Full,RandomForest,2,0,0.012649008524229543,0
4980,RCN13370,1208-PF-LA-CMPE-GENRE,Laos,Full,RandomForest,2,0,0.0652463308648072,0
4981,RCN13371,1208-PF-LA-CMPE-GENRE,Laos,Full,RandomForest,2,0,0.012560810799308335,0
4982,RCN13372,1208-PF-LA-CMPE-GENRE,Laos,Full,RandomForest,2,0,0.021092246054123118,0
4983,RCN13373,1208-PF-LA-CMPE-GENRE,Laos,Full,RandomForest,2,0,0.021092246054123118,0
4984,RCN13374,1208-PF-LA-CMPE-GENRE,Laos,Full,RandomForest,2,1,0.577577122799409,1
4985,RCN13375,1208-PF-LA-CMPE-GENRE,Laos,Full,RandomForest,2,0,0.11273435281514424,0
4986,RCN13376,1208-PF-LA-CMPE-GENRE,Laos,Full,RandomForest,2,0,0.0029634561484016193,0
4987,RCN13377,1208-PF-LA-CMPE-GENRE,Laos,Full,RandomForest,2,0,0.277297206571434,0
4988,RCN13378,1208-PF-LA-CMPE-GENRE,Laos,Full,RandomForest,2,0,0.018625806678912973,0
4989,RCN13379,1208-PF-LA-CMPE-GENRE,Laos,Full,RandomForest,2,0,0.011124083518315836,0
4990,RCN13380,1208-PF-LA-CMPE-GENRE,Laos,Full,RandomForest,2,1,0.5873717197025656,1
4991,RCN13381,1208-PF-LA-CMPE-GENRE,Laos,Full,RandomForest,2,0,0.03516933587144448,0
4992,RCN13382,1208-PF-LA-CMPE-GENRE,Laos,Full,RandomForest,2,1,0.571835335661777,1
4993,RCN13383,1208-PF-LA-CMPE-GENRE,Laos,Full,RandomForest,2,0,0.01034797769078991,0
4994,RCN13384,1208-PF-LA-CMPE-GENRE,Laos,Full,RandomForest,2,0,0.010516949587939625,0
4995,RCN13385,1208-PF-LA-CMPE-GENRE,Laos,Full,RandomForest,2,0,0.012373061084178193,0
4996,RCN13386,1208-PF-LA-CMPE-GENRE,Laos,Full,RandomForest,2,0,0.025250688537177077,0
4997,RCN13387,1208-PF-LA-CMPE-GENRE,Laos,Full,RandomForest,2,1,0.4318305919446845,0
4998,RCN13388,1208-PF-LA-CMPE-GENRE,Laos,Full,RandomForest,2,1,0.5328559352169084,1
4999,RCN13389,1208-PF-LA-CMPE-GENRE,Laos,Full,RandomForest,2,0,0.30591818229352047,0
5000,RCN13390,1208-PF-LA-CMPE-GENRE,Laos,Full,RandomForest,2,0,0.32864313314066335,0
5001,RCN13391,1208-PF-LA-CMPE-GENRE,Laos,Full,RandomForest,2,1,0.5358013606853088,1
5002,RCN13392,1208-PF-LA-CMPE-GENRE,Laos,Full,RandomForest,2,0,0.010516949587939625,0
5003,RCN13394,1208-PF-LA-CMPE-GENRE,Laos,Full,RandomForest,2,0,0.09038054292823418,0
5004,RCN13395,1208-PF-LA-CMPE-GENRE,Laos,Full,RandomForest,2,0,0.010516949587939625,0
5005,RCN13396,1208-PF-LA-CMPE-GENRE,Laos,Full,RandomForest,2,0,0.011876868436605065,0
5006,RCN13397,1208-PF-LA-CMPE-GENRE,Laos,Full,RandomForest,2,0,0.006835085350042559,0
5007,RCN13398,1208-PF-LA-CMPE-GENRE,Laos,Full,RandomForest,2,0,0.010516949587939625,0
5008,RCN13400,1208-PF-LA-CMPE-GENRE,Laos,Full,RandomForest,2,0,0.0531456105109285,0
5009,RCN13401,1208-PF-LA-CMPE-GENRE,Laos,Full,RandomForest,2,0,0.011876868436605065,0
5010,RCN13403,1208-PF-LA-CMPE-GENRE,Laos,Full,RandomForest,2,1,0.9802732408516523,1
5011,RCN13404,1208-PF-LA-CMPE-GENRE,Laos,Full,RandomForest,2,1,0.9707784813894249,1
5012,RCN13405,1208-PF-LA-CMPE-GENRE,Laos,Full,RandomForest,2,1,0.9734821044787239,1
5013,RCN13406,1208-PF-LA-CMPE-GENRE,Laos,Full,RandomForest,2,1,0.9660741950864238,1
5014,RCN13407,1208-PF-LA-CMPE-GENRE,Laos,Full,RandomForest,2,1,0.9707784813894249,1
5015,RCN13408,1208-PF-LA-CMPE-GENRE,Laos,Full,RandomForest,2,1,0.9804503208030881,1
5016,RCN13409,1208-PF-LA-CMPE-GENRE,Laos,Full,RandomForest,2,1,0.9834849900357571,1
5017,RCN13410,1208-PF-LA-CMPE-GENRE,Laos,Full,RandomForest,2,1,0.9100665520054307,1
5018,RCN13411,1208-PF-LA-CMPE-GENRE,Laos,Full,RandomForest,2,1,0.6252610495749439,1
5019,RCN13412,1208-PF-LA-CMPE-GENRE,Laos,Full,RandomForest,2,1,0.5931688715269849,1
5020,RCN13413,1208-PF-LA-CMPE-GENRE,Laos,Full,RandomForest,2,1,0.5358013606853088,1
5021,RCN13414,1208-PF-LA-CMPE-GENRE,Laos,Full,RandomForest,2,1,0.5328559352169084,1
5022,RCN13415,1208-PF-LA-CMPE-GENRE,Laos,Full,RandomForest,2,1,0.5328559352169084,1
5023,RCN13416,1208-PF-LA-CMPE-GENRE,Laos,Full,RandomForest,2,1,0.5328559352169084,1
5024,RCN13417,1208-PF-LA-CMPE-GENRE,Laos,Full,RandomForest,2,0,0.012373061084178193,0
5025,RCN13418,1208-PF-LA-CMPE-GENRE,Laos,Full,RandomForest,2,0,0.006835085350042559,0
5026,RCN13419,1208-PF-LA-CMPE-GENRE,Laos,Full,RandomForest,2,0,0.007756716648775158,0
5027,RCN13420,1208-PF-LA-CMPE-GENRE,Laos,Full,RandomForest,2,0,0.012560810799308335,0
5028,RCN13421,1208-PF-LA-CMPE-GENRE,Laos,Full,RandomForest,2,0,0.012560810799308335,0
5029,RCN13422,1208-PF-LA-CMPE-GENRE,Laos,Full,RandomForest,2,0,0.007838284364058964,0
5030,RCN13424,1208-PF-LA-CMPE-GENRE,Laos,Full,RandomForest,2,0,0.09948632893647626,0
5031,RCN13427,1208-PF-LA-CMPE-GENRE,Laos,Full,RandomForest,2,0,0.11007862494641689,0
5032,RCN13429,1208-PF-LA-CMPE-GENRE,Laos,Full,RandomForest,2,0,0.11007862494641689,0
5033,RCN13430,1208-PF-LA-CMPE-GENRE,Laos,Full,RandomForest,2,0,0.01378703646783488,0
5034,RCN13431,1208-PF-LA-CMPE-GENRE,Laos,Full,RandomForest,2,0,0.0026802815517338895,0
5035,RCN13432,1208-PF-LA-CMPE-GENRE,Laos,Full,RandomForest,2,0,0.006599561809169557,0
5036,RCN13433,1208-PF-LA-CMPE-GENRE,Laos,Full,RandomForest,2,0,0.004836826059095665,0
5037,RCN13434,1208-PF-LA-CMPE-GENRE,Laos,Full,RandomForest,2,0,0.006599561809169557,0
5038,RCN13435,1208-PF-LA-CMPE-GENRE,Laos,Full,RandomForest,2,0,0.005618236955950397,0
5039,RCN13436,1208-PF-LA-CMPE-GENRE,Laos,Full,RandomForest,2,0,0.004836826059095665,0
5040,RCN13437,1208-PF-LA-CMPE-GENRE,Laos,Full,RandomForest,2,0,0.02270131989651047,0
5041,RCN13438,1208-PF-LA-CMPE-GENRE,Laos,Full,RandomForest,2,0,0.005458021642503515,0
5042,RCN13439,1208-PF-LA-CMPE-GENRE,Laos,Full,RandomForest,2,0,0.1594221222175494,0
5043,RCN13441,1208-PF-LA-CMPE-GENRE,Laos,Full,RandomForest,2,0,0.023390930724525708,0
5044,RCN13442,1208-PF-LA-CMPE-GENRE,Laos,Full,RandomForest,2,0,0.11536504232755174,0
5045,RCN13443,1208-PF-LA-CMPE-GENRE,Laos,Full,RandomForest,2,0,0.05754298317996403,0
5046,RCN13445,1208-PF-LA-CMPE-GENRE,Laos,Full,RandomForest,2,0,0.09597861040757819,0
5047,RCN13446,1208-PF-LA-CMPE-GENRE,Laos,Full,RandomForest,2,0,0.006599561809169557,0
5048,RCN13447,1208-PF-LA-CMPE-GENRE,Laos,Full,RandomForest,2,0,0.012560810799308335,0
5049,RCN13448,1208-PF-LA-CMPE-GENRE,Laos,Full,RandomForest,2,0,0.08290453619233215,0
5050,RCN13449,1208-PF-LA-CMPE-GENRE,Laos,Full,RandomForest,2,1,0.9970896508864172,1
5051,RCN13450,1208-PF-LA-CMPE-GENRE,Laos,Full,RandomForest,2,1,0.9030500092134552,1
5052,RCN13452,1208-PF-LA-CMPE-GENRE,Laos,Full,RandomForest,2,1,0.9942725219718551,1
5053,RCN13454,1208-PF-LA-CMPE-GENRE,Laos,Full,RandomForest,2,0,0.6922247082779556,1
5054,RCN13455,1208-PF-LA-CMPE-GENRE,Laos,Full,RandomForest,2,0,0.13523574318242745,0
5055,RCN13457,1208-PF-LA-CMPE-GENRE,Laos,Full,RandomForest,2,1,0.9647608278078036,1
5056,RCN13458,1208-PF-LA-CMPE-GENRE,Laos,Full,RandomForest,2,0,0.16028401522346464,0
5057,RCN13459,1208-PF-LA-CMPE-GENRE,Laos,Full,RandomForest,2,0,0.3708222367735256,0
5058,RCN13460,1208-PF-LA-CMPE-GENRE,Laos,Full,RandomForest,2,0,0.09178816871909982,0
5059,RCN13461,1208-PF-LA-CMPE-GENRE,Laos,Full,RandomForest,2,0,0.07616683134328796,0
5060,RCN13462,1208-PF-LA-CMPE-GENRE,Laos,Full,RandomForest,2,1,0.9973754026925218,1
5061,RCN13463,1208-PF-LA-CMPE-GENRE,Laos,Full,RandomForest,2,1,0.9798466762545757,1
5062,RCN13464,1208-PF-LA-CMPE-GENRE,Laos,Full,RandomForest,2,0,0.3328138077850249,0
5063,RCN13465,1208-PF-LA-CMPE-GENRE,Laos,Full,RandomForest,2,1,0.9970896508864172,1
5064,RCN13466,1208-PF-LA-CMPE-GENRE,Laos,Full,RandomForest,2,0,0.5830235250411372,1
5065,RCN13467,1208-PF-LA-CMPE-GENRE,Laos,Full,RandomForest,2,0,0.3406784526394543,0
5066,RCN13468,1208-PF-LA-CMPE-GENRE,Laos,Full,RandomForest,2,0,0.3406784526394543,0
5067,RCN13469,1208-PF-LA-CMPE-GENRE,Laos,Full,RandomForest,2,0,0.35150386606676337,0
5068,RCN13470,1208-PF-LA-CMPE-GENRE,Laos,Full,RandomForest,2,1,0.8908241823359292,1
5069,RCN13471,1208-PF-LA-CMPE-GENRE,Laos,Full,RandomForest,2,1,0.9893858953874592,1
5070,RCN13472,1208-PF-LA-CMPE-GENRE,Laos,Full,RandomForest,2,1,0.9965142282066419,1
5071,RCN13473,1208-PF-LA-CMPE-GENRE,Laos,Full,RandomForest,2,1,0.9942374272769534,1
5072,RCN13474,1208-PF-LA-CMPE-GENRE,Laos,Full,RandomForest,2,1,0.9892560253283103,1
5073,RCN13475,1208-PF-LA-CMPE-GENRE,Laos,Full,RandomForest,2,1,0.9942725219718551,1
5074,RCN13476,1208-PF-LA-CMPE-GENRE,Laos,Full,RandomForest,2,1,0.9870784646016861,1
5075,RCN13477,1208-PF-LA-CMPE-GENRE,Laos,Full,RandomForest,2,1,0.9913545946928992,1
5076,RCN13478,1208-PF-LA-CMPE-GENRE,Laos,Full,RandomForest,2,1,0.9805373723123095,1
5077,RCN13479,1208-PF-LA-CMPE-GENRE,Laos,Full,RandomForest,2,1,0.9942725219718551,1
5078,RCN13480,1208-PF-LA-CMPE-GENRE,Laos,Full,RandomForest,2,1,0.9982451994621927,1
5079,RCN13481,1208-PF-LA-CMPE-GENRE,Laos,Full,RandomForest,2,1,0.600611566232521,1
5080,RCN13482,1208-PF-LA-CMPE-GENRE,Laos,Full,RandomForest,2,1,0.9984240977987013,1
5081,RCN13483,1208-PF-LA-CMPE-GENRE,Laos,Full,RandomForest,2,1,0.8908241823359292,1
5082,RCN13484,1208-PF-LA-CMPE-GENRE,Laos,Full,RandomForest,2,0,0.044998251530788576,0
5083,RCN13485,1208-PF-LA-CMPE-GENRE,Laos,Full,RandomForest,2,1,0.9083684848879128,1
5084,RCN13486,1208-PF-LA-CMPE-GENRE,Laos,Full,RandomForest,2,1,0.9927693360575144,1
5085,RCN13487,1208-PF-LA-CMPE-GENRE,Laos,Full,RandomForest,2,0,0.2177137899259457,0
5086,RCN13488,1208-PF-LA-CMPE-GENRE,Laos,Full,RandomForest,2,0,0.18074246074540615,0
5087,RCN13489,1208-PF-LA-CMPE-GENRE,Laos,Full,RandomForest,2,1,0.9834849900357571,1
5088,RCN13490,1208-PF-LA-CMPE-GENRE,Laos,Full,RandomForest,2,1,0.5328559352169084,1
5089,RCN13491,1208-PF-LA-CMPE-GENRE,Laos,Full,RandomForest,2,0,0.6220142843567854,1
5090,RCN13492,1208-PF-LA-CMPE-GENRE,Laos,Full,RandomForest,2,0,0.20591850460976002,0
5091,RCN13493,1208-PF-LA-CMPE-GENRE,Laos,Full,RandomForest,2,0,0.16740330141804996,0
5092,RCN13494,1208-PF-LA-CMPE-GENRE,Laos,Full,RandomForest,2,1,0.900346360369111,1
5093,RCN13495,1208-PF-LA-CMPE-GENRE,Laos,Full,RandomForest,2,1,0.9970896508864172,1
5094,RCN13497,1208-PF-LA-CMPE-GENRE,Laos,Full,RandomForest,2,1,0.9826213546999338,1
5095,RCN13498,1208-PF-LA-CMPE-GENRE,Laos,Full,RandomForest,2,1,0.9940909410671437,1
5096,RCN13499,1208-PF-LA-CMPE-GENRE,Laos,Full,RandomForest,2,1,0.7326839897330454,1
5097,RCN13500,1208-PF-LA-CMPE-GENRE,Laos,Full,RandomForest,2,0,0.04486027391596805,0
5098,RCN13501,1208-PF-LA-CMPE-GENRE,Laos,Full,RandomForest,2,1,0.6876547971946662,1
5099,RCN13502,1208-PF-LA-CMPE-GENRE,Laos,Full,RandomForest,2,1,0.690954231617338,1
5100,RCN13503,1208-PF-LA-CMPE-GENRE,Laos,Full,RandomForest,2,1,0.9983890031037997,1
5101,RCN13505,1208-PF-LA-CMPE-GENRE,Laos,Full,RandomForest,2,1,0.9984240977987013,1
5102,RCN13506,1208-PF-LA-CMPE-GENRE,Laos,Full,RandomForest,2,0,0.6838648795271154,1
5103,RCN13507,1208-PF-LA-CMPE-GENRE,Laos,Full,RandomForest,2,1,0.9942725219718551,1
5104,RCN13508,1208-PF-LA-CMPE-GENRE,Laos,Full,RandomForest,2,1,0.9942725219718551,1
5105,RCN13510,1208-PF-LA-CMPE-GENRE,Laos,Full,RandomForest,2,0,0.3626925061776717,0
5106,RCN13511,1208-PF-LA-CMPE-GENRE,Laos,Full,RandomForest,2,1,0.8978709884403965,1
5107,RCN13512,1208-PF-LA-CMPE-GENRE,Laos,Full,RandomForest,2,1,0.9712068681271131,1
5108,RCN13513,1208-PF-LA-CMPE-GENRE,Laos,Full,RandomForest,2,0,0.23227880207687743,0
5109,RCN13514,1208-PF-LA-CMPE-GENRE,Laos,Full,RandomForest,2,0,0.3684892332194119,0
5110,RCN13515,1208-PF-LA-CMPE-GENRE,Laos,Full,RandomForest,2,1,0.600611566232521,1
5111,RCN13516,1208-PF-LA-CMPE-GENRE,Laos,Full,RandomForest,2,1,0.9636537289061721,1
5112,RCN13517,1208-PF-LA-CMPE-GENRE,Laos,Full,RandomForest,2,0,0.05664782672434782,0
5113,RCN13518,1208-PF-LA-CMPE-GENRE,Laos,Full,RandomForest,2,1,0.9555314379762138,1
5114,RCN13521,1208-PF-LA-CMPE-GENRE,Laos,Full,RandomForest,2,1,0.9707784813894249,1
5115,RCN13523,1208-PF-LA-CMPE-GENRE,Laos,Full,RandomForest,2,0,0.012560810799308335,0
5116,RCN13524,1208-PF-LA-CMPE-GENRE,Laos,Full,RandomForest,2,0,0.04486027391596805,0
5117,RCN13525,1208-PF-LA-CMPE-GENRE,Laos,Full,RandomForest,2,0,0.02558013650193246,0
5118,RCN13526,1208-PF-LA-CMPE-GENRE,Laos,Full,RandomForest,2,1,0.9984443679443525,1
5119,RCN13527,1208-PF-LA-CMPE-GENRE,Laos,Full,RandomForest,2,1,0.9986011954540137,1
5120,RCN13528,1208-PF-LA-CMPE-GENRE,Laos,Full,RandomForest,2,1,0.25474909112735744,0
5121,RCN13529,1208-PF-LA-CMPE-GENRE,Laos,Full,RandomForest,2,1,0.9109327414950849,1
5122,RCN13530,1208-PF-LA-CMPE-GENRE,Laos,Full,RandomForest,2,1,0.3116108579464244,0
5123,RCN13531,1208-PF-LA-CMPE-GENRE,Laos,Full,RandomForest,2,0,0.1484909243117702,0
5124,RCN13532,1208-PF-LA-CMPE-GENRE,Laos,Full,RandomForest,2,1,0.4491399373112433,0
5125,RCN13533,1208-PF-LA-CMPE-GENRE,Laos,Full,RandomForest,2,1,0.4491399373112433,0
5126,RCN13534,1208-PF-LA-CMPE-GENRE,Laos,Full,RandomForest,2,1,0.9677514462522785,1
5127,RCN13536,1208-PF-LA-CMPE-GENRE,Laos,Full,RandomForest,2,0,0.1435462577689292,0
5128,RCN13537,1208-PF-LA-CMPE-GENRE,Laos,Full,RandomForest,2,1,0.45572238596375164,0
5129,RCN13538,1208-PF-LA-CMPE-GENRE,Laos,Full,RandomForest,2,1,0.4491399373112433,0
5130,RCN13539,1208-PF-LA-CMPE-GENRE,Laos,Full,RandomForest,2,1,0.4491980738904612,0
5131,RCN13540,1208-PF-LA-CMPE-GENRE,Laos,Full,RandomForest,2,1,0.9763052882441231,1
5132,RCN13541,1208-PF-LA-CMPE-GENRE,Laos,Full,RandomForest,2,0,0.044998251530788576,0
5133,RCN13542,1208-PF-LA-CMPE-GENRE,Laos,Full,RandomForest,2,1,0.8405378583881955,1
5134,RCN13543,1208-PF-LA-CMPE-GENRE,Laos,Full,RandomForest,2,1,0.7070600134514683,1
5135,RCN13544,1208-PF-LA-CMPE-GENRE,Laos,Full,RandomForest,2,1,0.95274164234428,1
5136,RCN13545,1208-PF-LA-CMPE-GENRE,Laos,Full,RandomForest,2,1,0.8405378583881955,1
5137,RCN13546,1208-PF-LA-CMPE-GENRE,Laos,Full,RandomForest,2,1,0.9066701725952604,1
5138,RCN13548,1208-PF-LA-CMPE-GENRE,Laos,Full,RandomForest,2,1,0.9508714375666797,1
5139,RCN13549,1208-PF-LA-CMPE-GENRE,Laos,Full,RandomForest,2,0,0.5235477312602244,1
5140,RCN13551,1208-PF-LA-CMPE-GENRE,Laos,Full,RandomForest,2,1,0.830840653651335,1
5141,RCN13552,1208-PF-LA-CMPE-GENRE,Laos,Full,RandomForest,2,0,0.5382010693017816,1
5142,RCN13553,1208-PF-LA-CMPE-GENRE,Laos,Full,RandomForest,2,1,0.8391761759884723,1
5143,RCN13554,1208-PF-LA-CMPE-GENRE,Laos,Full,RandomForest,2,1,0.7982348254583118,1
5144,RCN13555,1208-PF-LA-CMPE-GENRE,Laos,Full,RandomForest,2,0,0.6514887680860086,1
5145,RCN13556,1208-PF-LA-CMPE-GENRE,Laos,Full,RandomForest,2,0,0.03465192879466747,0
5146,RCN13557,1208-PF-LA-CMPE-GENRE,Laos,Full,RandomForest,2,1,0.8405378583881955,1
5147,RCN13558,1208-PF-LA-CMPE-GENRE,Laos,Full,RandomForest,2,1,0.9942725219718551,1
5148,RCN13559,1208-PF-LA-CMPE-GENRE,Laos,Full,RandomForest,2,0,0.34211160256677176,0
5149,RCN13560,1208-PF-LA-CMPE-GENRE,Laos,Full,RandomForest,2,1,0.6255437855154904,1
5150,RCN13561,1208-PF-LA-CMPE-GENRE,Laos,Full,RandomForest,2,1,0.8473671313967257,1
5151,RCN13562,1208-PF-LA-CMPE-GENRE,Laos,Full,RandomForest,2,1,0.8405378583881955,1
5152,RCN13563,1208-PF-LA-CMPE-GENRE,Laos,Full,RandomForest,2,1,0.6128387570173038,1
5153,RCN13564,1208-PF-LA-CMPE-GENRE,Laos,Full,RandomForest,2,1,0.4491399373112433,0
5154,RCN13565,1208-PF-LA-CMPE-GENRE,Laos,Full,RandomForest,2,1,0.7097690417064569,1
5155,RCN13566,1208-PF-LA-CMPE-GENRE,Laos,Full,RandomForest,2,0,0.04553961743861756,0
5156,RCN13567,1208-PF-LA-CMPE-GENRE,Laos,Full,RandomForest,2,1,0.9941691630968278,1
5157,RCN13568,1208-PF-LA-CMPE-GENRE,Laos,Full,RandomForest,2,1,0.3469937735801457,0
5158,RCN13569,1208-PF-LA-CMPE-GENRE,Laos,Full,RandomForest,2,0,0.27797214192224584,0
5159,RCN13570,1208-PF-LA-CMPE-GENRE,Laos,Full,RandomForest,2,1,0.8473671313967257,1
5160,RCN13571,1208-PF-LA-CMPE-GENRE,Laos,Full,RandomForest,2,1,0.6189752843948254,1
5161,RCN13574,1208-PF-LA-CMPE-GENRE,Laos,Full,RandomForest,2,0,0.27797214192224584,0
5162,RCN13575,1208-PF-LA-CMPE-GENRE,Laos,Full,RandomForest,2,1,0.6189752843948254,1
5163,RCN13576,1208-PF-LA-CMPE-GENRE,Laos,Full,RandomForest,2,0,0.5127901997120378,1
5164,RCN13577,1208-PF-LA-CMPE-GENRE,Laos,Full,RandomForest,2,1,0.9926206581929192,1
5165,RCN13578,1208-PF-LA-CMPE-GENRE,Laos,Full,RandomForest,2,1,0.9926206581929192,1
5166,RCN13579,1208-PF-LA-CMPE-GENRE,Laos,Full,RandomForest,2,1,0.4546827654653552,0
5167,RCN13580,1208-PF-LA-CMPE-GENRE,Laos,Full,RandomForest,2,1,0.8855386237798711,1
5168,RCN13581,1208-PF-LA-CMPE-GENRE,Laos,Full,RandomForest,2,1,0.8405378583881955,1
5169,RCN13582,1208-PF-LA-CMPE-GENRE,Laos,Full,RandomForest,2,1,0.34842318240869796,0
5170,RCN13583,1208-PF-LA-CMPE-GENRE,Laos,Full,RandomForest,2,0,0.03465192879466747,0
5171,RCN13584,1208-PF-LA-CMPE-GENRE,Laos,Full,RandomForest,2,0,0.3758249781482992,0
5172,RCN13585,1208-PF-LA-CMPE-GENRE,Laos,Full,RandomForest,2,1,0.49199047895826487,0
5424,RCN14904,1208-PF-LA-CMPE-GENRE,Laos,Full,RandomForest,2,1,0.5478547729956759,1
5425,RCN14906,1208-PF-LA-CMPE-GENRE,Laos,Full,RandomForest,2,1,0.5478547729956759,1
5426,RCN14910,1208-PF-LA-CMPE-GENRE,Laos,Full,RandomForest,2,1,0.5427750055884892,1
5427,RCN14912,1208-PF-LA-CMPE-GENRE,Laos,Full,RandomForest,2,1,0.5478547729956759,1
5428,RCN14913,1208-PF-LA-CMPE-GENRE,Laos,Full,RandomForest,2,1,0.5478547729956759,1
5429,RCN14915,1208-PF-LA-CMPE-GENRE,Laos,Full,RandomForest,2,1,0.5478547729956759,1
5430,RCN14916,1208-PF-LA-CMPE-GENRE,Laos,Full,RandomForest,2,1,0.5358013606853088,1
5431,RCN14917,1208-PF-LA-CMPE-GENRE,Laos,Full,RandomForest,2,0,0.0055981934945391505,0
5432,RCN14918,1208-PF-LA-CMPE-GENRE,Laos,Full,RandomForest,2,0,0.012560810799308335,0
5433,RCN14919,1208-PF-LA-CMPE-GENRE,Laos,Full,RandomForest,2,0,0.012560810799308335,0
5434,RCN14920,1208-PF-LA-CMPE-GENRE,Laos,Full,RandomForest,2,0,0.004836826059095665,0
5435,RCN14921,1208-PF-LA-CMPE-GENRE,Laos,Full,RandomForest,2,0,0.030558774146450543,0
5436,RCN14923,1208-PF-LA-CMPE-GENRE,Laos,Full,RandomForest,2,0,0.08166524503507151,0
5437,RCN14924,1208-PF-LA-CMPE-GENRE,Laos,Full,RandomForest,2,0,0.08622247894550267,0
5438,RCN14925,1208-PF-LA-CMPE-GENRE,Laos,Full,RandomForest,2,0,0.08032345745878045,0
5439,RCN14926,1208-PF-LA-CMPE-GENRE,Laos,Full,RandomForest,2,0,0.03891091662572205,0
5440,RCN14927,1208-PF-LA-CMPE-GENRE,Laos,Full,RandomForest,2,0,0.03190362855768829,0
5441,RCN14928,1208-PF-LA-CMPE-GENRE,Laos,Full,RandomForest,2,0,0.010516949587939625,0
5442,RCN14929,1208-PF-LA-CMPE-GENRE,Laos,Full,RandomForest,2,0,0.010516949587939625,0
5443,RCN14930,1208-PF-LA-CMPE-GENRE,Laos,Full,RandomForest,2,0,0.005922392471443798,0
5444,RCN14932,1208-PF-LA-CMPE-GENRE,Laos,Full,RandomForest,2,0,0.005922392471443798,0
5445,RCN14933,1208-PF-LA-CMPE-GENRE,Laos,Full,RandomForest,2,0,0.006276116065884384,0
5446,RCN14934,1208-PF-LA-CMPE-GENRE,Laos,Full,RandomForest,2,0,0.02822007869880593,0
5447,RCN14935,1208-PF-LA-CMPE-GENRE,Laos,Full,RandomForest,2,1,0.5816064265305545,1
5448,RCN14936,1208-PF-LA-CMPE-GENRE,Laos,Full,RandomForest,2,0,0.013301878743832676,0
5449,RCN14937,1208-PF-LA-CMPE-GENRE,Laos,Full,RandomForest,2,0,0.05615392815178698,0
5450,RCN14938,1208-PF-LA-CMPE-GENRE,Laos,Full,RandomForest,2,0,0.004836826059095665,0
5451,RCN14939,1208-PF-LA-CMPE-GENRE,Laos,Full,RandomForest,2,0,0.050930536680643144,0
5452,RCN14940,1208-PF-LA-CMPE-GENRE,Laos,Full,RandomForest,2,0,0.017839604394868196,0
5453,RCN14941,1208-PF-LA-CMPE-GENRE,Laos,Full,RandomForest,2,0,0.013893195246290522,0
5454,RCN14942,1208-PF-LA-CMPE-GENRE,Laos,Full,RandomForest,2,0,0.017839604394868196,0
5455,RCN14943,1208-PF-LA-CMPE-GENRE,Laos,Full,RandomForest,2,0,0.004836826059095665,0
5456,RCN14944,1208-PF-LA-CMPE-GENRE,Laos,Full,RandomForest,2,0,0.027609627627449715,0
5457,RCN14946,1208-PF-LA-CMPE-GENRE,Laos,Full,RandomForest,2,0,0.01716755006271313,0
5458,RCN14948,1208-PF-LA-CMPE-GENRE,Laos,Full,RandomForest,2,0,0.1108727580289931,0
5459,RCN14949,1208-PF-LA-CMPE-GENRE,Laos,Full,RandomForest,2,0,0.013915128519223012,0
5460,RCN14950,1208-PF-LA-CMPE-GENRE,Laos,Full,RandomForest,2,0,0.004836826059095665,0
5461,RCN14951,1208-PF-LA-CMPE-GENRE,Laos,Full,RandomForest,2,0,0.041964213680686674,0
5462,RCN14952,1208-PF-LA-CMPE-GENRE,Laos,Full,RandomForest,2,0,0.010516949587939625,0
5463,RCN14953,1208-PF-LA-CMPE-GENRE,Laos,Full,RandomForest,2,0,0.005458021642503515,0
5464,RCN14954,1208-PF-LA-CMPE-GENRE,Laos,Full,RandomForest,2,0,0.010516949587939625,0
5465,RCN14955,1208-PF-LA-CMPE-GENRE,Laos,Full,RandomForest,2,0,0.008752443744396949,0
5466,RCN14957,1208-PF-LA-CMPE-GENRE,Laos,Full,RandomForest,2,0,0.12081994735774389,0
5467,RCN14958,1208-PF-LA-CMPE-GENRE,Laos,Full,RandomForest,2,0,0.06664923881460194,0
5468,RCN14959,1208-PF-LA-CMPE-GENRE,Laos,Full,RandomForest,2,0,0.11081994735774389,0
5469,RCN14965,1208-PF-LA-CMPE-GENRE,Laos,Full,RandomForest,2,0,0.030558774146450543,0
5470,RCN14966,1208-PF-LA-CMPE-GENRE,Laos,Full,RandomForest,2,0,0.010516949587939625,0
5471,RCN14969,1208-PF-LA-CMPE-GENRE,Laos,Full,RandomForest,2,0,0.016030459735112985,0
5472,RCN14970,1208-PF-LA-CMPE-GENRE,Laos,Full,RandomForest,2,0,0.060206062156781724,0
5473,RCN14971,1208-PF-LA-CMPE-GENRE,Laos,Full,RandomForest,2,0,0.004836826059095665,0
5474,RCN14973,1208-PF-LA-CMPE-GENRE,Laos,Full,RandomForest,2,0,0.03989993924195641,0
5475,RCN14974,1208-PF-LA-CMPE-GENRE,Laos,Full,RandomForest,2,0,0.004800773396997349,0
5476,RCN14975,1208-PF-LA-CMPE-GENRE,Laos,Full,RandomForest,2,0,0.004800773396997349,0
5477,RCN14976,1208-PF-LA-CMPE-GENRE,Laos,Full,RandomForest,2,0,0.004836826059095665,0
5478,RCN14978,1208-PF-LA-CMPE-GENRE,Laos,Full,RandomForest,2,0,0.07554847631541056,0
5479,RCN14979,1208-PF-LA-CMPE-GENRE,Laos,Full,RandomForest,2,0,0.03018004817993484,0
5480,RCN14981,1208-PF-LA-CMPE-GENRE,Laos,Full,RandomForest,2,0,0.0768617626812962,0
5481,RCN14982,1208-PF-LA-CMPE-GENRE,Laos,Full,RandomForest,2,0,0.03989993924195641,0
5482,RCN14988,1208-PF-LA-CMPE-GENRE,Laos,Full,RandomForest,2,0,0.04497801126355381,0
5483,RCN14989,1208-PF-LA-CMPE-GENRE,Laos,Full,RandomForest,2,0,0.00488897112191856,0
5484,RCN14990,1208-PF-LA-CMPE-GENRE,Laos,Full,RandomForest,2,0,0.004836826059095665,0
5485,RCN14991,1208-PF-LA-CMPE-GENRE,Laos,Full,RandomForest,2,0,0.004836826059095665,0
5486,RCN14992,1208-PF-LA-CMPE-GENRE,Laos,Full,RandomForest,2,0,0.004836826059095665,0
5487,RCN14994,1208-PF-LA-CMPE-GENRE,Laos,Full,RandomForest,2,0,0.019303053908356124,0
5488,RCN14996,1208-PF-LA-CMPE-GENRE,Laos,Full,RandomForest,2,0,0.006599561809169557,0
5489,RCN14997,1208-PF-LA-CMPE-GENRE,Laos,Full,RandomForest,2,0,0.004836826059095665,0
5490,RCN14998,1208-PF-LA-CMPE-GENRE,Laos,Full,RandomForest,2,0,0.004836826059095665,0
5491,RCN14999,1208-PF-LA-CMPE-GENRE,Laos,Full,RandomForest,2,0,0.004836826059095665,0
5492,RCN15000,1208-PF-LA-CMPE-GENRE,Laos,Full,RandomForest,2,0,0.007838284364058964,0
5493,RCN15001,1208-PF-LA-CMPE-GENRE,Laos,Full,RandomForest,2,0,0.06554786277341984,0
5494,RCN15002,1208-PF-LA-CMPE-GENRE,Laos,Full,RandomForest,2,0,0.049435966254370356,0
5495,RCN15003,1208-PF-LA-CMPE-GENRE,Laos,Full,RandomForest,2,0,0.019303053908356124,0
5496,RCN15004,1208-PF-LA-CMPE-GENRE,Laos,Full,RandomForest,2,0,0.007808662275781635,0
5497,RCN15005,1208-PF-LA-CMPE-GENRE,Laos,Full,RandomForest,2,0,0.008195004198708002,0
5498,RCN15006,1208-PF-LA-CMPE-GENRE,Laos,Full,RandomForest,2,0,0.0044326624693564595,0
5499,RCN15007,1208-PF-LA-CMPE-GENRE,Laos,Full,RandomForest,2,0,0.0505543187048396,0
5500,RCN15008,1208-PF-LA-CMPE-GENRE,Laos,Full,RandomForest,2,0,0.02993905299706707,0
5501,RCN15009,1208-PF-LA-CMPE-GENRE,Laos,Full,RandomForest,2,0,0.0505543187048396,0
5502,RCN15010,1208-PF-LA-CMPE-GENRE,Laos,Full,RandomForest,2,0,0.005618236955950397,0
5503,RCN15011,1208-PF-LA-CMPE-GENRE,Laos,Full,RandomForest,2,0,0.004836826059095665,0
5504,RCN15012,1208-PF-LA-CMPE-GENRE,Laos,Full,RandomForest,2,0,0.060206062156781724,0
5505,RCN15013,1208-PF-LA-CMPE-GENRE,Laos,Full,RandomForest,2,0,0.039860577935324916,0
5506,RCN15014,1208-PF-LA-CMPE-GENRE,Laos,Full,RandomForest,2,0,0.004836826059095665,0
5507,RCN15015,1208-PF-LA-CMPE-GENRE,Laos,Full,RandomForest,2,0,0.01677096738111579,0
5508,RCN15016,1208-PF-LA-CMPE-GENRE,Laos,Full,RandomForest,2,0,0.010516949587939625,0
5509,RCN15017,1208-PF-LA-CMPE-GENRE,Laos,Full,RandomForest,2,0,0.004836826059095665,0
5510,RCN15018,1208-PF-LA-CMPE-GENRE,Laos,Full,RandomForest,2,0,0.010516949587939625,0
5511,RCN15019,1208-PF-LA-CMPE-GENRE,Laos,Full,RandomForest,2,0,0.04497801126355381,0
5512,RCN15020,1208-PF-LA-CMPE-GENRE,Laos,Full,RandomForest,2,0,0.003951482406649227,0
5513,RCN15021,1208-PF-LA-CMPE-GENRE,Laos,Full,RandomForest,2,0,0.007315924714763967,0
5514,RCN15022,1208-PF-LA-CMPE-GENRE,Laos,Full,RandomForest,2,0,0.0768617626812962,0
5515,RCN15024,1208-PF-LA-CMPE-GENRE,Laos,Full,RandomForest,2,0,0.07072523530377459,0
5516,RCN15025,1208-PF-LA-CMPE-GENRE,Laos,Full,RandomForest,2,0,0.046026770067352285,0
5517,RCN15026,1208-PF-LA-CMPE-GENRE,Laos,Full,RandomForest,2,0,0.06674436737929747,0
5518,RCN15027,1208-PF-LA-CMPE-GENRE,Laos,Full,RandomForest,2,0,0.007756716648775158,0
5519,RCN15028,1208-PF-LA-CMPE-GENRE,Laos,Full,RandomForest,2,0,0.007756716648775158,0
5520,RCN15029,1208-PF-LA-CMPE-GENRE,Laos,Full,RandomForest,2,0,0.004836826059095665,0
5521,RCN15030,1208-PF-LA-CMPE-GENRE,Laos,Full,RandomForest,2,0,0.029624329936020943,0
5522,RCN15031,1208-PF-LA-CMPE-GENRE,Laos,Full,RandomForest,2,0,0.012373061084178193,0
5523,RCN15032,1208-PF-LA-CMPE-GENRE,Laos,Full,RandomForest,2,0,0.01253327639762508,0
5524,RCN15033,1208-PF-LA-CMPE-GENRE,Laos,Full,RandomForest,2,0,0.01253327639762508,0
5525,RCN15034,1208-PF-LA-CMPE-GENRE,Laos,Full,RandomForest,2,0,0.018625806678912973,0
5526,RCN15035,1208-PF-LA-CMPE-GENRE,Laos,Full,RandomForest,2,0,0.02162638959304406,0
5527,RCN15036,1208-PF-LA-CMPE-GENRE,Laos,Full,RandomForest,2,0,0.018625806678912973,0
5528,RCN15037,1208-PF-LA-CMPE-GENRE,Laos,Full,RandomForest,2,0,0.018625806678912973,0
5529,RCN15038,1208-PF-LA-CMPE-GENRE,Laos,Full,RandomForest,2,0,0.017424967355780967,0
5530,RCN15039,1208-PF-LA-CMPE-GENRE,Laos,Full,RandomForest,2,0,0.017424967355780967,0
5531,RCN15040,1208-PF-LA-CMPE-GENRE,Laos,Full,RandomForest,2,0,0.012373061084178193,0
5532,RCN15041,1208-PF-LA-CMPE-GENRE,Laos,Full,RandomForest,2,0,0.01253327639762508,0
5533,RCN15042,1208-PF-LA-CMPE-GENRE,Laos,Full,RandomForest,2,0,0.01253327639762508,0
5534,RCN15043,1208-PF-LA-CMPE-GENRE,Laos,Full,RandomForest,2,0,0.025551521436869753,0
5535,RCN15044,1208-PF-LA-CMPE-GENRE,Laos,Full,RandomForest,2,0,0.013893195246290522,0
5536,RCN15046,1208-PF-LA-CMPE-GENRE,Laos,Full,RandomForest,2,0,0.014691595005026007,0
5537,RCN15047,1208-PF-LA-CMPE-GENRE,Laos,Full,RandomForest,2,0,0.020265195108962603,0
5538,RCN15048,1208-PF-LA-CMPE-GENRE,Laos,Full,RandomForest,2,0,0.023390930724525708,0
5539,RCN15049,1208-PF-LA-CMPE-GENRE,Laos,Full,RandomForest,2,0,0.01253327639762508,0
5540,RCN15050,1208-PF-LA-CMPE-GENRE,Laos,Full,RandomForest,2,0,0.02270131989651047,0
5541,RCN15053,1208-PF-LA-CMPE-GENRE,Laos,Full,RandomForest,2,0,0.012649008524229543,0
5542,RCN15054,1208-PF-LA-CMPE-GENRE,Laos,Full,RandomForest,2,0,0.020265195108962603,0
5543,RCN15055,1208-PF-LA-CMPE-GENRE,Laos,Full,RandomForest,2,0,0.029626835526740756,0
5544,RCN15056,1208-PF-LA-CMPE-GENRE,Laos,Full,RandomForest,2,0,0.00317027023085783,0
5545,RCN15057,1208-PF-LA-CMPE-GENRE,Laos,Full,RandomForest,2,0,0.029751186957217002,0
5546,RCN15058,1208-PF-LA-CMPE-GENRE,Laos,Full,RandomForest,2,0,0.008129034770063496,0
5547,RCN15059,1208-PF-LA-CMPE-GENRE,Laos,Full,RandomForest,2,0,0.025551521436869753,0
5548,RCN15060,1208-PF-LA-CMPE-GENRE,Laos,Full,RandomForest,2,0,0.0768617626812962,0
5549,RCN15062,1208-PF-LA-CMPE-GENRE,Laos,Full,RandomForest,2,0,0.060206062156781724,0
5550,RCN15063,1208-PF-LA-CMPE-GENRE,Laos,Full,RandomForest,2,0,0.007756716648775158,0
5551,RCN15064,1208-PF-LA-CMPE-GENRE,Laos,Full,RandomForest,2,0,0.0807252353037746,0
5552,RCN15065,1208-PF-LA-CMPE-GENRE,Laos,Full,RandomForest,2,0,0.012560810799308335,0
5553,RCN15067,1208-PF-LA-CMPE-GENRE,Laos,Full,RandomForest,2,0,0.10032345745878046,0
5554,RCN15068,1208-PF-LA-CMPE-GENRE,Laos,Full,RandomForest,2,0,0.014323546549382228,0
5555,RCN15070,1208-PF-LA-CMPE-GENRE,Laos,Full,RandomForest,2,0,0.010516949587939625,0
5556,RCN15071,1208-PF-LA-CMPE-GENRE,Laos,Full,RandomForest,2,0,0.014767301512797456,0
5557,RCN15072,1208-PF-LA-CMPE-GENRE,Laos,Full,RandomForest,2,0,0.010516949587939625,0
5558,RCN15073,1208-PF-LA-CMPE-GENRE,Laos,Full,RandomForest,2,0,0.010516949587939625,0
5559,RCN15074,1208-PF-LA-CMPE-GENRE,Laos,Full,RandomForest,2,0,0.010516949587939625,0
5560,RCN15075,1208-PF-LA-CMPE-GENRE,Laos,Full,RandomForest,2,0,0.004836826059095665,0
5561,RCN15076,1208-PF-LA-CMPE-GENRE,Laos,Full,RandomForest,2,0,0.003856991928382038,0
5562,RCN15077,1208-PF-LA-CMPE-GENRE,Laos,Full,RandomForest,2,0,0.004836826059095665,0
5563,RCN15078,1208-PF-LA-CMPE-GENRE,Laos,Full,RandomForest,2,0,0.010998811610723868,0
5564,RCN15079,1208-PF-LA-CMPE-GENRE,Laos,Full,RandomForest,2,0,0.005239642960504116,0
5565,RCN15080,1208-PF-LA-CMPE-GENRE,Laos,Full,RandomForest,2,0,0.013605719686573349,0
5566,RCN15081,1208-PF-LA-CMPE-GENRE,Laos,Full,RandomForest,2,0,0.019163812874559358,0
5567,RCN15082,1208-PF-LA-CMPE-GENRE,Laos,Full,RandomForest,2,0,0.019163812874559358,0
5568,RCN15083,1208-PF-LA-CMPE-GENRE,Laos,Full,RandomForest,2,0,0.010516949587939625,0
5569,RCN15084,1208-PF-LA-CMPE-GENRE,Laos,Full,RandomForest,2,0,0.019163812874559358,0
5570,RCN15085,1208-PF-LA-CMPE-GENRE,Laos,Full,RandomForest,2,0,0.019163812874559358,0
5571,RCN15086,1208-PF-LA-CMPE-GENRE,Laos,Full,RandomForest,2,0,0.010516949587939625,0
5572,RCN15087,1208-PF-LA-CMPE-GENRE,Laos,Full,RandomForest,2,0,0.010516949587939625,0
5573,RCN15088,1208-PF-LA-CMPE-GENRE,Laos,Full,RandomForest,2,0,0.019446710212557238,0
5574,RCN15089,1208-PF-LA-CMPE-GENRE,Laos,Full,RandomForest,2,0,0.011876868436605065,0
5575,RCN15090,1208-PF-LA-CMPE-GENRE,Laos,Full,RandomForest,2,0,0.010516949587939625,0
5576,RCN15091,1208-PF-LA-CMPE-GENRE,Laos,Full,RandomForest,2,0,0.019163812874559358,0
5577,RCN15092,1208-PF-LA-CMPE-GENRE,Laos,Full,RandomForest,2,0,0.019446710212557238,0
5578,RCN15093,1208-PF-LA-CMPE-GENRE,Laos,Full,RandomForest,2,0,0.010516949587939625,0
5579,RCN15094,1208-PF-LA-CMPE-GENRE,Laos,Full,RandomForest,2,0,0.019446710212557238,0
5580,RCN15095,1208-PF-LA-CMPE-GENRE,Laos,Full,RandomForest,2,0,0.010516949587939625,0
5581,RCN15096,1208-PF-LA-CMPE-GENRE,Laos,Full,RandomForest,2,0,0.010516949587939625,0
5582,RCN15097,1208-PF-LA-CMPE-GENRE,Laos,Full,RandomForest,2,0,0.019163812874559358,0
5583,RCN15098,1208-PF-LA-CMPE-GENRE,Laos,Full,RandomForest,2,0,0.010516949587939625,0
5584,RCN15099,1208-PF-LA-CMPE-GENRE,Laos,Full,RandomForest,2,0,0.010516949587939625,0
5585,RCN15102,1208-PF-LA-CMPE-GENRE,Laos,Full,RandomForest,2,0,0.020030072358666537,0
5586,RCN15104,1208-PF-LA-CMPE-GENRE,Laos,Full,RandomForest,2,0,0.005618236955950397,0
5587,RCN15108,1208-PF-LA-CMPE-GENRE,Laos,Full,RandomForest,2,0,0.004210817745149786,0
5588,RCN15109,1208-PF-LA-CMPE-GENRE,Laos,Full,RandomForest,2,0,0.03989993924195641,0
5589,RCN15110,1208-PF-LA-CMPE-GENRE,Laos,Full,RandomForest,2,0,0.011876868436605065,0
5590,RCN15111,1208-PF-LA-CMPE-GENRE,Laos,Full,RandomForest,2,0,0.010516949587939625,0
5591,RCN15112,1208-PF-LA-CMPE-GENRE,Laos,Full,RandomForest,2,0,0.003871715188206827,0
5592,RCN15113,1208-PF-LA-CMPE-GENRE,Laos,Full,RandomForest,2,0,0.0622754780213852,0
5593,RCN15115,1208-PF-LA-CMPE-GENRE,Laos,Full,RandomForest,2,0,0.15467063129601935,0
5594,RCN15116,1208-PF-LA-CMPE-GENRE,Laos,Full,RandomForest,2,0,0.003871715188206827,0
5595,RCN15117,1208-PF-LA-CMPE-GENRE,Laos,Full,RandomForest,2,0,0.1030382836968845,0
5596,RCN15120,1208-PF-LA-CMPE-GENRE,Laos,Full,RandomForest,2,0,0.03989993924195641,0
5597,RCN15121,1208-PF-LA-CMPE-GENRE,Laos,Full,RandomForest,2,0,0.04082950678753015,0
5598,RCN15122,1208-PF-LA-CMPE-GENRE,Laos,Full,RandomForest,2,0,0.04306353190270253,0
5599,RCN15123,1208-PF-LA-CMPE-GENRE,Laos,Full,RandomForest,2,0,0.005458021642503515,0
5600,RCN15126,1208-PF-LA-CMPE-GENRE,Laos,Full,RandomForest,2,0,0.04218942563619559,0
5601,RCN15128,1208-PF-LA-CMPE-GENRE,Laos,Full,RandomForest,2,0,0.03989993924195641,0
5602,RCN15129,1208-PF-LA-CMPE-GENRE,Laos,Full,RandomForest,2,0,0.004553823126316465,0
5603,RCN15133,1208-PF-LA-CMPE-GENRE,Laos,Full,RandomForest,2,0,0.03989993924195641,0
5604,RCN15135,1208-PF-LA-CMPE-GENRE,Laos,Full,RandomForest,2,0,0.09247692777136822,0
5605,RCN15139,1208-PF-LA-CMPE-GENRE,Laos,Full,RandomForest,2,0,0.041259858090621854,0
5606,RCN15140,1208-PF-LA-CMPE-GENRE,Laos,Full,RandomForest,2,0,0.01677096738111579,0
5607,RCN15141,1208-PF-LA-CMPE-GENRE,Laos,Full,RandomForest,2,0,0.01413350720122241,0
5608,RCN15143,1208-PF-LA-CMPE-GENRE,Laos,Full,RandomForest,2,0,0.0768617626812962,0
5609,RCN15146,1208-PF-LA-CMPE-GENRE,Laos,Full,RandomForest,2,0,0.04082950678753015,0
5610,RCN15147,1208-PF-LA-CMPE-GENRE,Laos,Full,RandomForest,2,0,0.08945438905030204,0
5611,RCN15152,1208-PF-LA-CMPE-GENRE,Laos,Full,RandomForest,2,0,0.04082950678753015,0
5612,RCN15153,1208-PF-LA-CMPE-GENRE,Laos,Full,RandomForest,2,0,0.01774165880259352,0
5613,RCN15154,1208-PF-LA-CMPE-GENRE,Laos,Full,RandomForest,2,0,0.04306353190270253,0
5614,RCN15155,1208-PF-LA-CMPE-GENRE,Laos,Full,RandomForest,2,0,0.015752685586455775,0
5615,RCN15160,1208-PF-LA-CMPE-GENRE,Laos,Full,RandomForest,2,0,0.04218942563619559,0
5616,RCN15161,1208-PF-LA-CMPE-GENRE,Laos,Full,RandomForest,2,0,0.04082950678753015,0
5617,RCN15162,1208-PF-LA-CMPE-GENRE,Laos,Full,RandomForest,2,0,0.05980536733602965,0
5618,RCN15163,1208-PF-LA-CMPE-GENRE,Laos,Full,RandomForest,2,0,0.037041538285785575,0
5619,RCN15164,1208-PF-LA-CMPE-GENRE,Laos,Full,RandomForest,2,0,0.008752443744396949,0
5620,RCN15165,1208-PF-LA-CMPE-GENRE,Laos,Full,RandomForest,2,0,0.01774165880259352,0
5621,RCN15167,1208-PF-LA-CMPE-GENRE,Laos,Full,RandomForest,2,0,0.04082950678753015,0
5622,RCN15168,1208-PF-LA-CMPE-GENRE,Laos,Full,RandomForest,2,0,0.004836826059095665,0
5623,RCN15169,1208-PF-LA-CMPE-GENRE,Laos,Full,RandomForest,2,0,0.061405765692000285,0
5624,RCN15170,1208-PF-LA-CMPE-GENRE,Laos,Full,RandomForest,2,0,0.004936129017840761,0
5625,RCN15171,1208-PF-LA-CMPE-GENRE,Laos,Full,RandomForest,2,0,0.005618236955950397,0
5626,RCN15172,1208-PF-LA-CMPE-GENRE,Laos,Full,RandomForest,2,0,0.004836826059095665,0
5627,RCN15173,1208-PF-LA-CMPE-GENRE,Laos,Full,RandomForest,2,0,0.04082950678753015,0
5628,RCN15174,1208-PF-LA-CMPE-GENRE,Laos,Full,RandomForest,2,0,0.04082950678753015,0
5629,RCN15175,1208-PF-LA-CMPE-GENRE,Laos,Full,RandomForest,2,0,0.005458021642503515,0
5630,RCN15176,1208-PF-LA-CMPE-GENRE,Laos,Full,RandomForest,2,0,0.008752443744396949,0
5631,RCN15178,1208-PF-LA-CMPE-GENRE,Laos,Full,RandomForest,2,0,0.004800773396997349,0
5632,RCN15179,1208-PF-LA-CMPE-GENRE,Laos,Full,RandomForest,2,0,0.04218942563619559,0
5633,RCN15180,1208-PF-LA-CMPE-GENRE,Laos,Full,RandomForest,2,0,0.12483967513161043,0
5634,RCN15182,1208-PF-LA-CMPE-GENRE,Laos,Full,RandomForest,2,0,0.012137946464925529,0
5635,RCN15183,1208-PF-LA-CMPE-GENRE,Laos,Full,RandomForest,2,0,0.006835085350042559,0
5636,RCN15184,1208-PF-LA-CMPE-GENRE,Laos,Full,RandomForest,2,0,0.004836826059095665,0
5637,RCN15185,1208-PF-LA-CMPE-GENRE,Laos,Full,RandomForest,2,0,0.027306461778947275,0
5638,RCN15186,1208-PF-LA-CMPE-GENRE,Laos,Full,RandomForest,2,0,0.008260473750563595,0
5639,RCN15187,1208-PF-LA-CMPE-GENRE,Laos,Full,RandomForest,2,0,0.014133455873841443,0
5640,RCN15189,1208-PF-LA-CMPE-GENRE,Laos,Full,RandomForest,2,0,0.002497858893048993,0
5641,RCN15190,1208-PF-LA-CMPE-GENRE,Laos,Full,RandomForest,2,0,0.018106108942595723,0
5642,RCN15191,1208-PF-LA-CMPE-GENRE,Laos,Full,RandomForest,2,0,0.012560810799308335,0
5643,RCN15192,1208-PF-LA-CMPE-GENRE,Laos,Full,RandomForest,2,0,0.010516949587939625,0
5644,RCN15193,1208-PF-LA-CMPE-GENRE,Laos,Full,RandomForest,2,0,0.006835085350042559,0
5645,RCN15194,1208-PF-LA-CMPE-GENRE,Laos,Full,RandomForest,2,0,0.005618236955950397,0
5646,RCN15195,1208-PF-LA-CMPE-GENRE,Laos,Full,RandomForest,2,0,0.02945771380550025,0
5647,RCN15196,1208-PF-LA-CMPE-GENRE,Laos,Full,RandomForest,2,0,0.010516949587939625,0
5648,RCN15197,1208-PF-LA-CMPE-GENRE,Laos,Full,RandomForest,2,0,0.01905577025219859,0
5649,RCN15198,1208-PF-LA-CMPE-GENRE,Laos,Full,RandomForest,2,0,0.016974725351226596,0
5650,RCN15199,1208-PF-LA-CMPE-GENRE,Laos,Full,RandomForest,2,0,0.014691595005026007,0
5651,RCN15200,1208-PF-LA-CMPE-GENRE,Laos,Full,RandomForest,2,0,0.012649008524229543,0
5652,RCN15201,1208-PF-LA-CMPE-GENRE,Laos,Full,RandomForest,2,0,0.06941040021846975,0
5653,RCN15202,1208-PF-LA-CMPE-GENRE,Laos,Full,RandomForest,2,0,0.006274215744941806,0
5654,RCN15204,1208-PF-LA-CMPE-GENRE,Laos,Full,RandomForest,2,0,0.006911475205747918,0
5655,RCN15205,1208-PF-LA-CMPE-GENRE,Laos,Full,RandomForest,2,0,0.01358199553089558,0
5656,RCN15206,1208-PF-LA-CMPE-GENRE,Laos,Full,RandomForest,2,0,0.08387037441656775,0
5657,RCN15207,1208-PF-LA-CMPE-GENRE,Laos,Full,RandomForest,2,0,0.012560810799308335,0
5658,RCN15208,1208-PF-LA-CMPE-GENRE,Laos,Full,RandomForest,2,0,0.021092246054123118,0
5659,RCN15209,1208-PF-LA-CMPE-GENRE,Laos,Full,RandomForest,2,1,0.5478547729956759,1
5660,RCN15210,1208-PF-LA-CMPE-GENRE,Laos,Full,RandomForest,2,0,0.010516949587939625,0
5661,RCN15211,1208-PF-LA-CMPE-GENRE,Laos,Full,RandomForest,2,0,0.020265195108962603,0
5662,RCN15212,1208-PF-LA-CMPE-GENRE,Laos,Full,RandomForest,2,0,0.012560810799308335,0
5663,RCN15213,1208-PF-LA-CMPE-GENRE,Laos,Full,RandomForest,2,0,0.018725637187928763,0
5664,RCN15215,1208-PF-LA-CMPE-GENRE,Laos,Full,RandomForest,2,1,0.5328559352169084,1
5665,RCN15216,1208-PF-LA-CMPE-GENRE,Laos,Full,RandomForest,2,0,0.27797214192224584,0
5666,RCN15217,1208-PF-LA-CMPE-GENRE,Laos,Full,RandomForest,2,0,0.010516949587939625,0
5667,RCN15218,1208-PF-LA-CMPE-GENRE,Laos,Full,RandomForest,2,0,0.010516949587939625,0
5668,RCN15219,1208-PF-LA-CMPE-GENRE,Laos,Full,RandomForest,2,0,0.010516949587939625,0
5669,RCN15220,1208-PF-LA-CMPE-GENRE,Laos,Full,RandomForest,2,0,0.006835085350042559,0
5670,RCN15221,1208-PF-LA-CMPE-GENRE,Laos,Full,RandomForest,2,0,0.019471899378327426,0
5671,RCN15222,1208-PF-LA-CMPE-GENRE,Laos,Full,RandomForest,2,0,0.019820453227369233,0
5672,RCN15224,1208-PF-LA-CMPE-GENRE,Laos,Full,RandomForest,2,0,0.010516949587939625,0
5673,RCN15225,1208-PF-LA-CMPE-GENRE,Laos,Full,RandomForest,2,0,0.010516949587939625,0
5674,RCN15226,1208-PF-LA-CMPE-GENRE,Laos,Full,RandomForest,2,0,0.010516949587939625,0
5675,RCN15227,1208-PF-LA-CMPE-GENRE,Laos,Full,RandomForest,2,0,0.010516949587939625,0
5676,RCN15228,1208-PF-LA-CMPE-GENRE,Laos,Full,RandomForest,2,0,0.010516949587939625,0
5677,RCN15229,1208-PF-LA-CMPE-GENRE,Laos,Full,RandomForest,2,0,0.022664873006289214,0
5678,RCN15230,1208-PF-LA-CMPE-GENRE,Laos,Full,RandomForest,2,0,0.1660867920171925,0
5679,RCN15231,1208-PF-LA-CMPE-GENRE,Laos,Full,RandomForest,2,0,0.0063358247444591,0
5680,RCN15233,1208-PF-LA-CMPE-GENRE,Laos,Full,RandomForest,2,1,0.9942725219718551,1
5681,RCN15234,1208-PF-LA-CMPE-GENRE,Laos,Full,RandomForest,2,0,0.06177204212101135,0
5682,RCN15235,1208-PF-LA-CMPE-GENRE,Laos,Full,RandomForest,2,1,0.9970896508864172,1
5683,RCN15236,1208-PF-LA-CMPE-GENRE,Laos,Full,RandomForest,2,1,0.9712068681271131,1
5684,RCN15237,1208-PF-LA-CMPE-GENRE,Laos,Full,RandomForest,2,1,0.9924740790609446,1
5685,RCN15238,1208-PF-LA-CMPE-GENRE,Laos,Full,RandomForest,2,0,0.17411324733087874,0
5686,RCN15239,1208-PF-LA-CMPE-GENRE,Laos,Full,RandomForest,2,0,0.6817867536188434,1
5687,RCN15240,1208-PF-LA-CMPE-GENRE,Laos,Full,RandomForest,2,1,0.9942725219718551,1
5688,RCN15241,1208-PF-LA-CMPE-GENRE,Laos,Full,RandomForest,2,1,0.9942725219718551,1
5689,RCN15242,1208-PF-LA-CMPE-GENRE,Laos,Full,RandomForest,2,1,0.9942725219718551,1
5690,RCN15243,1208-PF-LA-CMPE-GENRE,Laos,Full,RandomForest,2,1,0.9928038588637277,1
5691,RCN15244,1208-PF-LA-CMPE-GENRE,Laos,Full,RandomForest,2,1,0.9928038588637277,1
5692,RCN15245,1208-PF-LA-CMPE-GENRE,Laos,Full,RandomForest,2,1,0.9763052882441231,1
5693,RCN15246,1208-PF-LA-CMPE-GENRE,Laos,Full,RandomForest,2,0,0.16536328703226513,0
5694,RCN15247,1208-PF-LA-CMPE-GENRE,Laos,Full,RandomForest,2,0,0.6553606672666555,1
5695,RCN15248,1208-PF-LA-CMPE-GENRE,Laos,Full,RandomForest,2,1,0.9763052882441231,1
5696,RCN15249,1208-PF-LA-CMPE-GENRE,Laos,Full,RandomForest,2,1,0.8862028405033341,1
5697,RCN15250,1208-PF-LA-CMPE-GENRE,Laos,Full,RandomForest,2,0,0.013202666720990679,0
5698,RCN15251,1208-PF-LA-CMPE-GENRE,Laos,Full,RandomForest,2,0,0.0214192647867858,0
5699,RCN15252,1208-PF-LA-CMPE-GENRE,Laos,Full,RandomForest,2,0,0.01000683986753343,0
5700,RCN15253,1208-PF-LA-CMPE-GENRE,Laos,Full,RandomForest,2,0,0.08190118556641574,0
5701,RCN15255,1208-PF-LA-CMPE-GENRE,Laos,Full,RandomForest,2,0,0.31141052961410554,0
5702,RCN15256,1208-PF-LA-CMPE-GENRE,Laos,Full,RandomForest,2,0,0.26200215235392205,0
5703,RCN15258,1208-PF-LA-CMPE-GENRE,Laos,Full,RandomForest,2,1,0.9934326334499697,1
5704,RCN15259,1208-PF-LA-CMPE-GENRE,Laos,Full,RandomForest,2,0,0.03465192879466747,0
5705,RCN15260,1208-PF-LA-CMPE-GENRE,Laos,Full,RandomForest,2,1,0.9942725219718551,1
5706,RCN15261,1208-PF-LA-CMPE-GENRE,Laos,Full,RandomForest,2,1,0.9970896508864172,1
5707,RCN15262,1208-PF-LA-CMPE-GENRE,Laos,Full,RandomForest,2,0,0.19807475902322078,0
5708,RCN15264,1208-PF-LA-CMPE-GENRE,Laos,Full,RandomForest,2,0,0.044055474528736926,0
5709,RCN15265,1208-PF-LA-CMPE-GENRE,Laos,Full,RandomForest,2,0,0.013202666720990679,0
5710,RCN15267,1208-PF-LA-CMPE-GENRE,Laos,Full,RandomForest,2,0,0.0703265461069929,0
5711,RCN15268,1208-PF-LA-CMPE-GENRE,Laos,Full,RandomForest,2,0,0.16554572204073584,0
5712,RCN15269,1208-PF-LA-CMPE-GENRE,Laos,Full,RandomForest,2,1,0.6378875269956683,1
5713,RCN15270,1208-PF-LA-CMPE-GENRE,Laos,Full,RandomForest,2,0,0.05439323661824801,0
5714,RCN15271,1208-PF-LA-CMPE-GENRE,Laos,Full,RandomForest,2,0,0.047524541762540604,0
5715,RCN15272,1208-PF-LA-CMPE-GENRE,Laos,Full,RandomForest,2,0,0.05452432207996777,0
5716,RCN15273,1208-PF-LA-CMPE-GENRE,Laos,Full,RandomForest,2,0,0.03652814210034143,0
5717,RCN15274,1208-PF-LA-CMPE-GENRE,Laos,Full,RandomForest,2,1,0.2780671007528253,0
5718,RCN15275,1208-PF-LA-CMPE-GENRE,Laos,Full,RandomForest,2,1,0.997843058244836,1
5719,RCN15276,1208-PF-LA-CMPE-GENRE,Laos,Full,RandomForest,2,1,0.9983672968713408,1
5720,RCN15277,1208-PF-LA-CMPE-GENRE,Laos,Full,RandomForest,2,0,0.054329289374643965,0
5721,RCN15278,1208-PF-LA-CMPE-GENRE,Laos,Full,RandomForest,2,1,0.997843058244836,1
5722,RCN15279,1208-PF-LA-CMPE-GENRE,Laos,Full,RandomForest,2,1,0.9983672968713408,1
5723,RCN15280,1208-PF-LA-CMPE-GENRE,Laos,Full,RandomForest,2,1,0.9979998857544972,1
5724,RCN15281,1208-PF-LA-CMPE-GENRE,Laos,Full,RandomForest,2,1,0.9926141600666102,1
5725,RCN15282,1208-PF-LA-CMPE-GENRE,Laos,Full,RandomForest,2,1,0.9984240977987013,1
5726,RCN15283,1208-PF-LA-CMPE-GENRE,Laos,Full,RandomForest,2,1,0.997843058244836,1
5727,RCN15284,1208-PF-LA-CMPE-GENRE,Laos,Full,RandomForest,2,0,0.4834316271992823,0
5728,RCN15285,1208-PF-LA-CMPE-GENRE,Laos,Full,RandomForest,2,0,0.2555836112729062,0
5729,RCN15287,1208-PF-LA-CMPE-GENRE,Laos,Full,RandomForest,2,0,0.013202666720990679,0
5730,RCN15288,1208-PF-LA-CMPE-GENRE,Laos,Full,RandomForest,2,0,0.03465192879466747,0
5731,RCN15290,1208-PF-LA-CMPE-GENRE,Laos,Full,RandomForest,2,0,0.16862241046503,0
5732,RCN15291,1208-PF-LA-CMPE-GENRE,Laos,Full,RandomForest,2,0,0.10596781294348451,0
5733,RCN15292,1208-PF-LA-CMPE-GENRE,Laos,Full,RandomForest,2,0,0.03465192879466747,0
5734,RCN15293,1208-PF-LA-CMPE-GENRE,Laos,Full,RandomForest,2,0,0.03652814210034143,0
5735,RCN15294,1208-PF-LA-CMPE-GENRE,Laos,Full,RandomForest,2,0,0.03451395117984694,0
5736,RCN15295,1208-PF-LA-CMPE-GENRE,Laos,Full,RandomForest,2,1,0.8473671313967257,1
5737,RCN15296,1208-PF-LA-CMPE-GENRE,Laos,Full,RandomForest,2,0,0.04103532504001189,0
5738,RCN15297,1208-PF-LA-CMPE-GENRE,Laos,Full,RandomForest,2,0,0.11918711468989333,0
5739,RCN15298,1208-PF-LA-CMPE-GENRE,Laos,Full,RandomForest,2,0,0.013202666720990679,0
5740,RCN15299,1208-PF-LA-CMPE-GENRE,Laos,Full,RandomForest,2,0,0.1746515407563112,0
5741,RCN15300,1208-PF-LA-CMPE-GENRE,Laos,Full,RandomForest,2,0,0.03451395117984694,0
5742,RCN15301,1208-PF-LA-CMPE-GENRE,Laos,Full,RandomForest,2,0,0.11814904709190849,0
5743,RCN15302,1208-PF-LA-CMPE-GENRE,Laos,Full,RandomForest,2,0,0.03519329470249646,0
5744,RCN15303,1208-PF-LA-CMPE-GENRE,Laos,Full,RandomForest,2,0,0.1746515407563112,0
5745,RCN15304,1208-PF-LA-CMPE-GENRE,Laos,Full,RandomForest,2,0,0.1746515407563112,0
5746,RCN15305,1208-PF-LA-CMPE-GENRE,Laos,Full,RandomForest,2,0,0.08102035653099554,0
5747,RCN15306,1208-PF-LA-CMPE-GENRE,Laos,Full,RandomForest,2,1,0.4491399373112433,0
5748,RCN15307,1208-PF-LA-CMPE-GENRE,Laos,Full,RandomForest,2,0,0.40041069769394416,0
5749,RCN15308,1208-PF-LA-CMPE-GENRE,Laos,Full,RandomForest,2,0,0.03465192879466747,0
5750,RCN15309,1208-PF-LA-CMPE-GENRE,Laos,Full,RandomForest,2,0,0.03465192879466747,0
5751,RCN15310,1208-PF-LA-CMPE-GENRE,Laos,Full,RandomForest,2,1,0.7232220393712322,1
5752,RCN15311,1208-PF-LA-CMPE-GENRE,Laos,Full,RandomForest,2,0,0.03465192879466747,0
5753,RCN15312,1208-PF-LA-CMPE-GENRE,Laos,Full,RandomForest,2,0,0.03465192879466747,0
5754,RCN15313,1208-PF-LA-CMPE-GENRE,Laos,Full,RandomForest,2,0,0.03465192879466747,0
5755,RCN15315,1208-PF-LA-CMPE-GENRE,Laos,Full,RandomForest,2,1,0.997843058244836,1
5756,RCN15316,1208-PF-LA-CMPE-GENRE,Laos,Full,RandomForest,2,0,0.10596781294348451,0
5757,RCN15317,1208-PF-LA-CMPE-GENRE,Laos,Full,RandomForest,2,0,0.013202666720990679,0
5758,RCN15318,1208-PF-LA-CMPE-GENRE,Laos,Full,RandomForest,2,0,0.013202666720990679,0
5759,RCN15319,1208-PF-LA-CMPE-GENRE,Laos,Full,RandomForest,2,0,0.03465192879466747,0
5760,RCN15320,1208-PF-LA-CMPE-GENRE,Laos,Full,RandomForest,2,0,0.12046993278862153,0
5761,RCN15321,1208-PF-LA-CMPE-GENRE,Laos,Full,RandomForest,2,0,0.12046993278862153,0
5762,RCN15322,1208-PF-LA-CMPE-GENRE,Laos,Full,RandomForest,2,0,0.03465192879466747,0
5763,RCN15323,1208-PF-LA-CMPE-GENRE,Laos,Full,RandomForest,2,0,0.16090956871109582,0
5764,RCN15324,1208-PF-LA-CMPE-GENRE,Laos,Full,RandomForest,2,0,0.054329289374643965,0
5765,RCN15325,1208-PF-LA-CMPE-GENRE,Laos,Full,RandomForest,2,0,0.16090956871109582,0
5766,RCN15326,1208-PF-LA-CMPE-GENRE,Laos,Full,RandomForest,2,0,0.051382099450789746,0
5767,RCN15327,1208-PF-LA-CMPE-GENRE,Laos,Full,RandomForest,2,1,0.9979090774440794,1
5768,RCN15328,1208-PF-LA-CMPE-GENRE,Laos,Full,RandomForest,2,1,0.9982451994621927,1
5769,RCN15329,1208-PF-LA-CMPE-GENRE,Laos,Full,RandomForest,2,1,0.9982451994621927,1
5770,RCN15330,1208-PF-LA-CMPE-GENRE,Laos,Full,RandomForest,2,0,0.03465192879466747,0
5771,RCN15331,1208-PF-LA-CMPE-GENRE,Laos,Full,RandomForest,2,0,0.1746515407563112,0
5772,RCN15332,1208-PF-LA-CMPE-GENRE,Laos,Full,RandomForest,2,0,0.013202666720990679,0
5773,RCN15333,1208-PF-LA-CMPE-GENRE,Laos,Full,RandomForest,2,1,0.9970896508864172,1
5774,RCN15334,1208-PF-LA-CMPE-GENRE,Laos,Full,RandomForest,2,0,0.03465192879466747,0
5775,RCN15335,1208-PF-LA-CMPE-GENRE,Laos,Full,RandomForest,2,0,0.006295806284880581,0
5776,RCN15337,1208-PF-LA-CMPE-GENRE,Laos,Full,RandomForest,2,0,0.12155451296177533,0
5777,RCN15338,1208-PF-LA-CMPE-GENRE,Laos,Full,RandomForest,2,0,0.12381952123081783,0
5778,RCN15340,1208-PF-LA-CMPE-GENRE,Laos,Full,RandomForest,2,1,0.707102033251145,1
5779,RCN15341,1208-PF-LA-CMPE-GENRE,Laos,Full,RandomForest,2,0,0.013202666720990679,0
5780,RCN15342,1208-PF-LA-CMPE-GENRE,Laos,Full,RandomForest,2,1,0.9982451994621927,1
5781,RCN15343,1208-PF-LA-CMPE-GENRE,Laos,Full,RandomForest,2,1,0.5602975284489106,1
5782,RCN15345,1208-PF-LA-CMPE-GENRE,Laos,Full,RandomForest,2,0,0.013202666720990679,0
5783,RCN15346,1208-PF-LA-CMPE-GENRE,Laos,Full,RandomForest,2,0,0.013202666720990679,0
5784,RCN15347,1208-PF-LA-CMPE-GENRE,Laos,Full,RandomForest,2,1,0.6128387570173038,1
5785,RCN15348,1208-PF-LA-CMPE-GENRE,Laos,Full,RandomForest,2,1,0.6128387570173038,1
5786,RCN15349,1208-PF-LA-CMPE-GENRE,Laos,Full,RandomForest,2,1,0.6189752843948254,1
5787,RCN15350,1208-PF-LA-CMPE-GENRE,Laos,Full,RandomForest,2,1,0.6189752843948254,1
5788,RCN15351,1208-PF-LA-CMPE-GENRE,Laos,Full,RandomForest,2,1,0.5602975284489106,1
5789,RCN15352,1208-PF-LA-CMPE-GENRE,Laos,Full,RandomForest,2,0,0.013202666720990679,0
5790,RCN15353,1208-PF-LA-CMPE-GENRE,Laos,Full,RandomForest,2,1,0.6128387570173038,1
5791,RCN15354,1208-PF-LA-CMPE-GENRE,Laos,Full,RandomForest,2,1,0.9942725219718551,1
5792,RCN15355,1208-PF-LA-CMPE-GENRE,Laos,Full,RandomForest,2,1,0.6128387570173038,1
5793,RCN15356,1208-PF-LA-CMPE-GENRE,Laos,Full,RandomForest,2,0,0.01819416189008475,0
5794,RCN15357,1208-PF-LA-CMPE-GENRE,Laos,Full,RandomForest,2,0,0.03451395117984694,0
5795,RCN15358,1208-PF-LA-CMPE-GENRE,Laos,Full,RandomForest,2,1,0.997843058244836,1
5796,RCN15359,1208-PF-LA-CMPE-GENRE,Laos,Full,RandomForest,2,1,0.9102758899995125,1
5797,RCN15360,1208-PF-LA-CMPE-GENRE,Laos,Full,RandomForest,2,0,0.6943144155083918,1
5798,RCN15362,1208-PF-LA-CMPE-GENRE,Laos,Full,RandomForest,2,0,0.017183534645467794,0
5799,RCN15363,1208-PF-LA-CMPE-GENRE,Laos,Full,RandomForest,2,0,0.02876995355617637,0
5800,RCN15364,1208-PF-LA-CMPE-GENRE,Laos,Full,RandomForest,2,0,0.013202666720990679,0
5801,RCN15365,1208-PF-LA-CMPE-GENRE,Laos,Full,RandomForest,2,0,0.013202666720990679,0
5802,RCN15366,1208-PF-LA-CMPE-GENRE,Laos,Full,RandomForest,2,0,0.013202666720990679,0
5803,RCN15368,1208-PF-LA-CMPE-GENRE,Laos,Full,RandomForest,2,0,0.04263704598443408,0
5804,RCN15369,1208-PF-LA-CMPE-GENRE,Laos,Full,RandomForest,2,0,0.013202666720990679,0
5805,RCN15370,1208-PF-LA-CMPE-GENRE,Laos,Full,RandomForest,2,0,0.02876995355617637,0
5806,RCN15371,1208-PF-LA-CMPE-GENRE,Laos,Full,RandomForest,2,1,0.9983672968713408,1
5807,RCN15372,1208-PF-LA-CMPE-GENRE,Laos,Full,RandomForest,2,0,0.013202666720990679,0
5808,RCN15373,1208-PF-LA-CMPE-GENRE,Laos,Full,RandomForest,2,0,0.013202666720990679,0
5809,RCN15374,1208-PF-LA-CMPE-GENRE,Laos,Full,RandomForest,2,0,0.013202666720990679,0
5810,RCN15376,1208-PF-LA-CMPE-GENRE,Laos,Full,RandomForest,2,0,0.03465192879466747,0
5811,RCN15377,1208-PF-LA-CMPE-GENRE,Laos,Full,RandomForest,2,0,0.03465192879466747,0
5812,RCN15378,1208-PF-LA-CMPE-GENRE,Laos,Full,RandomForest,2,0,0.08205185856500413,0
5813,RCN15379,1208-PF-LA-CMPE-GENRE,Laos,Full,RandomForest,2,0,0.017183534645467794,0
5814,RCN15380,1208-PF-LA-CMPE-GENRE,Laos,Full,RandomForest,2,0,0.013202666720990679,0
5815,RCN15381,1208-PF-LA-CMPE-GENRE,Laos,Full,RandomForest,2,0,0.013202666720990679,0
5816,RCN15382,1208-PF-LA-CMPE-GENRE,Laos,Full,RandomForest,2,0,0.013202666720990679,0
5817,RCN15386,1208-PF-LA-CMPE-GENRE,Laos,Full,RandomForest,2,0,0.013202666720990679,0
5818,RCN15387,1208-PF-LA-CMPE-GENRE,Laos,Full,RandomForest,2,0,0.013202666720990679,0
5926,RCN16513,1210-PF-TH-MAUDE,Thailand,Full,RandomForest,2,1,0.9937060109900959,1
5927,RCN16514,1210-PF-TH-MAUDE,Thailand,Full,RandomForest,2,1,0.9407170242216698,1
5928,RCN16515,1210-PF-TH-MAUDE,Thailand,Full,RandomForest,2,1,0.9940381673797333,1
5929,RCN16516,1210-PF-TH-MAUDE,Thailand,Full,RandomForest,2,1,0.992682599983397,1
5930,RCN16517,1210-PF-TH-MAUDE,Thailand,Full,RandomForest,2,1,0.9228979717399288,1
5931,RCN16518,1210-PF-TH-MAUDE,Thailand,Full,RandomForest,2,1,0.9149066771883756,1
5932,RCN16519,1210-PF-TH-MAUDE,Thailand,Full,RandomForest,2,1,0.9122603785460356,1
5933,RCN16520,1210-PF-TH-MAUDE,Thailand,Full,RandomForest,2,1,0.9164799656417827,1
5934,RCN16521,1210-PF-TH-MAUDE,Thailand,Full,RandomForest,2,1,0.9407170242216698,1
5935,RCN16522,1210-PF-TH-MAUDE,Thailand,Full,RandomForest,2,1,0.9914464289073388,1
5936,RCN16524,1210-PF-TH-MAUDE,Thailand,Full,RandomForest,2,1,0.9149066771883756,1
5937,RCN16528,1210-PF-TH-MAUDE,Thailand,Full,RandomForest,2,1,0.7880513057216209,1
5938,RCN16529,1210-PF-TH-MAUDE,Thailand,Full,RandomForest,2,1,0.992694235933089,1
5939,RCN16530,1210-PF-TH-MAUDE,Thailand,Full,RandomForest,2,1,0.9900499896116337,1
5940,RCN16531,1210-PF-TH-MAUDE,Thailand,Full,RandomForest,2,1,0.9974470722361066,1
5941,RCN16532,1210-PF-TH-MAUDE,Thailand,Full,RandomForest,2,1,0.9942725219718551,1
5942,RCN16534,1210-PF-TH-MAUDE,Thailand,Full,RandomForest,2,1,0.84621574064787,1
5943,RCN16536,1210-PF-TH-MAUDE,Thailand,Full,RandomForest,2,1,0.9750388823313074,1
5944,RCN16537,1210-PF-TH-MAUDE,Thailand,Full,RandomForest,2,1,0.9407170242216698,1
5945,RCN16538,1210-PF-TH-MAUDE,Thailand,Full,RandomForest,2,1,0.9098166208870464,1
5946,RCN16539,1210-PF-TH-MAUDE,Thailand,Full,RandomForest,2,1,0.9407170242216698,1
5947,RCN16540,1210-PF-TH-MAUDE,Thailand,Full,RandomForest,2,1,0.9942725219718551,1
5948,RCN16541,1210-PF-TH-MAUDE,Thailand,Full,RandomForest,2,1,0.9942725219718551,1
5949,RCN16542,1210-PF-TH-MAUDE,Thailand,Full,RandomForest,2,1,0.9763052882441231,1
5950,RCN16544,1210-PF-TH-MAUDE,Thailand,Full,RandomForest,2,1,0.9697815918959164,1
5951,RCN16545,1210-PF-TH-MAUDE,Thailand,Full,RandomForest,2,1,0.8962367738185031,1
5952,RCN16546,1210-PF-TH-MAUDE,Thailand,Full,RandomForest,2,1,0.8812530310999045,1
5953,RCN16548,1210-PF-TH-MAUDE,Thailand,Full,RandomForest,2,1,0.9914464289073388,1
5954,RCN16549,1210-PF-TH-MAUDE,Thailand,Full,RandomForest,2,1,0.9942725219718551,1
5955,RCN16550,1210-PF-TH-MAUDE,Thailand,Full,RandomForest,2,1,0.9759849821341453,1
5956,RCN16551,1210-PF-TH-MAUDE,Thailand,Full,RandomForest,2,1,0.9750388823313074,1
5957,RCN16552,1210-PF-TH-MAUDE,Thailand,Full,RandomForest,2,1,0.9942725219718551,1
5958,RCN16553,1210-PF-TH-MAUDE,Thailand,Full,RandomForest,2,1,0.9763052882441231,1
5959,RCN16554,1210-PF-TH-MAUDE,Thailand,Full,RandomForest,2,1,0.9763052882441231,1
5960,RCN16555,1210-PF-TH-MAUDE,Thailand,Full,RandomForest,2,1,0.9914261587616877,1
5961,RCN16557,1210-PF-TH-MAUDE,Thailand,Full,RandomForest,2,1,0.9942725219718551,1
5962,RCN16558,1210-PF-TH-MAUDE,Thailand,Full,RandomForest,2,1,0.9942725219718551,1
5963,RCN16559,1210-PF-TH-MAUDE,Thailand,Full,RandomForest,2,1,0.9942725219718551,1
5964,RCN16560,1210-PF-TH-MAUDE,Thailand,Full,RandomForest,2,1,0.9942725219718551,1
5965,RCN16561,1210-PF-TH-MAUDE,Thailand,Full,RandomForest,2,1,0.9942725219718551,1
5966,RCN16562,1210-PF-TH-MAUDE,Thailand,Full,RandomForest,2,1,0.9942725219718551,1
5967,RCN16563,1210-PF-TH-MAUDE,Thailand,Full,RandomForest,2,1,0.9942725219718551,1
5968,RCN16564,1210-PF-TH-MAUDE,Thailand,Full,RandomForest,2,1,0.981145123874205,1
5969,RCN16565,1210-PF-TH-MAUDE,Thailand,Full,RandomForest,2,1,0.9942725219718551,1
5970,RCN16575,1210-PF-TH-MAUDE,Thailand,Full,RandomForest,2,1,0.6508327184892261,1
5971,RCN16576,1210-PF-TH-MAUDE,Thailand,Full,RandomForest,2,1,0.9900959514081269,1
5972,RCN16578,1210-PF-TH-MAUDE,Thailand,Full,RandomForest,2,1,0.9870784646016861,1
5973,RCN16587,1210-PF-TH-MAUDE,Thailand,Full,RandomForest,2,1,0.9942725219718551,1
6689,RCN25181,1208-PF-LA-CMPE-GENRE,Laos,Full,RandomForest,2,1,0.9922735838109814,1
6690,RCN25182,1208-PF-LA-CMPE-GENRE,Laos,Full,RandomForest,2,1,0.9970831064030589,1
6691,RCN25183,1208-PF-LA-CMPE-GENRE,Laos,Full,RandomForest,2,1,0.9984443679443525,1
6692,RCN25187,1208-PF-LA-CMPE-GENRE,Laos,Full,RandomForest,2,1,0.9692983805467773,1
6693,RCN25188,1208-PF-LA-CMPE-GENRE,Laos,Full,RandomForest,2,1,0.5319315311345734,1
6694,RCN25190,1208-PF-LA-CMPE-GENRE,Laos,Full,RandomForest,2,1,0.8246368033674822,1
6695,RCN25192,1208-PF-LA-CMPE-GENRE,Laos,Full,RandomForest,2,1,0.850768857754244,1
6696,RCN25203,1208-PF-LA-CMPE-GENRE,Laos,Full,RandomForest,2,1,0.953334080079385,1
6697,RCN25204,1208-PF-LA-CMPE-GENRE,Laos,Full,RandomForest,2,1,0.9984443679443525,1
6698,RCN25206,1208-PF-LA-CMPE-GENRE,Laos,Full,RandomForest,2,1,0.9984443679443525,1
6699,RCN25207,1208-PF-LA-CMPE-GENRE,Laos,Full,RandomForest,2,0,0.07109055376721511,0
6700,RCN25208,1208-PF-LA-CMPE-GENRE,Laos,Full,RandomForest,2,1,0.6528037142660574,1
6701,RCN25209,1208-PF-LA-CMPE-GENRE,Laos,Full,RandomForest,2,1,0.9937060109900959,1
6702,RCN25211,1208-PF-LA-CMPE-GENRE,Laos,Full,RandomForest,2,1,0.6445557357643937,1
6703,RCN25213,1208-PF-LA-CMPE-GENRE,Laos,Full,RandomForest,2,1,0.9937060109900959,1
6704,RCN25215,1208-PF-LA-CMPE-GENRE,Laos,Full,RandomForest,2,1,0.9780477996187993,1
6705,RCN25221,1208-PF-LA-CMPE-GENRE,Laos,Full,RandomForest,2,1,0.9933728651379612,1
6706,RCN25223,1208-PF-LA-CMPE-GENRE,Laos,Full,RandomForest,2,1,0.8246368033674822,1
6707,RCN25228,1208-PF-LA-CMPE-GENRE,Laos,Full,RandomForest,2,1,0.9975697385651864,1
6708,RCN25232,1208-PF-LA-CMPE-GENRE,Laos,Full,RandomForest,2,1,0.7942365288950177,1
6709,RCN25234,1208-PF-LA-CMPE-GENRE,Laos,Full,RandomForest,2,1,0.9854690427562558,1
6710,RCN25238,1208-PF-LA-CMPE-GENRE,Laos,Full,RandomForest,2,1,0.801357347374675,1
6711,RCN25240,1208-PF-LA-CMPE-GENRE,Laos,Full,RandomForest,2,1,0.9795783821606553,1
6712,RCN25249,1208-PF-LA-CMPE-GENRE,Laos,Full,RandomForest,2,1,0.9937060109900959,1
6713,RCN25251,1208-PF-LA-CMPE-GENRE,Laos,Full,RandomForest,2,1,0.529598015395629,1
6714,RCN25252,1208-PF-LA-CMPE-GENRE,Laos,Full,RandomForest,2,1,0.4450807485812705,0
6715,RCN25257,1208-PF-LA-CMPE-GENRE,Laos,Full,RandomForest,2,1,0.8155513744243589,1
6716,RCN25259,1208-PF-LA-CMPE-GENRE,Laos,Full,RandomForest,2,1,0.9748069427010492,1
6717,RCN25260,1208-PF-LA-CMPE-GENRE,Laos,Full,RandomForest,2,1,0.976230707319266,1
6718,RCN25265,1208-PF-LA-CMPE-GENRE,Laos,Full,RandomForest,2,0,0.05404272993370896,0
6719,RCN25267,1208-PF-LA-CMPE-GENRE,Laos,Full,RandomForest,2,0,0.007838284364058964,0
6720,RCN25273,1208-PF-LA-CMPE-GENRE,Laos,Full,RandomForest,2,1,0.4672492857658482,0
6721,RCN25280,1208-PF-LA-CMPE-GENRE,Laos,Full,RandomForest,2,1,0.6732094669408365,1
6722,RCN25284,1208-PF-LA-CMPE-GENRE,Laos,Full,RandomForest,2,0,0.030958433277392415,0
6723,RCN25285,1208-PF-LA-CMPE-GENRE,Laos,Full,RandomForest,2,0,0.04388249970175131,0
6724,RCN25288,1208-PF-LA-CMPE-GENRE,Laos,Full,RandomForest,2,0,0.023174010462042358,0
6725,RCN25292,1208-PF-LA-CMPE-GENRE,Laos,Full,RandomForest,2,0,0.05404272993370896,0
6726,RCN25293,1208-PF-LA-CMPE-GENRE,Laos,Full,RandomForest,2,0,0.026007201544559683,0
6727,RCN25308,1208-PF-LA-CMPE-GENRE,Laos,Full,RandomForest,2,0,0.02084106804059398,0
6728,RCN25309,1208-PF-LA-CMPE-GENRE,Laos,Full,RandomForest,2,1,0.6976858908524268,1
6729,RCN25314,1208-PF-LA-CMPE-GENRE,Laos,Full,RandomForest,2,1,0.9962299853064992,1
6730,RCN25316,1208-PF-LA-CMPE-GENRE,Laos,Full,RandomForest,2,1,0.9952947839675924,1
6731,RCN25317,1208-PF-LA-CMPE-GENRE,Laos,Full,RandomForest,2,0,0.06140615412678496,0
6732,RCN25318,1208-PF-LA-CMPE-GENRE,Laos,Full,RandomForest,2,0,0.10262442172811587,0
6733,RCN25319,1208-PF-LA-CMPE-GENRE,Laos,Full,RandomForest,2,0,0.052538050860152244,0
6734,RCN25320,1208-PF-LA-CMPE-GENRE,Laos,Full,RandomForest,2,1,0.9914261587616877,1
6735,RCN25325,1208-PF-LA-CMPE-GENRE,Laos,Full,RandomForest,2,1,0.9786579395224073,1
6736,RCN25327,1208-PF-LA-CMPE-GENRE,Laos,Full,RandomForest,2,0,0.12704709773780606,0
6737,RCN25332,1208-PF-LA-CMPE-GENRE,Laos,Full,RandomForest,2,1,0.9744087563800197,1
6738,RCN25338,1208-PF-LA-CMPE-GENRE,Laos,Full,RandomForest,2,0,0.019655157480040767,0
6739,RCN25345,1208-PF-LA-CMPE-GENRE,Laos,Full,RandomForest,2,0,0.004836826059095665,0
6740,RCN25346,1208-PF-LA-CMPE-GENRE,Laos,Full,RandomForest,2,0,0.009595398378218448,0
6741,RCN25349,1208-PF-LA-CMPE-GENRE,Laos,Full,RandomForest,2,0,0.020634344889938358,0
6742,RCN25814,1208-PF-LA-CMPE-GENRE,Laos,Full,RandomForest,2,0,0.004533312116432309,0
6743,RCN25821,1208-PF-LA-CMPE-GENRE,Laos,Full,RandomForest,2,0,0.023693807039426282,0
6744,RCN25829,1208-PF-LA-CMPE-GENRE,Laos,Full,RandomForest,2,0,0.02650380095928168,0
6745,RCN25833,1208-PF-LA-CMPE-GENRE,Laos,Full,RandomForest,2,0,0.0622754780213852,0
6746,RCN25836,1208-PF-LA-CMPE-GENRE,Laos,Full,RandomForest,2,0,0.058018287576234825,0
6747,RCN25848,1208-PF-LA-CMPE-GENRE,Laos,Full,RandomForest,2,0,0.02565521758077115,0
6748,RCN25849,1208-PF-LA-CMPE-GENRE,Laos,Full,RandomForest,2,0,0.02634482840878639,0
6749,RCN25851,1208-PF-LA-CMPE-GENRE,Laos,Full,RandomForest,2,0,0.025250539517849,0
6750,RCN25859,1208-PF-LA-CMPE-GENRE,Laos,Full,RandomForest,2,0,0.04296792975001277,0
6751,RCN25866,1208-PF-LA-CMPE-GENRE,Laos,Full,RandomForest,2,0,0.02882752684859259,0
6752,RCN25871,1208-PF-LA-CMPE-GENRE,Laos,Full,RandomForest,2,0,0.016512481146707923,0
6753,RCN25875,1208-PF-LA-CMPE-GENRE,Laos,Full,RandomForest,2,0,0.02270131989651047,0
6754,RCN25884,1208-PF-LA-CMPE-GENRE,Laos,Full,RandomForest,2,0,0.05404272993370896,0
6755,RCN25885,1208-PF-LA-CMPE-GENRE,Laos,Full,RandomForest,2,0,0.007884528498020045,0
6756,RCN25886,1208-PF-LA-CMPE-GENRE,Laos,Full,RandomForest,2,1,0.5658296140899581,1
6757,RCN25890,1208-PF-LA-CMPE-GENRE,Laos,Full,RandomForest,2,0,0.02084207461159825,0
6758,RCN25892,1208-PF-LA-CMPE-GENRE,Laos,Full,RandomForest,2,0,0.02940432457696206,0
6759,RCN25897,1208-PF-LA-CMPE-GENRE,Laos,Full,RandomForest,2,0,0.003951482406649227,0
6760,RCN25898,1208-PF-LA-CMPE-GENRE,Laos,Full,RandomForest,2,0,0.056441665017556784,0
6761,RCN25902,1208-PF-LA-CMPE-GENRE,Laos,Full,RandomForest,2,0,0.04337026848972012,0
6762,RCN25906,1208-PF-LA-CMPE-GENRE,Laos,Full,RandomForest,2,0,0.005618236955950397,0
6763,RCN25907,1208-PF-LA-CMPE-GENRE,Laos,Full,RandomForest,2,0,0.009362858798118458,0
6764,RCN25908,1208-PF-LA-CMPE-GENRE,Laos,Full,RandomForest,2,0,0.004210817745149786,0
6765,RCN25910,1208-PF-LA-CMPE-GENRE,Laos,Full,RandomForest,2,0,0.010516949587939625,0
6766,RCN25912,1208-PF-LA-CMPE-GENRE,Laos,Full,RandomForest,2,0,0.026682144365118128,0
6767,RCN25913,1208-PF-LA-CMPE-GENRE,Laos,Full,RandomForest,2,0,0.030576066255969488,0
6768,RCN25920,1208-PF-LA-CMPE-GENRE,Laos,Full,RandomForest,2,0,0.045533959247603575,0
6769,RCN25921,1208-PF-LA-CMPE-GENRE,Laos,Full,RandomForest,2,0,0.030576066255969488,0
6770,RCN25922,1208-PF-LA-CMPE-GENRE,Laos,Full,RandomForest,2,0,0.023163652887463682,0
6771,RCN25923,1208-PF-LA-CMPE-GENRE,Laos,Full,RandomForest,2,0,0.02565521758077115,0
6772,RCN25927,1208-PF-LA-CMPE-GENRE,Laos,Full,RandomForest,2,0,0.030587963505941177,0
6773,RCN25928,1208-PF-LA-CMPE-GENRE,Laos,Full,RandomForest,2,0,0.13886165521241944,0
6774,RCN25930,1208-PF-LA-CMPE-GENRE,Laos,Full,RandomForest,2,0,0.018102214585224118,0
6775,RCN25931,1208-PF-LA-CMPE-GENRE,Laos,Full,RandomForest,2,1,0.5058022060311002,1
6776,RCN25932,1208-PF-LA-CMPE-GENRE,Laos,Full,RandomForest,2,0,0.0069982702615070105,0
6777,RCN25933,1208-PF-LA-CMPE-GENRE,Laos,Full,RandomForest,2,1,0.5267683048647952,1
6778,RCN25934,1208-PF-LA-CMPE-GENRE,Laos,Full,RandomForest,2,0,0.08069829892313685,0
6779,RCN25935,1208-PF-LA-CMPE-GENRE,Laos,Full,RandomForest,2,0,0.03465192879466747,0
6780,RCN25936,1208-PF-LA-CMPE-GENRE,Laos,Full,RandomForest,2,0,0.038128280007236115,0
6781,RCN25937,1208-PF-LA-CMPE-GENRE,Laos,Full,RandomForest,2,0,0.03451395117984694,0
6782,RCN25938,1208-PF-LA-CMPE-GENRE,Laos,Full,RandomForest,2,1,0.9940381673797333,1
6783,RCN25942,1208-PF-LA-CMPE-GENRE,Laos,Full,RandomForest,2,0,0.004836826059095665,0
6784,RCN25943,1208-PF-LA-CMPE-GENRE,Laos,Full,RandomForest,2,0,0.07185767990653222,0
6785,RCN25944,1208-PF-LA-CMPE-GENRE,Laos,Full,RandomForest,2,0,0.10753762187034795,0
6786,RCN25945,1208-PF-LA-CMPE-GENRE,Laos,Full,RandomForest,2,0,0.2982096679291494,0
6787,RCN25946,1208-PF-LA-CMPE-GENRE,Laos,Full,RandomForest,2,1,0.5650860513873988,1
6788,RCN25947,1208-PF-LA-CMPE-GENRE,Laos,Full,RandomForest,2,1,0.6236620584060228,1
6789,RCN25952,1208-PF-LA-CMPE-GENRE,Laos,Full,RandomForest,2,0,0.019655157480040767,0
6790,RCN25956,1208-PF-LA-CMPE-GENRE,Laos,Full,RandomForest,2,0,0.058487057446019605,0
6791,RCN25957,1208-PF-LA-CMPE-GENRE,Laos,Full,RandomForest,2,0,0.05521027820270889,0
6792,RCN25958,1208-PF-LA-CMPE-GENRE,Laos,Full,RandomForest,2,0,0.05524633086480721,0
6793,RCN25960,1208-PF-LA-CMPE-GENRE,Laos,Full,RandomForest,2,1,0.6392685332763652,1
6794,RCN25961,1208-PF-LA-CMPE-GENRE,Laos,Full,RandomForest,2,1,0.653188993434415,1
6795,RCN25962,1208-PF-LA-CMPE-GENRE,Laos,Full,RandomForest,2,1,0.681552444312941,1
6796,RCN25964,1208-PF-LA-CMPE-GENRE,Laos,Full,RandomForest,2,1,0.6554073443972291,1
6797,RCN25965,1208-PF-LA-CMPE-GENRE,Laos,Full,RandomForest,2,1,0.6657177724861988,1
6798,RCN25967,1208-PF-LA-CMPE-GENRE,Laos,Full,RandomForest,2,1,0.5654847845817743,1
6799,RCN25968,1208-PF-LA-CMPE-GENRE,Laos,Full,RandomForest,2,0,0.19097841259540904,0
6800,RCN25971,1208-PF-LA-CMPE-GENRE,Laos,Full,RandomForest,2,0,0.19097841259540904,0
6801,RCN25972,1208-PF-LA-CMPE-GENRE,Laos,Full,RandomForest,2,0,0.00719334446511619,0
6802,RCN25973,1208-PF-LA-CMPE-GENRE,Laos,Full,RandomForest,2,0,0.003856991928382038,0
6803,RCN25974,1208-PF-LA-CMPE-GENRE,Laos,Full,RandomForest,2,0,0.044016013482323854,0
6804,RCN25975,1208-PF-LA-CMPE-GENRE,Laos,Full,RandomForest,2,0,0.19097841259540904,0
6805,RCN25976,1208-PF-LA-CMPE-GENRE,Laos,Full,RandomForest,2,0,0.030576066255969488,0
6806,RCN25982,1208-PF-LA-CMPE-GENRE,Laos,Full,RandomForest,2,0,0.19097841259540904,0
6807,RCN25983,1208-PF-LA-CMPE-GENRE,Laos,Full,RandomForest,2,0,0.003945189653303248,0
6808,RCN25987,1208-PF-LA-CMPE-GENRE,Laos,Full,RandomForest,2,0,0.020082798212829274,0
6809,RCN25989,1208-PF-LA-CMPE-GENRE,Laos,Full,RandomForest,2,0,0.03190362855768829,0
6810,RCN25992,1208-PF-LA-CMPE-GENRE,Laos,Full,RandomForest,2,0,0.19097841259540904,0
6811,RCN25994,1208-PF-LA-CMPE-GENRE,Laos,Full,RandomForest,2,0,0.00719334446511619,0
6812,RCN25996,1208-PF-LA-CMPE-GENRE,Laos,Full,RandomForest,2,0,0.044016013482323854,0
6813,RCN25997,1208-PF-LA-CMPE-GENRE,Laos,Full,RandomForest,2,0,0.058018287576234825,0
6814,RCN26001,1208-PF-LA-CMPE-GENRE,Laos,Full,RandomForest,2,1,0.8366564861123605,1
6815,RCN26002,1208-PF-LA-CMPE-GENRE,Laos,Full,RandomForest,2,0,0.03316711088569855,0
6816,RCN26003,1208-PF-LA-CMPE-GENRE,Laos,Full,RandomForest,2,0,0.031219371260538795,0
6817,RCN26004,1208-PF-LA-CMPE-GENRE,Laos,Full,RandomForest,2,0,0.045291901460473884,0
6818,RCN26005,1208-PF-LA-CMPE-GENRE,Laos,Full,RandomForest,2,0,0.02993905299706707,0
6819,RCN26009,1208-PF-LA-CMPE-GENRE,Laos,Full,RandomForest,2,0,0.1757928927380977,0
6820,RCN26018,1208-PF-LA-CMPE-GENRE,Laos,Full,RandomForest,2,0,0.15659728902847664,0
6821,RCN26023,1208-PF-LA-CMPE-GENRE,Laos,Full,RandomForest,2,0,0.19097841259540904,0
6822,RCN26024,1208-PF-LA-CMPE-GENRE,Laos,Full,RandomForest,2,0,0.020129253038267753,0
6823,RCN26027,1208-PF-LA-CMPE-GENRE,Laos,Full,RandomForest,2,0,0.6701140035838209,1
6824,RCN26029,1208-PF-LA-CMPE-GENRE,Laos,Full,RandomForest,2,1,0.6313770384070756,1
6825,RCN26030,1208-PF-LA-CMPE-GENRE,Laos,Full,RandomForest,2,1,0.2156514555054266,0
6826,RCN26031,1208-PF-LA-CMPE-GENRE,Laos,Full,RandomForest,2,1,0.507832660486252,1
6827,RCN26048,1208-PF-LA-CMPE-GENRE,Laos,Full,RandomForest,2,0,0.16202293006086305,0
6828,RCN26061,1208-PF-LA-CMPE-GENRE,Laos,Full,RandomForest,2,1,0.571902841055704,1
6829,RCN26062,1208-PF-LA-CMPE-GENRE,Laos,Full,RandomForest,2,1,0.6990948578081628,1
6830,RCN26064,1208-PF-LA-CMPE-GENRE,Laos,Full,RandomForest,2,1,0.6657177724861988,1
6831,RCN26068,1208-PF-LA-CMPE-GENRE,Laos,Full,RandomForest,2,0,0.06852940070090556,0
6832,RCN26072,1208-PF-LA-CMPE-GENRE,Laos,Full,RandomForest,2,0,0.04983863345077731,0
6833,RCN26076,1208-PF-LA-CMPE-GENRE,Laos,Full,RandomForest,2,0,0.009846624554086547,0
6834,RCN26511,1208-PF-LA-CMPE-GENRE,Laos,Full,RandomForest,2,0,0.10771272363489537,0
6835,RCN26526,1208-PF-LA-CMPE-GENRE,Laos,Full,RandomForest,2,0,0.19274068518703633,0
6836,RCN26541,1208-PF-LA-CMPE-GENRE,Laos,Full,RandomForest,2,0,0.030573411051523537,0
6837,RCN26556,1208-PF-LA-CMPE-GENRE,Laos,Full,RandomForest,2,0,0.01378703646783488,0
6838,RCN26574,1208-PF-LA-CMPE-GENRE,Laos,Full,RandomForest,2,1,0.4456162560284052,0
6839,RCN26582,1208-PF-LA-CMPE-GENRE,Laos,Full,RandomForest,2,1,0.3370662309566005,0
6840,RCN26586,1208-PF-LA-CMPE-GENRE,Laos,Full,RandomForest,2,0,0.34351352547343994,0
6841,RCN26592,1208-PF-LA-CMPE-GENRE,Laos,Full,RandomForest,2,1,0.34982899349930086,0
6842,RCN26594,1208-PF-LA-CMPE-GENRE,Laos,Full,RandomForest,2,1,0.39968235289365256,0
6843,RCN26595,1208-PF-LA-CMPE-GENRE,Laos,Full,RandomForest,2,1,0.392638730813851,0
6844,RCN26596,1208-PF-LA-CMPE-GENRE,Laos,Full,RandomForest,2,1,0.4559357154401226,0
6845,RCN26599,1208-PF-LA-CMPE-GENRE,Laos,Full,RandomForest,2,1,0.6245010146109018,1
6846,RCN26612,1208-PF-LA-CMPE-GENRE,Laos,Full,RandomForest,2,1,0.3370662309566005,0
6847,RCN26613,1208-PF-LA-CMPE-GENRE,Laos,Full,RandomForest,2,0,0.01667375636780985,0
6848,RCN26617,1208-PF-LA-CMPE-GENRE,Laos,Full,RandomForest,2,0,0.01655749654306569,0
6849,RCN26620,1208-PF-LA-CMPE-GENRE,Laos,Full,RandomForest,2,1,0.45665640182748407,0
6850,RCN26622,1208-PF-LA-CMPE-GENRE,Laos,Full,RandomForest,2,0,0.013485504559222244,0
6851,RCN26624,1208-PF-LA-CMPE-GENRE,Laos,Full,RandomForest,2,0,0.006835085350042559,0
6852,RCN26631,1208-PF-LA-CMPE-GENRE,Laos,Full,RandomForest,2,1,0.4219618897470651,0
6853,RCN26637,1208-PF-LA-CMPE-GENRE,Laos,Full,RandomForest,2,1,0.34712436753581843,0
6854,RCN26638,1208-PF-LA-CMPE-GENRE,Laos,Full,RandomForest,2,1,0.38700129011197437,0
6855,RCN26646,1208-PF-LA-CMPE-GENRE,Laos,Full,RandomForest,2,1,0.9852846483225879,1
6856,RCN26647,1208-PF-LA-CMPE-GENRE,Laos,Full,RandomForest,2,1,0.34712436753581843,0
6857,RCN26648,1208-PF-LA-CMPE-GENRE,Laos,Full,RandomForest,2,1,0.34660505752930726,0
6858,RCN26649,1208-PF-LA-CMPE-GENRE,Laos,Full,RandomForest,2,1,0.38156571564784053,0
6859,RCN26655,1208-PF-LA-CMPE-GENRE,Laos,Full,RandomForest,2,1,0.4469702050700984,0
6860,RCN26657,1208-PF-LA-CMPE-GENRE,Laos,Full,RandomForest,2,1,0.26801172199405965,0
6861,RCN26662,1208-PF-LA-CMPE-GENRE,Laos,Full,RandomForest,2,1,0.9941740805458571,1
6862,RCN26663,1208-PF-LA-CMPE-GENRE,Laos,Full,RandomForest,2,0,0.24431817845072212,0
6863,RCN26664,1208-PF-LA-CMPE-GENRE,Laos,Full,RandomForest,2,1,0.34660505752930726,0
6864,RCN26666,1208-PF-LA-CMPE-GENRE,Laos,Full,RandomForest,2,1,0.38156571564784053,0
6865,RCN26670,1208-PF-LA-CMPE-GENRE,Laos,Full,RandomForest,2,1,0.5641363900777959,1
6866,RCN26672,1208-PF-LA-CMPE-GENRE,Laos,Full,RandomForest,2,1,0.34712436753581843,0
6867,RCN26673,1208-PF-LA-CMPE-GENRE,Laos,Full,RandomForest,2,1,0.3370662309566005,0
6868,RCN26675,1208-PF-LA-CMPE-GENRE,Laos,Full,RandomForest,2,1,0.46377676257464345,0
6869,RCN26677,1208-PF-LA-CMPE-GENRE,Laos,Full,RandomForest,2,1,0.34712436753581843,0
6870,RCN26678,1208-PF-LA-CMPE-GENRE,Laos,Full,RandomForest,2,1,0.9937060109900959,1
6871,RCN26679,1208-PF-LA-CMPE-GENRE,Laos,Full,RandomForest,2,1,0.3991630428871414,0
6872,RCN26680,1208-PF-LA-CMPE-GENRE,Laos,Full,RandomForest,2,1,0.392638730813851,0
6873,RCN26681,1208-PF-LA-CMPE-GENRE,Laos,Full,RandomForest,2,1,0.9750388823313074,1
6874,RCN26683,1208-PF-LA-CMPE-GENRE,Laos,Full,RandomForest,2,1,0.34712436753581843,0
6875,RCN26687,1208-PF-LA-CMPE-GENRE,Laos,Full,RandomForest,2,1,0.4672492857658482,0
6876,RCN26688,1208-PF-LA-CMPE-GENRE,Laos,Full,RandomForest,2,1,0.3991630428871414,0
6877,RCN26690,1208-PF-LA-CMPE-GENRE,Laos,Full,RandomForest,2,1,0.46377676257464345,0
6878,RCN26703,1208-PF-LA-CMPE-GENRE,Laos,Full,RandomForest,2,1,0.34660505752930726,0
6879,RCN26709,1208-PF-LA-CMPE-GENRE,Laos,Full,RandomForest,2,0,0.015234130439378173,0
6880,RCN26728,1208-PF-LA-CMPE-GENRE,Laos,Full,RandomForest,2,1,0.34712436753581843,0
6881,RCN26735,1208-PF-LA-CMPE-GENRE,Laos,Full,RandomForest,2,0,0.18176330695580656,0
6882,RCN26736,1208-PF-LA-CMPE-GENRE,Laos,Full,RandomForest,2,0,0.017764264970439415,0
6883,RCN26737,1208-PF-LA-CMPE-GENRE,Laos,Full,RandomForest,2,0,0.06621160159541656,0
6884,RCN26765,1208-PF-LA-CMPE-GENRE,Laos,Full,RandomForest,2,0,0.03745151345560485,0
6885,RCN26766,1208-PF-LA-CMPE-GENRE,Laos,Full,RandomForest,2,0,0.030573411051523537,0
6886,RCN26767,1208-PF-LA-CMPE-GENRE,Laos,Full,RandomForest,2,1,0.34712436753581843,0
6887,RCN26775,1208-PF-LA-CMPE-GENRE,Laos,Full,RandomForest,2,0,0.003945189653303248,0
6888,RCN26781,1208-PF-LA-CMPE-GENRE,Laos,Full,RandomForest,2,1,0.976230707319266,1
6889,RCN26782,1208-PF-LA-CMPE-GENRE,Laos,Full,RandomForest,2,1,0.34712436753581843,0
6890,RCN26791,1208-PF-LA-CMPE-GENRE,Laos,Full,RandomForest,2,1,0.44695883318480584,0
6891,RCN26804,1208-PF-LA-CMPE-GENRE,Laos,Full,RandomForest,2,1,0.9435422304784638,1
6892,RCN26820,1208-PF-LA-CMPE-GENRE,Laos,Full,RandomForest,2,1,0.34712436753581843,0
6893,RCN26837,1208-PF-LA-CMPE-GENRE,Laos,Full,RandomForest,2,1,0.35228392271314285,0
6894,RCN26845,1208-PF-LA-CMPE-GENRE,Laos,Full,RandomForest,2,1,0.46377676257464345,0
6895,RCN26846,1208-PF-LA-CMPE-GENRE,Laos,Full,RandomForest,2,1,0.24887505358923562,0
6896,RCN26852,1208-PF-LA-CMPE-GENRE,Laos,Full,RandomForest,2,1,0.34712436753581843,0
6897,RCN26853,1208-PF-LA-CMPE-GENRE,Laos,Full,RandomForest,2,1,0.46931959072875534,0
6898,RCN26861,1208-PF-LA-CMPE-GENRE,Laos,Full,RandomForest,2,1,0.9940381673797333,1
6899,RCN26871,1208-PF-LA-CMPE-GENRE,Laos,Full,RandomForest,2,1,0.4340164832961365,0
6900,RCN26876,1208-PF-LA-CMPE-GENRE,Laos,Full,RandomForest,2,1,0.48591183976047647,0
6901,RCN26886,1208-PF-LA-CMPE-GENRE,Laos,Full,RandomForest,2,1,0.34706623095660044,0
6902,RCN26900,1208-PF-LA-CMPE-GENRE,Laos,Full,RandomForest,2,1,0.386176554186576,0
6903,RCN26904,1208-PF-LA-CMPE-GENRE,Laos,Full,RandomForest,2,1,0.4548190476081016,0
6904,RCN26930,1208-PF-LA-CMPE-GENRE,Laos,Full,RandomForest,2,1,0.3924347646147123,0
6905,RCN26932,1208-PF-LA-CMPE-GENRE,Laos,Full,RandomForest,2,1,0.34456654017323457,0
6906,RCN26937,1208-PF-LA-CMPE-GENRE,Laos,Full,RandomForest,2,1,0.3991630428871414,0
6907,RCN26938,1208-PF-LA-CMPE-GENRE,Laos,Full,RandomForest,2,1,0.34712436753581843,0
6908,RCN26945,1208-PF-LA-CMPE-GENRE,Laos,Full,RandomForest,2,1,0.4634323816973735,0
6909,RCN26946,1208-PF-LA-CMPE-GENRE,Laos,Full,RandomForest,2,1,0.9750388823313074,1
6910,RCN26950,1208-PF-LA-CMPE-GENRE,Laos,Full,RandomForest,2,1,0.38156571564784053,0
6911,RCN26952,1208-PF-LA-CMPE-GENRE,Laos,Full,RandomForest,2,1,0.3370662309566005,0
6912,RCN26953,1208-PF-LA-CMPE-GENRE,Laos,Full,RandomForest,2,1,0.3370662309566005,0
6913,RCN26958,1208-PF-LA-CMPE-GENRE,Laos,Full,RandomForest,2,1,0.4436045326989796,0
6914,RCN26960,1208-PF-LA-CMPE-GENRE,Laos,Full,RandomForest,2,1,0.9946521107929339,1
19,PD0025-C,1010-PF-TH-ANDERSON,Thailand,Full,RandomForest,3,0,0.07335253353543914,0
20,PD0026-C,1010-PF-TH-ANDERSON,Thailand,Full,RandomForest,3,0,0.11490746418981489,0
21,PD0028-C,1010-PF-TH-ANDERSON,Thailand,Full,RandomForest,3,0,0.013835664335664334,0
22,PD0029-C,1010-PF-TH-ANDERSON,Thailand,Full,RandomForest,3,0,0.020658996545681756,0
23,PD0030-C,1010-PF-TH-ANDERSON,Thailand,Full,RandomForest,3,0,0.005994092251760963,0
24,PD0032-C,1010-PF-TH-ANDERSON,Thailand,Full,RandomForest,3,0,0.06011765296819772,0
25,PD0034-C,1010-PF-TH-ANDERSON,Thailand,Full,RandomForest,3,0,0.2922709082494082,0
26,PD0037-C,1010-PF-TH-ANDERSON,Thailand,Full,RandomForest,3,0,0.0,0
27,PD0038-C,1010-PF-TH-ANDERSON,Thailand,Full,RandomForest,3,0,0.03830914113890531,0
28,PD0040-C,1010-PF-TH-ANDERSON,Thailand,Full,RandomForest,3,0,0.029084454191368517,0
29,PD0041-C,1010-PF-TH-ANDERSON,Thailand,Full,RandomForest,3,0,0.1971289198883772,0
30,PD0042-C,1010-PF-TH-ANDERSON,Thailand,Full,RandomForest,3,0,0.07216124617920128,0
31,PD0043-C,1010-PF-TH-ANDERSON,Thailand,Full,RandomForest,3,0,0.0664708410224239,0
32,PD0045-C,1010-PF-TH-ANDERSON,Thailand,Full,RandomForest,3,0,0.05938455402268961,0
33,PD0046-C,1010-PF-TH-ANDERSON,Thailand,Full,RandomForest,3,0,0.06031833172139473,0
34,PD0048-C,1010-PF-TH-ANDERSON,Thailand,Full,RandomForest,3,0,0.16613279176366813,0
35,PD0050-C,1010-PF-TH-ANDERSON,Thailand,Full,RandomForest,3,0,0.06360898219889215,0
36,PD0052-C,1010-PF-TH-ANDERSON,Thailand,Full,RandomForest,3,0,0.052974571231627916,0
37,PD0053-C,1010-PF-TH-ANDERSON,Thailand,Full,RandomForest,3,0,0.003338968450588822,0
38,PD0057-C,1010-PF-TH-ANDERSON,Thailand,Full,RandomForest,3,0,0.08934838559731859,0
39,PD0058-C,1010-PF-TH-ANDERSON,Thailand,Full,RandomForest,3,0,0.26375639687800734,0
40,PD0060-C,1010-PF-TH-ANDERSON,Thailand,Full,RandomForest,3,0,0.10183072310916774,0
41,PD0061-C,1010-PF-TH-ANDERSON,Thailand,Full,RandomForest,3,0,0.05802185546525687,0
42,PD0062-C,1010-PF-TH-ANDERSON,Thailand,Full,RandomForest,3,0,0.1205052984130005,0
43,PD0063-C,1010-PF-TH-ANDERSON,Thailand,Full,RandomForest,3,0,0.0,0
44,PD0067-C,1010-PF-TH-ANDERSON,Thailand,Full,RandomForest,3,0,0.076436700961707,0
45,PD0070-C,1010-PF-TH-ANDERSON,Thailand,Full,RandomForest,3,0,0.004611888111888111,0
46,PD0072-C,1010-PF-TH-ANDERSON,Thailand,Full,RandomForest,3,0,0.06408539659746737,0
47,PD0073-C,1010-PF-TH-ANDERSON,Thailand,Full,RandomForest,3,0,0.007187553038309735,0
48,PD0074-C,1010-PF-TH-ANDERSON,Thailand,Full,RandomForest,3,0,0.10128648746462485,0
49,PD0075-C,1010-PF-TH-ANDERSON,Thailand,Full,RandomForest,3,0,0.015113956803737722,0
50,PD0076-C,1010-PF-TH-ANDERSON,Thailand,Full,RandomForest,3,0,0.03167753168906209,0
51,PD0077-C,1010-PF-TH-ANDERSON,Thailand,Full,RandomForest,3,0,0.0029970461258804816,0
52,PD0078-C,1010-PF-TH-ANDERSON,Thailand,Full,RandomForest,3,0,0.005216837441935682,0
53,PD0079-C,1010-PF-TH-ANDERSON,Thailand,Full,RandomForest,3,1,0.019009121908332996,0
54,PD0080-C,1010-PF-TH-ANDERSON,Thailand,Full,RandomForest,3,0,0.03256900764518715,0
55,PD0081-C,1010-PF-TH-ANDERSON,Thailand,Full,RandomForest,3,0,0.05747088217258084,0
56,PD0082-C,1010-PF-TH-ANDERSON,Thailand,Full,RandomForest,3,0,0.0,0
57,PD0083-C,1010-PF-TH-ANDERSON,Thailand,Full,RandomForest,3,0,0.056523391825636565,0
58,PD0085-C,1010-PF-TH-ANDERSON,Thailand,Full,RandomForest,3,0,0.004611888111888111,0
59,PD0086-C,1010-PF-TH-ANDERSON,Thailand,Full,RandomForest,3,0,0.027658836431832774,0
60,PD0087-C,1010-PF-TH-ANDERSON,Thailand,Full,RandomForest,3,0,0.020998069705601367,0
61,PD0088-C,1010-PF-TH-ANDERSON,Thailand,Full,RandomForest,3,0,0.0366540574576812,0
62,PD0089-C,1010-PF-TH-ANDERSON,Thailand,Full,RandomForest,3,0,0.1691697213002255,0
63,PD0090-C,1010-PF-TH-ANDERSON,Thailand,Full,RandomForest,3,0,0.03006099846209011,0
64,PD0091-C,1010-PF-TH-ANDERSON,Thailand,Full,RandomForest,3,0,0.006178935675318149,0
65,PD0092-C,1010-PF-TH-ANDERSON,Thailand,Full,RandomForest,3,0,0.03551283678126702,0
66,PD0093-C,1010-PF-TH-ANDERSON,Thailand,Full,RandomForest,3,0,0.0,0
67,PD0094-C,1010-PF-TH-ANDERSON,Thailand,Full,RandomForest,3,0,0.023256095074599067,0
68,PD0095-C,1010-PF-TH-ANDERSON,Thailand,Full,RandomForest,3,0,0.05182571098045745,0
69,PD0096-C,1010-PF-TH-ANDERSON,Thailand,Full,RandomForest,3,0,0.014906856417617954,0
70,PD0097-C,1010-PF-TH-ANDERSON,Thailand,Full,RandomForest,3,0,0.0,0
71,PD0098-C,1010-PF-TH-ANDERSON,Thailand,Full,RandomForest,3,0,0.0035544446510352556,0
72,PD0101-C,1010-PF-TH-ANDERSON,Thailand,Full,RandomForest,3,0,0.036071054753071013,0
73,PD0102-C,1010-PF-TH-ANDERSON,Thailand,Full,RandomForest,3,0,0.08458776192350577,0
74,PD0103-C,1010-PF-TH-ANDERSON,Thailand,Full,RandomForest,3,0,0.0,0
75,PD0105-C,1010-PF-TH-ANDERSON,Thailand,Full,RandomForest,3,0,0.007608934237768593,0
76,PD0106-C,1010-PF-TH-ANDERSON,Thailand,Full,RandomForest,3,0,0.01614124050955483,0
79,PD0111-C,1010-PF-TH-ANDERSON,Thailand,Full,RandomForest,3,0,0.023953350956241546,0
80,PD0112-C,1010-PF-TH-ANDERSON,Thailand,Full,RandomForest,3,0,0.03055913721225356,0
81,PD0113-C,1010-PF-TH-ANDERSON,Thailand,Full,RandomForest,3,0,0.08231166014615682,0
82,PD0115-Cx,1010-PF-TH-ANDERSON,Thailand,Full,RandomForest,3,0,0.03638968904399338,0
83,PD0116-Cx,1010-PF-TH-ANDERSON,Thailand,Full,RandomForest,3,0,0.027739474842306003,0
84,PD0117-C,1010-PF-TH-ANDERSON,Thailand,Full,RandomForest,3,0,0.035617554191973225,0
85,PD0118-C,1010-PF-TH-ANDERSON,Thailand,Full,RandomForest,3,0,0.07784191539886876,0
86,PD0119-C,1010-PF-TH-ANDERSON,Thailand,Full,RandomForest,3,0,0.0,0
87,PD0121-C,1010-PF-TH-ANDERSON,Thailand,Full,RandomForest,3,0,0.007756662496565136,0
88,PD0122-C,1010-PF-TH-ANDERSON,Thailand,Full,RandomForest,3,0,0.08094179357153392,0
89,PD0123-C,1010-PF-TH-ANDERSON,Thailand,Full,RandomForest,3,0,0.048168071450022144,0
90,PD0124-C,1010-PF-TH-ANDERSON,Thailand,Full,RandomForest,3,0,0.01775608249556246,0
91,PD0125-C,1010-PF-TH-ANDERSON,Thailand,Full,RandomForest,3,0,0.037895312666807575,0
92,PD0126-C,1010-PF-TH-ANDERSON,Thailand,Full,RandomForest,3,1,0.07203885044844976,0
93,PD0127-C,1010-PF-TH-ANDERSON,Thailand,Full,RandomForest,3,0,0.052613111223253906,0
94,PD0128-C,1010-PF-TH-ANDERSON,Thailand,Full,RandomForest,3,0,0.02153038343126822,0
95,PD0129-C,1010-PF-TH-ANDERSON,Thailand,Full,RandomForest,3,0,0.0029970461258804816,0
96,PD0130-C,1010-PF-TH-ANDERSON,Thailand,Full,RandomForest,3,0,0.012048516869878994,0
97,PD0131-C,1010-PF-TH-ANDERSON,Thailand,Full,RandomForest,3,0,0.03515173534315393,0
98,PD0132-C,1010-PF-TH-ANDERSON,Thailand,Full,RandomForest,3,0,0.022446508827372785,0
99,PD0133-C,1010-PF-TH-ANDERSON,Thailand,Full,RandomForest,3,0,0.0005573985251547742,0
100,PD0134-C,1010-PF-TH-ANDERSON,Thailand,Full,RandomForest,3,0,0.01116337888880385,0
101,PD0135-C,1010-PF-TH-ANDERSON,Thailand,Full,RandomForest,3,0,0.012220822349656704,0
102,PD0136-C,1010-PF-TH-ANDERSON,Thailand,Full,RandomForest,3,0,0.03548505086473554,0
103,PD0137-C,1010-PF-TH-ANDERSON,Thailand,Full,RandomForest,3,0,0.04484585226111878,0
104,PD0138-C,1010-PF-TH-ANDERSON,Thailand,Full,RandomForest,3,0,0.0,0
105,PD0139-C,1010-PF-TH-ANDERSON,Thailand,Full,RandomForest,3,0,0.039689351454910725,0
106,PD0140-C,1010-PF-TH-ANDERSON,Thailand,Full,RandomForest,3,0,0.017608934237768593,0
107,PD0141-C,1010-PF-TH-ANDERSON,Thailand,Full,RandomForest,3,0,0.04482221821915876,0
108,PD0142-C,1010-PF-TH-ANDERSON,Thailand,Full,RandomForest,3,0,0.03305919694175576,0
109,PD0143-C,1010-PF-TH-ANDERSON,Thailand,Full,RandomForest,3,0,0.004611888111888111,0
110,PD0144-C,1010-PF-TH-ANDERSON,Thailand,Full,RandomForest,3,0,0.01363310838727448,0
845,PD1582-C,1195-PF-TRAC2-DONDORP,Thailand,Full,RandomForest,3,1,0.9717390572564978,1
846,PD1589-C,1195-PF-TRAC2-DONDORP,Thailand,Full,RandomForest,3,1,0.9839214491934996,1
883,PH0047-Cx,1044-PF-KH-FAIRHURST,Cambodia,Full,RandomForest,3,0,0.20714844245233674,0
884,PH0051-Cx,1044-PF-KH-FAIRHURST,Cambodia,Full,RandomForest,3,1,0.9904944070678212,1
885,PH0052-C,1044-PF-KH-FAIRHURST,Cambodia,Full,RandomForest,3,1,0.6537222152863853,1
886,PH0054-C,1044-PF-KH-FAIRHURST,Cambodia,Full,RandomForest,3,0,0.1405172409096772,0
887,PH0055-C,1044-PF-KH-FAIRHURST,Cambodia,Full,RandomForest,3,1,0.9926250299114622,1
888,PH0057-C,1044-PF-KH-FAIRHURST,Cambodia,Full,RandomForest,3,1,0.944759708159824,1
889,PH0058-C,1044-PF-KH-FAIRHURST,Cambodia,Full,RandomForest,3,0,0.3516980126052445,0
890,PH0059-C,1044-PF-KH-FAIRHURST,Cambodia,Full,RandomForest,3,0,0.8509051211874298,1
891,PH0060-C,1044-PF-KH-FAIRHURST,Cambodia,Full,RandomForest,3,1,0.44343775247578343,0
892,PH0064-C,1044-PF-KH-FAIRHURST,Cambodia,Full,RandomForest,3,1,0.720655085507979,1
933,PH0157-C,1044-PF-KH-FAIRHURST,Cambodia,Full,RandomForest,3,1,1.0,1
934,PH0161-C,1044-PF-KH-FAIRHURST,Cambodia,Full,RandomForest,3,1,1.0,1
935,PH0163-C,1044-PF-KH-FAIRHURST,Cambodia,Full,RandomForest,3,0,0.8904839990281139,1
936,PH0164-C,1044-PF-KH-FAIRHURST,Cambodia,Full,RandomForest,3,0,0.23675258716969683,0
937,PH0165-C,1044-PF-KH-FAIRHURST,Cambodia,Full,RandomForest,3,1,1.0,1
938,PH0167-C,1044-PF-KH-FAIRHURST,Cambodia,Full,RandomForest,3,0,0.8904839990281139,1
939,PH0169-C,1044-PF-KH-FAIRHURST,Cambodia,Full,RandomForest,3,1,0.9926250299114622,1
940,PH0171-C,1044-PF-KH-FAIRHURST,Cambodia,Full,RandomForest,3,1,0.8843388662597242,1
941,PH0172-C,1044-PF-KH-FAIRHURST,Cambodia,Full,RandomForest,3,1,0.35596364348289056,0
942,PH0173-C,1044-PF-KH-FAIRHURST,Cambodia,Full,RandomForest,3,1,0.9874871547049385,1
943,PH0191-C,1044-PF-KH-FAIRHURST,Cambodia,Full,RandomForest,3,1,0.8668647582156271,1
944,PH0192-C,1044-PF-KH-FAIRHURST,Cambodia,Full,RandomForest,3,1,0.6103359440177986,1
945,PH0194-C,1044-PF-KH-FAIRHURST,Cambodia,Full,RandomForest,3,0,0.4640296951219597,0
946,PH0197-C,1044-PF-KH-FAIRHURST,Cambodia,Full,RandomForest,3,1,1.0,1
947,PH0198-C,1044-PF-KH-FAIRHURST,Cambodia,Full,RandomForest,3,1,0.9974973609419407,1
948,PH0201-C,1044-PF-KH-FAIRHURST,Cambodia,Full,RandomForest,3,0,0.17378282730121594,0
949,PH0203-C,1044-PF-KH-FAIRHURST,Cambodia,Full,RandomForest,3,0,0.09065755995550413,0
950,PH0204-C,1044-PF-KH-FAIRHURST,Cambodia,Full,RandomForest,3,0,0.08541080351363468,0
951,PH0205-C,1044-PF-KH-FAIRHURST,Cambodia,Full,RandomForest,3,0,0.07508481673828485,0
952,PH0206-C,1044-PF-KH-FAIRHURST,Cambodia,Full,RandomForest,3,1,0.6313329325700014,1
953,PH0207-C,1044-PF-KH-FAIRHURST,Cambodia,Full,RandomForest,3,1,0.7423338091011356,1
954,PH0208-C,1044-PF-KH-FAIRHURST,Cambodia,Full,RandomForest,3,1,1.0,1
955,PH0209-C,1044-PF-KH-FAIRHURST,Cambodia,Full,RandomForest,3,0,0.9605504063311265,1
956,PH0210-C,1044-PF-KH-FAIRHURST,Cambodia,Full,RandomForest,3,1,1.0,1
957,PH0212-C,1044-PF-KH-FAIRHURST,Cambodia,Full,RandomForest,3,1,1.0,1
958,PH0213-C,1044-PF-KH-FAIRHURST,Cambodia,Full,RandomForest,3,1,1.0,1
971,PH0237-C,1044-PF-KH-FAIRHURST,Cambodia,Full,RandomForest,3,1,1.0,1
972,PH0238-C,1044-PF-KH-FAIRHURST,Cambodia,Full,RandomForest,3,1,1.0,1
973,PH0239-C,1044-PF-KH-FAIRHURST,Cambodia,Full,RandomForest,3,1,0.9151150900359479,1
974,PH0240-C,1044-PF-KH-FAIRHURST,Cambodia,Full,RandomForest,3,1,0.44908202982922674,0
975,PH0241-C,1044-PF-KH-FAIRHURST,Cambodia,Full,RandomForest,3,1,1.0,1
976,PH0242-C,1044-PF-KH-FAIRHURST,Cambodia,Full,RandomForest,3,1,0.17919800937450625,0
977,PH0243-C,1044-PF-KH-FAIRHURST,Cambodia,Full,RandomForest,3,1,0.6807139829872257,1
978,PH0244-C,1044-PF-KH-FAIRHURST,Cambodia,Full,RandomForest,3,1,0.4088528178730131,0
979,PH0245-C,1044-PF-KH-FAIRHURST,Cambodia,Full,RandomForest,3,1,0.6671349218155855,1
980,PH0246-C,1044-PF-KH-FAIRHURST,Cambodia,Full,RandomForest,3,1,0.7870322077524864,1
981,PH0247-C,1044-PF-KH-FAIRHURST,Cambodia,Full,RandomForest,3,1,0.6779111455918091,1
982,PH0248-C,1044-PF-KH-FAIRHURST,Cambodia,Full,RandomForest,3,1,0.9510745796501755,1
983,PH0249-C,1044-PF-KH-FAIRHURST,Cambodia,Full,RandomForest,3,1,0.7893554199079741,1
984,PH0250-C,1044-PF-KH-FAIRHURST,Cambodia,Full,RandomForest,3,1,0.8021582573033905,1
985,PH0251-C,1044-PF-KH-FAIRHURST,Cambodia,Full,RandomForest,3,1,1.0,1
986,PH0252-C,1044-PF-KH-FAIRHURST,Cambodia,Full,RandomForest,3,1,0.5950546081999639,1
987,PH0253-C,1044-PF-KH-FAIRHURST,Cambodia,Full,RandomForest,3,1,1.0,1
988,PH0256-C,1044-PF-KH-FAIRHURST,Cambodia,Full,RandomForest,3,0,0.09791362378548982,0
989,PH0274-C,1044-PF-KH-FAIRHURST,Cambodia,Full,RandomForest,3,1,0.33843022167895576,0
990,PH0278-CW,1044-PF-KH-FAIRHURST,Cambodia,Full,RandomForest,3,1,0.6555939150760537,1
991,PH0279-C,1044-PF-KH-FAIRHURST,Cambodia,Full,RandomForest,3,0,0.015622076037342553,0
992,PH0282-C,1044-PF-KH-FAIRHURST,Cambodia,Full,RandomForest,3,1,0.6113223822755183,1
993,PH0283-C,1044-PF-KH-FAIRHURST,Cambodia,Full,RandomForest,3,0,0.46245217486206036,0
994,PH0284-C,1044-PF-KH-FAIRHURST,Cambodia,Full,RandomForest,3,1,1.0,1
995,PH0285-C,1044-PF-KH-FAIRHURST,Cambodia,Full,RandomForest,3,1,0.8833606825511091,1
996,PH0294-C,1044-PF-KH-FAIRHURST,Cambodia,Full,RandomForest,3,1,0.6713339884352179,1
997,PH0299-CW,1044-PF-KH-FAIRHURST,Cambodia,Full,RandomForest,3,1,1.0,1
998,PH0300-C,1044-PF-KH-FAIRHURST,Cambodia,Full,RandomForest,3,1,1.0,1
999,PH0303-CW,1044-PF-KH-FAIRHURST,Cambodia,Full,RandomForest,3,1,0.6368894271429126,1
1000,PH0304-C,1044-PF-KH-FAIRHURST,Cambodia,Full,RandomForest,3,1,0.8835882479868938,1
1001,PH0305-C,1044-PF-KH-FAIRHURST,Cambodia,Full,RandomForest,3,0,0.02153038343126822,0
1002,PH0306-C,1044-PF-KH-FAIRHURST,Cambodia,Full,RandomForest,3,1,0.9974973609419407,1
1003,PH0307-C,1044-PF-KH-FAIRHURST,Cambodia,Full,RandomForest,3,1,0.8158036148858503,1
1004,PH0308-CW,1044-PF-KH-FAIRHURST,Cambodia,Full,RandomForest,3,1,0.43937291276850815,0
1005,PH0321-C,1044-PF-KH-FAIRHURST,Cambodia,Full,RandomForest,3,0,0.9102500348788832,1
1006,PH0322-C,1044-PF-KH-FAIRHURST,Cambodia,Full,RandomForest,3,1,0.627502276612659,1
1007,PH0324-C,1044-PF-KH-FAIRHURST,Cambodia,Full,RandomForest,3,1,0.5600746884809024,1
1008,PH0325-C,1044-PF-KH-FAIRHURST,Cambodia,Full,RandomForest,3,1,0.2296532257773431,0
1009,PH0326-C,1044-PF-KH-FAIRHURST,Cambodia,Full,RandomForest,3,1,0.371732360501565,0
1010,PH0327-C,1044-PF-KH-FAIRHURST,Cambodia,Full,RandomForest,3,0,0.367303834660519,0
1011,PH0328-C,1044-PF-KH-FAIRHURST,Cambodia,Full,RandomForest,3,1,1.0,1
1012,PH0329-C,1044-PF-KH-FAIRHURST,Cambodia,Full,RandomForest,3,1,0.9242010981978236,1
1013,PH0330-C,1044-PF-KH-FAIRHURST,Cambodia,Full,RandomForest,3,1,0.7123969902344766,1
1014,PH0332-C,1044-PF-KH-FAIRHURST,Cambodia,Full,RandomForest,3,0,0.22744944421434712,0
1015,PH0333-C,1044-PF-KH-FAIRHURST,Cambodia,Full,RandomForest,3,0,0.06760471676049147,0
1016,PH0334-C,1044-PF-KH-FAIRHURST,Cambodia,Full,RandomForest,3,0,0.19540354459770648,0
1017,PH0335-C,1044-PF-KH-FAIRHURST,Cambodia,Full,RandomForest,3,1,1.0,1
1018,PH0336-C,1044-PF-KH-FAIRHURST,Cambodia,Full,RandomForest,3,1,0.8327246202897151,1
1019,PH0337-C,1044-PF-KH-FAIRHURST,Cambodia,Full,RandomForest,3,1,0.3882383991164178,0
1020,PH0338-C,1044-PF-KH-FAIRHURST,Cambodia,Full,RandomForest,3,1,0.7979146641914082,1
1021,PH0339-C,1044-PF-KH-FAIRHURST,Cambodia,Full,RandomForest,3,0,0.02646069424712641,0
1022,PH0340-C,1044-PF-KH-FAIRHURST,Cambodia,Full,RandomForest,3,0,0.08917749231187382,0
1023,PH0341-C,1044-PF-KH-FAIRHURST,Cambodia,Full,RandomForest,3,0,0.0248453133739396,0
1024,PH0342-C,1044-PF-KH-FAIRHURST,Cambodia,Full,RandomForest,3,0,0.1486586148478141,0
1025,PH0343-C,1044-PF-KH-FAIRHURST,Cambodia,Full,RandomForest,3,0,0.1486586148478141,0
1026,PH0344-C,1044-PF-KH-FAIRHURST,Cambodia,Full,RandomForest,3,0,0.16019948306758774,0
1027,PH0345-C,1044-PF-KH-FAIRHURST,Cambodia,Full,RandomForest,3,0,0.013835664335664334,0
1028,PH0346-C,1044-PF-KH-FAIRHURST,Cambodia,Full,RandomForest,3,0,0.04927939400187326,0
1029,PH0347-C,1044-PF-KH-FAIRHURST,Cambodia,Full,RandomForest,3,0,0.09065755995550413,0
1030,PH0348-C,1044-PF-KH-FAIRHURST,Cambodia,Full,RandomForest,3,0,0.004611888111888111,0
1031,PH0349-C,1044-PF-KH-FAIRHURST,Cambodia,Full,RandomForest,3,0,0.16327050295970216,0
1032,PH0350-C,1044-PF-KH-FAIRHURST,Cambodia,Full,RandomForest,3,0,0.22512571092730554,0
1033,PH0351-C,1044-PF-KH-FAIRHURST,Cambodia,Full,RandomForest,3,0,0.03882879775753991,0
1034,PH0352-C,1044-PF-KH-FAIRHURST,Cambodia,Full,RandomForest,3,0,0.0348453133739396,0
1035,PH0353-C,1044-PF-KH-FAIRHURST,Cambodia,Full,RandomForest,3,0,0.02945720148582771,0
1036,PH0354-C,1044-PF-KH-FAIRHURST,Cambodia,Full,RandomForest,3,0,0.1748113711794758,0
1037,PH0355-C,1044-PF-KH-FAIRHURST,Cambodia,Full,RandomForest,3,0,0.18663278380643575,0
1038,PH0356-C,1044-PF-KH-FAIRHURST,Cambodia,Full,RandomForest,3,0,0.09493571229080562,0
1039,PH0357-C,1044-PF-KH-FAIRHURST,Cambodia,Full,RandomForest,3,0,0.019309561081611516,0
1040,PH0358-C,1044-PF-KH-FAIRHURST,Cambodia,Full,RandomForest,3,0,0.012220822349656704,0
1041,PH0359-C,1044-PF-KH-FAIRHURST,Cambodia,Full,RandomForest,3,0,0.23169947802065877,0
1042,PH0360-C,1044-PF-KH-FAIRHURST,Cambodia,Full,RandomForest,3,0,0.02245424761170819,0
1043,PH0361-C,1044-PF-KH-FAIRHURST,Cambodia,Full,RandomForest,3,0,0.12905937019339647,0
1044,PH0362-C,1044-PF-KH-FAIRHURST,Cambodia,Full,RandomForest,3,0,0.009223776223776223,0
1045,PH0363-C,1044-PF-KH-FAIRHURST,Cambodia,Full,RandomForest,3,0,0.20524448510263443,0
1046,PH0364-C,1044-PF-KH-FAIRHURST,Cambodia,Full,RandomForest,3,0,0.19552885197730985,0
1047,PH0365-C,1044-PF-KH-FAIRHURST,Cambodia,Full,RandomForest,3,0,0.028447552447552447,0
1048,PH0366-C,1044-PF-KH-FAIRHURST,Cambodia,Full,RandomForest,3,0,0.009223776223776223,0
1049,PH0367-C,1044-PF-KH-FAIRHURST,Cambodia,Full,RandomForest,3,0,0.015854962412214863,0
1050,PH0368-C,1044-PF-KH-FAIRHURST,Cambodia,Full,RandomForest,3,0,0.009223776223776223,0
1051,PH0369-C,1044-PF-KH-FAIRHURST,Cambodia,Full,RandomForest,3,0,0.07220105326661252,0
1052,PH0370-C,1044-PF-KH-FAIRHURST,Cambodia,Full,RandomForest,3,0,0.007608934237768593,0
1053,PH0371-C,1044-PF-KH-FAIRHURST,Cambodia,Full,RandomForest,3,0,0.036435508173424884,0
1054,PH0372-C,1044-PF-KH-FAIRHURST,Cambodia,Full,RandomForest,3,0,0.03014817929139537,0
1055,PH0373-C,1044-PF-KH-FAIRHURST,Cambodia,Full,RandomForest,3,0,0.013835664335664334,0
1056,PH0374-C,1044-PF-KH-FAIRHURST,Cambodia,Full,RandomForest,3,0,0.03784235949982008,0
1057,PH0375-C,1044-PF-KH-FAIRHURST,Cambodia,Full,RandomForest,3,0,0.08802606010117542,0
1058,PH0376-C,1044-PF-KH-FAIRHURST,Cambodia,Full,RandomForest,3,0,0.014845313373939599,0
1059,PH0377-C,1044-PF-KH-FAIRHURST,Cambodia,Full,RandomForest,3,0,0.002997046125880482,0
1060,PH0378-C,1044-PF-KH-FAIRHURST,Cambodia,Full,RandomForest,3,0,0.04711143035747759,0
1061,PH0379-C,1044-PF-KH-FAIRHURST,Cambodia,Full,RandomForest,3,0,0.20694920873658584,0
1062,PH0380-C,1044-PF-KH-FAIRHURST,Cambodia,Full,RandomForest,3,0,0.026832710461544815,0
1063,PH0381-C,1044-PF-KH-FAIRHURST,Cambodia,Full,RandomForest,3,0,0.2590832852843265,0
1064,PH0382-C,1044-PF-KH-FAIRHURST,Cambodia,Full,RandomForest,3,0,0.02245424761170819,0
1065,PH0383-C,1044-PF-KH-FAIRHURST,Cambodia,Full,RandomForest,3,0,0.01847719775249263,0
1104,PH0453-C,1044-PF-KH-FAIRHURST,Cambodia,Full,RandomForest,3,0,0.2356040304275051,0
1105,PH0454-C,1044-PF-KH-FAIRHURST,Cambodia,Full,RandomForest,3,1,0.8051891928425491,1
1106,PH0455-C,1044-PF-KH-FAIRHURST,Cambodia,Full,RandomForest,3,1,0.24686740955248276,0
1107,PH0456-C,1044-PF-KH-FAIRHURST,Cambodia,Full,RandomForest,3,1,0.4408570934148736,0
1108,PH0457-CW,1044-PF-KH-FAIRHURST,Cambodia,Full,RandomForest,3,1,0.37952115450822954,0
1109,PH0458-CW,1044-PF-KH-FAIRHURST,Cambodia,Full,RandomForest,3,1,1.0,1
1110,PH0459-CW,1044-PF-KH-FAIRHURST,Cambodia,Full,RandomForest,3,1,0.19808602835751363,0
1111,PH0460-C,1044-PF-KH-FAIRHURST,Cambodia,Full,RandomForest,3,1,1.0,1
1112,PH0461-C,1044-PF-KH-FAIRHURST,Cambodia,Full,RandomForest,3,0,0.1897012460015892,0
1113,PH0462-C,1044-PF-KH-FAIRHURST,Cambodia,Full,RandomForest,3,0,0.26235313217134526,0
1114,PH0463-C,1044-PF-KH-FAIRHURST,Cambodia,Full,RandomForest,3,1,1.0,1
1115,PH0464-CW,1044-PF-KH-FAIRHURST,Cambodia,Full,RandomForest,3,0,0.3963456040070117,0
1116,PH0466-C,1044-PF-KH-FAIRHURST,Cambodia,Full,RandomForest,3,0,0.21147415338022515,0
1117,PH0467-CW,1044-PF-KH-FAIRHURST,Cambodia,Full,RandomForest,3,1,0.6250330567138946,1
1118,PH0468-C,1044-PF-KH-FAIRHURST,Cambodia,Full,RandomForest,3,0,0.3399034416835998,0
1119,PH0469-CW,1044-PF-KH-FAIRHURST,Cambodia,Full,RandomForest,3,1,0.38882688219381545,0
1120,PH0471-C,1044-PF-KH-FAIRHURST,Cambodia,Full,RandomForest,3,1,0.47125110166240936,0
1121,PH0472-C,1044-PF-KH-FAIRHURST,Cambodia,Full,RandomForest,3,1,0.9977394748423061,1
1122,PH0473-C,1044-PF-KH-FAIRHURST,Cambodia,Full,RandomForest,3,0,0.2588802667058312,0
1123,PH0474-CW,1044-PF-KH-FAIRHURST,Cambodia,Full,RandomForest,3,1,0.6190231079412212,1
1124,PH0475-C,1044-PF-KH-FAIRHURST,Cambodia,Full,RandomForest,3,1,0.383880592391977,0
1125,PH0476-C,1044-PF-KH-FAIRHURST,Cambodia,Full,RandomForest,3,1,0.4896764232033736,0
1126,PH0478-C,1044-PF-KH-FAIRHURST,Cambodia,Full,RandomForest,3,0,0.32402392852306927,0
1127,PH0479-CW,1044-PF-KH-FAIRHURST,Cambodia,Full,RandomForest,3,1,1.0,1
1128,PH0480-C,1044-PF-KH-FAIRHURST,Cambodia,Full,RandomForest,3,1,0.476292984397187,0
1129,PH0481-C,1044-PF-KH-FAIRHURST,Cambodia,Full,RandomForest,3,1,1.0,1
1130,PH0482-C,1044-PF-KH-FAIRHURST,Cambodia,Full,RandomForest,3,1,1.0,1
1131,PH0483-CW,1044-PF-KH-FAIRHURST,Cambodia,Full,RandomForest,3,0,0.3790593194337494,0
1132,PH0484-C,1044-PF-KH-FAIRHURST,Cambodia,Full,RandomForest,3,1,0.6713600941782694,1
1133,PH0485-C,1044-PF-KH-FAIRHURST,Cambodia,Full,RandomForest,3,1,0.6510274294176078,1
1134,PH0486-C,1044-PF-KH-FAIRHURST,Cambodia,Full,RandomForest,3,1,1.0,1
1135,PH0487-C,1044-PF-KH-FAIRHURST,Cambodia,Full,RandomForest,3,1,0.46553046044321195,0
1136,PH0488-C,1044-PF-KH-FAIRHURST,Cambodia,Full,RandomForest,3,0,0.6845043077161533,1
1137,PH0489-C,1044-PF-KH-FAIRHURST,Cambodia,Full,RandomForest,3,0,0.6448756747911394,1
1138,PH0490-C,1044-PF-KH-FAIRHURST,Cambodia,Full,RandomForest,3,1,0.43969783692511333,0
1139,PH0493-C,1044-PF-KH-FAIRHURST,Cambodia,Full,RandomForest,3,1,0.4134120321025165,0
1140,PH0494-CW,1044-PF-KH-FAIRHURST,Cambodia,Full,RandomForest,3,0,0.8285130243915971,1
1141,PH0495-CW,1044-PF-KH-FAIRHURST,Cambodia,Full,RandomForest,3,1,0.9454260208898303,1
1142,PH0496-CW,1044-PF-KH-FAIRHURST,Cambodia,Full,RandomForest,3,1,0.42595127715614334,0
1143,PH0497-C,1044-PF-KH-FAIRHURST,Cambodia,Full,RandomForest,3,1,0.8502415814530002,1
1144,PH0498-C,1044-PF-KH-FAIRHURST,Cambodia,Full,RandomForest,3,1,0.3288335974215631,0
1145,PH0499-CW,1044-PF-KH-FAIRHURST,Cambodia,Full,RandomForest,3,0,0.31550053959280316,0
1146,PH0500-CW,1044-PF-KH-FAIRHURST,Cambodia,Full,RandomForest,3,1,0.7479487748443691,1
1147,PH0501-CW,1044-PF-KH-FAIRHURST,Cambodia,Full,RandomForest,3,1,1.0,1
1489,PH0945-C,1044-PF-KH-FAIRHURST,Cambodia,Full,RandomForest,3,0,0.03646069424712641,0
1490,PH0952-CW,1044-PF-KH-FAIRHURST,Cambodia,Full,RandomForest,3,1,1.0,1
1491,PH0959-Cx,1044-PF-KH-FAIRHURST,Cambodia,Full,RandomForest,3,1,0.6846351328149157,1
1492,PH0961-Cx,1044-PF-KH-FAIRHURST,Cambodia,Full,RandomForest,3,1,0.6422959402261208,1
1493,PH0962-C,1044-PF-KH-FAIRHURST,Cambodia,Full,RandomForest,3,1,0.9830425863161127,1
1494,PH0964-Cx,1044-PF-KH-FAIRHURST,Cambodia,Full,RandomForest,3,1,0.3036232299313782,0
1495,PH0966-Cx,1044-PF-KH-FAIRHURST,Cambodia,Full,RandomForest,3,1,0.844521098360859,1
1496,PH0968-C,1044-PF-KH-FAIRHURST,Cambodia,Full,RandomForest,3,0,0.007841328466218576,0
1497,PH0970-C,1044-PF-KH-FAIRHURST,Cambodia,Full,RandomForest,3,0,0.007841328466218576,0
1498,PH0971-C,1044-PF-KH-FAIRHURST,Cambodia,Full,RandomForest,3,0,0.0,0
1499,PH0973-C,1044-PF-KH-FAIRHURST,Cambodia,Full,RandomForest,3,1,0.10130869006619132,0
1500,PH0974-Cx,1044-PF-KH-FAIRHURST,Cambodia,Full,RandomForest,3,1,0.07375452396577731,0
1521,PH1015-C,1044-PF-KH-FAIRHURST,Cambodia,Full,RandomForest,3,1,1.0,1
1522,PH1023-C,1044-PF-KH-FAIRHURST,Cambodia,Full,RandomForest,3,0,0.5967620115905817,1
1523,PH1025-C,1044-PF-KH-FAIRHURST,Cambodia,Full,RandomForest,3,1,0.9830425863161127,1
1524,PH1027-C,1044-PF-KH-FAIRHURST,Cambodia,Full,RandomForest,3,0,0.1623245871953635,0
1525,PH1032-C,1044-PF-KH-FAIRHURST,Cambodia,Full,RandomForest,3,0,0.004611888111888111,0
1526,PH1037-C,1044-PF-KH-FAIRHURST,Cambodia,Full,RandomForest,3,1,0.8563300905382922,1
1527,PH1043-C,1044-PF-KH-FAIRHURST,Cambodia,Full,RandomForest,3,0,0.10343274527740054,0
1528,PH1045-C,1044-PF-KH-FAIRHURST,Cambodia,Full,RandomForest,3,0,0.3420705400614756,0
1529,PH1051-C,1044-PF-KH-FAIRHURST,Cambodia,Full,RandomForest,3,1,0.581774223808117,1
1530,PH1058-C,1044-PF-KH-FAIRHURST,Cambodia,Full,RandomForest,3,0,0.0,0
1531,PH1065-C,1044-PF-KH-FAIRHURST,Cambodia,Full,RandomForest,3,0,0.04010012926543219,0
1532,PH1068-C,1044-PF-KH-FAIRHURST,Cambodia,Full,RandomForest,3,0,0.0,0
1533,PH1069-C,1044-PF-KH-FAIRHURST,Cambodia,Full,RandomForest,3,0,0.015217868475537187,0
1534,PH1071-C,1044-PF-KH-FAIRHURST,Cambodia,Full,RandomForest,3,0,0.13381029241235423,0
1535,PH1073-C,1044-PF-KH-FAIRHURST,Cambodia,Full,RandomForest,3,0,0.006312514955731036,0
1536,PH1085-C,1044-PF-KH-FAIRHURST,Cambodia,Full,RandomForest,3,0,0.18232458719536349,0
1537,PH1086-C,1044-PF-KH-FAIRHURST,Cambodia,Full,RandomForest,3,1,0.9432030655284531,1
1538,PH1088-C,1044-PF-KH-FAIRHURST,Cambodia,Full,RandomForest,3,1,0.3241492631881275,0
1539,PH1092-C,1044-PF-KH-FAIRHURST,Cambodia,Full,RandomForest,3,0,0.32829843167053957,0
1540,PH1097-C,1044-PF-KH-FAIRHURST,Cambodia,Full,RandomForest,3,0,0.33745865194958746,0
1541,PH1105-C,1044-PF-KH-FAIRHURST,Cambodia,Full,RandomForest,3,0,0.0,0
1542,PH1106-C,1044-PF-KH-FAIRHURST,Cambodia,Full,RandomForest,3,0,0.023743102822366007,0
1546,PH1145-C,1044-PF-KH-FAIRHURST,Cambodia,Full,RandomForest,3,0,0.14757815612524275,0
1547,PH1147-C,1044-PF-KH-FAIRHURST,Cambodia,Full,RandomForest,3,0,0.0,0
1548,PH1148-C,1044-PF-KH-FAIRHURST,Cambodia,Full,RandomForest,3,1,1.0,1
1549,PH1150-C,1044-PF-KH-FAIRHURST,Cambodia,Full,RandomForest,3,0,0.0884141052423974,0
1550,PH1152-C,1044-PF-KH-FAIRHURST,Cambodia,Full,RandomForest,3,1,0.7804720917702709,1
1551,PH1153-C,1044-PF-KH-FAIRHURST,Cambodia,Full,RandomForest,3,0,0.0,0
1552,PH1155-C,1044-PF-KH-FAIRHURST,Cambodia,Full,RandomForest,3,1,1.0,1
1553,PH1158-C,1044-PF-KH-FAIRHURST,Cambodia,Full,RandomForest,3,1,0.8481896869153718,1
1554,PH1159-C,1044-PF-KH-FAIRHURST,Cambodia,Full,RandomForest,3,0,0.0,0
1555,PH1162-C,1044-PF-KH-FAIRHURST,Cambodia,Full,RandomForest,3,1,1.0,1
1556,PH1163-C,1044-PF-KH-FAIRHURST,Cambodia,Full,RandomForest,3,0,0.004611888111888111,0
1557,PH1164-C,1044-PF-KH-FAIRHURST,Cambodia,Full,RandomForest,3,0,0.0,0
1558,PH1165-C,1044-PF-KH-FAIRHURST,Cambodia,Full,RandomForest,3,0,0.31753999200372357,0
1559,PH1168-C,1044-PF-KH-FAIRHURST,Cambodia,Full,RandomForest,3,0,0.1274292538869482,0
1560,PH1169-C,1044-PF-KH-FAIRHURST,Cambodia,Full,RandomForest,3,0,0.2527141775509539,0
1561,PH1170-C,1044-PF-KH-FAIRHURST,Cambodia,Full,RandomForest,3,0,0.11046554695627026,0
1562,PH1172-C,1044-PF-KH-FAIRHURST,Cambodia,Full,RandomForest,3,0,0.14313632323725287,0
1563,PH1173-C,1044-PF-KH-FAIRHURST,Cambodia,Full,RandomForest,3,1,0.9828568846110506,1
1564,PH1175-C,1044-PF-KH-FAIRHURST,Cambodia,Full,RandomForest,3,1,0.9828568846110506,1
1565,PH1183-C,1044-PF-KH-FAIRHURST,Cambodia,Full,RandomForest,3,1,0.9439598796061542,1
1566,PH1186-C,1044-PF-KH-FAIRHURST,Cambodia,Full,RandomForest,3,1,1.0,1
1567,PH1187-C,1044-PF-KH-FAIRHURST,Cambodia,Full,RandomForest,3,1,1.0,1
1568,PH1188-C,1044-PF-KH-FAIRHURST,Cambodia,Full,RandomForest,3,0,0.2906407026484329,0
1569,PH1189-C,1044-PF-KH-FAIRHURST,Cambodia,Full,RandomForest,3,0,0.9631116404860781,1
1570,PH1190-C,1044-PF-KH-FAIRHURST,Cambodia,Full,RandomForest,3,1,0.8029301268809859,1
1571,PH1191-C,1044-PF-KH-FAIRHURST,Cambodia,Full,RandomForest,3,0,0.4201436984045453,0
1572,PH1192-C,1044-PF-KH-FAIRHURST,Cambodia,Full,RandomForest,3,1,1.0,1
1573,PH1195-C,1044-PF-KH-FAIRHURST,Cambodia,Full,RandomForest,3,1,0.9620273980627227,1
1574,PH1197-C,1044-PF-KH-FAIRHURST,Cambodia,Full,RandomForest,3,0,0.5868668581821828,1
1575,PH1198-C,1044-PF-KH-FAIRHURST,Cambodia,Full,RandomForest,3,1,0.9430655556035196,1
1576,PH1200-C,1044-PF-KH-FAIRHURST,Cambodia,Full,RandomForest,3,1,0.9547911133392003,1
1577,PH1201-C,1044-PF-KH-FAIRHURST,Cambodia,Full,RandomForest,3,1,0.9881059488692233,1
1578,PH1202-C,1044-PF-KH-FAIRHURST,Cambodia,Full,RandomForest,3,1,1.0,1
1579,PH1203-C,1044-PF-KH-FAIRHURST,Cambodia,Full,RandomForest,3,1,0.9633141964344679,1
1580,PH1205-C,1044-PF-KH-FAIRHURST,Cambodia,Full,RandomForest,3,0,0.7754099546423793,1
1581,PH1206-C,1044-PF-KH-FAIRHURST,Cambodia,Full,RandomForest,3,1,0.9839214491934996,1
1582,PH1208-C,1044-PF-KH-FAIRHURST,Cambodia,Full,RandomForest,3,1,0.5733040362690055,1
1583,PH1209-C,1044-PF-KH-FAIRHURST,Cambodia,Full,RandomForest,3,1,0.9927178369811114,1
1584,PH1211-C,1044-PF-KH-FAIRHURST,Cambodia,Full,RandomForest,3,1,0.7147533251677338,1
1585,PH1216-C,1044-PF-KH-FAIRHURST,Cambodia,Full,RandomForest,3,1,0.9633141964344679,1
1586,PH1217-C,1044-PF-KH-FAIRHURST,Cambodia,Full,RandomForest,3,1,0.9424090026161696,1
1587,PH1218-C,1044-PF-KH-FAIRHURST,Cambodia,Full,RandomForest,3,0,0.545939459206401,1
1588,PH1220-C,1044-PF-KH-FAIRHURST,Cambodia,Full,RandomForest,3,0,0.35043275949124864,0
1589,PH1223-C,1044-PF-KH-FAIRHURST,Cambodia,Full,RandomForest,3,1,0.9858454237115292,1
1590,PH1224-C,1044-PF-KH-FAIRHURST,Cambodia,Full,RandomForest,3,1,0.9858454237115292,1
1591,PH1229-C,1044-PF-KH-FAIRHURST,Cambodia,Full,RandomForest,3,1,1.0,1
1592,PH1234-C,1044-PF-KH-FAIRHURST,Cambodia,Full,RandomForest,3,1,1.0,1
1593,PH1236-C,1044-PF-KH-FAIRHURST,Cambodia,Full,RandomForest,3,1,1.0,1
1594,PH1251-C,1044-PF-KH-FAIRHURST,Cambodia,Full,RandomForest,3,1,0.9709784502832534,1
1595,PH1252-C,1044-PF-KH-FAIRHURST,Cambodia,Full,RandomForest,3,1,0.9828568846110506,1
1596,PH1253-C,1044-PF-KH-FAIRHURST,Cambodia,Full,RandomForest,3,1,0.7018134985919324,1
1597,PH1289-C,1044-PF-KH-FAIRHURST,Cambodia,Full,RandomForest,3,0,0.21553571372116437,0
1598,PH1297-C,1044-PF-KH-FAIRHURST,Cambodia,Full,RandomForest,3,0,0.0,0
1599,PH1299-C,1044-PF-KH-FAIRHURST,Cambodia,Full,RandomForest,3,0,0.01743058786663497,0
1600,PH1300-C,1044-PF-KH-FAIRHURST,Cambodia,Full,RandomForest,3,0,0.12822277465838952,0
1601,PH1304-C,1044-PF-KH-FAIRHURST,Cambodia,Full,RandomForest,3,0,0.005860350014396394,0
1602,PH1305-C,1044-PF-KH-FAIRHURST,Cambodia,Full,RandomForest,3,0,0.034004873422066526,0
1603,PH1309-C,1044-PF-KH-FAIRHURST,Cambodia,Full,RandomForest,3,0,0.11718886121868632,0
1604,PH1310-C,1044-PF-KH-FAIRHURST,Cambodia,Full,RandomForest,3,0,0.0,0
1605,PH1313-C,1044-PF-KH-FAIRHURST,Cambodia,Full,RandomForest,3,1,1.0,1
1606,PH1316-C,1044-PF-KH-FAIRHURST,Cambodia,Full,RandomForest,3,0,0.3091723454964765,0
1607,PH1317-C,1044-PF-KH-FAIRHURST,Cambodia,Full,RandomForest,3,0,0.0,0
1608,PH1318-C,1044-PF-KH-FAIRHURST,Cambodia,Full,RandomForest,3,0,0.2740366282468503,0
1609,PH1319-C,1044-PF-KH-FAIRHURST,Cambodia,Full,RandomForest,3,0,0.0,0
1610,PH1336-C,1044-PF-KH-FAIRHURST,Cambodia,Full,RandomForest,3,1,1.0,1
1611,PH1337-C,1044-PF-KH-FAIRHURST,Cambodia,Full,RandomForest,3,1,0.7965632352682603,1
1612,PH1338-C,1044-PF-KH-FAIRHURST,Cambodia,Full,RandomForest,3,1,0.8706830446750619,1
1613,PH1339-C,1044-PF-KH-FAIRHURST,Cambodia,Full,RandomForest,3,1,0.9858454237115292,1
1614,PH1341-C,1044-PF-KH-FAIRHURST,Cambodia,Full,RandomForest,3,1,0.6318690658620679,1
1615,PH1343-C,1044-PF-KH-FAIRHURST,Cambodia,Full,RandomForest,3,1,1.0,1
1616,PH1351-C,1044-PF-KH-FAIRHURST,Cambodia,Full,RandomForest,3,1,1.0,1
1617,PH1354-C,1044-PF-KH-FAIRHURST,Cambodia,Full,RandomForest,3,1,0.9830425863161127,1
1618,PH1355-C,1044-PF-KH-FAIRHURST,Cambodia,Full,RandomForest,3,1,1.0,1
1619,PH1357-C,1044-PF-KH-FAIRHURST,Cambodia,Full,RandomForest,3,1,0.480803915979547,0
1620,PH1358-C,1044-PF-KH-FAIRHURST,Cambodia,Full,RandomForest,3,1,0.5128447533016943,1
1621,PH1360-C,1044-PF-KH-FAIRHURST,Cambodia,Full,RandomForest,3,1,0.8404000429142553,1
1622,PH1368-C,1044-PF-KH-FAIRHURST,Cambodia,Full,RandomForest,3,1,1.0,1
1623,PH1373-C,1044-PF-KH-FAIRHURST,Cambodia,Full,RandomForest,3,1,1.0,1
1624,PH1377-C,1044-PF-KH-FAIRHURST,Cambodia,Full,RandomForest,3,1,0.9687023083225799,1
1625,PH1378-C,1044-PF-KH-FAIRHURST,Cambodia,Full,RandomForest,3,1,0.9438897115512985,1
1626,PH1379-C,1044-PF-KH-FAIRHURST,Cambodia,Full,RandomForest,3,1,0.9881059488692233,1
1627,PH1384-C,1044-PF-KH-FAIRHURST,Cambodia,Full,RandomForest,3,1,1.0,1
1628,PH1387-C,1044-PF-KH-FAIRHURST,Cambodia,Full,RandomForest,3,1,1.0,1
1629,PH1390-C,1044-PF-KH-FAIRHURST,Cambodia,Full,RandomForest,3,1,0.9687023083225799,1
1630,PH1391-C,1044-PF-KH-FAIRHURST,Cambodia,Full,RandomForest,3,1,0.6297055906893513,1
1631,PH1393-C,1044-PF-KH-FAIRHURST,Cambodia,Full,RandomForest,3,0,0.6078802604677578,1
1632,PH1394-C,1044-PF-KH-FAIRHURST,Cambodia,Full,RandomForest,3,1,0.5101211457829937,1
1633,PH1395-C,1044-PF-KH-FAIRHURST,Cambodia,Full,RandomForest,3,0,0.4391370412670223,0
1634,PH1396-C,1044-PF-KH-FAIRHURST,Cambodia,Full,RandomForest,3,1,0.9850691999353054,1
1635,PH1397-C,1044-PF-KH-FAIRHURST,Cambodia,Full,RandomForest,3,1,1.0,1
1636,PH1398-C,1044-PF-KH-FAIRHURST,Cambodia,Full,RandomForest,3,1,0.934041063045576,1
1637,PH1399-C,1044-PF-KH-FAIRHURST,Cambodia,Full,RandomForest,3,1,0.9881059488692233,1
1638,PH1402-C,1044-PF-KH-FAIRHURST,Cambodia,Full,RandomForest,3,1,0.7899290479632747,1
1639,PH1407-C,1044-PF-KH-FAIRHURST,Cambodia,Full,RandomForest,3,1,0.9353685952589601,1
1640,PH1411-C,1044-PF-KH-FAIRHURST,Cambodia,Full,RandomForest,3,1,0.8081160420641673,1
1641,PH1419-C,1044-PF-KH-FAIRHURST,Cambodia,Full,RandomForest,3,1,1.0,1
1642,PH1422-C,1044-PF-KH-FAIRHURST,Cambodia,Full,RandomForest,3,1,0.6731710125374846,1
1643,PH1439-C,1044-PF-KH-FAIRHURST,Cambodia,Full,RandomForest,3,1,0.7600157888846646,1
1644,PH1443-C,1044-PF-KH-FAIRHURST,Cambodia,Full,RandomForest,3,1,0.8081160420641673,1
1645,PH1449-C,1044-PF-KH-FAIRHURST,Cambodia,Full,RandomForest,3,1,0.7670306802404674,1
1646,PH1453-C,1044-PF-KH-FAIRHURST,Cambodia,Full,RandomForest,3,0,0.6681014510122334,1
1647,PH1454-C,1044-PF-KH-FAIRHURST,Cambodia,Full,RandomForest,3,1,1.0,1
1648,PH1477-C,1044-PF-KH-FAIRHURST,Cambodia,Full,RandomForest,3,1,1.0,1
1649,PH1482-C,1044-PF-KH-FAIRHURST,Cambodia,Full,RandomForest,3,0,1.0,1
1650,PH1484-C,1044-PF-KH-FAIRHURST,Cambodia,Full,RandomForest,3,1,1.0,1
1651,PH1486-C,1044-PF-KH-FAIRHURST,Cambodia,Full,RandomForest,3,1,0.9059972620198415,1
1652,PH1487-C,1044-PF-KH-FAIRHURST,Cambodia,Full,RandomForest,3,1,1.0,1
1653,PH1488-C,1044-PF-KH-FAIRHURST,Cambodia,Full,RandomForest,3,1,0.9881059488692233,1
1654,PH1489-C,1044-PF-KH-FAIRHURST,Cambodia,Full,RandomForest,3,1,0.8128201435901323,1
1655,PH1490-C,1044-PF-KH-FAIRHURST,Cambodia,Full,RandomForest,3,0,0.6505788424060301,1
1656,PH1491-C,1044-PF-KH-FAIRHURST,Cambodia,Full,RandomForest,3,1,0.9207615745704659,1
1657,PH1492-C,1044-PF-KH-FAIRHURST,Cambodia,Full,RandomForest,3,1,0.6282819796881431,1
1658,PH1493-C,1044-PF-KH-FAIRHURST,Cambodia,Full,RandomForest,3,1,0.9782449964991626,1
1659,PH1494-C,1044-PF-KH-FAIRHURST,Cambodia,Full,RandomForest,3,0,1.0,1
1660,PH1495-C,1044-PF-KH-FAIRHURST,Cambodia,Full,RandomForest,3,1,0.9471235987597975,1
1661,PH1497-C,1044-PF-KH-FAIRHURST,Cambodia,Full,RandomForest,3,1,1.0,1
1662,PH1498-C,1044-PF-KH-FAIRHURST,Cambodia,Full,RandomForest,3,1,0.8365620052913957,1
1663,PH1499-C,1044-PF-KH-FAIRHURST,Cambodia,Full,RandomForest,3,1,1.0,1
1664,PH1500-C,1044-PF-KH-FAIRHURST,Cambodia,Full,RandomForest,3,1,0.9881059488692233,1
1665,PH1501-C,1044-PF-KH-FAIRHURST,Cambodia,Full,RandomForest,3,1,1.0,1
1666,PH1502-C,1044-PF-KH-FAIRHURST,Cambodia,Full,RandomForest,3,1,0.99,1
1667,PH1504-C,1044-PF-KH-FAIRHURST,Cambodia,Full,RandomForest,3,1,1.0,1
1668,PH1506-C,1044-PF-KH-FAIRHURST,Cambodia,Full,RandomForest,3,1,1.0,1
1669,PH1519-C,1044-PF-KH-FAIRHURST,Cambodia,Full,RandomForest,3,1,1.0,1
1670,PH1529-C,1044-PF-KH-FAIRHURST,Cambodia,Full,RandomForest,3,1,1.0,1
1671,PH1562-C,1044-PF-KH-FAIRHURST,Cambodia,Full,RandomForest,3,1,1.0,1
1672,PH1564-C,1044-PF-KH-FAIRHURST,Cambodia,Full,RandomForest,3,1,0.784462595133736,1
1673,PH1565-C,1044-PF-KH-FAIRHURST,Cambodia,Full,RandomForest,3,1,1.0,1
1674,PH1566-C,1044-PF-KH-FAIRHURST,Cambodia,Full,RandomForest,3,0,0.0,0
1675,PH1567-C,1044-PF-KH-FAIRHURST,Cambodia,Full,RandomForest,3,1,1.0,1
1676,PH1568-C,1044-PF-KH-FAIRHURST,Cambodia,Full,RandomForest,3,1,1.0,1
1677,PH1570-C,1044-PF-KH-FAIRHURST,Cambodia,Full,RandomForest,3,0,0.40010940980235477,0
1678,PH1571-C,1044-PF-KH-FAIRHURST,Cambodia,Full,RandomForest,3,1,0.9207615745704659,1
1679,PH1575-C,1044-PF-KH-FAIRHURST,Cambodia,Full,RandomForest,3,0,0.0,0
1680,PH1577-C,1044-PF-KH-FAIRHURST,Cambodia,Full,RandomForest,3,0,0.0,0
1681,PH1578-C,1044-PF-KH-FAIRHURST,Cambodia,Full,RandomForest,3,0,0.0,0
1682,PH1580-C,1044-PF-KH-FAIRHURST,Cambodia,Full,RandomForest,3,0,0.030379787400912593,0
1683,PH1587-C,1044-PF-KH-FAIRHURST,Cambodia,Full,RandomForest,3,0,0.017831141911610487,0
1684,PH1589-C,1044-PF-KH-FAIRHURST,Cambodia,Full,RandomForest,3,0,0.017608934237768593,0
1685,PH1594-C,1044-PF-KH-FAIRHURST,Cambodia,Full,RandomForest,3,0,0.004611888111888111,0
1686,PH1596-C,1044-PF-KH-FAIRHURST,Cambodia,Full,RandomForest,3,0,0.03752116088729276,0
1687,PH1597-C,1044-PF-KH-FAIRHURST,Cambodia,Full,RandomForest,3,0,0.0,0
1688,PH1602-C,1044-PF-KH-FAIRHURST,Cambodia,Full,RandomForest,3,0,0.016784753082015543,0
1689,PH1604-C,1044-PF-KH-FAIRHURST,Cambodia,Full,RandomForest,3,1,0.8850293103904717,1
1690,PH1611-C,1044-PF-KH-FAIRHURST,Cambodia,Full,RandomForest,3,0,0.08936923594249027,0
1691,PH1614-C,1044-PF-KH-FAIRHURST,Cambodia,Full,RandomForest,3,1,0.45870271069677976,0
1692,PH1615-C,1044-PF-KH-FAIRHURST,Cambodia,Full,RandomForest,3,0,0.6404091347241518,1
1693,PH1616-C,1044-PF-KH-FAIRHURST,Cambodia,Full,RandomForest,3,0,0.01046478781521779,0
1694,PH1623-C,1044-PF-KH-FAIRHURST,Cambodia,Full,RandomForest,3,0,0.0,0
1695,PH1624-C,1044-PF-KH-FAIRHURST,Cambodia,Full,RandomForest,3,0,0.08461188811188812,0
1696,PH1626-C,1044-PF-KH-FAIRHURST,Cambodia,Full,RandomForest,3,0,0.009309561081611517,0
1697,PH1628-C,1044-PF-KH-FAIRHURST,Cambodia,Full,RandomForest,3,0,0.005860350014396394,0
1698,PH1630-C,1044-PF-KH-FAIRHURST,Cambodia,Full,RandomForest,3,0,0.0172275706511177,0
1699,PH1634-C,1044-PF-KH-FAIRHURST,Cambodia,Full,RandomForest,3,0,0.10332608688007411,0
1700,PH1636-C,1044-PF-KH-FAIRHURST,Cambodia,Full,RandomForest,3,0,0.0,0
1701,PH1638-C,1044-PF-KH-FAIRHURST,Cambodia,Full,RandomForest,3,0,0.0542001690894324,0
1702,PH1639-C,1044-PF-KH-FAIRHURST,Cambodia,Full,RandomForest,3,0,0.0425243116803154,0
1703,PH1643-C,1044-PF-KH-FAIRHURST,Cambodia,Full,RandomForest,3,0,0.0,0
1704,PH1668-CW2,1044-PF-KH-FAIRHURST,Cambodia,Full,RandomForest,3,0,0.9817390572564978,1
1705,PH1669-CW2,1044-PF-KH-FAIRHURST,Cambodia,Full,RandomForest,3,1,0.8281704187211618,1
1706,PH1670-CW2,1044-PF-KH-FAIRHURST,Cambodia,Full,RandomForest,3,1,0.4915488983062506,0
1707,PH1671-CW2,1044-PF-KH-FAIRHURST,Cambodia,Full,RandomForest,3,1,1.0,1
1708,PH1674-CW2,1044-PF-KH-FAIRHURST,Cambodia,Full,RandomForest,3,1,0.8594862360515768,1
1709,PH1675-CW2,1044-PF-KH-FAIRHURST,Cambodia,Full,RandomForest,3,1,0.9323013345111009,1
1710,PH1676-CW2,1044-PF-KH-FAIRHURST,Cambodia,Full,RandomForest,3,1,0.9392637771988939,1
1711,PH1677-CW2,1044-PF-KH-FAIRHURST,Cambodia,Full,RandomForest,3,1,0.9833610119924694,1
1712,PH1692-CW,1044-PF-KH-FAIRHURST,Cambodia,Full,RandomForest,3,1,1.0,1
1713,PH1708-C,1195-PF-TRAC2-DONDORP,Cambodia,Full,RandomForest,3,1,0.974611888111888,1
1714,PH1709-C,1195-PF-TRAC2-DONDORP,Cambodia,Full,RandomForest,3,1,0.9704673894112821,1
1715,PH1710-C,1195-PF-TRAC2-DONDORP,Cambodia,Full,RandomForest,3,1,0.9674703432854017,1
1716,PH1711-C,1195-PF-TRAC2-DONDORP,Cambodia,Full,RandomForest,3,1,0.9574306404773643,1
1717,PH1712-C,1195-PF-TRAC2-DONDORP,Cambodia,Full,RandomForest,3,1,0.5331734858634785,1
1718,PH1713-C,1195-PF-TRAC2-DONDORP,Cambodia,Full,RandomForest,3,1,0.6003411856070116,1
1719,PH1715-C,1195-PF-TRAC2-DONDORP,Cambodia,Full,RandomForest,3,1,0.9687667625674391,1
1720,PH1716-C,1195-PF-TRAC2-DONDORP,Cambodia,Full,RandomForest,3,1,0.9567874654660062,1
1721,PH1717-C,1195-PF-TRAC2-DONDORP,Cambodia,Full,RandomForest,3,1,0.9320372349304887,1
1722,PH1718-C,1195-PF-TRAC2-DONDORP,Cambodia,Full,RandomForest,3,1,0.979542986343663,1
1723,PH1719-C,1195-PF-TRAC2-DONDORP,Cambodia,Full,RandomForest,3,1,0.979542986343663,1
1724,PH1720-C,1195-PF-TRAC2-DONDORP,Cambodia,Full,RandomForest,3,1,0.979542986343663,1
1725,PH1721-C,1195-PF-TRAC2-DONDORP,Cambodia,Full,RandomForest,3,1,0.9504205738532806,1
1726,PH1723-C,1195-PF-TRAC2-DONDORP,Cambodia,Full,RandomForest,3,1,0.9839214491934996,1
1727,PH1729-C,1195-PF-TRAC2-DONDORP,Cambodia,Full,RandomForest,3,1,0.9513993535778943,1
1728,PH1730-C,1195-PF-TRAC2-DONDORP,Cambodia,Full,RandomForest,3,1,0.9839214491934996,1
1729,PH1731-C,1195-PF-TRAC2-DONDORP,Cambodia,Full,RandomForest,3,1,0.9839214491934996,1
1730,PH1732-C,1195-PF-TRAC2-DONDORP,Cambodia,Full,RandomForest,3,1,0.9839214491934996,1
1731,PH1733-C,1195-PF-TRAC2-DONDORP,Cambodia,Full,RandomForest,3,1,0.9839214491934996,1
1732,PH1734-C,1195-PF-TRAC2-DONDORP,Cambodia,Full,RandomForest,3,0,0.060371739383787516,0
1733,PH1735-C,1195-PF-TRAC2-DONDORP,Cambodia,Full,RandomForest,3,1,0.4650547797754389,0
1734,PH1737-C,1195-PF-TRAC2-DONDORP,Cambodia,Full,RandomForest,3,0,0.7174070200460332,1
1735,PH1738-C,1195-PF-TRAC2-DONDORP,Cambodia,Full,RandomForest,3,1,0.9784407757920894,1
1736,PH1741-C,1195-PF-TRAC2-DONDORP,Cambodia,Full,RandomForest,3,1,0.9504205738532806,1
1737,PH1742-C,1195-PF-TRAC2-DONDORP,Cambodia,Full,RandomForest,3,1,0.9839214491934996,1
1738,PH1743-C,1195-PF-TRAC2-DONDORP,Cambodia,Full,RandomForest,3,1,0.9458086857413925,1
1739,PH1744-C,1195-PF-TRAC2-DONDORP,Cambodia,Full,RandomForest,3,1,0.9602734262371692,1
1740,PH1745-C,1195-PF-TRAC2-DONDORP,Cambodia,Full,RandomForest,3,0,0.9731452254172757,1
1741,PH1746-C,1195-PF-TRAC2-DONDORP,Cambodia,Full,RandomForest,3,1,0.9665880499368563,1
1742,PH1747-C,1195-PF-TRAC2-DONDORP,Cambodia,Full,RandomForest,3,1,0.9511967976295044,1
1743,PH1748-C,1195-PF-TRAC2-DONDORP,Cambodia,Full,RandomForest,3,1,0.5588866364904024,1
1744,PH1749-C,1195-PF-TRAC2-DONDORP,Cambodia,Full,RandomForest,3,1,1.0,1
1745,PH1750-C,1195-PF-TRAC2-DONDORP,Cambodia,Full,RandomForest,3,1,0.9386411946820755,1
1746,PH1752-C,1195-PF-TRAC2-DONDORP,Cambodia,Full,RandomForest,3,1,0.9731452254172757,1
1747,PH1754-C,1195-PF-TRAC2-DONDORP,Cambodia,Full,RandomForest,3,0,0.4871469370616499,0
1748,PH1756-C,1195-PF-TRAC2-DONDORP,Cambodia,Full,RandomForest,3,1,0.9839214491934996,1
1749,PH1759-C,1195-PF-TRAC2-DONDORP,Cambodia,Full,RandomForest,3,1,0.9839214491934996,1
1750,PH1760-C,1195-PF-TRAC2-DONDORP,Cambodia,Full,RandomForest,3,1,0.9612436131875061,1
1751,PH1764-C,1195-PF-TRAC2-DONDORP,Cambodia,Full,RandomForest,3,1,0.9839214491934996,1
1752,PH1765-C,1195-PF-TRAC2-DONDORP,Cambodia,Full,RandomForest,3,1,0.9839214491934996,1
1753,PH1766-C,1195-PF-TRAC2-DONDORP,Cambodia,Full,RandomForest,3,1,0.979542986343663,1
1754,PH1767-C,1195-PF-TRAC2-DONDORP,Cambodia,Full,RandomForest,3,1,0.9467874654660062,1
1755,PH1768-C,1195-PF-TRAC2-DONDORP,Cambodia,Full,RandomForest,3,1,0.6910349899674907,1
1775,PV0080-C,1008-PF-SEA-RINGWALD,Vietnam,Full,RandomForest,3,0,0.02945720148582771,0
1776,PV0081-C,1008-PF-SEA-RINGWALD,Vietnam,Full,RandomForest,3,1,0.8599894928507577,1
1777,PV0082-C,1008-PF-SEA-RINGWALD,Vietnam,Full,RandomForest,3,0,0.02945720148582771,0
1778,PV0083-C,1008-PF-SEA-RINGWALD,Vietnam,Full,RandomForest,3,1,0.582006839343146,1
1779,PV0084-C,1008-PF-SEA-RINGWALD,Vietnam,Full,RandomForest,3,0,0.019309561081611516,0
1780,PV0085-C,1008-PF-SEA-RINGWALD,Vietnam,Full,RandomForest,3,1,0.10525084267358244,0
1781,PV0086-C,1008-PF-SEA-RINGWALD,Vietnam,Full,RandomForest,3,0,0.02236797060745057,0
1782,PV0087-C,1008-PF-SEA-RINGWALD,Vietnam,Full,RandomForest,3,0,0.02236797060745057,0
1783,PV0088-C,1008-PF-SEA-RINGWALD,Vietnam,Full,RandomForest,3,1,0.0969799530530506,0
1784,PV0089-C,1008-PF-SEA-RINGWALD,Vietnam,Full,RandomForest,3,0,0.02153038343126822,0
1785,PV0091-C,1008-PF-SEA-RINGWALD,Vietnam,Full,RandomForest,3,1,0.5109348838115051,1
1786,PV0092-C,1008-PF-SEA-RINGWALD,Vietnam,Full,RandomForest,3,0,0.09065885453614403,0
1787,PV0093-C,1008-PF-SEA-RINGWALD,Vietnam,Full,RandomForest,3,1,0.505113295982785,1
1788,PV0094-C,1008-PF-SEA-RINGWALD,Vietnam,Full,RandomForest,3,0,0.09065885453614403,0
1789,PV0097-C,1008-PF-SEA-RINGWALD,Vietnam,Full,RandomForest,3,0,0.11135332607749195,0
1790,PV0098-C,1008-PF-SEA-RINGWALD,Vietnam,Full,RandomForest,3,0,0.08236978905696878,0
1791,PV0099-C,1008-PF-SEA-RINGWALD,Vietnam,Full,RandomForest,3,0,0.14474484028244713,0
1792,PV0100-C,1008-PF-SEA-RINGWALD,Vietnam,Full,RandomForest,3,0,0.06818365347303272,0
1793,PV0101-C,1008-PF-SEA-RINGWALD,Vietnam,Full,RandomForest,3,1,0.10525084267358244,0
1794,PV0102-C,1008-PF-SEA-RINGWALD,Vietnam,Full,RandomForest,3,1,0.06403068096083814,0
1795,PV0109-C,1008-PF-SEA-RINGWALD,Vietnam,Full,RandomForest,3,0,0.019414065234245492,0
1796,PV0110-C,1008-PF-SEA-RINGWALD,Vietnam,Full,RandomForest,3,0,0.03911334417941858,0
1797,PV0112-C,1008-PF-SEA-RINGWALD,Vietnam,Full,RandomForest,3,0,0.11135332607749195,0
1798,PV0113-C,1008-PF-SEA-RINGWALD,Vietnam,Full,RandomForest,3,0,0.039658037715796374,0
1799,PV0115-C,1008-PF-SEA-RINGWALD,Vietnam,Full,RandomForest,3,1,0.03964749049629698,0
1800,PV0117-C,1008-PF-SEA-RINGWALD,Vietnam,Full,RandomForest,3,0,0.03600249337899644,0
1801,PV0120-C,1008-PF-SEA-RINGWALD,Vietnam,Full,RandomForest,3,0,0.19687152250495443,0
1802,PV0122-C,1008-PF-SEA-RINGWALD,Vietnam,Full,RandomForest,3,1,0.4541243553528179,0
1803,PV0125-C,1008-PF-SEA-RINGWALD,Vietnam,Full,RandomForest,3,1,0.6350789964616443,1
1804,PV0126-C,1008-PF-SEA-RINGWALD,Vietnam,Full,RandomForest,3,0,0.2567728466500241,0
1805,PV0127-C,1008-PF-SEA-RINGWALD,Vietnam,Full,RandomForest,3,0,0.02144459857343293,0
1806,PV0128-C,1008-PF-SEA-RINGWALD,Vietnam,Full,RandomForest,3,1,0.5920068393431461,1
1807,PV0129-C,1008-PF-SEA-RINGWALD,Vietnam,Full,RandomForest,3,0,0.10810429462489854,0
1808,PV0130-C,1008-PF-SEA-RINGWALD,Vietnam,Full,RandomForest,3,1,0.6404671083497562,1
1809,PV0132-C,1008-PF-SEA-RINGWALD,Vietnam,Full,RandomForest,3,0,0.12100334407805662,0
1810,PV0133-C,1008-PF-SEA-RINGWALD,Vietnam,Full,RandomForest,3,0,0.0580613401458992,0
1811,PV0134-C,1008-PF-SEA-RINGWALD,Vietnam,Full,RandomForest,3,0,0.11456567515057978,0
1812,PV0135-C,1008-PF-SEA-RINGWALD,Vietnam,Full,RandomForest,3,0,0.030392876757869,0
1813,PV0137-C,1008-PF-SEA-RINGWALD,Vietnam,Full,RandomForest,3,1,0.09525084267358246,0
1814,PV0138-C,1008-PF-SEA-RINGWALD,Vietnam,Full,RandomForest,3,0,0.09239059825900835,0
1815,PV0139-C,1008-PF-SEA-RINGWALD,Vietnam,Full,RandomForest,3,0,0.03167802383548442,0
1816,PV0140-C,1008-PF-SEA-RINGWALD,Vietnam,Full,RandomForest,3,1,0.6457150587230384,1
1817,PV0141-C,1008-PF-SEA-RINGWALD,Vietnam,Full,RandomForest,3,1,0.5133431675084068,1
1818,PV0142-C,1008-PF-SEA-RINGWALD,Vietnam,Full,RandomForest,3,0,0.08236978905696878,0
1819,PV0144-C,1008-PF-SEA-RINGWALD,Vietnam,Full,RandomForest,3,1,0.5989711185452439,1
1820,PV0147-C,1008-PF-SEA-RINGWALD,Vietnam,Full,RandomForest,3,0,0.010233425262051487,0
1821,PV0148-C,1008-PF-SEA-RINGWALD,Vietnam,Full,RandomForest,3,0,0.04053556571872179,0
1822,PV0149-C,1008-PF-SEA-RINGWALD,Vietnam,Full,RandomForest,3,0,0.03591753648949472,0
1823,PV0151-C,1008-PF-SEA-RINGWALD,Vietnam,Full,RandomForest,3,1,0.635855220237868,1
1824,PV0152-C,1008-PF-SEA-RINGWALD,Vietnam,Full,RandomForest,3,0,0.1510087533625949,0
1825,PV0153-C,1008-PF-SEA-RINGWALD,Vietnam,Full,RandomForest,3,0,0.03600249337899644,0
1826,PV0155-C,1008-PF-SEA-RINGWALD,Vietnam,Full,RandomForest,3,0,0.02945720148582771,0
1827,PV0156-C,1008-PF-SEA-RINGWALD,Vietnam,Full,RandomForest,3,0,0.07755596727274389,0
1828,PV0158-C,1008-PF-SEA-RINGWALD,Vietnam,Full,RandomForest,3,1,0.2298622225978717,0
1829,PV0160-C,1008-PF-SEA-RINGWALD,Vietnam,Full,RandomForest,3,0,0.08093993503251622,0
1830,PV0161-C,1008-PF-SEA-RINGWALD,Vietnam,Full,RandomForest,3,0,0.019383227719593738,0
1831,PV0167-C,1008-PF-SEA-RINGWALD,Vietnam,Full,RandomForest,3,0,0.007608934237768593,0
1832,PV0169-C,1008-PF-SEA-RINGWALD,Vietnam,Full,RandomForest,3,0,0.004611888111888111,0
1833,PV0170-C,1008-PF-SEA-RINGWALD,Vietnam,Full,RandomForest,3,0,0.03927939400187327,0
1834,PV0174-C,1008-PF-SEA-RINGWALD,Vietnam,Full,RandomForest,3,0,0.03167753168906209,0
1835,PV0176-C,1008-PF-SEA-RINGWALD,Vietnam,Full,RandomForest,3,0,0.28228624486059667,0
1836,PV0180-C,1008-PF-SEA-RINGWALD,Vietnam,Full,RandomForest,3,1,0.8842885512950569,1
1837,PV0182-C,1008-PF-SEA-RINGWALD,Vietnam,Full,RandomForest,3,0,0.10542014236500576,0
1838,PV0183-C,1008-PF-SEA-RINGWALD,Vietnam,Full,RandomForest,3,0,0.0,0
1839,PV0185-C,1008-PF-SEA-RINGWALD,Vietnam,Full,RandomForest,3,1,0.1684996603373419,0
1840,PV0186-C,1008-PF-SEA-RINGWALD,Vietnam,Full,RandomForest,3,1,0.011443567539831423,0
1841,PV0187-C,1008-PF-SEA-RINGWALD,Vietnam,Full,RandomForest,3,0,0.06321314897974534,0
1842,PV0188-C,1008-PF-SEA-RINGWALD,Vietnam,Full,RandomForest,3,0,0.025318728276786117,0
1843,PV0189-C,1008-PF-SEA-RINGWALD,Vietnam,Full,RandomForest,3,0,0.22609172811533307,0
1844,PV0192-C,1008-PF-SEA-RINGWALD,Vietnam,Full,RandomForest,3,0,0.0,0
1845,PV0193-C,1008-PF-SEA-RINGWALD,Vietnam,Full,RandomForest,3,1,0.19311154844923004,0
1846,PV0194-C,1008-PF-SEA-RINGWALD,Vietnam,Full,RandomForest,3,1,0.7929990970760176,1
1847,PV0195-C,1008-PF-SEA-RINGWALD,Vietnam,Full,RandomForest,3,1,1.0,1
1848,PV0197-C,1008-PF-SEA-RINGWALD,Vietnam,Full,RandomForest,3,0,0.07676371355997551,0
1849,PV0202-C,1008-PF-SEA-RINGWALD,Vietnam,Full,RandomForest,3,0,0.020050933227665692,0
1850,PV0204-C,1008-PF-SEA-RINGWALD,Vietnam,Full,RandomForest,3,0,0.012220822349656704,0
1851,PV0205-C,1008-PF-SEA-RINGWALD,Vietnam,Full,RandomForest,3,0,0.012220822349656704,0
1852,PV0209-C,1008-PF-SEA-RINGWALD,Vietnam,Full,RandomForest,3,1,0.0868587222888317,0
1853,PV0210-C,1008-PF-SEA-RINGWALD,Vietnam,Full,RandomForest,3,0,0.0,0
1854,PV0211-C,1008-PF-SEA-RINGWALD,Vietnam,Full,RandomForest,3,0,0.0,0
1855,PV0212-C,1008-PF-SEA-RINGWALD,Vietnam,Full,RandomForest,3,0,0.00824499649916259,0
1856,PV0216-C,1008-PF-SEA-RINGWALD,Vietnam,Full,RandomForest,3,0,0.0,0
1857,PV0218-C,1008-PF-SEA-RINGWALD,Vietnam,Full,RandomForest,3,1,0.9771966763281337,1
1858,PV0219-C,1008-PF-SEA-RINGWALD,Vietnam,Full,RandomForest,3,0,0.0,0
1859,PV0220-C,1008-PF-SEA-RINGWALD,Vietnam,Full,RandomForest,3,1,0.9977394748423061,1
1860,PV0221-C,1008-PF-SEA-RINGWALD,Vietnam,Full,RandomForest,3,0,0.03600416230198079,0
1861,PV0223-C,1008-PF-SEA-RINGWALD,Vietnam,Full,RandomForest,3,1,0.9977394748423061,1
1862,PV0224-C,1008-PF-SEA-RINGWALD,Vietnam,Full,RandomForest,3,0,0.00824499649916259,0
1863,PV0226-C,1008-PF-SEA-RINGWALD,Vietnam,Full,RandomForest,3,0,0.00919809800365237,0
1864,PV0227-C,1008-PF-SEA-RINGWALD,Vietnam,Full,RandomForest,3,1,0.5559513836914265,1
1865,PV0230-C,1008-PF-SEA-RINGWALD,Vietnam,Full,RandomForest,3,0,0.002997046125880482,0
1866,PV0233-C,1008-PF-SEA-RINGWALD,Vietnam,Full,RandomForest,3,0,0.012856884611050702,0
1867,PV0234-C,1008-PF-SEA-RINGWALD,Vietnam,Full,RandomForest,3,0,0.05055160370665459,0
1868,PV0235-C,1008-PF-SEA-RINGWALD,Vietnam,Full,RandomForest,3,0,0.27348179777498244,0
1869,PV0236-C,1008-PF-SEA-RINGWALD,Vietnam,Full,RandomForest,3,0,0.0,0
1870,PV0237-C,1008-PF-SEA-RINGWALD,Vietnam,Full,RandomForest,3,1,0.6325975802375501,1
1871,PV0238-C,1008-PF-SEA-RINGWALD,Vietnam,Full,RandomForest,3,0,0.004611888111888111,0
1872,PV0239-C,1008-PF-SEA-RINGWALD,Vietnam,Full,RandomForest,3,0,0.0,0
1873,PV0240-C,1008-PF-SEA-RINGWALD,Vietnam,Full,RandomForest,3,0,0.006312514955731036,0
1874,PV0241-C,1008-PF-SEA-RINGWALD,Vietnam,Full,RandomForest,3,0,0.05055160370665459,0
1966,PV0360-C,1195-PF-TRAC2-DONDORP,Vietnam,Full,RandomForest,3,0,0.7777899626287406,1
1967,PV0361-C,1195-PF-TRAC2-DONDORP,Vietnam,Full,RandomForest,3,1,0.9865459402177825,1
1968,PV0362-C,1195-PF-TRAC2-DONDORP,Vietnam,Full,RandomForest,3,0,0.6465704405940537,1
1969,PV0363-C,1195-PF-TRAC2-DONDORP,Vietnam,Full,RandomForest,3,1,0.9909244030676192,1
1970,PV0364-C,1195-PF-TRAC2-DONDORP,Vietnam,Full,RandomForest,3,1,0.9839214491934996,1
1971,PV0365-C,1195-PF-TRAC2-DONDORP,Vietnam,Full,RandomForest,3,1,0.9839214491934996,1
1972,PV0366-C,1195-PF-TRAC2-DONDORP,Vietnam,Full,RandomForest,3,1,0.9839214491934996,1
1973,PV0368-C,1195-PF-TRAC2-DONDORP,Vietnam,Full,RandomForest,3,1,0.9839214491934996,1
1974,PV0369-C,1195-PF-TRAC2-DONDORP,Vietnam,Full,RandomForest,3,0,0.7277836737205624,1
1975,PV0370-C,1195-PF-TRAC2-DONDORP,Vietnam,Full,RandomForest,3,1,0.979542986343663,1
1976,PV0371-C,1195-PF-TRAC2-DONDORP,Vietnam,Full,RandomForest,3,1,0.9909244030676192,1
1977,PV0372-C,1195-PF-TRAC2-DONDORP,Vietnam,Full,RandomForest,3,1,0.9839214491934996,1
1978,PV0373-C,1195-PF-TRAC2-DONDORP,Vietnam,Full,RandomForest,3,1,0.9909244030676192,1
1979,PV0375-C,1195-PF-TRAC2-DONDORP,Vietnam,Full,RandomForest,3,1,0.9839214491934996,1
1980,PV0376-C,1195-PF-TRAC2-DONDORP,Vietnam,Full,RandomForest,3,1,0.9839214491934996,1
1981,PV0377-C,1195-PF-TRAC2-DONDORP,Vietnam,Full,RandomForest,3,1,0.9839214491934996,1
1982,PV0378-C,1195-PF-TRAC2-DONDORP,Vietnam,Full,RandomForest,3,1,0.9839214491934996,1
1983,PV0379-C,1195-PF-TRAC2-DONDORP,Vietnam,Full,RandomForest,3,1,0.9909244030676192,1
1984,PV0381-C,1195-PF-TRAC2-DONDORP,Vietnam,Full,RandomForest,3,1,0.9839214491934996,1
1985,PV0382-C,1195-PF-TRAC2-DONDORP,Vietnam,Full,RandomForest,3,1,0.9839214491934996,1
1986,PV0383-C,1195-PF-TRAC2-DONDORP,Vietnam,Full,RandomForest,3,1,0.9839214491934996,1
1987,PV0384-C,1195-PF-TRAC2-DONDORP,Vietnam,Full,RandomForest,3,1,0.9839214491934996,1
1988,PV0385-C,1195-PF-TRAC2-DONDORP,Vietnam,Full,RandomForest,3,1,0.9839214491934996,1
1989,PV0386-C,1195-PF-TRAC2-DONDORP,Vietnam,Full,RandomForest,3,1,0.9839214491934996,1
1990,PV0387-C,1195-PF-TRAC2-DONDORP,Vietnam,Full,RandomForest,3,0,0.787153606691532,1
1991,PV0388-C,1195-PF-TRAC2-DONDORP,Vietnam,Full,RandomForest,3,1,0.9909244030676192,1
1992,PV0389-C,1195-PF-TRAC2-DONDORP,Vietnam,Full,RandomForest,3,1,0.979542986343663,1
1993,PV0393-C,1195-PF-TRAC2-DONDORP,Vietnam,Full,RandomForest,3,1,0.9909244030676192,1
1994,PV0395-C,1195-PF-TRAC2-DONDORP,Vietnam,Full,RandomForest,3,1,0.979542986343663,1
1995,PV0396-C,1195-PF-TRAC2-DONDORP,Vietnam,Full,RandomForest,3,1,0.9839214491934996,1
1996,PV0397-C,1195-PF-TRAC2-DONDORP,Vietnam,Full,RandomForest,3,1,0.32748627992627405,0
1997,PV0398-C,1195-PF-TRAC2-DONDORP,Vietnam,Full,RandomForest,3,1,0.9839214491934996,1
1998,PV0399-C,1195-PF-TRAC2-DONDORP,Vietnam,Full,RandomForest,3,1,0.979542986343663,1
1999,PV0400-C,1195-PF-TRAC2-DONDORP,Vietnam,Full,RandomForest,3,1,0.6448977593845652,1
2000,PV0401-C,1195-PF-TRAC2-DONDORP,Vietnam,Full,RandomForest,3,1,0.724729195292758,1
2001,PV0402-C,1195-PF-TRAC2-DONDORP,Vietnam,Full,RandomForest,3,1,0.9839214491934996,1
2002,PV0403-C,1195-PF-TRAC2-DONDORP,Vietnam,Full,RandomForest,3,1,0.9463207812610341,1
2003,QC0111-C,1008-PF-SEA-RINGWALD,Myanmar,Full,RandomForest,3,1,0.21444960674955335,0
2004,QC0112-C,1008-PF-SEA-RINGWALD,Myanmar,Full,RandomForest,3,1,0.23818451849867667,0
2005,QC0113-C,1008-PF-SEA-RINGWALD,Myanmar,Full,RandomForest,3,1,0.6857468535700514,1
2006,QC0114-C,1008-PF-SEA-RINGWALD,Myanmar,Full,RandomForest,3,0,0.3451921641204313,0
2007,QC0115-C,1008-PF-SEA-RINGWALD,Myanmar,Full,RandomForest,3,0,0.5914915685996391,1
2008,QC0116-C,1008-PF-SEA-RINGWALD,Myanmar,Full,RandomForest,3,0,0.39009012233160006,0
2009,QC0118-C,1008-PF-SEA-RINGWALD,Myanmar,Full,RandomForest,3,0,0.47650760034086437,0
2010,QC0119-C,1008-PF-SEA-RINGWALD,Myanmar,Full,RandomForest,3,0,0.9837639406177131,1
2011,QC0120-C,1008-PF-SEA-RINGWALD,Myanmar,Full,RandomForest,3,1,0.5906668397597443,1
2012,QC0121-C,1008-PF-SEA-RINGWALD,Myanmar,Full,RandomForest,3,0,0.17291657720601608,0
2013,QC0122-C,1008-PF-SEA-RINGWALD,Myanmar,Full,RandomForest,3,1,0.055563881865471586,0
2014,QC0123-C,1008-PF-SEA-RINGWALD,Myanmar,Full,RandomForest,3,0,0.5001848187991332,1
2015,QC0125-C,1008-PF-SEA-RINGWALD,Myanmar,Full,RandomForest,3,1,0.3512543366193925,0
2016,QC0126-C,1008-PF-SEA-RINGWALD,Myanmar,Full,RandomForest,3,0,0.3319765525391537,0
2017,QC0127-C,1008-PF-SEA-RINGWALD,Myanmar,Full,RandomForest,3,1,0.6393844381447366,1
2018,QC0128-C,1008-PF-SEA-RINGWALD,Myanmar,Full,RandomForest,3,0,0.9837639406177131,1
2019,QC0129-C,1008-PF-SEA-RINGWALD,Myanmar,Full,RandomForest,3,1,0.648824548928323,1
2020,QC0130-C,1008-PF-SEA-RINGWALD,Myanmar,Full,RandomForest,3,0,0.49216224772819345,0
2021,QC0131-C,1008-PF-SEA-RINGWALD,Myanmar,Full,RandomForest,3,0,0.49480842741338366,0
2022,QC0132-C,1008-PF-SEA-RINGWALD,Myanmar,Full,RandomForest,3,0,0.1892325086293497,0
2023,QC0133-C,1008-PF-SEA-RINGWALD,Myanmar,Full,RandomForest,3,1,0.9837872947899703,1
2024,QC0134-C,1008-PF-SEA-RINGWALD,Myanmar,Full,RandomForest,3,1,0.3807315195024335,0
2025,QC0135-C,1008-PF-SEA-RINGWALD,Myanmar,Full,RandomForest,3,0,0.19886049241493134,0
2026,QC0136-C,1008-PF-SEA-RINGWALD,Myanmar,Full,RandomForest,3,1,0.6700339923469382,1
2027,QC0137-C,1008-PF-SEA-RINGWALD,Myanmar,Full,RandomForest,3,1,0.21444960674955335,0
2028,QC0138-C,1008-PF-SEA-RINGWALD,Myanmar,Full,RandomForest,3,1,0.2244821158951348,0
2029,QC0139-C,1008-PF-SEA-RINGWALD,Myanmar,Full,RandomForest,3,1,0.21444960674955335,0
2030,QC0140-C,1008-PF-SEA-RINGWALD,Myanmar,Full,RandomForest,3,1,0.11595028764998914,0
2031,QC0142-C,1008-PF-SEA-RINGWALD,Myanmar,Full,RandomForest,3,0,0.4062545500433598,0
2032,QC0143-C,1008-PF-SEA-RINGWALD,Myanmar,Full,RandomForest,3,0,0.9837639406177131,1
2033,QC0144-C,1008-PF-SEA-RINGWALD,Myanmar,Full,RandomForest,3,1,0.5836980129517788,1
2034,QC0145-C,1008-PF-SEA-RINGWALD,Myanmar,Full,RandomForest,3,0,0.4216479279704534,0
2035,QC0146-C,1008-PF-SEA-RINGWALD,Myanmar,Full,RandomForest,3,0,0.4886623030839186,0
2036,QC0147-C,1008-PF-SEA-RINGWALD,Myanmar,Full,RandomForest,3,1,0.4849085537056641,0
2037,QC0148-C,1008-PF-SEA-RINGWALD,Myanmar,Full,RandomForest,3,1,0.8100289248798171,1
2038,QC0149-C,1008-PF-SEA-RINGWALD,Myanmar,Full,RandomForest,3,0,0.4334051879912112,0
2039,QC0150-C,1008-PF-SEA-RINGWALD,Myanmar,Full,RandomForest,3,0,0.512769723404173,1
2040,QC0151-C,1008-PF-SEA-RINGWALD,Myanmar,Full,RandomForest,3,0,0.2921397466837659,0
2041,QC0152-C,1008-PF-SEA-RINGWALD,Myanmar,Full,RandomForest,3,1,0.39059725818558866,0
2042,QC0153-C,1008-PF-SEA-RINGWALD,Myanmar,Full,RandomForest,3,1,0.5628390512840539,1
2043,QC0154-C,1008-PF-SEA-RINGWALD,Myanmar,Full,RandomForest,3,1,0.2743495453054142,0
2044,QC0155-C,1008-PF-SEA-RINGWALD,Myanmar,Full,RandomForest,3,1,0.6639199338731062,1
2045,QC0156-C,1008-PF-SEA-RINGWALD,Myanmar,Full,RandomForest,3,0,0.5650795676477351,1
2046,QC0157-C,1008-PF-SEA-RINGWALD,Myanmar,Full,RandomForest,3,0,0.29888736658973875,0
2047,QC0159-C,1008-PF-SEA-RINGWALD,Myanmar,Full,RandomForest,3,0,0.20167601826053252,0
2048,QC0160-C,1008-PF-SEA-RINGWALD,Myanmar,Full,RandomForest,3,1,0.38471141791758856,0
2049,QC0161-C,1008-PF-SEA-RINGWALD,Myanmar,Full,RandomForest,3,1,0.2616824362236914,0
2050,QC0162-C,1008-PF-SEA-RINGWALD,Myanmar,Full,RandomForest,3,1,0.5157922687842301,1
2051,QC0163-C,1008-PF-SEA-RINGWALD,Myanmar,Full,RandomForest,3,0,0.2237299179399025,0
2265,QC0619-C,1195-PF-TRAC2-DONDORP,Myanmar,Full,RandomForest,3,1,0.22134942193781484,0
2266,QC0620-C,1195-PF-TRAC2-DONDORP,Myanmar,Full,RandomForest,3,1,0.2367306407002246,0
2267,QC0621-C,1195-PF-TRAC2-DONDORP,Myanmar,Full,RandomForest,3,0,0.24686927342878787,0
2268,QC0622-C,1195-PF-TRAC2-DONDORP,Myanmar,Full,RandomForest,3,0,0.07732071828690881,0
2269,QC0623-C,1195-PF-TRAC2-DONDORP,Myanmar,Full,RandomForest,3,0,0.4072127499830238,0
2270,QC0624-C,1195-PF-TRAC2-DONDORP,Myanmar,Full,RandomForest,3,0,0.2731569465673111,0
2271,QC0625-C,1195-PF-TRAC2-DONDORP,Myanmar,Full,RandomForest,3,0,0.07732071828690881,0
2272,QC0626-C,1195-PF-TRAC2-DONDORP,Myanmar,Full,RandomForest,3,0,0.34910232165569755,0
2273,QC0627-C,1195-PF-TRAC2-DONDORP,Myanmar,Full,RandomForest,3,0,0.19903599595208096,0
2274,QC0628-C,1195-PF-TRAC2-DONDORP,Myanmar,Full,RandomForest,3,0,0.04830936055999628,0
2275,QC0629-C,1195-PF-TRAC2-DONDORP,Myanmar,Full,RandomForest,3,0,0.04830936055999628,0
2276,QC0630-C,1195-PF-TRAC2-DONDORP,Myanmar,Full,RandomForest,3,0,0.39378483152762733,0
2277,QC0633-C,1195-PF-TRAC2-DONDORP,Myanmar,Full,RandomForest,3,0,0.34505033185766043,0
2278,QC0634-C,1195-PF-TRAC2-DONDORP,Myanmar,Full,RandomForest,3,0,0.3229233121424046,0
2279,QC0636-C,1195-PF-TRAC2-DONDORP,Myanmar,Full,RandomForest,3,0,0.08103740523639864,0
2280,QC0637-C,1195-PF-TRAC2-DONDORP,Myanmar,Full,RandomForest,3,0,0.09908893701935212,0
2281,QC0638-C,1195-PF-TRAC2-DONDORP,Myanmar,Full,RandomForest,3,0,0.2518846868111172,0
2282,QC0639-C,1195-PF-TRAC2-DONDORP,Myanmar,Full,RandomForest,3,0,0.18814614807693375,0
2283,QC0640-C,1195-PF-TRAC2-DONDORP,Myanmar,Full,RandomForest,3,0,0.21940431857291076,0
2284,QC0642-C,1195-PF-TRAC2-DONDORP,Myanmar,Full,RandomForest,3,0,0.26072166452972073,0
2285,QC0643-C,1195-PF-TRAC2-DONDORP,Myanmar,Full,RandomForest,3,0,0.3093114710030873,0
2286,QC0644-C,1195-PF-TRAC2-DONDORP,Myanmar,Full,RandomForest,3,0,0.17496121985162055,0
2287,QC0645-C,1195-PF-TRAC2-DONDORP,Myanmar,Full,RandomForest,3,0,0.13498386343167235,0
2288,QC0646-C,1195-PF-TRAC2-DONDORP,Myanmar,Full,RandomForest,3,0,0.17168240069852886,0
2289,QC0647-C,1195-PF-TRAC2-DONDORP,Myanmar,Full,RandomForest,3,0,0.41238405408351597,0
2290,QC0648-C,1195-PF-TRAC2-DONDORP,Myanmar,Full,RandomForest,3,0,0.20585649854673715,0
2291,QC0649-C,1195-PF-TRAC2-DONDORP,Myanmar,Full,RandomForest,3,0,0.7889879334310977,1
2292,QE0347-C,1008-PF-SEA-RINGWALD,Laos,Full,RandomForest,3,0,0.09681210871580724,0
2293,QE0348-C,1008-PF-SEA-RINGWALD,Laos,Full,RandomForest,3,0,0.10136086942279077,0
2294,QE0350-C,1008-PF-SEA-RINGWALD,Laos,Full,RandomForest,3,0,0.08042413469345262,0
2295,QE0352-C,1008-PF-SEA-RINGWALD,Laos,Full,RandomForest,3,0,0.3120675237303328,0
2296,QE0356-C,1008-PF-SEA-RINGWALD,Laos,Full,RandomForest,3,0,0.1811292399525451,0
2297,QE0360-C,1008-PF-SEA-RINGWALD,Laos,Full,RandomForest,3,0,0.3588400067428404,0
2298,QE0361-C,1008-PF-SEA-RINGWALD,Laos,Full,RandomForest,3,0,0.019457201485827712,0
2299,QE0362-C,1008-PF-SEA-RINGWALD,Laos,Full,RandomForest,3,0,0.2175620418952903,0
2300,QE0363-C,1008-PF-SEA-RINGWALD,Laos,Full,RandomForest,3,0,0.07807528805019084,0
2301,QE0364-C,1008-PF-SEA-RINGWALD,Laos,Full,RandomForest,3,0,0.2444713971724384,0
2302,QE0365-C,1008-PF-SEA-RINGWALD,Laos,Full,RandomForest,3,0,0.2636951733962146,0
2303,QE0366-C,1008-PF-SEA-RINGWALD,Laos,Full,RandomForest,3,0,0.08540010310135891,0
2304,QE0367-C,1008-PF-SEA-RINGWALD,Laos,Full,RandomForest,3,0,0.18417433114783457,0
2305,QE0368-C,1008-PF-SEA-RINGWALD,Laos,Full,RandomForest,3,0,0.25277077032859546,0
2306,QE0369-C,1008-PF-SEA-RINGWALD,Laos,Full,RandomForest,3,0,0.18714369396331748,0
2307,QE0370-C,1008-PF-SEA-RINGWALD,Laos,Full,RandomForest,3,0,0.1917555820752056,0
2308,QE0371-C,1008-PF-SEA-RINGWALD,Laos,Full,RandomForest,3,0,0.019457201485827712,0
2309,QE0372-C,1008-PF-SEA-RINGWALD,Laos,Full,RandomForest,3,0,0.09065755995550413,0
2310,QE0373-C,1008-PF-SEA-RINGWALD,Laos,Full,RandomForest,3,0,0.20980802133098067,0
2311,QE0374-C,1008-PF-SEA-RINGWALD,Laos,Full,RandomForest,3,0,0.014845313373939599,0
2312,QE0375-C,1008-PF-SEA-RINGWALD,Laos,Full,RandomForest,3,0,0.019457201485827712,0
2313,QE0376-C,1008-PF-SEA-RINGWALD,Laos,Full,RandomForest,3,0,0.09065755995550413,0
2314,QE0378-C,1008-PF-SEA-RINGWALD,Laos,Full,RandomForest,3,0,0.030667343763607646,0
2315,QE0379-C,1008-PF-SEA-RINGWALD,Laos,Full,RandomForest,3,0,0.019457201485827712,0
2316,QE0380-C,1008-PF-SEA-RINGWALD,Laos,Full,RandomForest,3,0,0.02945720148582771,0
2317,QE0381-C,1008-PF-SEA-RINGWALD,Laos,Full,RandomForest,3,0,0.08046738484602375,0
2318,QE0382-C,1008-PF-SEA-RINGWALD,Laos,Full,RandomForest,3,0,0.19870770968474133,0
2319,QE0383-C,1008-PF-SEA-RINGWALD,Laos,Full,RandomForest,3,0,0.2444713971724384,0
2320,QE0384-C,1008-PF-SEA-RINGWALD,Laos,Full,RandomForest,3,0,0.08046738484602375,0
2321,QE0385-C,1008-PF-SEA-RINGWALD,Laos,Full,RandomForest,3,0,0.08657520084996992,0
2322,QE0386-C,1008-PF-SEA-RINGWALD,Laos,Full,RandomForest,3,0,0.18009961767934254,0
2323,QE0387-C,1008-PF-SEA-RINGWALD,Laos,Full,RandomForest,3,0,0.019457201485827712,0
2324,QE0388-C,1008-PF-SEA-RINGWALD,Laos,Full,RandomForest,3,0,0.18475262820108607,0
2325,QE0389-C,1008-PF-SEA-RINGWALD,Laos,Full,RandomForest,3,0,0.03187120153234688,0
2326,QE0390-C,1008-PF-SEA-RINGWALD,Laos,Full,RandomForest,3,0,0.03799053879121545,0
2327,QE0391-C,1008-PF-SEA-RINGWALD,Laos,Full,RandomForest,3,0,0.027066135723596303,0
2412,QE0484-C,1195-PF-TRAC2-DONDORP,Laos,Full,RandomForest,3,1,0.618417235092333,1
2413,QE0485-C,1195-PF-TRAC2-DONDORP,Laos,Full,RandomForest,3,0,0.0,0
2414,QE0486-C,1195-PF-TRAC2-DONDORP,Laos,Full,RandomForest,3,1,0.7159969515143209,1
2415,QE0487-C,1195-PF-TRAC2-DONDORP,Laos,Full,RandomForest,3,1,0.797716182064759,1
2416,QE0488-C,1195-PF-TRAC2-DONDORP,Laos,Full,RandomForest,3,1,0.6607166209334262,1
2417,QE0489-C,1195-PF-TRAC2-DONDORP,Laos,Full,RandomForest,3,0,0.0,0
2418,QE0490-C,1195-PF-TRAC2-DONDORP,Laos,Full,RandomForest,3,1,0.7602672360478797,1
2419,RCN01775,1181-PF-VN-THUYNHIEN,Vietnam,Full,RandomForest,3,1,1.0,1
2420,RCN01776,1181-PF-VN-THUYNHIEN,Vietnam,Full,RandomForest,3,1,1.0,1
2421,RCN01777,1181-PF-VN-THUYNHIEN,Vietnam,Full,RandomForest,3,1,1.0,1
2422,RCN01778,1181-PF-VN-THUYNHIEN,Vietnam,Full,RandomForest,3,1,0.8574282324596028,1
2423,RCN01779,1181-PF-VN-THUYNHIEN,Vietnam,Full,RandomForest,3,1,1.0,1
2424,RCN01780,1181-PF-VN-THUYNHIEN,Vietnam,Full,RandomForest,3,1,1.0,1
2425,RCN01781,1181-PF-VN-THUYNHIEN,Vietnam,Full,RandomForest,3,1,1.0,1
2426,RCN01782,1181-PF-VN-THUYNHIEN,Vietnam,Full,RandomForest,3,1,1.0,1
2427,RCN01783,1181-PF-VN-THUYNHIEN,Vietnam,Full,RandomForest,3,1,1.0,1
2428,RCN01784,1181-PF-VN-THUYNHIEN,Vietnam,Full,RandomForest,3,1,1.0,1
2429,RCN01785,1181-PF-VN-THUYNHIEN,Vietnam,Full,RandomForest,3,1,1.0,1
2430,RCN01786,1181-PF-VN-THUYNHIEN,Vietnam,Full,RandomForest,3,1,1.0,1
2431,RCN01787,1181-PF-VN-THUYNHIEN,Vietnam,Full,RandomForest,3,1,1.0,1
2432,RCN01788,1181-PF-VN-THUYNHIEN,Vietnam,Full,RandomForest,3,1,1.0,1
2433,RCN01789,1181-PF-VN-THUYNHIEN,Vietnam,Full,RandomForest,3,1,1.0,1
2434,RCN01859,1181-PF-VN-THUYNHIEN,Vietnam,Full,RandomForest,3,1,0.8703260919231642,1
2435,RCN01860,1181-PF-VN-THUYNHIEN,Vietnam,Full,RandomForest,3,0,0.7193943339726894,1
2436,RCN01861,1181-PF-VN-THUYNHIEN,Vietnam,Full,RandomForest,3,1,0.9075565034842112,1
2437,RCN01862,1181-PF-VN-THUYNHIEN,Vietnam,Full,RandomForest,3,1,0.8603260919231643,1
2438,RCN01863,1181-PF-VN-THUYNHIEN,Vietnam,Full,RandomForest,3,1,1.0,1
2439,RCN01864,1181-PF-VN-THUYNHIEN,Vietnam,Full,RandomForest,3,1,1.0,1
2440,RCN01865,1181-PF-VN-THUYNHIEN,Vietnam,Full,RandomForest,3,0,0.048377925218541874,0
2441,RCN01867,1181-PF-VN-THUYNHIEN,Vietnam,Full,RandomForest,3,0,0.9219432738282449,1
2442,RCN01869,1181-PF-VN-THUYNHIEN,Vietnam,Full,RandomForest,3,0,0.6772511567227223,1
2443,RCN01871,1181-PF-VN-THUYNHIEN,Vietnam,Full,RandomForest,3,1,0.2275390790423862,0
2444,RCN01872,1181-PF-VN-THUYNHIEN,Vietnam,Full,RandomForest,3,0,0.5279875163175618,1
2445,RCN01874,1181-PF-VN-THUYNHIEN,Vietnam,Full,RandomForest,3,1,1.0,1
2446,RCN01875,1181-PF-VN-THUYNHIEN,Vietnam,Full,RandomForest,3,1,1.0,1
2447,RCN01876,1181-PF-VN-THUYNHIEN,Vietnam,Full,RandomForest,3,1,1.0,1
2448,RCN01877,1181-PF-VN-THUYNHIEN,Vietnam,Full,RandomForest,3,1,1.0,1
2449,RCN01878,1181-PF-VN-THUYNHIEN,Vietnam,Full,RandomForest,3,1,0.7993605849435474,1
2450,RCN01879,1181-PF-VN-THUYNHIEN,Vietnam,Full,RandomForest,3,1,1.0,1
2624,RCN07825,1195-PF-TRAC2-DONDORP,Cambodia,Full,RandomForest,3,0,0.9839214491934996,1
2625,RCN07826,1195-PF-TRAC2-DONDORP,Cambodia,Full,RandomForest,3,1,0.9981059488692233,1
2626,RCN07827,1195-PF-TRAC2-DONDORP,Cambodia,Full,RandomForest,3,1,1.0,1
2627,RCN07828,1195-PF-TRAC2-DONDORP,Cambodia,Full,RandomForest,3,1,0.9460112416897823,1
2628,RCN07829,1195-PF-TRAC2-DONDORP,Cambodia,Full,RandomForest,3,1,1.0,1
2629,RCN07830,1195-PF-TRAC2-DONDORP,Cambodia,Full,RandomForest,3,1,0.9839214491934996,1
2630,RCN07836,1195-PF-TRAC2-DONDORP,Cambodia,Full,RandomForest,3,1,0.9801481792913953,1
2631,RCN07837,1195-PF-TRAC2-DONDORP,Cambodia,Full,RandomForest,3,1,0.9963125149557311,1
2632,RCN07838,1195-PF-TRAC2-DONDORP,Cambodia,Full,RandomForest,3,1,0.9801481792913953,1
2633,RCN07839,1195-PF-TRAC2-DONDORP,Cambodia,Full,RandomForest,3,1,0.9801481792913953,1
2634,RCN07842,1195-PF-TRAC2-DONDORP,Cambodia,Full,RandomForest,3,1,0.9731452254172757,1
2635,RCN07843,1195-PF-TRAC2-DONDORP,Cambodia,Full,RandomForest,3,1,1.0,1
2636,RCN07845,1195-PF-TRAC2-DONDORP,Cambodia,Full,RandomForest,3,1,0.9731452254172757,1
2637,RCN07848,1195-PF-TRAC2-DONDORP,Cambodia,Full,RandomForest,3,1,0.9731452254172757,1
2638,RCN07849,1195-PF-TRAC2-DONDORP,Cambodia,Full,RandomForest,3,1,1.0,1
2639,RCN07851,1195-PF-TRAC2-DONDORP,Cambodia,Full,RandomForest,3,0,0.0,0
2640,RCN07852,1195-PF-TRAC2-DONDORP,Cambodia,Full,RandomForest,3,1,0.9731452254172757,1
2641,RCN07853,1195-PF-TRAC2-DONDORP,Cambodia,Full,RandomForest,3,1,0.9731452254172757,1
2642,RCN07854,1195-PF-TRAC2-DONDORP,Cambodia,Full,RandomForest,3,1,0.9731452254172757,1
2643,RCN07856,1195-PF-TRAC2-DONDORP,Cambodia,Full,RandomForest,3,1,0.9909244030676192,1
2644,RCN07858,1195-PF-TRAC2-DONDORP,Cambodia,Full,RandomForest,3,1,1.0,1
2645,RCN07859,1195-PF-TRAC2-DONDORP,Cambodia,Full,RandomForest,3,1,1.0,1
2646,RCN07860,1195-PF-TRAC2-DONDORP,Cambodia,Full,RandomForest,3,1,0.994611888111888,1
2647,RCN07864,1195-PF-TRAC2-DONDORP,Cambodia,Full,RandomForest,3,1,0.9701787389508625,1
2648,RCN07865,1195-PF-TRAC2-DONDORP,Cambodia,Full,RandomForest,3,1,0.9701787389508625,1
2649,RCN07951,1195-PF-TRAC2-DONDORP,Cambodia,Full,RandomForest,3,1,0.99,1
2650,RCN07954,1195-PF-TRAC2-DONDORP,Cambodia,Full,RandomForest,3,1,0.8788706645559832,1
2651,RCN07994,1195-PF-TRAC2-DONDORP,Cambodia,Full,RandomForest,3,1,1.0,1
2652,RCN08001,1195-PF-TRAC2-DONDORP,Cambodia,Full,RandomForest,3,1,1.0,1
2653,RCN08009,1195-PF-TRAC2-DONDORP,Cambodia,Full,RandomForest,3,1,1.0,1
2654,RCN08011,1195-PF-TRAC2-DONDORP,Cambodia,Full,RandomForest,3,1,1.0,1
2655,RCN08013,1195-PF-TRAC2-DONDORP,Cambodia,Full,RandomForest,3,1,0.980966512786693,1
2656,RCN08015,1195-PF-TRAC2-DONDORP,Cambodia,Full,RandomForest,3,1,1.0,1
2657,RCN08017,1195-PF-TRAC2-DONDORP,Cambodia,Full,RandomForest,3,1,1.0,1
2658,RCN08019,1195-PF-TRAC2-DONDORP,Cambodia,Full,RandomForest,3,1,1.0,1
2659,RCN08021,1195-PF-TRAC2-DONDORP,Cambodia,Full,RandomForest,3,1,1.0,1
2660,RCN08023,1195-PF-TRAC2-DONDORP,Cambodia,Full,RandomForest,3,1,1.0,1
2661,RCN08026,1195-PF-TRAC2-DONDORP,Cambodia,Full,RandomForest,3,1,1.0,1
2662,RCN08027,1195-PF-TRAC2-DONDORP,Cambodia,Full,RandomForest,3,1,0.9981059488692233,1
2663,RCN08029,1195-PF-TRAC2-DONDORP,Cambodia,Full,RandomForest,3,1,1.0,1
2664,RCN08031,1195-PF-TRAC2-DONDORP,Cambodia,Full,RandomForest,3,1,1.0,1
2665,RCN08033,1195-PF-TRAC2-DONDORP,Cambodia,Full,RandomForest,3,1,1.0,1
2666,RCN08035,1195-PF-TRAC2-DONDORP,Cambodia,Full,RandomForest,3,1,1.0,1
2667,RCN08037,1195-PF-TRAC2-DONDORP,Cambodia,Full,RandomForest,3,1,1.0,1
2668,RCN08039,1195-PF-TRAC2-DONDORP,Cambodia,Full,RandomForest,3,1,1.0,1
2669,RCN08042,1195-PF-TRAC2-DONDORP,Cambodia,Full,RandomForest,3,1,1.0,1
2670,RCN08044,1195-PF-TRAC2-DONDORP,Cambodia,Full,RandomForest,3,1,1.0,1
2671,RCN08045,1195-PF-TRAC2-DONDORP,Cambodia,Full,RandomForest,3,1,1.0,1
2672,RCN08047,1195-PF-TRAC2-DONDORP,Cambodia,Full,RandomForest,3,1,1.0,1
2673,RCN08050,1195-PF-TRAC2-DONDORP,Cambodia,Full,RandomForest,3,1,1.0,1
2674,RCN08051,1195-PF-TRAC2-DONDORP,Thailand,Full,RandomForest,3,1,1.0,1
2675,RCN08053,1195-PF-TRAC2-DONDORP,Thailand,Full,RandomForest,3,1,1.0,1
2676,RCN08055,1195-PF-TRAC2-DONDORP,Thailand,Full,RandomForest,3,1,1.0,1
2677,RCN08057,1195-PF-TRAC2-DONDORP,Thailand,Full,RandomForest,3,1,1.0,1
2678,RCN08060,1195-PF-TRAC2-DONDORP,Thailand,Full,RandomForest,3,1,1.0,1
2679,RCN08061,1195-PF-TRAC2-DONDORP,Thailand,Full,RandomForest,3,1,1.0,1
2680,RCN08063,1195-PF-TRAC2-DONDORP,Thailand,Full,RandomForest,3,1,1.0,1
2681,RCN08069,1195-PF-TRAC2-DONDORP,Thailand,Full,RandomForest,3,1,1.0,1
2682,RCN08071,1195-PF-TRAC2-DONDORP,Thailand,Full,RandomForest,3,1,1.0,1
2683,RCN08075,1195-PF-TRAC2-DONDORP,Thailand,Full,RandomForest,3,1,1.0,1
2684,RCN08079,1195-PF-TRAC2-DONDORP,Thailand,Full,RandomForest,3,1,1.0,1
2685,RCN08082,1195-PF-TRAC2-DONDORP,Thailand,Full,RandomForest,3,1,1.0,1
2686,RCN08084,1195-PF-TRAC2-DONDORP,Thailand,Full,RandomForest,3,1,1.0,1
2687,RCN08086,1195-PF-TRAC2-DONDORP,Thailand,Full,RandomForest,3,1,1.0,1
2688,RCN08087,1195-PF-TRAC2-DONDORP,Thailand,Full,RandomForest,3,1,1.0,1
2689,RCN08091,1195-PF-TRAC2-DONDORP,Myanmar,Full,RandomForest,3,0,0.24475047410467313,0
2690,RCN08092,1195-PF-TRAC2-DONDORP,Myanmar,Full,RandomForest,3,0,0.37967612680171653,0
2691,RCN08093,1195-PF-TRAC2-DONDORP,Myanmar,Full,RandomForest,3,0,0.3663860872340432,0
2692,RCN08094,1195-PF-TRAC2-DONDORP,Myanmar,Full,RandomForest,3,0,0.48031204492679563,0
2693,RCN08095,1195-PF-TRAC2-DONDORP,Myanmar,Full,RandomForest,3,0,0.5444152665238865,1
2694,RCN08096,1195-PF-TRAC2-DONDORP,Myanmar,Full,RandomForest,3,0,0.5296439269161808,1
2695,RCN08097,1195-PF-TRAC2-DONDORP,Myanmar,Full,RandomForest,3,0,0.428964600662763,0
2696,RCN08098,1195-PF-TRAC2-DONDORP,Myanmar,Full,RandomForest,3,0,0.4995187615648311,0
2697,RCN08099,1195-PF-TRAC2-DONDORP,Myanmar,Full,RandomForest,3,0,0.519886040816546,1
2698,RCN08100,1195-PF-TRAC2-DONDORP,Vietnam,Full,RandomForest,3,1,1.0,1
2699,RCN08101,1195-PF-TRAC2-DONDORP,Vietnam,Full,RandomForest,3,1,1.0,1
2700,RCN08103,1195-PF-TRAC2-DONDORP,Vietnam,Full,RandomForest,3,1,1.0,1
2701,RCN08105,1195-PF-TRAC2-DONDORP,Vietnam,Full,RandomForest,3,1,1.0,1
2702,RCN08106,1195-PF-TRAC2-DONDORP,Vietnam,Full,RandomForest,3,1,1.0,1
2703,RCN08107,1195-PF-TRAC2-DONDORP,Vietnam,Full,RandomForest,3,1,1.0,1
2704,RCN08112,1195-PF-TRAC2-DONDORP,Vietnam,Full,RandomForest,3,1,0.970966512786693,1
2705,RCN08113,1195-PF-TRAC2-DONDORP,Vietnam,Full,RandomForest,3,1,1.0,1
2706,RCN08114,1195-PF-TRAC2-DONDORP,Vietnam,Full,RandomForest,3,1,1.0,1
2707,RCN08115,1195-PF-TRAC2-DONDORP,Vietnam,Full,RandomForest,3,0,0.02755455758077411,0
2708,RCN08116,1195-PF-TRAC2-DONDORP,Vietnam,Full,RandomForest,3,1,1.0,1
2709,RCN08117,1195-PF-TRAC2-DONDORP,Vietnam,Full,RandomForest,3,1,1.0,1
2710,RCN08118,1195-PF-TRAC2-DONDORP,Vietnam,Full,RandomForest,3,1,1.0,1
2711,RCN08119,1195-PF-TRAC2-DONDORP,Vietnam,Full,RandomForest,3,1,0.922748470623512,1
2712,RCN08120,1195-PF-TRAC2-DONDORP,Vietnam,Full,RandomForest,3,1,1.0,1
2713,RCN08121,1195-PF-TRAC2-DONDORP,Vietnam,Full,RandomForest,3,1,1.0,1
2714,RCN08122,1195-PF-TRAC2-DONDORP,Vietnam,Full,RandomForest,3,1,1.0,1
2715,RCN08123,1195-PF-TRAC2-DONDORP,Vietnam,Full,RandomForest,3,1,0.7383078761016714,1
2716,RCN08124,1195-PF-TRAC2-DONDORP,Vietnam,Full,RandomForest,3,1,1.0,1
2717,RCN08126,1195-PF-TRAC2-DONDORP,Vietnam,Full,RandomForest,3,1,1.0,1
2718,RCN08127,1195-PF-TRAC2-DONDORP,Vietnam,Full,RandomForest,3,1,1.0,1
2719,RCN08129,1195-PF-TRAC2-DONDORP,Vietnam,Full,RandomForest,3,1,1.0,1
2720,RCN08130,1195-PF-TRAC2-DONDORP,Vietnam,Full,RandomForest,3,1,1.0,1
2721,RCN08131,1195-PF-TRAC2-DONDORP,Vietnam,Full,RandomForest,3,1,1.0,1
2722,RCN08132,1195-PF-TRAC2-DONDORP,Vietnam,Full,RandomForest,3,1,1.0,1
2723,RCN08135,1195-PF-TRAC2-DONDORP,Vietnam,Full,RandomForest,3,1,1.0,1
2724,RCN08136,1195-PF-TRAC2-DONDORP,Vietnam,Full,RandomForest,3,1,1.0,1
2725,RCN08137,1195-PF-TRAC2-DONDORP,Vietnam,Full,RandomForest,3,1,1.0,1
2726,RCN08138,1195-PF-TRAC2-DONDORP,Vietnam,Full,RandomForest,3,1,0.9832304713879318,1
2727,RCN08139,1195-PF-TRAC2-DONDORP,Vietnam,Full,RandomForest,3,1,1.0,1
2728,RCN08140,1195-PF-TRAC2-DONDORP,Vietnam,Full,RandomForest,3,1,0.9832304713879318,1
2729,RCN08141,1195-PF-TRAC2-DONDORP,Vietnam,Full,RandomForest,3,1,1.0,1
2730,RCN08143,1195-PF-TRAC2-DONDORP,Vietnam,Full,RandomForest,3,1,1.0,1
2731,RCN08144,1195-PF-TRAC2-DONDORP,Vietnam,Full,RandomForest,3,1,0.9832304713879318,1
2732,RCN08145,1195-PF-TRAC2-DONDORP,Vietnam,Full,RandomForest,3,1,1.0,1
2733,RCN08147,1195-PF-TRAC2-DONDORP,Vietnam,Full,RandomForest,3,1,1.0,1
2734,RCN08148,1195-PF-TRAC2-DONDORP,Vietnam,Full,RandomForest,3,1,1.0,1
2735,RCN08149,1195-PF-TRAC2-DONDORP,Vietnam,Full,RandomForest,3,1,1.0,1
2736,RCN08150,1195-PF-TRAC2-DONDORP,Vietnam,Full,RandomForest,3,1,1.0,1
2737,RCN08154,1195-PF-TRAC2-DONDORP,Vietnam,Full,RandomForest,3,1,1.0,1
2738,RCN08156,1195-PF-TRAC2-DONDORP,Vietnam,Full,RandomForest,3,1,1.0,1
2739,RCN08158,1195-PF-TRAC2-DONDORP,Vietnam,Full,RandomForest,3,1,0.9876089342377685,1
2740,RCN08161,1195-PF-TRAC2-DONDORP,Vietnam,Full,RandomForest,3,1,1.0,1
2741,RCN08240,1195-PF-TRAC2-DONDORP,Thailand,Full,RandomForest,3,1,1.0,1
2742,RCN08364,1195-PF-TRAC2-DONDORP,Myanmar,Full,RandomForest,3,0,0.13676790514636988,0
2743,RCN08365,1195-PF-TRAC2-DONDORP,Myanmar,Full,RandomForest,3,0,0.10564929334828677,0
2744,RCN08366,1195-PF-TRAC2-DONDORP,Myanmar,Full,RandomForest,3,0,0.0787658414057621,0
2745,RCN08367,1195-PF-TRAC2-DONDORP,Myanmar,Full,RandomForest,3,0,0.10564929334828677,0
2746,RCN08368,1195-PF-TRAC2-DONDORP,Myanmar,Full,RandomForest,3,0,0.06196731030819454,0
2747,RCN08370,1195-PF-TRAC2-DONDORP,Myanmar,Full,RandomForest,3,0,0.10564929334828677,0
2748,RCN08371,1195-PF-TRAC2-DONDORP,Myanmar,Full,RandomForest,3,0,0.04974273428924156,0
2749,RCN08372,1195-PF-TRAC2-DONDORP,Myanmar,Full,RandomForest,3,1,0.12293240917020797,0
2750,RCN08374,1195-PF-TRAC2-DONDORP,Myanmar,Full,RandomForest,3,0,0.24090731998271864,0
2751,RCN08375,1195-PF-TRAC2-DONDORP,Myanmar,Full,RandomForest,3,0,0.3173591807354693,0
2752,RCN08376,1195-PF-TRAC2-DONDORP,Myanmar,Full,RandomForest,3,0,0.179919452731343,0
2753,RCN08377,1195-PF-TRAC2-DONDORP,Myanmar,Full,RandomForest,3,0,0.20956687474255023,0
2754,RCN08378,1195-PF-TRAC2-DONDORP,Myanmar,Full,RandomForest,3,0,0.11825633940496662,0
2755,RCN08379,1195-PF-TRAC2-DONDORP,Myanmar,Full,RandomForest,3,0,0.20765892757364895,0
2756,RCN08380,1195-PF-TRAC2-DONDORP,Myanmar,Full,RandomForest,3,0,0.279721434542534,0
2757,RCN08381,1195-PF-TRAC2-DONDORP,Myanmar,Full,RandomForest,3,0,0.29780324479597,0
2758,RCN08382,1195-PF-TRAC2-DONDORP,Myanmar,Full,RandomForest,3,0,0.17739234084943845,0
2759,RCN08383,1195-PF-TRAC2-DONDORP,Myanmar,Full,RandomForest,3,0,0.1660566838841935,0
2760,RCN08384,1195-PF-TRAC2-DONDORP,Myanmar,Full,RandomForest,3,0,0.2341078475558935,0
2761,RCN08385,1195-PF-TRAC2-DONDORP,Myanmar,Full,RandomForest,3,0,0.28780324479596997,0
2762,RCN08386,1195-PF-TRAC2-DONDORP,Myanmar,Full,RandomForest,3,0,0.08775852474099605,0
2763,RCN08387,1195-PF-TRAC2-DONDORP,Myanmar,Full,RandomForest,3,0,0.23085222479483583,0
2764,RCN08388,1195-PF-TRAC2-DONDORP,Myanmar,Full,RandomForest,3,0,0.09175704454546443,0
2765,RCN08389,1195-PF-TRAC2-DONDORP,Laos,Full,RandomForest,3,0,0.0,0
2766,RCN08390,1195-PF-TRAC2-DONDORP,Laos,Full,RandomForest,3,0,0.04647655660645675,0
2767,RCN08392,1195-PF-TRAC2-DONDORP,Laos,Full,RandomForest,3,0,0.0,0
2768,RCN08393,1195-PF-TRAC2-DONDORP,Thailand,Full,RandomForest,3,1,1.0,1
3610,RCN10199,1195-PF-TRAC2-DONDORP,Cambodia,Full,RandomForest,3,1,0.9876089342377685,1
3611,RCN10200,1195-PF-TRAC2-DONDORP,Cambodia,Full,RandomForest,3,1,0.9832304713879318,1
3612,RCN10201,1195-PF-TRAC2-DONDORP,Cambodia,Full,RandomForest,3,1,0.9876089342377685,1
3613,RCN10202,1195-PF-TRAC2-DONDORP,Cambodia,Full,RandomForest,3,1,0.9876089342377685,1
3614,RCN10203,1195-PF-TRAC2-DONDORP,Cambodia,Full,RandomForest,3,1,0.994611888111888,1
3615,RCN10204,1195-PF-TRAC2-DONDORP,Cambodia,Full,RandomForest,3,1,0.9876089342377685,1
3616,RCN10205,1195-PF-TRAC2-DONDORP,Cambodia,Full,RandomForest,3,1,0.9876089342377685,1
3617,RCN10208,1195-PF-TRAC2-DONDORP,Cambodia,Full,RandomForest,3,1,0.9876089342377685,1
4008,RCN11358,1181-PF-VN-THUYNHIEN,Vietnam,Full,RandomForest,3,1,1.0,1
4009,RCN11360,1181-PF-VN-THUYNHIEN,Vietnam,Full,RandomForest,3,1,1.0,1
4010,RCN11361,1181-PF-VN-THUYNHIEN,Vietnam,Full,RandomForest,3,1,1.0,1
4011,RCN11374,1181-PF-VN-THUYNHIEN,Vietnam,Full,RandomForest,3,1,1.0,1
4012,RCN11375,1181-PF-VN-THUYNHIEN,Vietnam,Full,RandomForest,3,1,1.0,1
4013,RCN11376,1181-PF-VN-THUYNHIEN,Vietnam,Full,RandomForest,3,1,0.9971971626045836,1
4014,RCN11378,1181-PF-VN-THUYNHIEN,Vietnam,Full,RandomForest,3,1,1.0,1
4015,RCN11379,1181-PF-VN-THUYNHIEN,Vietnam,Full,RandomForest,3,1,0.9657148831069918,1
4016,RCN11380,1181-PF-VN-THUYNHIEN,Vietnam,Full,RandomForest,3,1,1.0,1
4017,RCN11381,1181-PF-VN-THUYNHIEN,Vietnam,Full,RandomForest,3,1,1.0,1
4018,RCN11382,1181-PF-VN-THUYNHIEN,Vietnam,Full,RandomForest,3,1,1.0,1
4019,RCN11383,1181-PF-VN-THUYNHIEN,Vietnam,Full,RandomForest,3,1,1.0,1
4020,RCN11384,1181-PF-VN-THUYNHIEN,Vietnam,Full,RandomForest,3,1,1.0,1
4021,RCN11385,1181-PF-VN-THUYNHIEN,Vietnam,Full,RandomForest,3,1,1.0,1
4022,RCN11386,1181-PF-VN-THUYNHIEN,Vietnam,Full,RandomForest,3,1,1.0,1
4023,RCN11387,1181-PF-VN-THUYNHIEN,Vietnam,Full,RandomForest,3,1,1.0,1
4024,RCN11388,1181-PF-VN-THUYNHIEN,Vietnam,Full,RandomForest,3,1,1.0,1
4025,RCN11389,1181-PF-VN-THUYNHIEN,Vietnam,Full,RandomForest,3,1,1.0,1
4026,RCN11390,1181-PF-VN-THUYNHIEN,Vietnam,Full,RandomForest,3,1,1.0,1
4027,RCN11391,1181-PF-VN-THUYNHIEN,Vietnam,Full,RandomForest,3,1,1.0,1
4028,RCN11392,1181-PF-VN-THUYNHIEN,Vietnam,Full,RandomForest,3,1,1.0,1
4029,RCN11393,1181-PF-VN-THUYNHIEN,Vietnam,Full,RandomForest,3,1,0.9781613210909694,1
4030,RCN11394,1181-PF-VN-THUYNHIEN,Vietnam,Full,RandomForest,3,1,1.0,1
4031,RCN11397,1181-PF-VN-THUYNHIEN,Vietnam,Full,RandomForest,3,1,1.0,1
4032,RCN11399,1181-PF-VN-THUYNHIEN,Vietnam,Full,RandomForest,3,1,1.0,1
4033,RCN11400,1181-PF-VN-THUYNHIEN,Vietnam,Full,RandomForest,3,1,1.0,1
4034,RCN11401,1181-PF-VN-THUYNHIEN,Vietnam,Full,RandomForest,3,0,0.0739443834777874,0
4035,RCN11402,1181-PF-VN-THUYNHIEN,Vietnam,Full,RandomForest,3,1,1.0,1
4036,RCN11403,1181-PF-VN-THUYNHIEN,Vietnam,Full,RandomForest,3,1,1.0,1
4037,RCN11404,1181-PF-VN-THUYNHIEN,Vietnam,Full,RandomForest,3,1,1.0,1
4038,RCN11405,1181-PF-VN-THUYNHIEN,Vietnam,Full,RandomForest,3,1,1.0,1
4039,RCN11407,1181-PF-VN-THUYNHIEN,Vietnam,Full,RandomForest,3,1,1.0,1
4040,RCN11408,1181-PF-VN-THUYNHIEN,Vietnam,Full,RandomForest,3,1,1.0,1
4041,RCN11409,1181-PF-VN-THUYNHIEN,Vietnam,Full,RandomForest,3,1,0.9802658800265185,1
4042,RCN11410,1181-PF-VN-THUYNHIEN,Vietnam,Full,RandomForest,3,1,1.0,1
4043,RCN11413,1181-PF-VN-THUYNHIEN,Vietnam,Full,RandomForest,3,1,1.0,1
4044,RCN11414,1181-PF-VN-THUYNHIEN,Vietnam,Full,RandomForest,3,1,1.0,1
4045,RCN11415,1181-PF-VN-THUYNHIEN,Vietnam,Full,RandomForest,3,1,0.7765243302709066,1
4046,RCN11417,1181-PF-VN-THUYNHIEN,Vietnam,Full,RandomForest,3,1,1.0,1
4047,RCN11418,1181-PF-VN-THUYNHIEN,Vietnam,Full,RandomForest,3,1,1.0,1
4048,RCN11419,1181-PF-VN-THUYNHIEN,Vietnam,Full,RandomForest,3,1,1.0,1
4049,RCN11421,1181-PF-VN-THUYNHIEN,Vietnam,Full,RandomForest,3,1,0.7698629184296197,1
4050,RCN11424,1181-PF-VN-THUYNHIEN,Vietnam,Full,RandomForest,3,1,1.0,1
4051,RCN11425,1181-PF-VN-THUYNHIEN,Vietnam,Full,RandomForest,3,1,1.0,1
4052,RCN11428,1181-PF-VN-THUYNHIEN,Vietnam,Full,RandomForest,3,1,1.0,1
4053,RCN11429,1181-PF-VN-THUYNHIEN,Vietnam,Full,RandomForest,3,1,1.0,1
4054,RCN11430,1181-PF-VN-THUYNHIEN,Vietnam,Full,RandomForest,3,1,1.0,1
4055,RCN11431,1181-PF-VN-THUYNHIEN,Vietnam,Full,RandomForest,3,1,1.0,1
4056,RCN11433,1181-PF-VN-THUYNHIEN,Vietnam,Full,RandomForest,3,1,1.0,1
4057,RCN11434,1181-PF-VN-THUYNHIEN,Vietnam,Full,RandomForest,3,1,0.994611888111888,1
4058,RCN11437,1181-PF-VN-THUYNHIEN,Vietnam,Full,RandomForest,3,1,1.0,1
4059,RCN11438,1181-PF-VN-THUYNHIEN,Vietnam,Full,RandomForest,3,1,1.0,1
4060,RCN11459,1181-PF-VN-THUYNHIEN,Vietnam,Full,RandomForest,3,1,1.0,1
4061,RCN11460,1181-PF-VN-THUYNHIEN,Vietnam,Full,RandomForest,3,1,1.0,1
4062,RCN11461,1181-PF-VN-THUYNHIEN,Vietnam,Full,RandomForest,3,1,1.0,1
4063,RCN11462,1181-PF-VN-THUYNHIEN,Vietnam,Full,RandomForest,3,1,1.0,1
4064,RCN11463,1181-PF-VN-THUYNHIEN,Vietnam,Full,RandomForest,3,1,1.0,1
4065,RCN11464,1181-PF-VN-THUYNHIEN,Vietnam,Full,RandomForest,3,1,1.0,1
4066,RCN11465,1181-PF-VN-THUYNHIEN,Vietnam,Full,RandomForest,3,1,1.0,1
4067,RCN11466,1181-PF-VN-THUYNHIEN,Vietnam,Full,RandomForest,3,1,1.0,1
4068,RCN11467,1181-PF-VN-THUYNHIEN,Vietnam,Full,RandomForest,3,0,0.8214901295669519,1
4069,RCN11468,1181-PF-VN-THUYNHIEN,Vietnam,Full,RandomForest,3,1,1.0,1
4070,RCN11469,1181-PF-VN-THUYNHIEN,Vietnam,Full,RandomForest,3,1,1.0,1
4071,RCN11470,1181-PF-VN-THUYNHIEN,Vietnam,Full,RandomForest,3,1,1.0,1
4072,RCN11471,1181-PF-VN-THUYNHIEN,Vietnam,Full,RandomForest,3,1,0.9757148831069918,1
4073,RCN11472,1181-PF-VN-THUYNHIEN,Vietnam,Full,RandomForest,3,1,1.0,1
4074,RCN11473,1181-PF-VN-THUYNHIEN,Vietnam,Full,RandomForest,3,1,1.0,1
4075,RCN11474,1181-PF-VN-THUYNHIEN,Vietnam,Full,RandomForest,3,1,1.0,1
4076,RCN11475,1181-PF-VN-THUYNHIEN,Vietnam,Full,RandomForest,3,1,1.0,1
4077,RCN11476,1181-PF-VN-THUYNHIEN,Vietnam,Full,RandomForest,3,1,1.0,1
4078,RCN11477,1181-PF-VN-THUYNHIEN,Vietnam,Full,RandomForest,3,1,1.0,1
4079,RCN11478,1181-PF-VN-THUYNHIEN,Vietnam,Full,RandomForest,3,1,1.0,1
4080,RCN11479,1181-PF-VN-THUYNHIEN,Vietnam,Full,RandomForest,3,1,1.0,1
4081,RCN11480,1181-PF-VN-THUYNHIEN,Vietnam,Full,RandomForest,3,1,1.0,1
4082,RCN11481,1181-PF-VN-THUYNHIEN,Vietnam,Full,RandomForest,3,1,1.0,1
4506,RCN12357,1195-PF-TRAC2-DONDORP,Thailand,Full,RandomForest,3,1,0.9848453133739394,1
4507,RCN12358,1195-PF-TRAC2-DONDORP,Thailand,Full,RandomForest,3,1,0.9838356643356642,1
4508,RCN12359,1195-PF-TRAC2-DONDORP,Thailand,Full,RandomForest,3,1,0.994611888111888,1
4509,RCN12361,1195-PF-TRAC2-DONDORP,Cambodia,Full,RandomForest,3,1,0.9794572014858276,1
4510,RCN12362,1195-PF-TRAC2-DONDORP,Cambodia,Full,RandomForest,3,1,0.9579900466447931,1
4511,RCN12363,1195-PF-TRAC2-DONDORP,Cambodia,Full,RandomForest,3,1,0.9902334252620514,1
4512,RCN12364,1195-PF-TRAC2-DONDORP,Cambodia,Full,RandomForest,3,1,0.9902334252620514,1
4513,RCN12365,1195-PF-TRAC2-DONDORP,Cambodia,Full,RandomForest,3,0,0.9876089342377685,1
4514,RCN12366,1195-PF-TRAC2-DONDORP,Vietnam,Full,RandomForest,3,1,0.994611888111888,1
4515,RCN12367,1195-PF-TRAC2-DONDORP,Vietnam,Full,RandomForest,3,1,0.9876089342377685,1
4516,RCN12369,1195-PF-TRAC2-DONDORP,Vietnam,Full,RandomForest,3,1,0.9832304713879318,1
4517,RCN12370,1195-PF-TRAC2-DONDORP,Vietnam,Full,RandomForest,3,1,0.994611888111888,1
4518,RCN12371,1195-PF-TRAC2-DONDORP,Vietnam,Full,RandomForest,3,1,0.994611888111888,1
4519,RCN12372,1195-PF-TRAC2-DONDORP,Vietnam,Full,RandomForest,3,1,0.994611888111888,1
4520,RCN12373,1195-PF-TRAC2-DONDORP,Vietnam,Full,RandomForest,3,1,0.9832304713879318,1
4521,RCN12374,1195-PF-TRAC2-DONDORP,Vietnam,Full,RandomForest,3,1,0.9367440192403766,1
4522,RCN12375,1195-PF-TRAC2-DONDORP,Vietnam,Full,RandomForest,3,1,0.8418161572014778,1
4523,RCN12376,1195-PF-TRAC2-DONDORP,Vietnam,Full,RandomForest,3,1,0.8585408349680008,1
4524,RCN12378,1195-PF-TRAC2-DONDORP,Vietnam,Full,RandomForest,3,1,0.9832304713879318,1
4525,RCN12379,1195-PF-TRAC2-DONDORP,Vietnam,Full,RandomForest,3,1,0.9832304713879318,1
4526,RCN12380,1195-PF-TRAC2-DONDORP,Vietnam,Full,RandomForest,3,1,0.9367440192403766,1
4527,RCN12381,1195-PF-TRAC2-DONDORP,Vietnam,Full,RandomForest,3,1,1.0,1
4528,RCN12382,1195-PF-TRAC2-DONDORP,Vietnam,Full,RandomForest,3,1,0.994611888111888,1
4529,RCN12383,1195-PF-TRAC2-DONDORP,Vietnam,Full,RandomForest,3,1,0.994611888111888,1
4530,RCN12384,1195-PF-TRAC2-DONDORP,Vietnam,Full,RandomForest,3,0,0.34020312605710834,0
4531,RCN12385,1195-PF-TRAC2-DONDORP,Vietnam,Full,RandomForest,3,0,0.4975673352350092,0
4532,RCN12386,1195-PF-TRAC2-DONDORP,Vietnam,Full,RandomForest,3,1,0.9788520085380952,1
4533,RCN12387,1195-PF-TRAC2-DONDORP,Vietnam,Full,RandomForest,3,1,0.9832304713879318,1
4534,RCN12388,1195-PF-TRAC2-DONDORP,Vietnam,Full,RandomForest,3,1,0.9876089342377685,1
4535,RCN12389,1195-PF-TRAC2-DONDORP,Vietnam,Full,RandomForest,3,1,0.9718490546639756,1
4536,RCN12390,1195-PF-TRAC2-DONDORP,Vietnam,Full,RandomForest,3,1,0.9902334252620514,1
4537,RCN12391,1195-PF-TRAC2-DONDORP,Vietnam,Full,RandomForest,3,1,0.9902334252620514,1
4538,RCN12393,1195-PF-TRAC2-DONDORP,Vietnam,Full,RandomForest,3,1,0.994611888111888,1
4539,RCN12394,1195-PF-TRAC2-DONDORP,Vietnam,Full,RandomForest,3,0,0.4998278603927032,0
4540,RCN12397,1195-PF-TRAC2-DONDORP,Myanmar,Full,RandomForest,3,0,0.34256942548615466,0
4541,RCN12398,1195-PF-TRAC2-DONDORP,Myanmar,Full,RandomForest,3,0,0.5193418597817513,1
4542,RCN12401,1195-PF-TRAC2-DONDORP,Myanmar,Full,RandomForest,3,1,0.1778791460452824,0
4543,RCN12402,1195-PF-TRAC2-DONDORP,Myanmar,Full,RandomForest,3,1,0.20048916900241323,0
4544,RCN12403,1195-PF-TRAC2-DONDORP,Myanmar,Full,RandomForest,3,1,0.24581514033609103,0
4545,RCN12404,1195-PF-TRAC2-DONDORP,Myanmar,Full,RandomForest,3,1,0.19813780604821912,0
4546,RCN12405,1195-PF-TRAC2-DONDORP,Myanmar,Full,RandomForest,3,0,0.2039401200624058,0
4547,RCN12406,1195-PF-TRAC2-DONDORP,Myanmar,Full,RandomForest,3,0,0.1720646347420422,0
4548,RCN12408,1195-PF-TRAC2-DONDORP,Myanmar,Full,RandomForest,3,0,0.35506907009015876,0
4549,RCN12409,1195-PF-TRAC2-DONDORP,Myanmar,Full,RandomForest,3,0,0.19854515628516822,0
4550,RCN12410,1195-PF-TRAC2-DONDORP,Myanmar,Full,RandomForest,3,0,0.060303432446414264,0
4551,RCN12411,1195-PF-TRAC2-DONDORP,Myanmar,Full,RandomForest,3,0,0.6629956802823593,1
4552,RCN12412,1195-PF-TRAC2-DONDORP,Myanmar,Full,RandomForest,3,0,0.5628839061390563,1
4553,RCN12415,1195-PF-TRAC2-DONDORP,Myanmar,Full,RandomForest,3,0,0.10250022084009189,0
4554,RCN12420,1195-PF-TRAC2-DONDORP,Myanmar,Full,RandomForest,3,0,0.248493310667107,0
4555,RCN12423,1195-PF-TRAC2-DONDORP,Myanmar,Full,RandomForest,3,0,0.138686045550366,0
4620,RCN12593,1195-PF-TRAC2-DONDORP,Thailand,Full,RandomForest,3,1,0.9832304713879318,1
4621,RCN12596,1195-PF-TRAC2-DONDORP,Thailand,Full,RandomForest,3,1,0.9876089342377685,1
4622,RCN12597,1195-PF-TRAC2-DONDORP,Thailand,Full,RandomForest,3,1,0.9788520085380952,1
4623,RCN12599,1195-PF-TRAC2-DONDORP,Thailand,Full,RandomForest,3,1,0.994611888111888,1
4624,RCN12600,1195-PF-TRAC2-DONDORP,Thailand,Full,RandomForest,3,1,0.994611888111888,1
4625,RCN12601,1195-PF-TRAC2-DONDORP,Thailand,Full,RandomForest,3,1,0.9876089342377685,1
4626,RCN12602,1195-PF-TRAC2-DONDORP,Thailand,Full,RandomForest,3,1,0.994611888111888,1
4627,RCN12603,1195-PF-TRAC2-DONDORP,Thailand,Full,RandomForest,3,1,0.994611888111888,1
4628,RCN12604,1195-PF-TRAC2-DONDORP,Thailand,Full,RandomForest,3,1,0.994611888111888,1
4629,RCN12606,1195-PF-TRAC2-DONDORP,Thailand,Full,RandomForest,3,1,0.994611888111888,1
4630,RCN12607,1195-PF-TRAC2-DONDORP,Thailand,Full,RandomForest,3,1,0.9838356643356642,1
4631,RCN12608,1195-PF-TRAC2-DONDORP,Thailand,Full,RandomForest,3,1,0.9902334252620514,1
4632,RCN12612,1195-PF-TRAC2-DONDORP,Thailand,Full,RandomForest,3,1,1.0,1
4633,RCN12613,1195-PF-TRAC2-DONDORP,Thailand,Full,RandomForest,3,1,0.994611888111888,1
4634,RCN12614,1195-PF-TRAC2-DONDORP,Cambodia,Full,RandomForest,3,1,1.0,1
4635,RCN12615,1195-PF-TRAC2-DONDORP,Cambodia,Full,RandomForest,3,1,0.9832304713879318,1
4636,RCN12616,1195-PF-TRAC2-DONDORP,Cambodia,Full,RandomForest,3,1,0.994611888111888,1
4637,RCN12617,1195-PF-TRAC2-DONDORP,Cambodia,Full,RandomForest,3,1,0.9902334252620514,1
4638,RCN12618,1195-PF-TRAC2-DONDORP,Cambodia,Full,RandomForest,3,1,0.9832304713879318,1
4639,RCN12619,1195-PF-TRAC2-DONDORP,Cambodia,Full,RandomForest,3,0,0.7923888854059692,1
4640,RCN12620,1195-PF-TRAC2-DONDORP,Cambodia,Full,RandomForest,3,1,0.994611888111888,1
4641,RCN12621,1195-PF-TRAC2-DONDORP,Cambodia,Full,RandomForest,3,1,1.0,1
4642,RCN12622,1195-PF-TRAC2-DONDORP,Cambodia,Full,RandomForest,3,1,0.994611888111888,1
4788,RCN12976,1195-PF-TRAC2-DONDORP,Cambodia,Full,RandomForest,3,1,0.7477886109888512,1
4789,RCN12978,1195-PF-TRAC2-DONDORP,Cambodia,Full,RandomForest,3,1,0.98,1
4790,RCN12980,1195-PF-TRAC2-DONDORP,Cambodia,Full,RandomForest,3,1,1.0,1
4791,RCN12982,1195-PF-TRAC2-DONDORP,Cambodia,Full,RandomForest,3,0,0.14482230059183032,0
4792,RCN12984,1195-PF-TRAC2-DONDORP,Cambodia,Full,RandomForest,3,1,0.5568651358226552,1
4793,RCN12986,1195-PF-TRAC2-DONDORP,Cambodia,Full,RandomForest,3,1,0.9909244030676192,1
4794,RCN12987,1195-PF-TRAC2-DONDORP,Cambodia,Full,RandomForest,3,1,0.6320478677823664,1
4795,RCN12988,1195-PF-TRAC2-DONDORP,Cambodia,Full,RandomForest,3,1,0.6006502196964294,1
4796,RCN12990,1195-PF-TRAC2-DONDORP,Cambodia,Full,RandomForest,3,1,0.4993888318436823,0
4797,RCN12992,1195-PF-TRAC2-DONDORP,Cambodia,Full,RandomForest,3,1,0.9909244030676192,1
4798,RCN12993,1195-PF-TRAC2-DONDORP,Cambodia,Full,RandomForest,3,1,0.9749310982317749,1
4799,RCN12994,1195-PF-TRAC2-DONDORP,Cambodia,Full,RandomForest,3,1,0.9539846280705896,1
4800,RCN12995,1195-PF-TRAC2-DONDORP,Cambodia,Full,RandomForest,3,1,0.9909244030676192,1
4801,RCN12996,1195-PF-TRAC2-DONDORP,Cambodia,Full,RandomForest,3,1,0.9839214491934996,1
4802,RCN12997,1195-PF-TRAC2-DONDORP,Cambodia,Full,RandomForest,3,1,0.9567874654660062,1
4803,RCN12999,1195-PF-TRAC2-DONDORP,Cambodia,Full,RandomForest,3,1,0.9768327104615447,1
4804,RCN13000,1195-PF-TRAC2-DONDORP,Cambodia,Full,RandomForest,3,1,0.7898036109132738,1
4805,RCN13003,1195-PF-TRAC2-DONDORP,Cambodia,Full,RandomForest,3,1,0.980558174597053,1
4806,RCN13004,1195-PF-TRAC2-DONDORP,Cambodia,Full,RandomForest,3,1,0.5439767462297485,1
4807,RCN13008,1195-PF-TRAC2-DONDORP,Cambodia,Full,RandomForest,3,1,0.7796466119668211,1
4808,RCN13009,1195-PF-TRAC2-DONDORP,Cambodia,Full,RandomForest,3,1,0.994611888111888,1
4809,RCN13010,1195-PF-TRAC2-DONDORP,Cambodia,Full,RandomForest,3,1,0.7335724885158339,1
4810,RCN13012,1195-PF-TRAC2-DONDORP,Cambodia,Full,RandomForest,3,1,0.9724542476117081,1
4811,RCN13013,1195-PF-TRAC2-DONDORP,Cambodia,Full,RandomForest,3,1,0.9656447150521358,1
4812,RCN13014,1195-PF-TRAC2-DONDORP,Cambodia,Full,RandomForest,3,1,0.9876089342377685,1
4813,RCN13015,1195-PF-TRAC2-DONDORP,Cambodia,Full,RandomForest,3,1,0.9838356643356643,1
4814,RCN13016,1195-PF-TRAC2-DONDORP,Cambodia,Full,RandomForest,3,0,0.7164633613387622,1
4815,RCN13017,1195-PF-TRAC2-DONDORP,Cambodia,Full,RandomForest,3,1,0.9876089342377685,1
4816,RCN13018,1195-PF-TRAC2-DONDORP,Cambodia,Full,RandomForest,3,1,0.5532235850249202,1
4817,RCN13019,1195-PF-TRAC2-DONDORP,Cambodia,Full,RandomForest,3,1,0.9686185832760438,1
4818,RCN13020,1195-PF-TRAC2-DONDORP,Cambodia,Full,RandomForest,3,0,0.970256603164024,1
4819,RCN13021,1195-PF-TRAC2-DONDORP,Cambodia,Full,RandomForest,3,1,0.6825901980097592,1
4820,RCN13023,1195-PF-TRAC2-DONDORP,Cambodia,Full,RandomForest,3,1,0.9832304713879318,1
4821,RCN13025,1195-PF-TRAC2-DONDORP,Cambodia,Full,RandomForest,3,1,0.8250507344733516,1
4822,RCN13028,1195-PF-TRAC2-DONDORP,Cambodia,Full,RandomForest,3,1,0.7444499286548028,1
4823,RCN13029,1195-PF-TRAC2-DONDORP,Cambodia,Full,RandomForest,3,1,0.9590844021248631,1
4824,RCN13031,1195-PF-TRAC2-DONDORP,Cambodia,Full,RandomForest,3,1,0.9724542476117081,1
4825,RCN13032,1195-PF-TRAC2-DONDORP,Cambodia,Full,RandomForest,3,1,1.0,1
4826,RCN13034,1195-PF-TRAC2-DONDORP,Cambodia,Full,RandomForest,3,1,0.9892237762237761,1
4827,RCN13036,1195-PF-TRAC2-DONDORP,Cambodia,Full,RandomForest,3,1,0.9810328269402477,1
4828,RCN13037,1195-PF-TRAC2-DONDORP,Cambodia,Full,RandomForest,3,1,1.0,1
4829,RCN13039,1195-PF-TRAC2-DONDORP,Cambodia,Full,RandomForest,3,1,0.9684475524475522,1
4830,RCN13041,1195-PF-TRAC2-DONDORP,Cambodia,Full,RandomForest,3,1,0.8844827563476951,1
4831,RCN13044,1195-PF-TRAC2-DONDORP,Cambodia,Full,RandomForest,3,1,0.7479666954221291,1
4832,RCN13045,1195-PF-TRAC2-DONDORP,Cambodia,Full,RandomForest,3,1,0.994611888111888,1
4833,RCN13048,1195-PF-TRAC2-DONDORP,Cambodia,Full,RandomForest,3,1,0.994611888111888,1
4834,RCN13049,1195-PF-TRAC2-DONDORP,Cambodia,Full,RandomForest,3,0,0.010194208730463965,0
4835,RCN13050,1195-PF-TRAC2-DONDORP,Cambodia,Full,RandomForest,3,1,0.994611888111888,1
4836,RCN13051,1195-PF-TRAC2-DONDORP,Cambodia,Full,RandomForest,3,1,0.994611888111888,1
4837,RCN13052,1195-PF-TRAC2-DONDORP,Cambodia,Full,RandomForest,3,0,0.14786664764240445,0
4838,RCN13053,1195-PF-TRAC2-DONDORP,Cambodia,Full,RandomForest,3,1,0.956979615101654,1
4839,RCN13054,1195-PF-TRAC2-DONDORP,Cambodia,Full,RandomForest,3,1,0.9838356643356643,1
4840,RCN13056,1195-PF-TRAC2-DONDORP,Cambodia,Full,RandomForest,3,1,0.9832304713879318,1
4841,RCN13057,1195-PF-TRAC2-DONDORP,Cambodia,Full,RandomForest,3,1,0.9745572018006992,1
4842,RCN13058,1195-PF-TRAC2-DONDORP,Cambodia,Full,RandomForest,3,1,0.9876089342377685,1
4843,RCN13059,1195-PF-TRAC2-DONDORP,Cambodia,Full,RandomForest,3,1,0.994611888111888,1
4844,RCN13060,1195-PF-TRAC2-DONDORP,Cambodia,Full,RandomForest,3,1,0.9832304713879318,1
4845,RCN13061,1195-PF-TRAC2-DONDORP,Cambodia,Full,RandomForest,3,1,1.0,1
4846,RCN13062,1195-PF-TRAC2-DONDORP,Cambodia,Full,RandomForest,3,1,0.9768327104615447,1
4847,RCN13063,1195-PF-TRAC2-DONDORP,Cambodia,Full,RandomForest,3,1,0.9768327104615447,1
4848,RCN13065,1195-PF-TRAC2-DONDORP,Cambodia,Full,RandomForest,3,1,0.994611888111888,1
4849,RCN13066,1195-PF-TRAC2-DONDORP,Cambodia,Full,RandomForest,3,1,0.9832304713879318,1
4850,RCN13067,1195-PF-TRAC2-DONDORP,Cambodia,Full,RandomForest,3,0,0.14767176799181458,0
4851,RCN13068,1195-PF-TRAC2-DONDORP,Cambodia,Full,RandomForest,3,1,0.994611888111888,1
4852,RCN13069,1195-PF-TRAC2-DONDORP,Cambodia,Full,RandomForest,3,1,0.9876089342377685,1
4853,RCN13070,1195-PF-TRAC2-DONDORP,Cambodia,Full,RandomForest,3,1,0.9368025433818065,1
4854,RCN13071,1195-PF-TRAC2-DONDORP,Cambodia,Full,RandomForest,3,1,0.9838356643356643,1
4855,RCN13072,1195-PF-TRAC2-DONDORP,Cambodia,Full,RandomForest,3,0,0.03458033197886836,0
4856,RCN13073,1195-PF-TRAC2-DONDORP,Cambodia,Full,RandomForest,3,1,0.9794572014858276,1
4857,RCN13074,1195-PF-TRAC2-DONDORP,Cambodia,Full,RandomForest,3,1,0.9714296150702814,1
4858,RCN13075,1195-PF-TRAC2-DONDORP,Cambodia,Full,RandomForest,3,1,0.9801481792913953,1
4859,RCN13076,1195-PF-TRAC2-DONDORP,Cambodia,Full,RandomForest,3,1,0.4742746184138051,0
4860,RCN13077,1195-PF-TRAC2-DONDORP,Cambodia,Full,RandomForest,3,1,0.9902334252620514,1
4861,RCN13078,1195-PF-TRAC2-DONDORP,Cambodia,Full,RandomForest,3,1,0.9876089342377685,1
4862,RCN13079,1195-PF-TRAC2-DONDORP,Cambodia,Full,RandomForest,3,1,0.9876089342377685,1
4863,RCN13080,1195-PF-TRAC2-DONDORP,Cambodia,Full,RandomForest,3,1,0.7960594022087409,1
4864,RCN13081,1195-PF-TRAC2-DONDORP,Cambodia,Full,RandomForest,3,1,0.9876089342377685,1
4865,RCN13082,1195-PF-TRAC2-DONDORP,Cambodia,Full,RandomForest,3,0,0.08354837397794958,0
4866,RCN13083,1195-PF-TRAC2-DONDORP,Cambodia,Full,RandomForest,3,1,0.7870175301758456,1
4867,RCN13084,1195-PF-TRAC2-DONDORP,Cambodia,Full,RandomForest,3,1,0.994611888111888,1
4868,RCN13085,1195-PF-TRAC2-DONDORP,Cambodia,Full,RandomForest,3,0,0.07717966940885579,0
4869,RCN13086,1195-PF-TRAC2-DONDORP,Cambodia,Full,RandomForest,3,1,0.994611888111888,1
4870,RCN13087,1195-PF-TRAC2-DONDORP,Cambodia,Full,RandomForest,3,1,0.9876089342377685,1
4871,RCN13088,1195-PF-TRAC2-DONDORP,Cambodia,Full,RandomForest,3,1,0.9801481792913953,1
4872,RCN13089,1195-PF-TRAC2-DONDORP,Cambodia,Full,RandomForest,3,1,0.9525695379163365,1
4873,RCN13090,1195-PF-TRAC2-DONDORP,Cambodia,Full,RandomForest,3,1,0.9768327104615447,1
4874,RCN13093,1195-PF-TRAC2-DONDORP,Cambodia,Full,RandomForest,3,0,0.19710431724461464,0
4875,RCN13095,1195-PF-TRAC2-DONDORP,Cambodia,Full,RandomForest,3,1,0.9832304713879318,1
4876,RCN13096,1195-PF-TRAC2-DONDORP,Cambodia,Full,RandomForest,3,0,0.15426171328861382,0
4877,RCN13097,1195-PF-TRAC2-DONDORP,Cambodia,Full,RandomForest,3,1,0.9017859555616906,1
4878,RCN13098,1195-PF-TRAC2-DONDORP,Cambodia,Full,RandomForest,3,1,0.9801481792913953,1
4879,RCN13100,1195-PF-TRAC2-DONDORP,Cambodia,Full,RandomForest,3,1,1.0,1
4880,RCN13101,1195-PF-TRAC2-DONDORP,Cambodia,Full,RandomForest,3,0,0.7467288290102833,1
4881,RCN13103,1195-PF-TRAC2-DONDORP,Cambodia,Full,RandomForest,3,1,0.9715207625209757,1
4882,RCN13104,1195-PF-TRAC2-DONDORP,Cambodia,Full,RandomForest,3,0,0.007608934237768592,0
6915,SPT24373,1224-PF-VN-ROSANAS-URGELL,Vietnam,Full,RandomForest,3,1,0.1953909663009765,0
6916,SPT24374,1224-PF-VN-ROSANAS-URGELL,Vietnam,Full,RandomForest,3,0,0.17584727468127995,0
6917,SPT24375,1224-PF-VN-ROSANAS-URGELL,Vietnam,Full,RandomForest,3,0,0.2330047344778261,0
6918,SPT24376,1224-PF-VN-ROSANAS-URGELL,Vietnam,Full,RandomForest,3,1,0.2036812729924145,0
6919,SPT24383,1224-PF-VN-ROSANAS-URGELL,Vietnam,Full,RandomForest,3,1,0.192541740223032,0
6920,SPT24385,1224-PF-VN-ROSANAS-URGELL,Vietnam,Full,RandomForest,3,0,0.2696911262729922,0
6921,SPT24386,1224-PF-VN-ROSANAS-URGELL,Vietnam,Full,RandomForest,3,1,0.192541740223032,0
6922,SPT24393,1224-PF-VN-ROSANAS-URGELL,Vietnam,Full,RandomForest,3,1,0.5049574698772876,1
6923,SPT24399,1224-PF-VN-ROSANAS-URGELL,Vietnam,Full,RandomForest,3,1,0.355523163724809,0
6924,SPT24447,1224-PF-VN-ROSANAS-URGELL,Vietnam,Full,RandomForest,3,1,0.3364800339581829,0
6925,SPT24451,1224-PF-VN-ROSANAS-URGELL,Vietnam,Full,RandomForest,3,1,0.40419768306870396,0
6926,SPT24454,1224-PF-VN-ROSANAS-URGELL,Vietnam,Full,RandomForest,3,1,0.8924368589859688,1
6927,SPT24456,1224-PF-VN-ROSANAS-URGELL,Vietnam,Full,RandomForest,3,1,0.9061129359443798,1
6928,SPT24457,1224-PF-VN-ROSANAS-URGELL,Vietnam,Full,RandomForest,3,1,0.8357654529828332,1
6929,SPT24458,1224-PF-VN-ROSANAS-URGELL,Vietnam,Full,RandomForest,3,1,0.20703023052631053,0
6930,SPT24459,1224-PF-VN-ROSANAS-URGELL,Vietnam,Full,RandomForest,3,1,0.44303670308894744,0
6931,SPT24461,1224-PF-VN-ROSANAS-URGELL,Vietnam,Full,RandomForest,3,1,0.7317524786835711,1
6932,SPT24462,1224-PF-VN-ROSANAS-URGELL,Vietnam,Full,RandomForest,3,1,0.8534510858994393,1
6933,SPT24463,1224-PF-VN-ROSANAS-URGELL,Vietnam,Full,RandomForest,3,1,0.4290394896729173,0
6934,SPT24481,1224-PF-VN-ROSANAS-URGELL,Vietnam,Full,RandomForest,3,0,0.002997046125880482,0
6935,SPT24486,1224-PF-VN-ROSANAS-URGELL,Vietnam,Full,RandomForest,3,0,0.18944964684005686,0
6936,SPT24491,1224-PF-VN-ROSANAS-URGELL,Vietnam,Full,RandomForest,3,0,0.006312514955731036,0
6937,SPT24497,1224-PF-VN-ROSANAS-URGELL,Vietnam,Full,RandomForest,3,1,0.591008285859372,1
6938,SPT24501,1224-PF-VN-ROSANAS-URGELL,Vietnam,Full,RandomForest,3,0,0.05150843787902582,0
6939,SPT24520,1224-PF-VN-ROSANAS-URGELL,Vietnam,Full,RandomForest,3,1,0.3019990050222118,0
6940,SPT24521,1224-PF-VN-ROSANAS-URGELL,Vietnam,Full,RandomForest,3,1,0.33179731992104805,0
6941,SPT24522,1224-PF-VN-ROSANAS-URGELL,Vietnam,Full,RandomForest,3,1,0.22049846518455904,0
6942,SPT24525,1224-PF-VN-ROSANAS-URGELL,Vietnam,Full,RandomForest,3,1,0.25955770025682323,0
6943,SPT24526,1224-PF-VN-ROSANAS-URGELL,Vietnam,Full,RandomForest,3,1,0.3168596916238815,0
6944,SPT24527,1224-PF-VN-ROSANAS-URGELL,Vietnam,Full,RandomForest,3,1,0.23703473379399195,0
6945,SPT24530,1224-PF-VN-ROSANAS-URGELL,Vietnam,Full,RandomForest,3,1,0.29661089313409994,0
6946,SPT24532,1224-PF-VN-ROSANAS-URGELL,Vietnam,Full,RandomForest,3,1,0.325484804965317,0
6947,SPT24533,1224-PF-VN-ROSANAS-URGELL,Vietnam,Full,RandomForest,3,1,0.28449532855398973,0
6948,SPT24535,1224-PF-VN-ROSANAS-URGELL,Vietnam,Full,RandomForest,3,1,0.37333564318996826,0
6949,SPT24538,1224-PF-VN-ROSANAS-URGELL,Vietnam,Full,RandomForest,3,1,0.325484804965317,0
6950,SPT24539,1224-PF-VN-ROSANAS-URGELL,Vietnam,Full,RandomForest,3,1,0.29313980503755893,0
6951,SPT24540,1224-PF-VN-ROSANAS-URGELL,Vietnam,Full,RandomForest,3,1,0.3411602981114079,0
6952,SPT24541,1224-PF-VN-ROSANAS-URGELL,Vietnam,Full,RandomForest,3,1,0.3019990050222118,0
6953,SPT24543,1224-PF-VN-ROSANAS-URGELL,Vietnam,Full,RandomForest,3,1,0.3038571568429537,0
6954,SPT24547,1224-PF-VN-ROSANAS-URGELL,Vietnam,Full,RandomForest,3,1,0.6679354022851024,1
6955,SPT24554,1224-PF-VN-ROSANAS-URGELL,Vietnam,Full,RandomForest,3,0,0.024069089597715823,0
6956,SPT24557,1224-PF-VN-ROSANAS-URGELL,Vietnam,Full,RandomForest,3,0,0.1442975605246018,0
6957,SPT24558,1224-PF-VN-ROSANAS-URGELL,Vietnam,Full,RandomForest,3,0,0.2444713971724384,0
6958,SPT24559,1224-PF-VN-ROSANAS-URGELL,Vietnam,Full,RandomForest,3,0,0.2941326661524506,0
6959,SPT24561,1224-PF-VN-ROSANAS-URGELL,Vietnam,Full,RandomForest,3,0,0.29094773792713746,0
6960,SPT24562,1224-PF-VN-ROSANAS-URGELL,Vietnam,Full,RandomForest,3,0,0.22646591390597062,0
6961,SPT24568,1224-PF-VN-ROSANAS-URGELL,Vietnam,Full,RandomForest,3,0,0.2311263510786474,0
6962,SPT24583,1224-PF-VN-ROSANAS-URGELL,Vietnam,Full,RandomForest,3,1,0.3463983283906553,0
6963,SPT24585,1224-PF-VN-ROSANAS-URGELL,Vietnam,Full,RandomForest,3,1,0.2990257154600289,0
6964,SPT24587,1224-PF-VN-ROSANAS-URGELL,Vietnam,Full,RandomForest,3,1,0.33179731992104805,0
6965,SPT24589,1224-PF-VN-ROSANAS-URGELL,Vietnam,Full,RandomForest,3,1,0.36192635121331906,0
6966,SPT24590,1224-PF-VN-ROSANAS-URGELL,Vietnam,Full,RandomForest,3,1,0.2881828135982587,0
6967,SPT24591,1224-PF-VN-ROSANAS-URGELL,Vietnam,Full,RandomForest,3,1,0.45900167018891175,0
6968,SPT24593,1224-PF-VN-ROSANAS-URGELL,Vietnam,Full,RandomForest,3,1,0.3771646929882544,0
6969,SPT24601,1224-PF-VN-ROSANAS-URGELL,Vietnam,Full,RandomForest,3,1,0.29016967179868475,0
6970,SPT24602,1224-PF-VN-ROSANAS-URGELL,Vietnam,Full,RandomForest,3,1,0.3403153934539172,0
6971,SPT24603,1224-PF-VN-ROSANAS-URGELL,Vietnam,Full,RandomForest,3,1,0.28449532855398973,0
6972,SPT24604,1224-PF-VN-ROSANAS-URGELL,Vietnam,Full,RandomForest,3,1,0.3067424647722389,0
6973,SPT24607,1224-PF-VN-ROSANAS-URGELL,Vietnam,Full,RandomForest,3,1,0.25955770025682323,0
6974,SPT24608,1224-PF-VN-ROSANAS-URGELL,Vietnam,Full,RandomForest,3,1,0.25955770025682323,0
6975,SPT24610,1224-PF-VN-ROSANAS-URGELL,Vietnam,Full,RandomForest,3,1,0.3269053722530795,0
6976,SPT24613,1224-PF-VN-ROSANAS-URGELL,Vietnam,Full,RandomForest,3,1,0.3793152641892811,0
6977,SPT24616,1224-PF-VN-ROSANAS-URGELL,Vietnam,Full,RandomForest,3,1,0.27543609348172554,0
6978,SPT24617,1224-PF-VN-ROSANAS-URGELL,Vietnam,Full,RandomForest,3,1,0.2704026049143139,0
6979,SPT24618,1224-PF-VN-ROSANAS-URGELL,Vietnam,Full,RandomForest,3,1,0.3638064228028576,0
6980,SPT24620,1224-PF-VN-ROSANAS-URGELL,Vietnam,Full,RandomForest,3,1,0.23464263699815904,0
6981,SPT24621,1224-PF-VN-ROSANAS-URGELL,Vietnam,Full,RandomForest,3,1,0.3887529809345228,0
6982,SPT24624,1224-PF-VN-ROSANAS-URGELL,Vietnam,Full,RandomForest,3,1,0.2393860967481861,0
6983,SPT24625,1224-PF-VN-ROSANAS-URGELL,Vietnam,Full,RandomForest,3,1,0.32107654468417535,0
6984,SPT24626,1224-PF-VN-ROSANAS-URGELL,Vietnam,Full,RandomForest,3,1,0.25955770025682323,0
6985,SPT24627,1224-PF-VN-ROSANAS-URGELL,Vietnam,Full,RandomForest,3,1,0.3135423211727478,0
6986,SPT24630,1224-PF-VN-ROSANAS-URGELL,Vietnam,Full,RandomForest,3,1,0.3962424981624112,0
6987,SPT24634,1224-PF-VN-ROSANAS-URGELL,Vietnam,Full,RandomForest,3,1,0.22049846518455904,0
6988,SPT24635,1224-PF-VN-ROSANAS-URGELL,Vietnam,Full,RandomForest,3,1,0.3481238234577285,0
6989,SPT24636,1224-PF-VN-ROSANAS-URGELL,Vietnam,Full,RandomForest,3,1,0.16885031754824179,0
6990,SPT24638,1224-PF-VN-ROSANAS-URGELL,Vietnam,Full,RandomForest,3,1,0.3528726359780123,0
6991,SPT24639,1224-PF-VN-ROSANAS-URGELL,Vietnam,Full,RandomForest,3,1,0.27818281359825875,0
6992,SPT24641,1224-PF-VN-ROSANAS-URGELL,Vietnam,Full,RandomForest,3,1,0.3019990050222118,0
6993,SPT24642,1224-PF-VN-ROSANAS-URGELL,Vietnam,Full,RandomForest,3,1,0.28449532855398973,0
6994,SPT24643,1224-PF-VN-ROSANAS-URGELL,Vietnam,Full,RandomForest,3,1,0.2798834404421016,0
6995,SPT24644,1224-PF-VN-ROSANAS-URGELL,Vietnam,Full,RandomForest,3,1,0.30883567018202673,0
6996,SPT24645,1224-PF-VN-ROSANAS-URGELL,Vietnam,Full,RandomForest,3,1,0.3019990050222118,0
6997,SPT24646,1224-PF-VN-ROSANAS-URGELL,Vietnam,Full,RandomForest,3,1,0.33179731992104805,0
6998,SPT24647,1224-PF-VN-ROSANAS-URGELL,Vietnam,Full,RandomForest,3,1,0.17423842943635368,0
6999,SPT24648,1224-PF-VN-ROSANAS-URGELL,Vietnam,Full,RandomForest,3,1,0.25955770025682323,0
7000,SPT24649,1224-PF-VN-ROSANAS-URGELL,Vietnam,Full,RandomForest,3,1,0.25955770025682323,0
7001,SPT24650,1224-PF-VN-ROSANAS-URGELL,Vietnam,Full,RandomForest,3,1,0.30900298992993286,0
7002,SPT24653,1224-PF-VN-ROSANAS-URGELL,Vietnam,Full,RandomForest,3,1,0.3636725686832458,0
7003,SPT24654,1224-PF-VN-ROSANAS-URGELL,Vietnam,Full,RandomForest,3,1,0.2393860967481861,0
7004,SPT24708,1224-PF-VN-ROSANAS-URGELL,Vietnam,Full,RandomForest,3,0,0.0,0
7005,SPT24709,1224-PF-VN-ROSANAS-URGELL,Vietnam,Full,RandomForest,3,0,0.05528610912751737,0
7006,SPT24716,1224-PF-VN-ROSANAS-URGELL,Vietnam,Full,RandomForest,3,0,0.009309561081611517,0
7007,SPT24719,1224-PF-VN-ROSANAS-URGELL,Vietnam,Full,RandomForest,3,0,0.0714531571758438,0
7008,SPT24724,1224-PF-VN-ROSANAS-URGELL,Vietnam,Full,RandomForest,3,0,0.010464787815217792,0
7009,SPT24725,1224-PF-VN-ROSANAS-URGELL,Vietnam,Full,RandomForest,3,0,0.006312514955731036,0
7010,SPT24730,1224-PF-VN-ROSANAS-URGELL,Vietnam,Full,RandomForest,3,0,0.006312514955731036,0
7011,SPT24733,1224-PF-VN-ROSANAS-URGELL,Vietnam,Full,RandomForest,3,0,0.0,0
7012,SPT24741,1224-PF-VN-ROSANAS-URGELL,Vietnam,Full,RandomForest,3,0,0.04419278345726946,0
7013,SPT24755,1224-PF-VN-ROSANAS-URGELL,Vietnam,Full,RandomForest,3,1,0.316843725970134,0
7014,SPT24756,1224-PF-VN-ROSANAS-URGELL,Vietnam,Full,RandomForest,3,1,0.2846653540639862,0
7015,SPT24758,1224-PF-VN-ROSANAS-URGELL,Vietnam,Full,RandomForest,3,1,0.29765793788124034,0
7016,SPT24760,1224-PF-VN-ROSANAS-URGELL,Vietnam,Full,RandomForest,3,1,0.029223776223776223,0
7017,SPT24763,1224-PF-VN-ROSANAS-URGELL,Vietnam,Full,RandomForest,3,0,0.1692451693325715,0
7018,SPT24766,1224-PF-VN-ROSANAS-URGELL,Vietnam,Full,RandomForest,3,1,0.0,0
7019,SPT24771,1224-PF-VN-ROSANAS-URGELL,Vietnam,Full,RandomForest,3,0,0.5848877184614331,1
7020,SPT24772,1224-PF-VN-ROSANAS-URGELL,Vietnam,Full,RandomForest,3,0,0.0,0
7021,SPT24773,1224-PF-VN-ROSANAS-URGELL,Vietnam,Full,RandomForest,3,1,0.0,0
7022,SPT24774,1224-PF-VN-ROSANAS-URGELL,Vietnam,Full,RandomForest,3,1,0.0,0
7023,SPT24781,1224-PF-VN-ROSANAS-URGELL,Vietnam,Full,RandomForest,3,0,0.11425183204388802,0
7024,SPT24782,1224-PF-VN-ROSANAS-URGELL,Vietnam,Full,RandomForest,3,1,0.11472036459524616,0
7025,SPT24785,1224-PF-VN-ROSANAS-URGELL,Vietnam,Full,RandomForest,3,1,0.10552773180985422,0
7026,SPT24786,1224-PF-VN-ROSANAS-URGELL,Vietnam,Full,RandomForest,3,1,0.08003015520812784,0
7027,SPT24787,1224-PF-VN-ROSANAS-URGELL,Vietnam,Full,RandomForest,3,0,0.02273345378409074,0
7028,SPT24789,1224-PF-VN-ROSANAS-URGELL,Vietnam,Full,RandomForest,3,1,0.036663616651508565,0
7029,SPT24792,1224-PF-VN-ROSANAS-URGELL,Vietnam,Full,RandomForest,3,0,0.26571831026297543,0
7030,SPT24796,1224-PF-VN-ROSANAS-URGELL,Vietnam,Full,RandomForest,3,0,0.0462020829113734,0
7031,SPT24814,1224-PF-VN-ROSANAS-URGELL,Vietnam,Full,RandomForest,3,1,0.9070440310307236,1
7032,SPT24826,1224-PF-VN-ROSANAS-URGELL,Vietnam,Full,RandomForest,3,0,0.3589709642568121,0
7033,SPT24861,1224-PF-VN-ROSANAS-URGELL,Vietnam,Full,RandomForest,3,0,0.2383486249411567,0
7034,SPT24899,1224-PF-VN-ROSANAS-URGELL,Vietnam,Full,RandomForest,3,0,0.0409473373519069,0
7035,SPT25104,1224-PF-VN-ROSANAS-URGELL,Vietnam,Full,RandomForest,3,0,0.007608934237768592,0
7036,SPT25106,1224-PF-VN-ROSANAS-URGELL,Vietnam,Full,RandomForest,3,1,0.36686210976302397,0
7037,SPT25108,1224-PF-VN-ROSANAS-URGELL,Vietnam,Full,RandomForest,3,0,0.0,0
7038,SPT25109,1224-PF-VN-ROSANAS-URGELL,Vietnam,Full,RandomForest,3,1,0.5999227391704665,1
7039,SPT25110,1224-PF-VN-ROSANAS-URGELL,Vietnam,Full,RandomForest,3,1,0.054086690673723015,0
7040,SPT25111,1224-PF-VN-ROSANAS-URGELL,Vietnam,Full,RandomForest,3,1,0.30063227230024947,0
7041,SPT25112,1224-PF-VN-ROSANAS-URGELL,Vietnam,Full,RandomForest,3,1,0.3513124074846629,0
7042,SPT25114,1224-PF-VN-ROSANAS-URGELL,Vietnam,Full,RandomForest,3,1,0.20749575014370733,0
7043,SPT25115,1224-PF-VN-ROSANAS-URGELL,Vietnam,Full,RandomForest,3,1,0.20527595882765215,0
7044,SPT25116,1224-PF-VN-ROSANAS-URGELL,Vietnam,Full,RandomForest,3,0,0.2912845086717803,0
7045,SPT25120,1224-PF-VN-ROSANAS-URGELL,Vietnam,Full,RandomForest,3,1,0.19527595882765214,0
7046,SPT25121,1224-PF-VN-ROSANAS-URGELL,Vietnam,Full,RandomForest,3,1,0.3332714529821772,0
7047,SPT25122,1224-PF-VN-ROSANAS-URGELL,Vietnam,Full,RandomForest,3,1,0.23954384326110006,0
7048,SPT25123,1224-PF-VN-ROSANAS-URGELL,Vietnam,Full,RandomForest,3,1,0.4520636248303431,0
7049,SPT25124,1224-PF-VN-ROSANAS-URGELL,Vietnam,Full,RandomForest,3,1,0.44765372140309106,0
7050,SPT25125,1224-PF-VN-ROSANAS-URGELL,Vietnam,Full,RandomForest,3,1,0.45906064484784964,0
7051,SPT25126,1224-PF-VN-ROSANAS-URGELL,Vietnam,Full,RandomForest,3,1,0.33112372645383253,0
7052,SPT25127,1224-PF-VN-ROSANAS-URGELL,Vietnam,Full,RandomForest,3,1,0.36877308214167526,0
7053,SPT25128,1224-PF-VN-ROSANAS-URGELL,Vietnam,Full,RandomForest,3,1,0.4239191276472188,0
7054,SPT25129,1224-PF-VN-ROSANAS-URGELL,Vietnam,Full,RandomForest,3,1,0.4251300573409155,0
7055,SPT25130,1224-PF-VN-ROSANAS-URGELL,Vietnam,Full,RandomForest,3,1,0.56418267486886,1
7056,SPT25132,1224-PF-VN-ROSANAS-URGELL,Vietnam,Full,RandomForest,3,1,0.23049279626958782,0
7057,SPT25133,1224-PF-VN-ROSANAS-URGELL,Vietnam,Full,RandomForest,3,1,0.3425608693871712,0
7058,SPT25135,1224-PF-VN-ROSANAS-URGELL,Vietnam,Full,RandomForest,3,1,0.3469446779323409,0
7059,SPT25138,1224-PF-VN-ROSANAS-URGELL,Vietnam,Full,RandomForest,3,1,0.05716831098011751,0
7060,SPT25139,1224-PF-VN-ROSANAS-URGELL,Vietnam,Full,RandomForest,3,0,0.3586583225005169,0
7061,SPT25144,1224-PF-VN-ROSANAS-URGELL,Vietnam,Full,RandomForest,3,1,0.02586104051450863,0
7062,SPT25145,1224-PF-VN-ROSANAS-URGELL,Vietnam,Full,RandomForest,3,1,0.18527595882765216,0
7063,SPT25147,1224-PF-VN-ROSANAS-URGELL,Vietnam,Full,RandomForest,3,0,0.3379407963392538,0
7064,SPT25151,1224-PF-VN-ROSANAS-URGELL,Vietnam,Full,RandomForest,3,0,0.3523458075447858,0
7065,SPT25157,1224-PF-VN-ROSANAS-URGELL,Vietnam,Full,RandomForest,3,1,0.18988784693954028,0
7066,SPT25158,1224-PF-VN-ROSANAS-URGELL,Vietnam,Full,RandomForest,3,1,0.29011967105702147,0
7067,SPT25159,1224-PF-VN-ROSANAS-URGELL,Vietnam,Full,RandomForest,3,0,0.0,0
7068,SPT25160,1224-PF-VN-ROSANAS-URGELL,Vietnam,Full,RandomForest,3,1,0.18988784693954028,0
7069,SPT25162,1224-PF-VN-ROSANAS-URGELL,Vietnam,Full,RandomForest,3,1,0.048212403468702744,0
112,PD0459-Cx,1052-PF-TRAC-WHITE,Thailand,Full,RandomForest,4,1,0.48667129508103923,0
113,PD0460-C,1052-PF-TRAC-WHITE,Thailand,Full,RandomForest,4,0,0.30375264869382385,0
114,PD0461-C,1052-PF-TRAC-WHITE,Thailand,Full,RandomForest,4,0,0.19821236819114443,0
115,PD0462-C,1052-PF-TRAC-WHITE,Thailand,Full,RandomForest,4,1,0.4472277463530732,0
116,PD0467-C,1052-PF-TRAC-WHITE,Thailand,Full,RandomForest,4,0,0.5347133545731937,1
117,PD0469-C,1052-PF-TRAC-WHITE,Thailand,Full,RandomForest,4,0,0.3093788506241621,0
118,PD0470-C,1052-PF-TRAC-WHITE,Thailand,Full,RandomForest,4,1,0.5562680143862307,1
119,PD0471-C,1052-PF-TRAC-WHITE,Thailand,Full,RandomForest,4,1,0.27377328556854186,0
120,PD0472-C,1052-PF-TRAC-WHITE,Thailand,Full,RandomForest,4,0,0.39823929711984024,0
121,PD0473-C,1052-PF-TRAC-WHITE,Thailand,Full,RandomForest,4,1,0.4630674327698891,0
122,PD0474-C,1052-PF-TRAC-WHITE,Thailand,Full,RandomForest,4,0,0.3160679482532341,0
123,PD0475-C,1052-PF-TRAC-WHITE,Thailand,Full,RandomForest,4,0,0.3851584859563101,0
124,PD0476-C,1052-PF-TRAC-WHITE,Thailand,Full,RandomForest,4,0,0.5022971448089516,1
125,PD0477-C,1052-PF-TRAC-WHITE,Thailand,Full,RandomForest,4,1,0.5326911995295692,1
126,PD0478-C,1052-PF-TRAC-WHITE,Thailand,Full,RandomForest,4,1,0.25996416882645695,0
127,PD0480-C,1052-PF-TRAC-WHITE,Thailand,Full,RandomForest,4,1,0.3670420506164272,0
128,PD0481-C,1052-PF-TRAC-WHITE,Thailand,Full,RandomForest,4,1,0.5902366785316947,1
129,PD0483-C,1052-PF-TRAC-WHITE,Thailand,Full,RandomForest,4,0,0.591414343479465,1
130,PD0487-C,1052-PF-TRAC-WHITE,Thailand,Full,RandomForest,4,1,0.708991495352726,1
131,PD0488-C,1052-PF-TRAC-WHITE,Thailand,Full,RandomForest,4,0,0.5704911174693998,1
132,PD0489-C,1052-PF-TRAC-WHITE,Thailand,Full,RandomForest,4,0,0.20818083570424048,0
133,PD0490-C,1052-PF-TRAC-WHITE,Thailand,Full,RandomForest,4,0,0.5664242905441292,1
134,PD0491-C,1052-PF-TRAC-WHITE,Thailand,Full,RandomForest,4,1,0.36001337003661665,0
135,PD0493-C,1052-PF-TRAC-WHITE,Thailand,Full,RandomForest,4,0,0.2624343276352826,0
136,PD0494-C,1052-PF-TRAC-WHITE,Thailand,Full,RandomForest,4,0,0.5486300493466417,1
137,PD0495-C,1052-PF-TRAC-WHITE,Thailand,Full,RandomForest,4,1,0.5188070752352522,1
138,PD0496-C,1052-PF-TRAC-WHITE,Thailand,Full,RandomForest,4,1,0.6484743248220347,1
139,PD0497-C,1052-PF-TRAC-WHITE,Thailand,Full,RandomForest,4,1,0.409873188564276,0
140,PD0498-C,1052-PF-TRAC-WHITE,Thailand,Full,RandomForest,4,1,0.847093398726077,1
141,PD0499-C,1052-PF-TRAC-WHITE,Thailand,Full,RandomForest,4,1,0.6844866909573197,1
142,PD0500-C,1052-PF-TRAC-WHITE,Thailand,Full,RandomForest,4,1,0.98520973462221,1
143,PD0501-C,1052-PF-TRAC-WHITE,Thailand,Full,RandomForest,4,1,0.9855788206809776,1
144,PD0502-C,1052-PF-TRAC-WHITE,Thailand,Full,RandomForest,4,1,0.847093398726077,1
145,PD0503-C,1052-PF-TRAC-WHITE,Thailand,Full,RandomForest,4,1,0.7536410594583655,1
146,PD0504-C,1052-PF-TRAC-WHITE,Thailand,Full,RandomForest,4,1,0.5618227027023844,1
147,PD0505-C,1052-PF-TRAC-WHITE,Thailand,Full,RandomForest,4,1,0.5618227027023844,1
148,PD0506-C,1052-PF-TRAC-WHITE,Thailand,Full,RandomForest,4,1,0.5556967037416587,1
149,PD0507-C,1052-PF-TRAC-WHITE,Thailand,Full,RandomForest,4,0,0.25730652510385793,0
150,PD0508-C,1052-PF-TRAC-WHITE,Thailand,Full,RandomForest,4,1,0.5618227027023844,1
151,PD0509-Cx2,1052-PF-TRAC-WHITE,Thailand,Full,RandomForest,4,1,0.5614594744615904,1
152,PD0510-C,1052-PF-TRAC-WHITE,Thailand,Full,RandomForest,4,1,0.16717906546427433,0
153,PD0511-C,1052-PF-TRAC-WHITE,Thailand,Full,RandomForest,4,0,0.4296050361732982,0
154,PD0512-C,1052-PF-TRAC-WHITE,Thailand,Full,RandomForest,4,1,0.45346605025238773,0
155,PD0513-C,1052-PF-TRAC-WHITE,Thailand,Full,RandomForest,4,1,0.44043249403412715,0
156,PD0514-C,1052-PF-TRAC-WHITE,Thailand,Full,RandomForest,4,1,0.48583865368032003,0
157,PD0515-C,1052-PF-TRAC-WHITE,Thailand,Full,RandomForest,4,1,0.30548941362121435,0
158,PD0516-C,1052-PF-TRAC-WHITE,Thailand,Full,RandomForest,4,1,0.6142320389691861,1
159,PD0518-C,1052-PF-TRAC-WHITE,Thailand,Full,RandomForest,4,1,0.5048447591828491,1
160,PD0520-C,1052-PF-TRAC-WHITE,Thailand,Full,RandomForest,4,1,0.6478835791142085,1
161,PD0521-C,1052-PF-TRAC-WHITE,Thailand,Full,RandomForest,4,1,0.18723891209269408,0
162,PD0522-C,1052-PF-TRAC-WHITE,Thailand,Full,RandomForest,4,1,0.40082741737680655,0
163,PD0523-C,1052-PF-TRAC-WHITE,Thailand,Full,RandomForest,4,1,0.18723891209269408,0
164,PD0524-C,1052-PF-TRAC-WHITE,Thailand,Full,RandomForest,4,0,0.45145592980314314,0
165,PD0525-C,1052-PF-TRAC-WHITE,Thailand,Full,RandomForest,4,1,0.6990234139841133,1
166,PD0527-C,1052-PF-TRAC-WHITE,Thailand,Full,RandomForest,4,1,0.623889454772078,1
167,PD0528-C,1052-PF-TRAC-WHITE,Thailand,Full,RandomForest,4,1,0.20819419976254327,0
168,PD0529-C,1052-PF-TRAC-WHITE,Thailand,Full,RandomForest,4,1,0.3946038058265242,0
169,PD0530-C,1052-PF-TRAC-WHITE,Thailand,Full,RandomForest,4,1,0.5724243044081951,1
170,PD0531-C,1052-PF-TRAC-WHITE,Thailand,Full,RandomForest,4,1,0.5077714864044031,1
171,PD0532-C,1052-PF-TRAC-WHITE,Thailand,Full,RandomForest,4,0,0.41321996105866643,0
172,PD0533-C,1052-PF-TRAC-WHITE,Thailand,Full,RandomForest,4,1,0.5372573620951068,1
173,PD0534-C,1052-PF-TRAC-WHITE,Thailand,Full,RandomForest,4,1,0.4411993501588036,0
174,PD0535-C,1052-PF-TRAC-WHITE,Thailand,Full,RandomForest,4,1,0.5486300493466417,1
175,PD0536-C,1052-PF-TRAC-WHITE,Thailand,Full,RandomForest,4,0,0.4862517060591174,0
176,PD0537-C,1052-PF-TRAC-WHITE,Thailand,Full,RandomForest,4,1,0.4146366390445404,0
177,PD0538-C,1052-PF-TRAC-WHITE,Thailand,Full,RandomForest,4,1,0.48674825239220665,0
178,PD0539-C,1052-PF-TRAC-WHITE,Thailand,Full,RandomForest,4,1,0.32649367502688487,0
179,PD0540-C,1052-PF-TRAC-WHITE,Thailand,Full,RandomForest,4,1,0.5746808150328027,1
180,PD0541-C,1052-PF-TRAC-WHITE,Thailand,Full,RandomForest,4,0,0.20922562983735443,0
181,PD0543-C,1052-PF-TRAC-WHITE,Thailand,Full,RandomForest,4,0,0.5745886949381501,1
182,PD0544-C,1052-PF-TRAC-WHITE,Thailand,Full,RandomForest,4,0,0.5938106269037078,1
183,PD0545-C,1052-PF-TRAC-WHITE,Thailand,Full,RandomForest,4,1,0.5816013333695114,1
184,PD0546-C,1052-PF-TRAC-WHITE,Thailand,Full,RandomForest,4,1,0.606551820558881,1
185,PD0547-C,1052-PF-TRAC-WHITE,Thailand,Full,RandomForest,4,1,0.5704911174693998,1
186,PD0548-C,1052-PF-TRAC-WHITE,Thailand,Full,RandomForest,4,1,0.5383270340069058,1
187,PD0549-C,1052-PF-TRAC-WHITE,Thailand,Full,RandomForest,4,1,0.6213876135166251,1
188,PD0550-C,1052-PF-TRAC-WHITE,Thailand,Full,RandomForest,4,0,0.5694096279857999,1
189,PD0552-C,1052-PF-TRAC-WHITE,Thailand,Full,RandomForest,4,1,0.4296071836065222,0
190,PD0553-C,1052-PF-TRAC-WHITE,Thailand,Full,RandomForest,4,1,0.6584489579409301,1
191,PD0554-C,1052-PF-TRAC-WHITE,Thailand,Full,RandomForest,4,1,0.46167975136911676,0
192,PD0556-C,1052-PF-TRAC-WHITE,Thailand,Full,RandomForest,4,1,0.5590329626036676,1
193,PD0557-C,1052-PF-TRAC-WHITE,Thailand,Full,RandomForest,4,1,0.5885614923552727,1
194,PD0558-C,1052-PF-TRAC-WHITE,Thailand,Full,RandomForest,4,1,0.4199975919759332,0
195,PD0559-C,1052-PF-TRAC-WHITE,Thailand,Full,RandomForest,4,1,0.5212779624466956,1
196,PD0561-C,1052-PF-TRAC-WHITE,Thailand,Full,RandomForest,4,0,0.3456045979393446,0
197,PD0562-C,1052-PF-TRAC-WHITE,Thailand,Full,RandomForest,4,1,0.5353684146319242,1
198,PD0563-C,1052-PF-TRAC-WHITE,Thailand,Full,RandomForest,4,1,0.5661778229207856,1
199,PD0564-C,1052-PF-TRAC-WHITE,Thailand,Full,RandomForest,4,1,0.5590329626036676,1
200,PD0565-C,1052-PF-TRAC-WHITE,Thailand,Full,RandomForest,4,1,0.591414343479465,1
201,PD0567-C,1052-PF-TRAC-WHITE,Thailand,Full,RandomForest,4,0,0.5403812180479924,1
202,PD0569-C,1052-PF-TRAC-WHITE,Thailand,Full,RandomForest,4,1,0.6048789265540591,1
203,PD0570-C,1052-PF-TRAC-WHITE,Thailand,Full,RandomForest,4,1,0.6990234139841133,1
204,PD0571-C,1052-PF-TRAC-WHITE,Thailand,Full,RandomForest,4,1,0.6811056778891077,1
205,PD0572-C,1052-PF-TRAC-WHITE,Thailand,Full,RandomForest,4,1,0.5465514802779983,1
206,PD0573-C,1052-PF-TRAC-WHITE,Thailand,Full,RandomForest,4,1,0.6432230854878834,1
207,PD0574-C,1052-PF-TRAC-WHITE,Thailand,Full,RandomForest,4,0,0.3144823674873587,0
208,PD0575-C,1052-PF-TRAC-WHITE,Thailand,Full,RandomForest,4,1,0.8508519695789859,1
209,PD0576-C,1052-PF-TRAC-WHITE,Thailand,Full,RandomForest,4,1,0.7475712597069065,1
210,PD0578-C,1052-PF-TRAC-WHITE,Thailand,Full,RandomForest,4,1,0.5909751402284544,1
211,PD0579-C,1052-PF-TRAC-WHITE,Thailand,Full,RandomForest,4,1,0.7977834587877044,1
212,PD0580-C,1052-PF-TRAC-WHITE,Thailand,Full,RandomForest,4,1,0.8508519695789859,1
213,PD0581-C,1052-PF-TRAC-WHITE,Thailand,Full,RandomForest,4,1,0.611441579514736,1
214,PD0582-C,1052-PF-TRAC-WHITE,Thailand,Full,RandomForest,4,0,0.7235549437754709,1
215,PD0583-C,1052-PF-TRAC-WHITE,Thailand,Full,RandomForest,4,1,0.4595273729955759,0
216,PD0584-C,1052-PF-TRAC-WHITE,Thailand,Full,RandomForest,4,1,0.4595273729955759,0
217,PD0585-C,1052-PF-TRAC-WHITE,Thailand,Full,RandomForest,4,0,0.4243501813882265,0
218,PD0586-C,1052-PF-TRAC-WHITE,Thailand,Full,RandomForest,4,0,0.7216790754830109,1
219,PD0587-C,1052-PF-TRAC-WHITE,Thailand,Full,RandomForest,4,1,0.4481088579777569,0
220,PD0589-C,1052-PF-TRAC-WHITE,Thailand,Full,RandomForest,4,0,0.1248605247800048,0
221,PD0590-C,1052-PF-TRAC-WHITE,Thailand,Full,RandomForest,4,1,0.5830098220915869,1
222,PD0591-C,1052-PF-TRAC-WHITE,Thailand,Full,RandomForest,4,1,0.6638597539431709,1
223,PD0626-C,1052-PF-TRAC-WHITE,Thailand,Full,RandomForest,4,0,0.35914961768248205,0
224,PD0627-C,1052-PF-TRAC-WHITE,Thailand,Full,RandomForest,4,1,0.39947187852070093,0
225,PD0629-C,1052-PF-TRAC-WHITE,Thailand,Full,RandomForest,4,1,0.4501242571586305,0
226,PD0630-C,1052-PF-TRAC-WHITE,Thailand,Full,RandomForest,4,0,0.44608224518247697,0
227,PD0632-C,1052-PF-TRAC-WHITE,Thailand,Full,RandomForest,4,0,0.5772722751614047,1
228,PD0635-C,1052-PF-TRAC-WHITE,Thailand,Full,RandomForest,4,1,0.4820856436608487,0
229,PD0636-C,1052-PF-TRAC-WHITE,Thailand,Full,RandomForest,4,1,0.4852557193785952,0
230,PD0637-C,1052-PF-TRAC-WHITE,Thailand,Full,RandomForest,4,0,0.1757573255283817,0
231,PD0638-C,1052-PF-TRAC-WHITE,Thailand,Full,RandomForest,4,0,0.4909829643684085,0
232,PD0648-C,1052-PF-TRAC-WHITE,Thailand,Full,RandomForest,4,1,0.4622408423381005,0
233,PD0651-C,1052-PF-TRAC-WHITE,Thailand,Full,RandomForest,4,1,0.9868971724823381,1
234,PD0658-C,1052-PF-TRAC-WHITE,Thailand,Full,RandomForest,4,1,0.8508519695789859,1
235,PD0659-C,1052-PF-TRAC-WHITE,Thailand,Full,RandomForest,4,1,0.8508519695789859,1
236,PD0662-C,1052-PF-TRAC-WHITE,Thailand,Full,RandomForest,4,1,0.7680524641759131,1
237,PD0663-C,1052-PF-TRAC-WHITE,Thailand,Full,RandomForest,4,1,0.8513679136850411,1
238,PD0664-C,1052-PF-TRAC-WHITE,Thailand,Full,RandomForest,4,1,0.7680524641759131,1
239,PD0668-C,1052-PF-TRAC-WHITE,Thailand,Full,RandomForest,4,1,0.8508519695789859,1
240,PD0670-C,1052-PF-TRAC-WHITE,Thailand,Full,RandomForest,4,1,0.7760957179328385,1
852,PH0002-C,1011-PF-KH-SU,Cambodia,Full,RandomForest,4,1,0.22384252266455082,0
853,PH0003-C,1011-PF-KH-SU,Cambodia,Full,RandomForest,4,0,0.22580040277855173,0
854,PH0004-C,1011-PF-KH-SU,Cambodia,Full,RandomForest,4,0,0.25826645874677273,0
855,PH0005-C,1011-PF-KH-SU,Cambodia,Full,RandomForest,4,1,0.3599902414054437,0
856,PH0006-C,1011-PF-KH-SU,Cambodia,Full,RandomForest,4,1,0.27135118103495715,0
857,PH0007-C,1011-PF-KH-SU,Cambodia,Full,RandomForest,4,0,0.3409535252519767,0
858,PH0008-C,1011-PF-KH-SU,Cambodia,Full,RandomForest,4,1,0.30262140008144045,0
859,PH0010-C,1011-PF-KH-SU,Cambodia,Full,RandomForest,4,0,0.18296322729601194,0
860,PH0011-C,1011-PF-KH-SU,Cambodia,Full,RandomForest,4,1,0.34223775931806566,0
861,PH0012-C,1011-PF-KH-SU,Cambodia,Full,RandomForest,4,0,0.13959100138399397,0
862,PH0013-C,1011-PF-KH-SU,Cambodia,Full,RandomForest,4,0,0.2227934574230942,0
863,PH0014-C,1011-PF-KH-SU,Cambodia,Full,RandomForest,4,0,0.23477052189154984,0
864,PH0015-C,1011-PF-KH-SU,Cambodia,Full,RandomForest,4,0,0.15434069257722094,0
865,PH0016-C,1011-PF-KH-SU,Cambodia,Full,RandomForest,4,0,0.3197504818368247,0
866,PH0017-C,1011-PF-KH-SU,Cambodia,Full,RandomForest,4,0,0.3376291457185942,0
867,PH0018-C,1011-PF-KH-SU,Cambodia,Full,RandomForest,4,0,0.37649607927276935,0
868,PH0019-C,1011-PF-KH-SU,Cambodia,Full,RandomForest,4,0,0.1365949199247303,0
869,PH0020-C,1011-PF-KH-SU,Cambodia,Full,RandomForest,4,0,0.1820686406095847,0
870,PH0021-C,1012-PF-KH-WHITE,Cambodia,Full,RandomForest,4,0,0.3478260510935791,0
871,PH0022-C,1012-PF-KH-WHITE,Cambodia,Full,RandomForest,4,1,0.619877006451714,1
872,PH0023-C,1011-PF-KH-SU,Cambodia,Full,RandomForest,4,0,0.5143500107040041,1
873,PH0024-C,1011-PF-KH-SU,Cambodia,Full,RandomForest,4,1,0.5169516068141717,1
874,PH0026-C,1011-PF-KH-SU,Cambodia,Full,RandomForest,4,1,0.37760362719621143,0
875,PH0027-Cx,1011-PF-KH-SU,Cambodia,Full,RandomForest,4,1,0.5435814320295694,1
876,PH0028-Cx,1011-PF-KH-SU,Cambodia,Full,RandomForest,4,1,0.28455042787414603,0
877,PH0031-Cx,1011-PF-KH-SU,Cambodia,Full,RandomForest,4,1,0.5398196931150209,1
878,PH0042-C,1011-PF-KH-SU,Cambodia,Full,RandomForest,4,0,0.31855036272299614,0
879,PH0043-C,1012-PF-KH-WHITE,Cambodia,Full,RandomForest,4,1,0.5395393866433084,1
1148,PH0502-C,1052-PF-TRAC-WHITE,Cambodia,Full,RandomForest,4,0,0.01505599992453015,0
1149,PH0503-C,1052-PF-TRAC-WHITE,Cambodia,Full,RandomForest,4,1,0.5979415079086913,1
1150,PH0505-C,1052-PF-TRAC-WHITE,Cambodia,Full,RandomForest,4,0,0.014012735272294883,0
1151,PH0506-C,1052-PF-TRAC-WHITE,Cambodia,Full,RandomForest,4,0,0.0067279663195291516,0
1152,PH0507-C,1052-PF-TRAC-WHITE,Cambodia,Full,RandomForest,4,0,0.00645425520212187,0
1153,PH0508-C,1052-PF-TRAC-WHITE,Cambodia,Full,RandomForest,4,0,0.11408255553257239,0
1154,PH0510-C,1052-PF-TRAC-WHITE,Cambodia,Full,RandomForest,4,0,0.027878272082789923,0
1155,PH0511-C,1052-PF-TRAC-WHITE,Cambodia,Full,RandomForest,4,0,0.15100767313877628,0
1156,PH0513-C,1052-PF-TRAC-WHITE,Cambodia,Full,RandomForest,4,0,0.1193905683123336,0
1157,PH0514-C,1052-PF-TRAC-WHITE,Cambodia,Full,RandomForest,4,1,0.563538559691879,1
1158,PH0515-C,1052-PF-TRAC-WHITE,Cambodia,Full,RandomForest,4,1,0.5195042468576847,1
1159,PH0516-C,1052-PF-TRAC-WHITE,Cambodia,Full,RandomForest,4,1,0.5837879664808164,1
1160,PH0517-C,1052-PF-TRAC-WHITE,Cambodia,Full,RandomForest,4,0,0.0059738659476556225,0
1161,PH0518-C,1052-PF-TRAC-WHITE,Cambodia,Full,RandomForest,4,0,0.6662082458619871,1
1162,PH0519-C,1052-PF-TRAC-WHITE,Cambodia,Full,RandomForest,4,0,0.5310766245897098,1
1163,PH0520-C,1052-PF-TRAC-WHITE,Cambodia,Full,RandomForest,4,1,0.6741046139776988,1
1164,PH0521-C,1052-PF-TRAC-WHITE,Cambodia,Full,RandomForest,4,0,0.5538750635561216,1
1165,PH0522-C,1052-PF-TRAC-WHITE,Cambodia,Full,RandomForest,4,0,0.13028737717674596,0
1166,PH0523-C,1052-PF-TRAC-WHITE,Cambodia,Full,RandomForest,4,1,0.7601370456996718,1
1167,PH0524-C,1052-PF-TRAC-WHITE,Cambodia,Full,RandomForest,4,0,0.007373088749823616,0
1168,PH0525-C,1052-PF-TRAC-WHITE,Cambodia,Full,RandomForest,4,1,0.47601657616752147,0
1169,PH0526-C,1052-PF-TRAC-WHITE,Cambodia,Full,RandomForest,4,0,0.943754946100545,1
1170,PH0527-C,1052-PF-TRAC-WHITE,Cambodia,Full,RandomForest,4,1,0.9940173349713614,1
1171,PH0528-C,1052-PF-TRAC-WHITE,Cambodia,Full,RandomForest,4,1,0.6185957492758722,1
1172,PH0529-C,1052-PF-TRAC-WHITE,Cambodia,Full,RandomForest,4,1,0.7997295501995991,1
1173,PH0530-C,1052-PF-TRAC-WHITE,Cambodia,Full,RandomForest,4,1,0.8433921983664543,1
1174,PH0531-C,1052-PF-TRAC-WHITE,Cambodia,Full,RandomForest,4,1,0.7532223602057345,1
1175,PH0532-C,1052-PF-TRAC-WHITE,Cambodia,Full,RandomForest,4,1,0.847093398726077,1
1176,PH0533-C,1052-PF-TRAC-WHITE,Cambodia,Full,RandomForest,4,1,0.9760167117404608,1
1177,PH0534-C,1052-PF-TRAC-WHITE,Cambodia,Full,RandomForest,4,1,0.678680528908343,1
1178,PH0535-C,1052-PF-TRAC-WHITE,Cambodia,Full,RandomForest,4,1,0.8312840959214188,1
1179,PH0536-C,1052-PF-TRAC-WHITE,Cambodia,Full,RandomForest,4,1,0.9821815817710648,1
1180,PH0537-C,1052-PF-TRAC-WHITE,Cambodia,Full,RandomForest,4,1,0.847093398726077,1
1181,PH0538-C,1052-PF-TRAC-WHITE,Cambodia,Full,RandomForest,4,1,0.5040240863189722,1
1182,PH0539-C,1052-PF-TRAC-WHITE,Cambodia,Full,RandomForest,4,1,0.9958395492978096,1
1183,PH0540-C,1052-PF-TRAC-WHITE,Cambodia,Full,RandomForest,4,1,0.9760167117404608,1
1184,PH0541-C,1052-PF-TRAC-WHITE,Cambodia,Full,RandomForest,4,1,0.92231881300537,1
1185,PH0542-C,1052-PF-TRAC-WHITE,Cambodia,Full,RandomForest,4,0,0.9176399187152375,1
1186,PH0543-C,1052-PF-TRAC-WHITE,Cambodia,Full,RandomForest,4,1,0.9655074930124511,1
1187,PH0544-C,1052-PF-TRAC-WHITE,Cambodia,Full,RandomForest,4,1,0.8076259183153108,1
1188,PH0545-C,1052-PF-TRAC-WHITE,Cambodia,Full,RandomForest,4,0,0.8807284141163669,1
1189,PH0546-C,1052-PF-TRAC-WHITE,Cambodia,Full,RandomForest,4,0,0.7779115293607045,1
1190,PH0547-C,1052-PF-TRAC-WHITE,Cambodia,Full,RandomForest,4,1,0.9723486277073955,1
1191,PH0548-C,1052-PF-TRAC-WHITE,Cambodia,Full,RandomForest,4,1,0.5644738268496051,1
1192,PH0549-C,1052-PF-TRAC-WHITE,Cambodia,Full,RandomForest,4,1,0.3134442118709643,0
1193,PH0551-C,1052-PF-TRAC-WHITE,Cambodia,Full,RandomForest,4,1,0.9052595711751036,1
1194,PH0552-C,1052-PF-TRAC-WHITE,Cambodia,Full,RandomForest,4,1,0.9846108776384134,1
1195,PH0553-C,1052-PF-TRAC-WHITE,Cambodia,Full,RandomForest,4,1,0.646900909381509,1
1196,PH0554-C,1052-PF-TRAC-WHITE,Cambodia,Full,RandomForest,4,1,0.6413429298547428,1
1197,PH0555-C,1052-PF-TRAC-WHITE,Cambodia,Full,RandomForest,4,0,0.86926203750711,1
1198,PH0556-C,1052-PF-TRAC-WHITE,Cambodia,Full,RandomForest,4,1,0.8809847772291396,1
1199,PH0557-C,1052-PF-TRAC-WHITE,Cambodia,Full,RandomForest,4,0,0.7795257611140856,1
1200,PH0558-C,1052-PF-TRAC-WHITE,Cambodia,Full,RandomForest,4,1,0.903655276560326,1
1201,PH0559-C,1052-PF-TRAC-WHITE,Cambodia,Full,RandomForest,4,1,0.6413429298547428,1
1202,PH0560-C,1052-PF-TRAC-WHITE,Cambodia,Full,RandomForest,4,1,0.8540915073595059,1
1203,PH0561-C,1052-PF-TRAC-WHITE,Cambodia,Full,RandomForest,4,1,0.9069222308768923,1
1204,PH0562-C,1052-PF-TRAC-WHITE,Cambodia,Full,RandomForest,4,1,0.9176613725190613,1
1205,PH0563-C,1052-PF-TRAC-WHITE,Cambodia,Full,RandomForest,4,1,0.8931772226022257,1
1206,PH0564-C,1052-PF-TRAC-WHITE,Cambodia,Full,RandomForest,4,0,0.710645185003492,1
1207,PH0565-C,1052-PF-TRAC-WHITE,Cambodia,Full,RandomForest,4,1,0.9957737821635052,1
1208,PH0566-C,1052-PF-TRAC-WHITE,Cambodia,Full,RandomForest,4,1,0.9210724836477582,1
1209,PH0568-C,1052-PF-TRAC-WHITE,Cambodia,Full,RandomForest,4,1,0.7554180601367644,1
1210,PH0569-C,1052-PF-TRAC-WHITE,Cambodia,Full,RandomForest,4,0,0.4196897058849779,0
1211,PH0570-C,1052-PF-TRAC-WHITE,Cambodia,Full,RandomForest,4,1,0.9956800847520505,1
1212,PH0571-C,1052-PF-TRAC-WHITE,Cambodia,Full,RandomForest,4,0,0.569100315293399,1
1213,PH0572-C,1052-PF-TRAC-WHITE,Cambodia,Full,RandomForest,4,1,0.9734601371639279,1
1214,PH0574-C,1052-PF-TRAC-WHITE,Cambodia,Full,RandomForest,4,0,0.20154861315740355,0
1215,PH0576-C,1052-PF-TRAC-WHITE,Cambodia,Full,RandomForest,4,1,0.49163077335306943,0
1216,PH0578-C,1052-PF-TRAC-WHITE,Cambodia,Full,RandomForest,4,1,0.9940173349713614,1
1217,PH0579-C,1052-PF-TRAC-WHITE,Cambodia,Full,RandomForest,4,1,0.4734025503028683,0
1218,PH0582-C,1052-PF-TRAC-WHITE,Cambodia,Full,RandomForest,4,0,0.5301096115604558,1
1219,PH0583-C,1052-PF-TRAC-WHITE,Cambodia,Full,RandomForest,4,1,0.8795709101502837,1
1220,PH0584-C,1052-PF-TRAC-WHITE,Cambodia,Full,RandomForest,4,1,0.9957737821635052,1
1221,PH0585-C,1052-PF-TRAC-WHITE,Cambodia,Full,RandomForest,4,0,0.2333930254568876,0
1222,PH0586-C,1052-PF-TRAC-WHITE,Cambodia,Full,RandomForest,4,1,0.49448365353175333,0
1223,PH0587-C,1052-PF-TRAC-WHITE,Cambodia,Full,RandomForest,4,1,0.5038901108647014,1
1224,PH0588-C,1052-PF-TRAC-WHITE,Cambodia,Full,RandomForest,4,0,0.06017981329011051,0
1225,PH0589-C,1052-PF-TRAC-WHITE,Cambodia,Full,RandomForest,4,0,0.006474515060141292,0
1226,PH0590-C,1052-PF-TRAC-WHITE,Cambodia,Full,RandomForest,4,0,0.08381598485479926,0
1227,PH0592-C,1052-PF-TRAC-WHITE,Cambodia,Full,RandomForest,4,0,0.5696812404665759,1
1228,PH0593-C,1052-PF-TRAC-WHITE,Cambodia,Full,RandomForest,4,0,0.18401669337481605,0
1229,PH0594-C,1052-PF-TRAC-WHITE,Cambodia,Full,RandomForest,4,0,0.016647255346515843,0
1230,PH0596-C,1052-PF-TRAC-WHITE,Cambodia,Full,RandomForest,4,1,0.30339411176409614,0
1231,PH0597-C,1052-PF-TRAC-WHITE,Cambodia,Full,RandomForest,4,0,0.01794452929906232,0
1232,PH0598-C,1052-PF-TRAC-WHITE,Cambodia,Full,RandomForest,4,0,0.013235496991579974,0
1233,PH0599-C,1052-PF-TRAC-WHITE,Cambodia,Full,RandomForest,4,0,0.026291440711788752,0
1234,PH0600-C,1052-PF-TRAC-WHITE,Cambodia,Full,RandomForest,4,0,0.026291440711788752,0
1235,PH0601-C,1052-PF-TRAC-WHITE,Cambodia,Full,RandomForest,4,0,0.6606306879089636,1
1236,PH0602-C,1052-PF-TRAC-WHITE,Cambodia,Full,RandomForest,4,1,0.563538559691879,1
1237,PH0603-C,1052-PF-TRAC-WHITE,Cambodia,Full,RandomForest,4,0,0.03609665490237384,0
1238,PH0604-C,1052-PF-TRAC-WHITE,Cambodia,Full,RandomForest,4,0,0.22895100498365384,0
1239,PH0605-C,1052-PF-TRAC-WHITE,Cambodia,Full,RandomForest,4,0,0.6662082458619871,1
1240,PH0608-C,1052-PF-TRAC-WHITE,Cambodia,Full,RandomForest,4,0,0.3030865447909138,0
1241,PH0609-C,1052-PF-TRAC-WHITE,Cambodia,Full,RandomForest,4,0,0.29821588443737407,0
1242,PH0610-C,1052-PF-TRAC-WHITE,Cambodia,Full,RandomForest,4,0,0.02707065505036044,0
1243,PH0611-C,1052-PF-TRAC-WHITE,Cambodia,Full,RandomForest,4,1,0.44709626775122246,0
1244,PH0612-C,1052-PF-TRAC-WHITE,Cambodia,Full,RandomForest,4,0,0.30446217864591035,0
1245,PH0613-C,1052-PF-TRAC-WHITE,Cambodia,Full,RandomForest,4,0,0.1988790084842455,0
1246,PH0614-C,1052-PF-TRAC-WHITE,Cambodia,Full,RandomForest,4,0,0.06148448945922123,0
1247,PH0617-C,1052-PF-TRAC-WHITE,Cambodia,Full,RandomForest,4,0,0.01001954815941291,0
1248,PH0619-C,1052-PF-TRAC-WHITE,Cambodia,Full,RandomForest,4,0,0.05695852977796461,0
1249,PH0621-C,1052-PF-TRAC-WHITE,Cambodia,Full,RandomForest,4,0,0.01155972919916419,0
1250,PH0623-C,1052-PF-TRAC-WHITE,Cambodia,Full,RandomForest,4,0,0.0037255390738323998,0
1251,PH0624-C,1052-PF-TRAC-WHITE,Cambodia,Full,RandomForest,4,0,0.005202869482278451,0
1252,PH0625-C,1052-PF-TRAC-WHITE,Cambodia,Full,RandomForest,4,0,0.012064992218152064,0
1253,PH0626-C,1052-PF-TRAC-WHITE,Cambodia,Full,RandomForest,4,0,0.10002015332290883,0
1254,PH0627-C,1052-PF-TRAC-WHITE,Cambodia,Full,RandomForest,4,0,0.01988874018476489,0
1255,PH0628-C,1052-PF-TRAC-WHITE,Cambodia,Full,RandomForest,4,0,0.01988874018476489,0
1256,PH0629-C,1052-PF-TRAC-WHITE,Cambodia,Full,RandomForest,4,0,0.021879661036614106,0
1257,PH0630-C,1052-PF-TRAC-WHITE,Cambodia,Full,RandomForest,4,0,0.006555117415139281,0
1258,PH0631-C,1052-PF-TRAC-WHITE,Cambodia,Full,RandomForest,4,0,0.011691550134549951,0
1259,PH0632-C,1052-PF-TRAC-WHITE,Cambodia,Full,RandomForest,4,0,0.007507074535493966,0
1260,PH0633-C,1052-PF-TRAC-WHITE,Cambodia,Full,RandomForest,4,0,0.13818932804641187,0
1261,PH0634-C,1052-PF-TRAC-WHITE,Cambodia,Full,RandomForest,4,0,0.008428500600217796,0
1262,PH0635-C,1052-PF-TRAC-WHITE,Cambodia,Full,RandomForest,4,0,0.1656449197628415,0
1263,PH0636-C,1052-PF-TRAC-WHITE,Cambodia,Full,RandomForest,4,0,0.09802862765403503,0
1264,PH0637-C,1052-PF-TRAC-WHITE,Cambodia,Full,RandomForest,4,0,0.018411273181630775,0
1265,PH0639-C,1052-PF-TRAC-WHITE,Cambodia,Full,RandomForest,4,0,0.13394393911297162,0
1266,PH0640-C,1052-PF-TRAC-WHITE,Cambodia,Full,RandomForest,4,0,0.05347199728775154,0
1267,PH0641-C,1052-PF-TRAC-WHITE,Cambodia,Full,RandomForest,4,0,0.07744159963778961,0
1268,PH0642-C,1052-PF-TRAC-WHITE,Cambodia,Full,RandomForest,4,0,0.019976049536929052,0
1269,PH0643-C,1052-PF-TRAC-WHITE,Cambodia,Full,RandomForest,4,0,0.022908600792308324,0
1270,PH0644-C,1052-PF-TRAC-WHITE,Cambodia,Full,RandomForest,4,0,0.03439104393863721,0
1271,PH0645-C,1052-PF-TRAC-WHITE,Cambodia,Full,RandomForest,4,0,0.02493987051239265,0
1272,PH0646-C,1052-PF-TRAC-WHITE,Cambodia,Full,RandomForest,4,0,0.009601874334495587,0
1273,PH0647-C,1052-PF-TRAC-WHITE,Cambodia,Full,RandomForest,4,0,0.006474515060141292,0
1274,PH0648-C,1052-PF-TRAC-WHITE,Cambodia,Full,RandomForest,4,0,0.018266803603561015,0
1275,PH0650-C,1052-PF-TRAC-WHITE,Cambodia,Full,RandomForest,4,0,0.15614590398824238,0
1276,PH0651-C,1052-PF-TRAC-WHITE,Cambodia,Full,RandomForest,4,0,0.031170499785940286,0
1277,PH0676-C,1052-PF-TRAC-WHITE,Cambodia,Full,RandomForest,4,1,0.9957737821635052,1
1278,PH0677-C,1052-PF-TRAC-WHITE,Cambodia,Full,RandomForest,4,1,0.8164847543094017,1
1279,PH0678-C,1052-PF-TRAC-WHITE,Cambodia,Full,RandomForest,4,0,0.5632114389957507,1
1280,PH0679-C,1052-PF-TRAC-WHITE,Cambodia,Full,RandomForest,4,0,0.45426441469503975,0
1281,PH0680-C,1052-PF-TRAC-WHITE,Cambodia,Full,RandomForest,4,1,0.9659649509248588,1
1282,PH0681-C,1052-PF-TRAC-WHITE,Cambodia,Full,RandomForest,4,1,0.5212448451779247,1
1283,PH0682-C,1052-PF-TRAC-WHITE,Cambodia,Full,RandomForest,4,1,0.9958395492978096,1
1284,PH0683-C,1052-PF-TRAC-WHITE,Cambodia,Full,RandomForest,4,1,0.9433820077587509,1
1285,PH0684-C,1052-PF-TRAC-WHITE,Cambodia,Full,RandomForest,4,1,0.9848273521471615,1
1286,PH0685-C,1052-PF-TRAC-WHITE,Cambodia,Full,RandomForest,4,1,0.8866935413580616,1
1287,PH0686-C,1052-PF-TRAC-WHITE,Cambodia,Full,RandomForest,4,1,0.9940173349713614,1
1288,PH0687-C,1052-PF-TRAC-WHITE,Cambodia,Full,RandomForest,4,1,0.847093398726077,1
1289,PH0692-C,1052-PF-TRAC-WHITE,Cambodia,Full,RandomForest,4,1,0.9958395492978096,1
1290,PH0694-C,1052-PF-TRAC-WHITE,Cambodia,Full,RandomForest,4,1,0.9958395492978096,1
1291,PH0695-C,1052-PF-TRAC-WHITE,Cambodia,Full,RandomForest,4,1,0.9737135776312751,1
1292,PH0696-C,1052-PF-TRAC-WHITE,Cambodia,Full,RandomForest,4,1,0.8473500276059751,1
1293,PH0697-C,1052-PF-TRAC-WHITE,Cambodia,Full,RandomForest,4,1,0.8100023531165006,1
1294,PH0698-C,1052-PF-TRAC-WHITE,Cambodia,Full,RandomForest,4,0,0.4152297663556258,0
1295,PH0700-C,1052-PF-TRAC-WHITE,Cambodia,Full,RandomForest,4,1,0.783675406809886,1
1296,PH0701-C,1052-PF-TRAC-WHITE,Cambodia,Full,RandomForest,4,1,0.5473227876015598,1
1297,PH0702-C,1052-PF-TRAC-WHITE,Cambodia,Full,RandomForest,4,1,0.7800830529422628,1
1298,PH0703-C,1052-PF-TRAC-WHITE,Cambodia,Full,RandomForest,4,1,0.5505361897450411,1
1299,PH0704-C,1052-PF-TRAC-WHITE,Cambodia,Full,RandomForest,4,0,0.4443274894771909,0
1300,PH0706-C,1052-PF-TRAC-WHITE,Cambodia,Full,RandomForest,4,1,0.8892427039484032,1
1301,PH0707-C,1052-PF-TRAC-WHITE,Cambodia,Full,RandomForest,4,1,0.5527396882328565,1
1302,PH0708-C,1052-PF-TRAC-WHITE,Cambodia,Full,RandomForest,4,1,0.8219032162193158,1
1303,PH0709-C,1052-PF-TRAC-WHITE,Cambodia,Full,RandomForest,4,0,0.8373313461736436,1
1304,PH0712-C,1052-PF-TRAC-WHITE,Cambodia,Full,RandomForest,4,1,0.9741944974140125,1
1305,PH0715-C,1052-PF-TRAC-WHITE,Cambodia,Full,RandomForest,4,1,0.9487506262018316,1
1306,PH0716-C,1052-PF-TRAC-WHITE,Cambodia,Full,RandomForest,4,1,0.9956800847520505,1
1307,PH0717-C,1052-PF-TRAC-WHITE,Cambodia,Full,RandomForest,4,0,0.20379116842022074,0
1308,PH0718-C,1052-PF-TRAC-WHITE,Cambodia,Full,RandomForest,4,1,0.5557102149921871,1
1309,PH0719-C,1052-PF-TRAC-WHITE,Cambodia,Full,RandomForest,4,1,0.6413429298547428,1
1310,PH0722-C,1052-PF-TRAC-WHITE,Cambodia,Full,RandomForest,4,1,0.646900909381509,1
1311,PH0723-C,1052-PF-TRAC-WHITE,Cambodia,Full,RandomForest,4,1,0.9958395492978096,1
1312,PH0725-C,1052-PF-TRAC-WHITE,Cambodia,Full,RandomForest,4,0,0.22029438051918873,0
1313,PH0727-C,1052-PF-TRAC-WHITE,Cambodia,Full,RandomForest,4,0,0.04542023334500073,0
1314,PH0728-C,1052-PF-TRAC-WHITE,Cambodia,Full,RandomForest,4,1,0.5837879664808164,1
1315,PH0729-C,1052-PF-TRAC-WHITE,Cambodia,Full,RandomForest,4,0,0.37552788258052944,0
1316,PH0730-C,1052-PF-TRAC-WHITE,Cambodia,Full,RandomForest,4,0,0.2700121638882917,0
1317,PH0731-C,1052-PF-TRAC-WHITE,Cambodia,Full,RandomForest,4,1,0.847093398726077,1
1318,PH0732-C,1052-PF-TRAC-WHITE,Cambodia,Full,RandomForest,4,0,0.23456847729755548,0
1319,PH0734-C,1052-PF-TRAC-WHITE,Cambodia,Full,RandomForest,4,0,0.05974613119455921,0
1320,PH0736-C,1052-PF-TRAC-WHITE,Cambodia,Full,RandomForest,4,0,0.10006584073458083,0
1321,PH0737-C,1052-PF-TRAC-WHITE,Cambodia,Full,RandomForest,4,0,0.01292516331052323,0
1322,PH0738-C,1052-PF-TRAC-WHITE,Cambodia,Full,RandomForest,4,1,0.7524083459293326,1
1323,PH0739-C,1052-PF-TRAC-WHITE,Cambodia,Full,RandomForest,4,0,0.27146765262710015,0
1324,PH0742-C,1052-PF-TRAC-WHITE,Cambodia,Full,RandomForest,4,0,0.5398704534824528,1
1325,PH0743-C,1052-PF-TRAC-WHITE,Cambodia,Full,RandomForest,4,0,0.532783372527903,1
1326,PH0744-C,1052-PF-TRAC-WHITE,Cambodia,Full,RandomForest,4,0,0.13486582435147387,0
1327,PH0745-C,1052-PF-TRAC-WHITE,Cambodia,Full,RandomForest,4,1,0.8105549621222136,1
1328,PH0746-C,1052-PF-TRAC-WHITE,Cambodia,Full,RandomForest,4,0,0.03692614969368737,0
1329,PH0747-Cx,1052-PF-TRAC-WHITE,Cambodia,Full,RandomForest,4,0,0.03726162080477819,0
1330,PH0749-C,1052-PF-TRAC-WHITE,Cambodia,Full,RandomForest,4,0,0.04381430934131756,0
1331,PH0750-Cx,1052-PF-TRAC-WHITE,Cambodia,Full,RandomForest,4,0,0.051607597226459266,0
1332,PH0752-C,1052-PF-TRAC-WHITE,Cambodia,Full,RandomForest,4,0,0.22895100498365384,0
1333,PH0753-Cx,1052-PF-TRAC-WHITE,Cambodia,Full,RandomForest,4,1,0.6168639184598771,1
1334,PH0754-C,1052-PF-TRAC-WHITE,Cambodia,Full,RandomForest,4,0,0.06495591152624872,0
1335,PH0755-C,1052-PF-TRAC-WHITE,Cambodia,Full,RandomForest,4,1,0.47601657616752147,0
1336,PH0756-Cx,1052-PF-TRAC-WHITE,Cambodia,Full,RandomForest,4,0,0.13920095399047733,0
1337,PH0757-C,1052-PF-TRAC-WHITE,Cambodia,Full,RandomForest,4,1,0.5673505989209002,1
1338,PH0758-C,1052-PF-TRAC-WHITE,Cambodia,Full,RandomForest,4,0,0.2611929202749284,0
1339,PH0759-C,1052-PF-TRAC-WHITE,Cambodia,Full,RandomForest,4,0,0.28697911362829925,0
1340,PH0760-C,1052-PF-TRAC-WHITE,Cambodia,Full,RandomForest,4,0,0.021184056327584386,0
1341,PH0761-C,1052-PF-TRAC-WHITE,Cambodia,Full,RandomForest,4,0,0.02805339126717871,0
1342,PH0762-Cx,1052-PF-TRAC-WHITE,Cambodia,Full,RandomForest,4,0,0.42002538333692696,0
1343,PH0763-C,1052-PF-TRAC-WHITE,Cambodia,Full,RandomForest,4,0,0.37950358655888117,0
1344,PH0764-C,1052-PF-TRAC-WHITE,Cambodia,Full,RandomForest,4,0,0.004244071336045547,0
1345,PH0765-C,1052-PF-TRAC-WHITE,Cambodia,Full,RandomForest,4,0,0.17536670325298062,0
1346,PH0766-Cx,1052-PF-TRAC-WHITE,Cambodia,Full,RandomForest,4,0,0.01429126693186711,0
1347,PH0767-C,1052-PF-TRAC-WHITE,Cambodia,Full,RandomForest,4,0,0.01288324370245429,0
1348,PH0768-C,1052-PF-TRAC-WHITE,Cambodia,Full,RandomForest,4,0,0.021573957579862472,0
1349,PH0769-C,1052-PF-TRAC-WHITE,Cambodia,Full,RandomForest,4,0,0.01429126693186711,0
1350,PH0770-C,1052-PF-TRAC-WHITE,Cambodia,Full,RandomForest,4,0,0.295629793334985,0
1351,PH0772-C,1052-PF-TRAC-WHITE,Cambodia,Full,RandomForest,4,0,0.07663232710057692,0
1352,PH0773-Cx,1052-PF-TRAC-WHITE,Cambodia,Full,RandomForest,4,0,0.17536670325298062,0
1353,PH0774-C,1052-PF-TRAC-WHITE,Cambodia,Full,RandomForest,4,0,0.01429126693186711,0
1354,PH0775-Cx,1052-PF-TRAC-WHITE,Cambodia,Full,RandomForest,4,0,0.11512101281864476,0
1355,PH0776-C,1052-PF-TRAC-WHITE,Cambodia,Full,RandomForest,4,0,0.09850218395308412,0
1356,PH0777-C,1052-PF-TRAC-WHITE,Cambodia,Full,RandomForest,4,0,0.017903087122049095,0
1357,PH0778-C,1052-PF-TRAC-WHITE,Cambodia,Full,RandomForest,4,0,0.026181058346672618,0
1358,PH0779-Cx,1052-PF-TRAC-WHITE,Cambodia,Full,RandomForest,4,0,0.0733412549577158,0
1359,PH0780-C,1052-PF-TRAC-WHITE,Cambodia,Full,RandomForest,4,0,0.011956021758055073,0
1360,PH0782-C,1052-PF-TRAC-WHITE,Cambodia,Full,RandomForest,4,0,0.09045642146803275,0
1361,PH0783-C,1052-PF-TRAC-WHITE,Cambodia,Full,RandomForest,4,0,0.012076297892283856,0
1362,PH0784-C,1052-PF-TRAC-WHITE,Cambodia,Full,RandomForest,4,1,0.11198447337858898,0
1363,PH0785-Cx,1052-PF-TRAC-WHITE,Cambodia,Full,RandomForest,4,0,0.0037255390738323998,0
1364,PH0786-Cx,1052-PF-TRAC-WHITE,Cambodia,Full,RandomForest,4,1,0.025115988871120876,0
1365,PH0788-C,1052-PF-TRAC-WHITE,Cambodia,Full,RandomForest,4,0,0.10126992151960841,0
1366,PH0789-C,1052-PF-TRAC-WHITE,Cambodia,Full,RandomForest,4,0,0.010823243472951485,0
1367,PH0790-C,1052-PF-TRAC-WHITE,Cambodia,Full,RandomForest,4,0,0.040340840030186495,0
1368,PH0793-C,1052-PF-TRAC-WHITE,Cambodia,Full,RandomForest,4,0,0.015580124809841335,0
1369,PH0794-C,1052-PF-TRAC-WHITE,Cambodia,Full,RandomForest,4,0,0.010823243472951485,0
1370,PH0795-C,1052-PF-TRAC-WHITE,Cambodia,Full,RandomForest,4,0,0.01272698561348241,0
1371,PH0797-C,1052-PF-TRAC-WHITE,Cambodia,Full,RandomForest,4,0,0.011231274128818296,0
1372,PH0800-C,1052-PF-TRAC-WHITE,Cambodia,Full,RandomForest,4,0,0.0638322250317058,0
1373,PH0801-C,1052-PF-TRAC-WHITE,Cambodia,Full,RandomForest,4,0,0.0033671340910959562,0
1374,PH0802-C,1052-PF-TRAC-WHITE,Cambodia,Full,RandomForest,4,0,0.02353971729492922,0
1375,PH0805-C,1052-PF-TRAC-WHITE,Cambodia,Full,RandomForest,4,0,0.010063971031614452,0
1376,PH0807-C,1052-PF-TRAC-WHITE,Cambodia,Full,RandomForest,4,0,0.0052040552095975875,0
1377,PH0810-C,1052-PF-TRAC-WHITE,Cambodia,Full,RandomForest,4,0,0.027292534110110536,0
1378,PH0811-C,1052-PF-TRAC-WHITE,Cambodia,Full,RandomForest,4,0,0.013235496991579974,0
1379,PH0813-C,1052-PF-TRAC-WHITE,Cambodia,Full,RandomForest,4,0,0.0059738659476556225,0
1380,PH0814-Cx,1052-PF-TRAC-WHITE,Cambodia,Full,RandomForest,4,0,0.3645711483160972,0
1381,PH0815-C,1052-PF-TRAC-WHITE,Cambodia,Full,RandomForest,4,0,0.016020761175250496,0
1382,PH0817-C,1052-PF-TRAC-WHITE,Cambodia,Full,RandomForest,4,1,0.6524877938106417,1
1383,PH0818-C,1052-PF-TRAC-WHITE,Cambodia,Full,RandomForest,4,1,0.98520973462221,1
1384,PH0819-C,1052-PF-TRAC-WHITE,Cambodia,Full,RandomForest,4,1,0.9683255057389922,1
1385,PH0820-C,1052-PF-TRAC-WHITE,Cambodia,Full,RandomForest,4,1,0.9683255057389922,1
1386,PH0821-C,1052-PF-TRAC-WHITE,Cambodia,Full,RandomForest,4,1,0.8590783743391966,1
1387,PH0822-C,1052-PF-TRAC-WHITE,Cambodia,Full,RandomForest,4,1,0.9884593554445951,1
1388,PH0823-C,1052-PF-TRAC-WHITE,Cambodia,Full,RandomForest,4,1,0.9683255057389922,1
1389,PH0824-C,1052-PF-TRAC-WHITE,Cambodia,Full,RandomForest,4,1,0.9588639864981358,1
1390,PH0825-C,1052-PF-TRAC-WHITE,Cambodia,Full,RandomForest,4,1,0.9965580637038837,1
1391,PH0826-C,1052-PF-TRAC-WHITE,Cambodia,Full,RandomForest,4,1,0.98520973462221,1
1392,PH0828-C,1052-PF-TRAC-WHITE,Cambodia,Full,RandomForest,4,1,0.968259738604688,1
1393,PH0829-C,1052-PF-TRAC-WHITE,Cambodia,Full,RandomForest,4,1,0.9956800847520505,1
1394,PH0830-C,1052-PF-TRAC-WHITE,Cambodia,Full,RandomForest,4,1,0.8512044253579911,1
1395,PH0831-C,1052-PF-TRAC-WHITE,Cambodia,Full,RandomForest,4,1,0.9957737821635052,1
1396,PH0832-C,1052-PF-TRAC-WHITE,Cambodia,Full,RandomForest,4,1,0.6433087503294057,1
1397,PH0833-C,1052-PF-TRAC-WHITE,Cambodia,Full,RandomForest,4,1,0.98520973462221,1
1398,PH0834-C,1052-PF-TRAC-WHITE,Cambodia,Full,RandomForest,4,1,0.6676612883676103,1
1399,PH0835-C,1052-PF-TRAC-WHITE,Cambodia,Full,RandomForest,4,1,0.9958395492978096,1
1400,PH0836-C,1052-PF-TRAC-WHITE,Cambodia,Full,RandomForest,4,1,0.7423469448607655,1
1401,PH0837-C,1052-PF-TRAC-WHITE,Cambodia,Full,RandomForest,4,1,0.98520973462221,1
1402,PH0838-C,1052-PF-TRAC-WHITE,Cambodia,Full,RandomForest,4,1,0.9825532699027254,1
1403,PH0839-C,1052-PF-TRAC-WHITE,Cambodia,Full,RandomForest,4,1,0.968259738604688,1
1404,PH0840-C,1052-PF-TRAC-WHITE,Cambodia,Full,RandomForest,4,1,0.968259738604688,1
1405,PH0841-C,1052-PF-TRAC-WHITE,Cambodia,Full,RandomForest,4,1,0.9732980773513455,1
1406,PH0842-C,1052-PF-TRAC-WHITE,Cambodia,Full,RandomForest,4,1,0.867463676574484,1
1407,PH0843-C,1052-PF-TRAC-WHITE,Cambodia,Full,RandomForest,4,1,0.5317364673319301,1
1408,PH0844-C,1052-PF-TRAC-WHITE,Cambodia,Full,RandomForest,4,1,0.845482510429952,1
1409,PH0845-C,1052-PF-TRAC-WHITE,Cambodia,Full,RandomForest,4,1,0.9937658381017836,1
1410,PH0846-C,1052-PF-TRAC-WHITE,Cambodia,Full,RandomForest,4,1,0.9958395492978096,1
1411,PH0847-C,1052-PF-TRAC-WHITE,Cambodia,Full,RandomForest,4,1,0.98520973462221,1
1412,PH0848-C,1052-PF-TRAC-WHITE,Cambodia,Full,RandomForest,4,0,0.011881706397945556,0
1413,PH0849-C,1052-PF-TRAC-WHITE,Cambodia,Full,RandomForest,4,0,0.0921990761554082,0
1414,PH0850-C,1052-PF-TRAC-WHITE,Cambodia,Full,RandomForest,4,1,0.9871339963105003,1
1415,PH0851-C,1052-PF-TRAC-WHITE,Cambodia,Full,RandomForest,4,1,0.9940173349713614,1
1416,PH0852-C,1052-PF-TRAC-WHITE,Cambodia,Full,RandomForest,4,1,0.8471117915856625,1
1417,PH0853-C,1052-PF-TRAC-WHITE,Cambodia,Full,RandomForest,4,1,0.8526697711124288,1
1418,PH0854-C,1052-PF-TRAC-WHITE,Cambodia,Full,RandomForest,4,1,0.98520973462221,1
1419,PH0855-C,1052-PF-TRAC-WHITE,Cambodia,Full,RandomForest,4,1,0.98520973462221,1
1420,PH0856-C,1052-PF-TRAC-WHITE,Cambodia,Full,RandomForest,4,1,0.23384110674067912,0
1421,PH0858-C,1052-PF-TRAC-WHITE,Cambodia,Full,RandomForest,4,1,0.98520973462221,1
1422,PH0860-Cx,1052-PF-TRAC-WHITE,Cambodia,Full,RandomForest,4,1,0.8186724929855955,1
1423,PH0863-Cx,1052-PF-TRAC-WHITE,Cambodia,Full,RandomForest,4,0,0.8353062264795043,1
1424,PH0865-C,1052-PF-TRAC-WHITE,Cambodia,Full,RandomForest,4,0,0.07027516849086277,0
1425,PH0866-C,1052-PF-TRAC-WHITE,Cambodia,Full,RandomForest,4,0,0.065833148017629,0
1426,PH0868-Cx,1052-PF-TRAC-WHITE,Cambodia,Full,RandomForest,4,1,0.9973469420880768,1
1427,PH0870-C,1052-PF-TRAC-WHITE,Cambodia,Full,RandomForest,4,1,0.9892543054742194,1
1428,PH0871-C,1052-PF-TRAC-WHITE,Cambodia,Full,RandomForest,4,0,0.7731802680163595,1
1429,PH0872-C,1052-PF-TRAC-WHITE,Cambodia,Full,RandomForest,4,0,0.2853994541266315,0
1430,PH0873-Cx,1052-PF-TRAC-WHITE,Cambodia,Full,RandomForest,4,0,0.7682335557290694,1
1431,PH0874-Cx,1052-PF-TRAC-WHITE,Cambodia,Full,RandomForest,4,1,0.9973469420880768,1
1432,PH0875-C,1052-PF-TRAC-WHITE,Cambodia,Full,RandomForest,4,0,0.24720966227475968,0
1433,PH0876-C,1052-PF-TRAC-WHITE,Cambodia,Full,RandomForest,4,0,0.15414966331904192,0
1434,PH0877-C,1052-PF-TRAC-WHITE,Cambodia,Full,RandomForest,4,0,0.330647165966189,0
1435,PH0878-C,1052-PF-TRAC-WHITE,Cambodia,Full,RandomForest,4,0,0.3247509139363668,0
1436,PH0879-C,1052-PF-TRAC-WHITE,Cambodia,Full,RandomForest,4,0,0.0769782887873538,0
1437,PH0880-C,1052-PF-TRAC-WHITE,Cambodia,Full,RandomForest,4,0,0.006529737974005924,0
1438,PH0882-C,1052-PF-TRAC-WHITE,Cambodia,Full,RandomForest,4,0,0.04606548195843522,0
1439,PH0885-Cx,1052-PF-TRAC-WHITE,Cambodia,Full,RandomForest,4,0,0.17910670142455232,0
1440,PH0886-C,1052-PF-TRAC-WHITE,Cambodia,Full,RandomForest,4,1,0.98520973462221,1
1441,PH0887-C,1052-PF-TRAC-WHITE,Cambodia,Full,RandomForest,4,1,0.7084780498298723,1
1442,PH0888-C,1052-PF-TRAC-WHITE,Cambodia,Full,RandomForest,4,1,0.9957737821635052,1
1443,PH0889-C,1052-PF-TRAC-WHITE,Cambodia,Full,RandomForest,4,1,0.9855130535466732,1
1444,PH0890-C,1052-PF-TRAC-WHITE,Cambodia,Full,RandomForest,4,1,0.9957737821635052,1
1445,PH0891-Cx,1052-PF-TRAC-WHITE,Cambodia,Full,RandomForest,4,1,0.9962316134640811,1
1446,PH0894-C,1052-PF-TRAC-WHITE,Cambodia,Full,RandomForest,4,1,0.6690504764786926,1
1447,PH0895-C,1052-PF-TRAC-WHITE,Cambodia,Full,RandomForest,4,0,0.8971275955925374,1
1448,PH0896-C,1052-PF-TRAC-WHITE,Cambodia,Full,RandomForest,4,1,0.9868971724823381,1
1449,PH0898-C,1052-PF-TRAC-WHITE,Cambodia,Full,RandomForest,4,0,0.6525919669550483,1
1450,PH0899-C,1052-PF-TRAC-WHITE,Cambodia,Full,RandomForest,4,1,0.9961647758505863,1
1451,PH0900-C,1052-PF-TRAC-WHITE,Cambodia,Full,RandomForest,4,1,0.9961647758505863,1
1452,PH0901-C,1052-PF-TRAC-WHITE,Cambodia,Full,RandomForest,4,1,0.9905598508522608,1
1453,PH0902-C,1052-PF-TRAC-WHITE,Cambodia,Full,RandomForest,4,1,0.9260602641731777,1
1454,PH0903-C,1052-PF-TRAC-WHITE,Cambodia,Full,RandomForest,4,1,0.9408835310508575,1
1455,PH0904-C,1052-PF-TRAC-WHITE,Cambodia,Full,RandomForest,4,1,0.9961647758505863,1
1456,PH0905-C,1052-PF-TRAC-WHITE,Cambodia,Full,RandomForest,4,0,0.7660895676127811,1
1457,PH0906-C,1052-PF-TRAC-WHITE,Cambodia,Full,RandomForest,4,1,0.973608960818095,1
1458,PH0907-C,1052-PF-TRAC-WHITE,Cambodia,Full,RandomForest,4,1,0.9961647758505863,1
1459,PH0908-C,1052-PF-TRAC-WHITE,Cambodia,Full,RandomForest,4,1,0.9961647758505863,1
1460,PH0909-C,1052-PF-TRAC-WHITE,Cambodia,Full,RandomForest,4,1,0.9481322188797171,1
1461,PH0910-C,1052-PF-TRAC-WHITE,Cambodia,Full,RandomForest,4,1,0.9962305429848907,1
1462,PH0911-Cx,1052-PF-TRAC-WHITE,Cambodia,Full,RandomForest,4,1,0.9867202764207036,1
1463,PH0912-C,1052-PF-TRAC-WHITE,Cambodia,Full,RandomForest,4,1,0.9961647758505863,1
1464,PH0915-C,1052-PF-TRAC-WHITE,Cambodia,Full,RandomForest,4,1,0.9961647758505863,1
1465,PH0916-C,1052-PF-TRAC-WHITE,Cambodia,Full,RandomForest,4,1,0.9941671024766877,1
1466,PH0917-Cx,1052-PF-TRAC-WHITE,Cambodia,Full,RandomForest,4,0,0.4634622685365502,0
1467,PH0918-Cx,1052-PF-TRAC-WHITE,Cambodia,Full,RandomForest,4,0,0.5673658823407127,1
1468,PH0920-Cx,1052-PF-TRAC-WHITE,Cambodia,Full,RandomForest,4,1,0.6652952238561528,1
1469,PH0921-C,1052-PF-TRAC-WHITE,Cambodia,Full,RandomForest,4,0,0.5441879336696206,1
1470,PH0923-Cx,1052-PF-TRAC-WHITE,Cambodia,Full,RandomForest,4,0,0.2607813208930725,0
1471,PH0924-C,1052-PF-TRAC-WHITE,Cambodia,Full,RandomForest,4,0,0.25796143207459243,0
1472,PH0925-C,1052-PF-TRAC-WHITE,Cambodia,Full,RandomForest,4,0,0.2368523097133031,0
1473,PH0926-C,1052-PF-TRAC-WHITE,Cambodia,Full,RandomForest,4,0,0.19324333438482552,0
1474,PH0927-C,1052-PF-TRAC-WHITE,Cambodia,Full,RandomForest,4,0,0.0321723439464219,0
1475,PH0928-C,1052-PF-TRAC-WHITE,Cambodia,Full,RandomForest,4,0,0.0736267881546571,0
1476,PH0929-C,1052-PF-TRAC-WHITE,Cambodia,Full,RandomForest,4,0,0.28373415057205453,0
1477,PH0930-Cx,1052-PF-TRAC-WHITE,Cambodia,Full,RandomForest,4,0,0.08332060482331807,0
1478,PH0931-C,1052-PF-TRAC-WHITE,Cambodia,Full,RandomForest,4,0,0.2809499999567049,0
1479,PH0932-C,1052-PF-TRAC-WHITE,Cambodia,Full,RandomForest,4,0,0.059167820972095206,0
1480,PH0933-C,1052-PF-TRAC-WHITE,Cambodia,Full,RandomForest,4,0,0.07275807938225105,0
1481,PH0935-C,1052-PF-TRAC-WHITE,Cambodia,Full,RandomForest,4,0,0.03672046623728822,0
1482,PH0936-C,1052-PF-TRAC-WHITE,Cambodia,Full,RandomForest,4,0,0.0060076166919698255,0
1483,PH0937-C,1052-PF-TRAC-WHITE,Cambodia,Full,RandomForest,4,0,0.012865587804517891,0
1484,PH0938-C,1052-PF-TRAC-WHITE,Cambodia,Full,RandomForest,4,0,0.006266118993756389,0
1485,PH0939-C,1052-PF-TRAC-WHITE,Cambodia,Full,RandomForest,4,0,0.0037592898181466046,0
1486,PH0940-Cx,1052-PF-TRAC-WHITE,Cambodia,Full,RandomForest,4,0,0.022145353892983465,0
1487,PH0941-C,1052-PF-TRAC-WHITE,Cambodia,Full,RandomForest,4,0,0.012302854257125915,0
1488,PH0942-Cx,1052-PF-TRAC-WHITE,Cambodia,Full,RandomForest,4,0,0.007624083396991196,0
1501,PH0976-C,1052-PF-TRAC-WHITE,Cambodia,Full,RandomForest,4,0,0.12732612907689553,0
1502,PH0979-C,1052-PF-TRAC-WHITE,Cambodia,Full,RandomForest,4,0,0.23241028924006935,0
1503,PH0980-C,1052-PF-TRAC-WHITE,Cambodia,Full,RandomForest,4,0,0.006424103277319554,0
1504,PH0981-C,1052-PF-TRAC-WHITE,Cambodia,Full,RandomForest,4,0,0.19977216233070944,0
1505,PH0982-C,1052-PF-TRAC-WHITE,Cambodia,Full,RandomForest,4,0,0.5553852252489896,1
1506,PH0983-C,1052-PF-TRAC-WHITE,Cambodia,Full,RandomForest,4,0,0.25796143207459243,0
1507,PH0984-C,1052-PF-TRAC-WHITE,Cambodia,Full,RandomForest,4,0,0.2964203152549945,0
1508,PH0985-C,1052-PF-TRAC-WHITE,Cambodia,Full,RandomForest,4,0,0.7130629740056957,1
1509,PH0986-C,1052-PF-TRAC-WHITE,Cambodia,Full,RandomForest,4,1,0.6383083024363484,1
1510,PH0987-C,1052-PF-TRAC-WHITE,Cambodia,Full,RandomForest,4,1,0.6209931073901979,1
1511,PH0991-C,1052-PF-TRAC-WHITE,Cambodia,Full,RandomForest,4,1,0.9961647758505863,1
1512,PH0994-C,1052-PF-TRAC-WHITE,Cambodia,Full,RandomForest,4,1,0.9962305429848907,1
1513,PH0996-C,1052-PF-TRAC-WHITE,Cambodia,Full,RandomForest,4,1,0.9962305429848907,1
1514,PH0997-C,1052-PF-TRAC-WHITE,Cambodia,Full,RandomForest,4,1,0.9962305429848907,1
1515,PH0999-C,1052-PF-TRAC-WHITE,Cambodia,Full,RandomForest,4,1,0.9962305429848907,1
1516,PH1000-C,1052-PF-TRAC-WHITE,Cambodia,Full,RandomForest,4,0,0.1303968479747031,0
1517,PH1001-C,1052-PF-TRAC-WHITE,Cambodia,Full,RandomForest,4,1,0.9961647758505863,1
1518,PH1002-C,1052-PF-TRAC-WHITE,Cambodia,Full,RandomForest,4,1,0.9961647758505863,1
1519,PH1003-C,1052-PF-TRAC-WHITE,Cambodia,Full,RandomForest,4,1,0.9944083286584425,1
1520,PH1007-C,1052-PF-TRAC-WHITE,Cambodia,Full,RandomForest,4,0,0.10200749064031102,0
1543,PH1136-C,1052-PF-TRAC-WHITE,Cambodia,Full,RandomForest,4,1,0.9262401755444222,1
1544,PH1137-C,1052-PF-TRAC-WHITE,Cambodia,Full,RandomForest,4,0,0.8990187572042729,1
1545,PH1138-C,1052-PF-TRAC-WHITE,Cambodia,Full,RandomForest,4,0,0.8006544229216185,1
1875,PV0244-C,1052-PF-TRAC-WHITE,Vietnam,Full,RandomForest,4,1,0.46045037473292355,0
1876,PV0245-Cx2,1052-PF-TRAC-WHITE,Vietnam,Full,RandomForest,4,0,0.07149206416840025,0
1877,PV0246-C,1052-PF-TRAC-WHITE,Vietnam,Full,RandomForest,4,1,0.28873979715506,0
1878,PV0247-Cx2,1052-PF-TRAC-WHITE,Vietnam,Full,RandomForest,4,0,0.12214971354970737,0
1879,PV0248-C,1052-PF-TRAC-WHITE,Vietnam,Full,RandomForest,4,0,0.10649130734082407,0
1880,PV0249-Cx,1052-PF-TRAC-WHITE,Vietnam,Full,RandomForest,4,0,0.06228276762716592,0
1881,PV0250-C,1052-PF-TRAC-WHITE,Vietnam,Full,RandomForest,4,0,0.10017433339505429,0
1882,PV0251-C,1052-PF-TRAC-WHITE,Vietnam,Full,RandomForest,4,1,0.3660201852328755,0
1883,PV0252-C,1052-PF-TRAC-WHITE,Vietnam,Full,RandomForest,4,0,0.13883772438956485,0
1884,PV0254-C,1052-PF-TRAC-WHITE,Vietnam,Full,RandomForest,4,0,0.11547029236374151,0
1885,PV0256-C,1052-PF-TRAC-WHITE,Vietnam,Full,RandomForest,4,0,0.026493505193273675,0
1886,PV0257-C,1052-PF-TRAC-WHITE,Vietnam,Full,RandomForest,4,0,0.062271229199913056,0
1887,PV0258-C,1052-PF-TRAC-WHITE,Vietnam,Full,RandomForest,4,0,0.19826829661926015,0
1888,PV0259-C,1052-PF-TRAC-WHITE,Vietnam,Full,RandomForest,4,1,0.5572862589698063,1
1889,PV0261-C,1052-PF-TRAC-WHITE,Vietnam,Full,RandomForest,4,0,0.24696552630252064,0
1890,PV0262-C,1052-PF-TRAC-WHITE,Vietnam,Full,RandomForest,4,1,0.8471117915856625,1
1891,PV0263-C,1052-PF-TRAC-WHITE,Vietnam,Full,RandomForest,4,0,0.08160108332880452,0
1892,PV0265-C,1052-PF-TRAC-WHITE,Vietnam,Full,RandomForest,4,0,0.04442085736376697,0
1893,PV0266-C,1052-PF-TRAC-WHITE,Vietnam,Full,RandomForest,4,1,0.5603376165252183,1
1894,PV0267-C,1052-PF-TRAC-WHITE,Vietnam,Full,RandomForest,4,1,0.2435937444348393,0
1895,PV0268-C,1052-PF-TRAC-WHITE,Vietnam,Full,RandomForest,4,0,0.18288633383640845,0
1896,PV0269-C,1052-PF-TRAC-WHITE,Vietnam,Full,RandomForest,4,1,0.2363689476514789,0
1897,PV0270-C,1052-PF-TRAC-WHITE,Vietnam,Full,RandomForest,4,0,0.05666362528141277,0
1898,PV0271-C,1052-PF-TRAC-WHITE,Vietnam,Full,RandomForest,4,0,0.009302024014627302,0
1899,PV0272-C,1052-PF-TRAC-WHITE,Vietnam,Full,RandomForest,4,0,0.06228276762716592,0
1900,PV0273-C,1052-PF-TRAC-WHITE,Vietnam,Full,RandomForest,4,0,0.2575951875053398,0
1901,PV0274-C,1052-PF-TRAC-WHITE,Vietnam,Full,RandomForest,4,0,0.03605566408821867,0
1902,PV0276-C,1052-PF-TRAC-WHITE,Vietnam,Full,RandomForest,4,0,0.014058702054174336,0
1903,PV0277-C,1052-PF-TRAC-WHITE,Vietnam,Full,RandomForest,4,1,0.6413429298547428,1
1904,PV0278-C,1052-PF-TRAC-WHITE,Vietnam,Full,RandomForest,4,1,0.6529753136007628,1
1905,PV0279-C,1052-PF-TRAC-WHITE,Vietnam,Full,RandomForest,4,0,0.02529841804229685,0
1906,PV0280-C,1052-PF-TRAC-WHITE,Vietnam,Full,RandomForest,4,0,0.06720591874576103,0
1907,PV0282-C,1052-PF-TRAC-WHITE,Vietnam,Full,RandomForest,4,0,0.11320790523431758,0
1908,PV0283-C,1052-PF-TRAC-WHITE,Vietnam,Full,RandomForest,4,1,0.8526697711124288,1
1909,PV0284-C,1052-PF-TRAC-WHITE,Vietnam,Full,RandomForest,4,0,0.1648523509998343,0
1910,PV0285-C,1052-PF-TRAC-WHITE,Vietnam,Full,RandomForest,4,1,0.6802407983333597,1
1911,PV0286-C,1052-PF-TRAC-WHITE,Vietnam,Full,RandomForest,4,1,0.6325123366923512,1
1912,PV0288-C,1052-PF-TRAC-WHITE,Vietnam,Full,RandomForest,4,1,0.5495403415900164,1
1913,PV0289-C,1052-PF-TRAC-WHITE,Vietnam,Full,RandomForest,4,0,0.015526615532602102,0
1914,PV0290-C,1052-PF-TRAC-WHITE,Vietnam,Full,RandomForest,4,1,0.3577986485604421,0
1915,PV0291-C,1052-PF-TRAC-WHITE,Vietnam,Full,RandomForest,4,0,0.10716120254553846,0
1916,PV0292-C,1052-PF-TRAC-WHITE,Vietnam,Full,RandomForest,4,1,0.8526697711124288,1
1917,PV0293-C,1052-PF-TRAC-WHITE,Vietnam,Full,RandomForest,4,0,0.009418179890120141,0
1918,PV0294-C,1052-PF-TRAC-WHITE,Vietnam,Full,RandomForest,4,0,0.01671534004623601,0
1919,PV0295-C,1052-PF-TRAC-WHITE,Vietnam,Full,RandomForest,4,0,0.03767790863723226,0
1920,PV0296-C,1052-PF-TRAC-WHITE,Vietnam,Full,RandomForest,4,0,0.08425053772904807,0
1921,PV0297-C,1052-PF-TRAC-WHITE,Vietnam,Full,RandomForest,4,0,0.31976426281846104,0
1922,PV0298-C,1052-PF-TRAC-WHITE,Vietnam,Full,RandomForest,4,0,0.007373088749823616,0
1923,PV0299-C,1052-PF-TRAC-WHITE,Vietnam,Full,RandomForest,4,1,0.8471117915856625,1
1924,PV0300-C,1052-PF-TRAC-WHITE,Vietnam,Full,RandomForest,4,1,0.8559422821297327,1
1925,PV0301-C,1052-PF-TRAC-WHITE,Vietnam,Full,RandomForest,4,0,0.14064829769538958,0
1926,PV0302-C,1052-PF-TRAC-WHITE,Vietnam,Full,RandomForest,4,0,0.033440789699732514,0
1927,PV0303-C,1052-PF-TRAC-WHITE,Vietnam,Full,RandomForest,4,0,0.21286023523782346,0
1928,PV0304-C,1052-PF-TRAC-WHITE,Vietnam,Full,RandomForest,4,0,0.1499414040811924,0
1929,PV0305-C,1052-PF-TRAC-WHITE,Vietnam,Full,RandomForest,4,0,0.14095081277039376,0
1930,PV0306-C,1052-PF-TRAC-WHITE,Vietnam,Full,RandomForest,4,1,0.3646831712382009,0
1931,PV0308-Cx,1052-PF-TRAC-WHITE,Vietnam,Full,RandomForest,4,0,0.13356871205428344,0
1932,PV0309-C,1052-PF-TRAC-WHITE,Vietnam,Full,RandomForest,4,0,0.10658834273020697,0
1933,PV0310-C,1052-PF-TRAC-WHITE,Vietnam,Full,RandomForest,4,0,0.06136989009552487,0
1934,PV0311-C,1052-PF-TRAC-WHITE,Vietnam,Full,RandomForest,4,0,0.1896887597139672,0
1935,PV0312-C,1052-PF-TRAC-WHITE,Vietnam,Full,RandomForest,4,1,0.8421776769286388,1
1936,PV0313-C,1052-PF-TRAC-WHITE,Vietnam,Full,RandomForest,4,0,0.1292519737723119,0
1937,PV0314-C,1052-PF-TRAC-WHITE,Vietnam,Full,RandomForest,4,0,0.035277272342053696,0
1938,PV0315-Cx,1052-PF-TRAC-WHITE,Vietnam,Full,RandomForest,4,0,0.035277272342053696,0
1939,PV0317-C,1052-PF-TRAC-WHITE,Vietnam,Full,RandomForest,4,0,0.25264701453858024,0
1940,PV0318-C,1052-PF-TRAC-WHITE,Vietnam,Full,RandomForest,4,1,0.8421776769286388,1
1941,PV0319-C,1052-PF-TRAC-WHITE,Vietnam,Full,RandomForest,4,0,0.23140391953614983,0
1942,PV0320-C,1052-PF-TRAC-WHITE,Vietnam,Full,RandomForest,4,1,0.8536345711029121,1
1943,PV0321-C,1052-PF-TRAC-WHITE,Vietnam,Full,RandomForest,4,0,0.12637094241688476,0
1944,PV0322-C,1052-PF-TRAC-WHITE,Vietnam,Full,RandomForest,4,1,0.847735656455405,1
1945,PV0323-C,1052-PF-TRAC-WHITE,Vietnam,Full,RandomForest,4,0,0.12202730515606801,0
1946,PV0324-C,1052-PF-TRAC-WHITE,Vietnam,Full,RandomForest,4,1,0.8421776769286388,1
1947,PV0325-C,1052-PF-TRAC-WHITE,Vietnam,Full,RandomForest,4,0,0.02621480909098682,0
1948,PV0326-C,1052-PF-TRAC-WHITE,Vietnam,Full,RandomForest,4,0,0.035277272342053696,0
1949,PV0328-C,1052-PF-TRAC-WHITE,Vietnam,Full,RandomForest,4,0,0.012743190640861322,0
1950,PV0329-C,1052-PF-TRAC-WHITE,Vietnam,Full,RandomForest,4,0,0.20204940655508896,0
1951,PV0330-C,1052-PF-TRAC-WHITE,Vietnam,Full,RandomForest,4,0,0.12384509995475096,0
1952,PV0331-Cx,1052-PF-TRAC-WHITE,Vietnam,Full,RandomForest,4,0,0.035277272342053696,0
1953,PV0333-C,1052-PF-TRAC-WHITE,Vietnam,Full,RandomForest,4,1,0.45701523875033473,0
1954,PV0335-C,1052-PF-TRAC-WHITE,Vietnam,Full,RandomForest,4,0,0.07637593155984733,0
1955,PV0336-C,1052-PF-TRAC-WHITE,Vietnam,Full,RandomForest,4,0,0.07637593155984733,0
1956,PV0337-C,1052-PF-TRAC-WHITE,Vietnam,Full,RandomForest,4,0,0.10334793667447188,0
1957,PV0338-C,1052-PF-TRAC-WHITE,Vietnam,Full,RandomForest,4,0,0.10073984382062254,0
1958,PV0339-C,1052-PF-TRAC-WHITE,Vietnam,Full,RandomForest,4,1,0.5680612266323708,1
1959,PV0340-C,1052-PF-TRAC-WHITE,Vietnam,Full,RandomForest,4,1,0.3798997841014776,0
1960,PV0343-C,1052-PF-TRAC-WHITE,Vietnam,Full,RandomForest,4,1,0.5179231212423443,1
1961,PV0344-C,1052-PF-TRAC-WHITE,Vietnam,Full,RandomForest,4,1,0.8526697711124288,1
1962,PV0345-C,1052-PF-TRAC-WHITE,Vietnam,Full,RandomForest,4,1,0.6474441125262028,1
1963,PV0347-C,1052-PF-TRAC-WHITE,Vietnam,Full,RandomForest,4,0,0.02055422267027726,0
1964,PV0355-C,1052-PF-TRAC-WHITE,Vietnam,Full,RandomForest,4,1,0.8421776769286388,1
1965,PV0358-C,1052-PF-TRAC-WHITE,Vietnam,Full,RandomForest,4,0,0.07637593155984733,0
2052,QC0164-C,1052-PF-TRAC-WHITE,Myanmar,Full,RandomForest,4,0,0.32990648655095356,0
2053,QC0165-C,1052-PF-TRAC-WHITE,Myanmar,Full,RandomForest,4,1,0.29382969360583927,0
2054,QC0166-C,1052-PF-TRAC-WHITE,Myanmar,Full,RandomForest,4,0,0.28218098952252857,0
2055,QC0167-C,1052-PF-TRAC-WHITE,Myanmar,Full,RandomForest,4,0,0.15176867006304698,0
2056,QC0168-C,1052-PF-TRAC-WHITE,Myanmar,Full,RandomForest,4,0,0.3365703702104541,0
2057,QC0169-C,1052-PF-TRAC-WHITE,Myanmar,Full,RandomForest,4,0,0.2659692412629453,0
2058,QC0170-C,1052-PF-TRAC-WHITE,Myanmar,Full,RandomForest,4,0,0.19571145866415607,0
2059,QC0171-C,1052-PF-TRAC-WHITE,Myanmar,Full,RandomForest,4,0,0.2643066581017354,0
2060,QC0172-C,1052-PF-TRAC-WHITE,Myanmar,Full,RandomForest,4,0,0.16384890997111815,0
2061,QC0173-C,1052-PF-TRAC-WHITE,Myanmar,Full,RandomForest,4,1,0.305980908796111,0
2062,QC0174-C,1052-PF-TRAC-WHITE,Myanmar,Full,RandomForest,4,0,0.12696418793652461,0
2063,QC0175-C,1052-PF-TRAC-WHITE,Myanmar,Full,RandomForest,4,1,0.305980908796111,0
2064,QC0176-C,1052-PF-TRAC-WHITE,Myanmar,Full,RandomForest,4,0,0.5697486431154725,1
2065,QC0177-C,1052-PF-TRAC-WHITE,Myanmar,Full,RandomForest,4,0,0.4606405749298833,0
2066,QC0178-C,1052-PF-TRAC-WHITE,Myanmar,Full,RandomForest,4,0,0.13368388914606563,0
2067,QC0179-C,1052-PF-TRAC-WHITE,Myanmar,Full,RandomForest,4,0,0.20252967410168818,0
2068,QC0180-C,1052-PF-TRAC-WHITE,Myanmar,Full,RandomForest,4,0,0.342665234099806,0
2069,QC0181-Cx,1052-PF-TRAC-WHITE,Myanmar,Full,RandomForest,4,1,0.09474556048355913,0
2070,QC0182-C,1052-PF-TRAC-WHITE,Myanmar,Full,RandomForest,4,0,0.41674906740418116,0
2071,QC0184-C,1052-PF-TRAC-WHITE,Myanmar,Full,RandomForest,4,1,0.5114836817462312,1
2072,QC0185-C,1052-PF-TRAC-WHITE,Myanmar,Full,RandomForest,4,1,0.5136091306927414,1
2073,QC0187-C,1052-PF-TRAC-WHITE,Myanmar,Full,RandomForest,4,0,0.4952553755713478,0
2074,QC0188-C,1052-PF-TRAC-WHITE,Myanmar,Full,RandomForest,4,0,0.1528276143641941,0
2075,QC0189-C,1052-PF-TRAC-WHITE,Myanmar,Full,RandomForest,4,0,0.642617992639354,1
2076,QC0193-C,1052-PF-TRAC-WHITE,Myanmar,Full,RandomForest,4,0,0.5736636023913052,1
2077,QC0194-C,1052-PF-TRAC-WHITE,Myanmar,Full,RandomForest,4,0,0.45382666793300236,0
2078,QC0195-C,1052-PF-TRAC-WHITE,Myanmar,Full,RandomForest,4,0,0.5599311069315976,1
2079,QC0196-C,1052-PF-TRAC-WHITE,Myanmar,Full,RandomForest,4,0,0.47388856524642214,0
2080,QC0198-C,1052-PF-TRAC-WHITE,Myanmar,Full,RandomForest,4,0,0.5680284265162525,1
2081,QC0200-C,1052-PF-TRAC-WHITE,Myanmar,Full,RandomForest,4,0,0.4286038318813968,0
2082,QC0204-C,1052-PF-TRAC-WHITE,Myanmar,Full,RandomForest,4,0,0.49308879844420644,0
2083,QC0205-C,1052-PF-TRAC-WHITE,Myanmar,Full,RandomForest,4,0,0.30622333225808357,0
2084,QC0206-C,1052-PF-TRAC-WHITE,Myanmar,Full,RandomForest,4,1,0.24195057933509503,0
2085,QC0207-C,1052-PF-TRAC-WHITE,Myanmar,Full,RandomForest,4,0,0.6526435811127501,1
2086,QC0209-C,1052-PF-TRAC-WHITE,Myanmar,Full,RandomForest,4,1,0.2638668336858293,0
2087,QC0210-C,1052-PF-TRAC-WHITE,Myanmar,Full,RandomForest,4,1,0.39051283987806523,0
2088,QC0211-C,1052-PF-TRAC-WHITE,Myanmar,Full,RandomForest,4,0,0.6526435811127501,1
2089,QC0212-C,1052-PF-TRAC-WHITE,Myanmar,Full,RandomForest,4,0,0.3427083878419199,0
2090,QC0213-C,1052-PF-TRAC-WHITE,Myanmar,Full,RandomForest,4,1,0.228025329819824,0
2091,QC0214-C,1052-PF-TRAC-WHITE,Myanmar,Full,RandomForest,4,1,0.2857627365921989,0
2092,QC0215-C,1052-PF-TRAC-WHITE,Myanmar,Full,RandomForest,4,0,0.41674906740418116,0
2093,QC0219-C,1052-PF-TRAC-WHITE,Myanmar,Full,RandomForest,4,1,0.7115422160623743,1
2094,QC0220-C,1052-PF-TRAC-WHITE,Myanmar,Full,RandomForest,4,0,0.24236452778174356,0
2095,QC0221-C,1052-PF-TRAC-WHITE,Myanmar,Full,RandomForest,4,0,0.14839539834045432,0
2096,QC0222-C,1052-PF-TRAC-WHITE,Myanmar,Full,RandomForest,4,0,0.24236452778174356,0
2097,QC0223-C,1052-PF-TRAC-WHITE,Myanmar,Full,RandomForest,4,1,0.22964430775678893,0
2098,QC0225-C,1052-PF-TRAC-WHITE,Myanmar,Full,RandomForest,4,0,0.2070426092313809,0
2099,QC0227-C,1052-PF-TRAC-WHITE,Myanmar,Full,RandomForest,4,0,0.4669983748615146,0
2100,QC0228-C,1052-PF-TRAC-WHITE,Myanmar,Full,RandomForest,4,0,0.4669983748615146,0
2101,QC0229-C,1052-PF-TRAC-WHITE,Myanmar,Full,RandomForest,4,0,0.332967702491213,0
2102,QC0230-C,1052-PF-TRAC-WHITE,Myanmar,Full,RandomForest,4,0,0.16827837637150608,0
2103,QC0231-C,1052-PF-TRAC-WHITE,Myanmar,Full,RandomForest,4,1,0.3775325742676381,0
2104,QC0232-C,1052-PF-TRAC-WHITE,Myanmar,Full,RandomForest,4,0,0.4235845356105046,0
2105,QC0233-C,1052-PF-TRAC-WHITE,Myanmar,Full,RandomForest,4,0,0.4235845356105046,0
2106,QC0235-C,1052-PF-TRAC-WHITE,Myanmar,Full,RandomForest,4,0,0.6244721306873401,1
2107,QC0239-C,1052-PF-TRAC-WHITE,Myanmar,Full,RandomForest,4,0,0.479972313845967,0
2108,QC0242-C,1052-PF-TRAC-WHITE,Myanmar,Full,RandomForest,4,0,0.16255280912007128,0
2109,QC0243-C,1052-PF-TRAC-WHITE,Myanmar,Full,RandomForest,4,0,0.1972305326075762,0
2110,QC0244-C,1052-PF-TRAC-WHITE,Myanmar,Full,RandomForest,4,0,0.20428856221516725,0
2111,QC0245-C,1052-PF-TRAC-WHITE,Myanmar,Full,RandomForest,4,0,0.15714769355122443,0
2112,QC0246-C,1052-PF-TRAC-WHITE,Myanmar,Full,RandomForest,4,0,0.5155469440509606,1
2113,QC0248-C,1052-PF-TRAC-WHITE,Myanmar,Full,RandomForest,4,0,0.3536694588929926,0
2114,QC0250-C,1052-PF-TRAC-WHITE,Myanmar,Full,RandomForest,4,1,0.22785577353394942,0
2115,QC0251-C,1052-PF-TRAC-WHITE,Myanmar,Full,RandomForest,4,0,0.21017211519535553,0
2116,QC0253-C,1052-PF-TRAC-WHITE,Myanmar,Full,RandomForest,4,0,0.14420487251086161,0
2117,QC0254-C,1052-PF-TRAC-WHITE,Myanmar,Full,RandomForest,4,0,0.21017211519535553,0
2118,QC0255-C,1052-PF-TRAC-WHITE,Myanmar,Full,RandomForest,4,0,0.21017211519535553,0
2119,QC0256-C,1052-PF-TRAC-WHITE,Myanmar,Full,RandomForest,4,0,0.35098896169529376,0
2120,QC0257-C,1052-PF-TRAC-WHITE,Myanmar,Full,RandomForest,4,0,0.21017211519535553,0
2121,QC0258-C,1052-PF-TRAC-WHITE,Myanmar,Full,RandomForest,4,1,0.5666625512322621,1
2122,QC0259-C,1052-PF-TRAC-WHITE,Myanmar,Full,RandomForest,4,1,0.5587661831165504,1
2123,QC0260-C,1052-PF-TRAC-WHITE,Myanmar,Full,RandomForest,4,1,0.5384944542227678,1
2124,QC0261-C,1052-PF-TRAC-WHITE,Myanmar,Full,RandomForest,4,1,0.5587661831165504,1
2125,QC0262-C,1052-PF-TRAC-WHITE,Myanmar,Full,RandomForest,4,1,0.5587661831165504,1
2126,QC0263-C,1052-PF-TRAC-WHITE,Myanmar,Full,RandomForest,4,1,0.5587661831165504,1
2127,QC0264-C,1052-PF-TRAC-WHITE,Myanmar,Full,RandomForest,4,1,0.5587661831165504,1
2128,QC0266-C,1052-PF-TRAC-WHITE,Myanmar,Full,RandomForest,4,1,0.5587661831165504,1
2129,QC0267-C,1052-PF-TRAC-WHITE,Myanmar,Full,RandomForest,4,0,0.20946479616695055,0
2130,QC0268-C,1052-PF-TRAC-WHITE,Myanmar,Full,RandomForest,4,1,0.5395663088540885,1
2131,QC0275-C,1052-PF-TRAC-WHITE,Myanmar,Full,RandomForest,4,1,0.3399996554471073,0
2132,QC0276-C,1052-PF-TRAC-WHITE,Myanmar,Full,RandomForest,4,1,0.17999623714581353,0
2133,QC0277-C,1052-PF-TRAC-WHITE,Myanmar,Full,RandomForest,4,1,0.4713060768153198,0
2134,QC0278-C,1052-PF-TRAC-WHITE,Myanmar,Full,RandomForest,4,1,0.2705517596058374,0
2135,QC0279-C,1052-PF-TRAC-WHITE,Myanmar,Full,RandomForest,4,0,0.11990106696899704,0
2136,QC0281-C,1052-PF-TRAC-WHITE,Myanmar,Full,RandomForest,4,1,0.523634721197654,1
2137,QC0282-C,1052-PF-TRAC-WHITE,Myanmar,Full,RandomForest,4,0,0.4547727515247123,0
2138,QC0283-C,1052-PF-TRAC-WHITE,Myanmar,Full,RandomForest,4,1,0.3683375708645265,0
2139,QC0285-C,1052-PF-TRAC-WHITE,Myanmar,Full,RandomForest,4,1,0.523634721197654,1
2140,QC0289-C,1052-PF-TRAC-WHITE,Myanmar,Full,RandomForest,4,1,0.14240177878602847,0
2141,QC0295-C,1052-PF-TRAC-WHITE,Myanmar,Full,RandomForest,4,0,0.188623838958113,0
2142,QC0296-C,1052-PF-TRAC-WHITE,Myanmar,Full,RandomForest,4,1,0.3114825676105071,0
2143,QC0298-C,1052-PF-TRAC-WHITE,Myanmar,Full,RandomForest,4,0,0.2881783141782838,0
2144,QC0299-C,1052-PF-TRAC-WHITE,Myanmar,Full,RandomForest,4,0,0.20677912576683755,0
2145,QC0300-C,1052-PF-TRAC-WHITE,Myanmar,Full,RandomForest,4,1,0.3394489969908681,0
2146,QC0302-C,1052-PF-TRAC-WHITE,Myanmar,Full,RandomForest,4,0,0.3366067699276421,0
2147,QC0305-C,1052-PF-TRAC-WHITE,Myanmar,Full,RandomForest,4,1,0.2953349989465497,0
2148,QC0306-C,1052-PF-TRAC-WHITE,Myanmar,Full,RandomForest,4,0,0.4529464689361552,0
2149,QC0307-C,1052-PF-TRAC-WHITE,Myanmar,Full,RandomForest,4,1,0.15899285188390663,0
2150,QC0308-C,1052-PF-TRAC-WHITE,Myanmar,Full,RandomForest,4,1,0.41802241666966333,0
2151,QC0309-C,1052-PF-TRAC-WHITE,Myanmar,Full,RandomForest,4,1,0.18088348580205305,0
2152,QC0313-C,1052-PF-TRAC-WHITE,Myanmar,Full,RandomForest,4,0,0.18338239827894173,0
2153,QC0314-C,1052-PF-TRAC-WHITE,Myanmar,Full,RandomForest,4,0,0.16843802855813095,0
2154,QC0318-C,1052-PF-TRAC-WHITE,Myanmar,Full,RandomForest,4,1,0.21949318083790467,0
2155,QC0319-C,1052-PF-TRAC-WHITE,Myanmar,Full,RandomForest,4,0,0.4535758916713941,0
2156,QC0320-C,1052-PF-TRAC-WHITE,Myanmar,Full,RandomForest,4,0,0.10564137955153528,0
2157,QC0321-C,1052-PF-TRAC-WHITE,Myanmar,Full,RandomForest,4,0,0.14992167594709338,0
2158,QC0322-C,1052-PF-TRAC-WHITE,Myanmar,Full,RandomForest,4,1,0.1659973252811368,0
2159,QC0323-C,1052-PF-TRAC-WHITE,Myanmar,Full,RandomForest,4,0,0.14992167594709338,0
2160,QC0325-C,1052-PF-TRAC-WHITE,Myanmar,Full,RandomForest,4,0,0.4009548683825145,0
2161,QC0326-C,1052-PF-TRAC-WHITE,Myanmar,Full,RandomForest,4,1,0.7053983113328997,1
2162,QC0327-C,1052-PF-TRAC-WHITE,Myanmar,Full,RandomForest,4,0,0.6407760339778078,1
2163,QC0328-C,1052-PF-TRAC-WHITE,Myanmar,Full,RandomForest,4,0,0.23732348881591345,0
2164,QC0329-C,1052-PF-TRAC-WHITE,Myanmar,Full,RandomForest,4,0,0.5322724048210646,1
2165,QC0330-C,1052-PF-TRAC-WHITE,Myanmar,Full,RandomForest,4,0,0.16959350549493946,0
2166,QC0331-C,1052-PF-TRAC-WHITE,Myanmar,Full,RandomForest,4,0,0.1685673733281303,0
2167,QC0332-C,1052-PF-TRAC-WHITE,Myanmar,Full,RandomForest,4,0,0.2516505006368002,0
2168,QC0333-C,1052-PF-TRAC-WHITE,Myanmar,Full,RandomForest,4,0,0.6419602976441978,1
2169,QC0334-C,1052-PF-TRAC-WHITE,Myanmar,Full,RandomForest,4,0,0.16343671861717993,0
2170,QC0336-C,1052-PF-TRAC-WHITE,Myanmar,Full,RandomForest,4,0,0.3196166573305423,0
2171,QC0338-C,1052-PF-TRAC-WHITE,Myanmar,Full,RandomForest,4,0,0.20921809345789885,0
2172,QC0339-C,1052-PF-TRAC-WHITE,Myanmar,Full,RandomForest,4,0,0.20171894011603783,0
2173,QC0340-C,1052-PF-TRAC-WHITE,Myanmar,Full,RandomForest,4,0,0.1435852188974443,0
2174,QC0341-C,1052-PF-TRAC-WHITE,Myanmar,Full,RandomForest,4,0,0.13979785567122943,0
2175,QC0342-C,1052-PF-TRAC-WHITE,Myanmar,Full,RandomForest,4,0,0.3526589516958737,0
2176,QC0343-C,1052-PF-TRAC-WHITE,Myanmar,Full,RandomForest,4,0,0.13979785567122943,0
2177,QC0344-C,1052-PF-TRAC-WHITE,Myanmar,Full,RandomForest,4,0,0.13979785567122943,0
2178,QC0345-C,1052-PF-TRAC-WHITE,Myanmar,Full,RandomForest,4,0,0.14992167594709338,0
2179,QC0346-C,1052-PF-TRAC-WHITE,Myanmar,Full,RandomForest,4,0,0.14992167594709338,0
2180,QC0347-C,1052-PF-TRAC-WHITE,Myanmar,Full,RandomForest,4,1,0.20891056297761257,0
2181,QC0348-C,1052-PF-TRAC-WHITE,Myanmar,Full,RandomForest,4,1,0.18171836439103392,0
2182,QC0349-C,1052-PF-TRAC-WHITE,Myanmar,Full,RandomForest,4,0,0.1287764355962061,0
2183,QC0350-C,1052-PF-TRAC-WHITE,Myanmar,Full,RandomForest,4,0,0.18338239827894173,0
2184,QC0351-C,1052-PF-TRAC-WHITE,Myanmar,Full,RandomForest,4,0,0.23732348881591345,0
2185,QC0353-C,1052-PF-TRAC-WHITE,Myanmar,Full,RandomForest,4,1,0.22555949224442512,0
2186,QC0354-C,1052-PF-TRAC-WHITE,Myanmar,Full,RandomForest,4,1,0.2225506608098348,0
2187,QC0357-C,1052-PF-TRAC-WHITE,Myanmar,Full,RandomForest,4,0,0.1505461009429651,0
2188,QC0358-C,1052-PF-TRAC-WHITE,Myanmar,Full,RandomForest,4,0,0.3285509562168088,0
2189,QC0359-C,1052-PF-TRAC-WHITE,Myanmar,Full,RandomForest,4,0,0.18338239827894173,0
2190,QC0362-C,1052-PF-TRAC-WHITE,Myanmar,Full,RandomForest,4,0,0.10056351868338233,0
2191,QC0363-C,1052-PF-TRAC-WHITE,Myanmar,Full,RandomForest,4,0,0.1824741184175685,0
2192,QC0364-C,1052-PF-TRAC-WHITE,Myanmar,Full,RandomForest,4,0,0.1890599764545923,0
2193,QC0365-C,1052-PF-TRAC-WHITE,Myanmar,Full,RandomForest,4,1,0.16036330102816596,0
2194,QC0366-C,1052-PF-TRAC-WHITE,Myanmar,Full,RandomForest,4,0,0.18338239827894173,0
2195,QC0367-C,1052-PF-TRAC-WHITE,Myanmar,Full,RandomForest,4,0,0.24452574699162788,0
2196,QC0368-C,1052-PF-TRAC-WHITE,Myanmar,Full,RandomForest,4,0,0.160161597636923,0
2197,QC0369-C,1052-PF-TRAC-WHITE,Myanmar,Full,RandomForest,4,0,0.14692038841073357,0
2198,QC0370-C,1052-PF-TRAC-WHITE,Myanmar,Full,RandomForest,4,0,0.16107344427967696,0
2199,QC0372-C,1052-PF-TRAC-WHITE,Myanmar,Full,RandomForest,4,1,0.34158176165155024,0
2328,QE0392-C,1052-PF-TRAC-WHITE,Laos,Full,RandomForest,4,0,0.010767590494916308,0
2329,QE0393-Cx,1052-PF-TRAC-WHITE,Laos,Full,RandomForest,4,0,0.0033671340910959562,0
2330,QE0395-C,1052-PF-TRAC-WHITE,Laos,Full,RandomForest,4,0,0.029820290170400384,0
2331,QE0396-C,1052-PF-TRAC-WHITE,Laos,Full,RandomForest,4,0,0.0273363361784371,0
2332,QE0397-C,1052-PF-TRAC-WHITE,Laos,Full,RandomForest,4,0,0.005113897837328779,0
2333,QE0398-C,1052-PF-TRAC-WHITE,Laos,Full,RandomForest,4,0,0.022297593350643442,0
2334,QE0399-C,1052-PF-TRAC-WHITE,Laos,Full,RandomForest,4,0,0.03439104393863721,0
2335,QE0400-C,1052-PF-TRAC-WHITE,Laos,Full,RandomForest,4,0,0.007845526239813709,0
2336,QE0401-C,1052-PF-TRAC-WHITE,Laos,Full,RandomForest,4,0,0.013804302207974873,0
2337,QE0402-C,1052-PF-TRAC-WHITE,Laos,Full,RandomForest,4,0,0.030682179876109567,0
2338,QE0403-Cx,1052-PF-TRAC-WHITE,Laos,Full,RandomForest,4,0,0.0036354956376894124,0
2339,QE0404-C,1052-PF-TRAC-WHITE,Laos,Full,RandomForest,4,0,0.11879754147536492,0
2340,QE0405-Cx,1052-PF-TRAC-WHITE,Laos,Full,RandomForest,4,0,0.021763529459814947,0
2341,QE0407-C,1052-PF-TRAC-WHITE,Laos,Full,RandomForest,4,0,0.041038990215200605,0
2342,QE0408-C,1052-PF-TRAC-WHITE,Laos,Full,RandomForest,4,0,0.09102373504037424,0
2343,QE0409-C,1052-PF-TRAC-WHITE,Laos,Full,RandomForest,4,0,0.03439104393863721,0
2344,QE0410-C,1052-PF-TRAC-WHITE,Laos,Full,RandomForest,4,0,0.004541151526528628,0
2345,QE0411-C,1052-PF-TRAC-WHITE,Laos,Full,RandomForest,4,0,0.09102373504037424,0
2346,QE0412-C,1052-PF-TRAC-WHITE,Laos,Full,RandomForest,4,0,0.03274720424275624,0
2347,QE0413-C,1052-PF-TRAC-WHITE,Laos,Full,RandomForest,4,0,0.05025251024686783,0
2348,QE0414-C,1052-PF-TRAC-WHITE,Laos,Full,RandomForest,4,0,0.0067279663195291516,0
2349,QE0415-C,1052-PF-TRAC-WHITE,Laos,Full,RandomForest,4,0,0.004244071336045547,0
2350,QE0416-C,1052-PF-TRAC-WHITE,Laos,Full,RandomForest,4,0,0.005755746483378344,0
2351,QE0417-C,1052-PF-TRAC-WHITE,Laos,Full,RandomForest,4,0,0.04025109029008281,0
2352,QE0418-C,1052-PF-TRAC-WHITE,Laos,Full,RandomForest,4,0,0.00952141026178353,0
2353,QE0419-C,1052-PF-TRAC-WHITE,Laos,Full,RandomForest,4,0,0.04588106247795994,0
2354,QE0420-C,1052-PF-TRAC-WHITE,Laos,Full,RandomForest,4,0,0.07765487643847648,0
2355,QE0421-C,1052-PF-TRAC-WHITE,Laos,Full,RandomForest,4,0,0.022109487189213805,0
2356,QE0422-C,1052-PF-TRAC-WHITE,Laos,Full,RandomForest,4,0,0.048993979911579,0
2357,QE0423-C,1052-PF-TRAC-WHITE,Laos,Full,RandomForest,4,0,0.37239760426688806,0
2358,QE0424-C,1052-PF-TRAC-WHITE,Laos,Full,RandomForest,4,0,0.010767590494916308,0
2359,QE0425-C,1052-PF-TRAC-WHITE,Laos,Full,RandomForest,4,0,0.02525896922438267,0
2360,QE0426-C,1052-PF-TRAC-WHITE,Laos,Full,RandomForest,4,0,0.06136989009552487,0
2361,QE0427-C,1052-PF-TRAC-WHITE,Laos,Full,RandomForest,4,0,0.018626962254575483,0
2362,QE0428-C,1052-PF-TRAC-WHITE,Laos,Full,RandomForest,4,0,0.030614078332631564,0
2363,QE0429-C,1052-PF-TRAC-WHITE,Laos,Full,RandomForest,4,1,0.15603787148246637,0
2364,QE0430-C,1052-PF-TRAC-WHITE,Laos,Full,RandomForest,4,0,0.02529841804229685,0
2365,QE0431-C,1052-PF-TRAC-WHITE,Laos,Full,RandomForest,4,0,0.026826546415769075,0
2366,QE0432-C,1052-PF-TRAC-WHITE,Laos,Full,RandomForest,4,0,0.22529918542719773,0
2367,QE0433-C,1052-PF-TRAC-WHITE,Laos,Full,RandomForest,4,0,0.022297593350643442,0
2368,QE0434-C,1052-PF-TRAC-WHITE,Laos,Full,RandomForest,4,0,0.01233862488503121,0
2369,QE0435-C,1052-PF-TRAC-WHITE,Laos,Full,RandomForest,4,0,0.014924693806965483,0
2370,QE0436-C,1052-PF-TRAC-WHITE,Laos,Full,RandomForest,4,0,0.367556442699942,0
2371,QE0437-C,1052-PF-TRAC-WHITE,Laos,Full,RandomForest,4,0,0.030170771391203357,0
2372,QE0438-C,1052-PF-TRAC-WHITE,Laos,Full,RandomForest,4,0,0.0634660635802462,0
2373,QE0439-C,1052-PF-TRAC-WHITE,Laos,Full,RandomForest,4,0,0.022920785518760697,0
2374,QE0440-C,1052-PF-TRAC-WHITE,Laos,Full,RandomForest,4,0,0.0067279663195291516,0
2375,QE0441-C,1052-PF-TRAC-WHITE,Laos,Full,RandomForest,4,0,0.06654589926329071,0
2376,QE0442-C,1052-PF-TRAC-WHITE,Laos,Full,RandomForest,4,0,0.013341173910866446,0
2377,QE0443-C,1052-PF-TRAC-WHITE,Laos,Full,RandomForest,4,0,0.0211163657423834,0
2378,QE0444-C,1052-PF-TRAC-WHITE,Laos,Full,RandomForest,4,0,0.10152684776417958,0
2379,QE0445-C,1052-PF-TRAC-WHITE,Laos,Full,RandomForest,4,0,0.220196553262008,0
2380,QE0446-C,1052-PF-TRAC-WHITE,Laos,Full,RandomForest,4,0,0.07165703245061854,0
2381,QE0447-C,1052-PF-TRAC-WHITE,Laos,Full,RandomForest,4,0,0.020661107262773447,0
2382,QE0448-C,1052-PF-TRAC-WHITE,Laos,Full,RandomForest,4,0,0.014841194174085826,0
2383,QE0449-C,1052-PF-TRAC-WHITE,Laos,Full,RandomForest,4,0,0.01419760374590627,0
2384,QE0451-C,1052-PF-TRAC-WHITE,Laos,Full,RandomForest,4,0,0.22667649885899524,0
2385,QE0452-C,1052-PF-TRAC-WHITE,Laos,Full,RandomForest,4,0,0.012865587804517891,0
2386,QE0453-C,1052-PF-TRAC-WHITE,Laos,Full,RandomForest,4,0,0.40814975002411386,0
2387,QE0454-C,1052-PF-TRAC-WHITE,Laos,Full,RandomForest,4,0,0.05673443460229906,0
2388,QE0455-C,1052-PF-TRAC-WHITE,Laos,Full,RandomForest,4,0,0.05195549943724728,0
2389,QE0456-C,1052-PF-TRAC-WHITE,Laos,Full,RandomForest,4,1,0.5661020188897264,1
2390,QE0457-C,1052-PF-TRAC-WHITE,Laos,Full,RandomForest,4,0,0.027549584548943237,0
2391,QE0458-C,1052-PF-TRAC-WHITE,Laos,Full,RandomForest,4,0,0.377556442699942,0
2392,QE0459-C,1052-PF-TRAC-WHITE,Laos,Full,RandomForest,4,0,0.12611996926131597,0
2393,QE0460-C,1052-PF-TRAC-WHITE,Laos,Full,RandomForest,4,0,0.377556442699942,0
2394,QE0461-C,1052-PF-TRAC-WHITE,Laos,Full,RandomForest,4,0,0.0060076166919698255,0
2395,QE0463-C,1052-PF-TRAC-WHITE,Laos,Full,RandomForest,4,0,0.3649283662423872,0
2396,QE0464-C,1052-PF-TRAC-WHITE,Laos,Full,RandomForest,4,0,0.13064787868402214,0
2397,QE0465-C,1052-PF-TRAC-WHITE,Laos,Full,RandomForest,4,0,0.004863581415602818,0
2398,QE0466-C,1052-PF-TRAC-WHITE,Laos,Full,RandomForest,4,0,0.02156861477962794,0
2399,QE0467-C,1052-PF-TRAC-WHITE,Laos,Full,RandomForest,4,0,0.015473918671374303,0
2400,QE0468-C,1052-PF-TRAC-WHITE,Laos,Full,RandomForest,4,0,0.38105761819354383,0
2401,QE0469-C,1052-PF-TRAC-WHITE,Laos,Full,RandomForest,4,0,0.2718128531068166,0
2402,QE0470-C,1052-PF-TRAC-WHITE,Laos,Full,RandomForest,4,0,0.025547386177983387,0
2403,QE0471-C,1052-PF-TRAC-WHITE,Laos,Full,RandomForest,4,0,0.18539742644399837,0
2404,QE0472-C,1052-PF-TRAC-WHITE,Laos,Full,RandomForest,4,0,0.012386826675145554,0
2405,QE0474-C,1052-PF-TRAC-WHITE,Laos,Full,RandomForest,4,0,0.006919600767676506,0
2406,QE0475-C,1052-PF-TRAC-WHITE,Laos,Full,RandomForest,4,0,0.3575408379912099,0
2407,QE0476-C,1052-PF-TRAC-WHITE,Laos,Full,RandomForest,4,0,0.04964294821800553,0
2408,QE0478-C,1052-PF-TRAC-WHITE,Laos,Full,RandomForest,4,0,0.017278692486127768,0
2409,QE0479-C,1052-PF-TRAC-WHITE,Laos,Full,RandomForest,4,0,0.010349079559861078,0
2410,QE0481-C,1052-PF-TRAC-WHITE,Laos,Full,RandomForest,4,0,0.0824561456096893,0
2411,QE0483-C,1052-PF-TRAC-WHITE,Laos,Full,RandomForest,4,0,0.01103322753141973,0
6151,RCN22378,1239-PF-KH-MSF-GENRE,Cambodia,Full,RandomForest,4,1,0.988036272364186,1
6152,RCN22386,1239-PF-KH-MSF-GENRE,Cambodia,Full,RandomForest,4,1,0.9905731340863465,1
6153,RCN22480,1239-PF-KH-MSF-GENRE,Cambodia,Full,RandomForest,4,1,0.9940316677441418,1
6154,RCN22500,1239-PF-KH-MSF-GENRE,Cambodia,Full,RandomForest,4,1,0.9985253714330871,1
6155,RCN22505,1239-PF-KH-MSF-GENRE,Cambodia,Full,RandomForest,4,1,0.998255281234398,1
6156,RCN22509,1239-PF-KH-MSF-GENRE,Cambodia,Full,RandomForest,4,1,0.9983210483687023,1
6157,RCN22510,1239-PF-KH-MSF-GENRE,Cambodia,Full,RandomForest,4,1,0.998255281234398,1
6158,RCN22513,1239-PF-KH-MSF-GENRE,Cambodia,Full,RandomForest,4,1,0.8303429138707092,1
6159,RCN22514,1239-PF-KH-MSF-GENRE,Cambodia,Full,RandomForest,4,1,0.9877179102241044,1
6160,RCN22520,1239-PF-KH-MSF-GENRE,Cambodia,Full,RandomForest,4,1,0.9987360611927723,1
6161,RCN22529,1239-PF-KH-MSF-GENRE,Cambodia,Full,RandomForest,4,1,0.9832289886884173,1
6162,RCN22532,1239-PF-KH-MSF-GENRE,Cambodia,Full,RandomForest,4,1,0.999624209174598,1
6163,RCN22535,1239-PF-KH-MSF-GENRE,Cambodia,Full,RandomForest,4,1,0.9706029037365608,1
6164,RCN22536,1239-PF-KH-MSF-GENRE,Cambodia,Full,RandomForest,4,1,0.9614442621477529,1
6165,RCN22542,1239-PF-KH-MSF-GENRE,Cambodia,Full,RandomForest,4,1,0.9987221827273494,1
6166,RCN22545,1239-PF-KH-MSF-GENRE,Cambodia,Full,RandomForest,4,0,0.10716574791055387,0
6167,RCN22550,1239-PF-KH-MSF-GENRE,Cambodia,Full,RandomForest,4,1,0.9844669485558117,1
6168,RCN22552,1239-PF-KH-MSF-GENRE,Cambodia,Full,RandomForest,4,1,0.983983668004351,1
6169,RCN22554,1239-PF-KH-MSF-GENRE,Cambodia,Full,RandomForest,4,1,0.9974075944665651,1
6170,RCN22555,1239-PF-KH-MSF-GENRE,Cambodia,Full,RandomForest,4,1,0.9994606900239495,1
6171,RCN22556,1239-PF-KH-MSF-GENRE,Cambodia,Full,RandomForest,4,1,0.9934044774715762,1
6172,RCN22558,1239-PF-KH-MSF-GENRE,Cambodia,Full,RandomForest,4,1,0.9988672166649488,1
6173,RCN22561,1239-PF-KH-MSF-GENRE,Cambodia,Full,RandomForest,4,1,0.9887914248638459,1
6174,RCN22562,1239-PF-KH-MSF-GENRE,Cambodia,Full,RandomForest,4,1,0.9853814965696239,1
6175,RCN22564,1239-PF-KH-MSF-GENRE,Cambodia,Full,RandomForest,4,1,0.9995966020638614,1
6176,RCN22565,1239-PF-KH-MSF-GENRE,Cambodia,Full,RandomForest,4,1,0.8595828384234901,1
6177,RCN22571,1239-PF-KH-MSF-GENRE,Cambodia,Full,RandomForest,4,1,0.9974075944665651,1
6178,RCN22572,1239-PF-KH-MSF-GENRE,Cambodia,Full,RandomForest,4,1,0.9913161621997447,1
6179,RCN22575,1239-PF-KH-MSF-GENRE,Cambodia,Full,RandomForest,4,1,0.9987149201659504,1
6180,RCN22579,1239-PF-KH-MSF-GENRE,Cambodia,Full,RandomForest,4,1,0.7019857914181844,1
6181,RCN22580,1239-PF-KH-MSF-GENRE,Cambodia,Full,RandomForest,4,1,0.9931394320609808,1
6182,RCN22581,1239-PF-KH-MSF-GENRE,Cambodia,Full,RandomForest,4,1,0.9933596549296233,1
6183,RCN22584,1239-PF-KH-MSF-GENRE,Cambodia,Full,RandomForest,4,1,0.9692993125104459,1
6184,RCN22585,1239-PF-KH-MSF-GENRE,Cambodia,Full,RandomForest,4,1,0.9932446888145751,1
6185,RCN22587,1239-PF-KH-MSF-GENRE,Cambodia,Full,RandomForest,4,1,0.9849054572355788,1
6186,RCN22589,1239-PF-KH-MSF-GENRE,Cambodia,Full,RandomForest,4,1,0.9977730738402635,1
6187,RCN22590,1239-PF-KH-MSF-GENRE,Cambodia,Full,RandomForest,4,1,0.9868508322470534,1
6188,RCN22595,1239-PF-KH-MSF-GENRE,Cambodia,Full,RandomForest,4,1,0.9192686716945194,1
6189,RCN22597,1239-PF-KH-MSF-GENRE,Cambodia,Full,RandomForest,4,1,0.9977841344055411,1
6190,RCN22598,1239-PF-KH-MSF-GENRE,Cambodia,Full,RandomForest,4,1,0.9994606900239495,1
6191,RCN22602,1239-PF-KH-MSF-GENRE,Cambodia,Full,RandomForest,4,1,0.9128490593507367,1
6192,RCN22604,1239-PF-KH-MSF-GENRE,Cambodia,Full,RandomForest,4,1,0.9996887211130857,1
6193,RCN22613,1239-PF-KH-MSF-GENRE,Cambodia,Full,RandomForest,4,1,0.9934044774715762,1
6194,RCN22614,1239-PF-KH-MSF-GENRE,Cambodia,Full,RandomForest,4,1,0.8178077506447957,1
6195,RCN22636,1239-PF-KH-MSF-GENRE,Cambodia,Full,RandomForest,4,1,0.9975401627201778,1
6196,RCN22637,1239-PF-KH-MSF-GENRE,Cambodia,Full,RandomForest,4,1,0.9348687996108299,1
6197,RCN22641,1239-PF-KH-MSF-GENRE,Cambodia,Full,RandomForest,4,1,0.9162684378305899,1
6198,RCN22643,1239-PF-KH-MSF-GENRE,Cambodia,Full,RandomForest,4,1,0.9256071233857623,1
6199,RCN22644,1239-PF-KH-MSF-GENRE,Cambodia,Full,RandomForest,4,1,0.9911116596988399,1
6200,RCN22645,1239-PF-KH-MSF-GENRE,Cambodia,Full,RandomForest,4,1,0.9994606900239495,1
6201,RCN22647,1239-PF-KH-MSF-GENRE,Cambodia,Full,RandomForest,4,1,0.912274879397601,1
6202,RCN22651,1239-PF-KH-MSF-GENRE,Cambodia,Full,RandomForest,4,1,0.8718339999926142,1
6203,RCN22653,1239-PF-KH-MSF-GENRE,Cambodia,Full,RandomForest,4,0,0.09073205673583871,0
6204,RCN22654,1239-PF-KH-MSF-GENRE,Cambodia,Full,RandomForest,4,1,0.9933596549296233,1
6205,RCN22655,1239-PF-KH-MSF-GENRE,Cambodia,Full,RandomForest,4,1,0.9995264571582538,1
6206,RCN22657,1239-PF-KH-MSF-GENRE,Cambodia,Full,RandomForest,4,1,0.9986616188761325,1
6207,RCN22659,1239-PF-KH-MSF-GENRE,Cambodia,Full,RandomForest,4,1,0.8638429721343658,1
6208,RCN22660,1239-PF-KH-MSF-GENRE,Cambodia,Full,RandomForest,4,1,0.9993196372182785,1
6209,RCN22663,1239-PF-KH-MSF-GENRE,Cambodia,Full,RandomForest,4,1,0.7749259495136605,1
6210,RCN22668,1239-PF-KH-MSF-GENRE,Cambodia,Full,RandomForest,4,1,0.9995966020638614,1
6211,RCN22669,1239-PF-KH-MSF-GENRE,Cambodia,Full,RandomForest,4,1,0.9814455974984497,1
6212,RCN22671,1239-PF-KH-MSF-GENRE,Cambodia,Full,RandomForest,4,1,0.9996887211130857,1
6213,RCN22672,1239-PF-KH-MSF-GENRE,Cambodia,Full,RandomForest,4,1,0.9887595186769355,1
6214,RCN22675,1239-PF-KH-MSF-GENRE,Cambodia,Full,RandomForest,4,1,0.9942214409948913,1
6215,RCN22678,1239-PF-KH-MSF-GENRE,Cambodia,Full,RandomForest,4,1,0.9996887211130857,1
6216,RCN22679,1239-PF-KH-MSF-GENRE,Cambodia,Full,RandomForest,4,1,0.968891805443793,1
6217,RCN22684,1239-PF-KH-MSF-GENRE,Cambodia,Full,RandomForest,4,0,0.16329852698406688,0
6218,RCN22685,1239-PF-KH-MSF-GENRE,Cambodia,Full,RandomForest,4,1,0.9989725024861679,1
6219,RCN22686,1239-PF-KH-MSF-GENRE,Cambodia,Full,RandomForest,4,1,0.9942353088375332,1
6220,RCN22687,1239-PF-KH-MSF-GENRE,Cambodia,Full,RandomForest,4,1,0.9529983619682737,1
6221,RCN22688,1239-PF-KH-MSF-GENRE,Cambodia,Full,RandomForest,4,1,0.9911116596988399,1
6222,RCN22689,1239-PF-KH-MSF-GENRE,Cambodia,Full,RandomForest,4,1,0.9996585285156963,1
6223,RCN22690,1239-PF-KH-MSF-GENRE,Cambodia,Full,RandomForest,4,1,0.9995264571582538,1
6224,RCN22699,1239-PF-KH-MSF-GENRE,Cambodia,Full,RandomForest,4,1,0.9936604399300307,1
6225,RCN22720,1239-PF-KH-MSF-GENRE,Cambodia,Full,RandomForest,4,1,0.9994606900239495,1
6226,RCN22736,1239-PF-KH-MSF-GENRE,Cambodia,Full,RandomForest,4,1,0.9018480846614562,1
6227,RCN22748,1239-PF-KH-MSF-GENRE,Cambodia,Full,RandomForest,4,1,0.9553009277292803,1
6228,RCN22749,1239-PF-KH-MSF-GENRE,Cambodia,Full,RandomForest,4,1,0.7950479807400853,1
6229,RCN22753,1239-PF-KH-MSF-GENRE,Cambodia,Full,RandomForest,4,1,0.9032621116199974,1
6230,RCN22768,1239-PF-KH-MSF-GENRE,Cambodia,Full,RandomForest,4,1,0.9996887211130857,1
6231,RCN22770,1239-PF-KH-MSF-GENRE,Cambodia,Full,RandomForest,4,1,0.9992681539490554,1
6232,RCN22772,1239-PF-KH-MSF-GENRE,Cambodia,Full,RandomForest,4,1,0.9919615729033328,1
6233,RCN22781,1239-PF-KH-MSF-GENRE,Cambodia,Full,RandomForest,4,1,0.9996585285156963,1
6234,RCN22787,1239-PF-KH-MSF-GENRE,Cambodia,Full,RandomForest,4,1,0.8554880839790933,1
6235,RCN22788,1239-PF-KH-MSF-GENRE,Cambodia,Full,RandomForest,4,1,0.987627394862745,1
6236,RCN22789,1239-PF-KH-MSF-GENRE,Cambodia,Full,RandomForest,4,1,0.9974075944665651,1
6237,RCN22790,1239-PF-KH-MSF-GENRE,Cambodia,Full,RandomForest,4,1,0.9996585285156963,1
6238,RCN22791,1239-PF-KH-MSF-GENRE,Cambodia,Full,RandomForest,4,1,0.7866556689089776,1
6239,RCN22792,1239-PF-KH-MSF-GENRE,Cambodia,Full,RandomForest,4,1,0.9038586570454976,1
6240,RCN22795,1239-PF-KH-MSF-GENRE,Cambodia,Full,RandomForest,4,1,0.31504109717191375,0
6241,RCN22798,1239-PF-KH-MSF-GENRE,Cambodia,Full,RandomForest,4,0,0.29347146998191836,0
6242,RCN22799,1239-PF-KH-MSF-GENRE,Cambodia,Full,RandomForest,4,1,0.8246735176816641,1
6243,RCN22800,1239-PF-KH-MSF-GENRE,Cambodia,Full,RandomForest,4,0,0.2691547750000498,0
6244,RCN22802,1239-PF-KH-MSF-GENRE,Cambodia,Full,RandomForest,4,1,0.9995264571582538,1
6245,RCN22803,1239-PF-KH-MSF-GENRE,Cambodia,Full,RandomForest,4,1,0.9993196372182785,1
6246,RCN22804,1239-PF-KH-MSF-GENRE,Cambodia,Full,RandomForest,4,1,0.9988930929571235,1
6247,RCN22805,1239-PF-KH-MSF-GENRE,Cambodia,Full,RandomForest,4,1,0.8925247129438476,1
6248,RCN22806,1239-PF-KH-MSF-GENRE,Cambodia,Full,RandomForest,4,1,0.9995264571582538,1
6249,RCN22808,1239-PF-KH-MSF-GENRE,Cambodia,Full,RandomForest,4,1,0.9994606900239495,1
6250,RCN22809,1239-PF-KH-MSF-GENRE,Cambodia,Full,RandomForest,4,1,0.9996585285156963,1
6251,RCN22810,1239-PF-KH-MSF-GENRE,Cambodia,Full,RandomForest,4,1,0.9988930929571235,1
6252,RCN22811,1239-PF-KH-MSF-GENRE,Cambodia,Full,RandomForest,4,1,0.9805241657902396,1
6253,RCN22815,1239-PF-KH-MSF-GENRE,Cambodia,Full,RandomForest,4,1,0.9799103749638097,1
6254,RCN22817,1239-PF-KH-MSF-GENRE,Cambodia,Full,RandomForest,4,1,0.8125090481937058,1
6255,RCN22818,1239-PF-KH-MSF-GENRE,Cambodia,Full,RandomForest,4,1,0.9996996943773502,1
6256,RCN22819,1239-PF-KH-MSF-GENRE,Cambodia,Full,RandomForest,4,0,0.2982150574306057,0
6257,RCN22820,1239-PF-KH-MSF-GENRE,Cambodia,Full,RandomForest,4,1,0.9974075944665651,1
6258,RCN22821,1239-PF-KH-MSF-GENRE,Cambodia,Full,RandomForest,4,0,0.1435872686547626,0
6259,RCN22822,1239-PF-KH-MSF-GENRE,Cambodia,Full,RandomForest,4,1,0.9068018721881262,1
6260,RCN22824,1239-PF-KH-MSF-GENRE,Cambodia,Full,RandomForest,4,1,0.9127086064349699,1
6261,RCN22826,1239-PF-KH-MSF-GENRE,Cambodia,Full,RandomForest,4,1,0.7607061264034756,1
6262,RCN22827,1239-PF-KH-MSF-GENRE,Cambodia,Full,RandomForest,4,1,0.9433522671245176,1
6263,RCN22828,1239-PF-KH-MSF-GENRE,Cambodia,Full,RandomForest,4,1,0.9988930929571235,1
6264,RCN22829,1239-PF-KH-MSF-GENRE,Cambodia,Full,RandomForest,4,1,0.9988930929571235,1
6265,RCN22831,1239-PF-KH-MSF-GENRE,Cambodia,Full,RandomForest,4,1,0.8947127013989412,1
6266,RCN22832,1239-PF-KH-MSF-GENRE,Cambodia,Full,RandomForest,4,0,0.2409986915120257,0
6267,RCN22833,1239-PF-KH-MSF-GENRE,Cambodia,Full,RandomForest,4,1,0.9996887211130857,1
6268,RCN22834,1239-PF-KH-MSF-GENRE,Cambodia,Full,RandomForest,4,1,0.7533948625312439,1
6269,RCN22835,1239-PF-KH-MSF-GENRE,Cambodia,Full,RandomForest,4,0,0.2553186058081196,0
6270,RCN22836,1239-PF-KH-MSF-GENRE,Cambodia,Full,RandomForest,4,1,0.9995264571582538,1
6271,RCN22837,1239-PF-KH-MSF-GENRE,Cambodia,Full,RandomForest,4,1,0.8309047725157196,1
6272,RCN22838,1239-PF-KH-MSF-GENRE,Cambodia,Full,RandomForest,4,1,0.9899784826747018,1
6273,RCN22839,1239-PF-KH-MSF-GENRE,Cambodia,Full,RandomForest,4,0,0.3173714850247151,0
6274,RCN22840,1239-PF-KH-MSF-GENRE,Cambodia,Full,RandomForest,4,1,0.9996887211130857,1
6275,RCN22842,1239-PF-KH-MSF-GENRE,Cambodia,Full,RandomForest,4,1,0.6964419142144814,1
6276,RCN22843,1239-PF-KH-MSF-GENRE,Cambodia,Full,RandomForest,4,0,0.1819351881441892,0
6277,RCN22845,1239-PF-KH-MSF-GENRE,Cambodia,Full,RandomForest,4,0,0.5872555996696237,1
6278,RCN22846,1239-PF-KH-MSF-GENRE,Cambodia,Full,RandomForest,4,1,0.9660936261445603,1
6279,RCN22847,1239-PF-KH-MSF-GENRE,Cambodia,Full,RandomForest,4,1,0.9670770539120856,1
6280,RCN22848,1239-PF-KH-MSF-GENRE,Cambodia,Full,RandomForest,4,1,0.9446023572955401,1
6281,RCN22850,1239-PF-KH-MSF-GENRE,Cambodia,Full,RandomForest,4,1,0.9996887211130857,1
6282,RCN22851,1239-PF-KH-MSF-GENRE,Cambodia,Full,RandomForest,4,1,0.9459876910452693,1
6283,RCN22852,1239-PF-KH-MSF-GENRE,Cambodia,Full,RandomForest,4,1,0.9589607880633721,1
6284,RCN22853,1239-PF-KH-MSF-GENRE,Cambodia,Full,RandomForest,4,1,0.9880373539353343,1
6285,RCN22854,1239-PF-KH-MSF-GENRE,Cambodia,Full,RandomForest,4,1,0.9097935294396767,1
6286,RCN22855,1239-PF-KH-MSF-GENRE,Cambodia,Full,RandomForest,4,1,0.9530959862054648,1
6287,RCN22857,1239-PF-KH-MSF-GENRE,Cambodia,Full,RandomForest,4,1,0.9433522671245176,1
6288,RCN22858,1239-PF-KH-MSF-GENRE,Cambodia,Full,RandomForest,4,1,0.998061371469202,1
6289,RCN22859,1239-PF-KH-MSF-GENRE,Cambodia,Full,RandomForest,4,1,0.998061371469202,1
6290,RCN22860,1239-PF-KH-MSF-GENRE,Cambodia,Full,RandomForest,4,1,0.999199899114661,1
6291,RCN22861,1239-PF-KH-MSF-GENRE,Cambodia,Full,RandomForest,4,1,0.9097935294396767,1
6292,RCN22862,1239-PF-KH-MSF-GENRE,Cambodia,Full,RandomForest,4,1,0.9979956043348978,1
6293,RCN22863,1239-PF-KH-MSF-GENRE,Cambodia,Full,RandomForest,4,1,0.9928771235668308,1
6294,RCN22864,1239-PF-KH-MSF-GENRE,Cambodia,Full,RandomForest,4,1,0.9312414180554102,1
6295,RCN22865,1239-PF-KH-MSF-GENRE,Cambodia,Full,RandomForest,4,0,0.6989750001393786,1
6296,RCN22866,1239-PF-KH-MSF-GENRE,Cambodia,Full,RandomForest,4,1,0.9859415468490177,1
6297,RCN22867,1239-PF-KH-MSF-GENRE,Cambodia,Full,RandomForest,4,1,0.9911116596988399,1
6298,RCN22868,1239-PF-KH-MSF-GENRE,Cambodia,Full,RandomForest,4,1,0.9996887211130857,1
6299,RCN22869,1239-PF-KH-MSF-GENRE,Cambodia,Full,RandomForest,4,1,0.9643137251487879,1
6300,RCN22870,1239-PF-KH-MSF-GENRE,Cambodia,Full,RandomForest,4,1,0.9879127370189371,1
6301,RCN22872,1239-PF-KH-MSF-GENRE,Cambodia,Full,RandomForest,4,1,0.9540363549857324,1
6302,RCN22873,1239-PF-KH-MSF-GENRE,Cambodia,Full,RandomForest,4,1,0.9540363549857324,1
6303,RCN22874,1239-PF-KH-MSF-GENRE,Cambodia,Full,RandomForest,4,1,0.9540363549857324,1
6304,RCN22875,1239-PF-KH-MSF-GENRE,Cambodia,Full,RandomForest,4,1,0.9540363549857324,1
6305,RCN22876,1239-PF-KH-MSF-GENRE,Cambodia,Full,RandomForest,4,1,0.9251934144334365,1
6306,RCN22877,1239-PF-KH-MSF-GENRE,Cambodia,Full,RandomForest,4,1,0.9094993083339843,1
6307,RCN22878,1239-PF-KH-MSF-GENRE,Cambodia,Full,RandomForest,4,1,0.9643137251487879,1
6308,RCN22879,1239-PF-KH-MSF-GENRE,Cambodia,Full,RandomForest,4,1,0.9681072004483423,1
6309,RCN22880,1239-PF-KH-MSF-GENRE,Cambodia,Full,RandomForest,4,1,0.987734035010871,1
6310,RCN22881,1239-PF-KH-MSF-GENRE,Cambodia,Full,RandomForest,4,0,0.22565450770355205,0
6311,RCN22882,1239-PF-KH-MSF-GENRE,Cambodia,Full,RandomForest,4,1,0.9931590265805385,1
6312,RCN22887,1239-PF-KH-MSF-GENRE,Cambodia,Full,RandomForest,4,0,0.792985745524517,1
6313,RCN22888,1239-PF-KH-MSF-GENRE,Cambodia,Full,RandomForest,4,1,0.9303201173821624,1
6314,RCN22889,1239-PF-KH-MSF-GENRE,Cambodia,Full,RandomForest,4,0,0.8519407867983165,1
6315,RCN22890,1239-PF-KH-MSF-GENRE,Cambodia,Full,RandomForest,4,0,0.8125442061669287,1
6316,RCN22891,1239-PF-KH-MSF-GENRE,Cambodia,Full,RandomForest,4,0,0.8090003628026426,1
6317,RCN22892,1239-PF-KH-MSF-GENRE,Cambodia,Full,RandomForest,4,1,0.9127292195517682,1
6318,RCN22894,1239-PF-KH-MSF-GENRE,Cambodia,Full,RandomForest,4,1,0.9128390866883761,1
6319,RCN22895,1239-PF-KH-MSF-GENRE,Cambodia,Full,RandomForest,4,0,0.7797846290493199,1
6320,RCN22896,1239-PF-KH-MSF-GENRE,Cambodia,Full,RandomForest,4,1,0.9988930929571235,1
6321,RCN22897,1239-PF-KH-MSF-GENRE,Cambodia,Full,RandomForest,4,1,0.7252679817695957,1
6322,RCN22898,1239-PF-KH-MSF-GENRE,Cambodia,Full,RandomForest,4,0,0.14284235807147191,0
6323,RCN22899,1239-PF-KH-MSF-GENRE,Cambodia,Full,RandomForest,4,0,0.12071941949629986,0
6324,RCN22900,1239-PF-KH-MSF-GENRE,Cambodia,Full,RandomForest,4,0,0.09652367105709564,0
6325,RCN22902,1239-PF-KH-MSF-GENRE,Cambodia,Full,RandomForest,4,0,0.8087209623097016,1
6326,RCN22903,1239-PF-KH-MSF-GENRE,Cambodia,Full,RandomForest,4,1,0.9368586728838024,1
6327,RCN22904,1239-PF-KH-MSF-GENRE,Cambodia,Full,RandomForest,4,0,0.7920388238472781,1
6328,RCN22905,1239-PF-KH-MSF-GENRE,Cambodia,Full,RandomForest,4,1,0.8676064250395825,1
6329,RCN22908,1239-PF-KH-MSF-GENRE,Cambodia,Full,RandomForest,4,1,0.9094993083339843,1
6330,RCN22909,1239-PF-KH-MSF-GENRE,Cambodia,Full,RandomForest,4,1,0.905368445073601,1
6331,RCN22911,1239-PF-KH-MSF-GENRE,Cambodia,Full,RandomForest,4,1,0.9879753829438962,1
6332,RCN22931,1239-PF-KH-MSF-GENRE,Cambodia,Full,RandomForest,4,1,0.8235576066316138,1
6333,RCN22934,1239-PF-KH-MSF-GENRE,Cambodia,Full,RandomForest,4,1,0.9934044774715762,1
6334,RCN22939,1239-PF-KH-MSF-GENRE,Cambodia,Full,RandomForest,4,1,0.7968013664247544,1
6335,RCN22940,1239-PF-KH-MSF-GENRE,Cambodia,Full,RandomForest,4,1,0.9911545315759909,1
6336,RCN22947,1239-PF-KH-MSF-GENRE,Cambodia,Full,RandomForest,4,1,0.9996887211130857,1
6337,RCN22954,1239-PF-KH-MSF-GENRE,Cambodia,Full,RandomForest,4,1,0.691308116867197,1
6338,RCN22955,1239-PF-KH-MSF-GENRE,Cambodia,Full,RandomForest,4,1,0.722164208757777,1
6339,RCN22957,1239-PF-KH-MSF-GENRE,Cambodia,Full,RandomForest,4,1,0.8389117148417344,1
6340,RCN22959,1239-PF-KH-MSF-GENRE,Cambodia,Full,RandomForest,4,1,0.919983947005494,1
6341,RCN22967,1239-PF-KH-MSF-GENRE,Cambodia,Full,RandomForest,4,1,0.9869240837440968,1
6342,RCN22970,1239-PF-KH-MSF-GENRE,Cambodia,Full,RandomForest,4,1,0.9984627962715034,1
6343,RCN22971,1239-PF-KH-MSF-GENRE,Cambodia,Full,RandomForest,4,1,0.9327906270225593,1
6344,RCN22972,1239-PF-KH-MSF-GENRE,Cambodia,Full,RandomForest,4,1,0.9996887211130857,1
6345,RCN22974,1239-PF-KH-MSF-GENRE,Cambodia,Full,RandomForest,4,1,0.9996887211130857,1
6346,RCN22975,1239-PF-KH-MSF-GENRE,Cambodia,Full,RandomForest,4,1,0.9995264571582538,1
6347,RCN22976,1239-PF-KH-MSF-GENRE,Cambodia,Full,RandomForest,4,1,0.8722096937656084,1
6348,RCN22977,1239-PF-KH-MSF-GENRE,Cambodia,Full,RandomForest,4,1,0.769076179253749,1
6349,RCN22979,1239-PF-KH-MSF-GENRE,Cambodia,Full,RandomForest,4,1,0.998061371469202,1
6350,RCN22982,1239-PF-KH-MSF-GENRE,Cambodia,Full,RandomForest,4,1,0.9032621116199974,1
6351,RCN22984,1239-PF-KH-MSF-GENRE,Cambodia,Full,RandomForest,4,1,0.9996585285156963,1
6352,RCN22988,1239-PF-KH-MSF-GENRE,Cambodia,Full,RandomForest,4,1,0.9995264571582538,1
6353,RCN22989,1239-PF-KH-MSF-GENRE,Cambodia,Full,RandomForest,4,1,0.9931138405097856,1
6354,RCN22990,1239-PF-KH-MSF-GENRE,Cambodia,Full,RandomForest,4,1,0.9777564199141854,1
6355,RCN22995,1239-PF-KH-MSF-GENRE,Cambodia,Full,RandomForest,4,1,0.9880031508569163,1
6356,RCN22999,1239-PF-KH-MSF-GENRE,Cambodia,Full,RandomForest,4,1,0.9994606900239495,1
6357,RCN23000,1239-PF-KH-MSF-GENRE,Cambodia,Full,RandomForest,4,1,0.9661353144221038,1
6358,RCN23001,1239-PF-KH-MSF-GENRE,Cambodia,Full,RandomForest,4,1,0.9839281256385342,1
6359,RCN23002,1239-PF-KH-MSF-GENRE,Cambodia,Full,RandomForest,4,1,0.9996887211130857,1
6360,RCN23003,1239-PF-KH-MSF-GENRE,Cambodia,Full,RandomForest,4,1,0.9994606900239495,1
6361,RCN23004,1239-PF-KH-MSF-GENRE,Cambodia,Full,RandomForest,4,1,0.9996887211130857,1
6362,RCN23020,1239-PF-KH-MSF-GENRE,Cambodia,Full,RandomForest,4,1,0.9996887211130857,1
6363,RCN23022,1239-PF-KH-MSF-GENRE,Cambodia,Full,RandomForest,4,1,0.9996585285156963,1
6364,RCN23024,1239-PF-KH-MSF-GENRE,Cambodia,Full,RandomForest,4,1,0.9994606900239495,1
6365,RCN23025,1239-PF-KH-MSF-GENRE,Cambodia,Full,RandomForest,4,1,0.9996887211130857,1
6366,RCN23026,1239-PF-KH-MSF-GENRE,Cambodia,Full,RandomForest,4,1,0.896780426900889,1
6367,RCN23028,1239-PF-KH-MSF-GENRE,Cambodia,Full,RandomForest,4,1,0.9995264571582538,1
6368,RCN23029,1239-PF-KH-MSF-GENRE,Cambodia,Full,RandomForest,4,1,0.9995966020638614,1
6369,RCN23030,1239-PF-KH-MSF-GENRE,Cambodia,Full,RandomForest,4,1,0.9994606900239495,1
6370,RCN23032,1239-PF-KH-MSF-GENRE,Cambodia,Full,RandomForest,4,1,0.9995966020638614,1
6371,RCN23035,1239-PF-KH-MSF-GENRE,Cambodia,Full,RandomForest,4,1,0.9988930929571235,1
6372,RCN23036,1239-PF-KH-MSF-GENRE,Cambodia,Full,RandomForest,4,1,0.9994606900239495,1
6373,RCN23038,1239-PF-KH-MSF-GENRE,Cambodia,Full,RandomForest,4,1,0.9850810297981463,1
6374,RCN23041,1239-PF-KH-MSF-GENRE,Cambodia,Full,RandomForest,4,0,0.1509947375698119,0
6375,RCN23042,1239-PF-KH-MSF-GENRE,Cambodia,Full,RandomForest,4,1,0.7982509855161757,1
6376,RCN23044,1239-PF-KH-MSF-GENRE,Cambodia,Full,RandomForest,4,0,0.1435872686547626,0
6377,RCN23046,1239-PF-KH-MSF-GENRE,Cambodia,Full,RandomForest,4,0,0.1435872686547626,0
6378,RCN23048,1239-PF-KH-MSF-GENRE,Cambodia,Full,RandomForest,4,0,0.1435872686547626,0
6379,RCN23059,1239-PF-KH-MSF-GENRE,Cambodia,Full,RandomForest,4,1,0.9674472901983873,1
6380,RCN23060,1239-PF-KH-MSF-GENRE,Cambodia,Full,RandomForest,4,1,0.9161446984769942,1
6381,RCN23072,1239-PF-KH-MSF-GENRE,Cambodia,Full,RandomForest,4,1,0.9769320497445837,1
6382,RCN23080,1239-PF-KH-MSF-GENRE,Cambodia,Full,RandomForest,4,1,0.8407854690624486,1
6383,RCN23082,1239-PF-KH-MSF-GENRE,Cambodia,Full,RandomForest,4,1,0.861813682386878,1
6384,RCN23098,1239-PF-KH-MSF-GENRE,Cambodia,Full,RandomForest,4,1,0.9984593307004747,1
6385,RCN23099,1239-PF-KH-MSF-GENRE,Cambodia,Full,RandomForest,4,1,0.9995264571582538,1
6386,RCN23103,1239-PF-KH-MSF-GENRE,Cambodia,Full,RandomForest,4,1,0.9951681792732959,1
6387,RCN23105,1239-PF-KH-MSF-GENRE,Cambodia,Full,RandomForest,4,1,0.8782290750775256,1
6388,RCN23106,1239-PF-KH-MSF-GENRE,Cambodia,Full,RandomForest,4,1,0.9911116596988399,1
6389,RCN23112,1239-PF-KH-MSF-GENRE,Cambodia,Full,RandomForest,4,1,0.9476788992203093,1
6390,RCN23114,1239-PF-KH-MSF-GENRE,Cambodia,Full,RandomForest,4,1,0.9586905741358855,1
6391,RCN23121,1239-PF-KH-MSF-GENRE,Cambodia,Full,RandomForest,4,1,0.7596691174237891,1
6392,RCN23122,1239-PF-KH-MSF-GENRE,Cambodia,Full,RandomForest,4,1,0.9861516196841822,1
6393,RCN23128,1239-PF-KH-MSF-GENRE,Cambodia,Full,RandomForest,4,1,0.9482516768206346,1
6394,RCN23138,1239-PF-KH-MSF-GENRE,Cambodia,Full,RandomForest,4,1,0.9911116596988399,1
6395,RCN23139,1239-PF-KH-MSF-GENRE,Cambodia,Full,RandomForest,4,1,0.9582177858847669,1
6396,RCN23145,1239-PF-KH-MSF-GENRE,Cambodia,Full,RandomForest,4,1,0.7982509855161757,1
6397,RCN23146,1239-PF-KH-MSF-GENRE,Cambodia,Full,RandomForest,4,1,0.8370568828532441,1
6398,RCN23151,1239-PF-KH-MSF-GENRE,Cambodia,Full,RandomForest,4,1,0.8307929130832231,1
6399,RCN23162,1239-PF-KH-MSF-GENRE,Cambodia,Full,RandomForest,4,1,0.9340482062809202,1
6400,RCN23163,1239-PF-KH-MSF-GENRE,Cambodia,Full,RandomForest,4,0,0.23261084277559593,0
6401,RCN23164,1239-PF-KH-MSF-GENRE,Cambodia,Full,RandomForest,4,1,0.9573425747987336,1
6402,RCN23166,1239-PF-KH-MSF-GENRE,Cambodia,Full,RandomForest,4,1,0.9994606900239495,1
6403,RCN23167,1239-PF-KH-MSF-GENRE,Cambodia,Full,RandomForest,4,0,0.42389649544579117,0
6404,RCN23168,1239-PF-KH-MSF-GENRE,Cambodia,Full,RandomForest,4,1,0.9900587820454555,1
6405,RCN23174,1239-PF-KH-MSF-GENRE,Cambodia,Full,RandomForest,4,1,0.9475675366549929,1
6406,RCN23175,1239-PF-KH-MSF-GENRE,Cambodia,Full,RandomForest,4,1,0.975856319779413,1
6407,RCN23178,1239-PF-KH-MSF-GENRE,Cambodia,Full,RandomForest,4,1,0.7683497386650575,1
6408,RCN23191,1239-PF-KH-MSF-GENRE,Cambodia,Full,RandomForest,4,1,0.9273112213789649,1
6409,RCN23198,1239-PF-KH-MSF-GENRE,Cambodia,Full,RandomForest,4,1,0.9934951274179966,1
6410,RCN23208,1239-PF-KH-MSF-GENRE,Cambodia,Full,RandomForest,4,1,0.9871021226177367,1
6411,RCN23216,1239-PF-KH-MSF-GENRE,Cambodia,Full,RandomForest,4,1,0.9338860674848131,1
6412,RCN23223,1239-PF-KH-MSF-GENRE,Cambodia,Full,RandomForest,4,1,0.9936604399300307,1
6413,RCN23227,1239-PF-KH-MSF-GENRE,Cambodia,Full,RandomForest,4,1,0.9900587820454555,1
6414,RCN23230,1239-PF-KH-MSF-GENRE,Cambodia,Full,RandomForest,4,1,0.9843662376743879,1
6415,RCN23232,1239-PF-KH-MSF-GENRE,Cambodia,Full,RandomForest,4,1,0.9936604399300307,1
6416,RCN23233,1239-PF-KH-MSF-GENRE,Cambodia,Full,RandomForest,4,1,0.974971040693901,1
6417,RCN23234,1239-PF-KH-MSF-GENRE,Cambodia,Full,RandomForest,4,1,0.9900587820454555,1
77,PD0109-C,1031-PF-SEA-PLOWE,Thailand,Full,RandomForest,5,0,0.2764526228038928,0
78,PD0110-C,1031-PF-SEA-PLOWE,Thailand,Full,RandomForest,5,1,0.3459407732869314,0
111,PD0145-C,1031-PF-SEA-PLOWE,Thailand,Full,RandomForest,5,0,0.33515366207794783,0
241,PD0716-C,1125-PF-TH-NOSTEN,Thailand,Full,RandomForest,5,0,0.25748300725419976,0
242,PD0717-C,1125-PF-TH-NOSTEN,Thailand,Full,RandomForest,5,0,0.3875752078924204,0
243,PD0718-C,1125-PF-TH-NOSTEN,Thailand,Full,RandomForest,5,0,0.24127017372783693,0
244,PD0720-C,1125-PF-TH-NOSTEN,Thailand,Full,RandomForest,5,1,0.42745812897335095,0
245,PD0721-C,1125-PF-TH-NOSTEN,Thailand,Full,RandomForest,5,0,0.3269602399815308,0
246,PD0722-C,1125-PF-TH-NOSTEN,Thailand,Full,RandomForest,5,0,0.5465939683052328,1
247,PD0724-C,1125-PF-TH-NOSTEN,Thailand,Full,RandomForest,5,0,0.21529420883988454,0
248,PD0725-C,1125-PF-TH-NOSTEN,Thailand,Full,RandomForest,5,1,0.4230410432430835,0
249,PD0726-C,1125-PF-TH-NOSTEN,Thailand,Full,RandomForest,5,0,0.5102929033283136,1
250,PD0727-C,1125-PF-TH-NOSTEN,Thailand,Full,RandomForest,5,0,0.3277044932038525,0
251,PD0728-C,1125-PF-TH-NOSTEN,Thailand,Full,RandomForest,5,0,0.14658069328410334,0
252,PD0729-C,1125-PF-TH-NOSTEN,Thailand,Full,RandomForest,5,0,0.5469796898105259,1
253,PD0730-C,1125-PF-TH-NOSTEN,Thailand,Full,RandomForest,5,0,0.44796417503527985,0
254,PD0731-C,1125-PF-TH-NOSTEN,Thailand,Full,RandomForest,5,1,0.4058616801135191,0
255,PD0733-C,1125-PF-TH-NOSTEN,Thailand,Full,RandomForest,5,0,0.13701928920587447,0
256,PD0734-C,1125-PF-TH-NOSTEN,Thailand,Full,RandomForest,5,1,0.45741514415039114,0
257,PD0735-C,1125-PF-TH-NOSTEN,Thailand,Full,RandomForest,5,0,0.3875752078924204,0
258,PD0740-C,1125-PF-TH-NOSTEN,Thailand,Full,RandomForest,5,0,0.24482343258336658,0
259,PD0741-C,1125-PF-TH-NOSTEN,Thailand,Full,RandomForest,5,0,0.31397081527666204,0
260,PD0742-C,1125-PF-TH-NOSTEN,Thailand,Full,RandomForest,5,0,0.3245718998453773,0
261,PD0744-C,1125-PF-TH-NOSTEN,Thailand,Full,RandomForest,5,0,0.430737534733167,0
262,PD0746-C,1125-PF-TH-NOSTEN,Thailand,Full,RandomForest,5,1,0.4077771232892317,0
263,PD0747-C,1125-PF-TH-NOSTEN,Thailand,Full,RandomForest,5,0,0.34729235820487536,0
264,PD0748-C,1125-PF-TH-NOSTEN,Thailand,Full,RandomForest,5,0,0.26501892654487436,0
265,PD0749-C,1125-PF-TH-NOSTEN,Thailand,Full,RandomForest,5,0,0.4789595199003714,0
266,PD0750-C,1125-PF-TH-NOSTEN,Thailand,Full,RandomForest,5,0,0.46846087022849736,0
267,PD0751-C,1125-PF-TH-NOSTEN,Thailand,Full,RandomForest,5,1,0.3877020976480447,0
268,PD0754-C,1125-PF-TH-NOSTEN,Thailand,Full,RandomForest,5,0,0.33727968651741824,0
269,PD0755-C,1125-PF-TH-NOSTEN,Thailand,Full,RandomForest,5,0,0.48611607282190117,0
270,PD0758-C,1125-PF-TH-NOSTEN,Thailand,Full,RandomForest,5,0,0.4474158924746306,0
271,PD0760-C,1125-PF-TH-NOSTEN,Thailand,Full,RandomForest,5,0,0.444324484788136,0
272,PD0761-C,1125-PF-TH-NOSTEN,Thailand,Full,RandomForest,5,0,0.37046369241646765,0
273,PD0762-C,1125-PF-TH-NOSTEN,Thailand,Full,RandomForest,5,0,0.29932589059786446,0
274,PD0765-C,1125-PF-TH-NOSTEN,Thailand,Full,RandomForest,5,0,0.2596686965134482,0
275,PD0766-C,1125-PF-TH-NOSTEN,Thailand,Full,RandomForest,5,0,0.441734052042705,0
276,PD0767-C,1125-PF-TH-NOSTEN,Thailand,Full,RandomForest,5,0,0.37921686371328506,0
277,PD0771-C,1125-PF-TH-NOSTEN,Thailand,Full,RandomForest,5,0,0.2519907109109679,0
278,PD0772-C,1125-PF-TH-NOSTEN,Thailand,Full,RandomForest,5,0,0.38879892179813746,0
279,PD0774-C,1125-PF-TH-NOSTEN,Thailand,Full,RandomForest,5,0,0.16298994287514826,0
280,PD0775-C,1125-PF-TH-NOSTEN,Thailand,Full,RandomForest,5,0,0.3695350906488581,0
281,PD0776-C,1125-PF-TH-NOSTEN,Thailand,Full,RandomForest,5,0,0.26998856869172577,0
282,PD0777-C,1125-PF-TH-NOSTEN,Thailand,Full,RandomForest,5,0,0.378920415766091,0
283,PD0781-C,1125-PF-TH-NOSTEN,Thailand,Full,RandomForest,5,0,0.22187268089979104,0
284,PD0782-C,1125-PF-TH-NOSTEN,Thailand,Full,RandomForest,5,0,0.3893544174593762,0
285,PD0785-C,1125-PF-TH-NOSTEN,Thailand,Full,RandomForest,5,0,0.3204069497170606,0
286,PD0786-C,1125-PF-TH-NOSTEN,Thailand,Full,RandomForest,5,0,0.24631877685390216,0
287,PD0787-C,1125-PF-TH-NOSTEN,Thailand,Full,RandomForest,5,0,0.5055995874429442,1
288,PD0789-C,1125-PF-TH-NOSTEN,Thailand,Full,RandomForest,5,0,0.5407301080197496,1
289,PD0790-C,1125-PF-TH-NOSTEN,Thailand,Full,RandomForest,5,0,0.27136281689326713,0
290,PD0791-C,1125-PF-TH-NOSTEN,Thailand,Full,RandomForest,5,1,0.5275202149484831,1
291,PD0792-C,1125-PF-TH-NOSTEN,Thailand,Full,RandomForest,5,0,0.6420210151732674,1
292,PD0794-C,1125-PF-TH-NOSTEN,Thailand,Full,RandomForest,5,0,0.47699087092936876,0
293,PD0795-C,1125-PF-TH-NOSTEN,Thailand,Full,RandomForest,5,0,0.5502151010207205,1
294,PD0796-C,1125-PF-TH-NOSTEN,Thailand,Full,RandomForest,5,0,0.47144632109000234,0
295,PD0799-C,1125-PF-TH-NOSTEN,Thailand,Full,RandomForest,5,1,0.5513434454693477,1
296,PD0800-C,1125-PF-TH-NOSTEN,Thailand,Full,RandomForest,5,1,0.5516778740369532,1
297,PD0801-C,1125-PF-TH-NOSTEN,Thailand,Full,RandomForest,5,1,0.3567441927783729,0
298,PD0802-C,1125-PF-TH-NOSTEN,Thailand,Full,RandomForest,5,1,0.2902097198281328,0
299,PD0803-C,1125-PF-TH-NOSTEN,Thailand,Full,RandomForest,5,1,0.31863943114338467,0
300,PD0804-C,1125-PF-TH-NOSTEN,Thailand,Full,RandomForest,5,1,0.5513434454693477,1
301,PD0806-C,1125-PF-TH-NOSTEN,Thailand,Full,RandomForest,5,1,0.5542969683035127,1
302,PD0808-C,1125-PF-TH-NOSTEN,Thailand,Full,RandomForest,5,1,0.5683843641558931,1
303,PD0809-C,1125-PF-TH-NOSTEN,Thailand,Full,RandomForest,5,1,0.4961809327386022,0
304,PD0810-C,1125-PF-TH-NOSTEN,Thailand,Full,RandomForest,5,1,0.4505718553019745,0
305,PD0813-C,1125-PF-TH-NOSTEN,Thailand,Full,RandomForest,5,0,0.16429406803263466,0
306,PD0814-C,1125-PF-TH-NOSTEN,Thailand,Full,RandomForest,5,1,0.5643312226340708,1
307,PD0816-C,1125-PF-TH-NOSTEN,Thailand,Full,RandomForest,5,1,0.5823129038207137,1
308,PD0817-C,1125-PF-TH-NOSTEN,Thailand,Full,RandomForest,5,0,0.4583580347793204,0
309,PD0818-C,1125-PF-TH-NOSTEN,Thailand,Full,RandomForest,5,1,0.5823129038207137,1
310,PD0819-C,1125-PF-TH-NOSTEN,Thailand,Full,RandomForest,5,1,0.5598827356513328,1
311,PD0820-C,1125-PF-TH-NOSTEN,Thailand,Full,RandomForest,5,1,0.5751638485085734,1
312,PD0822-C,1125-PF-TH-NOSTEN,Thailand,Full,RandomForest,5,1,0.5514933904945301,1
313,PD0823-C,1125-PF-TH-NOSTEN,Thailand,Full,RandomForest,5,1,0.5537403958883972,1
314,PD0824-C,1125-PF-TH-NOSTEN,Thailand,Full,RandomForest,5,1,0.5537403958883972,1
315,PD0825-C,1125-PF-TH-NOSTEN,Thailand,Full,RandomForest,5,1,0.5643312226340708,1
316,PD0826-C,1125-PF-TH-NOSTEN,Thailand,Full,RandomForest,5,1,0.5514933904945301,1
317,PD0827-C,1125-PF-TH-NOSTEN,Thailand,Full,RandomForest,5,1,0.5823129038207137,1
318,PD0828-C,1125-PF-TH-NOSTEN,Thailand,Full,RandomForest,5,1,0.5514933904945301,1
319,PD0829-C,1125-PF-TH-NOSTEN,Thailand,Full,RandomForest,5,1,0.5823129038207137,1
320,PD0830-C,1125-PF-TH-NOSTEN,Thailand,Full,RandomForest,5,1,0.49467476811532923,0
321,PD0831-C,1125-PF-TH-NOSTEN,Thailand,Full,RandomForest,5,1,0.48849472129188337,0
322,PD0832-C,1125-PF-TH-NOSTEN,Thailand,Full,RandomForest,5,1,0.5514933904945301,1
323,PD0833-C,1125-PF-TH-NOSTEN,Thailand,Full,RandomForest,5,0,0.4054040747573125,0
324,PD0834-C,1125-PF-TH-NOSTEN,Thailand,Full,RandomForest,5,0,0.41010700291901586,0
325,PD0835-C,1125-PF-TH-NOSTEN,Thailand,Full,RandomForest,5,0,0.2758046890183618,0
326,PD0836-C,1125-PF-TH-NOSTEN,Thailand,Full,RandomForest,5,0,0.20452229327735427,0
327,PD0837-C,1125-PF-TH-NOSTEN,Thailand,Full,RandomForest,5,0,0.2639889312971444,0
328,PD0838-C,1125-PF-TH-NOSTEN,Thailand,Full,RandomForest,5,0,0.4519700942534158,0
329,PD0839-C,1125-PF-TH-NOSTEN,Thailand,Full,RandomForest,5,0,0.44635954887539975,0
330,PD0840-C,1125-PF-TH-NOSTEN,Thailand,Full,RandomForest,5,0,0.25200082653384626,0
331,PD0841-C,1125-PF-TH-NOSTEN,Thailand,Full,RandomForest,5,0,0.37067583563208806,0
332,PD0842-C,1125-PF-TH-NOSTEN,Thailand,Full,RandomForest,5,0,0.2807774025383826,0
333,PD0843-C,1125-PF-TH-NOSTEN,Thailand,Full,RandomForest,5,0,0.3139503222738244,0
334,PD0846-C,1125-PF-TH-NOSTEN,Thailand,Full,RandomForest,5,0,0.31573699522570825,0
335,PD0847-C,1125-PF-TH-NOSTEN,Thailand,Full,RandomForest,5,0,0.31175356305881563,0
336,PD0848-C,1125-PF-TH-NOSTEN,Thailand,Full,RandomForest,5,0,0.24446295188913986,0
337,PD0849-C,1125-PF-TH-NOSTEN,Thailand,Full,RandomForest,5,0,0.2697817334537399,0
338,PD0851-C,1125-PF-TH-NOSTEN,Thailand,Full,RandomForest,5,0,0.4134785804879151,0
339,PD0852-C,1125-PF-TH-NOSTEN,Thailand,Full,RandomForest,5,0,0.4392329502473369,0
340,PD0853-C,1125-PF-TH-NOSTEN,Thailand,Full,RandomForest,5,0,0.38888833668075984,0
341,PD0854-C,1125-PF-TH-NOSTEN,Thailand,Full,RandomForest,5,0,0.2442725442992646,0
342,PD0855-C,1125-PF-TH-NOSTEN,Thailand,Full,RandomForest,5,0,0.1875693801270294,0
343,PD0856-C,1125-PF-TH-NOSTEN,Thailand,Full,RandomForest,5,0,0.194820897834344,0
344,PD0857-C,1125-PF-TH-NOSTEN,Thailand,Full,RandomForest,5,0,0.35652075576653913,0
345,PD0858-C,1125-PF-TH-NOSTEN,Thailand,Full,RandomForest,5,0,0.20385210549727714,0
346,PD0859-C,1125-PF-TH-NOSTEN,Thailand,Full,RandomForest,5,0,0.1793781794775266,0
347,PD0860-C,1125-PF-TH-NOSTEN,Thailand,Full,RandomForest,5,0,0.5141401248712618,1
348,PD0861-C,1125-PF-TH-NOSTEN,Thailand,Full,RandomForest,5,0,0.2132311063739252,0
349,PD0862-C,1125-PF-TH-NOSTEN,Thailand,Full,RandomForest,5,0,0.619352594593918,1
350,PD0863-C,1125-PF-TH-NOSTEN,Thailand,Full,RandomForest,5,0,0.3921889615377024,0
351,PD0864-C,1125-PF-TH-NOSTEN,Thailand,Full,RandomForest,5,0,0.3571489615121875,0
352,PD0867-C,1125-PF-TH-NOSTEN,Thailand,Full,RandomForest,5,1,0.3920736931098072,0
353,PD0869-C,1125-PF-TH-NOSTEN,Thailand,Full,RandomForest,5,0,0.3628151384946915,0
354,PD0870-C,1125-PF-TH-NOSTEN,Thailand,Full,RandomForest,5,1,0.49467476811532923,0
355,PD0871-C,1125-PF-TH-NOSTEN,Thailand,Full,RandomForest,5,0,0.37783138713400727,0
356,PD0872-C,1125-PF-TH-NOSTEN,Thailand,Full,RandomForest,5,1,0.43648574440898513,0
357,PD0873-C,1125-PF-TH-NOSTEN,Thailand,Full,RandomForest,5,1,0.5710182052154485,1
358,PD0874-C,1125-PF-TH-NOSTEN,Thailand,Full,RandomForest,5,1,0.5710182052154485,1
359,PD0875-C,1125-PF-TH-NOSTEN,Thailand,Full,RandomForest,5,1,0.564018273819467,1
360,PD0876-C,1125-PF-TH-NOSTEN,Thailand,Full,RandomForest,5,1,0.5514933904945301,1
361,PD0877-C,1125-PF-TH-NOSTEN,Thailand,Full,RandomForest,5,1,0.05806842881207471,0
362,PD0878-C,1125-PF-TH-NOSTEN,Thailand,Full,RandomForest,5,1,0.5518922110730601,1
363,PD0879-C,1125-PF-TH-NOSTEN,Thailand,Full,RandomForest,5,1,0.5518922110730601,1
364,PD0881-C,1125-PF-TH-NOSTEN,Thailand,Full,RandomForest,5,0,0.3430657117776093,0
365,PD0882-C,1125-PF-TH-NOSTEN,Thailand,Full,RandomForest,5,0,0.29223814755639543,0
366,PD0883-C,1125-PF-TH-NOSTEN,Thailand,Full,RandomForest,5,0,0.3665365878264688,0
367,PD0884-C,1125-PF-TH-NOSTEN,Thailand,Full,RandomForest,5,0,0.3579321740056518,0
368,PD0885-C,1125-PF-TH-NOSTEN,Thailand,Full,RandomForest,5,0,0.6224322991959622,1
369,PD0886-C,1125-PF-TH-NOSTEN,Thailand,Full,RandomForest,5,0,0.4171542249302128,0
370,PD0887-C,1125-PF-TH-NOSTEN,Thailand,Full,RandomForest,5,1,0.4297223884943157,0
371,PD0889-C,1125-PF-TH-NOSTEN,Thailand,Full,RandomForest,5,0,0.39693122869708025,0
372,PD0890-C,1125-PF-TH-NOSTEN,Thailand,Full,RandomForest,5,0,0.36108825360616675,0
373,PD0891-C,1125-PF-TH-NOSTEN,Thailand,Full,RandomForest,5,0,0.24515176076539205,0
374,PD0892-C,1125-PF-TH-NOSTEN,Thailand,Full,RandomForest,5,0,0.4352962713164113,0
375,PD0894-C,1125-PF-TH-NOSTEN,Thailand,Full,RandomForest,5,0,0.3643238474862055,0
376,PD0895-C,1125-PF-TH-NOSTEN,Thailand,Full,RandomForest,5,0,0.37056383410001836,0
377,PD0898-C,1125-PF-TH-NOSTEN,Thailand,Full,RandomForest,5,1,0.30887890164788,0
378,PD0901-C,1125-PF-TH-NOSTEN,Thailand,Full,RandomForest,5,0,0.291153034067267,0
379,PD0904-C,1125-PF-TH-NOSTEN,Thailand,Full,RandomForest,5,0,0.3742582466196292,0
380,PD0905-C,1125-PF-TH-NOSTEN,Thailand,Full,RandomForest,5,0,0.4283191467071527,0
381,PD0906-C,1125-PF-TH-NOSTEN,Thailand,Full,RandomForest,5,0,0.2556867701676209,0
382,PD0907-C,1125-PF-TH-NOSTEN,Thailand,Full,RandomForest,5,0,0.2920708256529363,0
383,PD0908-C,1125-PF-TH-NOSTEN,Thailand,Full,RandomForest,5,0,0.43084948907393583,0
384,PD0909-C,1125-PF-TH-NOSTEN,Thailand,Full,RandomForest,5,0,0.48573044328446163,0
385,PD0910-C,1125-PF-TH-NOSTEN,Thailand,Full,RandomForest,5,0,0.44430737140870524,0
386,PD0913-C,1125-PF-TH-NOSTEN,Thailand,Full,RandomForest,5,1,0.4230410432430835,0
387,PD0914-C,1125-PF-TH-NOSTEN,Thailand,Full,RandomForest,5,0,0.3688208652672023,0
388,PD0915-C,1125-PF-TH-NOSTEN,Thailand,Full,RandomForest,5,0,0.21565589290853265,0
389,PD0916-C,1125-PF-TH-NOSTEN,Thailand,Full,RandomForest,5,0,0.4620584434966619,0
390,PD0918-C,1125-PF-TH-NOSTEN,Thailand,Full,RandomForest,5,0,0.4387987208116093,0
391,PD0919-C,1125-PF-TH-NOSTEN,Thailand,Full,RandomForest,5,0,0.4566347144160283,0
392,PD0920-C,1125-PF-TH-NOSTEN,Thailand,Full,RandomForest,5,0,0.34046488012868237,0
393,PD0921-C,1125-PF-TH-NOSTEN,Thailand,Full,RandomForest,5,0,0.3861831117166903,0
394,PD0923-C,1125-PF-TH-NOSTEN,Thailand,Full,RandomForest,5,0,0.5477416375908127,1
395,PD0924-C,1125-PF-TH-NOSTEN,Thailand,Full,RandomForest,5,1,0.4133513904342603,0
396,PD0925-C,1125-PF-TH-NOSTEN,Thailand,Full,RandomForest,5,0,0.26943402690343204,0
397,PD0926-C,1125-PF-TH-NOSTEN,Thailand,Full,RandomForest,5,0,0.47588926930735626,0
398,PD0927-C,1125-PF-TH-NOSTEN,Thailand,Full,RandomForest,5,1,0.5637315248128165,1
399,PD0928-C,1125-PF-TH-NOSTEN,Thailand,Full,RandomForest,5,1,0.513689562229978,1
400,PD0929-C,1125-PF-TH-NOSTEN,Thailand,Full,RandomForest,5,1,0.576290859234699,1
401,PD0930-C,1125-PF-TH-NOSTEN,Thailand,Full,RandomForest,5,0,0.35763764071097953,0
402,PD0931-C,1125-PF-TH-NOSTEN,Thailand,Full,RandomForest,5,1,0.5299718178156274,1
403,PD0932-C,1125-PF-TH-NOSTEN,Thailand,Full,RandomForest,5,1,0.5266896472984987,1
404,PD0933-C,1125-PF-TH-NOSTEN,Thailand,Full,RandomForest,5,1,0.561343217300641,1
405,PD0934-C,1125-PF-TH-NOSTEN,Thailand,Full,RandomForest,5,0,0.6544393188593685,1
406,PD0935-C,1125-PF-TH-NOSTEN,Thailand,Full,RandomForest,5,0,0.31069328730271395,0
407,PD0936-C,1125-PF-TH-NOSTEN,Thailand,Full,RandomForest,5,0,0.5134685248041512,1
408,PD0937-C,1125-PF-TH-NOSTEN,Thailand,Full,RandomForest,5,0,0.4251225191231496,0
409,PD0938-C,1125-PF-TH-NOSTEN,Thailand,Full,RandomForest,5,0,0.4536775957174898,0
410,PD0939-C,1125-PF-TH-NOSTEN,Thailand,Full,RandomForest,5,0,0.5081698268214011,1
411,PD0941-C,1125-PF-TH-NOSTEN,Thailand,Full,RandomForest,5,0,0.414239720500316,0
412,PD0942-C,1125-PF-TH-NOSTEN,Thailand,Full,RandomForest,5,0,0.25287744451260025,0
413,PD0944-C,1125-PF-TH-NOSTEN,Thailand,Full,RandomForest,5,0,0.3875752078924204,0
414,PD0948-C,1125-PF-TH-NOSTEN,Thailand,Full,RandomForest,5,0,0.4581378607283281,0
415,PD0949-C,1125-PF-TH-NOSTEN,Thailand,Full,RandomForest,5,0,0.2778729927684069,0
416,PD0950-C,1125-PF-TH-NOSTEN,Thailand,Full,RandomForest,5,0,0.44035795608849304,0
417,PD0951-C,1125-PF-TH-NOSTEN,Thailand,Full,RandomForest,5,0,0.430737534733167,0
418,PD0952-C,1125-PF-TH-NOSTEN,Thailand,Full,RandomForest,5,0,0.2748988223727617,0
419,PD0953-C,1125-PF-TH-NOSTEN,Thailand,Full,RandomForest,5,0,0.4116850152311439,0
420,PD0954-C,1125-PF-TH-NOSTEN,Thailand,Full,RandomForest,5,0,0.43359158751219146,0
421,PD0955-C,1125-PF-TH-NOSTEN,Thailand,Full,RandomForest,5,0,0.590509757445456,1
422,PD0956-C,1125-PF-TH-NOSTEN,Thailand,Full,RandomForest,5,0,0.43793332655219563,0
423,PD0957-C,1125-PF-TH-NOSTEN,Thailand,Full,RandomForest,5,0,0.5517806645961957,1
424,PD0958-C,1125-PF-TH-NOSTEN,Thailand,Full,RandomForest,5,0,0.5342540172083163,1
425,PD0959-C,1125-PF-TH-NOSTEN,Thailand,Full,RandomForest,5,0,0.4732890236450956,0
426,PD0961-C,1125-PF-TH-NOSTEN,Thailand,Full,RandomForest,5,0,0.40107944658684874,0
427,PD0962-C,1125-PF-TH-NOSTEN,Thailand,Full,RandomForest,5,0,0.22647442931925393,0
428,PD0963-C,1125-PF-TH-NOSTEN,Thailand,Full,RandomForest,5,0,0.44063585636690855,0
429,PD0964-C,1125-PF-TH-NOSTEN,Thailand,Full,RandomForest,5,0,0.30799883291145586,0
430,PD0966-C,1125-PF-TH-NOSTEN,Thailand,Full,RandomForest,5,0,0.2679439841386059,0
431,PD0967-C,1125-PF-TH-NOSTEN,Thailand,Full,RandomForest,5,0,0.43976617967212006,0
432,PD0968-C,1125-PF-TH-NOSTEN,Thailand,Full,RandomForest,5,0,0.3558404452599169,0
433,PD0969-C,1125-PF-TH-NOSTEN,Thailand,Full,RandomForest,5,0,0.35087483185840895,0
434,PD0971-C,1125-PF-TH-NOSTEN,Thailand,Full,RandomForest,5,0,0.2773109780181433,0
435,PD0972-C,1125-PF-TH-NOSTEN,Thailand,Full,RandomForest,5,0,0.31406580194970224,0
436,PD0973-C,1125-PF-TH-NOSTEN,Thailand,Full,RandomForest,5,0,0.48152026041879226,0
437,PD0974-C,1125-PF-TH-NOSTEN,Thailand,Full,RandomForest,5,0,0.21381036236712922,0
438,PD0976-C,1125-PF-TH-NOSTEN,Thailand,Full,RandomForest,5,0,0.41638547264509,0
439,PD0978-C,1125-PF-TH-NOSTEN,Thailand,Full,RandomForest,5,0,0.48381946267762316,0
440,PD0979-C,1125-PF-TH-NOSTEN,Thailand,Full,RandomForest,5,0,0.4352962713164113,0
441,PD0980-C,1125-PF-TH-NOSTEN,Thailand,Full,RandomForest,5,0,0.5588147411216958,1
442,PD0982-C,1125-PF-TH-NOSTEN,Thailand,Full,RandomForest,5,1,0.27214991529017996,0
443,PD0983-C,1125-PF-TH-NOSTEN,Thailand,Full,RandomForest,5,0,0.4048783113680027,0
444,PD0984-C,1125-PF-TH-NOSTEN,Thailand,Full,RandomForest,5,0,0.337336547082324,0
445,PD0985-C,1125-PF-TH-NOSTEN,Thailand,Full,RandomForest,5,0,0.45299607081051296,0
446,PD0986-C,1125-PF-TH-NOSTEN,Thailand,Full,RandomForest,5,0,0.2934744442820534,0
447,PD0987-C,1125-PF-TH-NOSTEN,Thailand,Full,RandomForest,5,0,0.24446295188913986,0
448,PD0988-C,1125-PF-TH-NOSTEN,Thailand,Full,RandomForest,5,0,0.2714258603664846,0
449,PD0989-C,1125-PF-TH-NOSTEN,Thailand,Full,RandomForest,5,1,0.1606708207592163,0
450,PD0990-C,1125-PF-TH-NOSTEN,Thailand,Full,RandomForest,5,1,0.37593666516738866,0
451,PD0992-C,1125-PF-TH-NOSTEN,Thailand,Full,RandomForest,5,0,0.3068747150505047,0
452,PD0994-C,1125-PF-TH-NOSTEN,Thailand,Full,RandomForest,5,0,0.26988626312583636,0
453,PD0995-C,1125-PF-TH-NOSTEN,Thailand,Full,RandomForest,5,0,0.4473188683721908,0
454,PD0996-C,1125-PF-TH-NOSTEN,Thailand,Full,RandomForest,5,0,0.5498073676802501,1
455,PD0997-C,1125-PF-TH-NOSTEN,Thailand,Full,RandomForest,5,0,0.44063585636690855,0
456,PD0998-C,1125-PF-TH-NOSTEN,Thailand,Full,RandomForest,5,0,0.4993662137988028,0
457,PD1000-C,1125-PF-TH-NOSTEN,Thailand,Full,RandomForest,5,0,0.4110839998480402,0
458,PD1001-C,1125-PF-TH-NOSTEN,Thailand,Full,RandomForest,5,1,0.14063515970955287,0
459,PD1004-C,1125-PF-TH-NOSTEN,Thailand,Full,RandomForest,5,0,0.25058100031630487,0
460,PD1005-C,1125-PF-TH-NOSTEN,Thailand,Full,RandomForest,5,1,0.27059231451948074,0
461,PD1006-C,1125-PF-TH-NOSTEN,Thailand,Full,RandomForest,5,0,0.3925421633928932,0
462,PD1007-C,1125-PF-TH-NOSTEN,Thailand,Full,RandomForest,5,0,0.4230410432430835,0
463,PD1008-C,1125-PF-TH-NOSTEN,Thailand,Full,RandomForest,5,0,0.6005299136007083,1
464,PD1009-C,1125-PF-TH-NOSTEN,Thailand,Full,RandomForest,5,0,0.3716978235618914,0
465,PD1010-C,1125-PF-TH-NOSTEN,Thailand,Full,RandomForest,5,0,0.2900325234514577,0
466,PD1011-C,1125-PF-TH-NOSTEN,Thailand,Full,RandomForest,5,0,0.3780807030664407,0
467,PD1012-C,1125-PF-TH-NOSTEN,Thailand,Full,RandomForest,5,0,0.24894645986217998,0
468,PD1013-C,1125-PF-TH-NOSTEN,Thailand,Full,RandomForest,5,0,0.45378066163700387,0
469,PD1014-C,1125-PF-TH-NOSTEN,Thailand,Full,RandomForest,5,1,0.28314785714404933,0
470,PD1015-C,1125-PF-TH-NOSTEN,Thailand,Full,RandomForest,5,0,0.430737534733167,0
471,PD1016-C,1125-PF-TH-NOSTEN,Thailand,Full,RandomForest,5,0,0.2696951724986987,0
472,PD1017-C,1125-PF-TH-NOSTEN,Thailand,Full,RandomForest,5,0,0.4352962713164113,0
473,PD1018-C,1125-PF-TH-NOSTEN,Thailand,Full,RandomForest,5,0,0.4352962713164113,0
474,PD1019-C,1125-PF-TH-NOSTEN,Thailand,Full,RandomForest,5,0,0.2511879678296999,0
475,PD1020-C,1125-PF-TH-NOSTEN,Thailand,Full,RandomForest,5,0,0.3850908604406583,0
476,PD1021-C,1125-PF-TH-NOSTEN,Thailand,Full,RandomForest,5,0,0.5225528760295154,1
477,PD1023-C,1125-PF-TH-NOSTEN,Thailand,Full,RandomForest,5,0,0.4904891033174302,0
478,PD1024-C,1125-PF-TH-NOSTEN,Thailand,Full,RandomForest,5,0,0.43359158751219146,0
479,PD1026-C,1125-PF-TH-NOSTEN,Thailand,Full,RandomForest,5,0,0.5744544727272034,1
480,PD1027-C,1125-PF-TH-NOSTEN,Thailand,Full,RandomForest,5,0,0.30148079618824947,0
481,PD1028-C,1125-PF-TH-NOSTEN,Thailand,Full,RandomForest,5,0,0.5173457427300974,1
482,PD1029-C,1125-PF-TH-NOSTEN,Thailand,Full,RandomForest,5,0,0.40953815261202925,0
483,PD1030-C,1125-PF-TH-NOSTEN,Thailand,Full,RandomForest,5,0,0.4297223884943157,0
484,PD1031-C,1125-PF-TH-NOSTEN,Thailand,Full,RandomForest,5,1,0.2716800569212933,0
485,PD1032-C,1125-PF-TH-NOSTEN,Thailand,Full,RandomForest,5,0,0.4449156378892228,0
486,PD1033-C,1125-PF-TH-NOSTEN,Thailand,Full,RandomForest,5,0,0.4251225191231496,0
487,PD1034-C,1125-PF-TH-NOSTEN,Thailand,Full,RandomForest,5,0,0.4230410432430835,0
488,PD1036-C,1125-PF-TH-NOSTEN,Thailand,Full,RandomForest,5,0,0.22874646897148782,0
489,PD1037-C,1125-PF-TH-NOSTEN,Thailand,Full,RandomForest,5,0,0.4692240199705022,0
490,PD1038-C,1125-PF-TH-NOSTEN,Thailand,Full,RandomForest,5,0,0.6143124596740575,1
491,PD1039-C,1125-PF-TH-NOSTEN,Thailand,Full,RandomForest,5,0,0.4103883604966182,0
492,PD1040-C,1125-PF-TH-NOSTEN,Thailand,Full,RandomForest,5,0,0.4884893705973095,0
493,PD1042-C,1125-PF-TH-NOSTEN,Thailand,Full,RandomForest,5,0,0.4997934675374204,0
494,PD1043-C,1125-PF-TH-NOSTEN,Thailand,Full,RandomForest,5,0,0.3779427756704545,0
495,PD1044-C,1125-PF-TH-NOSTEN,Thailand,Full,RandomForest,5,0,0.26469236459188705,0
496,PD1045-C,1125-PF-TH-NOSTEN,Thailand,Full,RandomForest,5,0,0.21252715191399194,0
497,PD1046-C,1125-PF-TH-NOSTEN,Thailand,Full,RandomForest,5,0,0.24894645986217998,0
498,PD1047-C,1125-PF-TH-NOSTEN,Thailand,Full,RandomForest,5,0,0.26162953165230396,0
499,PD1048-C,1125-PF-TH-NOSTEN,Thailand,Full,RandomForest,5,0,0.507866338883382,1
500,PD1049-C,1125-PF-TH-NOSTEN,Thailand,Full,RandomForest,5,1,0.25188795456959634,0
501,PD1050-C,1125-PF-TH-NOSTEN,Thailand,Full,RandomForest,5,0,0.5129671563714451,1
502,PD1051-C,1125-PF-TH-NOSTEN,Thailand,Full,RandomForest,5,0,0.5878985202380695,1
503,PD1052-C,1125-PF-TH-NOSTEN,Thailand,Full,RandomForest,5,0,0.3877020976480447,0
504,PD1053-C,1125-PF-TH-NOSTEN,Thailand,Full,RandomForest,5,0,0.5330907109470467,1
505,PD1054-C,1125-PF-TH-NOSTEN,Thailand,Full,RandomForest,5,0,0.4514503051138227,0
506,PD1056-C,1125-PF-TH-NOSTEN,Thailand,Full,RandomForest,5,0,0.26399539013591705,0
507,PD1059-C,1125-PF-TH-NOSTEN,Thailand,Full,RandomForest,5,1,0.21416800824377802,0
508,PD1060-C,1125-PF-TH-NOSTEN,Thailand,Full,RandomForest,5,1,0.5066396011763511,1
509,PD1061-C,1125-PF-TH-NOSTEN,Thailand,Full,RandomForest,5,0,0.563664073344729,1
510,PD1062-C,1125-PF-TH-NOSTEN,Thailand,Full,RandomForest,5,0,0.46244679065790273,0
511,PD1064-C,1125-PF-TH-NOSTEN,Thailand,Full,RandomForest,5,0,0.5676856705555976,1
512,PD1065-C,1125-PF-TH-NOSTEN,Thailand,Full,RandomForest,5,0,0.24566116031132393,0
513,PD1066-C,1125-PF-TH-NOSTEN,Thailand,Full,RandomForest,5,0,0.301148458620437,0
514,PD1068-C,1125-PF-TH-NOSTEN,Thailand,Full,RandomForest,5,0,0.23712159314697673,0
515,PD1069-C,1125-PF-TH-NOSTEN,Thailand,Full,RandomForest,5,0,0.4127780201695874,0
516,PD1072-C,1125-PF-TH-NOSTEN,Thailand,Full,RandomForest,5,0,0.4903372373380242,0
517,PD1073-C,1125-PF-TH-NOSTEN,Thailand,Full,RandomForest,5,0,0.5342540172083163,1
518,PD1074-C,1125-PF-TH-NOSTEN,Thailand,Full,RandomForest,5,0,0.24877616270572367,0
519,PD1075-C,1125-PF-TH-NOSTEN,Thailand,Full,RandomForest,5,0,0.4476841558238459,0
520,PD1076-C,1125-PF-TH-NOSTEN,Thailand,Full,RandomForest,5,0,0.28068221774441177,0
521,PD1077-C,1125-PF-TH-NOSTEN,Thailand,Full,RandomForest,5,0,0.4230410432430835,0
522,PD1078-C,1125-PF-TH-NOSTEN,Thailand,Full,RandomForest,5,0,0.2616601000128507,0
523,PD1079-C,1125-PF-TH-NOSTEN,Thailand,Full,RandomForest,5,0,0.35572330889037973,0
524,PD1081-C,1125-PF-TH-NOSTEN,Thailand,Full,RandomForest,5,0,0.4548865093438551,0
525,PD1082-C,1125-PF-TH-NOSTEN,Thailand,Full,RandomForest,5,0,0.430737534733167,0
526,PD1083-C,1125-PF-TH-NOSTEN,Thailand,Full,RandomForest,5,0,0.38424595209610585,0
527,PD1084-C,1125-PF-TH-NOSTEN,Thailand,Full,RandomForest,5,0,0.4061486257816858,0
528,PD1086-C,1125-PF-TH-NOSTEN,Thailand,Full,RandomForest,5,0,0.5393489446086439,1
529,PD1087-C,1125-PF-TH-NOSTEN,Thailand,Full,RandomForest,5,0,0.2822049351696392,0
530,PD1088-C,1125-PF-TH-NOSTEN,Thailand,Full,RandomForest,5,0,0.4251225191231496,0
531,PD1090-C,1125-PF-TH-NOSTEN,Thailand,Full,RandomForest,5,0,0.2155805158724043,0
532,PD1091-C,1125-PF-TH-NOSTEN,Thailand,Full,RandomForest,5,1,0.43359158751219146,0
533,PD1092-C,1125-PF-TH-NOSTEN,Thailand,Full,RandomForest,5,0,0.40719310188920976,0
534,PD1093-C,1125-PF-TH-NOSTEN,Thailand,Full,RandomForest,5,0,0.443077378358271,0
535,PD1095-C,1125-PF-TH-NOSTEN,Thailand,Full,RandomForest,5,1,0.4032670411524613,0
536,PD1096-C,1125-PF-TH-NOSTEN,Thailand,Full,RandomForest,5,1,0.43793332655219563,0
537,PD1097-C,1125-PF-TH-NOSTEN,Thailand,Full,RandomForest,5,0,0.2049042348048234,0
538,PD1099-C,1125-PF-TH-NOSTEN,Thailand,Full,RandomForest,5,0,0.2696951724986987,0
539,PD1100-C,1125-PF-TH-NOSTEN,Thailand,Full,RandomForest,5,0,0.430737534733167,0
540,PD1101-C,1125-PF-TH-NOSTEN,Thailand,Full,RandomForest,5,0,0.5364657399981431,1
541,PD1102-C,1125-PF-TH-NOSTEN,Thailand,Full,RandomForest,5,0,0.3059467777721386,0
542,PD1103-C,1125-PF-TH-NOSTEN,Thailand,Full,RandomForest,5,0,0.39544633977807997,0
543,PD1104-C,1125-PF-TH-NOSTEN,Thailand,Full,RandomForest,5,0,0.43549412657407083,0
544,PD1105-C,1125-PF-TH-NOSTEN,Thailand,Full,RandomForest,5,0,0.21985375492436177,0
545,PD1106-C,1125-PF-TH-NOSTEN,Thailand,Full,RandomForest,5,0,0.4230410432430835,0
546,PD1107-C,1125-PF-TH-NOSTEN,Thailand,Full,RandomForest,5,0,0.3969581807197728,0
547,PD1108-C,1125-PF-TH-NOSTEN,Thailand,Full,RandomForest,5,0,0.47215698115164145,0
548,PD1109-C,1125-PF-TH-NOSTEN,Thailand,Full,RandomForest,5,0,0.4514535268281146,0
549,PD1110-C,1125-PF-TH-NOSTEN,Thailand,Full,RandomForest,5,0,0.4884102746608269,0
550,PD1111-C,1125-PF-TH-NOSTEN,Thailand,Full,RandomForest,5,0,0.3780269624083878,0
551,PD1112-C,1125-PF-TH-NOSTEN,Thailand,Full,RandomForest,5,1,0.27059231451948074,0
552,PD1113-C,1125-PF-TH-NOSTEN,Thailand,Full,RandomForest,5,0,0.44184056886719075,0
553,PD1114-C,1125-PF-TH-NOSTEN,Thailand,Full,RandomForest,5,1,0.45045423717265237,0
554,PD1116-C,1125-PF-TH-NOSTEN,Thailand,Full,RandomForest,5,0,0.42897436609582373,0
555,PD1117-C,1125-PF-TH-NOSTEN,Thailand,Full,RandomForest,5,0,0.39653756340533375,0
556,PD1118-C,1125-PF-TH-NOSTEN,Thailand,Full,RandomForest,5,0,0.36703448464845856,0
557,PD1119-C,1125-PF-TH-NOSTEN,Thailand,Full,RandomForest,5,0,0.39693122869708025,0
558,PD1120-C,1125-PF-TH-NOSTEN,Thailand,Full,RandomForest,5,0,0.32339196473843346,0
559,PD1121-C,1125-PF-TH-NOSTEN,Thailand,Full,RandomForest,5,0,0.3080429309756257,0
560,PD1122-C,1125-PF-TH-NOSTEN,Thailand,Full,RandomForest,5,0,0.6451715467757166,1
561,PD1124-C,1125-PF-TH-NOSTEN,Thailand,Full,RandomForest,5,0,0.598140653539993,1
562,PD1125-C,1125-PF-TH-NOSTEN,Thailand,Full,RandomForest,5,0,0.43359158751219146,0
563,PD1127-C,1125-PF-TH-NOSTEN,Thailand,Full,RandomForest,5,1,0.23434147123502883,0
564,PD1128-C,1125-PF-TH-NOSTEN,Thailand,Full,RandomForest,5,0,0.3796286070315793,0
565,PD1129-C,1125-PF-TH-NOSTEN,Thailand,Full,RandomForest,5,0,0.22927036620678043,0
566,PD1130-C,1125-PF-TH-NOSTEN,Thailand,Full,RandomForest,5,0,0.43359158751219146,0
567,PD1131-C,1125-PF-TH-NOSTEN,Thailand,Full,RandomForest,5,0,0.4297223884943157,0
568,PD1133-C,1125-PF-TH-NOSTEN,Thailand,Full,RandomForest,5,0,0.38630995228281156,0
569,PD1134-C,1125-PF-TH-NOSTEN,Thailand,Full,RandomForest,5,0,0.6191503220358282,1
570,PD1135-C,1125-PF-TH-NOSTEN,Thailand,Full,RandomForest,5,0,0.18494434256510636,0
571,PD1136-C,1125-PF-TH-NOSTEN,Thailand,Full,RandomForest,5,0,0.2744504055229253,0
572,PD1137-C,1125-PF-TH-NOSTEN,Thailand,Full,RandomForest,5,0,0.5201021717785386,1
573,PD1138-C,1125-PF-TH-NOSTEN,Thailand,Full,RandomForest,5,0,0.7336678555709791,1
574,PD1139-C,1125-PF-TH-NOSTEN,Thailand,Full,RandomForest,5,0,0.40168877320650553,0
575,PD1140-C,1125-PF-TH-NOSTEN,Thailand,Full,RandomForest,5,0,0.5138416706634584,1
576,PD1141-C,1125-PF-TH-NOSTEN,Thailand,Full,RandomForest,5,0,0.5180477056116694,1
577,PD1142-C,1125-PF-TH-NOSTEN,Thailand,Full,RandomForest,5,0,0.27432321151002736,0
578,PD1143-C,1125-PF-TH-NOSTEN,Thailand,Full,RandomForest,5,0,0.7784861421834348,1
579,PD1144-C,1125-PF-TH-NOSTEN,Thailand,Full,RandomForest,5,0,0.2808369830231412,0
580,PD1145-C,1125-PF-TH-NOSTEN,Thailand,Full,RandomForest,5,1,0.24896628859141137,0
581,PD1146-C,1125-PF-TH-NOSTEN,Thailand,Full,RandomForest,5,0,0.3446138192267973,0
582,PD1147-C,1125-PF-TH-NOSTEN,Thailand,Full,RandomForest,5,0,0.4249751455373789,0
583,PD1148-C,1125-PF-TH-NOSTEN,Thailand,Full,RandomForest,5,0,0.45517788757929095,0
584,PD1149-C,1125-PF-TH-NOSTEN,Thailand,Full,RandomForest,5,0,0.5502151010207205,1
585,PD1150-C,1125-PF-TH-NOSTEN,Thailand,Full,RandomForest,5,0,0.444699553063574,0
586,PD1151-C,1125-PF-TH-NOSTEN,Thailand,Full,RandomForest,5,0,0.5853359627822456,1
587,PD1153-C,1125-PF-TH-NOSTEN,Thailand,Full,RandomForest,5,0,0.6255449711302028,1
588,PD1155-C,1125-PF-TH-NOSTEN,Thailand,Full,RandomForest,5,1,0.42233964963512977,0
589,PD1156-C,1125-PF-TH-NOSTEN,Thailand,Full,RandomForest,5,0,0.44273511397601895,0
590,PD1157-C,1125-PF-TH-NOSTEN,Thailand,Full,RandomForest,5,0,0.5415500575542578,1
591,PD1158-C,1125-PF-TH-NOSTEN,Thailand,Full,RandomForest,5,0,0.6631917752668499,1
592,PD1159-C,1125-PF-TH-NOSTEN,Thailand,Full,RandomForest,5,0,0.48477926441327746,0
593,PD1160-C,1125-PF-TH-NOSTEN,Thailand,Full,RandomForest,5,1,0.7302873128546921,1
594,PD1161-C,1125-PF-TH-NOSTEN,Thailand,Full,RandomForest,5,0,0.4683211077277658,0
595,PD1162-C,1125-PF-TH-NOSTEN,Thailand,Full,RandomForest,5,0,0.5289901256931323,1
596,PD1163-C,1125-PF-TH-NOSTEN,Thailand,Full,RandomForest,5,0,0.3767051516855757,0
597,PD1164-C,1125-PF-TH-NOSTEN,Thailand,Full,RandomForest,5,1,0.5421225565590759,1
598,PD1165-C,1125-PF-TH-NOSTEN,Thailand,Full,RandomForest,5,1,0.6281971244204996,1
599,PD1166-C,1125-PF-TH-NOSTEN,Thailand,Full,RandomForest,5,0,0.3503585195675629,0
600,PD1167-C,1125-PF-TH-NOSTEN,Thailand,Full,RandomForest,5,1,0.5360821905326623,1
601,PD1168-C,1125-PF-TH-NOSTEN,Thailand,Full,RandomForest,5,0,0.5686076820897344,1
602,PD1169-C,1125-PF-TH-NOSTEN,Thailand,Full,RandomForest,5,0,0.4339777021460738,0
603,PD1170-C,1125-PF-TH-NOSTEN,Thailand,Full,RandomForest,5,0,0.25082580380674874,0
604,PD1171-C,1125-PF-TH-NOSTEN,Thailand,Full,RandomForest,5,0,0.531391138557104,1
605,PD1173-C,1125-PF-TH-NOSTEN,Thailand,Full,RandomForest,5,1,0.5532989494633904,1
606,PD1174-C,1125-PF-TH-NOSTEN,Thailand,Full,RandomForest,5,1,0.5725511820258203,1
607,PD1175-C,1125-PF-TH-NOSTEN,Thailand,Full,RandomForest,5,0,0.2504816075286335,0
608,PD1176-C,1125-PF-TH-NOSTEN,Thailand,Full,RandomForest,5,0,0.4122563841497239,0
609,PD1177-C,1125-PF-TH-NOSTEN,Thailand,Full,RandomForest,5,0,0.25934902654030867,0
610,PD1178-C,1125-PF-TH-NOSTEN,Thailand,Full,RandomForest,5,1,0.4762040061444218,0
611,PD1179-C,1125-PF-TH-NOSTEN,Thailand,Full,RandomForest,5,0,0.34328759276397774,0
612,PD1180-C,1125-PF-TH-NOSTEN,Thailand,Full,RandomForest,5,0,0.45117368796870105,0
613,PD1181-C,1125-PF-TH-NOSTEN,Thailand,Full,RandomForest,5,0,0.18348722048646723,0
614,PD1182-C,1125-PF-TH-NOSTEN,Thailand,Full,RandomForest,5,1,0.43808782735651663,0
615,PD1183-C,1125-PF-TH-NOSTEN,Thailand,Full,RandomForest,5,0,0.2553416415514892,0
616,PD1184-C,1125-PF-TH-NOSTEN,Thailand,Full,RandomForest,5,0,0.4609197958207128,0
617,PD1185-C,1125-PF-TH-NOSTEN,Thailand,Full,RandomForest,5,1,0.45170379532314386,0
618,PD1187-C,1125-PF-TH-NOSTEN,Thailand,Full,RandomForest,5,1,0.4048317933498501,0
619,PD1188-C,1125-PF-TH-NOSTEN,Thailand,Full,RandomForest,5,1,0.5602129664441908,1
620,PD1189-C,1125-PF-TH-NOSTEN,Thailand,Full,RandomForest,5,0,0.1917098691389943,0
621,PD1190-C,1125-PF-TH-NOSTEN,Thailand,Full,RandomForest,5,1,0.6124023092098169,1
622,PD1191-C,1125-PF-TH-NOSTEN,Thailand,Full,RandomForest,5,1,0.22667424322385962,0
623,PD1192-C,1125-PF-TH-NOSTEN,Thailand,Full,RandomForest,5,0,0.27927515792615726,0
624,PD1193-C,1125-PF-TH-NOSTEN,Thailand,Full,RandomForest,5,1,0.5683843641558931,1
625,PD1194-C,1125-PF-TH-NOSTEN,Thailand,Full,RandomForest,5,1,0.76759452183333,1
626,PD1195-C,1125-PF-TH-NOSTEN,Thailand,Full,RandomForest,5,1,0.5574113949672856,1
627,PD1197-C,1125-PF-TH-NOSTEN,Thailand,Full,RandomForest,5,1,0.5352835293561844,1
628,PD1198-C,1125-PF-TH-NOSTEN,Thailand,Full,RandomForest,5,1,0.5569460770228544,1
629,PD1199-C,1125-PF-TH-NOSTEN,Thailand,Full,RandomForest,5,1,0.6176842124470663,1
630,PD1200-C,1125-PF-TH-NOSTEN,Thailand,Full,RandomForest,5,1,0.5855199591027125,1
631,PD1202-C,1125-PF-TH-NOSTEN,Thailand,Full,RandomForest,5,1,0.6261536712130283,1
632,PD1203-C,1125-PF-TH-NOSTEN,Thailand,Full,RandomForest,5,1,0.6124023092098169,1
633,PD1204-C,1125-PF-TH-NOSTEN,Thailand,Full,RandomForest,5,1,0.21683184201824635,0
634,PD1205-C,1125-PF-TH-NOSTEN,Thailand,Full,RandomForest,5,1,0.4802322543439159,0
635,PD1206-C,1125-PF-TH-NOSTEN,Thailand,Full,RandomForest,5,1,0.5950006489627213,1
636,PD1208-C,1125-PF-TH-NOSTEN,Thailand,Full,RandomForest,5,1,0.40712317773809,0
637,PD1209-C,1125-PF-TH-NOSTEN,Thailand,Full,RandomForest,5,0,0.25082580380674874,0
638,PD1210-C,1125-PF-TH-NOSTEN,Thailand,Full,RandomForest,5,1,0.5799276588634971,1
639,PD1211-C,1125-PF-TH-NOSTEN,Thailand,Full,RandomForest,5,1,0.5549043115794577,1
640,PD1212-C,1125-PF-TH-NOSTEN,Thailand,Full,RandomForest,5,1,0.6029061077788701,1
641,PD1213-C,1125-PF-TH-NOSTEN,Thailand,Full,RandomForest,5,1,0.36398927127151093,0
642,PD1214-C,1125-PF-TH-NOSTEN,Thailand,Full,RandomForest,5,1,0.6338451228268872,1
643,PD1215-C,1125-PF-TH-NOSTEN,Thailand,Full,RandomForest,5,1,0.6029061077788701,1
644,PD1216-C,1125-PF-TH-NOSTEN,Thailand,Full,RandomForest,5,0,0.20156496051241526,0
645,PD1217-C,1125-PF-TH-NOSTEN,Thailand,Full,RandomForest,5,1,0.528806393390373,1
646,PD1218-C,1125-PF-TH-NOSTEN,Thailand,Full,RandomForest,5,1,0.40682569249097533,0
647,PD1219-C,1125-PF-TH-NOSTEN,Thailand,Full,RandomForest,5,1,0.4145813216059584,0
648,PD1220-C,1125-PF-TH-NOSTEN,Thailand,Full,RandomForest,5,0,0.425399946772081,0
649,PD1221-C,1125-PF-TH-NOSTEN,Thailand,Full,RandomForest,5,1,0.5932072889408971,1
650,PD1222-C,1125-PF-TH-NOSTEN,Thailand,Full,RandomForest,5,1,0.6029061077788701,1
651,PD1223-C,1125-PF-TH-NOSTEN,Thailand,Full,RandomForest,5,1,0.21683184201824635,0
652,PD1224-C,1125-PF-TH-NOSTEN,Thailand,Full,RandomForest,5,1,0.6063408558514951,1
653,PD1225-C,1125-PF-TH-NOSTEN,Thailand,Full,RandomForest,5,1,0.6124023092098169,1
654,PD1226-C,1125-PF-TH-NOSTEN,Thailand,Full,RandomForest,5,1,0.5641334114474712,1
655,PD1227-C,1125-PF-TH-NOSTEN,Thailand,Full,RandomForest,5,1,0.6362334303390627,1
656,PD1228-C,1125-PF-TH-NOSTEN,Thailand,Full,RandomForest,5,1,0.5324334336239972,1
657,PD1229-C,1125-PF-TH-NOSTEN,Thailand,Full,RandomForest,5,1,0.5964894594580259,1
658,PD1230-C,1125-PF-TH-NOSTEN,Thailand,Full,RandomForest,5,1,0.6362334303390627,1
659,PD1231-C,1125-PF-TH-NOSTEN,Thailand,Full,RandomForest,5,1,0.5932072889408971,1
660,PD1232-C,1125-PF-TH-NOSTEN,Thailand,Full,RandomForest,5,1,0.6029061077788701,1
661,PD1233-C,1125-PF-TH-NOSTEN,Thailand,Full,RandomForest,5,1,0.5912075562207765,1
662,PD1234-C,1125-PF-TH-NOSTEN,Thailand,Full,RandomForest,5,1,0.5964894594580259,1
663,PD1236-C,1125-PF-TH-NOSTEN,Thailand,Full,RandomForest,5,1,0.5675132549521881,1
664,PD1239-C,1125-PF-TH-NOSTEN,Thailand,Full,RandomForest,5,1,0.5518922110730601,1
665,PD1240-C,1125-PF-TH-NOSTEN,Thailand,Full,RandomForest,5,1,0.6338451228268872,1
666,PD1241-C,1125-PF-TH-NOSTEN,Thailand,Full,RandomForest,5,1,0.528806393390373,1
667,PD1243-C,1125-PF-TH-NOSTEN,Thailand,Full,RandomForest,5,1,0.6338451228268872,1
668,PD1244-C,1125-PF-TH-NOSTEN,Thailand,Full,RandomForest,5,1,0.5363884661364716,1
669,PD1246-C,1125-PF-TH-NOSTEN,Thailand,Full,RandomForest,5,1,0.6241918021133324,1
670,PD1247-C,1125-PF-TH-NOSTEN,Thailand,Full,RandomForest,5,1,0.5580719580891494,1
671,PD1249-C,1125-PF-TH-NOSTEN,Thailand,Full,RandomForest,5,1,0.4145813216059584,0
672,PD1250-C,1125-PF-TH-NOSTEN,Thailand,Full,RandomForest,5,1,0.5580719580891494,1
673,PD1251-C,1125-PF-TH-NOSTEN,Thailand,Full,RandomForest,5,1,0.6338451228268872,1
674,PD1252-C,1125-PF-TH-NOSTEN,Thailand,Full,RandomForest,5,0,0.40666424316086014,0
675,PD1253-C,1125-PF-TH-NOSTEN,Thailand,Full,RandomForest,5,0,0.2314510024520983,0
676,PD1254-C,1125-PF-TH-NOSTEN,Thailand,Full,RandomForest,5,0,0.3068711330699329,0
677,PD1255-C,1125-PF-TH-NOSTEN,Thailand,Full,RandomForest,5,0,0.39663559446288815,0
678,PD1256-C,1125-PF-TH-NOSTEN,Thailand,Full,RandomForest,5,0,0.3249934439360435,0
679,PD1257-C,1125-PF-TH-NOSTEN,Thailand,Full,RandomForest,5,0,0.2820353702588951,0
680,PD1258-C,1125-PF-TH-NOSTEN,Thailand,Full,RandomForest,5,0,0.30641892989178254,0
681,PD1260-C,1125-PF-TH-NOSTEN,Thailand,Full,RandomForest,5,0,0.2287171605012473,0
682,PD1261-C,1125-PF-TH-NOSTEN,Thailand,Full,RandomForest,5,0,0.37101090514703644,0
683,PD1262-C,1125-PF-TH-NOSTEN,Thailand,Full,RandomForest,5,0,0.4943874120178403,0
684,PD1263-C,1125-PF-TH-NOSTEN,Thailand,Full,RandomForest,5,0,0.3928747342939425,0
685,PD1264-C,1125-PF-TH-NOSTEN,Thailand,Full,RandomForest,5,0,0.2839810205825946,0
686,PD1265-C,1125-PF-TH-NOSTEN,Thailand,Full,RandomForest,5,0,0.30499553542743224,0
687,PD1266-C,1125-PF-TH-NOSTEN,Thailand,Full,RandomForest,5,0,0.3356113901900294,0
688,PD1267-C,1125-PF-TH-NOSTEN,Thailand,Full,RandomForest,5,0,0.30641892989178254,0
689,PD1269-C,1125-PF-TH-NOSTEN,Thailand,Full,RandomForest,5,0,0.19294488602758209,0
690,PD1270-C,1125-PF-TH-NOSTEN,Thailand,Full,RandomForest,5,0,0.3206051172483604,0
691,PD1271-C,1125-PF-TH-NOSTEN,Thailand,Full,RandomForest,5,0,0.280762890516602,0
692,PD1273-C,1125-PF-TH-NOSTEN,Thailand,Full,RandomForest,5,0,0.26608628337093027,0
693,PD1274-C,1125-PF-TH-NOSTEN,Thailand,Full,RandomForest,5,0,0.1193212781786326,0
694,PD1276-C,1125-PF-TH-NOSTEN,Thailand,Full,RandomForest,5,0,0.11673007266866961,0
695,PD1277-C,1125-PF-TH-NOSTEN,Thailand,Full,RandomForest,5,0,0.2676597269301019,0
696,PD1278-C,1125-PF-TH-NOSTEN,Thailand,Full,RandomForest,5,0,0.16296153396183868,0
697,PD1279-C,1125-PF-TH-NOSTEN,Thailand,Full,RandomForest,5,0,0.35023329737736314,0
698,PD1280-C,1125-PF-TH-NOSTEN,Thailand,Full,RandomForest,5,0,0.31355936054608863,0
699,PD1281-C,1125-PF-TH-NOSTEN,Thailand,Full,RandomForest,5,0,0.18863694255751523,0
700,PD1282-C,1125-PF-TH-NOSTEN,Thailand,Full,RandomForest,5,0,0.20447601603799184,0
701,PD1283-C,1125-PF-TH-NOSTEN,Thailand,Full,RandomForest,5,0,0.15080714600140113,0
702,PD1284-C,1125-PF-TH-NOSTEN,Thailand,Full,RandomForest,5,0,0.23480801676596424,0
703,PD1285-C,1125-PF-TH-NOSTEN,Thailand,Full,RandomForest,5,0,0.42280564118520103,0
704,PD1286-C,1125-PF-TH-NOSTEN,Thailand,Full,RandomForest,5,0,0.4443304255283275,0
705,PD1288-C,1125-PF-TH-NOSTEN,Thailand,Full,RandomForest,5,0,0.15085953861483958,0
706,PD1289-C,1125-PF-TH-NOSTEN,Thailand,Full,RandomForest,5,0,0.16807094289485722,0
707,PD1290-C,1125-PF-TH-NOSTEN,Thailand,Full,RandomForest,5,0,0.19888267633133616,0
708,PD1291-C,1125-PF-TH-NOSTEN,Thailand,Full,RandomForest,5,0,0.23039511604662913,0
709,PD1292-C,1125-PF-TH-NOSTEN,Thailand,Full,RandomForest,5,0,0.1808754089071038,0
710,PD1293-C,1125-PF-TH-NOSTEN,Thailand,Full,RandomForest,5,0,0.20290342110864207,0
711,PD1294-C,1125-PF-TH-NOSTEN,Thailand,Full,RandomForest,5,0,0.3299986768628374,0
712,PD1295-C,1125-PF-TH-NOSTEN,Thailand,Full,RandomForest,5,0,0.16395341940404076,0
713,PD1296-C,1125-PF-TH-NOSTEN,Thailand,Full,RandomForest,5,0,0.3165243755470016,0
714,PD1297-C,1125-PF-TH-NOSTEN,Thailand,Full,RandomForest,5,0,0.13990880062111016,0
715,PD1299-C,1125-PF-TH-NOSTEN,Thailand,Full,RandomForest,5,0,0.37460731066177755,0
716,PD1300-C,1125-PF-TH-NOSTEN,Thailand,Full,RandomForest,5,0,0.18151652354020537,0
717,PD1301-C,1125-PF-TH-NOSTEN,Thailand,Full,RandomForest,5,0,0.2707781165151843,0
718,PD1302-C,1125-PF-TH-NOSTEN,Thailand,Full,RandomForest,5,0,0.21856206178304244,0
719,PD1304-C,1125-PF-TH-NOSTEN,Thailand,Full,RandomForest,5,0,0.36677455531582576,0
720,PD1305-C,1125-PF-TH-NOSTEN,Thailand,Full,RandomForest,5,0,0.46089518051861394,0
721,PD1306-C,1125-PF-TH-NOSTEN,Thailand,Full,RandomForest,5,0,0.352573184187856,0
722,PD1307-C,1125-PF-TH-NOSTEN,Thailand,Full,RandomForest,5,0,0.1616277704239643,0
723,PD1308-C,1125-PF-TH-NOSTEN,Thailand,Full,RandomForest,5,0,0.4464253884963594,0
724,PD1309-C,1125-PF-TH-NOSTEN,Thailand,Full,RandomForest,5,0,0.16034065958413046,0
725,PD1310-C,1125-PF-TH-NOSTEN,Thailand,Full,RandomForest,5,0,0.3502844314940318,0
726,PD1311-C,1125-PF-TH-NOSTEN,Thailand,Full,RandomForest,5,0,0.34345344385607957,0
727,PD1312-C,1125-PF-TH-NOSTEN,Thailand,Full,RandomForest,5,0,0.27856912151598534,0
728,PD1313-C,1125-PF-TH-NOSTEN,Thailand,Full,RandomForest,5,0,0.3642224677507288,0
729,PD1314-C,1125-PF-TH-NOSTEN,Thailand,Full,RandomForest,5,0,0.2943698381200595,0
730,PD1318-C,1125-PF-TH-NOSTEN,Thailand,Full,RandomForest,5,0,0.29721095988985496,0
731,PD1319-C,1125-PF-TH-NOSTEN,Thailand,Full,RandomForest,5,0,0.4022727080744656,0
732,PD1322-C,1125-PF-TH-NOSTEN,Thailand,Full,RandomForest,5,0,0.331587904111344,0
733,PD1326-C,1125-PF-TH-NOSTEN,Thailand,Full,RandomForest,5,0,0.34005845711426874,0
734,PD1328-C,1125-PF-TH-NOSTEN,Thailand,Full,RandomForest,5,0,0.4372515889932117,0
735,PD1329-C,1125-PF-TH-NOSTEN,Thailand,Full,RandomForest,5,0,0.17913478743478328,0
736,PD1330-C,1125-PF-TH-NOSTEN,Thailand,Full,RandomForest,5,0,0.17843989264484378,0
737,PD1331-C,1125-PF-TH-NOSTEN,Thailand,Full,RandomForest,5,0,0.3928747342939425,0
738,PD1332-C,1125-PF-TH-NOSTEN,Thailand,Full,RandomForest,5,0,0.39300819365437,0
739,PD1333-C,1125-PF-TH-NOSTEN,Thailand,Full,RandomForest,5,0,0.4367695090264884,0
740,PD1335-C,1125-PF-TH-NOSTEN,Thailand,Full,RandomForest,5,0,0.3291134933893658,0
741,PD1337-C,1125-PF-TH-NOSTEN,Thailand,Full,RandomForest,5,0,0.2253577203682636,0
742,PD1338-C,1125-PF-TH-NOSTEN,Thailand,Full,RandomForest,5,0,0.18560969197189894,0
743,PD1339-C,1125-PF-TH-NOSTEN,Thailand,Full,RandomForest,5,0,0.22114789362387124,0
744,PD1340-C,1125-PF-TH-NOSTEN,Thailand,Full,RandomForest,5,0,0.5023920551633492,1
745,PD1341-C,1125-PF-TH-NOSTEN,Thailand,Full,RandomForest,5,0,0.29393533914237063,0
746,PD1343-C,1125-PF-TH-NOSTEN,Thailand,Full,RandomForest,5,0,0.3431045504721342,0
747,PD1345-C,1125-PF-TH-NOSTEN,Thailand,Full,RandomForest,5,0,0.4624069030083638,0
748,PD1347-C,1125-PF-TH-NOSTEN,Thailand,Full,RandomForest,5,0,0.29452609886248327,0
749,PD1348-C,1125-PF-TH-NOSTEN,Thailand,Full,RandomForest,5,0,0.21267683743774118,0
750,PD1350-C,1125-PF-TH-NOSTEN,Thailand,Full,RandomForest,5,0,0.18677937034948117,0
751,PD1353-C,1125-PF-TH-NOSTEN,Thailand,Full,RandomForest,5,0,0.38040814717483284,0
752,PD1354-C,1125-PF-TH-NOSTEN,Thailand,Full,RandomForest,5,0,0.35195215916722233,0
753,PD1355-C,1125-PF-TH-NOSTEN,Thailand,Full,RandomForest,5,0,0.2187775431300361,0
754,PD1357-C,1125-PF-TH-NOSTEN,Thailand,Full,RandomForest,5,0,0.15192668813047028,0
755,PD1358-C,1125-PF-TH-NOSTEN,Thailand,Full,RandomForest,5,0,0.4070342735319466,0
756,PD1360-C,1125-PF-TH-NOSTEN,Thailand,Full,RandomForest,5,0,0.2027287915533936,0
757,PD1361-C,1125-PF-TH-NOSTEN,Thailand,Full,RandomForest,5,0,0.41181826400996785,0
758,PD1364-C,1125-PF-TH-NOSTEN,Thailand,Full,RandomForest,5,0,0.3494493105849492,0
759,PD1365-C,1125-PF-TH-NOSTEN,Thailand,Full,RandomForest,5,0,0.38042097088811744,0
760,PD1366-C,1125-PF-TH-NOSTEN,Thailand,Full,RandomForest,5,0,0.34422297813571007,0
761,PD1368-C,1125-PF-TH-NOSTEN,Thailand,Full,RandomForest,5,0,0.23346662518620198,0
762,PD1373-C,1125-PF-TH-NOSTEN,Thailand,Full,RandomForest,5,0,0.19180274637186556,0
763,PD1376-C,1125-PF-TH-NOSTEN,Thailand,Full,RandomForest,5,0,0.38024410148309895,0
764,PD1379-C,1125-PF-TH-NOSTEN,Thailand,Full,RandomForest,5,0,0.34394003814237195,0
765,PD1380-C,1125-PF-TH-NOSTEN,Thailand,Full,RandomForest,5,0,0.2957239188071756,0
766,PD1382-C,1125-PF-TH-NOSTEN,Thailand,Full,RandomForest,5,0,0.34242914651843265,0
767,PD1387-C,1125-PF-TH-NOSTEN,Thailand,Full,RandomForest,5,0,0.308419650214316,0
768,PD1388-C,1125-PF-TH-NOSTEN,Thailand,Full,RandomForest,5,0,0.2588333938702931,0
769,PD1390-C,1125-PF-TH-NOSTEN,Thailand,Full,RandomForest,5,0,0.34863520719426594,0
770,PD1391-C,1125-PF-TH-NOSTEN,Thailand,Full,RandomForest,5,0,0.34707703091473463,0
771,PD1392-C,1125-PF-TH-NOSTEN,Thailand,Full,RandomForest,5,0,0.24354475201273304,0
772,PD1394-C,1125-PF-TH-NOSTEN,Thailand,Full,RandomForest,5,0,0.2047227172544763,0
773,PD1397-C,1125-PF-TH-NOSTEN,Thailand,Full,RandomForest,5,0,0.2120689168798905,0
774,PD1399-C,1125-PF-TH-NOSTEN,Thailand,Full,RandomForest,5,0,0.4070342735319466,0
775,PD1400-C,1125-PF-TH-NOSTEN,Thailand,Full,RandomForest,5,0,0.37105285112837627,0
776,PD1402-C,1125-PF-TH-NOSTEN,Thailand,Full,RandomForest,5,0,0.3734694041697933,0
777,PD1403-C,1125-PF-TH-NOSTEN,Thailand,Full,RandomForest,5,0,0.3545927445719077,0
778,PD1404-C,1125-PF-TH-NOSTEN,Thailand,Full,RandomForest,5,0,0.2830635541990929,0
779,PD1405-C,1125-PF-TH-NOSTEN,Thailand,Full,RandomForest,5,0,0.30547446380479537,0
780,PD1406-C,1125-PF-TH-NOSTEN,Thailand,Full,RandomForest,5,0,0.33273753486811025,0
781,PD1407-C,1125-PF-TH-NOSTEN,Thailand,Full,RandomForest,5,0,0.4065980147855149,0
782,PD1409-C,1125-PF-TH-NOSTEN,Thailand,Full,RandomForest,5,0,0.22222574873157666,0
783,PD1411-C,1125-PF-TH-NOSTEN,Thailand,Full,RandomForest,5,0,0.29035856607856564,0
784,PD1412-C,1125-PF-TH-NOSTEN,Thailand,Full,RandomForest,5,0,0.2966643916734146,0
785,PD1413-C,1125-PF-TH-NOSTEN,Thailand,Full,RandomForest,5,0,0.29826541580818505,0
786,PD1414-C,1125-PF-TH-NOSTEN,Thailand,Full,RandomForest,5,0,0.312830385302484,0
787,PD1415-C,1125-PF-TH-NOSTEN,Thailand,Full,RandomForest,5,0,0.312830385302484,0
788,PD1418-C,1125-PF-TH-NOSTEN,Thailand,Full,RandomForest,5,0,0.3046187800122268,0
789,PD1419-C,1125-PF-TH-NOSTEN,Thailand,Full,RandomForest,5,0,0.2966643916734146,0
790,PD1420-C,1125-PF-TH-NOSTEN,Thailand,Full,RandomForest,5,0,0.25374937944446574,0
791,PD1421-C,1125-PF-TH-NOSTEN,Thailand,Full,RandomForest,5,0,0.2202186935607096,0
792,PD1422-C,1125-PF-TH-NOSTEN,Thailand,Full,RandomForest,5,0,0.28779468706606887,0
793,PD1426-C,1125-PF-TH-NOSTEN,Thailand,Full,RandomForest,5,0,0.3432344119531028,0
794,PD1427-C,1125-PF-TH-NOSTEN,Thailand,Full,RandomForest,5,0,0.3738129096103428,0
795,PD1428-C,1125-PF-TH-NOSTEN,Thailand,Full,RandomForest,5,0,0.3718131768902222,0
796,PD1430-C,1125-PF-TH-NOSTEN,Thailand,Full,RandomForest,5,0,0.35716806174964283,0
797,PD1434-C,1125-PF-TH-NOSTEN,Thailand,Full,RandomForest,5,0,0.32875984508754397,0
798,PD1436-C,1125-PF-TH-NOSTEN,Thailand,Full,RandomForest,5,0,0.17936845391894873,0
799,PD1437-C,1125-PF-TH-NOSTEN,Thailand,Full,RandomForest,5,0,0.32785382222758486,0
800,PD1440-C,1125-PF-TH-NOSTEN,Thailand,Full,RandomForest,5,0,0.19002657578799156,0
801,PD1443-C,1125-PF-TH-NOSTEN,Thailand,Full,RandomForest,5,0,0.2788005939905443,0
802,PD1451-C,1125-PF-TH-NOSTEN,Thailand,Full,RandomForest,5,0,0.23988506374130125,0
803,PD1457-C,1125-PF-TH-NOSTEN,Thailand,Full,RandomForest,5,0,0.22844546127676882,0
804,PD1462-C,1125-PF-TH-NOSTEN,Thailand,Full,RandomForest,5,0,0.4007676317625185,0
805,PD1464-C,1125-PF-TH-NOSTEN,Thailand,Full,RandomForest,5,0,0.2363790018111325,0
806,PD1465-C,1125-PF-TH-NOSTEN,Thailand,Full,RandomForest,5,0,0.38805181378935244,0
807,PD1466-C,1125-PF-TH-NOSTEN,Thailand,Full,RandomForest,5,0,0.1981896951911669,0
808,PD1470-C,1125-PF-TH-NOSTEN,Thailand,Full,RandomForest,5,0,0.23487516955700977,0
809,PD1472-C,1125-PF-TH-NOSTEN,Thailand,Full,RandomForest,5,0,0.19421661993101347,0
810,PD1474-C,1125-PF-TH-NOSTEN,Thailand,Full,RandomForest,5,0,0.2845952201097325,0
811,PD1475-C,1125-PF-TH-NOSTEN,Thailand,Full,RandomForest,5,0,0.1728870846927957,0
812,PD1476-C,1125-PF-TH-NOSTEN,Thailand,Full,RandomForest,5,0,0.2661312745947817,0
813,PD1478-C,1125-PF-TH-NOSTEN,Thailand,Full,RandomForest,5,0,0.27869951653987557,0
814,PD1479-C,1125-PF-TH-NOSTEN,Thailand,Full,RandomForest,5,0,0.1274019662001998,0
815,PD1480-C,1125-PF-TH-NOSTEN,Thailand,Full,RandomForest,5,0,0.2047227172544763,0
816,PD1482-C,1125-PF-TH-NOSTEN,Thailand,Full,RandomForest,5,0,0.18274335942527728,0
817,PD1483-C,1125-PF-TH-NOSTEN,Thailand,Full,RandomForest,5,0,0.3228492755904872,0
818,PD1484-C,1125-PF-TH-NOSTEN,Thailand,Full,RandomForest,5,0,0.18823986194823494,0
819,PD1485-C,1125-PF-TH-NOSTEN,Thailand,Full,RandomForest,5,0,0.5401137965650921,1
820,PD1486-C,1125-PF-TH-NOSTEN,Thailand,Full,RandomForest,5,0,0.28979657916009083,0
821,PD1487-C,1125-PF-TH-NOSTEN,Thailand,Full,RandomForest,5,0,0.2741261477218781,0
822,PD1489-C,1125-PF-TH-NOSTEN,Thailand,Full,RandomForest,5,0,0.1588154382846721,0
823,PD1490-C,1125-PF-TH-NOSTEN,Thailand,Full,RandomForest,5,0,0.312830385302484,0
824,PD1491-C,1125-PF-TH-NOSTEN,Thailand,Full,RandomForest,5,0,0.20975240825841052,0
825,PD1493-C,1125-PF-TH-NOSTEN,Thailand,Full,RandomForest,5,0,0.22046664934466736,0
826,PD1494-C,1125-PF-TH-NOSTEN,Thailand,Full,RandomForest,5,0,0.23244002138362685,0
827,PD1496-C,1125-PF-TH-NOSTEN,Thailand,Full,RandomForest,5,0,0.19437017681476088,0
828,PD1497-C,1125-PF-TH-NOSTEN,Thailand,Full,RandomForest,5,0,0.312830385302484,0
829,PD1498-C,1125-PF-TH-NOSTEN,Thailand,Full,RandomForest,5,0,0.1683373081396186,0
830,PD1499-C,1125-PF-TH-NOSTEN,Thailand,Full,RandomForest,5,0,0.22613848579988605,0
831,PD1501-C,1125-PF-TH-NOSTEN,Thailand,Full,RandomForest,5,0,0.5208548870005513,1
832,PD1502-C,1125-PF-TH-NOSTEN,Thailand,Full,RandomForest,5,0,0.23005990851222652,0
833,PD1503-C,1125-PF-TH-NOSTEN,Thailand,Full,RandomForest,5,0,0.22555369552729018,0
834,PD1504-C,1125-PF-TH-NOSTEN,Thailand,Full,RandomForest,5,0,0.2609340272963694,0
835,PD1505-C,1125-PF-TH-NOSTEN,Thailand,Full,RandomForest,5,0,0.3402422713195243,0
836,PD1507-C,1125-PF-TH-NOSTEN,Thailand,Full,RandomForest,5,0,0.39563532195870366,0
837,PD1508-C,1125-PF-TH-NOSTEN,Thailand,Full,RandomForest,5,0,0.4779273297382361,0
838,PD1510-C,1125-PF-TH-NOSTEN,Thailand,Full,RandomForest,5,0,0.40614364383828266,0
839,PD1511-C,1125-PF-TH-NOSTEN,Thailand,Full,RandomForest,5,0,0.2966643916734146,0
840,PD1512-C,1125-PF-TH-NOSTEN,Thailand,Full,RandomForest,5,0,0.2947368436281217,0
841,PD1513-C,1125-PF-TH-NOSTEN,Thailand,Full,RandomForest,5,0,0.2564558268626752,0
842,PD1515-C,1125-PF-TH-NOSTEN,Thailand,Full,RandomForest,5,0,0.29331441095117294,0
843,PD1516-C,1125-PF-TH-NOSTEN,Thailand,Full,RandomForest,5,0,0.2025042780673454,0
844,PD1518-C,1125-PF-TH-NOSTEN,Thailand,Full,RandomForest,5,0,0.5498381351164836,1
880,PH0044-C,1031-PF-SEA-PLOWE,Cambodia,Full,RandomForest,5,1,0.9122302748585477,1
881,PH0045-C,1031-PF-SEA-PLOWE,Cambodia,Full,RandomForest,5,1,0.9122302748585477,1
882,PH0046-C,1031-PF-SEA-PLOWE,Cambodia,Full,RandomForest,5,0,0.04686046458593357,0
893,PH0105-C,1031-PF-SEA-PLOWE,Cambodia,Full,RandomForest,5,1,0.9275733793832301,1
894,PH0109-C,1031-PF-SEA-PLOWE,Cambodia,Full,RandomForest,5,1,0.7791057879039713,1
895,PH0110-C,1031-PF-SEA-PLOWE,Cambodia,Full,RandomForest,5,1,0.7822365055429518,1
896,PH0111-C,1031-PF-SEA-PLOWE,Cambodia,Full,RandomForest,5,1,0.7880291324451784,1
897,PH0112-C,1031-PF-SEA-PLOWE,Cambodia,Full,RandomForest,5,1,0.7834487100620463,1
898,PH0114-C,1031-PF-SEA-PLOWE,Cambodia,Full,RandomForest,5,1,0.6165171760762628,1
899,PH0116-C,1031-PF-SEA-PLOWE,Cambodia,Full,RandomForest,5,1,0.783743828324414,1
900,PH0117-C,1031-PF-SEA-PLOWE,Cambodia,Full,RandomForest,5,1,0.7834487100620463,1
901,PH0118-C,1031-PF-SEA-PLOWE,Cambodia,Full,RandomForest,5,1,0.7834487100620463,1
902,PH0121-CW,1031-PF-SEA-PLOWE,Cambodia,Full,RandomForest,5,1,0.8791146550070696,1
903,PH0122-CW,1031-PF-SEA-PLOWE,Cambodia,Full,RandomForest,5,1,0.9122302748585477,1
904,PH0123-CW,1031-PF-SEA-PLOWE,Cambodia,Full,RandomForest,5,1,0.30688580828462514,0
905,PH0124-CW,1031-PF-SEA-PLOWE,Cambodia,Full,RandomForest,5,1,0.3861259804393504,0
906,PH0125-CW,1031-PF-SEA-PLOWE,Cambodia,Full,RandomForest,5,1,0.544810278917333,1
907,PH0126-CW,1031-PF-SEA-PLOWE,Cambodia,Full,RandomForest,5,1,0.8719224687784016,1
908,PH0128-CW,1031-PF-SEA-PLOWE,Cambodia,Full,RandomForest,5,1,0.42180943431904866,0
909,PH0130-CW,1031-PF-SEA-PLOWE,Cambodia,Full,RandomForest,5,1,0.6477777198638052,1
910,PH0131-CW,1031-PF-SEA-PLOWE,Cambodia,Full,RandomForest,5,1,0.9122302748585477,1
911,PH0132-CW,1031-PF-SEA-PLOWE,Cambodia,Full,RandomForest,5,1,0.6288553951792573,1
912,PH0133-CW,1031-PF-SEA-PLOWE,Cambodia,Full,RandomForest,5,1,0.4948144964598641,0
913,PH0134-C,1031-PF-SEA-PLOWE,Cambodia,Full,RandomForest,5,1,0.8719224687784016,1
914,PH0136-C,1031-PF-SEA-PLOWE,Cambodia,Full,RandomForest,5,1,0.6678808706810367,1
915,PH0137-C,1031-PF-SEA-PLOWE,Cambodia,Full,RandomForest,5,1,0.6582285166715118,1
916,PH0138-CW,1031-PF-SEA-PLOWE,Cambodia,Full,RandomForest,5,0,0.8109270478566458,1
917,PH0139-CW,1031-PF-SEA-PLOWE,Cambodia,Full,RandomForest,5,1,0.53809002445546,1
918,PH0140-CW,1031-PF-SEA-PLOWE,Cambodia,Full,RandomForest,5,1,0.7353799655185275,1
919,PH0141-CW,1031-PF-SEA-PLOWE,Cambodia,Full,RandomForest,5,0,0.6846096797595511,1
920,PH0142-CW,1031-PF-SEA-PLOWE,Cambodia,Full,RandomForest,5,0,0.53809002445546,1
921,PH0143-CW,1031-PF-SEA-PLOWE,Cambodia,Full,RandomForest,5,1,0.7554838931557868,1
922,PH0144-CW,1031-PF-SEA-PLOWE,Cambodia,Full,RandomForest,5,1,0.7291896376770052,1
923,PH0145-CW,1031-PF-SEA-PLOWE,Cambodia,Full,RandomForest,5,1,0.7579523200227046,1
924,PH0146-CW,1031-PF-SEA-PLOWE,Cambodia,Full,RandomForest,5,0,0.39627064021944863,0
925,PH0147-CW,1031-PF-SEA-PLOWE,Cambodia,Full,RandomForest,5,1,0.9275733793832301,1
926,PH0148-CW,1031-PF-SEA-PLOWE,Cambodia,Full,RandomForest,5,0,0.5924837191449539,1
927,PH0149-CW,1031-PF-SEA-PLOWE,Cambodia,Full,RandomForest,5,1,0.6858083848540454,1
928,PH0151-CW,1031-PF-SEA-PLOWE,Cambodia,Full,RandomForest,5,1,0.9101922500822228,1
929,PH0152-CW,1031-PF-SEA-PLOWE,Cambodia,Full,RandomForest,5,1,0.6434347977057303,1
930,PH0153-CW,1031-PF-SEA-PLOWE,Cambodia,Full,RandomForest,5,1,0.6807018716306237,1
931,PH0155-C,1031-PF-SEA-PLOWE,Cambodia,Full,RandomForest,5,1,0.6858083848540454,1
932,PH0156-C,1031-PF-SEA-PLOWE,Cambodia,Full,RandomForest,5,1,0.6495047700751588,1
959,PH0217-C,1031-PF-SEA-PLOWE,Cambodia,Full,RandomForest,5,1,0.9826546340444223,1
960,PH0218-C,1031-PF-SEA-PLOWE,Cambodia,Full,RandomForest,5,1,0.9735030636980001,1
961,PH0221-C,1031-PF-SEA-PLOWE,Cambodia,Full,RandomForest,5,1,0.8914673550661143,1
962,PH0222-C,1031-PF-SEA-PLOWE,Cambodia,Full,RandomForest,5,1,0.8448234727328332,1
963,PH0223-CW,1031-PF-SEA-PLOWE,Cambodia,Full,RandomForest,5,1,0.9684248586199076,1
964,PH0224-C,1031-PF-SEA-PLOWE,Cambodia,Full,RandomForest,5,1,0.9812056312530791,1
965,PH0225-C,1031-PF-SEA-PLOWE,Cambodia,Full,RandomForest,5,1,0.9826546340444223,1
966,PH0227-C,1031-PF-SEA-PLOWE,Cambodia,Full,RandomForest,5,1,0.9812056312530791,1
967,PH0228-C,1031-PF-SEA-PLOWE,Cambodia,Full,RandomForest,5,1,0.9826546340444223,1
968,PH0229-C,1031-PF-SEA-PLOWE,Cambodia,Full,RandomForest,5,1,0.7773739289680169,1
969,PH0234-C,1031-PF-SEA-PLOWE,Cambodia,Full,RandomForest,5,1,0.7165974438675455,1
970,PH0236-C,1031-PF-SEA-PLOWE,Cambodia,Full,RandomForest,5,1,0.8719224687784016,1
1066,PH0386-C,1031-PF-SEA-PLOWE,Cambodia,Full,RandomForest,5,1,0.6984929956596153,1
1067,PH0387-C,1031-PF-SEA-PLOWE,Cambodia,Full,RandomForest,5,1,0.6858083848540454,1
1068,PH0388-C,1031-PF-SEA-PLOWE,Cambodia,Full,RandomForest,5,1,0.5015456185212677,1
1069,PH0389-C,1031-PF-SEA-PLOWE,Cambodia,Full,RandomForest,5,1,0.9275733793832301,1
1070,PH0390-C,1031-PF-SEA-PLOWE,Cambodia,Full,RandomForest,5,1,0.9217969072608164,1
1071,PH0391-C,1031-PF-SEA-PLOWE,Cambodia,Full,RandomForest,5,0,0.5053661755909484,1
1072,PH0392-C,1031-PF-SEA-PLOWE,Cambodia,Full,RandomForest,5,1,0.5357184932055314,1
1073,PH0393-C,1031-PF-SEA-PLOWE,Cambodia,Full,RandomForest,5,1,0.9538939637544721,1
1074,PH0394-C,1031-PF-SEA-PLOWE,Cambodia,Full,RandomForest,5,0,0.5225209997443351,1
1075,PH0395-C,1031-PF-SEA-PLOWE,Cambodia,Full,RandomForest,5,1,0.7063579903780172,1
1076,PH0396-C,1031-PF-SEA-PLOWE,Cambodia,Full,RandomForest,5,1,0.9275733793832301,1
1077,PH0397-C,1031-PF-SEA-PLOWE,Cambodia,Full,RandomForest,5,1,0.841638659805303,1
1078,PH0398-C,1031-PF-SEA-PLOWE,Cambodia,Full,RandomForest,5,1,0.861747734264123,1
1079,PH0400-C,1031-PF-SEA-PLOWE,Cambodia,Full,RandomForest,5,1,0.9275733793832301,1
1080,PH0404-C,1031-PF-SEA-PLOWE,Cambodia,Full,RandomForest,5,1,0.28426253315557953,0
1081,PH0407-C,1031-PF-SEA-PLOWE,Cambodia,Full,RandomForest,5,1,0.9275733793832301,1
1082,PH0408-C,1031-PF-SEA-PLOWE,Cambodia,Full,RandomForest,5,0,0.38741013469746355,0
1083,PH0409-CW,1031-PF-SEA-PLOWE,Cambodia,Full,RandomForest,5,1,0.8637137688832226,1
1084,PH0410-C,1031-PF-SEA-PLOWE,Cambodia,Full,RandomForest,5,1,0.7579523200227046,1
1085,PH0411-C,1031-PF-SEA-PLOWE,Cambodia,Full,RandomForest,5,1,0.7017105820606292,1
1086,PH0412-C,1031-PF-SEA-PLOWE,Cambodia,Full,RandomForest,5,1,0.6858083848540454,1
1087,PH0413-C,1031-PF-SEA-PLOWE,Cambodia,Full,RandomForest,5,1,0.5743677409076189,1
1088,PH0414-C,1031-PF-SEA-PLOWE,Cambodia,Full,RandomForest,5,0,0.723659184036872,1
1089,PH0415-C,1031-PF-SEA-PLOWE,Cambodia,Full,RandomForest,5,0,0.5388698476843294,1
1090,PH0416-C,1031-PF-SEA-PLOWE,Cambodia,Full,RandomForest,5,1,0.5684445946681395,1
1091,PH0418-C,1031-PF-SEA-PLOWE,Cambodia,Full,RandomForest,5,1,0.7880291324451784,1
1092,PH0420-CW,1031-PF-SEA-PLOWE,Cambodia,Full,RandomForest,5,0,0.058899124111842845,0
1093,PH0421-C,1031-PF-SEA-PLOWE,Cambodia,Full,RandomForest,5,1,0.41632402155723347,0
1094,PH0422-CW,1031-PF-SEA-PLOWE,Cambodia,Full,RandomForest,5,1,0.8698844440020769,1
1095,PH0424-C,1031-PF-SEA-PLOWE,Cambodia,Full,RandomForest,5,1,0.8980199857645718,1
1096,PH0425-C,1031-PF-SEA-PLOWE,Cambodia,Full,RandomForest,5,1,0.5808677563165388,1
1097,PH0431-CW,1031-PF-SEA-PLOWE,Cambodia,Full,RandomForest,5,1,0.8335058861146041,1
1098,PH0437-C,1031-PF-SEA-PLOWE,Cambodia,Full,RandomForest,5,1,0.7122545217094707,1
1099,PH0438-C,1031-PF-SEA-PLOWE,Cambodia,Full,RandomForest,5,1,0.5624487389594014,1
1100,PH0444-C,1031-PF-SEA-PLOWE,Cambodia,Full,RandomForest,5,1,0.38790074980895173,0
1101,PH0445-C,1031-PF-SEA-PLOWE,Cambodia,Full,RandomForest,5,1,0.4242618451375199,0
1102,PH0447-C,1031-PF-SEA-PLOWE,Cambodia,Full,RandomForest,5,1,0.5001910271062723,1
1103,PH0451-C,1031-PF-SEA-PLOWE,Cambodia,Full,RandomForest,5,1,0.7687516880397379,1
2451,RCN03169,1125-PF-TH-NOSTEN,Thailand,Full,RandomForest,5,1,0.5627841444853209,1
2452,RCN03171,1125-PF-TH-NOSTEN,Thailand,Full,RandomForest,5,0,0.2820825033195858,0
2453,RCN03172,1125-PF-TH-NOSTEN,Thailand,Full,RandomForest,5,0,0.4346015464387631,0
2454,RCN03173,1125-PF-TH-NOSTEN,Thailand,Full,RandomForest,5,0,0.4087042996032163,0
2455,RCN03174,1125-PF-TH-NOSTEN,Thailand,Full,RandomForest,5,1,0.5814514216802614,1
2456,RCN03177,1125-PF-TH-NOSTEN,Thailand,Full,RandomForest,5,0,0.3110505774122747,0
2457,RCN03178,1125-PF-TH-NOSTEN,Thailand,Full,RandomForest,5,1,0.7099289431496763,1
2458,RCN03181,1125-PF-TH-NOSTEN,Thailand,Full,RandomForest,5,0,0.5744840584701221,1
2459,RCN03182,1125-PF-TH-NOSTEN,Thailand,Full,RandomForest,5,1,0.5260158695066839,1
2460,RCN03186,1125-PF-TH-NOSTEN,Thailand,Full,RandomForest,5,1,0.5187047352705976,1
2461,RCN03187,1125-PF-TH-NOSTEN,Thailand,Full,RandomForest,5,1,0.5452724071557989,1
2462,RCN03188,1125-PF-TH-NOSTEN,Thailand,Full,RandomForest,5,0,0.6610466889481458,1
2463,RCN03189,1125-PF-TH-NOSTEN,Thailand,Full,RandomForest,5,1,0.3478682911392603,0
2464,RCN03191,1125-PF-TH-NOSTEN,Thailand,Full,RandomForest,5,1,0.5544729975808447,1
2465,RCN03192,1125-PF-TH-NOSTEN,Thailand,Full,RandomForest,5,0,0.5456274663828495,1
2466,RCN03194,1125-PF-TH-NOSTEN,Thailand,Full,RandomForest,5,1,0.6401279408771912,1
2467,RCN03195,1125-PF-TH-NOSTEN,Thailand,Full,RandomForest,5,1,0.5369769258043925,1
2468,RCN03196,1125-PF-TH-NOSTEN,Thailand,Full,RandomForest,5,1,0.525319969500293,1
2469,RCN03197,1125-PF-TH-NOSTEN,Thailand,Full,RandomForest,5,1,0.48259618311434704,0
2470,RCN03272,1198-PF-METF-NOSTEN,Myanmar,Full,RandomForest,5,1,0.5649076928720679,1
2471,RCN03283,1198-PF-METF-NOSTEN,Myanmar,Full,RandomForest,5,1,0.3078665721010442,0
2472,RCN03285,1198-PF-METF-NOSTEN,Myanmar,Full,RandomForest,5,0,0.5923519646394344,1
2473,RCN03292,1198-PF-METF-NOSTEN,Myanmar,Full,RandomForest,5,1,0.5265998441398748,1
2474,RCN03299,1198-PF-METF-NOSTEN,Myanmar,Full,RandomForest,5,0,0.30658442520084583,0
2475,RCN03300,1198-PF-METF-NOSTEN,Myanmar,Full,RandomForest,5,0,0.3426254388610434,0
2476,RCN03303,1198-PF-METF-NOSTEN,Myanmar,Full,RandomForest,5,0,0.29719426580368447,0
2477,RCN03306,1198-PF-METF-NOSTEN,Myanmar,Full,RandomForest,5,1,0.22781478888682755,0
2478,RCN03307,1198-PF-METF-NOSTEN,Myanmar,Full,RandomForest,5,1,0.4798624755089266,0
2479,RCN03311,1198-PF-METF-NOSTEN,Myanmar,Full,RandomForest,5,0,0.5842214710898272,1
2480,RCN03312,1198-PF-METF-NOSTEN,Myanmar,Full,RandomForest,5,0,0.5456274663828495,1
2481,RCN03313,1198-PF-METF-NOSTEN,Myanmar,Full,RandomForest,5,1,0.48535635618398265,0
2482,RCN03315,1198-PF-METF-NOSTEN,Myanmar,Full,RandomForest,5,0,0.3152397337074001,0
2483,RCN03316,1198-PF-METF-NOSTEN,Myanmar,Full,RandomForest,5,0,0.294834508697787,0
2484,RCN03317,1198-PF-METF-NOSTEN,Myanmar,Full,RandomForest,5,1,0.2141925948528192,0
2485,RCN03318,1198-PF-METF-NOSTEN,Myanmar,Full,RandomForest,5,0,0.294834508697787,0
2486,RCN03319,1198-PF-METF-NOSTEN,Myanmar,Full,RandomForest,5,1,0.3073916272220418,0
2487,RCN03320,1198-PF-METF-NOSTEN,Myanmar,Full,RandomForest,5,0,0.19846675888151527,0
2488,RCN03323,1198-PF-METF-NOSTEN,Myanmar,Full,RandomForest,5,0,0.1538596620686696,0
2489,RCN03326,1198-PF-METF-NOSTEN,Myanmar,Full,RandomForest,5,1,0.2141925948528192,0
2490,RCN03328,1198-PF-METF-NOSTEN,Myanmar,Full,RandomForest,5,1,0.3701523856347519,0
2491,RCN03334,1198-PF-METF-NOSTEN,Myanmar,Full,RandomForest,5,1,0.2709088772770313,0
2492,RCN03335,1198-PF-METF-NOSTEN,Myanmar,Full,RandomForest,5,0,0.31361619375633704,0
2493,RCN03336,1198-PF-METF-NOSTEN,Myanmar,Full,RandomForest,5,0,0.3334921430483941,0
2494,RCN03337,1198-PF-METF-NOSTEN,Myanmar,Full,RandomForest,5,1,0.4321640229563809,0
2495,RCN03338,1198-PF-METF-NOSTEN,Myanmar,Full,RandomForest,5,1,0.5170450041445802,1
2496,RCN03339,1198-PF-METF-NOSTEN,Myanmar,Full,RandomForest,5,1,0.4784470676039643,0
2497,RCN03340,1198-PF-METF-NOSTEN,Myanmar,Full,RandomForest,5,1,0.4833153619210804,0
2498,RCN03341,1198-PF-METF-NOSTEN,Myanmar,Full,RandomForest,5,0,0.29673141022530714,0
2499,RCN03342,1198-PF-METF-NOSTEN,Myanmar,Full,RandomForest,5,0,0.24207976992146693,0
2500,RCN03344,1198-PF-METF-NOSTEN,Myanmar,Full,RandomForest,5,0,0.24207976992146693,0
2501,RCN03347,1198-PF-METF-NOSTEN,Myanmar,Full,RandomForest,5,0,0.29301191989286063,0
2502,RCN03348,1198-PF-METF-NOSTEN,Myanmar,Full,RandomForest,5,1,0.3073916272220418,0
2503,RCN03349,1198-PF-METF-NOSTEN,Myanmar,Full,RandomForest,5,1,0.514059126531626,1
2504,RCN03352,1198-PF-METF-NOSTEN,Myanmar,Full,RandomForest,5,0,0.24663368372370925,0
2505,RCN03353,1198-PF-METF-NOSTEN,Myanmar,Full,RandomForest,5,1,0.4846153377945649,0
2506,RCN03354,1198-PF-METF-NOSTEN,Myanmar,Full,RandomForest,5,1,0.4833153619210804,0
2507,RCN03357,1198-PF-METF-NOSTEN,Myanmar,Full,RandomForest,5,1,0.5197155255048567,1
2508,RCN03358,1198-PF-METF-NOSTEN,Myanmar,Full,RandomForest,5,1,0.5835037343075613,1
2509,RCN03361,1198-PF-METF-NOSTEN,Myanmar,Full,RandomForest,5,0,0.29301191989286063,0
2510,RCN03363,1198-PF-METF-NOSTEN,Myanmar,Full,RandomForest,5,0,0.27950684551707483,0
2511,RCN03365,1198-PF-METF-NOSTEN,Myanmar,Full,RandomForest,5,1,0.6853050876189051,1
2512,RCN03367,1198-PF-METF-NOSTEN,Myanmar,Full,RandomForest,5,1,0.21884065826464738,0
2513,RCN03369,1198-PF-METF-NOSTEN,Myanmar,Full,RandomForest,5,0,0.29301191989286063,0
2514,RCN03375,1198-PF-METF-NOSTEN,Myanmar,Full,RandomForest,5,0,0.29719426580368447,0
2515,RCN03376,1198-PF-METF-NOSTEN,Myanmar,Full,RandomForest,5,1,0.21199603123554028,0
2516,RCN03377,1198-PF-METF-NOSTEN,Myanmar,Full,RandomForest,5,0,0.2295163001189579,0
2517,RCN03380,1198-PF-METF-NOSTEN,Myanmar,Full,RandomForest,5,0,0.37392177637140983,0
2518,RCN03382,1198-PF-METF-NOSTEN,Myanmar,Full,RandomForest,5,0,0.18792974656720188,0
2519,RCN03383,1198-PF-METF-NOSTEN,Myanmar,Full,RandomForest,5,0,0.24046919136412104,0
2520,RCN03384,1198-PF-METF-NOSTEN,Myanmar,Full,RandomForest,5,0,0.24046919136412104,0
2521,RCN03386,1198-PF-METF-NOSTEN,Myanmar,Full,RandomForest,5,0,0.39413425030445154,0
2522,RCN03388,1198-PF-METF-NOSTEN,Myanmar,Full,RandomForest,5,1,0.4765960797441914,0
2523,RCN03389,1198-PF-METF-NOSTEN,Myanmar,Full,RandomForest,5,0,0.24046919136412104,0
2524,RCN03390,1198-PF-METF-NOSTEN,Myanmar,Full,RandomForest,5,0,0.23377681792846172,0
2525,RCN03391,1198-PF-METF-NOSTEN,Myanmar,Full,RandomForest,5,0,0.22228511286982314,0
2526,RCN03392,1198-PF-METF-NOSTEN,Myanmar,Full,RandomForest,5,0,0.294834508697787,0
2527,RCN03394,1198-PF-METF-NOSTEN,Myanmar,Full,RandomForest,5,1,0.4833153619210804,0
2528,RCN03396,1198-PF-METF-NOSTEN,Myanmar,Full,RandomForest,5,1,0.2716679666330338,0
2529,RCN03398,1198-PF-METF-NOSTEN,Myanmar,Full,RandomForest,5,1,0.28612298699528826,0
2530,RCN03399,1198-PF-METF-NOSTEN,Myanmar,Full,RandomForest,5,0,0.32134237416345435,0
2531,RCN03400,1198-PF-METF-NOSTEN,Myanmar,Full,RandomForest,5,0,0.2818362869563584,0
2532,RCN03401,1198-PF-METF-NOSTEN,Myanmar,Full,RandomForest,5,1,0.5947979683324163,1
2533,RCN03402,1198-PF-METF-NOSTEN,Myanmar,Full,RandomForest,5,0,0.24207976992146693,0
2534,RCN03403,1198-PF-METF-NOSTEN,Myanmar,Full,RandomForest,5,1,0.4833153619210804,0
2535,RCN03405,1198-PF-METF-NOSTEN,Myanmar,Full,RandomForest,5,0,0.30658442520084583,0
2536,RCN03406,1198-PF-METF-NOSTEN,Myanmar,Full,RandomForest,5,0,0.294834508697787,0
2537,RCN03408,1198-PF-METF-NOSTEN,Myanmar,Full,RandomForest,5,0,0.24046919136412104,0
2538,RCN03409,1198-PF-METF-NOSTEN,Myanmar,Full,RandomForest,5,1,0.21982793144574608,0
2539,RCN03410,1198-PF-METF-NOSTEN,Myanmar,Full,RandomForest,5,1,0.2867451439477922,0
2540,RCN03415,1198-PF-METF-NOSTEN,Myanmar,Full,RandomForest,5,1,0.4165880590234005,0
2541,RCN03419,1198-PF-METF-NOSTEN,Myanmar,Full,RandomForest,5,0,0.2867451439477922,0
2542,RCN03420,1198-PF-METF-NOSTEN,Myanmar,Full,RandomForest,5,1,0.4833153619210804,0
2543,RCN03421,1198-PF-METF-NOSTEN,Myanmar,Full,RandomForest,5,1,0.2901311226514297,0
2544,RCN03422,1198-PF-METF-NOSTEN,Myanmar,Full,RandomForest,5,1,0.34374227263334844,0
2545,RCN03423,1198-PF-METF-NOSTEN,Myanmar,Full,RandomForest,5,1,0.21805253129945437,0
2546,RCN03424,1198-PF-METF-NOSTEN,Myanmar,Full,RandomForest,5,1,0.3026686192507788,0
2547,RCN03425,1198-PF-METF-NOSTEN,Myanmar,Full,RandomForest,5,1,0.21805253129945437,0
2548,RCN03426,1198-PF-METF-NOSTEN,Myanmar,Full,RandomForest,5,1,0.2141925948528192,0
2549,RCN03428,1198-PF-METF-NOSTEN,Myanmar,Full,RandomForest,5,0,0.24810337343933309,0
2550,RCN03429,1198-PF-METF-NOSTEN,Myanmar,Full,RandomForest,5,0,0.34248908548601925,0
2551,RCN03430,1198-PF-METF-NOSTEN,Myanmar,Full,RandomForest,5,0,0.25205404277912413,0
2552,RCN03431,1198-PF-METF-NOSTEN,Myanmar,Full,RandomForest,5,1,0.5049518685003267,1
2553,RCN03433,1198-PF-METF-NOSTEN,Myanmar,Full,RandomForest,5,1,0.44645131646260944,0
2554,RCN03435,1198-PF-METF-NOSTEN,Myanmar,Full,RandomForest,5,0,0.2791207683263596,0
2555,RCN03436,1198-PF-METF-NOSTEN,Myanmar,Full,RandomForest,5,1,0.4759112580131118,0
2556,RCN03439,1198-PF-METF-NOSTEN,Myanmar,Full,RandomForest,5,1,0.561728305442996,1
2557,RCN03440,1198-PF-METF-NOSTEN,Myanmar,Full,RandomForest,5,1,0.5083644513495568,1
2558,RCN03441,1198-PF-METF-NOSTEN,Myanmar,Full,RandomForest,5,1,0.721272992168457,1
2559,RCN03442,1198-PF-METF-NOSTEN,Myanmar,Full,RandomForest,5,1,0.30658442520084583,0
2560,RCN03444,1198-PF-METF-NOSTEN,Myanmar,Full,RandomForest,5,0,0.24046919136412104,0
2561,RCN03448,1198-PF-METF-NOSTEN,Myanmar,Full,RandomForest,5,1,0.5525570667931627,1
2562,RCN03450,1198-PF-METF-NOSTEN,Myanmar,Full,RandomForest,5,1,0.5720473366445065,1
2563,RCN03451,1198-PF-METF-NOSTEN,Myanmar,Full,RandomForest,5,0,0.23409092924609531,0
2564,RCN03452,1198-PF-METF-NOSTEN,Myanmar,Full,RandomForest,5,0,0.3128302105611162,0
2565,RCN03453,1198-PF-METF-NOSTEN,Myanmar,Full,RandomForest,5,0,0.2496117573095802,0
2566,RCN03458,1198-PF-METF-NOSTEN,Myanmar,Full,RandomForest,5,1,0.5080169739467632,1
2567,RCN03459,1198-PF-METF-NOSTEN,Myanmar,Full,RandomForest,5,0,0.3501969441067465,0
2568,RCN03460,1198-PF-METF-NOSTEN,Myanmar,Full,RandomForest,5,1,0.5993768193095612,1
2569,RCN03461,1198-PF-METF-NOSTEN,Myanmar,Full,RandomForest,5,0,0.758639455299296,1
2570,RCN03462,1198-PF-METF-NOSTEN,Myanmar,Full,RandomForest,5,0,0.2867451439477922,0
2571,RCN03463,1198-PF-METF-NOSTEN,Myanmar,Full,RandomForest,5,0,0.7078021384506913,1
2572,RCN03464,1198-PF-METF-NOSTEN,Myanmar,Full,RandomForest,5,0,0.7164500321712438,1
2573,RCN03467,1198-PF-METF-NOSTEN,Myanmar,Full,RandomForest,5,0,0.24290914758740922,0
2574,RCN03468,1198-PF-METF-NOSTEN,Myanmar,Full,RandomForest,5,0,0.2635451756256584,0
2575,RCN03469,1198-PF-METF-NOSTEN,Myanmar,Full,RandomForest,5,0,0.24552673443152048,0
2576,RCN03470,1198-PF-METF-NOSTEN,Myanmar,Full,RandomForest,5,0,0.24207976992146693,0
2577,RCN03471,1198-PF-METF-NOSTEN,Myanmar,Full,RandomForest,5,0,0.24207976992146693,0
2578,RCN03472,1198-PF-METF-NOSTEN,Myanmar,Full,RandomForest,5,0,0.24207976992146693,0
2579,RCN03474,1198-PF-METF-NOSTEN,Myanmar,Full,RandomForest,5,1,0.22781478888682755,0
2580,RCN03475,1198-PF-METF-NOSTEN,Myanmar,Full,RandomForest,5,0,0.24552673443152048,0
2581,RCN03476,1198-PF-METF-NOSTEN,Myanmar,Full,RandomForest,5,0,0.24207976992146693,0
2582,RCN03477,1198-PF-METF-NOSTEN,Myanmar,Full,RandomForest,5,0,0.3189405536850267,0
2583,RCN03478,1198-PF-METF-NOSTEN,Myanmar,Full,RandomForest,5,0,0.24552673443152048,0
2584,RCN03479,1198-PF-METF-NOSTEN,Myanmar,Full,RandomForest,5,0,0.24207976992146693,0
2585,RCN03480,1198-PF-METF-NOSTEN,Myanmar,Full,RandomForest,5,0,0.24046919136412104,0
2586,RCN03484,1198-PF-METF-NOSTEN,Myanmar,Full,RandomForest,5,0,0.24810337343933309,0
2587,RCN03485,1198-PF-METF-NOSTEN,Myanmar,Full,RandomForest,5,1,0.21805253129945437,0
2588,RCN03486,1198-PF-METF-NOSTEN,Myanmar,Full,RandomForest,5,0,0.7043233461813685,1
2589,RCN03487,1198-PF-METF-NOSTEN,Myanmar,Full,RandomForest,5,1,0.7359300521218749,1
2590,RCN03488,1198-PF-METF-NOSTEN,Myanmar,Full,RandomForest,5,0,0.8149955490307117,1
2591,RCN03489,1198-PF-METF-NOSTEN,Myanmar,Full,RandomForest,5,1,0.5734768114751531,1
2592,RCN03490,1198-PF-METF-NOSTEN,Myanmar,Full,RandomForest,5,1,0.5734768114751531,1
2593,RCN03492,1198-PF-METF-NOSTEN,Myanmar,Full,RandomForest,5,0,0.7043233461813685,1
2594,RCN03493,1198-PF-METF-NOSTEN,Myanmar,Full,RandomForest,5,0,0.38184636863865634,0
2595,RCN03494,1198-PF-METF-NOSTEN,Myanmar,Full,RandomForest,5,0,0.27654794080661455,0
2596,RCN03495,1198-PF-METF-NOSTEN,Myanmar,Full,RandomForest,5,0,0.26136546728519344,0
2597,RCN03496,1198-PF-METF-NOSTEN,Myanmar,Full,RandomForest,5,1,0.21580317341016506,0
2598,RCN03497,1198-PF-METF-NOSTEN,Myanmar,Full,RandomForest,5,0,0.39481186828276016,0
2599,RCN03501,1198-PF-METF-NOSTEN,Myanmar,Full,RandomForest,5,1,0.2713449532783358,0
2600,RCN03502,1198-PF-METF-NOSTEN,Myanmar,Full,RandomForest,5,1,0.4716635834915915,0
2601,RCN03504,1198-PF-METF-NOSTEN,Myanmar,Full,RandomForest,5,1,0.21580317341016506,0
2602,RCN03505,1198-PF-METF-NOSTEN,Myanmar,Full,RandomForest,5,0,0.3770620441532202,0
2603,RCN03508,1198-PF-METF-NOSTEN,Myanmar,Full,RandomForest,5,1,0.49120583210449764,0
2604,RCN03509,1198-PF-METF-NOSTEN,Myanmar,Full,RandomForest,5,0,0.3975443027505796,0
2605,RCN03510,1198-PF-METF-NOSTEN,Myanmar,Full,RandomForest,5,1,0.3073916272220418,0
2606,RCN03511,1198-PF-METF-NOSTEN,Myanmar,Full,RandomForest,5,1,0.22373832210587127,0
2607,RCN03512,1198-PF-METF-NOSTEN,Myanmar,Full,RandomForest,5,1,0.2750644436107823,0
2608,RCN03513,1198-PF-METF-NOSTEN,Myanmar,Full,RandomForest,5,1,0.4833153619210804,0
2609,RCN03514,1198-PF-METF-NOSTEN,Myanmar,Full,RandomForest,5,0,0.25466527998651056,0
2610,RCN03515,1198-PF-METF-NOSTEN,Myanmar,Full,RandomForest,5,1,0.2141925948528192,0
2611,RCN03519,1198-PF-METF-NOSTEN,Myanmar,Full,RandomForest,5,1,0.2792703747623564,0
2612,RCN03521,1198-PF-METF-NOSTEN,Myanmar,Full,RandomForest,5,0,0.5717738745665645,1
2613,RCN03522,1198-PF-METF-NOSTEN,Myanmar,Full,RandomForest,5,0,0.23220212948976415,0
2614,RCN03523,1198-PF-METF-NOSTEN,Myanmar,Full,RandomForest,5,1,0.573177179429935,1
2615,RCN03527,1198-PF-METF-NOSTEN,Myanmar,Full,RandomForest,5,1,0.2940400850829317,0
2616,RCN03529,1198-PF-METF-NOSTEN,Myanmar,Full,RandomForest,5,1,0.5578623230667329,1
2617,RCN03530,1198-PF-METF-NOSTEN,Myanmar,Full,RandomForest,5,0,0.4883323994038033,0
2618,RCN03531,1198-PF-METF-NOSTEN,Myanmar,Full,RandomForest,5,0,0.7186617549610704,1
2619,RCN03534,1198-PF-METF-NOSTEN,Myanmar,Full,RandomForest,5,0,0.2295163001189579,0
2620,RCN03535,1198-PF-METF-NOSTEN,Myanmar,Full,RandomForest,5,1,0.26382258895854727,0
2621,RCN03536,1198-PF-METF-NOSTEN,Myanmar,Full,RandomForest,5,1,0.4373485432323283,0
2769,RCN08621,1207-PF-KH-CNM-GENRE,Cambodia,Full,RandomForest,5,1,0.9674946620767712,1
2770,RCN08623,1207-PF-KH-CNM-GENRE,Cambodia,Full,RandomForest,5,1,0.9982955501416164,1
2771,RCN08629,1207-PF-KH-CNM-GENRE,Cambodia,Full,RandomForest,5,1,0.8335266887958607,1
2772,RCN08633,1207-PF-KH-CNM-GENRE,Cambodia,Full,RandomForest,5,0,0.2556903542894824,0
2773,RCN08634,1207-PF-KH-CNM-GENRE,Cambodia,Full,RandomForest,5,1,0.9063058788789052,1
2774,RCN08635,1207-PF-KH-CNM-GENRE,Cambodia,Full,RandomForest,5,1,0.8255572944323846,1
2775,RCN08636,1207-PF-KH-CNM-GENRE,Cambodia,Full,RandomForest,5,1,0.9980435953460685,1
2776,RCN08637,1207-PF-KH-CNM-GENRE,Cambodia,Full,RandomForest,5,1,0.9895133455098116,1
2777,RCN08638,1207-PF-KH-CNM-GENRE,Cambodia,Full,RandomForest,5,1,0.990559494323408,1
2778,RCN08639,1207-PF-KH-CNM-GENRE,Cambodia,Full,RandomForest,5,1,0.9991209058741082,1
2779,RCN08640,1207-PF-KH-CNM-GENRE,Cambodia,Full,RandomForest,5,0,0.007469742486776871,0
2780,RCN08641,1207-PF-KH-CNM-GENRE,Cambodia,Full,RandomForest,5,1,0.990559494323408,1
2781,RCN08642,1207-PF-KH-CNM-GENRE,Cambodia,Full,RandomForest,5,1,0.9196395674439336,1
2782,RCN08643,1207-PF-KH-CNM-GENRE,Cambodia,Full,RandomForest,5,1,0.7574287770834925,1
2783,RCN08644,1207-PF-KH-CNM-GENRE,Cambodia,Full,RandomForest,5,1,0.9949961671410129,1
2784,RCN08645,1207-PF-KH-CNM-GENRE,Cambodia,Full,RandomForest,5,1,0.8085548106429471,1
2785,RCN08646,1207-PF-KH-CNM-GENRE,Cambodia,Full,RandomForest,5,0,0.007590165007669086,0
2786,RCN08647,1207-PF-KH-CNM-GENRE,Cambodia,Full,RandomForest,5,1,0.895476917193549,1
2787,RCN08648,1207-PF-KH-CNM-GENRE,Cambodia,Full,RandomForest,5,1,0.9958700206508732,1
2788,RCN08650,1207-PF-KH-CNM-GENRE,Cambodia,Full,RandomForest,5,0,0.17212601632698818,0
2789,RCN08651,1207-PF-KH-CNM-GENRE,Cambodia,Full,RandomForest,5,1,0.9185679696185346,1
2790,RCN08652,1207-PF-KH-CNM-GENRE,Cambodia,Full,RandomForest,5,1,0.8809515330303315,1
2791,RCN08653,1207-PF-KH-CNM-GENRE,Cambodia,Full,RandomForest,5,1,0.9980435953460685,1
2792,RCN08654,1207-PF-KH-CNM-GENRE,Cambodia,Full,RandomForest,5,0,0.2577787965402001,0
2793,RCN08655,1207-PF-KH-CNM-GENRE,Cambodia,Full,RandomForest,5,0,0.007469742486776871,0
2794,RCN08656,1207-PF-KH-CNM-GENRE,Cambodia,Full,RandomForest,5,1,0.9979388315654714,1
2795,RCN08657,1207-PF-KH-CNM-GENRE,Cambodia,Full,RandomForest,5,1,0.047232304803316666,0
2796,RCN08659,1207-PF-KH-CNM-GENRE,Cambodia,Full,RandomForest,5,0,0.00947781671060135,0
2797,RCN08661,1207-PF-KH-CNM-GENRE,Cambodia,Full,RandomForest,5,0,0.17125668811343417,0
2798,RCN08662,1207-PF-KH-CNM-GENRE,Cambodia,Full,RandomForest,5,0,0.011732233969224112,0
2799,RCN08663,1207-PF-KH-CNM-GENRE,Cambodia,Full,RandomForest,5,1,0.8641668244597942,1
2800,RCN08664,1207-PF-KH-CNM-GENRE,Cambodia,Full,RandomForest,5,1,0.9185679696185346,1
2801,RCN08665,1207-PF-KH-CNM-GENRE,Cambodia,Full,RandomForest,5,1,0.9935646366102963,1
2802,RCN08666,1207-PF-KH-CNM-GENRE,Cambodia,Full,RandomForest,5,1,0.9582821826702117,1
2803,RCN08667,1207-PF-KH-CNM-GENRE,Cambodia,Full,RandomForest,5,0,0.14258707897463208,0
2804,RCN08668,1207-PF-KH-CNM-GENRE,Cambodia,Full,RandomForest,5,1,0.9917410218188624,1
2805,RCN08669,1207-PF-KH-CNM-GENRE,Cambodia,Full,RandomForest,5,1,0.7811509446015777,1
2806,RCN08670,1207-PF-KH-CNM-GENRE,Cambodia,Full,RandomForest,5,1,0.9979172107436608,1
2807,RCN08671,1207-PF-KH-CNM-GENRE,Cambodia,Full,RandomForest,5,1,0.9974919460821077,1
2808,RCN08672,1207-PF-KH-CNM-GENRE,Cambodia,Full,RandomForest,5,1,0.9220428745633308,1
2809,RCN08673,1207-PF-KH-CNM-GENRE,Cambodia,Full,RandomForest,5,1,0.7966629781287143,1
2810,RCN08674,1207-PF-KH-CNM-GENRE,Cambodia,Full,RandomForest,5,1,0.7954306658042344,1
2811,RCN08676,1207-PF-KH-CNM-GENRE,Cambodia,Full,RandomForest,5,0,0.014658023734529856,0
2812,RCN08677,1207-PF-KH-CNM-GENRE,Cambodia,Full,RandomForest,5,1,0.9980435953460685,1
2813,RCN08678,1207-PF-KH-CNM-GENRE,Cambodia,Full,RandomForest,5,0,0.0450115330457397,0
2814,RCN08679,1207-PF-KH-CNM-GENRE,Cambodia,Full,RandomForest,5,0,0.06818839453149007,0
2815,RCN08680,1207-PF-KH-CNM-GENRE,Cambodia,Full,RandomForest,5,0,0.04779285469076546,0
2816,RCN08681,1207-PF-KH-CNM-GENRE,Cambodia,Full,RandomForest,5,1,0.9979172107436608,1
2817,RCN08682,1207-PF-KH-CNM-GENRE,Cambodia,Full,RandomForest,5,0,0.5779044205188623,1
2818,RCN08683,1207-PF-KH-CNM-GENRE,Cambodia,Full,RandomForest,5,0,0.051541346764101166,0
2819,RCN08684,1207-PF-KH-CNM-GENRE,Cambodia,Full,RandomForest,5,1,0.8757024322214326,1
2820,RCN08685,1207-PF-KH-CNM-GENRE,Cambodia,Full,RandomForest,5,1,0.9548127495141852,1
2821,RCN08686,1207-PF-KH-CNM-GENRE,Cambodia,Full,RandomForest,5,1,0.9979172107436608,1
2822,RCN08687,1207-PF-KH-CNM-GENRE,Cambodia,Full,RandomForest,5,1,0.9985830612717748,1
2823,RCN08688,1207-PF-KH-CNM-GENRE,Cambodia,Full,RandomForest,5,1,0.9676639017907831,1
2824,RCN08689,1207-PF-KH-CNM-GENRE,Cambodia,Full,RandomForest,5,1,0.06050113297847233,0
2825,RCN08690,1207-PF-KH-CNM-GENRE,Cambodia,Full,RandomForest,5,1,0.059470576888055626,0
2826,RCN08692,1207-PF-KH-CNM-GENRE,Cambodia,Full,RandomForest,5,1,0.9759325912079403,1
2827,RCN08693,1207-PF-KH-CNM-GENRE,Cambodia,Full,RandomForest,5,1,0.9853045008450956,1
2828,RCN08694,1207-PF-KH-CNM-GENRE,Cambodia,Full,RandomForest,5,1,0.9748274345099788,1
2829,RCN08695,1207-PF-KH-CNM-GENRE,Cambodia,Full,RandomForest,5,1,0.9759325912079403,1
2830,RCN08696,1207-PF-KH-CNM-GENRE,Cambodia,Full,RandomForest,5,1,0.9821717161733521,1
2831,RCN08699,1207-PF-KH-CNM-GENRE,Cambodia,Full,RandomForest,5,1,0.9021430162865416,1
2832,RCN08700,1207-PF-KH-CNM-GENRE,Cambodia,Full,RandomForest,5,1,0.9116749988592247,1
2833,RCN08701,1207-PF-KH-CNM-GENRE,Cambodia,Full,RandomForest,5,1,0.9081921034030427,1
2834,RCN08702,1207-PF-KH-CNM-GENRE,Cambodia,Full,RandomForest,5,1,0.9961027037962638,1
2835,RCN08703,1207-PF-KH-CNM-GENRE,Cambodia,Full,RandomForest,5,1,0.9986047794397677,1
2836,RCN08705,1207-PF-KH-CNM-GENRE,Cambodia,Full,RandomForest,5,1,0.9536083854392855,1
2837,RCN08706,1207-PF-KH-CNM-GENRE,Cambodia,Full,RandomForest,5,1,0.7979672710259073,1
2838,RCN08707,1207-PF-KH-CNM-GENRE,Cambodia,Full,RandomForest,5,1,0.8180254086486757,1
2839,RCN08709,1207-PF-KH-CNM-GENRE,Cambodia,Full,RandomForest,5,1,0.9255407204694945,1
2840,RCN08710,1207-PF-KH-CNM-GENRE,Cambodia,Full,RandomForest,5,1,0.879752997264373,1
2841,RCN08713,1207-PF-KH-CNM-GENRE,Cambodia,Full,RandomForest,5,1,0.9200716792102207,1
2842,RCN08714,1207-PF-KH-CNM-GENRE,Cambodia,Full,RandomForest,5,1,0.7979672710259073,1
2843,RCN08715,1207-PF-KH-CNM-GENRE,Cambodia,Full,RandomForest,5,1,0.782982667448834,1
2844,RCN08719,1207-PF-KH-CNM-GENRE,Cambodia,Full,RandomForest,5,1,0.892327149878864,1
2845,RCN08720,1207-PF-KH-CNM-GENRE,Cambodia,Full,RandomForest,5,1,0.892327149878864,1
2846,RCN08722,1207-PF-KH-CNM-GENRE,Cambodia,Full,RandomForest,5,1,0.9970265935160237,1
2847,RCN08723,1207-PF-KH-CNM-GENRE,Cambodia,Full,RandomForest,5,1,0.9982744012966863,1
2848,RCN08724,1207-PF-KH-CNM-GENRE,Cambodia,Full,RandomForest,5,0,0.47485733086288534,0
2849,RCN08725,1207-PF-KH-CNM-GENRE,Cambodia,Full,RandomForest,5,0,0.11458464684486763,0
2850,RCN08726,1207-PF-KH-CNM-GENRE,Cambodia,Full,RandomForest,5,1,0.9982744012966863,1
2851,RCN08727,1207-PF-KH-CNM-GENRE,Cambodia,Full,RandomForest,5,1,0.996100826601491,1
2852,RCN08728,1207-PF-KH-CNM-GENRE,Cambodia,Full,RandomForest,5,1,0.9914919777337401,1
2853,RCN08730,1207-PF-KH-CNM-GENRE,Cambodia,Full,RandomForest,5,1,0.9980435953460685,1
2854,RCN08731,1207-PF-KH-CNM-GENRE,Cambodia,Full,RandomForest,5,0,0.2546283752794098,0
2855,RCN08732,1207-PF-KH-CNM-GENRE,Cambodia,Full,RandomForest,5,1,0.9935646366102963,1
2856,RCN08734,1207-PF-KH-CNM-GENRE,Cambodia,Full,RandomForest,5,1,0.9980435953460685,1
2857,RCN08736,1207-PF-KH-CNM-GENRE,Cambodia,Full,RandomForest,5,1,0.9934680789268253,1
2858,RCN08737,1207-PF-KH-CNM-GENRE,Cambodia,Full,RandomForest,5,1,0.9954511674656998,1
2859,RCN08738,1207-PF-KH-CNM-GENRE,Cambodia,Full,RandomForest,5,1,0.9306352087213182,1
2860,RCN08739,1207-PF-KH-CNM-GENRE,Cambodia,Full,RandomForest,5,1,0.9707972575494459,1
2861,RCN08740,1207-PF-KH-CNM-GENRE,Cambodia,Full,RandomForest,5,1,0.9945343001993178,1
2862,RCN08741,1207-PF-KH-CNM-GENRE,Cambodia,Full,RandomForest,5,1,0.9982744012966863,1
2863,RCN08742,1207-PF-KH-CNM-GENRE,Cambodia,Full,RandomForest,5,1,0.9982744012966863,1
2864,RCN08743,1207-PF-KH-CNM-GENRE,Cambodia,Full,RandomForest,5,1,0.994544832391655,1
2865,RCN08744,1207-PF-KH-CNM-GENRE,Cambodia,Full,RandomForest,5,1,0.9954511674656998,1
2866,RCN08745,1207-PF-KH-CNM-GENRE,Cambodia,Full,RandomForest,5,1,0.996297704340372,1
2867,RCN08746,1207-PF-KH-CNM-GENRE,Cambodia,Full,RandomForest,5,1,0.9960307909388688,1
2868,RCN08747,1207-PF-KH-CNM-GENRE,Cambodia,Full,RandomForest,5,1,0.976091190322431,1
2869,RCN08748,1207-PF-KH-CNM-GENRE,Cambodia,Full,RandomForest,5,1,0.9582821826702117,1
2870,RCN08749,1207-PF-KH-CNM-GENRE,Cambodia,Full,RandomForest,5,1,0.9917153081998394,1
2871,RCN08750,1207-PF-KH-CNM-GENRE,Cambodia,Full,RandomForest,5,1,0.996409114745904,1
2872,RCN08751,1207-PF-KH-CNM-GENRE,Cambodia,Full,RandomForest,5,1,0.9980435953460685,1
2873,RCN08752,1207-PF-KH-CNM-GENRE,Cambodia,Full,RandomForest,5,1,0.996129724429658,1
2874,RCN08753,1207-PF-KH-CNM-GENRE,Cambodia,Full,RandomForest,5,1,0.998486689334348,1
2875,RCN08754,1207-PF-KH-CNM-GENRE,Cambodia,Full,RandomForest,5,1,0.9980435953460685,1
2876,RCN08756,1207-PF-KH-CNM-GENRE,Cambodia,Full,RandomForest,5,1,0.9910386790366417,1
2877,RCN08757,1207-PF-KH-CNM-GENRE,Cambodia,Full,RandomForest,5,1,0.9910386790366417,1
2878,RCN08758,1207-PF-KH-CNM-GENRE,Cambodia,Full,RandomForest,5,1,0.9899925302230453,1
2879,RCN08759,1207-PF-KH-CNM-GENRE,Cambodia,Full,RandomForest,5,1,0.9910386790366417,1
2880,RCN08761,1207-PF-KH-CNM-GENRE,Cambodia,Full,RandomForest,5,1,0.9945343001993178,1
2881,RCN08762,1207-PF-KH-CNM-GENRE,Cambodia,Full,RandomForest,5,1,0.9812525573776761,1
2882,RCN08763,1207-PF-KH-CNM-GENRE,Cambodia,Full,RandomForest,5,1,0.9945343001993178,1
2883,RCN08764,1207-PF-KH-CNM-GENRE,Cambodia,Full,RandomForest,5,1,0.9910386790366417,1
2884,RCN08765,1207-PF-KH-CNM-GENRE,Cambodia,Full,RandomForest,5,1,0.9910386790366417,1
2885,RCN08766,1207-PF-KH-CNM-GENRE,Cambodia,Full,RandomForest,5,1,0.9847321710631947,1
2886,RCN08767,1207-PF-KH-CNM-GENRE,Cambodia,Full,RandomForest,5,1,0.9982744012966863,1
2887,RCN08768,1207-PF-KH-CNM-GENRE,Cambodia,Full,RandomForest,5,1,0.9512245298185996,1
2888,RCN08769,1207-PF-KH-CNM-GENRE,Cambodia,Full,RandomForest,5,1,0.9950732947796362,1
2889,RCN08770,1207-PF-KH-CNM-GENRE,Cambodia,Full,RandomForest,5,1,0.9282968288453265,1
2890,RCN08771,1207-PF-KH-CNM-GENRE,Cambodia,Full,RandomForest,5,1,0.9816503344554238,1
2891,RCN08772,1207-PF-KH-CNM-GENRE,Cambodia,Full,RandomForest,5,0,0.010886543962753301,0
2892,RCN08773,1207-PF-KH-CNM-GENRE,Cambodia,Full,RandomForest,5,0,0.4948185962198076,0
2893,RCN08774,1207-PF-KH-CNM-GENRE,Cambodia,Full,RandomForest,5,0,0.11778623030372268,0
2894,RCN08775,1207-PF-KH-CNM-GENRE,Cambodia,Full,RandomForest,5,1,0.9981696375160892,1
2895,RCN08776,1207-PF-KH-CNM-GENRE,Cambodia,Full,RandomForest,5,1,0.9718430722357694,1
2896,RCN08777,1207-PF-KH-CNM-GENRE,Cambodia,Full,RandomForest,5,1,0.8315559576446497,1
2897,RCN08778,1207-PF-KH-CNM-GENRE,Cambodia,Full,RandomForest,5,1,0.9888657349879173,1
2898,RCN08779,1207-PF-KH-CNM-GENRE,Cambodia,Full,RandomForest,5,1,0.9982744012966863,1
2899,RCN08780,1207-PF-KH-CNM-GENRE,Cambodia,Full,RandomForest,5,1,0.9945343001993178,1
2900,RCN08781,1207-PF-KH-CNM-GENRE,Cambodia,Full,RandomForest,5,1,0.9745968897093162,1
2901,RCN08782,1207-PF-KH-CNM-GENRE,Cambodia,Full,RandomForest,5,0,0.16473774832734997,0
2902,RCN08783,1207-PF-KH-CNM-GENRE,Cambodia,Full,RandomForest,5,1,0.9678773941911031,1
2903,RCN08784,1207-PF-KH-CNM-GENRE,Cambodia,Full,RandomForest,5,1,0.9921764008148586,1
3161,RCN09292,1198-PF-METF-NOSTEN,Myanmar,Full,RandomForest,5,0,0.47453725650337636,0
3162,RCN09293,1198-PF-METF-NOSTEN,Myanmar,Full,RandomForest,5,1,0.30658442520084583,0
3163,RCN09295,1198-PF-METF-NOSTEN,Myanmar,Full,RandomForest,5,0,0.29301191989286063,0
3164,RCN09296,1198-PF-METF-NOSTEN,Myanmar,Full,RandomForest,5,1,0.3755247619459201,0
3165,RCN09299,1198-PF-METF-NOSTEN,Myanmar,Full,RandomForest,5,0,0.25205404277912413,0
3166,RCN09301,1198-PF-METF-NOSTEN,Myanmar,Full,RandomForest,5,1,0.294407936744958,0
3167,RCN09302,1198-PF-METF-NOSTEN,Myanmar,Full,RandomForest,5,1,0.29194854168682166,0
3168,RCN09303,1198-PF-METF-NOSTEN,Myanmar,Full,RandomForest,5,0,0.3394096044686087,0
3169,RCN09305,1198-PF-METF-NOSTEN,Myanmar,Full,RandomForest,5,0,0.5891476347165052,1
3170,RCN09306,1198-PF-METF-NOSTEN,Myanmar,Full,RandomForest,5,1,0.2713449532783358,0
3171,RCN09308,1198-PF-METF-NOSTEN,Myanmar,Full,RandomForest,5,0,0.30945681042834566,0
3172,RCN09309,1198-PF-METF-NOSTEN,Myanmar,Full,RandomForest,5,0,0.4161014573674064,0
3173,RCN09310,1198-PF-METF-NOSTEN,Myanmar,Full,RandomForest,5,0,0.502285698928528,1
3174,RCN09312,1198-PF-METF-NOSTEN,Myanmar,Full,RandomForest,5,1,0.38349204761695377,0
3175,RCN09313,1198-PF-METF-NOSTEN,Myanmar,Full,RandomForest,5,1,0.3133587224910945,0
3176,RCN09314,1198-PF-METF-NOSTEN,Myanmar,Full,RandomForest,5,1,0.4097339358531119,0
3177,RCN09315,1198-PF-METF-NOSTEN,Myanmar,Full,RandomForest,5,0,0.502285698928528,1
3178,RCN09316,1198-PF-METF-NOSTEN,Myanmar,Full,RandomForest,5,1,0.29194854168682166,0
3179,RCN09317,1198-PF-METF-NOSTEN,Myanmar,Full,RandomForest,5,1,0.29033796312947585,0
3180,RCN09318,1198-PF-METF-NOSTEN,Myanmar,Full,RandomForest,5,0,0.5070833874982805,1
3181,RCN09319,1198-PF-METF-NOSTEN,Myanmar,Full,RandomForest,5,1,0.30605467578495665,0
3182,RCN09320,1198-PF-METF-NOSTEN,Myanmar,Full,RandomForest,5,0,0.5017305216400294,1
3183,RCN09322,1198-PF-METF-NOSTEN,Myanmar,Full,RandomForest,5,0,0.4857211621964169,0
3184,RCN09324,1198-PF-METF-NOSTEN,Myanmar,Full,RandomForest,5,0,0.49633989851072935,0
3185,RCN09326,1198-PF-METF-NOSTEN,Myanmar,Full,RandomForest,5,1,0.29033796312947585,0
3186,RCN09329,1198-PF-METF-NOSTEN,Myanmar,Full,RandomForest,5,1,0.3035363204482166,0
3187,RCN09330,1198-PF-METF-NOSTEN,Myanmar,Full,RandomForest,5,1,0.27406305799778397,0
3188,RCN09331,1198-PF-METF-NOSTEN,Myanmar,Full,RandomForest,5,0,0.34629609213360074,0
3189,RCN09332,1198-PF-METF-NOSTEN,Myanmar,Full,RandomForest,5,0,0.42271242894965255,0
3190,RCN09333,1198-PF-METF-NOSTEN,Myanmar,Full,RandomForest,5,0,0.19942166249007687,0
3191,RCN09334,1198-PF-METF-NOSTEN,Myanmar,Full,RandomForest,5,1,0.2365414533217327,0
3192,RCN09337,1198-PF-METF-NOSTEN,Myanmar,Full,RandomForest,5,1,0.49955104574875053,0
3193,RCN09338,1198-PF-METF-NOSTEN,Myanmar,Full,RandomForest,5,0,0.24846045713911533,0
3194,RCN09339,1198-PF-METF-NOSTEN,Myanmar,Full,RandomForest,5,1,0.5224446279442652,1
3195,RCN09340,1198-PF-METF-NOSTEN,Myanmar,Full,RandomForest,5,1,0.36843161963253107,0
3196,RCN09341,1198-PF-METF-NOSTEN,Myanmar,Full,RandomForest,5,0,0.31904927480070433,0
3197,RCN09342,1198-PF-METF-NOSTEN,Myanmar,Full,RandomForest,5,1,0.47644733488384367,0
3198,RCN09344,1198-PF-METF-NOSTEN,Myanmar,Full,RandomForest,5,0,0.43125471735379983,0
3199,RCN09347,1198-PF-METF-NOSTEN,Myanmar,Full,RandomForest,5,1,0.49466643607638033,0
3200,RCN09348,1198-PF-METF-NOSTEN,Myanmar,Full,RandomForest,5,1,0.3003225867495594,0
3201,RCN09350,1198-PF-METF-NOSTEN,Myanmar,Full,RandomForest,5,0,0.563986150566064,1
3202,RCN09360,1198-PF-METF-NOSTEN,Myanmar,Full,RandomForest,5,1,0.4826221614558079,0
3203,RCN09362,1198-PF-METF-NOSTEN,Myanmar,Full,RandomForest,5,1,0.2852832119819331,0
3204,RCN09363,1198-PF-METF-NOSTEN,Myanmar,Full,RandomForest,5,1,0.2713449532783358,0
3205,RCN09364,1198-PF-METF-NOSTEN,Myanmar,Full,RandomForest,5,1,0.2713449532783358,0
3206,RCN09365,1198-PF-METF-NOSTEN,Myanmar,Full,RandomForest,5,0,0.25205404277912413,0
3207,RCN09368,1198-PF-METF-NOSTEN,Myanmar,Full,RandomForest,5,0,0.24557996876031407,0
3208,RCN09369,1198-PF-METF-NOSTEN,Myanmar,Full,RandomForest,5,1,0.5207107883951813,1
3209,RCN09370,1198-PF-METF-NOSTEN,Myanmar,Full,RandomForest,5,1,0.4373485432323283,0
3210,RCN09375,1198-PF-METF-NOSTEN,Myanmar,Full,RandomForest,5,0,0.46377252854956647,0
3211,RCN09378,1198-PF-METF-NOSTEN,Myanmar,Full,RandomForest,5,1,0.5547376514149776,1
3212,RCN09382,1198-PF-METF-NOSTEN,Myanmar,Full,RandomForest,5,1,0.48655398378916326,0
3213,RCN09385,1198-PF-METF-NOSTEN,Myanmar,Full,RandomForest,5,1,0.4826221614558079,0
3214,RCN09386,1198-PF-METF-NOSTEN,Myanmar,Full,RandomForest,5,1,0.48535635618398265,0
3215,RCN09387,1198-PF-METF-NOSTEN,Myanmar,Full,RandomForest,5,0,0.25822612950551255,0
3216,RCN09388,1198-PF-METF-NOSTEN,Myanmar,Full,RandomForest,5,1,0.41433765702155445,0
3217,RCN09390,1198-PF-METF-NOSTEN,Myanmar,Full,RandomForest,5,0,0.3988557957882839,0
3218,RCN09391,1198-PF-METF-NOSTEN,Myanmar,Full,RandomForest,5,0,0.28792551196504096,0
3219,RCN09394,1198-PF-METF-NOSTEN,Myanmar,Full,RandomForest,5,1,0.492150599350552,0
3220,RCN09399,1198-PF-METF-NOSTEN,Myanmar,Full,RandomForest,5,1,0.2985099596280001,0
3221,RCN09400,1198-PF-METF-NOSTEN,Myanmar,Full,RandomForest,5,0,0.5532244865253478,1
3222,RCN09401,1198-PF-METF-NOSTEN,Myanmar,Full,RandomForest,5,0,0.5626672060054128,1
3223,RCN09402,1198-PF-METF-NOSTEN,Myanmar,Full,RandomForest,5,1,0.3035363204482166,0
3224,RCN09403,1198-PF-METF-NOSTEN,Myanmar,Full,RandomForest,5,0,0.3176734703508845,0
3225,RCN09412,1198-PF-METF-NOSTEN,Myanmar,Full,RandomForest,5,0,0.29301191989286063,0
3226,RCN09413,1198-PF-METF-NOSTEN,Myanmar,Full,RandomForest,5,0,0.34721548098940913,0
3227,RCN09415,1198-PF-METF-NOSTEN,Myanmar,Full,RandomForest,5,0,0.36566010715858455,0
3228,RCN09416,1198-PF-METF-NOSTEN,Myanmar,Full,RandomForest,5,1,0.5286618675071008,1
3229,RCN09418,1198-PF-METF-NOSTEN,Myanmar,Full,RandomForest,5,1,0.44593549343623756,0
3230,RCN09419,1198-PF-METF-NOSTEN,Myanmar,Full,RandomForest,5,1,0.4373485432323283,0
3231,RCN09420,1198-PF-METF-NOSTEN,Myanmar,Full,RandomForest,5,0,0.3733588844746526,0
3232,RCN09421,1198-PF-METF-NOSTEN,Myanmar,Full,RandomForest,5,0,0.4362523323454386,0
3233,RCN09423,1198-PF-METF-NOSTEN,Myanmar,Full,RandomForest,5,0,0.24290914758740922,0
3234,RCN09424,1198-PF-METF-NOSTEN,Myanmar,Full,RandomForest,5,0,0.3005011889822593,0
3235,RCN09425,1198-PF-METF-NOSTEN,Myanmar,Full,RandomForest,5,0,0.24290914758740922,0
3236,RCN09426,1198-PF-METF-NOSTEN,Myanmar,Full,RandomForest,5,0,0.2674886755617443,0
3237,RCN09427,1198-PF-METF-NOSTEN,Myanmar,Full,RandomForest,5,0,0.24046919136412104,0
3238,RCN09428,1198-PF-METF-NOSTEN,Myanmar,Full,RandomForest,5,0,0.27354517562565844,0
3239,RCN09433,1198-PF-METF-NOSTEN,Myanmar,Full,RandomForest,5,0,0.2718792081047578,0
3240,RCN09435,1198-PF-METF-NOSTEN,Myanmar,Full,RandomForest,5,1,0.5701485649895583,1
3241,RCN09436,1198-PF-METF-NOSTEN,Myanmar,Full,RandomForest,5,1,0.28755199248117325,0
3242,RCN09439,1198-PF-METF-NOSTEN,Myanmar,Full,RandomForest,5,1,0.44593549343623756,0
3243,RCN09440,1198-PF-METF-NOSTEN,Myanmar,Full,RandomForest,5,0,0.3993967507192185,0
3244,RCN09441,1198-PF-METF-NOSTEN,Myanmar,Full,RandomForest,5,0,0.6879722454604176,1
3245,RCN09443,1198-PF-METF-NOSTEN,Myanmar,Full,RandomForest,5,0,0.24046919136412104,0
3246,RCN09446,1198-PF-METF-NOSTEN,Myanmar,Full,RandomForest,5,0,0.3993967507192185,0
3247,RCN09451,1198-PF-METF-NOSTEN,Myanmar,Full,RandomForest,5,0,0.250372128927238,0
3248,RCN09454,1198-PF-METF-NOSTEN,Myanmar,Full,RandomForest,5,1,0.5080169739467632,1
3249,RCN09458,1198-PF-METF-NOSTEN,Myanmar,Full,RandomForest,5,0,0.49323439079558107,0
3250,RCN09460,1198-PF-METF-NOSTEN,Myanmar,Full,RandomForest,5,0,0.18280443033251367,0
3251,RCN09462,1198-PF-METF-NOSTEN,Myanmar,Full,RandomForest,5,0,0.40129365224673863,0
3252,RCN09463,1198-PF-METF-NOSTEN,Myanmar,Full,RandomForest,5,0,0.24552673443152048,0
3253,RCN09464,1198-PF-METF-NOSTEN,Myanmar,Full,RandomForest,5,0,0.2956245254413766,0
3254,RCN09466,1198-PF-METF-NOSTEN,Myanmar,Full,RandomForest,5,1,0.32471314548320274,0
3255,RCN09467,1198-PF-METF-NOSTEN,Myanmar,Full,RandomForest,5,1,0.4886099360124663,0
3256,RCN09472,1198-PF-METF-NOSTEN,Myanmar,Full,RandomForest,5,1,0.44593549343623756,0
3257,RCN09475,1198-PF-METF-NOSTEN,Myanmar,Full,RandomForest,5,0,0.29301191989286063,0
3258,RCN09477,1198-PF-METF-NOSTEN,Myanmar,Full,RandomForest,5,1,0.7928555161909604,1
3259,RCN09481,1198-PF-METF-NOSTEN,Myanmar,Full,RandomForest,5,0,0.30945681042834566,0
3260,RCN09483,1198-PF-METF-NOSTEN,Myanmar,Full,RandomForest,5,0,0.24552673443152048,0
3261,RCN09486,1198-PF-METF-NOSTEN,Myanmar,Full,RandomForest,5,1,0.3073916272220418,0
3262,RCN09487,1198-PF-METF-NOSTEN,Myanmar,Full,RandomForest,5,0,0.4181370497857586,0
3263,RCN09489,1198-PF-METF-NOSTEN,Myanmar,Full,RandomForest,5,1,0.5656923531861758,1
3264,RCN09490,1198-PF-METF-NOSTEN,Myanmar,Full,RandomForest,5,0,0.23377681792846172,0
3265,RCN09491,1198-PF-METF-NOSTEN,Myanmar,Full,RandomForest,5,0,0.3603444041765138,0
3266,RCN09492,1198-PF-METF-NOSTEN,Myanmar,Full,RandomForest,5,0,0.24552673443152048,0
3267,RCN09493,1198-PF-METF-NOSTEN,Myanmar,Full,RandomForest,5,1,0.22079962502209438,0
3268,RCN09494,1198-PF-METF-NOSTEN,Myanmar,Full,RandomForest,5,1,0.4889422913013387,0
3269,RCN09495,1198-PF-METF-NOSTEN,Myanmar,Full,RandomForest,5,1,0.5163160450446137,1
3270,RCN09501,1198-PF-METF-NOSTEN,Myanmar,Full,RandomForest,5,1,0.5143058794264512,1
3271,RCN09503,1198-PF-METF-NOSTEN,Myanmar,Full,RandomForest,5,1,0.30335872249109447,0
3272,RCN09504,1198-PF-METF-NOSTEN,Myanmar,Full,RandomForest,5,1,0.2965647789055986,0
3273,RCN09505,1198-PF-METF-NOSTEN,Myanmar,Full,RandomForest,5,1,0.29264897295553166,0
3274,RCN09506,1198-PF-METF-NOSTEN,Myanmar,Full,RandomForest,5,1,0.2750644436107823,0
3275,RCN09507,1198-PF-METF-NOSTEN,Myanmar,Full,RandomForest,5,1,0.4302249944783515,0
3276,RCN09509,1198-PF-METF-NOSTEN,Myanmar,Full,RandomForest,5,1,0.5156871669507129,1
3277,RCN09512,1198-PF-METF-NOSTEN,Myanmar,Full,RandomForest,5,0,0.24207976992146693,0
3278,RCN09515,1198-PF-METF-NOSTEN,Myanmar,Full,RandomForest,5,0,0.23377681792846172,0
3279,RCN09518,1198-PF-METF-NOSTEN,Myanmar,Full,RandomForest,5,0,0.3075063689464998,0
3280,RCN09519,1198-PF-METF-NOSTEN,Myanmar,Full,RandomForest,5,0,0.17755578368370054,0
3281,RCN09520,1198-PF-METF-NOSTEN,Myanmar,Full,RandomForest,5,0,0.3993967507192185,0
3282,RCN09522,1198-PF-METF-NOSTEN,Myanmar,Full,RandomForest,5,0,0.24046919136412104,0
3283,RCN09524,1198-PF-METF-NOSTEN,Myanmar,Full,RandomForest,5,0,0.29301191989286063,0
3284,RCN09525,1198-PF-METF-NOSTEN,Myanmar,Full,RandomForest,5,1,0.5701485649895583,1
3285,RCN09526,1198-PF-METF-NOSTEN,Myanmar,Full,RandomForest,5,0,0.31830201086202037,0
3286,RCN09527,1198-PF-METF-NOSTEN,Myanmar,Full,RandomForest,5,1,0.22373832210587127,0
3287,RCN09532,1198-PF-METF-NOSTEN,Myanmar,Full,RandomForest,5,0,0.23459882567371523,0
3288,RCN09533,1198-PF-METF-NOSTEN,Myanmar,Full,RandomForest,5,0,0.24552673443152048,0
3289,RCN09534,1198-PF-METF-NOSTEN,Myanmar,Full,RandomForest,5,1,0.7633323716926048,1
3290,RCN09535,1198-PF-METF-NOSTEN,Myanmar,Full,RandomForest,5,1,0.5110353363808536,1
3291,RCN09536,1198-PF-METF-NOSTEN,Myanmar,Full,RandomForest,5,1,0.48723210436118025,0
3292,RCN09537,1198-PF-METF-NOSTEN,Myanmar,Full,RandomForest,5,1,0.4919959147161038,0
3293,RCN09539,1198-PF-METF-NOSTEN,Myanmar,Full,RandomForest,5,0,0.42888758916648156,0
3294,RCN09540,1198-PF-METF-NOSTEN,Myanmar,Full,RandomForest,5,1,0.5547376514149776,1
3295,RCN09541,1198-PF-METF-NOSTEN,Myanmar,Full,RandomForest,5,0,0.23459882567371523,0
3296,RCN09542,1198-PF-METF-NOSTEN,Myanmar,Full,RandomForest,5,1,0.2141925948528192,0
3297,RCN09544,1198-PF-METF-NOSTEN,Myanmar,Full,RandomForest,5,1,0.2985099596280001,0
3298,RCN09547,1198-PF-METF-NOSTEN,Myanmar,Full,RandomForest,5,1,0.49782700546165204,0
3299,RCN09549,1198-PF-METF-NOSTEN,Myanmar,Full,RandomForest,5,1,0.567711889443524,1
3300,RCN09550,1198-PF-METF-NOSTEN,Myanmar,Full,RandomForest,5,1,0.5679368421997316,1
3301,RCN09552,1198-PF-METF-NOSTEN,Myanmar,Full,RandomForest,5,0,0.32964242563353585,0
3302,RCN09554,1198-PF-METF-NOSTEN,Myanmar,Full,RandomForest,5,1,0.2242380424877735,0
3303,RCN09555,1198-PF-METF-NOSTEN,Myanmar,Full,RandomForest,5,1,0.5676121394676591,1
3304,RCN09559,1198-PF-METF-NOSTEN,Myanmar,Full,RandomForest,5,0,0.2506549724344379,0
3305,RCN09560,1198-PF-METF-NOSTEN,Myanmar,Full,RandomForest,5,0,0.5029163635543549,1
3306,RCN09561,1198-PF-METF-NOSTEN,Myanmar,Full,RandomForest,5,1,0.6150514590762911,1
3307,RCN09562,1198-PF-METF-NOSTEN,Myanmar,Full,RandomForest,5,0,0.2823207229999561,0
3308,RCN09565,1198-PF-METF-NOSTEN,Myanmar,Full,RandomForest,5,1,0.5768412393356726,1
3309,RCN09566,1198-PF-METF-NOSTEN,Myanmar,Full,RandomForest,5,0,0.49178587691342435,0
3310,RCN09567,1198-PF-METF-NOSTEN,Myanmar,Full,RandomForest,5,1,0.2365414533217327,0
3311,RCN09568,1198-PF-METF-NOSTEN,Myanmar,Full,RandomForest,5,1,0.5143550063162043,1
3312,RCN09569,1198-PF-METF-NOSTEN,Myanmar,Full,RandomForest,5,1,0.2893963587720475,0
3313,RCN09570,1198-PF-METF-NOSTEN,Myanmar,Full,RandomForest,5,1,0.5885397908937662,1
3314,RCN09571,1198-PF-METF-NOSTEN,Myanmar,Full,RandomForest,5,1,0.37381434122157026,0
3315,RCN09572,1198-PF-METF-NOSTEN,Myanmar,Full,RandomForest,5,1,0.2392900776768008,0
3316,RCN09574,1198-PF-METF-NOSTEN,Myanmar,Full,RandomForest,5,1,0.5653847546346348,1
3317,RCN09575,1198-PF-METF-NOSTEN,Myanmar,Full,RandomForest,5,1,0.30490408311906714,0
3318,RCN09577,1198-PF-METF-NOSTEN,Myanmar,Full,RandomForest,5,1,0.23785186704915018,0
3319,RCN09578,1198-PF-METF-NOSTEN,Myanmar,Full,RandomForest,5,1,0.5120692662130208,1
3320,RCN09580,1198-PF-METF-NOSTEN,Myanmar,Full,RandomForest,5,1,0.336278392230591,0
3321,RCN09581,1198-PF-METF-NOSTEN,Myanmar,Full,RandomForest,5,1,0.30490408311906714,0
3322,RCN09582,1198-PF-METF-NOSTEN,Myanmar,Full,RandomForest,5,1,0.2365414533217327,0
3323,RCN09584,1198-PF-METF-NOSTEN,Myanmar,Full,RandomForest,5,1,0.2365414533217327,0
3324,RCN09585,1198-PF-METF-NOSTEN,Myanmar,Full,RandomForest,5,1,0.5178590069235406,1
3325,RCN09586,1198-PF-METF-NOSTEN,Myanmar,Full,RandomForest,5,0,0.2589608850312068,0
3326,RCN09587,1198-PF-METF-NOSTEN,Myanmar,Full,RandomForest,5,1,0.22373832210587127,0
3327,RCN09588,1198-PF-METF-NOSTEN,Myanmar,Full,RandomForest,5,0,0.4246169925287714,0
3328,RCN09589,1198-PF-METF-NOSTEN,Myanmar,Full,RandomForest,5,1,0.22373832210587127,0
3329,RCN09590,1198-PF-METF-NOSTEN,Myanmar,Full,RandomForest,5,1,0.2246141400658698,0
3330,RCN09592,1198-PF-METF-NOSTEN,Myanmar,Full,RandomForest,5,1,0.29316693723982473,0
3331,RCN09594,1198-PF-METF-NOSTEN,Myanmar,Full,RandomForest,5,1,0.2852832119819331,0
3332,RCN09596,1198-PF-METF-NOSTEN,Myanmar,Full,RandomForest,5,0,0.24290914758740922,0
3333,RCN09597,1198-PF-METF-NOSTEN,Myanmar,Full,RandomForest,5,0,0.23550469359618245,0
3334,RCN09599,1198-PF-METF-NOSTEN,Myanmar,Full,RandomForest,5,0,0.38073676094398157,0
3335,RCN09600,1198-PF-METF-NOSTEN,Myanmar,Full,RandomForest,5,0,0.294834508697787,0
3336,RCN09602,1198-PF-METF-NOSTEN,Myanmar,Full,RandomForest,5,1,0.29194854168682166,0
3337,RCN09607,1198-PF-METF-NOSTEN,Myanmar,Full,RandomForest,5,1,0.41577295664930497,0
3338,RCN09610,1198-PF-METF-NOSTEN,Myanmar,Full,RandomForest,5,1,0.5653847546346348,1
3339,RCN09611,1198-PF-METF-NOSTEN,Myanmar,Full,RandomForest,5,1,0.21884065826464738,0
3340,RCN09613,1198-PF-METF-NOSTEN,Myanmar,Full,RandomForest,5,0,0.43125471735379983,0
3341,RCN09614,1198-PF-METF-NOSTEN,Myanmar,Full,RandomForest,5,0,0.42888758916648156,0
3342,RCN09615,1198-PF-METF-NOSTEN,Myanmar,Full,RandomForest,5,1,0.2852832119819331,0
3343,RCN09616,1198-PF-METF-NOSTEN,Myanmar,Full,RandomForest,5,1,0.2782579014471282,0
3344,RCN09617,1198-PF-METF-NOSTEN,Myanmar,Full,RandomForest,5,1,0.5047152065353228,1
3345,RCN09619,1198-PF-METF-NOSTEN,Myanmar,Full,RandomForest,5,1,0.2503183881142013,0
3346,RCN09621,1198-PF-METF-NOSTEN,Myanmar,Full,RandomForest,5,0,0.23377681792846172,0
3347,RCN09622,1198-PF-METF-NOSTEN,Myanmar,Full,RandomForest,5,0,0.38980829522770954,0
3348,RCN09624,1198-PF-METF-NOSTEN,Myanmar,Full,RandomForest,5,1,0.3128445385634023,0
3349,RCN09625,1198-PF-METF-NOSTEN,Myanmar,Full,RandomForest,5,1,0.21982793144574608,0
3350,RCN09628,1198-PF-METF-NOSTEN,Myanmar,Full,RandomForest,5,1,0.2965647789055986,0
3351,RCN09630,1198-PF-METF-NOSTEN,Myanmar,Full,RandomForest,5,1,0.4804761617543197,0
3352,RCN09631,1198-PF-METF-NOSTEN,Myanmar,Full,RandomForest,5,0,0.2924133873491156,0
3353,RCN09633,1198-PF-METF-NOSTEN,Myanmar,Full,RandomForest,5,0,0.547705302631122,1
3354,RCN09636,1198-PF-METF-NOSTEN,Myanmar,Full,RandomForest,5,1,0.22648694646093934,0
3355,RCN09637,1198-PF-METF-NOSTEN,Myanmar,Full,RandomForest,5,0,0.3931356275282034,0
3356,RCN09638,1198-PF-METF-NOSTEN,Myanmar,Full,RandomForest,5,1,0.34346986200651264,0
3357,RCN09639,1198-PF-METF-NOSTEN,Myanmar,Full,RandomForest,5,0,0.49624702186314584,0
3358,RCN09640,1198-PF-METF-NOSTEN,Myanmar,Full,RandomForest,5,0,0.24510366288273172,0
3359,RCN09641,1198-PF-METF-NOSTEN,Myanmar,Full,RandomForest,5,0,0.24552673443152048,0
3360,RCN09644,1198-PF-METF-NOSTEN,Myanmar,Full,RandomForest,5,1,0.29235884775402454,0
3361,RCN09647,1198-PF-METF-NOSTEN,Myanmar,Full,RandomForest,5,0,0.22373832210587127,0
3362,RCN09649,1198-PF-METF-NOSTEN,Myanmar,Full,RandomForest,5,0,0.38073676094398157,0
3363,RCN09652,1198-PF-METF-NOSTEN,Myanmar,Full,RandomForest,5,1,0.4827482943201409,0
3364,RCN09653,1198-PF-METF-NOSTEN,Myanmar,Full,RandomForest,5,1,0.3078665721010442,0
3365,RCN09654,1198-PF-METF-NOSTEN,Myanmar,Full,RandomForest,5,1,0.29235884775402454,0
3366,RCN09655,1198-PF-METF-NOSTEN,Myanmar,Full,RandomForest,5,1,0.5240874608602337,1
3367,RCN09656,1198-PF-METF-NOSTEN,Myanmar,Full,RandomForest,5,1,0.2392900776768008,0
3368,RCN09657,1198-PF-METF-NOSTEN,Myanmar,Full,RandomForest,5,1,0.3233821942847591,0
3369,RCN09658,1198-PF-METF-NOSTEN,Myanmar,Full,RandomForest,5,1,0.32471314548320274,0
3370,RCN09662,1198-PF-METF-NOSTEN,Myanmar,Full,RandomForest,5,0,0.4039904690080561,0
3371,RCN09663,1198-PF-METF-NOSTEN,Myanmar,Full,RandomForest,5,0,0.28773271483672713,0
3372,RCN09664,1198-PF-METF-NOSTEN,Myanmar,Full,RandomForest,5,0,0.3202860758994005,0
3373,RCN09666,1198-PF-METF-NOSTEN,Myanmar,Full,RandomForest,5,0,0.2995535055159927,0
3374,RCN09667,1198-PF-METF-NOSTEN,Myanmar,Full,RandomForest,5,1,0.5069206746010042,1
3375,RCN09668,1198-PF-METF-NOSTEN,Myanmar,Full,RandomForest,5,1,0.28968648397355456,0
3376,RCN09669,1198-PF-METF-NOSTEN,Myanmar,Full,RandomForest,5,0,0.2956245254413766,0
3377,RCN09670,1198-PF-METF-NOSTEN,Myanmar,Full,RandomForest,5,0,0.2993440157738231,0
3378,RCN09671,1198-PF-METF-NOSTEN,Myanmar,Full,RandomForest,5,1,0.28839497315904916,0
3379,RCN09673,1198-PF-METF-NOSTEN,Myanmar,Full,RandomForest,5,0,0.2536546829910392,0
3380,RCN09677,1198-PF-METF-NOSTEN,Myanmar,Full,RandomForest,5,1,0.31471314548320267,0
3381,RCN09678,1198-PF-METF-NOSTEN,Myanmar,Full,RandomForest,5,1,0.5354831383166146,1
3382,RCN09680,1198-PF-METF-NOSTEN,Myanmar,Full,RandomForest,5,0,0.2536546829910392,0
3383,RCN09681,1198-PF-METF-NOSTEN,Myanmar,Full,RandomForest,5,0,0.2993440157738231,0
3384,RCN09683,1198-PF-METF-NOSTEN,Myanmar,Full,RandomForest,5,0,0.38228283037406535,0
3385,RCN09684,1198-PF-METF-NOSTEN,Myanmar,Full,RandomForest,5,0,0.2956245254413766,0
3386,RCN09685,1198-PF-METF-NOSTEN,Myanmar,Full,RandomForest,5,0,0.18193649394849754,0
3387,RCN09687,1198-PF-METF-NOSTEN,Myanmar,Full,RandomForest,5,1,0.2392900776768008,0
3388,RCN09689,1198-PF-METF-NOSTEN,Myanmar,Full,RandomForest,5,1,0.2845895034991962,0
3389,RCN09690,1198-PF-METF-NOSTEN,Myanmar,Full,RandomForest,5,0,0.24810337343933309,0
3390,RCN09694,1198-PF-METF-NOSTEN,Myanmar,Full,RandomForest,5,1,0.3079729750429579,0
3391,RCN09695,1198-PF-METF-NOSTEN,Myanmar,Full,RandomForest,5,0,0.4894193585455053,0
3392,RCN09696,1198-PF-METF-NOSTEN,Myanmar,Full,RandomForest,5,1,0.7415189202982806,1
3393,RCN09699,1198-PF-METF-NOSTEN,Myanmar,Full,RandomForest,5,0,0.2690964851773645,0
3394,RCN09700,1198-PF-METF-NOSTEN,Myanmar,Full,RandomForest,5,1,0.5676121394676591,1
3395,RCN09701,1198-PF-METF-NOSTEN,Myanmar,Full,RandomForest,5,0,0.2956245254413766,0
3396,RCN09702,1198-PF-METF-NOSTEN,Myanmar,Full,RandomForest,5,0,0.28300705074849064,0
3397,RCN09703,1198-PF-METF-NOSTEN,Myanmar,Full,RandomForest,5,1,0.4579044065797141,0
3398,RCN09704,1198-PF-METF-NOSTEN,Myanmar,Full,RandomForest,5,1,0.5160689962977724,1
3399,RCN09705,1198-PF-METF-NOSTEN,Myanmar,Full,RandomForest,5,0,0.4751299559812653,0
3400,RCN09708,1198-PF-METF-NOSTEN,Myanmar,Full,RandomForest,5,0,0.2976266749076758,0
3401,RCN09709,1198-PF-METF-NOSTEN,Myanmar,Full,RandomForest,5,1,0.2308556625153158,0
3402,RCN09710,1198-PF-METF-NOSTEN,Myanmar,Full,RandomForest,5,1,0.5170245987229698,1
3403,RCN09711,1198-PF-METF-NOSTEN,Myanmar,Full,RandomForest,5,0,0.24846045713911533,0
3404,RCN09712,1198-PF-METF-NOSTEN,Myanmar,Full,RandomForest,5,1,0.28839497315904916,0
3405,RCN09713,1198-PF-METF-NOSTEN,Myanmar,Full,RandomForest,5,0,0.2956245254413766,0
3406,RCN09714,1198-PF-METF-NOSTEN,Myanmar,Full,RandomForest,5,0,0.26547647552820763,0
3407,RCN09715,1198-PF-METF-NOSTEN,Myanmar,Full,RandomForest,5,1,0.582123142572922,1
3408,RCN09716,1198-PF-METF-NOSTEN,Myanmar,Full,RandomForest,5,1,0.7324442806733057,1
3409,RCN09717,1198-PF-METF-NOSTEN,Myanmar,Full,RandomForest,5,0,0.24465033349229676,0
3410,RCN09718,1198-PF-METF-NOSTEN,Myanmar,Full,RandomForest,5,1,0.5338290012141875,1
3411,RCN09719,1198-PF-METF-NOSTEN,Myanmar,Full,RandomForest,5,0,0.26795949941820846,0
3412,RCN09720,1198-PF-METF-NOSTEN,Myanmar,Full,RandomForest,5,1,0.28977451930967374,0
3413,RCN09721,1198-PF-METF-NOSTEN,Myanmar,Full,RandomForest,5,0,0.3269292726414128,0
3414,RCN09722,1198-PF-METF-NOSTEN,Myanmar,Full,RandomForest,5,0,0.28977884370391516,0
3415,RCN09723,1198-PF-METF-NOSTEN,Myanmar,Full,RandomForest,5,0,0.3849656661910988,0
3416,RCN09725,1198-PF-METF-NOSTEN,Myanmar,Full,RandomForest,5,0,0.3849656661910988,0
3417,RCN09726,1198-PF-METF-NOSTEN,Myanmar,Full,RandomForest,5,1,0.5082985062522902,1
3418,RCN09728,1198-PF-METF-NOSTEN,Myanmar,Full,RandomForest,5,1,0.5676121394676591,1
3419,RCN09729,1198-PF-METF-NOSTEN,Myanmar,Full,RandomForest,5,1,0.2392900776768008,0
3420,RCN09734,1198-PF-METF-NOSTEN,Myanmar,Full,RandomForest,5,0,0.31792977032711484,0
3421,RCN09735,1198-PF-METF-NOSTEN,Myanmar,Full,RandomForest,5,1,0.2365414533217327,0
3422,RCN09736,1198-PF-METF-NOSTEN,Myanmar,Full,RandomForest,5,1,0.23164378948050882,0
3423,RCN09737,1198-PF-METF-NOSTEN,Myanmar,Full,RandomForest,5,0,0.2956245254413766,0
3424,RCN09738,1198-PF-METF-NOSTEN,Myanmar,Full,RandomForest,5,1,0.582123142572922,1
3425,RCN09740,1198-PF-METF-NOSTEN,Myanmar,Full,RandomForest,5,1,0.25827799494433856,0
3426,RCN09743,1198-PF-METF-NOSTEN,Myanmar,Full,RandomForest,5,0,0.49232013401086805,0
3427,RCN09744,1198-PF-METF-NOSTEN,Myanmar,Full,RandomForest,5,1,0.2365414533217327,0
3428,RCN09745,1198-PF-METF-NOSTEN,Myanmar,Full,RandomForest,5,1,0.49955104574875053,0
3429,RCN09746,1198-PF-METF-NOSTEN,Myanmar,Full,RandomForest,5,0,0.3805587256087646,0
3430,RCN09748,1198-PF-METF-NOSTEN,Myanmar,Full,RandomForest,5,0,0.29744711424630293,0
3431,RCN09749,1198-PF-METF-NOSTEN,Myanmar,Full,RandomForest,5,0,0.2730399851134505,0
3432,RCN09751,1198-PF-METF-NOSTEN,Myanmar,Full,RandomForest,5,1,0.29744711424630293,0
3433,RCN09753,1198-PF-METF-NOSTEN,Myanmar,Full,RandomForest,5,1,0.28977451930967374,0
3434,RCN09756,1198-PF-METF-NOSTEN,Myanmar,Full,RandomForest,5,1,0.23924508395796998,0
3435,RCN09757,1198-PF-METF-NOSTEN,Myanmar,Full,RandomForest,5,0,0.2536546829910392,0
3436,RCN09759,1198-PF-METF-NOSTEN,Myanmar,Full,RandomForest,5,0,0.5309926826178895,1
3437,RCN09760,1198-PF-METF-NOSTEN,Myanmar,Full,RandomForest,5,1,0.2719915382714563,0
3438,RCN09761,1198-PF-METF-NOSTEN,Myanmar,Full,RandomForest,5,0,0.2956245254413766,0
3439,RCN09763,1198-PF-METF-NOSTEN,Myanmar,Full,RandomForest,5,0,0.2956245254413766,0
3440,RCN09764,1198-PF-METF-NOSTEN,Myanmar,Full,RandomForest,5,0,0.2956245254413766,0
3441,RCN09765,1198-PF-METF-NOSTEN,Myanmar,Full,RandomForest,5,0,0.2536546829910392,0
3442,RCN09767,1198-PF-METF-NOSTEN,Myanmar,Full,RandomForest,5,0,0.40541822870343447,0
3443,RCN09768,1198-PF-METF-NOSTEN,Myanmar,Full,RandomForest,5,0,0.2802327753772476,0
3444,RCN09771,1198-PF-METF-NOSTEN,Myanmar,Full,RandomForest,5,0,0.2893963587720475,0
3445,RCN09772,1198-PF-METF-NOSTEN,Myanmar,Full,RandomForest,5,0,0.3045438799645227,0
3446,RCN09773,1198-PF-METF-NOSTEN,Myanmar,Full,RandomForest,5,0,0.25793854946797956,0
3447,RCN09774,1198-PF-METF-NOSTEN,Myanmar,Full,RandomForest,5,1,0.30507307437198017,0
3448,RCN09776,1198-PF-METF-NOSTEN,Myanmar,Full,RandomForest,5,1,0.34497858455602454,0
3449,RCN09777,1198-PF-METF-NOSTEN,Myanmar,Full,RandomForest,5,0,0.5190865929952466,1
3450,RCN09780,1198-PF-METF-NOSTEN,Myanmar,Full,RandomForest,5,1,0.2258486210451193,0
3451,RCN09782,1198-PF-METF-NOSTEN,Myanmar,Full,RandomForest,5,0,0.27358545182463745,0
3452,RCN09783,1198-PF-METF-NOSTEN,Myanmar,Full,RandomForest,5,1,0.5744262216548014,1
3453,RCN09784,1198-PF-METF-NOSTEN,Myanmar,Full,RandomForest,5,0,0.27358545182463745,0
3454,RCN09785,1198-PF-METF-NOSTEN,Myanmar,Full,RandomForest,5,0,0.2536546829910392,0
3455,RCN09786,1198-PF-METF-NOSTEN,Myanmar,Full,RandomForest,5,0,0.2536546829910392,0
3456,RCN09787,1198-PF-METF-NOSTEN,Myanmar,Full,RandomForest,5,1,0.5338290012141875,1
3457,RCN09788,1198-PF-METF-NOSTEN,Myanmar,Full,RandomForest,5,1,0.5885397908937662,1
3458,RCN09791,1198-PF-METF-NOSTEN,Myanmar,Full,RandomForest,5,0,0.49178587691342435,0
3459,RCN09792,1198-PF-METF-NOSTEN,Myanmar,Full,RandomForest,5,1,0.5929196435775735,1
3460,RCN09793,1198-PF-METF-NOSTEN,Myanmar,Full,RandomForest,5,0,0.4134390179386597,0
3461,RCN09794,1198-PF-METF-NOSTEN,Myanmar,Full,RandomForest,5,0,0.7945536621920855,1
3462,RCN09796,1198-PF-METF-NOSTEN,Myanmar,Full,RandomForest,5,0,0.3105710717181955,0
3463,RCN09798,1198-PF-METF-NOSTEN,Myanmar,Full,RandomForest,5,1,0.5160689962977724,1
3464,RCN09800,1198-PF-METF-NOSTEN,Myanmar,Full,RandomForest,5,1,0.4707470684225649,0
3465,RCN09805,1198-PF-METF-NOSTEN,Myanmar,Full,RandomForest,5,0,0.2868305178566673,0
3466,RCN09809,1198-PF-METF-NOSTEN,Myanmar,Full,RandomForest,5,1,0.28977451930967374,0
3467,RCN09811,1198-PF-METF-NOSTEN,Myanmar,Full,RandomForest,5,1,0.2956245254413766,0
3468,RCN09812,1198-PF-METF-NOSTEN,Myanmar,Full,RandomForest,5,1,0.4778860042588973,0
3469,RCN09813,1198-PF-METF-NOSTEN,Myanmar,Full,RandomForest,5,0,0.46680855481657085,0
3470,RCN09816,1198-PF-METF-NOSTEN,Myanmar,Full,RandomForest,5,1,0.27395755882685174,0
3471,RCN09818,1198-PF-METF-NOSTEN,Myanmar,Full,RandomForest,5,1,0.22869169060568173,0
3472,RCN09819,1198-PF-METF-NOSTEN,Myanmar,Full,RandomForest,5,0,0.24602050091582714,0
3473,RCN09820,1198-PF-METF-NOSTEN,Myanmar,Full,RandomForest,5,0,0.2956245254413766,0
3474,RCN09823,1198-PF-METF-NOSTEN,Myanmar,Full,RandomForest,5,1,0.5676121394676591,1
3475,RCN09825,1198-PF-METF-NOSTEN,Myanmar,Full,RandomForest,5,0,0.38046024156913893,0
3476,RCN09826,1198-PF-METF-NOSTEN,Myanmar,Full,RandomForest,5,1,0.5094727621661012,1
3477,RCN09827,1198-PF-METF-NOSTEN,Myanmar,Full,RandomForest,5,0,0.4684363829080962,0
3478,RCN09828,1198-PF-METF-NOSTEN,Myanmar,Full,RandomForest,5,1,0.3166784811309493,0
3479,RCN09829,1198-PF-METF-NOSTEN,Myanmar,Full,RandomForest,5,1,0.5281726022409569,1
3480,RCN09832,1198-PF-METF-NOSTEN,Myanmar,Full,RandomForest,5,1,0.31282317435712415,0
3481,RCN09834,1198-PF-METF-NOSTEN,Myanmar,Full,RandomForest,5,0,0.24602050091582714,0
3482,RCN09835,1198-PF-METF-NOSTEN,Myanmar,Full,RandomForest,5,1,0.2258486210451193,0
3483,RCN09836,1198-PF-METF-NOSTEN,Myanmar,Full,RandomForest,5,1,0.30490408311906714,0
3484,RCN09837,1198-PF-METF-NOSTEN,Myanmar,Full,RandomForest,5,1,0.4691025939910098,0
3485,RCN09839,1198-PF-METF-NOSTEN,Myanmar,Full,RandomForest,5,1,0.2993440157738231,0
3486,RCN09842,1198-PF-METF-NOSTEN,Myanmar,Full,RandomForest,5,1,0.2365414533217327,0
3487,RCN09845,1198-PF-METF-NOSTEN,Myanmar,Full,RandomForest,5,1,0.3174090987770648,0
3488,RCN09847,1198-PF-METF-NOSTEN,Myanmar,Full,RandomForest,5,1,0.4904138265614955,0
3489,RCN09850,1198-PF-METF-NOSTEN,Myanmar,Full,RandomForest,5,1,0.2993440157738231,0
3490,RCN09851,1198-PF-METF-NOSTEN,Myanmar,Full,RandomForest,5,0,0.29908954008391164,0
3491,RCN09852,1198-PF-METF-NOSTEN,Myanmar,Full,RandomForest,5,1,0.24061792010268898,0
3492,RCN09853,1198-PF-METF-NOSTEN,Myanmar,Full,RandomForest,5,0,0.4158127130488497,0
3493,RCN09854,1198-PF-METF-NOSTEN,Myanmar,Full,RandomForest,5,1,0.49559982825293575,0
3494,RCN09855,1198-PF-METF-NOSTEN,Myanmar,Full,RandomForest,5,1,0.23924508395796998,0
3495,RCN09856,1198-PF-METF-NOSTEN,Myanmar,Full,RandomForest,5,0,0.2536546829910392,0
3496,RCN09857,1198-PF-METF-NOSTEN,Myanmar,Full,RandomForest,5,1,0.570059956026122,1
3497,RCN09863,1198-PF-METF-NOSTEN,Myanmar,Full,RandomForest,5,0,0.4203702907098629,0
3498,RCN09864,1198-PF-METF-NOSTEN,Myanmar,Full,RandomForest,5,1,0.5020042221525869,1
3499,RCN09865,1198-PF-METF-NOSTEN,Myanmar,Full,RandomForest,5,1,0.29301191989286063,0
3500,RCN09868,1198-PF-METF-NOSTEN,Myanmar,Full,RandomForest,5,1,0.6426060275219644,1
3501,RCN09874,1198-PF-METF-NOSTEN,Myanmar,Full,RandomForest,5,0,0.5131786470664899,1
3502,RCN09878,1198-PF-METF-NOSTEN,Myanmar,Full,RandomForest,5,0,0.2536546829910392,0
3503,RCN09880,1198-PF-METF-NOSTEN,Myanmar,Full,RandomForest,5,0,0.31282317435712415,0
3504,RCN09881,1198-PF-METF-NOSTEN,Myanmar,Full,RandomForest,5,1,0.24061792010268898,0
3505,RCN09884,1198-PF-METF-NOSTEN,Myanmar,Full,RandomForest,5,1,0.6279969135506803,1
3506,RCN09888,1198-PF-METF-NOSTEN,Myanmar,Full,RandomForest,5,0,0.408003126892171,0
3507,RCN09889,1198-PF-METF-NOSTEN,Myanmar,Full,RandomForest,5,0,0.29744711424630293,0
3508,RCN09890,1198-PF-METF-NOSTEN,Myanmar,Full,RandomForest,5,1,0.33979356874554706,0
3509,RCN09892,1198-PF-METF-NOSTEN,Myanmar,Full,RandomForest,5,0,0.2956245254413766,0
3510,RCN09893,1198-PF-METF-NOSTEN,Myanmar,Full,RandomForest,5,1,0.5069206746010042,1
3511,RCN09894,1198-PF-METF-NOSTEN,Myanmar,Full,RandomForest,5,1,0.6279969135506803,1
3512,RCN09895,1198-PF-METF-NOSTEN,Myanmar,Full,RandomForest,5,1,0.3130984118380377,0
3513,RCN09898,1198-PF-METF-NOSTEN,Myanmar,Full,RandomForest,5,1,0.29360228992362153,0
3514,RCN09899,1198-PF-METF-NOSTEN,Myanmar,Full,RandomForest,5,0,0.2823207229999561,0
3515,RCN09900,1198-PF-METF-NOSTEN,Myanmar,Full,RandomForest,5,1,0.7368482808967961,1
3516,RCN09901,1198-PF-METF-NOSTEN,Myanmar,Full,RandomForest,5,1,0.7408941405923432,1
3517,RCN09902,1198-PF-METF-NOSTEN,Myanmar,Full,RandomForest,5,1,0.7342370436894099,1
3518,RCN09904,1198-PF-METF-NOSTEN,Myanmar,Full,RandomForest,5,1,0.3550808225959498,0
3519,RCN09905,1198-PF-METF-NOSTEN,Myanmar,Full,RandomForest,5,1,0.33979356874554706,0
3520,RCN09906,1198-PF-METF-NOSTEN,Myanmar,Full,RandomForest,5,0,0.2692510102327138,0
3521,RCN09907,1198-PF-METF-NOSTEN,Myanmar,Full,RandomForest,5,0,0.2536546829910392,0
3522,RCN09908,1198-PF-METF-NOSTEN,Myanmar,Full,RandomForest,5,1,0.5707797859773508,1
3523,RCN09910,1198-PF-METF-NOSTEN,Myanmar,Full,RandomForest,5,0,0.2536546829910392,0
3524,RCN09911,1198-PF-METF-NOSTEN,Myanmar,Full,RandomForest,5,1,0.36508082259594987,0
3525,RCN09912,1198-PF-METF-NOSTEN,Myanmar,Full,RandomForest,5,0,0.2536546829910392,0
3526,RCN09913,1198-PF-METF-NOSTEN,Myanmar,Full,RandomForest,5,1,0.23164378948050882,0
3527,RCN09914,1198-PF-METF-NOSTEN,Myanmar,Full,RandomForest,5,0,0.2536546829910392,0
3528,RCN09915,1198-PF-METF-NOSTEN,Myanmar,Full,RandomForest,5,1,0.23952514818677176,0
3529,RCN09916,1198-PF-METF-NOSTEN,Myanmar,Full,RandomForest,5,1,0.24061792010268898,0
3530,RCN09919,1198-PF-METF-NOSTEN,Myanmar,Full,RandomForest,5,1,0.4852831594551494,0
3531,RCN09920,1198-PF-METF-NOSTEN,Myanmar,Full,RandomForest,5,1,0.34062103945519,0
3532,RCN09921,1198-PF-METF-NOSTEN,Myanmar,Full,RandomForest,5,1,0.24061792010268898,0
3533,RCN09922,1198-PF-METF-NOSTEN,Myanmar,Full,RandomForest,5,0,0.2589608850312068,0
3534,RCN09923,1198-PF-METF-NOSTEN,Myanmar,Full,RandomForest,5,1,0.6214148992018046,1
3535,RCN09924,1198-PF-METF-NOSTEN,Myanmar,Full,RandomForest,5,1,0.24061792010268898,0
3536,RCN09925,1198-PF-METF-NOSTEN,Myanmar,Full,RandomForest,5,0,0.23932812748016782,0
3537,RCN09926,1198-PF-METF-NOSTEN,Myanmar,Full,RandomForest,5,1,0.24061792010268898,0
3538,RCN09927,1198-PF-METF-NOSTEN,Myanmar,Full,RandomForest,5,1,0.23360275623795584,0
3539,RCN09928,1198-PF-METF-NOSTEN,Myanmar,Full,RandomForest,5,1,0.5828833919205355,1
3540,RCN09929,1198-PF-METF-NOSTEN,Myanmar,Full,RandomForest,5,0,0.4135971916788903,0
3541,RCN09930,1198-PF-METF-NOSTEN,Myanmar,Full,RandomForest,5,0,0.27382563172953955,0
3542,RCN09931,1198-PF-METF-NOSTEN,Myanmar,Full,RandomForest,5,0,0.2641540297583554,0
3543,RCN09932,1198-PF-METF-NOSTEN,Myanmar,Full,RandomForest,5,0,0.2961412148401605,0
3544,RCN09933,1198-PF-METF-NOSTEN,Myanmar,Full,RandomForest,5,0,0.25436155742338223,0
3545,RCN09934,1198-PF-METF-NOSTEN,Myanmar,Full,RandomForest,5,1,0.34062103945519,0
3546,RCN09935,1198-PF-METF-NOSTEN,Myanmar,Full,RandomForest,5,1,0.49332079266090867,0
3547,RCN09936,1198-PF-METF-NOSTEN,Myanmar,Full,RandomForest,5,1,0.45890506522975466,0
3548,RCN09939,1198-PF-METF-NOSTEN,Myanmar,Full,RandomForest,5,1,0.2258486210451193,0
3549,RCN09940,1198-PF-METF-NOSTEN,Myanmar,Full,RandomForest,5,0,0.23932812748016782,0
3550,RCN09941,1198-PF-METF-NOSTEN,Myanmar,Full,RandomForest,5,1,0.574932400646349,1
3551,RCN09942,1198-PF-METF-NOSTEN,Myanmar,Full,RandomForest,5,0,0.2536546829910392,0
3552,RCN09943,1198-PF-METF-NOSTEN,Myanmar,Full,RandomForest,5,1,0.24061792010268898,0
3553,RCN09944,1198-PF-METF-NOSTEN,Myanmar,Full,RandomForest,5,1,0.29980687135220047,0
3554,RCN09945,1198-PF-METF-NOSTEN,Myanmar,Full,RandomForest,5,0,0.2493198726624449,0
3555,RCN09946,1198-PF-METF-NOSTEN,Myanmar,Full,RandomForest,5,0,0.31282317435712415,0
3556,RCN09948,1198-PF-METF-NOSTEN,Myanmar,Full,RandomForest,5,1,0.3407002655399144,0
3557,RCN09950,1198-PF-METF-NOSTEN,Myanmar,Full,RandomForest,5,0,0.45448678229037826,0
3558,RCN09951,1198-PF-METF-NOSTEN,Myanmar,Full,RandomForest,5,1,0.45890506522975466,0
3559,RCN09952,1198-PF-METF-NOSTEN,Myanmar,Full,RandomForest,5,1,0.4691025939910098,0
3560,RCN09953,1198-PF-METF-NOSTEN,Myanmar,Full,RandomForest,5,1,0.4620140287696097,0
3561,RCN09954,1198-PF-METF-NOSTEN,Myanmar,Full,RandomForest,5,1,0.3040478729111883,0
3562,RCN09955,1198-PF-METF-NOSTEN,Myanmar,Full,RandomForest,5,0,0.24603665068444575,0
3563,RCN09956,1198-PF-METF-NOSTEN,Myanmar,Full,RandomForest,5,1,0.27298943249775914,0
3564,RCN09958,1198-PF-METF-NOSTEN,Myanmar,Full,RandomForest,5,0,0.4139217604233994,0
3565,RCN09959,1198-PF-METF-NOSTEN,Myanmar,Full,RandomForest,5,1,0.2365414533217327,0
3566,RCN09960,1198-PF-METF-NOSTEN,Myanmar,Full,RandomForest,5,1,0.24061792010268898,0
3567,RCN09961,1198-PF-METF-NOSTEN,Myanmar,Full,RandomForest,5,1,0.24061792010268898,0
3568,RCN09962,1198-PF-METF-NOSTEN,Myanmar,Full,RandomForest,5,1,0.45890506522975466,0
3569,RCN09963,1198-PF-METF-NOSTEN,Myanmar,Full,RandomForest,5,1,0.48086514279498593,0
3570,RCN09964,1198-PF-METF-NOSTEN,Myanmar,Full,RandomForest,5,1,0.4778860042588973,0
3571,RCN09965,1198-PF-METF-NOSTEN,Myanmar,Full,RandomForest,5,1,0.24061792010268898,0
3572,RCN09967,1198-PF-METF-NOSTEN,Myanmar,Full,RandomForest,5,1,0.23785186704915018,0
3573,RCN09969,1198-PF-METF-NOSTEN,Myanmar,Full,RandomForest,5,1,0.6279969135506803,1
3574,RCN09970,1198-PF-METF-NOSTEN,Myanmar,Full,RandomForest,5,1,0.44593549343623756,0
3575,RCN09973,1198-PF-METF-NOSTEN,Myanmar,Full,RandomForest,5,1,0.5143550063162043,1
3576,RCN09974,1198-PF-METF-NOSTEN,Myanmar,Full,RandomForest,5,1,0.4691025939910098,0
3577,RCN09978,1198-PF-METF-NOSTEN,Myanmar,Full,RandomForest,5,1,0.45890506522975466,0
3578,RCN09979,1198-PF-METF-NOSTEN,Myanmar,Full,RandomForest,5,1,0.30330296467892987,0
3579,RCN09986,1198-PF-METF-NOSTEN,Myanmar,Full,RandomForest,5,1,0.5116942144722594,1
3580,RCN09987,1198-PF-METF-NOSTEN,Myanmar,Full,RandomForest,5,1,0.2823207229999561,0
3581,RCN09988,1198-PF-METF-NOSTEN,Myanmar,Full,RandomForest,5,0,0.3189810867194414,0
3582,RCN09990,1198-PF-METF-NOSTEN,Myanmar,Full,RandomForest,5,1,0.2765443565350978,0
3583,RCN09992,1198-PF-METF-NOSTEN,Myanmar,Full,RandomForest,5,0,0.2993440157738231,0
3584,RCN09994,1198-PF-METF-NOSTEN,Myanmar,Full,RandomForest,5,0,0.4839474576172191,0
3585,RCN10000,1198-PF-METF-NOSTEN,Myanmar,Full,RandomForest,5,1,0.29301191989286063,0
3586,RCN10002,1198-PF-METF-NOSTEN,Myanmar,Full,RandomForest,5,1,0.3073916272220418,0
3587,RCN10003,1198-PF-METF-NOSTEN,Myanmar,Full,RandomForest,5,1,0.5722821166109433,1
3588,RCN10004,1198-PF-METF-NOSTEN,Myanmar,Full,RandomForest,5,1,0.5760897565092487,1
3589,RCN10006,1198-PF-METF-NOSTEN,Myanmar,Full,RandomForest,5,1,0.22648694646093934,0
3590,RCN10007,1198-PF-METF-NOSTEN,Myanmar,Full,RandomForest,5,1,0.3035363204482166,0
3591,RCN10008,1198-PF-METF-NOSTEN,Myanmar,Full,RandomForest,5,1,0.301692386121584,0
3592,RCN10009,1198-PF-METF-NOSTEN,Myanmar,Full,RandomForest,5,1,0.3726652338320347,0
3593,RCN10010,1198-PF-METF-NOSTEN,Myanmar,Full,RandomForest,5,0,0.24290914758740922,0
3594,RCN10011,1198-PF-METF-NOSTEN,Myanmar,Full,RandomForest,5,0,0.24603665068444575,0
3595,RCN10012,1198-PF-METF-NOSTEN,Myanmar,Full,RandomForest,5,1,0.29360228992362153,0
3596,RCN10014,1198-PF-METF-NOSTEN,Myanmar,Full,RandomForest,5,0,0.3902706840152546,0
3597,RCN10015,1198-PF-METF-NOSTEN,Myanmar,Full,RandomForest,5,0,0.23377681792846172,0
3598,RCN10016,1198-PF-METF-NOSTEN,Myanmar,Full,RandomForest,5,0,0.3618001219907795,0
3599,RCN10019,1198-PF-METF-NOSTEN,Myanmar,Full,RandomForest,5,1,0.30986438262010824,0
3600,RCN10021,1198-PF-METF-NOSTEN,Thailand,Full,RandomForest,5,1,0.032182230805133515,0
4556,RCN12435,1238-PF-VN-NIMPE-GENRE,Vietnam,Full,RandomForest,5,1,0.9947495147122097,1
4557,RCN12437,1238-PF-VN-NIMPE-GENRE,Vietnam,Full,RandomForest,5,0,0.6599473085507236,1
4558,RCN12438,1238-PF-VN-NIMPE-GENRE,Vietnam,Full,RandomForest,5,1,0.9985475732234597,1
4559,RCN12453,1238-PF-VN-NIMPE-GENRE,Vietnam,Full,RandomForest,5,1,0.9962870301448459,1
4560,RCN12454,1238-PF-VN-NIMPE-GENRE,Vietnam,Full,RandomForest,5,1,0.9981223468443288,1
4561,RCN12456,1238-PF-VN-NIMPE-GENRE,Vietnam,Full,RandomForest,5,1,0.9943245984821929,1
4562,RCN12458,1238-PF-VN-NIMPE-GENRE,Vietnam,Full,RandomForest,5,1,0.9982744012966863,1
4563,RCN12459,1238-PF-VN-NIMPE-GENRE,Vietnam,Full,RandomForest,5,1,0.9687991758593149,1
4564,RCN12461,1238-PF-VN-NIMPE-GENRE,Vietnam,Full,RandomForest,5,1,0.99693550381627,1
4565,RCN12462,1238-PF-VN-NIMPE-GENRE,Vietnam,Full,RandomForest,5,1,0.9845807651064766,1
4566,RCN12466,1238-PF-VN-NIMPE-GENRE,Vietnam,Full,RandomForest,5,1,0.9945343001993178,1
4567,RCN12468,1238-PF-VN-NIMPE-GENRE,Vietnam,Full,RandomForest,5,1,0.9979500308011998,1
4568,RCN12469,1238-PF-VN-NIMPE-GENRE,Vietnam,Full,RandomForest,5,1,0.9947495147122097,1
4569,RCN12476,1238-PF-VN-NIMPE-GENRE,Vietnam,Full,RandomForest,5,1,0.9945343001993178,1
4570,RCN12478,1238-PF-VN-NIMPE-GENRE,Vietnam,Full,RandomForest,5,1,0.9981223468443288,1
4571,RCN12479,1238-PF-VN-NIMPE-GENRE,Vietnam,Full,RandomForest,5,1,0.9583078202094087,1
4572,RCN12480,1238-PF-VN-NIMPE-GENRE,Vietnam,Full,RandomForest,5,1,0.8719761003570429,1
4573,RCN12481,1238-PF-VN-NIMPE-GENRE,Vietnam,Full,RandomForest,5,1,0.9837577349174619,1
4574,RCN12482,1238-PF-VN-NIMPE-GENRE,Vietnam,Full,RandomForest,5,1,0.9971439760019386,1
4575,RCN12483,1238-PF-VN-NIMPE-GENRE,Vietnam,Full,RandomForest,5,1,0.9583078202094087,1
4576,RCN12484,1238-PF-VN-NIMPE-GENRE,Vietnam,Full,RandomForest,5,1,0.7979634396855801,1
4577,RCN12485,1238-PF-VN-NIMPE-GENRE,Vietnam,Full,RandomForest,5,1,0.9943245984821929,1
4578,RCN12486,1238-PF-VN-NIMPE-GENRE,Vietnam,Full,RandomForest,5,1,0.9844524528916331,1
4579,RCN12489,1238-PF-VN-NIMPE-GENRE,Vietnam,Full,RandomForest,5,1,0.9981223468443288,1
4580,RCN12490,1238-PF-VN-NIMPE-GENRE,Vietnam,Full,RandomForest,5,1,0.9945343001993178,1
4581,RCN12493,1238-PF-VN-NIMPE-GENRE,Vietnam,Full,RandomForest,5,1,0.9860838515661042,1
4582,RCN12494,1238-PF-VN-NIMPE-GENRE,Vietnam,Full,RandomForest,5,1,0.9947495147122097,1
4583,RCN12495,1238-PF-VN-NIMPE-GENRE,Vietnam,Full,RandomForest,5,1,0.9943245984821929,1
4584,RCN12496,1238-PF-VN-NIMPE-GENRE,Vietnam,Full,RandomForest,5,1,0.9573569650449991,1
4585,RCN12497,1238-PF-VN-NIMPE-GENRE,Vietnam,Full,RandomForest,5,1,0.9944295364187207,1
4586,RCN12501,1238-PF-VN-NIMPE-GENRE,Vietnam,Full,RandomForest,5,0,0.31611148286663576,0
4587,RCN12504,1238-PF-VN-NIMPE-GENRE,Vietnam,Full,RandomForest,5,1,0.9945343001993178,1
4588,RCN12505,1238-PF-VN-NIMPE-GENRE,Vietnam,Full,RandomForest,5,1,0.9945343001993178,1
4589,RCN12506,1238-PF-VN-NIMPE-GENRE,Vietnam,Full,RandomForest,5,1,0.9981696375160892,1
4590,RCN12510,1238-PF-VN-NIMPE-GENRE,Vietnam,Full,RandomForest,5,1,0.9965997972461369,1
4591,RCN12511,1238-PF-VN-NIMPE-GENRE,Vietnam,Full,RandomForest,5,1,0.9985649062908507,1
4592,RCN12512,1238-PF-VN-NIMPE-GENRE,Vietnam,Full,RandomForest,5,1,0.9880998964891,1
4593,RCN12514,1238-PF-VN-NIMPE-GENRE,Vietnam,Full,RandomForest,5,1,0.9823714534543284,1
4594,RCN12520,1238-PF-VN-NIMPE-GENRE,Vietnam,Full,RandomForest,5,1,0.9985475732234597,1
4595,RCN12522,1238-PF-VN-NIMPE-GENRE,Vietnam,Full,RandomForest,5,1,0.9159230800443829,1
4596,RCN12528,1238-PF-VN-NIMPE-GENRE,Vietnam,Full,RandomForest,5,1,0.9985475732234597,1
4597,RCN12547,1238-PF-VN-NIMPE-GENRE,Vietnam,Full,RandomForest,5,1,0.9950732947796362,1
4598,RCN12548,1238-PF-VN-NIMPE-GENRE,Vietnam,Full,RandomForest,5,1,0.9965997972461369,1
4599,RCN12550,1238-PF-VN-NIMPE-GENRE,Vietnam,Full,RandomForest,5,1,0.9961027037962638,1
4600,RCN12553,1238-PF-VN-NIMPE-GENRE,Vietnam,Full,RandomForest,5,1,0.9905026464504272,1
4601,RCN12558,1238-PF-VN-NIMPE-GENRE,Vietnam,Full,RandomForest,5,1,0.987995132708503,1
4602,RCN12560,1238-PF-VN-NIMPE-GENRE,Vietnam,Full,RandomForest,5,1,0.8684647895270036,1
4603,RCN12562,1238-PF-VN-NIMPE-GENRE,Vietnam,Full,RandomForest,5,0,0.2099334876661595,0
4604,RCN12563,1238-PF-VN-NIMPE-GENRE,Vietnam,Full,RandomForest,5,1,0.9880998964891,1
4605,RCN12566,1238-PF-VN-NIMPE-GENRE,Vietnam,Full,RandomForest,5,1,0.9981480166942787,1
4606,RCN12567,1238-PF-VN-NIMPE-GENRE,Vietnam,Full,RandomForest,5,1,0.994445518622814,1
4607,RCN12569,1238-PF-VN-NIMPE-GENRE,Vietnam,Full,RandomForest,5,1,0.9982561771073049,1
4608,RCN12570,1238-PF-VN-NIMPE-GENRE,Vietnam,Full,RandomForest,5,1,0.9985475732234597,1
4609,RCN12571,1238-PF-VN-NIMPE-GENRE,Vietnam,Full,RandomForest,5,1,0.987995132708503,1
4610,RCN12574,1238-PF-VN-NIMPE-GENRE,Vietnam,Full,RandomForest,5,0,0.3613703810639578,0
4611,RCN12575,1238-PF-VN-NIMPE-GENRE,Vietnam,Full,RandomForest,5,1,0.993723237169628,1
4612,RCN12576,1238-PF-VN-NIMPE-GENRE,Vietnam,Full,RandomForest,5,1,0.9757654749766799,1
4613,RCN12577,1238-PF-VN-NIMPE-GENRE,Vietnam,Full,RandomForest,5,1,0.9944928264202109,1
4614,RCN12584,1238-PF-VN-NIMPE-GENRE,Vietnam,Full,RandomForest,5,1,0.9834050224612124,1
4615,RCN12586,1238-PF-VN-NIMPE-GENRE,Vietnam,Full,RandomForest,5,1,0.9594660458002986,1
4616,RCN12587,1238-PF-VN-NIMPE-GENRE,Vietnam,Full,RandomForest,5,1,0.9905026464504272,1
4617,RCN12590,1238-PF-VN-NIMPE-GENRE,Vietnam,Full,RandomForest,5,1,0.9185182298006098,1
4618,RCN12591,1238-PF-VN-NIMPE-GENRE,Vietnam,Full,RandomForest,5,1,0.7982185472916408,1
4619,RCN12592,1238-PF-VN-NIMPE-GENRE,Vietnam,Full,RandomForest,5,1,0.9982744012966863,1
4682,RCN12770,1238-PF-VN-NIMPE-GENRE,Vietnam,Full,RandomForest,5,1,0.811991814700285,1
4683,RCN12772,1238-PF-VN-NIMPE-GENRE,Vietnam,Full,RandomForest,5,1,0.9905026464504272,1
4684,RCN12773,1238-PF-VN-NIMPE-GENRE,Vietnam,Full,RandomForest,5,1,0.9952269730916308,1
4685,RCN12774,1238-PF-VN-NIMPE-GENRE,Vietnam,Full,RandomForest,5,1,0.9824762172349254,1
4686,RCN12775,1238-PF-VN-NIMPE-GENRE,Vietnam,Full,RandomForest,5,1,0.9939702693538637,1
4687,RCN12776,1238-PF-VN-NIMPE-GENRE,Vietnam,Full,RandomForest,5,1,0.9925182552763219,1
4688,RCN12780,1238-PF-VN-NIMPE-GENRE,Vietnam,Full,RandomForest,5,1,0.998634559453253,1
4689,RCN12781,1238-PF-VN-NIMPE-GENRE,Vietnam,Full,RandomForest,5,1,0.9984353919200187,1
4690,RCN12784,1238-PF-VN-NIMPE-GENRE,Vietnam,Full,RandomForest,5,1,0.8754757319856856,1
4691,RCN12785,1238-PF-VN-NIMPE-GENRE,Vietnam,Full,RandomForest,5,1,0.9875238442589951,1
4692,RCN12786,1238-PF-VN-NIMPE-GENRE,Vietnam,Full,RandomForest,5,1,0.8843685962629644,1
4693,RCN12787,1238-PF-VN-NIMPE-GENRE,Vietnam,Full,RandomForest,5,1,0.9834050224612124,1
4694,RCN12788,1238-PF-VN-NIMPE-GENRE,Vietnam,Full,RandomForest,5,1,0.9869344492801027,1
4695,RCN12789,1238-PF-VN-NIMPE-GENRE,Vietnam,Full,RandomForest,5,1,0.8168891937754108,1
4696,RCN12791,1238-PF-VN-NIMPE-GENRE,Vietnam,Full,RandomForest,5,1,0.9954902698911269,1
4697,RCN12792,1238-PF-VN-NIMPE-GENRE,Vietnam,Full,RandomForest,5,1,0.9982744012966863,1
4698,RCN12793,1238-PF-VN-NIMPE-GENRE,Vietnam,Full,RandomForest,5,1,0.9945343001993178,1
4699,RCN12794,1238-PF-VN-NIMPE-GENRE,Vietnam,Full,RandomForest,5,1,0.9945343001993178,1
4700,RCN12795,1238-PF-VN-NIMPE-GENRE,Vietnam,Full,RandomForest,5,1,0.9878484508527481,1
4701,RCN12796,1238-PF-VN-NIMPE-GENRE,Vietnam,Full,RandomForest,5,1,0.9572623555070784,1
4702,RCN12797,1238-PF-VN-NIMPE-GENRE,Vietnam,Full,RandomForest,5,1,0.9824762172349254,1
4703,RCN12798,1238-PF-VN-NIMPE-GENRE,Vietnam,Full,RandomForest,5,1,0.9563428216982726,1
4704,RCN12799,1238-PF-VN-NIMPE-GENRE,Vietnam,Full,RandomForest,5,1,0.9981480166942787,1
4705,RCN12800,1238-PF-VN-NIMPE-GENRE,Vietnam,Full,RandomForest,5,1,0.93716239535852,1
4706,RCN12801,1238-PF-VN-NIMPE-GENRE,Vietnam,Full,RandomForest,5,1,0.9982744012966863,1
4707,RCN12802,1238-PF-VN-NIMPE-GENRE,Vietnam,Full,RandomForest,5,1,0.9078914482972923,1
4708,RCN12803,1238-PF-VN-NIMPE-GENRE,Vietnam,Full,RandomForest,5,1,0.9205939325601966,1
4709,RCN12804,1238-PF-VN-NIMPE-GENRE,Vietnam,Full,RandomForest,5,1,0.8150050880253065,1
4710,RCN12806,1238-PF-VN-NIMPE-GENRE,Vietnam,Full,RandomForest,5,1,0.9926668554520947,1
4711,RCN12807,1238-PF-VN-NIMPE-GENRE,Vietnam,Full,RandomForest,5,1,0.7900271585948654,1
4712,RCN12808,1238-PF-VN-NIMPE-GENRE,Vietnam,Full,RandomForest,5,1,0.9945343001993178,1
4713,RCN12809,1238-PF-VN-NIMPE-GENRE,Vietnam,Full,RandomForest,5,1,0.9925182552763219,1
4714,RCN12810,1238-PF-VN-NIMPE-GENRE,Vietnam,Full,RandomForest,5,1,0.9981480166942787,1
4715,RCN12811,1238-PF-VN-NIMPE-GENRE,Vietnam,Full,RandomForest,5,1,0.9981696375160892,1
4716,RCN12813,1238-PF-VN-NIMPE-GENRE,Vietnam,Full,RandomForest,5,1,0.9981480166942787,1
4717,RCN12815,1238-PF-VN-NIMPE-GENRE,Vietnam,Full,RandomForest,5,1,0.9824762172349254,1
4718,RCN12816,1238-PF-VN-NIMPE-GENRE,Vietnam,Full,RandomForest,5,1,0.9563428216982726,1
4719,RCN12817,1238-PF-VN-NIMPE-GENRE,Vietnam,Full,RandomForest,5,1,0.9981480166942787,1
4720,RCN12818,1238-PF-VN-NIMPE-GENRE,Vietnam,Full,RandomForest,5,1,0.8150050880253065,1
4721,RCN12819,1238-PF-VN-NIMPE-GENRE,Vietnam,Full,RandomForest,5,1,0.9934063656762975,1
4722,RCN12820,1238-PF-VN-NIMPE-GENRE,Vietnam,Full,RandomForest,5,1,0.8857293578837907,1
4723,RCN12821,1238-PF-VN-NIMPE-GENRE,Vietnam,Full,RandomForest,5,1,0.8618456399222554,1
4724,RCN12822,1238-PF-VN-NIMPE-GENRE,Vietnam,Full,RandomForest,5,1,0.9981480166942787,1
4725,RCN12823,1238-PF-VN-NIMPE-GENRE,Vietnam,Full,RandomForest,5,1,0.811991814700285,1
4726,RCN12824,1238-PF-VN-NIMPE-GENRE,Vietnam,Full,RandomForest,5,1,0.9419616257352722,1
4727,RCN12826,1238-PF-VN-NIMPE-GENRE,Vietnam,Full,RandomForest,5,1,0.9876084769407788,1
4728,RCN12827,1238-PF-VN-NIMPE-GENRE,Vietnam,Full,RandomForest,5,1,0.9900950408563851,1
4729,RCN12828,1238-PF-VN-NIMPE-GENRE,Vietnam,Full,RandomForest,5,1,0.9939318631733145,1
4730,RCN12829,1238-PF-VN-NIMPE-GENRE,Vietnam,Full,RandomForest,5,1,0.9886337014577946,1
4731,RCN12830,1238-PF-VN-NIMPE-GENRE,Vietnam,Full,RandomForest,5,1,0.9940749455942676,1
4732,RCN12831,1238-PF-VN-NIMPE-GENRE,Vietnam,Full,RandomForest,5,1,0.4867827259852299,0
4733,RCN12832,1238-PF-VN-NIMPE-GENRE,Vietnam,Full,RandomForest,5,1,0.9982744012966863,1
4734,RCN12834,1238-PF-VN-NIMPE-GENRE,Vietnam,Full,RandomForest,5,1,0.9945343001993178,1
4735,RCN12835,1238-PF-VN-NIMPE-GENRE,Vietnam,Full,RandomForest,5,1,0.9913556521781708,1
4736,RCN12836,1238-PF-VN-NIMPE-GENRE,Vietnam,Full,RandomForest,5,1,0.9911117082812174,1
4737,RCN12837,1238-PF-VN-NIMPE-GENRE,Vietnam,Full,RandomForest,5,1,0.9801348424334597,1
4738,RCN12838,1238-PF-VN-NIMPE-GENRE,Vietnam,Full,RandomForest,5,1,0.9981869705834804,1
4739,RCN12839,1238-PF-VN-NIMPE-GENRE,Vietnam,Full,RandomForest,5,1,0.9939318631733145,1
4740,RCN12840,1238-PF-VN-NIMPE-GENRE,Vietnam,Full,RandomForest,5,1,0.9975074713546779,1
4741,RCN12841,1238-PF-VN-NIMPE-GENRE,Vietnam,Full,RandomForest,5,1,0.9965997972461369,1
4742,RCN12842,1238-PF-VN-NIMPE-GENRE,Vietnam,Full,RandomForest,5,1,0.9945343001993178,1
4743,RCN12843,1238-PF-VN-NIMPE-GENRE,Vietnam,Full,RandomForest,5,1,0.9981223468443288,1
4744,RCN12844,1238-PF-VN-NIMPE-GENRE,Vietnam,Full,RandomForest,5,1,0.724198972737932,1
4745,RCN12845,1238-PF-VN-NIMPE-GENRE,Vietnam,Full,RandomForest,5,1,0.9896680701342983,1
4746,RCN12846,1238-PF-VN-NIMPE-GENRE,Vietnam,Full,RandomForest,5,1,0.996100826601491,1
4747,RCN12847,1238-PF-VN-NIMPE-GENRE,Vietnam,Full,RandomForest,5,1,0.9982744012966863,1
4748,RCN12848,1238-PF-VN-NIMPE-GENRE,Vietnam,Full,RandomForest,5,1,0.9943072654148019,1
4749,RCN12849,1238-PF-VN-NIMPE-GENRE,Vietnam,Full,RandomForest,5,1,0.9867384882566522,1
4750,RCN12850,1238-PF-VN-NIMPE-GENRE,Vietnam,Full,RandomForest,5,1,0.8124091919332751,1
4751,RCN12851,1238-PF-VN-NIMPE-GENRE,Vietnam,Full,RandomForest,5,1,0.9956546567811297,1
4752,RCN12852,1238-PF-VN-NIMPE-GENRE,Vietnam,Full,RandomForest,5,0,0.683830753949431,1
4753,RCN12853,1238-PF-VN-NIMPE-GENRE,Vietnam,Full,RandomForest,5,1,0.9981223468443288,1
4754,RCN12854,1238-PF-VN-NIMPE-GENRE,Vietnam,Full,RandomForest,5,1,0.6371051790980554,1
4755,RCN12856,1238-PF-VN-NIMPE-GENRE,Vietnam,Full,RandomForest,5,1,0.9981223468443288,1
4756,RCN12857,1238-PF-VN-NIMPE-GENRE,Vietnam,Full,RandomForest,5,1,0.7665984047373713,1
4757,RCN12858,1238-PF-VN-NIMPE-GENRE,Vietnam,Full,RandomForest,5,1,0.9457238725660805,1
4758,RCN12859,1238-PF-VN-NIMPE-GENRE,Vietnam,Full,RandomForest,5,1,0.9952723875184857,1
4759,RCN12860,1238-PF-VN-NIMPE-GENRE,Vietnam,Full,RandomForest,5,1,0.9934063656762975,1
4760,RCN12862,1238-PF-VN-NIMPE-GENRE,Vietnam,Full,RandomForest,5,1,0.7153227633341901,1
4761,RCN12865,1238-PF-VN-NIMPE-GENRE,Vietnam,Full,RandomForest,5,1,0.8551772490427667,1
4762,RCN12867,1238-PF-VN-NIMPE-GENRE,Vietnam,Full,RandomForest,5,1,0.9982744012966863,1
4763,RCN12868,1238-PF-VN-NIMPE-GENRE,Vietnam,Full,RandomForest,5,1,0.9867384882566522,1
4764,RCN12869,1238-PF-VN-NIMPE-GENRE,Vietnam,Full,RandomForest,5,1,0.9430251910370877,1
4765,RCN12870,1238-PF-VN-NIMPE-GENRE,Vietnam,Full,RandomForest,5,1,0.9844524528916331,1
4766,RCN12871,1238-PF-VN-NIMPE-GENRE,Vietnam,Full,RandomForest,5,1,0.9981223468443288,1
4767,RCN12872,1238-PF-VN-NIMPE-GENRE,Vietnam,Full,RandomForest,5,1,0.41721974696277514,0
4768,RCN12873,1238-PF-VN-NIMPE-GENRE,Vietnam,Full,RandomForest,5,1,0.3692094904745705,0
4769,RCN12877,1238-PF-VN-NIMPE-GENRE,Vietnam,Full,RandomForest,5,1,0.9044694629423726,1
4770,RCN12878,1238-PF-VN-NIMPE-GENRE,Vietnam,Full,RandomForest,5,1,0.9981223468443288,1
4771,RCN12879,1238-PF-VN-NIMPE-GENRE,Vietnam,Full,RandomForest,5,1,0.996580912991817,1
4772,RCN12880,1238-PF-VN-NIMPE-GENRE,Vietnam,Full,RandomForest,5,1,0.9943072654148019,1
4773,RCN12881,1238-PF-VN-NIMPE-GENRE,Vietnam,Full,RandomForest,5,0,0.006269001609948533,0
4774,RCN12883,1238-PF-VN-NIMPE-GENRE,Vietnam,Full,RandomForest,5,1,0.99693550381627,1
4775,RCN12884,1238-PF-VN-NIMPE-GENRE,Vietnam,Full,RandomForest,5,1,0.544003546220985,1
4776,RCN12886,1238-PF-VN-NIMPE-GENRE,Vietnam,Full,RandomForest,5,0,0.005973852988855961,0
4777,RCN12888,1238-PF-VN-NIMPE-GENRE,Vietnam,Full,RandomForest,5,0,0.5585959421784543,1
4778,RCN12889,1238-PF-VN-NIMPE-GENRE,Vietnam,Full,RandomForest,5,1,0.969910326538482,1
4779,RCN12890,1238-PF-VN-NIMPE-GENRE,Vietnam,Full,RandomForest,5,1,0.9961624298572375,1
4780,RCN12891,1238-PF-VN-NIMPE-GENRE,Vietnam,Full,RandomForest,5,1,0.9943072654148019,1
4781,RCN12892,1238-PF-VN-NIMPE-GENRE,Vietnam,Full,RandomForest,5,1,0.9985475732234597,1
4782,RCN12893,1238-PF-VN-NIMPE-GENRE,Vietnam,Full,RandomForest,5,1,0.9981696375160892,1
4783,RCN12894,1238-PF-VN-NIMPE-GENRE,Vietnam,Full,RandomForest,5,0,0.006269001609948533,0
4784,RCN12895,1238-PF-VN-NIMPE-GENRE,Vietnam,Full,RandomForest,5,1,0.9975123142641432,1
4785,RCN12897,1238-PF-VN-NIMPE-GENRE,Vietnam,Full,RandomForest,5,1,0.9985475732234597,1
4786,RCN12900,1238-PF-VN-NIMPE-GENRE,Vietnam,Full,RandomForest,5,1,0.9867384882566522,1
4787,RCN12901,1238-PF-VN-NIMPE-GENRE,Vietnam,Full,RandomForest,5,1,0.9913556521781708,1
